mtllib ALLEX_Chest_Neck_Cover.mtl
v 0.042200002767331934 -0.0043309123188969845 0.22515163728104237
v 0.042200002767331934 -0.006766217076291381 0.22539216158445885
v 0.04219988832640853 -0.014723031743312798 0.2271797288080356
v 0.04219988832640853 -0.014723031743312798 0.2271797288080356
v 0.042200002767331934 0.005524509215494577 0.2252867691233983
v 0.042200002767331934 0.0032904633654408377 0.22509720917787124
v 0.042200002767331934 0.01280646194250279 0.22662829140391405
v 0.042200002767331934 0.009953331466410198 0.22595769811034383
v 0.04219988832640853 -0.014723031743312798 0.2271797288080356
v 0.042200002767331934 -0.009320186104000983 0.22578808140306872
v 0.042200002767331934 -0.012136153797566718 0.22639387061641247
v 0.04219988832640853 -0.014723031743312798 0.2271797288080356
v 0.04219988832640853 -0.014723031743312798 0.2271797288080356
v 0.042200002767331934 0.009953331466410198 0.22595769811034383
v 0.042200002767331934 0.007496283887243327 0.22553333590757052
v 0.042200002767331934 -0.006766217076291381 0.22539216158445885
v 0.042200002767331934 -0.009320186104000983 0.22578808140306872
v 0.04219988832640853 -0.014723031743312798 0.2271797288080356
v 0.042200002767331934 0.0032904633654408377 0.22509720917787124
v 0.042200002767331934 -0.000540624942231803 0.22497379608607193
v 0.04219988832640853 -0.014723031743312798 0.2271797288080356
v 0.042200002767331934 0.007496283887243327 0.22553333590757052
v 0.042200002767331934 0.005524509215494577 0.2252867691233983
v 0.04219988832640853 -0.014723031743312798 0.2271797288080356
v 0.04219988832640853 -0.014723031743312798 0.2271797288080356
v 0.04220055589846172 0.015064461469918022 0.22736092693675924
v 0.042200002767331934 0.01280646194250279 0.22662829140391405
v 0.042200002767331934 -0.000540624942231803 0.22497379608607193
v 0.042200002767331934 -0.0043309123188969845 0.22515163728104237
v 0.04219988832640853 -0.014723031743312798 0.2271797288080356
v 0.04219988832640853 -0.014723031743312798 0.2271797288080356
v 0.042200002767331934 -0.012136153797566718 0.22639387061641247
v 0.04320011344105534 -0.012314427960697372 0.2260457260686265
v 0.042200002767331934 -0.012136153797566718 0.22639387061641247
v 0.042200002767331934 -0.009320186104000983 0.22578808140306872
v 0.04320011344105534 -0.012314427960697372 0.2260457260686265
v 0.042200002767331934 -0.000540624942231803 0.22497379608607193
v 0.043202444221195346 0.00020511117061662414 0.22460515898360167
v 0.04320976462559578 -0.003134192138764813 0.22468493193660943
v 0.042200002767331934 -0.000540624942231803 0.22497379608607193
v 0.04320260825318556 0.003568565776568694 0.22472407073241374
v 0.043202444221195346 0.00020511117061662414 0.22460515898360167
v 0.042200002767331934 -0.000540624942231803 0.22497379608607193
v 0.042200002767331934 0.0032904633654408377 0.22509720917787124
v 0.04320260825318556 0.003568565776568694 0.22472407073241374
v 0.042200002767331934 0.0032904633654408377 0.22509720917787124
v 0.042200002767331934 0.005524509215494577 0.2252867691233983
v 0.04320260825318556 0.003568565776568694 0.22472407073241374
v 0.043195596839278316 0.00740275751942826 0.2251300460934934
v 0.042200002767331934 0.005524509215494577 0.2252867691233983
v 0.042200002767331934 0.007496283887243327 0.22553333590757052
v 0.042200002767331934 0.009953331466410198 0.22595769811034383
v 0.042200002767331934 0.01280646194250279 0.22662829140391405
v 0.04319122138130682 0.011407926147621317 0.22587699437115905
v 0.042200002767331934 0.01280646194250279 0.22662829140391405
v 0.0431902257452732 0.015010868785487741 0.22694987039868042
v 0.04319122138130682 0.011407926147621317 0.22587699437115905
v 0.0431902257452732 0.015010868785487741 0.22694987039868042
v 0.042200002767331934 0.01280646194250279 0.22662829140391405
v 0.04220055589846172 0.015064461469918022 0.22736092693675924
v 0.042200002767331934 0.009953331466410198 0.22595769811034383
v 0.04319122138130682 0.011407926147621317 0.22587699437115905
v 0.043195596839278316 0.00740275751942826 0.2251300460934934
v 0.042200002767331934 0.007496283887243327 0.22553333590757052
v 0.042200002767331934 0.009953331466410198 0.22595769811034383
v 0.043195596839278316 0.00740275751942826 0.2251300460934934
v 0.042200002767331934 0.005524509215494577 0.2252867691233983
v 0.043195596839278316 0.00740275751942826 0.2251300460934934
v 0.04320260825318556 0.003568565776568694 0.22472407073241374
v 0.042200002767331934 -0.000540624942231803 0.22497379608607193
v 0.04320976462559578 -0.003134192138764813 0.22468493193660943
v 0.042200002767331934 -0.0043309123188969845 0.22515163728104237
v 0.04320976462559578 -0.003134192138764813 0.22468493193660943
v 0.04320461478404258 -0.007586151006532538 0.2251009780989487
v 0.042200002767331934 -0.0043309123188969845 0.22515163728104237
v 0.04320461478404258 -0.007586151006532538 0.2251009780989487
v 0.042200002767331934 -0.006766217076291381 0.22539216158445885
v 0.042200002767331934 -0.0043309123188969845 0.22515163728104237
v 0.042200002767331934 -0.006766217076291381 0.22539216158445885
v 0.04320461478404258 -0.007586151006532538 0.2251009780989487
v 0.042200002767331934 -0.009320186104000983 0.22578808140306872
v 0.04320461478404258 -0.007586151006532538 0.2251009780989487
v 0.04320011344105534 -0.012314427960697372 0.2260457260686265
v 0.042200002767331934 -0.009320186104000983 0.22578808140306872
v 0.04320011344105534 -0.012314427960697372 0.2260457260686265
v 0.043211614753857486 -0.015154166941402925 0.2269272568722157
v 0.04219988832640853 -0.014723031743312798 0.2271797288080356
v 0.0431902257452732 0.015010868785487741 0.22694987039868042
v 0.04220055589846172 0.015064461469918022 0.22736092693675924
v 0.042207460500840455 0.015955268664023525 0.22769141706476137
v 0.042207460500840455 0.015955268664023525 0.22769141706476137
v 0.04320624747454982 0.017644509199885583 0.2279888566540843
v 0.0431902257452732 0.015010868785487741 0.22694987039868042
v 0.04320624747454982 0.017644509199885583 0.2279888566540843
v 0.042207460500840455 0.015955268664023525 0.22769141706476137
v 0.04225324068489966 0.017451500767866612 0.2283266710011843
v 0.0434535352365395 0.02148502261167029 0.23059032772491317
v 0.0424309025890901 0.019430747001402127 0.2294093584305389
v 0.04261882984410992 0.020370541586445245 0.2301337236993194
v 0.0424309025890901 0.019430747001402127 0.2294093584305389
v 0.0434535352365395 0.02148502261167029 0.23059032772491317
v 0.04320624747454982 0.017644509199885583 0.2279888566540843
v 0.0423299885828321 0.01853831951455609 0.2288767503730148
v 0.0424309025890901 0.019430747001402127 0.2294093584305389
v 0.04320624747454982 0.017644509199885583 0.2279888566540843
v 0.04320624747454982 0.017644509199885583 0.2279888566540843
v 0.04225324068489966 0.017451500767866612 0.2283266710011843
v 0.0423299885828321 0.01853831951455609 0.2288767503730148
v 0.0434535352365395 0.02148502261167029 0.23059032772491317
v 0.04261882984410992 0.020370541586445245 0.2301337236993194
v 0.04287440694365152 0.021075047540317637 0.23086414670764543
v 0.04287440694365152 0.021075047540317637 0.23086414670764543
v 0.04308280386517094 0.021435874049765546 0.23135087158427925
v 0.0434535352365395 0.02148502261167029 0.23059032772491317
v 0.04319291129227576 -0.017824383628595175 0.22800635848597028
v 0.04226520357609287 -0.017749852069879335 0.22842481553709593
v 0.04222580156616473 -0.016834311331203056 0.22800484786578135
v 0.04222580156616473 -0.016834311331203056 0.22800484786578135
v 0.04220426759907747 -0.015887899199764077 0.2276092637405468
v 0.04319291129227576 -0.017824383628595175 0.22800635848597028
v 0.043211614753857486 -0.015154166941402925 0.2269272568722157
v 0.04319291129227576 -0.017824383628595175 0.22800635848597028
v 0.04220426759907747 -0.015887899199764077 0.2276092637405468
v 0.043211614753857486 -0.015154166941402925 0.2269272568722157
v 0.04220426759907747 -0.015887899199764077 0.2276092637405468
v 0.04219988832640853 -0.014723031743312798 0.2271797288080356
v 0.04264020740860186 -0.020439250009508525 0.23019912287234756
v 0.04244434558289267 -0.019562025999336763 0.22947140066981386
v 0.04334034553389765 -0.020311228763193467 0.22959012931314848
v 0.04319291129227576 -0.017824383628595175 0.22800635848597028
v 0.04334034553389765 -0.020311228763193467 0.22959012931314848
v 0.04244434558289267 -0.019562025999336763 0.22947140066981386
v 0.04244434558289267 -0.019562025999336763 0.22947140066981386
v 0.04233674059731296 -0.01867121975890562 0.22891431751347102
v 0.04319291129227576 -0.017824383628595175 0.22800635848597028
v 0.04226520357609287 -0.017749852069879335 0.22842481553709593
v 0.04319291129227576 -0.017824383628595175 0.22800635848597028
v 0.04233674059731296 -0.01867121975890562 0.22891431751347102
v 0.04284630406756085 -0.020987055821660716 0.23078953122558576
v 0.04264020740860186 -0.020439250009508525 0.23019912287234756
v 0.04334034553389765 -0.020311228763193467 0.22959012931314848
v 0.04334034553389765 -0.020311228763193467 0.22959012931314848
v 0.04364246194229038 -0.021500035353472224 0.23093000364436722
v 0.04284630406756085 -0.020987055821660716 0.23078953122558576
v 0.04310074820196075 -0.021498993941069244 0.23139759399860782
v 0.04284630406756085 -0.020987055821660716 0.23078953122558576
v 0.04364246194229038 -0.021500035353472224 0.23093000364436722
v 0.043618665859617156 -0.021500001021195203 0.23236587102213757
v 0.0436184903835346 0.021500001021195203 0.2323655963639214
v 0.043498632589755726 0.021500001021195203 0.23216297489433646
v 0.04348384300775443 -0.021500001021195203 0.23213709598685728
v 0.043498632589755726 0.021500001021195203 0.23216297489433646
v 0.04336948219299641 0.021500001021195203 0.231929835845177
v 0.04333033958249466 -0.021500001021195203 0.23185555605649266
v 0.04336948219299641 0.021500001021195203 0.231929835845177
v 0.0432549344580635 0.021500001021195203 0.23171120790510524
v 0.04220426759907747 -0.015887899199764077 0.2276092637405468
v 0.04220055589846172 0.015064461469918022 0.22736092693675924
v 0.04219988832640853 -0.014723031743312798 0.2271797288080356
v 0.042207460500840455 0.015955268664023525 0.22769141706476137
v 0.04220055589846172 0.015064461469918022 0.22736092693675924
v 0.04220426759907747 -0.015887899199764077 0.2276092637405468
v 0.04222580156616473 -0.016834311331203056 0.22800484786578135
v 0.04225324068489966 0.017451500767866612 0.2283266710011843
v 0.042207460500840455 0.015955268664023525 0.22769141706476137
v 0.04225324068489966 0.017451500767866612 0.2283266710011843
v 0.04222580156616473 -0.016834311331203056 0.22800484786578135
v 0.04226520357609287 -0.017749852069879335 0.22842481553709593
v 0.04226520357609287 -0.017749852069879335 0.22842481553709593
v 0.0423299885828321 0.01853831951455609 0.2288767503730148
v 0.04225324068489966 0.017451500767866612 0.2283266710011843
v 0.04226520357609287 -0.017749852069879335 0.22842481553709593
v 0.04233674059731296 -0.01867121975890562 0.22891431751347102
v 0.0423299885828321 0.01853831951455609 0.2288767503730148
v 0.0424309025890901 0.019430747001402127 0.2294093584305389
v 0.04233674059731296 -0.01867121975890562 0.22891431751347102
v 0.04244434558289267 -0.019562025999336763 0.22947140066981386
v 0.04233674059731296 -0.01867121975890562 0.22891431751347102
v 0.0424309025890901 0.019430747001402127 0.2294093584305389
v 0.0423299885828321 0.01853831951455609 0.2288767503730148
v 0.04244434558289267 -0.019562025999336763 0.22947140066981386
v 0.04261882984410992 0.020370541586445245 0.2301337236993194
v 0.0424309025890901 0.019430747001402127 0.2294093584305389
v 0.04261882984410992 0.020370541586445245 0.2301337236993194
v 0.04244434558289267 -0.019562025999336763 0.22947140066981386
v 0.04264020740860186 -0.020439250009508525 0.23019912287234756
v 0.0432549344580635 0.021500001021195203 0.23171120790510524
v 0.04308280386517094 0.021435874049765546 0.23135087158427925
v 0.04310074820196075 -0.021498993941069244 0.23139759399860782
v 0.04310074820196075 -0.021498993941069244 0.23139759399860782
v 0.04308280386517094 0.021435874049765546 0.23135087158427925
v 0.04287440694365152 0.021075047540317637 0.23086414670764543
v 0.04287440694365152 0.021075047540317637 0.23086414670764543
v 0.04261882984410992 0.020370541586445245 0.2301337236993194
v 0.04284630406756085 -0.020987055821660716 0.23078953122558576
v 0.04261882984410992 0.020370541586445245 0.2301337236993194
v 0.04264020740860186 -0.020439250009508525 0.23019912287234756
v 0.04284630406756085 -0.020987055821660716 0.23078953122558576
v 0.04284630406756085 -0.020987055821660716 0.23078953122558576
v 0.04310074820196075 -0.021498993941069244 0.23139759399860782
v 0.04287440694365152 0.021075047540317637 0.23086414670764543
v 0.04220426759907747 -0.015887899199764077 0.2276092637405468
v 0.04222580156616473 -0.016834311331203056 0.22800484786578135
v 0.042207460500840455 0.015955268664023525 0.22769141706476137
v 0.0432549344580635 0.021500001021195203 0.23171120790510524
v 0.04310074820196075 -0.021498993941069244 0.23139759399860782
v 0.04333033958249466 -0.021500001021195203 0.23185555605649266
v 0.04336948219299641 0.021500001021195203 0.231929835845177
v 0.04333033958249466 -0.021500001021195203 0.23185555605649266
v 0.04348384300775443 -0.021500001021195203 0.23213709598685728
v 0.043498632589755726 0.021500001021195203 0.23216297489433646
v 0.04348384300775443 -0.021500001021195203 0.23213709598685728
v 0.043618665859617156 -0.021500001021195203 0.23236587102213757
v -0.0020320533287103426 -0.019450612038356407 0.29767536814272677
v -0.004677046521128492 -0.02149970347479435 0.2961129901388303
v -0.0010918517631333668 -0.02149996096687201 0.2970465228980145
v 0.046401266394615615 -0.019835350978749666 0.2758520028483601
v 0.04373881738509944 -0.021499930449292437 0.2789654368341309
v 0.04634406500640065 -0.021500001021195203 0.27452088706247924
v 0.046401266394615615 -0.019835350978749666 0.2758520028483601
v 0.04634406500640065 -0.021500001021195203 0.27452088706247924
v 0.0479620651137691 -0.019820384013317094 0.27269227369437476
v 0.05162848908552231 -0.019569937681841454 0.25878394783845227
v 0.05056748439645542 -0.021500001021195203 0.26134574605583427
v 0.05095175794376017 -0.02149999339180031 0.25717960816264085
v 0.05183907182867875 -0.019416279761335087 0.2553904998012956
v 0.05095175794376017 -0.02149999339180031 0.25717960816264085
v 0.05101770643322068 -0.02149938304020882 0.25396575608128014
v 0.051084005874846294 -0.019838534343769032 0.2477153590558866
v 0.050436884414666316 -0.021499997206497756 0.2479958461297559
v 0.04983940361236172 -0.02149999339180031 0.24502364750225591
v 0.051084005874846294 -0.019838534343769032 0.2477153590558866
v 0.04983940361236172 -0.02149999339180031 0.24502364750225591
v 0.050581987876148204 -0.019009854265956694 0.2439653131014018
v 0.04969300315374792 -0.019567070936710174 0.2416040001230345
v 0.04983940361236172 -0.02149999339180031 0.24502364750225591
v 0.04902832264122026 -0.021499991484451586 0.2420931511472445
v 0.04857901994653968 -0.01967279718379733 0.23862990940560092
v 0.04902832264122026 -0.021499991484451586 0.2420931511472445
v 0.04784892118749662 -0.021499945708082224 0.23878492345104962
v 0.04857901994653968 -0.01967279718379733 0.23862990940560092
v 0.04784892118749662 -0.021499945708082224 0.23878492345104962
v 0.046860884031192374 -0.020231675155288897 0.2353661305640563
v -0.018097433949791908 -0.020010085102649677 0.28998243564842585
v -0.016126232913171723 -0.021499947615430948 0.29060578772881474
v -0.013946357435792867 -0.02149933344914201 0.2920178361357272
v -0.0020320533287103426 -0.019450612038356407 0.29767536814272677
v -0.0010918517631333668 -0.02149996096687201 0.2970465228980145
v 0.0025169752839633575 -0.019898100844401023 0.29832420240206037
v 0.013775251089164775 -0.019088021231339347 0.298589888449836
v 0.012873203889032236 -0.021499934263989884 0.2977433002748596
v 0.016454207248207675 -0.021499085493807968 0.2971909931197202
v 0.022571681141067 -0.018722096378753772 0.2966130206801586
v 0.02062009527871833 -0.02149990374641031 0.29615016055075205
v 0.02474246524075574 -0.021499907561107756 0.29462324397432116
v 0.03257162248823109 -0.019343493426701164 0.2913500809770574
v 0.03173053129227554 -0.021500012465287544 0.2908932633284066
v 0.03535556198203338 -0.019657046298039438 0.2891587661757099
v 0.03808135404265389 -0.019192067104201183 0.2869924757896135
v 0.03623868732915536 -0.021499905653759033 0.2874640029116192
v 0.03869665329673255 -0.02149980265692797 0.28513334484193453
v 0.05157664353252267 -0.019851531017970325 0.2520000424869372
v 0.05092020276648013 -0.021499821730415203 0.25195211462821543
v 0.051084005874846294 -0.019838534343769032 0.2477153590558866
v 0.040238771442488996 -0.018287585173423215 0.28526905651830237
v 0.03869665329673255 -0.02149980265692797 0.28513334484193453
v 0.04166390807634146 -0.019745305045517636 0.28292381104558106
v 0.05101770643322068 -0.02149938304020882 0.25396575608128014
v 0.05092020276648013 -0.021499821730415203 0.25195211462821543
v 0.05157664353252267 -0.019851531017970325 0.2520000424869372
v 0.045994837084539775 -0.018056464099213132 0.23223897892626677
v 0.046860884031192374 -0.020231675155288897 0.2353661305640563
v 0.04537331605892536 -0.021499581404476054 0.2336571613666737
v -0.02145838267205047 -0.018675425462840733 0.28783039697199075
v -0.023031716487014187 -0.02149909312320286 0.28481657236595115
v -0.021453768795488548 -0.02149918276859286 0.28637196184412506
v -0.013923282330937092 -0.01740987288197826 0.29370326102046806
v -0.013946357435792867 -0.02149933344914201 0.2920178361357272
v -0.010902635138513861 -0.019255412062654242 0.29462794368157563
v -0.007665912515447959 -0.01773227966609059 0.2965191486053874
v -0.00886067241792965 -0.021497716017424562 0.29461082331943433
v -0.006074018290056771 -0.01922136398059271 0.29658662297382665
v 0.05108486036707438 -0.017571333766112085 0.26583720134729194
v 0.0496954788923909 -0.01944695755820236 0.2685427373644699
v 0.050835508853765976 -0.02004409885243419 0.2632339297392682
v 0.051897581658117975 -0.018422751348056154 0.25019245573115956
v 0.05157664353252267 -0.019851531017970325 0.2520000424869372
v 0.051084005874846294 -0.019838534343769032 0.2477153590558866
v 0.045994837084539775 -0.018056464099213132 0.23223897892626677
v 0.04537331605892536 -0.021499581404476054 0.2336571613666737
v 0.04334034553389765 -0.020311228763193467 0.22959012931314848
v -0.010902635138513861 -0.019255412062654242 0.29462794368157563
v -0.00886067241792965 -0.021497716017424562 0.29461082331943433
v -0.007665912515447959 -0.01773227966609059 0.2965191486053874
v 0.031235698276218526 -0.017516964790751377 0.2928800798290253
v 0.02811330165879644 -0.019976702685292613 0.2937127825052953
v 0.03257162248823109 -0.019343493426701164 0.2913500809770574
v 0.0005390901225559366 -0.017399142138060375 0.2988378743014585
v -0.0020320533287103426 -0.019450612038356407 0.29767536814272677
v 0.0025169752839633575 -0.019898100844401023 0.29832420240206037
v 0.007903096574412571 -0.0168146274923775 0.2996395711168808
v 0.0063469303284710565 -0.018573050427460602 0.29911765947099755
v 0.008783307492685188 -0.019384819951491217 0.29884016311992656
v 0.02805724086511807 -0.0169857834300724 0.2948156573135384
v 0.02568921974129057 -0.018656899384690284 0.2953971392747511
v 0.02811330165879644 -0.019976702685292613 0.2937127825052953
v 0.049309259849388276 -0.017242985590726345 0.2715651679279495
v 0.0479620651137691 -0.019820384013317094 0.27269227369437476
v 0.0496954788923909 -0.01944695755820236 0.2685427373644699
v -0.019051760624758662 -0.016737082322678676 0.2905351700496793
v -0.018097433949791908 -0.020010085102649677 0.28998243564842585
v -0.015404276625828883 -0.018211686045672693 0.29250990158878654
v -0.011096520950945599 -0.016969349713471527 0.2952995745728514
v -0.013923282330937092 -0.01740987288197826 0.29370326102046806
v -0.010902635138513861 -0.019255412062654242 0.29462794368157563
v 0.0032935253753976768 -0.01631743699329835 0.2995142048999887
v 0.0025169752839633575 -0.019898100844401023 0.29832420240206037
v 0.0063469303284710565 -0.018573050427460602 0.29911765947099755
v 0.03842437163707135 -0.01640200120629931 0.28778755029026815
v 0.03535556198203338 -0.019657046298039438 0.2891587661757099
v 0.03808135404265389 -0.019192067104201183 0.2869924757896135
v 0.05245847951190763 -0.01723743520594123 0.2530198484435785
v 0.05183907182867875 -0.019416279761335087 0.2553904998012956
v 0.05157664353252267 -0.019851531017970325 0.2520000424869372
v 0.05245847951190763 -0.01723743520594123 0.2530198484435785
v 0.05157664353252267 -0.019851531017970325 0.2520000424869372
v 0.051897581658117975 -0.018422751348056154 0.25019245573115956
v 0.051576902931949054 -0.016871821251197572 0.24548931524898332
v 0.051084005874846294 -0.019838534343769032 0.2477153590558866
v 0.050581987876148204 -0.019009854265956694 0.2439653131014018
v 0.045994837084539775 -0.018056464099213132 0.23223897892626677
v 0.04334034553389765 -0.020311228763193467 0.22959012931314848
v 0.04319291129227576 -0.017824383628595175 0.22800635848597028
v 0.042692514539992565 -0.017790465246246834 0.2826353894010224
v 0.04478653166826163 -0.018866951884901617 0.27921961775440696
v 0.04469126341422491 -0.015838951863149653 0.28084287832955457
v 0.05086377576184686 -0.01540476776812516 0.26862275445811423
v 0.0496954788923909 -0.01944695755820236 0.2685427373644699
v 0.05108486036707438 -0.017571333766112085 0.26583720134729194
v 0.05275001013488545 -0.01593171195361509 0.25806425175934666
v 0.05162848908552231 -0.019569937681841454 0.25878394783845227
v 0.052699595093428364 -0.016554169487452697 0.2546737791861985
v 0.05221740589205881 -0.01592836932497732 0.24750988419261144
v 0.051897581658117975 -0.018422751348056154 0.25019245573115956
v 0.051084005874846294 -0.019838534343769032 0.2477153590558866
v 0.05221740589205881 -0.01592836932497732 0.24750988419261144
v 0.051084005874846294 -0.019838534343769032 0.2477153590558866
v 0.051576902931949054 -0.016871821251197572 0.24548931524898332
v -0.017828078163072414 -0.014716181500372683 0.2920070329125578
v -0.019051760624758662 -0.016737082322678676 0.2905351700496793
v -0.015404276625828883 -0.018211686045672693 0.29250990158878654
v -0.011096520950945599 -0.016969349713471527 0.2952995745728514
v -0.010902635138513861 -0.019255412062654242 0.29462794368157563
v -0.007665912515447959 -0.01773227966609059 0.2965191486053874
v -0.0021959827989294356 -0.014788702713534052 0.2989545735257514
v -0.004007375430666038 -0.016336598218573695 0.298125197265655
v -0.0020320533287103426 -0.019450612038356407 0.29767536814272677
v -0.0021959827989294356 -0.014788702713534052 0.2989545735257514
v -0.0020320533287103426 -0.019450612038356407 0.29767536814272677
v 0.0005390901225559366 -0.017399142138060375 0.2988378743014585
v 0.03842437163707135 -0.01640200120629931 0.28778755029026815
v 0.03808135404265389 -0.019192067104201183 0.2869924757896135
v 0.040377672205922366 -0.01604661636275928 0.28600156998082926
v 0.04346933189866675 -0.014560927128984824 0.28296009644769515
v 0.042692514539992565 -0.017790465246246834 0.2826353894010224
v 0.04469126341422491 -0.015838951863149653 0.28084287832955457
v 0.049309259849388276 -0.017242985590726345 0.2715651679279495
v 0.0496954788923909 -0.01944695755820236 0.2685427373644699
v 0.05086377576184686 -0.01540476776812516 0.26862275445811423
v 0.030870574510096782 -0.015061897993233764 0.2938091570215916
v 0.02805724086511807 -0.0169857834300724 0.2948156573135384
v 0.031235698276218526 -0.017516964790751377 0.2928800798290253
v 0.04346933189866675 -0.014560927128984824 0.28296009644769515
v 0.040238771442488996 -0.018287585173423215 0.28526905651830237
v 0.042692514539992565 -0.017790465246246834 0.2826353894010224
v 0.0527403169886731 -0.014374532428664266 0.26143519308156715
v 0.05177524049630122 -0.017604987026987873 0.2625386477238222
v 0.05275001013488545 -0.01593171195361509 0.25806425175934666
v 0.05276182425287823 -0.015196981198197235 0.2502085384955953
v 0.051897581658117975 -0.018422751348056154 0.25019245573115956
v 0.05221740589205881 -0.01592836932497732 0.24750988419261144
v 0.051576902931949054 -0.016871821251197572 0.24548931524898332
v 0.050581987876148204 -0.019009854265956694 0.2439653131014018
v 0.050943525826669944 -0.015685813695170414 0.24184263233651737
v 0.045297033554081434 -0.014257394514164967 0.22942914908089296
v 0.045994837084539775 -0.018056464099213132 0.23223897892626677
v 0.04436587353670918 -0.0163827694091212 0.22895812549895023
v -0.02078067496774194 -0.01417387266724135 0.2899094986332428
v -0.022640717628110707 -0.017395508638742285 0.28721830587846486
v -0.02145838267205047 -0.018675425462840733 0.28783039697199075
v -0.017828078163072414 -0.014716181500372683 0.2920070329125578
v -0.015404276625828883 -0.018211686045672693 0.29250990158878654
v -0.013923282330937092 -0.01740987288197826 0.29370326102046806
v -0.008323652662808323 -0.014369034495969046 0.29714079170132013
v -0.011096520950945599 -0.016969349713471527 0.2952995745728514
v -0.007665912515447959 -0.01773227966609059 0.2965191486053874
v 0.0033614529775773117 -0.014312322342701633 0.2999764241602242
v 0.0005390901225559366 -0.017399142138060375 0.2988378743014585
v 0.0032935253753976768 -0.01631743699329835 0.2995142048999887
v 0.017471228475712808 -0.013857611360715838 0.29930570879633567
v 0.017464344854170033 -0.01831857196078368 0.29818632397754274
v 0.02017409801937542 -0.016654324368918783 0.29797383007096545
v 0.02253962051637526 -0.014836103190333794 0.29768403513532593
v 0.022571681141067 -0.018722096378753772 0.2966130206801586
v 0.025126590014860062 -0.015750692161997093 0.29649351383854483
v 0.040377672205922366 -0.01604661636275928 0.28600156998082926
v 0.040238771442488996 -0.018287585173423215 0.28526905651830237
v 0.04346933189866675 -0.014560927128984824 0.28296009644769515
v 0.04887903827133666 -0.01489593004406653 0.27402287068140285
v 0.04773116147731349 -0.017431446903388714 0.27495673913396235
v 0.049309259849388276 -0.017242985590726345 0.2715651679279495
v 0.04978236244143952 -0.01411582441619319 0.23762105926002686
v 0.04951834341644812 -0.017073496675815703 0.23884949864942928
v 0.047887232193954965 -0.017366265168115014 0.2353072468942673
v 0.04838431397415688 -0.013608584096690413 0.23436576430560396
v 0.047887232193954965 -0.017366265168115014 0.2353072468942673
v 0.045994837084539775 -0.018056464099213132 0.23223897892626677
v -0.014846364726465722 -0.013186664253957425 0.29426591363508325
v -0.017828078163072414 -0.014716181500372683 0.2920070329125578
v -0.013923282330937092 -0.01740987288197826 0.29370326102046806
v -0.01162508924387351 -0.013249615344899102 0.295961531391402
v -0.013923282330937092 -0.01740987288197826 0.29370326102046806
v -0.011096520950945599 -0.016969349713471527 0.2952995745728514
v -0.008323652662808323 -0.014369034495969046 0.29714079170132013
v -0.007665912515447959 -0.01773227966609059 0.2965191486053874
v -0.004007375430666038 -0.016336598218573695 0.298125197265655
v 0.0003792128743043688 -0.012172549825906764 0.299965895595271
v 0.0005390901225559366 -0.017399142138060375 0.2988378743014585
v 0.0033614529775773117 -0.014312322342701633 0.2999764241602242
v 0.009591082074814627 -0.013653330497741534 0.30030280967377354
v 0.007903096574412571 -0.0168146274923775 0.2996395711168808
v 0.01099269156216387 -0.016868115272627993 0.299501418034147
v 0.03220147476557189 -0.013749430355821657 0.2933152605137578
v 0.031235698276218526 -0.017516964790751377 0.2928800798290253
v 0.03358903662957324 -0.016268677530533182 0.29170136883553954
v 0.03772088420741726 -0.013335722603017297 0.28931349030415265
v 0.036160417366941644 -0.016669838743434973 0.2896638016000884
v 0.03842437163707135 -0.01640200120629931 0.28778755029026815
v 0.04578204563156163 -0.012975265165547367 0.28028996082282365
v 0.04469126341422491 -0.015838951863149653 0.28084287832955457
v 0.04671760780978751 -0.015784041200751497 0.2776838205623199
v 0.047521421782292794 -0.013507933304556241 0.27725675755375423
v 0.04671760780978751 -0.015784041200751497 0.2776838205623199
v 0.04887903827133666 -0.01489593004406653 0.27402287068140285
v 0.05338588586699222 -0.013149779944344187 0.252993633842724
v 0.052699595093428364 -0.016554169487452697 0.2546737791861985
v 0.05276182425287823 -0.015196981198197235 0.2502085384955953
v 0.05215465793375618 -0.013567701984152913 0.24467403811065036
v 0.051576902931949054 -0.016871821251197572 0.24548931524898332
v 0.050943525826669944 -0.015685813695170414 0.24184263233651737
v 0.04676659233970204 -0.013853398981060194 0.2315666613894506
v 0.045994837084539775 -0.018056464099213132 0.23223897892626677
v 0.045297033554081434 -0.014257394514164967 0.22942914908089296
v 0.0033614529775773117 -0.014312322342701633 0.2999764241602242
v 0.0032935253753976768 -0.01631743699329835 0.2995142048999887
v 0.00675751622825238 -0.014309565270121949 0.3001807698730551
v 0.020580061936362748 -0.01259620440230369 0.29875923049889497
v 0.017471228475712808 -0.013857611360715838 0.29930570879633567
v 0.02017409801937542 -0.016654324368918783 0.29797383007096545
v 0.020580061936362748 -0.01259620440230369 0.29875923049889497
v 0.02017409801937542 -0.016654324368918783 0.29797383007096545
v 0.02253962051637526 -0.014836103190333794 0.29768403513532593
v 0.024991631741237974 -0.012930763858807204 0.29717945747464103
v 0.02253962051637526 -0.014836103190333794 0.29768403513532593
v 0.025126590014860062 -0.015750692161997093 0.29649351383854483
v 0.039971578589221846 -0.013077911998120584 0.2872829115944241
v 0.03842437163707135 -0.01640200120629931 0.28778755029026815
v 0.040377672205922366 -0.01604661636275928 0.28600156998082926
v 0.0423037739819776 -0.012609552982344452 0.28492109507599384
v 0.040377672205922366 -0.01604661636275928 0.28600156998082926
v 0.04346933189866675 -0.014560927128984824 0.28296009644769515
v 0.05176630266018334 -0.012733370432073121 0.2674248479070761
v 0.05086377576184686 -0.01540476776812516 0.26862275445811423
v 0.05226200733460695 -0.014332686151347085 0.26416627231284895
v 0.024991631741237974 -0.012930763858807204 0.29717945747464103
v 0.025126590014860062 -0.015750692161997093 0.29649351383854483
v 0.02792657412612365 -0.014377908435904696 0.29555518981936746
v 0.03306447758366193 -0.011589073731603783 0.2932054582624487
v 0.03220147476557189 -0.013749430355821657 0.2933152605137578
v 0.03545888306238032 -0.014046459865169059 0.29098118447516075
v 0.05286396277701666 -0.012745957026298882 0.24745005447785562
v 0.05221740589205881 -0.01592836932497732 0.24750988419261144
v 0.05215465793375618 -0.013567701984152913 0.24467403811065036
v 0.04443149396218926 -0.011094760468073894 0.22730630046932088
v 0.043211614753857486 -0.015154166941402925 0.2269272568722157
v 0.04320011344105534 -0.012314427960697372 0.2260457260686265
v -0.01705357441839972 -0.010349655642949429 0.2934115129597358
v -0.017828078163072414 -0.014716181500372683 0.2920070329125578
v -0.014846364726465722 -0.013186664253957425 0.29426591363508325
v 0.005944003387488572 -0.011525701116594234 0.3006525106181178
v 0.0033614529775773117 -0.014312322342701633 0.2999764241602242
v 0.00675751622825238 -0.014309565270121949 0.3001807698730551
v 0.005944003387488572 -0.011525701116594234 0.3006525106181178
v 0.00675751622825238 -0.014309565270121949 0.3001807698730551
v 0.009591082074814627 -0.013653330497741534 0.30030280967377354
v 0.014396897046120571 -0.011301837504276713 0.300291518169331
v 0.01154496438502628 -0.01388425702238183 0.30014790243985334
v 0.014081855489103678 -0.01435710593705286 0.2997738789845882
v 0.014396897046120571 -0.011301837504276713 0.300291518169331
v 0.014081855489103678 -0.01435710593705286 0.2997738789845882
v 0.017471228475712808 -0.013857611360715838 0.29930570879633567
v 0.028186486629313556 -0.011411948746078981 0.2960109698703127
v 0.02792657412612365 -0.014377908435904696 0.29555518981936746
v 0.030239881044471506 -0.013600782086737317 0.29450785700594995
v 0.04644582969018929 -0.01093864111403997 0.27985755723783245
v 0.04578204563156163 -0.012975265165547367 0.28028996082282365
v 0.047521421782292794 -0.013507933304556241 0.27725675755375423
v 0.04920776600911836 -0.012027116393095727 0.274576703715521
v 0.04887903827133666 -0.01489593004406653 0.27402287068140285
v 0.05024682855847118 -0.01406205911670344 0.27121937323379075
v 0.050893522772537114 -0.01132629162225951 0.27087757634255627
v 0.05024682855847118 -0.01406205911670344 0.27121937323379075
v 0.05086377576184686 -0.01540476776812516 0.26862275445811423
v 0.050893522772537114 -0.01132629162225951 0.27087757634255627
v 0.05086377576184686 -0.01540476776812516 0.26862275445811423
v 0.05176630266018334 -0.012733370432073121 0.2674248479070761
v 0.053896578487684366 -0.010142443184987249 0.2547056242804845
v 0.053455889379838695 -0.01273632586892004 0.2573456848306853
v 0.05338588586699222 -0.013149779944344187 0.252993633842724
v 0.05341792169615056 -0.011778238855945089 0.2503270992922423
v 0.05276182425287823 -0.015196981198197235 0.2502085384955953
v 0.05286396277701666 -0.012745957026298882 0.24745005447785562
v -0.01942117974020552 -0.009701207621732322 0.2918850541469985
v -0.02078067496774194 -0.01417387266724135 0.2899094986332428
v -0.017828078163072414 -0.014716181500372683 0.2920070329125578
v -0.003814630451189488 -0.010156190400911203 0.29934330645437146
v -0.005652433663861922 -0.01264337981195407 0.2984222248676537
v -0.0021959827989294356 -0.014788702713534052 0.2989545735257514
v -0.003814630451189488 -0.010156190400911203 0.29934330645437146
v -0.0021959827989294356 -0.014788702713534052 0.2989545735257514
v 0.0003792128743043688 -0.012172549825906764 0.299965895595271
v 0.0028016158480964615 -0.009134130911753191 0.3007069844976583
v 0.0033614529775773117 -0.014312322342701633 0.2999764241602242
v 0.005944003387488572 -0.011525701116594234 0.3006525106181178
v 0.010944395585138489 -0.01025846816150644 0.3007764425087699
v 0.01154496438502628 -0.01388425702238183 0.30014790243985334
v 0.014396897046120571 -0.011301837504276713 0.300291518169331
v 0.031012534660882496 -0.009809787262509695 0.2947678973015043
v 0.028186486629313556 -0.011411948746078981 0.2960109698703127
v 0.030239881044471506 -0.013600782086737317 0.29450785700594995
v 0.031012534660882496 -0.009809787262509695 0.2947678973015043
v 0.030239881044471506 -0.013600782086737317 0.29450785700594995
v 0.03220147476557189 -0.013749430355821657 0.2933152605137578
v 0.035699277666083606 -0.010174701220271865 0.2915957169750526
v 0.03545888306238032 -0.014046459865169059 0.29098118447516075
v 0.03772088420741726 -0.013335722603017297 0.28931349030415265
v 0.0390846347299556 -0.009897994511572361 0.28880903471378605
v 0.03772088420741726 -0.013335722603017297 0.28931349030415265
v 0.039971578589221846 -0.013077911998120584 0.2872829115944241
v 0.041167654085485506 -0.01036157561879636 0.28666822650663437
v 0.039971578589221846 -0.013077911998120584 0.2872829115944241
v 0.0423037739819776 -0.012609552982344452 0.28492109507599384
v 0.04503284668240237 -0.00956911418589279 0.2822253857194389
v 0.04346933189866675 -0.014560927128984824 0.28296009644769515
v 0.04578204563156163 -0.012975265165547367 0.28028996082282365
v 0.047816843396666364 -0.010608804252975612 0.27768958838485946
v 0.047521421782292794 -0.013507933304556241 0.27725675755375423
v 0.04920776600911836 -0.012027116393095727 0.274576703715521
v 0.053036341325243264 -0.009937777991245178 0.2639587832893219
v 0.05229846439810615 -0.012605670574017958 0.26546333047992465
v 0.05226200733460695 -0.014332686151347085 0.26416627231284895
v 0.053036341325243264 -0.009937777991245178 0.2639587832893219
v 0.05226200733460695 -0.014332686151347085 0.26416627231284895
v 0.0527403169886731 -0.014374532428664266 0.26143519308156715
v 0.053036341325243264 -0.009937777991245178 0.2639587832893219
v 0.0527403169886731 -0.014374532428664266 0.26143519308156715
v 0.053286318448932946 -0.011364398542404452 0.2612494325746971
v 0.052972460401798926 -0.010485982439280561 0.246093029266916
v 0.05286396277701666 -0.012745957026298882 0.24745005447785562
v 0.05215465793375618 -0.013567701984152913 0.24467403811065036
v 0.05226403293895121 -0.009773313032871989 0.2426955223916759
v 0.05215465793375618 -0.013567701984152913 0.24467403811065036
v 0.05149455505816469 -0.012342129339881769 0.24138640978066828
v 0.05053341533355793 -0.010282747757081045 0.2377656210344713
v 0.04978236244143952 -0.01411582441619319 0.23762105926002686
v 0.04838431397415688 -0.013608584096690413 0.23436576430560396
v 0.0458586981620579 -0.010595355537126872 0.2291603502400007
v 0.04676659233970204 -0.013853398981060194 0.2315666613894506
v 0.045297033554081434 -0.014257394514164967 0.22942914908089296
v 0.0458586981620579 -0.010595355537126872 0.2291603502400007
v 0.045297033554081434 -0.014257394514164967 0.22942914908089296
v 0.04443149396218926 -0.011094760468073894 0.22730630046932088
v -0.009846217623126763 -0.00856989233667449 0.29747968942249503
v -0.01162508924387351 -0.013249615344899102 0.295961531391402
v -0.008675987655739625 -0.011127335123246596 0.29761134226077945
v -0.006069637586876286 -0.009875277988276587 0.29870634353349235
v -0.005652433663861922 -0.01264337981195407 0.2984222248676537
v -0.003814630451189488 -0.010156190400911203 0.29934330645437146
v -0.0008147585182941355 -0.009051096392428404 0.3001833943848985
v -0.003814630451189488 -0.010156190400911203 0.29934330645437146
v 0.0003792128743043688 -0.012172549825906764 0.299965895595271
v 0.00812267628149732 -0.009678836328555485 0.3009401998407667
v 0.005944003387488572 -0.011525701116594234 0.3006525106181178
v 0.009486431572407472 -0.011440981454672317 0.30067762658610764
v 0.01679836925185918 -0.008693623002036244 0.30022032065618365
v 0.017471228475712808 -0.013857611360715838 0.29930570879633567
v 0.019298344575069404 -0.00987381219078265 0.299510237614644
v 0.021703173714561208 -0.008662451201849608 0.2989891499434093
v 0.020580061936362748 -0.01259620440230369 0.29875923049889497
v 0.024713191252548894 -0.00968830154659539 0.29781159861794737
v 0.027171017983669277 -0.008226028833098198 0.2969485919851599
v 0.024991631741237974 -0.012930763858807204 0.29717945747464103
v 0.028186486629313556 -0.011411948746078981 0.2960109698703127
v 0.04503284668240237 -0.00956911418589279 0.2822253857194389
v 0.04578204563156163 -0.012975265165547367 0.28028996082282365
v 0.04644582969018929 -0.01093864111403997 0.27985755723783245
v 0.049301813559972096 -0.00830190507266404 0.2755151192874371
v 0.047816843396666364 -0.010608804252975612 0.27768958838485946
v 0.04920776600911836 -0.012027116393095727 0.274576703715521
v 0.05385901897662304 -0.008581505229376951 0.25948988048916977
v 0.053455889379838695 -0.01273632586892004 0.2573456848306853
v 0.0538670260265639 -0.009854321947852518 0.2573932007020828
v 0.053979647339286174 -0.00869722693744912 0.25223087745883876
v 0.05338588586699222 -0.013149779944344187 0.252993633842724
v 0.05341792169615056 -0.011778238855945089 0.2503270992922423
v 0.05368437831281048 -0.009105052426790494 0.24944771997801307
v 0.05341792169615056 -0.011778238855945089 0.2503270992922423
v 0.05286396277701666 -0.012745957026298882 0.24745005447785562
v 0.048378488931155594 -0.010896334212006087 0.23338207590438909
v 0.05053341533355793 -0.010282747757081045 0.2377656210344713
v 0.04838431397415688 -0.013608584096690413 0.23436576430560396
v -0.0238263980738318 -0.008273269092605173 0.28836033474130207
v -0.02345763699369452 -0.011886993019130654 0.2880720046494821
v -0.02190091427876295 -0.010317119134751196 0.28978910678182135
v -0.007129556517682378 -0.008134972958717124 0.29856843459139515
v -0.008675987655739625 -0.011127335123246596 0.29761134226077945
v -0.006069637586876286 -0.009875277988276587 0.29870634353349235
v 0.005859758178561603 -0.007428501958822442 0.30115214443091165
v 0.005944003387488572 -0.011525701116594234 0.3006525106181178
v 0.00812267628149732 -0.009678836328555485 0.3009401998407667
v 0.014598428465910085 -0.008715050157594995 0.30059382531259604
v 0.014396897046120571 -0.011301837504276713 0.300291518169331
v 0.01679836925185918 -0.008693623002036244 0.30022032065618365
v 0.030004683966039503 -0.007201022966999704 0.29565034363248077
v 0.028186486629313556 -0.011411948746078981 0.2960109698703127
v 0.031012534660882496 -0.009809787262509695 0.2947678973015043
v 0.03732132898214058 -0.00830513039935532 0.29057499549102406
v 0.035699277666083606 -0.010174701220271865 0.2915957169750526
v 0.0390846347299556 -0.009897994511572361 0.28880903471378605
v 0.04332479301240699 -0.009033152055638594 0.2845088636111014
v 0.043317953259884856 -0.01073992780198929 0.28417817511883203
v 0.04503284668240237 -0.00956911418589279 0.2822253857194389
v 0.05067792751693556 -0.008199792297733377 0.27246955639864
v 0.04920776600911836 -0.012027116393095727 0.274576703715521
v 0.050893522772537114 -0.01132629162225951 0.27087757634255627
v 0.05194206103034782 -0.007779803168745658 0.26915031185621874
v 0.050893522772537114 -0.01132629162225951 0.27087757634255627
v 0.05216633853733832 -0.010763586555554427 0.26715638475955916
v 0.05276613486099313 -0.008077681925112157 0.26611060834269995
v 0.05216633853733832 -0.010763586555554427 0.26715638475955916
v 0.053036341325243264 -0.009937777991245178 0.2639587832893219
v 0.05380843227378085 -0.007293776858581791 0.2611444826185404
v 0.053036341325243264 -0.009937777991245178 0.2639587832893219
v 0.053286318448932946 -0.011364398542404452 0.2612494325746971
v 0.053197493218883896 -0.007152349334927088 0.24531904241374736
v 0.052972460401798926 -0.010485982439280561 0.246093029266916
v 0.05226403293895121 -0.009773313032871989 0.2426955223916759
v 0.0519473482010091 -0.008273630535188259 0.24104958725490444
v 0.05226403293895121 -0.009773313032871989 0.2426955223916759
v 0.05149455505816469 -0.012342129339881769 0.24138640978066828
v 0.04750520550344639 -0.0087152990666034 0.23130654479994728
v 0.048378488931155594 -0.010896334212006087 0.23338207590438909
v 0.0458586981620579 -0.010595355537126872 0.2291603502400007
v -0.014801020371589813 -0.006522855591648835 0.2952641436629654
v -0.01705357441839972 -0.010349655642949429 0.2934115129597358
v -0.014363704409961486 -0.010389152066639373 0.2950512835454332
v -0.009846217623126763 -0.00856989233667449 0.29747968942249503
v -0.008675987655739625 -0.011127335123246596 0.29761134226077945
v -0.007129556517682378 -0.008134972958717124 0.29856843459139515
v -0.007129556517682378 -0.008134972958717124 0.29856843459139515
v -0.006069637586876286 -0.009875277988276587 0.29870634353349235
v -0.003814630451189488 -0.010156190400911203 0.29934330645437146
v 0.010499124071984833 -0.006393628424103404 0.301214949609676
v 0.00812267628149732 -0.009678836328555485 0.3009401998407667
v 0.010944395585138489 -0.01025846816150644 0.3007764425087699
v 0.04106100658896494 -0.006874895899202371 0.287325666723408
v 0.0390846347299556 -0.009897994511572361 0.28880903471378605
v 0.041167654085485506 -0.01036157561879636 0.28666822650663437
v 0.0427252751616658 -0.005609207896580537 0.28569367812050206
v 0.041167654085485506 -0.01036157561879636 0.28666822650663437
v 0.04332479301240699 -0.009033152055638594 0.2845088636111014
v 0.045831133158307225 -0.007133010249383287 0.28154356195658525
v 0.04503284668240237 -0.00956911418589279 0.2822253857194389
v 0.04644582969018929 -0.01093864111403997 0.27985755723783245
v 0.05067792751693556 -0.008199792297733377 0.27246955639864
v 0.050893522772537114 -0.01132629162225951 0.27087757634255627
v 0.05194206103034782 -0.007779803168745658 0.26915031185621874
v 0.05194206103034782 -0.007779803168745658 0.26915031185621874
v 0.05216633853733832 -0.010763586555554427 0.26715638475955916
v 0.05276613486099313 -0.008077681925112157 0.26611060834269995
v 0.05372196452675393 -0.006607069806159049 0.2479283259849473
v 0.05368437831281048 -0.009105052426790494 0.24944771997801307
v 0.052972460401798926 -0.010485982439280561 0.246093029266916
v 0.05030703974297168 -0.0063491132890849955 0.23622539879334592
v 0.05053341533355793 -0.010282747757081045 0.2377656210344713
v 0.04856021730282434 -0.007882225887843874 0.232959132769066
v 0.04856021730282434 -0.007882225887843874 0.232959132769066
v 0.048378488931155594 -0.010896334212006087 0.23338207590438909
v 0.04750520550344639 -0.0087152990666034 0.23130654479994728
v 0.04553396059780557 -0.00780451191778303 0.22814635788226834
v 0.0458586981620579 -0.010595355537126872 0.2291603502400007
v 0.04443149396218926 -0.011094760468073894 0.22730630046932088
v -0.023654219797221154 -0.005820011892188892 0.28882099760497926
v -0.0238263980738318 -0.008273269092605173 0.28836033474130207
v -0.02190091427876295 -0.010317119134751196 0.28978910678182135
v -0.02071695426159037 -0.00642224771486094 0.29129731608197307
v -0.02190091427876295 -0.010317119134751196 0.28978910678182135
v -0.01942117974020552 -0.009701207621732322 0.2918850541469985
v -0.018659193925204542 -0.00528621937110757 0.29292884692118537
v -0.01942117974020552 -0.009701207621732322 0.2918850541469985
v -0.01705357441839972 -0.010349655642949429 0.2934115129597358
v -0.016218184287778437 -0.005058228256152597 0.29454508845303085
v -0.01705357441839972 -0.010349655642949429 0.2934115129597358
v -0.014801020371589813 -0.006522855591648835 0.2952641436629654
v -0.01202399978528168 -0.006610960797554799 0.2966975238580004
v -0.014363704409961486 -0.010389152066639373 0.2950512835454332
v -0.012162103276948666 -0.009760265813929525 0.29628388858444754
v -0.01202399978528168 -0.006610960797554799 0.2966975238580004
v -0.012162103276948666 -0.009760265813929525 0.29628388858444754
v -0.009846217623126763 -0.00856989233667449 0.29747968942249503
v -0.009612102965095293 -0.005496888421793744 0.29786488231188446
v -0.009846217623126763 -0.00856989233667449 0.29747968942249503
v -0.007129556517682378 -0.008134972958717124 0.29856843459139515
v -0.004077008441022989 -0.006089950850780568 0.29969206135374893
v -0.003814630451189488 -0.010156190400911203 0.29934330645437146
v -0.0014433251112788703 -0.007437558527398358 0.30020439047964576
v 0.001137674862538851 -0.005924522204464877 0.30079734705077843
v -0.0008147585182941355 -0.009051096392428404 0.3001833943848985
v 0.0028016158480964615 -0.009134130911753191 0.3007069844976583
v 0.009133437590492233 -0.0053421266232137055 0.30133695889281487
v 0.00812267628149732 -0.009678836328555485 0.3009401998407667
v 0.010499124071984833 -0.006393628424103404 0.301214949609676
v 0.01404431600520395 -0.005008776425800832 0.3009869832902544
v 0.012851259841969442 -0.008996615837167377 0.3007806234171716
v 0.014598428465910085 -0.008715050157594995 0.30059382531259604
v 0.018649559906802615 -0.006311417402589947 0.30004148763987704
v 0.019298344575069404 -0.00987381219078265 0.299510237614644
v 0.021703173714561208 -0.008662451201849608 0.2989891499434093
v 0.03576669099936369 -0.006452152081820872 0.2920126786647791
v 0.035699277666083606 -0.010174701220271865 0.2915957169750526
v 0.03732132898214058 -0.00830513039935532 0.29057499549102406
v 0.03954038807801874 -0.00514795661582218 0.2889889968805369
v 0.0390846347299556 -0.009897994511572361 0.28880903471378605
v 0.04106100658896494 -0.006874895899202371 0.287325666723408
v 0.04410822124175651 -0.0050936958825015255 0.2841054212091264
v 0.04332479301240699 -0.009033152055638594 0.2845088636111014
v 0.04503284668240237 -0.00956911418589279 0.2822253857194389
v 0.05338007226808328 -0.005806123055622225 0.26426252475882694
v 0.053036341325243264 -0.009937777991245178 0.2639587832893219
v 0.05380843227378085 -0.007293776858581791 0.2611444826185404
v 0.05428394575461848 -0.0057452023373966155 0.2569564025856329
v 0.05385901897662304 -0.008581505229376951 0.25948988048916977
v 0.0538670260265639 -0.009854321947852518 0.2573932007020828
v 0.054322149949548315 -0.005876477043796624 0.2544727446307514
v 0.0538670260265639 -0.009854321947852518 0.2573932007020828
v 0.053896578487684366 -0.010142443184987249 0.2547056242804845
v 0.054322149949548315 -0.005876477043796624 0.2544727446307514
v 0.053896578487684366 -0.010142443184987249 0.2547056242804845
v 0.053979647339286174 -0.00869722693744912 0.25223087745883876
v 0.054136538215878716 -0.00579332665303689 0.25090882539409154
v 0.05368437831281048 -0.009105052426790494 0.24944771997801307
v 0.05372196452675393 -0.006607069806159049 0.2479283259849473
v 0.05264037573026403 -0.0066406000430421774 0.24287173089613912
v 0.053197493218883896 -0.007152349334927088 0.24531904241374736
v 0.05226403293895121 -0.009773313032871989 0.2426955223916759
v 0.05264037573026403 -0.0066406000430421774 0.24287173089613912
v 0.05226403293895121 -0.009773313032871989 0.2426955223916759
v 0.0519473482010091 -0.008273630535188259 0.24104958725490444
v 0.04696539529714272 -0.005715555939351524 0.22993915887074212
v 0.04750520550344639 -0.0087152990666034 0.23130654479994728
v 0.04553396059780557 -0.00780451191778303 0.22814635788226834
v -0.007117090563263373 -0.004478476260232067 0.2988679951524985
v -0.007129556517682378 -0.008134972958717124 0.29856843459139515
v -0.004077008441022989 -0.006089950850780568 0.29969206135374893
v 0.003216947231501621 -0.0052145598027319995 0.30110691737798223
v 0.0028016158480964615 -0.009134130911753191 0.3007069844976583
v 0.005859758178561603 -0.007428501958822442 0.30115214443091165
v 0.015796868120916407 -0.005397063034819627 0.3006880635983221
v 0.014598428465910085 -0.008715050157594995 0.30059382531259604
v 0.01679836925185918 -0.008693623002036244 0.30022032065618365
v 0.015796868120916407 -0.005397063034819627 0.3006880635983221
v 0.01679836925185918 -0.008693623002036244 0.30022032065618365
v 0.018649559906802615 -0.006311417402589947 0.30004148763987704
v 0.0195021276200269 -0.0039952044000433895 0.29998091024442164
v 0.018649559906802615 -0.006311417402589947 0.30004148763987704
v 0.021703173714561208 -0.008662451201849608 0.2989891499434093
v 0.021267567691063416 -0.004422602386728591 0.2994639424464295
v 0.021703173714561208 -0.008662451201849608 0.2989891499434093
v 0.02402805633231142 -0.007335751405100621 0.29833558545924166
v 0.027672118547631408 -0.004890135997344669 0.2970159748008604
v 0.02402805633231142 -0.007335751405100621 0.29833558545924166
v 0.027171017983669277 -0.008226028833098198 0.2969485919851599
v 0.03681739600532419 -0.004784544695179693 0.29136411906366166
v 0.03732132898214058 -0.00830513039935532 0.29057499549102406
v 0.03954038807801874 -0.00514795661582218 0.2889889968805369
v 0.0467361777569586 -0.005866484920671877 0.28036884876602375
v 0.045831133158307225 -0.007133010249383287 0.28154356195658525
v 0.04745270000778845 -0.007940717597470226 0.27892564191036573
v 0.04804961242017347 -0.005207440623621884 0.2783454722050748
v 0.04745270000778845 -0.007940717597470226 0.27892564191036573
v 0.049301813559972096 -0.00830190507266404 0.2755151192874371
v 0.05059621288292737 -0.005218014964944451 0.27330665360636874
v 0.049301813559972096 -0.00830190507266404 0.2755151192874371
v 0.05067792751693556 -0.008199792297733377 0.27246955639864
v 0.05287418235147667 -0.004260010444801787 0.2668668644821358
v 0.05194206103034782 -0.007779803168745658 0.26915031185621874
v 0.05276613486099313 -0.008077681925112157 0.26611060834269995
v 0.05380843227378085 -0.007293776858581791 0.2611444826185404
v 0.05385901897662304 -0.008581505229376951 0.25948988048916977
v 0.05428394575461848 -0.0057452023373966155 0.2569564025856329
v 0.054052946750726694 -0.003629688673758985 0.24897654380817247
v 0.054136538215878716 -0.00579332665303689 0.25090882539409154
v 0.05372196452675393 -0.006607069806159049 0.2479283259849473
v 0.0490464081218156 -0.004350375382107807 0.23333365976439413
v 0.05030703974297168 -0.0063491132890849955 0.23622539879334592
v 0.04856021730282434 -0.007882225887843874 0.232959132769066
v 0.04475363753217776 -0.00500832199996748 0.22672474221415928
v 0.04553396059780557 -0.00780451191778303 0.22814635788226834
v 0.04320461478404258 -0.007586151006532538 0.2251009780989487
v -0.02248013412438965 -0.0022805975566715653 0.290126875352552
v -0.023654219797221154 -0.005820011892188892 0.28882099760497926
v -0.02071695426159037 -0.00642224771486094 0.29129731608197307
v -0.01376139133966614 -0.0033499628704489193 0.2960347125472217
v -0.014801020371589813 -0.006522855591648835 0.2952641436629654
v -0.01202399978528168 -0.006610960797554799 0.2966975238580004
v -0.0015703203231900303 -0.0026525820561514035 0.300491194692487
v -0.0014433251112788703 -0.007437558527398358 0.30020439047964576
v 0.001137674862538851 -0.005924522204464877 0.30079734705077843
v 0.006493820022032415 -0.003790529907976292 0.301419142734609
v 0.003216947231501621 -0.0052145598027319995 0.30110691737798223
v 0.005859758178561603 -0.007428501958822442 0.30115214443091165
v 0.006493820022032415 -0.003790529907976292 0.301419142734609
v 0.005859758178561603 -0.007428501958822442 0.30115214443091165
v 0.009133437590492233 -0.0053421266232137055 0.30133695889281487
v 0.025865815437544626 -0.003384069126646516 0.29788380321122065
v 0.02402805633231142 -0.007335751405100621 0.29833558545924166
v 0.027672118547631408 -0.004890135997344669 0.2970159748008604
v 0.03210071334721176 -0.00309387340935649 0.29471925227966256
v 0.030004683966039503 -0.007201022966999704 0.29565034363248077
v 0.033197747853663806 -0.00739080941018766 0.29372218191980426
v 0.033797631915359894 -0.003385956925045508 0.2936268450012135
v 0.033197747853663806 -0.00739080941018766 0.29372218191980426
v 0.03576669099936369 -0.006452152081820872 0.2920126786647791
v 0.046360086735677264 -0.004598895768209987 0.2810867137903549
v 0.045831133158307225 -0.007133010249383287 0.28154356195658525
v 0.0467361777569586 -0.005866484920671877 0.28036884876602375
v 0.046360086735677264 -0.004598895768209987 0.2810867137903549
v 0.0467361777569586 -0.005866484920671877 0.28036884876602375
v 0.04804961242017347 -0.005207440623621884 0.2783454722050748
v 0.05429943724094999 -0.00335743204804978 0.25882420052591104
v 0.05380843227378085 -0.007293776858581791 0.2611444826185404
v 0.05428394575461848 -0.0057452023373966155 0.2569564025856329
v 0.0534340998280225 -0.0027975360291770945 0.24517870732407399
v 0.05372196452675393 -0.006607069806159049 0.2479283259849473
v 0.053197493218883896 -0.007152349334927088 0.24531904241374736
v 0.0534340998280225 -0.0027975360291770945 0.24517870732407399
v 0.053197493218883896 -0.007152349334927088 0.24531904241374736
v 0.05264037573026403 -0.0066406000430421774 0.24287173089613912
v 0.051308054499989986 -0.002845656530119922 0.23814243684826752
v 0.051087439102548426 -0.007506759523269457 0.2383537405692414
v 0.05030703974297168 -0.0063491132890849955 0.23622539879334592
v 0.0490464081218156 -0.004350375382107807 0.23333365976439413
v 0.04856021730282434 -0.007882225887843874 0.232959132769066
v 0.04696539529714272 -0.005715555939351524 0.22993915887074212
v 0.04609571294382331 -0.002641225225015059 0.22836904466042351
v 0.04696539529714272 -0.005715555939351524 0.22993915887074212
v 0.04475363753217776 -0.00500832199996748 0.22672474221415928
v -0.024250663001820216 -0.0018892486992773405 0.28849033963028947
v -0.023654219797221154 -0.005820011892188892 0.28882099760497926
v -0.02248013412438965 -0.0022805975566715653 0.290126875352552
v -0.019849839199652664 -0.0011392496173286137 0.2922548356587028
v -0.02071695426159037 -0.00642224771486094 0.29129731608197307
v -0.018659193925204542 -0.00528621937110757 0.29292884692118537
v -0.01748979460818645 -0.002594897155035053 0.2938574053148989
v -0.018659193925204542 -0.00528621937110757 0.29292884692118537
v -0.016218184287778437 -0.005058228256152597 0.29454508845303085
v -0.009549768901465638 -0.0010690023214734307 0.29807414135502686
v -0.009612102965095293 -0.005496888421793744 0.29786488231188446
v -0.007117090563263373 -0.004478476260232067 0.2988679951524985
v -0.004944457288987292 -0.002183755739938037 0.29963624470070715
v -0.007117090563263373 -0.004478476260232067 0.2988679951524985
v -0.004077008441022989 -0.006089950850780568 0.29969206135374893
v 0.0013539282726592744 -0.0013982730575948232 0.30102714442497447
v 0.001137674862538851 -0.005924522204464877 0.30079734705077843
v 0.003216947231501621 -0.0052145598027319995 0.30110691737798223
v 0.003619739465980515 -0.001902653069268262 0.3012870016150514
v 0.003216947231501621 -0.0052145598027319995 0.30110691737798223
v 0.006493820022032415 -0.003790529907976292 0.301419142734609
v 0.010067541600619068 -0.001903075785429087 0.30144605923979373
v 0.009133437590492233 -0.0053421266232137055 0.30133695889281487
v 0.010499124071984833 -0.006393628424103404 0.301214949609676
v 0.017732714541599526 -0.0019796607242549696 0.3004634847302333
v 0.015796868120916407 -0.005397063034819627 0.3006880635983221
v 0.018649559906802615 -0.006311417402589947 0.30004148763987704
v 0.017732714541599526 -0.0019796607242549696 0.3004634847302333
v 0.018649559906802615 -0.006311417402589947 0.30004148763987704
v 0.0195021276200269 -0.0039952044000433895 0.29998091024442164
v 0.030125070095414763 -0.001903290242951175 0.2958899981848794
v 0.030004683966039503 -0.007201022966999704 0.29565034363248077
v 0.03210071334721176 -0.00309387340935649 0.29471925227966256
v 0.03921787829707535 -0.002393185729209768 0.28943199006564047
v 0.03681739600532419 -0.004784544695179693 0.29136411906366166
v 0.03954038807801874 -0.00514795661582218 0.2889889968805369
v 0.04535982347405598 -0.0017928291218674564 0.2826941662592829
v 0.04410822124175651 -0.0050936958825015255 0.2841054212091264
v 0.046360086735677264 -0.004598895768209987 0.2810867137903549
v 0.04709650263369225 -0.002594300870140398 0.28012153430115194
v 0.046360086735677264 -0.004598895768209987 0.2810867137903549
v 0.04804961242017347 -0.005207440623621884 0.2783454722050748
v 0.04871495287535943 -0.0021280714092139497 0.27744791967220894
v 0.04804961242017347 -0.005207440623621884 0.2783454722050748
v 0.049649862740321904 -0.0038698450972904364 0.27553156826282776
v 0.051465117037967634 -0.0019036187837687818 0.27150129463390005
v 0.05059621288292737 -0.005218014964944451 0.27330665360636874
v 0.05184084566299152 -0.005133461719198651 0.27009504456710676
v 0.053572558086552036 -0.0010889720241889084 0.26430479160653764
v 0.05338007226808328 -0.005806123055622225 0.26426252475882694
v 0.053958788573647 -0.003212505016324807 0.2617886171706195
v 0.054466269219088925 -0.00259414518280085 0.255717526184016
v 0.05428394575461848 -0.0057452023373966155 0.2569564025856329
v 0.054322149949548315 -0.005876477043796624 0.2544727446307514
v 0.054481653893891924 -0.001327842537052898 0.25337124311358916
v 0.054322149949548315 -0.005876477043796624 0.2544727446307514
v 0.054136538215878716 -0.00579332665303689 0.25090882539409154
v 0.05434720106768154 -0.001905339927573066 0.25128733493355415
v 0.054136538215878716 -0.00579332665303689 0.25090882539409154
v 0.054052946750726694 -0.003629688673758985 0.24897654380817247
v 0.054052946750726694 -0.003629688673758985 0.24897654380817247
v 0.05372196452675393 -0.006607069806159049 0.2479283259849473
v 0.0534340998280225 -0.0027975360291770945 0.24517870732407399
v 0.052020346251351324 -0.0028081900023088635 0.24011619182482835
v 0.052347895247621956 -0.004811765422485792 0.24140989305815086
v 0.051308054499989986 -0.002845656530119922 0.23814243684826752
v 0.05060897686058441 -0.0013626025370254424 0.23635331322813247
v 0.05030703974297168 -0.0063491132890849955 0.23622539879334592
v 0.0490464081218156 -0.004350375382107807 0.23333365976439413
v -0.019849839199652664 -0.0011392496173286137 0.2922548356587028
v -0.018659193925204542 -0.00528621937110757 0.29292884692118537
v -0.01748979460818645 -0.002594897155035053 0.2938574053148989
v -0.015102898361392114 -0.0005438250561571462 0.2953724810704549
v -0.016218184287778437 -0.005058228256152597 0.29454508845303085
v -0.01376139133966614 -0.0033499628704489193 0.2960347125472217
v 0.008772259175204855 -8.670928741076351e-05 0.3015117941061972
v 0.006493820022032415 -0.003790529907976292 0.301419142734609
v 0.009133437590492233 -0.0053421266232137055 0.30133695889281487
v 0.01597540931286834 -0.0010811722792124223 0.3008161763973759
v 0.01404431600520395 -0.005008776425800832 0.3009869832902544
v 0.017732714541599526 -0.0019796607242549696 0.3004634847302333
v 0.02196394452467665 -0.0012537471651482418 0.29934330645437146
v 0.021267567691063416 -0.004422602386728591 0.2994639424464295
v 0.023487847490124558 -0.0032408722986322636 0.29879514969005416
v 0.038628881381892466 0.0003530461657842189 0.29000697178240376
v 0.03653029424608212 -0.0025994492811820535 0.2916969743040808
v 0.03921787829707535 -0.002393185729209768 0.28943199006564047
v 0.04196630677234525 -0.002099625210353062 0.2867623122044626
v 0.0427252751616658 -0.005609207896580537 0.28569367812050206
v 0.04410822124175651 -0.0050936958825015255 0.2841054212091264
v 0.04455800458831538 -0.0005472408793021771 0.2837578870129319
v 0.04410822124175651 -0.0050936958825015255 0.2841054212091264
v 0.04535982347405598 -0.0017928291218674564 0.2826941662592829
v 0.047361559256389185 -0.0005161739832953288 0.2798097667082188
v 0.04535982347405598 -0.0017928291218674564 0.2826941662592829
v 0.04709650263369225 -0.002594300870140398 0.28012153430115194
v 0.05276121390128674 -0.0005435246487332096 0.2676728642762781
v 0.05184084566299152 -0.005133461719198651 0.27009504456710676
v 0.05287418235147667 -0.004260010444801787 0.2668668644821358
v 0.04463294813435548 -0.0005392196434551855 0.22633999182967368
v 0.04609571294382331 -0.002641225225015059 0.22836904466042351
v 0.04475363753217776 -0.00500832199996748 0.22672474221415928
v 0.04463294813435548 -0.0005392196434551855 0.22633999182967368
v 0.04475363753217776 -0.00500832199996748 0.22672474221415928
v 0.04320976462559578 -0.003134192138764813 0.22468493193660943
v -0.017504422065546255 0.00012503818271397335 0.29388319266963936
v -0.01748979460818645 -0.002594897155035053 0.2938574053148989
v -0.015102898361392114 -0.0005438250561571462 0.2953724810704549
v -0.01196194800926309 0.00012742554256571677 0.2969920185008944
v -0.01376139133966614 -0.0033499628704489193 0.2960347125472217
v -0.011731658539096412 -0.003167398126364962 0.297060042185766
v -0.01196194800926309 0.00012742554256571677 0.2969920185008944
v -0.011731658539096412 -0.003167398126364962 0.297060042185766
v -0.009549768901465638 -0.0010690023214734307 0.29807414135502686
v 0.011281752168544879 0.00012400353543849663 0.3013825216391196
v 0.010067541600619068 -0.001903075785429087 0.30144605923979373
v 0.0121937109063186 -0.0030672954585701795 0.3012672567410667
v 0.024271737297865137 -0.0010287230503418232 0.29857227980642154
v 0.02196394452467665 -0.0012537471651482418 0.29934330645437146
v 0.023487847490124558 -0.0032408722986322636 0.29879514969005416
v 0.026745597202354476 5.4602208346792025e-05 0.29755412179907725
v 0.024271737297865137 -0.0010287230503418232 0.29857227980642154
v 0.025865815437544626 -0.003384069126646516 0.29788380321122065
v 0.026745597202354476 5.4602208346792025e-05 0.29755412179907725
v 0.025865815437544626 -0.003384069126646516 0.29788380321122065
v 0.028337356005986303 -0.0012406316392796213 0.2968140094592363
v 0.030222825532186803 0.00047515352837073505 0.29586201356440955
v 0.030125070095414763 -0.001903290242951175 0.2958899981848794
v 0.03210071334721176 -0.00309387340935649 0.29471925227966256
v 0.0330110680047091 0.0009663688403412779 0.29421574273426276
v 0.03210071334721176 -0.00309387340935649 0.29471925227966256
v 0.033797631915359894 -0.003385956925045508 0.2936268450012135
v 0.0330110680047091 0.0009663688403412779 0.29421574273426276
v 0.033797631915359894 -0.003385956925045508 0.2936268450012135
v 0.03653029424608212 -0.0025994492811820535 0.2916969743040808
v 0.03635345250184274 0.0007619096998659827 0.2918790421838223
v 0.03653029424608212 -0.0025994492811820535 0.2916969743040808
v 0.038628881381892466 0.0003530461657842189 0.29000697178240376
v 0.04025469780432944 0.0008003005169474747 0.28850630032440694
v 0.03921787829707535 -0.002393185729209768 0.28943199006564047
v 0.04196630677234525 -0.002099625210353062 0.2867623122044626
v 0.047361559256389185 -0.0005161739832953288 0.2798097667082188
v 0.04709650263369225 -0.002594300870140398 0.28012153430115194
v 0.04871495287535943 -0.0021280714092139497 0.27744791967220894
v 0.0499793076412236 0.0014761287675076756 0.27500843591376156
v 0.04871495287535943 -0.0021280714092139497 0.27744791967220894
v 0.049649862740321904 -0.0038698450972904364 0.27553156826282776
v 0.05381873577158469 0.0008067200567039856 0.2629634829490789
v 0.053572558086552036 -0.0010889720241889084 0.26430479160653764
v 0.053958788573647 -0.003212505016324807 0.2617886171706195
v 0.05442440291461015 0.0007015585040482525 0.2578330200589106
v 0.05418461866249835 -0.001405748434079035 0.26048383805591147
v 0.05429943724094999 -0.00335743204804978 0.25882420052591104
v 0.05442440291461015 0.0007015585040482525 0.2578330200589106
v 0.05429943724094999 -0.00335743204804978 0.25882420052591104
v 0.054466269219088925 -0.00259414518280085 0.255717526184016
v 0.05450510665379493 0.0008400720756907704 0.2549053160624303
v 0.054466269219088925 -0.00259414518280085 0.255717526184016
v 0.054481653893891924 -0.001327842537052898 0.25337124311358916
v 0.05402059048698282 0.00023624540497410584 0.24819714008462934
v 0.05434720106768154 -0.001905339927573066 0.25128733493355415
v 0.054052946750726694 -0.003629688673758985 0.24897654380817247
v 0.05402059048698282 0.00023624540497410584 0.24819714008462934
v 0.054052946750726694 -0.003629688673758985 0.24897654380817247
v 0.0534340998280225 -0.0027975360291770945 0.24517870732407399
v 0.05188359697727796 0.0009225100717023121 0.23960570901249578
v 0.052020346251351324 -0.0028081900023088635 0.24011619182482835
v 0.051308054499989986 -0.002845656530119922 0.23814243684826752
v 0.046584196395980104 0.0008260875140600477 0.2290323900288448
v 0.047735906960937324 -0.0017626175525537607 0.23085442685855095
v 0.04609571294382331 -0.002641225225015059 0.22836904466042351
v -0.02428992386794282 0.0013676409178876164 0.2884500564252511
v -0.024250663001820216 -0.0018892486992773405 0.28849033963028947
v -0.02213160810685899 -9.169175166290171e-05 0.29043946692013367
v -0.02213160810685899 -9.169175166290171e-05 0.29043946692013367
v -0.02248013412438965 -0.0022805975566715653 0.290126875352552
v -0.019849839199652664 -0.0011392496173286137 0.2922548356587028
v -0.005958169743294495 0.0013909633820309575 0.2993477009858302
v -0.007300146926480788 -0.0017751414426902395 0.2989058064335913
v -0.004944457288987292 -0.002183755739938037 0.29963624470070715
v -0.003526604343072337 0.0016737120946490325 0.30002693075442
v -0.004944457288987292 -0.002183755739938037 0.29963624470070715
v -0.0014991392609254445 0.0007655542856485273 0.3005286397626249
v -0.0014991392609254445 0.0007655542856485273 0.3005286397626249
v -0.0015703203231900303 -0.0026525820561514035 0.300491194692487
v 0.0013539282726592744 -0.0013982730575948232 0.30102714442497447
v 0.001457571098893995 0.0020642324474415275 0.3010231466220502
v 0.0013539282726592744 -0.0013982730575948232 0.30102714442497447
v 0.003619739465980515 -0.001902653069268262 0.3012870016150514
v 0.0048396298799860404 0.0019316093647033655 0.30138548184433833
v 0.003619739465980515 -0.001902653069268262 0.3012870016150514
v 0.006965974661768126 0.0004396497816053571 0.3015060873188168
v 0.008772259175204855 -8.670928741076351e-05 0.3015117941061972
v 0.010067541600619068 -0.001903075785429087 0.30144605923979373
v 0.011281752168544879 0.00012400353543849663 0.3013825216391196
v 0.016546873878585666 0.0020987239880812525 0.30067988488699615
v 0.01597540931286834 -0.0010811722792124223 0.3008161763973759
v 0.017732714541599526 -0.0019796607242549696 0.3004634847302333
v 0.0187477425896887 0.0020827528035458065 0.3002220296406398
v 0.017732714541599526 -0.0019796607242549696 0.3004634847302333
v 0.020703328162310353 -0.0005299381269392028 0.2997418050084554
v 0.022733946926362103 0.0015147839312013023 0.2990944050753618
v 0.02196394452467665 -0.0012537471651482418 0.29934330645437146
v 0.024271737297865137 -0.0010287230503418232 0.29857227980642154
v 0.02538943602038657 0.0018370749630879785 0.2981102741692431
v 0.024271737297865137 -0.0010287230503418232 0.29857227980642154
v 0.026745597202354476 5.4602208346792025e-05 0.29755412179907725
v 0.030222825532186803 0.00047515352837073505 0.29586201356440955
v 0.028337356005986303 -0.0012406316392796213 0.2968140094592363
v 0.030125070095414763 -0.001903290242951175 0.2958899981848794
v 0.04380318277511952 0.002709072718548311 0.28462550180023516
v 0.04196630677234525 -0.002099625210353062 0.2867623122044626
v 0.04455800458831538 -0.0005472408793021771 0.2837578870129319
v 0.04897749179774147 0.0022163921455256586 0.27693183688402445
v 0.04871495287535943 -0.0021280714092139497 0.27744791967220894
v 0.0499793076412236 0.0014761287675076756 0.27500843591376156
v 0.05112922529838082 0.0016567254853369628 0.27234715038696666
v 0.05070850613166922 -0.0019040815542527983 0.2733791023402786
v 0.051465117037967634 -0.0019036187837687818 0.27150129463390005
v 0.05412390012323742 0.0016666193800024542 0.26083100604115106
v 0.05418461866249835 -0.001405748434079035 0.26048383805591147
v 0.05442440291461015 0.0007015585040482525 0.2578330200589106
v 0.054344629961602386 0.0014963092322570898 0.2512768826625499
v 0.05434720106768154 -0.001905339927573066 0.25128733493355415
v 0.05402059048698282 0.00023624540497410584 0.24819714008462934
v 0.05345585886225912 0.0016912211983020203 0.2452167627458034
v 0.0534340998280225 -0.0027975360291770945 0.24517870732407399
v 0.05285264838438941 0.0015658754854087215 0.24272793206118404
v 0.05188359697727796 0.0009225100717023121 0.23960570901249578
v 0.051308054499989986 -0.002845656530119922 0.23814243684826752
v 0.05060897686058441 -0.0013626025370254424 0.23635331322813247
v 0.04996482323501805 0.001513907504462897 0.2349977986373818
v 0.05060897686058441 -0.0013626025370254424 0.23635331322813247
v 0.04922205968045157 -0.0006732779465030633 0.23345368540486067
v 0.046584196395980104 0.0008260875140600477 0.2290323900288448
v 0.04609571294382331 -0.002641225225015059 0.22836904466042351
v 0.04463294813435548 -0.0005392196434551855 0.22633999182967368
v -0.021197487884268007 0.0035765291959075074 0.29109034585729876
v -0.02213160810685899 -9.169175166290171e-05 0.29043946692013367
v -0.019849839199652664 -0.0011392496173286137 0.2922548356587028
v -0.01898992056444837 0.0036525170153736686 0.2927740312400039
v -0.019849839199652664 -0.0011392496173286137 0.2922548356587028
v -0.017504422065546255 0.00012503818271397335 0.29388319266963936
v -0.016696617919511603 0.0027101641988552805 0.2943594805340587
v -0.017504422065546255 0.00012503818271397335 0.29388319266963936
v -0.015102898361392114 -0.0005438250561571462 0.2953724810704549
v -0.009760411726106866 0.0034026617235836942 0.2979115436910539
v -0.01196194800926309 0.00012742554256571677 0.2969920185008944
v -0.009549768901465638 -0.0010690023214734307 0.29807414135502686
v 0.01128033691579211 0.0028785995420148314 0.30133927822886253
v 0.008772259175204855 -8.670928741076351e-05 0.3015117941061972
v 0.011281752168544879 0.00012400353543849663 0.3013825216391196
v 0.01128033691579211 0.0028785995420148314 0.30133927822886253
v 0.011281752168544879 0.00012400353543849663 0.3013825216391196
v 0.013694277460135629 -0.00011159593396949802 0.3011588888159976
v 0.014026467989524671 0.003399637145345552 0.3010479268966647
v 0.013694277460135629 -0.00011159593396949802 0.3011588888159976
v 0.016546873878585666 0.0020987239880812525 0.30067988488699615
v 0.01967372034057946 0.00430229970385998 0.29991694539763347
v 0.0187477425896887 0.0020827528035458065 0.3002220296406398
v 0.020703328162310353 -0.0005299381269392028 0.2997418050084554
v 0.01967372034057946 0.00430229970385998 0.29991694539763347
v 0.020703328162310353 -0.0005299381269392028 0.2997418050084554
v 0.022733946926362103 0.0015147839312013023 0.2990944050753618
v 0.03684496100907486 0.003641959601771022 0.2913674454798353
v 0.03635345250184274 0.0007619096998659827 0.2918790421838223
v 0.038628881381892466 0.0003530461657842189 0.29000697178240376
v 0.04605361012810283 0.00166683812905917 0.28170838740386717
v 0.04455800458831538 -0.0005472408793021771 0.2837578870129319
v 0.04535982347405598 -0.0017928291218674564 0.2826941662592829
v 0.04760615002728397 0.003355117480373926 0.2792672251785432
v 0.047361559256389185 -0.0005161739832953288 0.2798097667082188
v 0.04897749179774147 0.0022163921455256586 0.27693183688402445
v 0.049466742004085074 0.004173558910239017 0.27584043668570135
v 0.04897749179774147 0.0022163921455256586 0.27693183688402445
v 0.0499793076412236 0.0014761287675076756 0.27500843591376156
v 0.05309431328234249 0.002791348351499773 0.2662027103978558
v 0.05276121390128674 -0.0005435246487332096 0.2676728642762781
v 0.053572558086552036 -0.0010889720241889084 0.26430479160653764
v 0.05412390012323742 0.0016666193800024542 0.26083100604115106
v 0.05381873577158469 0.0008067200567039856 0.2629634829490789
v 0.05418461866249835 -0.001405748434079035 0.26048383805591147
v 0.05439958830771863 0.003480373309458634 0.2567690856822046
v 0.05442440291461015 0.0007015585040482525 0.2578330200589106
v 0.05450510665379493 0.0008400720756907704 0.2549053160624303
v 0.05437146635814072 0.0034506780356025057 0.2525954557232256
v 0.054481653893891924 -0.001327842537052898 0.25337124311358916
v 0.054344629961602386 0.0014963092322570898 0.2512768826625499
v 0.052103136630039515 0.0030367089760230392 0.24037989422993167
v 0.05285264838438941 0.0015658754854087215 0.24272793206118404
v 0.05188359697727796 0.0009225100717023121 0.23960570901249578
v 0.05091684583272693 0.0030945767441982464 0.237207637609531
v 0.05060897686058441 -0.0013626025370254424 0.23635331322813247
v 0.04996482323501805 0.001513907504462897 0.2349977986373818
v 0.04527662492274098 0.003442291184847096 0.22729497844729873
v 0.046584196395980104 0.0008260875140600477 0.2290323900288448
v 0.04463294813435548 -0.0005392196434551855 0.22633999182967368
v 0.04527662492274098 0.003442291184847096 0.22729497844729873
v 0.04463294813435548 -0.0005392196434551855 0.22633999182967368
v 0.043202444221195346 0.00020511117061662414 0.22460515898360167
v -0.006964591833943656 0.0048846466477187045 0.29888008011401
v -0.008419377726864297 0.0016656189755970274 0.29849507033009803
v -0.005958169743294495 0.0013909633820309575 0.2993477009858302
v -0.006964591833943656 0.0048846466477187045 0.29888008011401
v -0.005958169743294495 0.0013909633820309575 0.2993477009858302
v -0.003526604343072337 0.0016737120946490325 0.30002693075442
v -0.0012455627317761037 0.004140109735676634 0.3004656514783831
v -0.003526604343072337 0.0016737120946490325 0.30002693075442
v -0.0014991392609254445 0.0007655542856485273 0.3005286397626249
v -0.0012455627317761037 0.004140109735676634 0.3004656514783831
v -0.0014991392609254445 0.0007655542856485273 0.3005286397626249
v 0.001457571098893995 0.0020642324474415275 0.3010231466220502
v 0.006614504651482889 0.005053659202285676 0.3013308248593204
v 0.0048396298799860404 0.0019316093647033655 0.30138548184433833
v 0.006965974661768126 0.0004396497816053571 0.3015060873188168
v 0.009558820224832565 0.004114540295527824 0.30137541104307874
v 0.006965974661768126 0.0004396497816053571 0.3015060873188168
v 0.008772259175204855 -8.670928741076351e-05 0.3015117941061972
v 0.009558820224832565 0.004114540295527824 0.30137541104307874
v 0.008772259175204855 -8.670928741076351e-05 0.3015117941061972
v 0.01128033691579211 0.0028785995420148314 0.30133927822886253
v 0.024330384456412446 0.004479913924332335 0.29841917310969623
v 0.022733946926362103 0.0015147839312013023 0.2990944050753618
v 0.02538943602038657 0.0018370749630879785 0.2981102741692431
v 0.026580939601760223 0.00577154711480149 0.29741023141138345
v 0.02538943602038657 0.0018370749630879785 0.2981102741692431
v 0.0282996191114937 0.0026115683365519893 0.2967988117046082
v 0.030739425211875337 0.003636377507313382 0.29546540710025926
v 0.030222825532186803 0.00047515352837073505 0.29586201356440955
v 0.0330110680047091 0.0009663688403412779 0.29421574273426276
v 0.034807737096393954 0.006081744959735291 0.2927353349491034
v 0.0330110680047091 0.0009663688403412779 0.29421574273426276
v 0.03635345250184274 0.0007619096998659827 0.2918790421838223
v 0.039139078091916524 0.00558322551543311 0.28927531281210495
v 0.038628881381892466 0.0003530461657842189 0.29000697178240376
v 0.04025469780432944 0.0008003005169474747 0.28850630032440694
v 0.04096076778415503 0.005354304567975476 0.2875704787467547
v 0.04025469780432944 0.0008003005169474747 0.28850630032440694
v 0.042103334519332236 0.0020824481045872423 0.28658338763541724
v 0.045679712557853414 0.004260887825214554 0.28207758908155955
v 0.04380318277511952 0.002709072718548311 0.28462550180023516
v 0.04605361012810283 0.00166683812905917 0.28170838740386717
v 0.045679712557853414 0.004260887825214554 0.28207758908155955
v 0.04605361012810283 0.00166683812905917 0.28170838740386717
v 0.04760615002728397 0.003355117480373926 0.2792672251785432
v 0.05077588894736973 0.004259280883915084 0.27295338210521425
v 0.0499793076412236 0.0014761287675076756 0.27500843591376156
v 0.05112922529838082 0.0016567254853369628 0.27234715038696666
v 0.05137681060677135 0.005038388968406082 0.2713314948211475
v 0.05112922529838082 0.0016567254853369628 0.27234715038696666
v 0.051900515160454574 0.0003623751872043439 0.2703675665527071
v 0.05341558710131311 0.00426115390036147 0.26450684850090045
v 0.05309431328234249 0.002791348351499773 0.2662027103978558
v 0.05381873577158469 0.0008067200567039856 0.2629634829490789
v 0.05341558710131311 0.00426115390036147 0.26450684850090045
v 0.05381873577158469 0.0008067200567039856 0.2629634829490789
v 0.05412390012323742 0.0016666193800024542 0.26083100604115106
v 0.05416466779485152 0.005002455472131462 0.25916798105981786
v 0.05412390012323742 0.0016666193800024542 0.26083100604115106
v 0.05442440291461015 0.0007015585040482525 0.2578330200589106
v 0.05435552855220793 0.004921789403083965 0.2548975035620592
v 0.05450510665379493 0.0008400720756907704 0.2549053160624303
v 0.05437146635814072 0.0034506780356025057 0.2525954557232256
v 0.05417457456412089 0.004918880219443589 0.2508850827171826
v 0.05437146635814072 0.0034506780356025057 0.2525954557232256
v 0.054344629961602386 0.0014963092322570898 0.2512768826625499
v 0.05417457456412089 0.004918880219443589 0.2508850827171826
v 0.054344629961602386 0.0014963092322570898 0.2512768826625499
v 0.05393074673271547 0.003923597045339122 0.2483205074000593
v 0.05393074673271547 0.003923597045339122 0.2483205074000593
v 0.05402059048698282 0.00023624540497410584 0.24819714008462934
v 0.05345585886225912 0.0016912211983020203 0.2452167627458034
v 0.052103136630039515 0.0030367089760230392 0.24037989422993167
v 0.05188359697727796 0.0009225100717023121 0.23960570901249578
v 0.05091684583272693 0.0030945767441982464 0.237207637609531
v 0.04964518973594956 0.005704814228178479 0.2347411457931602
v 0.04996482323501805 0.001513907504462897 0.2349977986373818
v 0.048645731375489554 0.0028388425268055517 0.23249050481711986
v 0.04693147119274821 0.004263463222828334 0.22977479118715383
v 0.04787220228601452 0.0019853665579610408 0.23110082579603552
v 0.046584196395980104 0.0008260875140600477 0.2290323900288448
v -0.023577296423206162 0.005338028684481466 0.288889295948067
v -0.02471007655208357 0.0029972828858172706 0.2879717238830003
v -0.023127925063971544 0.0030155583860291824 0.28947233430583796
v -0.023577296423206162 0.005338028684481466 0.288889295948067
v -0.023127925063971544 0.0030155583860291824 0.28947233430583796
v -0.021197487884268007 0.0035765291959075074 0.29109034585729876
v -0.01563551786300854 0.00684542306989111 0.29472346370564384
v -0.016696617919511603 0.0027101641988552805 0.2943594805340587
v -0.013694437677428395 0.00264531291174791 0.29609028505962687
v -0.013484966918577701 0.0054007132234390465 0.29604145693230766
v -0.013694437677428395 0.00264531291174791 0.29609028505962687
v -0.011475196429747148 0.003609782628807151 0.29714927558844184
v -0.0031846469961265 0.0065569537416143575 0.29987147420406746
v -0.003987205456334603 0.004141444879783018 0.29982636922145633
v -0.0012455627317761037 0.004140109735676634 0.3004656514783831
v 0.0013693891222019139 0.005424429674303066 0.30085072229745424
v -0.0012455627317761037 0.004140109735676634 0.3004656514783831
v 0.001457571098893995 0.0020642324474415275 0.3010231466220502
v 0.0013693891222019139 0.005424429674303066 0.30085072229745424
v 0.001457571098893995 0.0020642324474415275 0.3010231466220502
v 0.004090626434070932 0.004623756628308051 0.3012111959473883
v 0.009788269507886582 0.005749653135642685 0.30126612759062243
v 0.009558820224832565 0.004114540295527824 0.30137541104307874
v 0.01128033691579211 0.0028785995420148314 0.30133927822886253
v 0.012075341798218342 0.0068577216544596364 0.3010376119547685
v 0.01128033691579211 0.0028785995420148314 0.30133927822886253
v 0.014026467989524671 0.003399637145345552 0.3010479268966647
v 0.015469320078320137 0.006016852187793187 0.30068992517067616
v 0.014026467989524671 0.003399637145345552 0.3010479268966647
v 0.016546873878585666 0.0020987239880812525 0.30067988488699615
v 0.015469320078320137 0.006016852187793187 0.30068992517067616
v 0.016546873878585666 0.0020987239880812525 0.30067988488699615
v 0.0187477425896887 0.0020827528035458065 0.3002220296406398
v 0.029306830844514353 0.006273685276469154 0.29607221865251876
v 0.0282996191114937 0.0026115683365519893 0.2967988117046082
v 0.030739425211875337 0.003636377507313382 0.29546540710025926
v 0.04096076778415503 0.005354304567975476 0.2875704787467547
v 0.042103334519332236 0.0020824481045872423 0.28658338763541724
v 0.042849409231282554 0.005845239916916212 0.28548719617710094
v 0.049466742004085074 0.004173558910239017 0.27584043668570135
v 0.0499793076412236 0.0014761287675076756 0.27500843591376156
v 0.05077588894736973 0.004259280883915084 0.27295338210521425
v 0.052824667578617035 0.0058872001583196165 0.26660154464531505
v 0.05219881687140049 0.004263362133345994 0.2691213811907821
v 0.05309431328234249 0.002791348351499773 0.2662027103978558
v 0.052824667578617035 0.0058872001583196165 0.26660154464531505
v 0.05309431328234249 0.002791348351499773 0.2662027103978558
v 0.05341558710131311 0.00426115390036147 0.26450684850090045
v 0.05293417609822271 0.00632410603997241 0.24401017394337632
v 0.05345585886225912 0.0016912211983020203 0.2452167627458034
v 0.05285264838438941 0.0015658754854087215 0.24272793206118404
v 0.05239789067235989 0.005627406387587741 0.24183449940156077
v 0.05285264838438941 0.0015658754854087215 0.24272793206118404
v 0.052103136630039515 0.0030367089760230392 0.24037989422993167
v 0.05091118863641331 0.007400053852612831 0.23793741974868599
v 0.052103136630039515 0.0030367089760230392 0.24037989422993167
v 0.05091684583272693 0.0030945767441982464 0.237207637609531
v 0.048098139186394384 0.005877255718912955 0.23185465578789521
v 0.048645731375489554 0.0028388425268055517 0.23249050481711986
v 0.04693147119274821 0.004263463222828334 0.22977479118715383
v 0.04496743606528186 0.006285259068522786 0.22717498332441177
v 0.04527662492274098 0.003442291184847096 0.22729497844729873
v 0.04320260825318556 0.003568565776568694 0.22472407073241374
v -0.021650816992103694 0.008107582477374642 0.2903000931342169
v -0.023577296423206162 0.005338028684481466 0.288889295948067
v -0.021197487884268007 0.0035765291959075074 0.29109034585729876
v -0.01955706880000463 0.006817035998840648 0.292116468952912
v -0.01898992056444837 0.0036525170153736686 0.2927740312400039
v -0.01740326582600038 0.00770561970117184 0.29352540456670784
v -0.008795338094758076 0.007562112690571443 0.29799323925157484
v -0.011475196429747148 0.003609782628807151 0.29714927558844184
v -0.009760411726106866 0.0034026617235836942 0.2979115436910539
v -0.008795338094758076 0.007562112690571443 0.29799323925157484
v -0.009760411726106866 0.0034026617235836942 0.2979115436910539
v -0.006964591833943656 0.0048846466477187045 0.29888008011401
v -0.005386153000121741 0.006910477966474704 0.2992277668981024
v -0.006964591833943656 0.0048846466477187045 0.29888008011401
v -0.003987205456334603 0.004141444879783018 0.29982636922145633
v -0.005386153000121741 0.006910477966474704 0.2992277668981024
v -0.003987205456334603 0.004141444879783018 0.29982636922145633
v -0.0031846469961265 0.0065569537416143575 0.29987147420406746
v -0.0008472242161710122 0.008673040801961962 0.300188521338267
v -0.0012455627317761037 0.004140109735676634 0.3004656514783831
v 0.0013693891222019139 0.005424429674303066 0.30085072229745424
v 0.03730558572577758 0.006918137878947905 0.29072907875029574
v 0.03684496100907486 0.003641959601771022 0.2913674454798353
v 0.039139078091916524 0.00558322551543311 0.28927531281210495
v 0.044267008022980114 0.00784031619118164 0.28350730716704564
v 0.04380318277511952 0.002709072718548311 0.28462550180023516
v 0.045679712557853414 0.004260887825214554 0.28207758908155955
v 0.04588392094157623 0.00802960147849252 0.2812966442202479
v 0.045679712557853414 0.004260887825214554 0.28207758908155955
v 0.04760615002728397 0.003355117480373926 0.2792672251785432
v 0.04842033616214714 0.00797263898570516 0.2772019479808384
v 0.04760615002728397 0.003355117480373926 0.2792672251785432
v 0.049466742004085074 0.004173558910239017 0.27584043668570135
v 0.05030777597957892 0.007467167732143343 0.27346046220742426
v 0.049466742004085074 0.004173558910239017 0.27584043668570135
v 0.05077588894736973 0.004259280883915084 0.27295338210521425
v 0.053325464874132145 0.00844304601717305 0.2632680483932325
v 0.05341558710131311 0.00426115390036147 0.26450684850090045
v 0.05395560330127891 0.005066683056206278 0.26104972553396155
v 0.05411228055481443 0.007607817534356076 0.2567538268924173
v 0.05439958830771863 0.003480373309458634 0.2567690856822046
v 0.05435552855220793 0.004921789403083965 0.2548975035620592
v 0.05406526059408501 0.008060386086888305 0.25294543132578606
v 0.05435552855220793 0.004921789403083965 0.2548975035620592
v 0.05437146635814072 0.0034506780356025057 0.2525954557232256
v 0.05406526059408501 0.008060386086888305 0.25294543132578606
v 0.05437146635814072 0.0034506780356025057 0.2525954557232256
v 0.05417457456412089 0.004918880219443589 0.2508850827171826
v 0.04688693460005666 0.007597765806583723 0.23015172907126835
v 0.04693147119274821 0.004263463222828334 0.22977479118715383
v 0.04527662492274098 0.003442291184847096 0.22729497844729873
v -0.02358061520998489 0.00828414002665423 0.2885549758638283
v -0.023577296423206162 0.005338028684481466 0.288889295948067
v -0.021650816992103694 0.008107582477374642 0.2903000931342169
v -0.008795338094758076 0.007562112690571443 0.29799323925157484
v -0.006964591833943656 0.0048846466477187045 0.29888008011401
v -0.005386153000121741 0.006910477966474704 0.2992277668981024
v 0.0032648345590630123 0.00817392769536962 0.3008373555976006
v 0.0013693891222019139 0.005424429674303066 0.30085072229745424
v 0.004090626434070932 0.004623756628308051 0.3012111959473883
v 0.0053638909026593184 0.008644952230986713 0.30096131800583226
v 0.004090626434070932 0.004623756628308051 0.3012111959473883
v 0.006614504651482889 0.005053659202285676 0.3013308248593204
v 0.007663156873379817 0.008758096157259199 0.3010240011142783
v 0.006614504651482889 0.005053659202285676 0.3013308248593204
v 0.009788269507886582 0.005749653135642685 0.30126612759062243
v 0.009968900200365005 0.008643530302513414 0.3009948873433642
v 0.009788269507886582 0.005749653135642685 0.30126612759062243
v 0.012075341798218342 0.0068577216544596364 0.3010376119547685
v 0.01480943368680876 0.00878026241044827 0.3005229940104036
v 0.015469320078320137 0.006016852187793187 0.30068992517067616
v 0.016236195381773566 0.006929022164438026 0.30045411583330395
v 0.016236195381773566 0.006929022164438026 0.30045411583330395
v 0.015469320078320137 0.006016852187793187 0.30068992517067616
v 0.01967372034057946 0.00430229970385998 0.29991694539763347
v 0.024538401815535904 0.008232179079056823 0.2980108784125689
v 0.024330384456412446 0.004479913924332335 0.29841917310969623
v 0.026580939601760223 0.00577154711480149 0.29741023141138345
v 0.03227295838102773 0.008044199371947114 0.29419267144410444
v 0.03257952272664344 0.004995845555130496 0.2943009172988552
v 0.034807737096393954 0.006081744959735291 0.2927353349491034
v 0.047028250066973865 0.007564243199095488 0.2796329478521641
v 0.04588392094157623 0.00802960147849252 0.2812966442202479
v 0.04760615002728397 0.003355117480373926 0.2792672251785432
v 0.04942737051173651 0.009175269562693988 0.2749486824929547
v 0.049466742004085074 0.004173558910239017 0.27584043668570135
v 0.05030777597957892 0.007467167732143343 0.27346046220742426
v 0.05169110734411175 0.008074732210311408 0.26972227233260415
v 0.05137681060677135 0.005038388968406082 0.2713314948211475
v 0.05219881687140049 0.004263362133345994 0.2691213811907821
v 0.05169110734411175 0.008074732210311408 0.26972227233260415
v 0.05219881687140049 0.004263362133345994 0.2691213811907821
v 0.052824667578617035 0.0058872001583196165 0.26660154464531505
v 0.05388247173652605 0.008183693320833463 0.25931474009999167
v 0.05395560330127891 0.005066683056206278 0.26104972553396155
v 0.05416466779485152 0.005002455472131462 0.25916798105981786
v 0.05390897243968906 0.009744784818015995 0.25402018418445127
v 0.05435552855220793 0.004921789403083965 0.2548975035620592
v 0.05406526059408501 0.008060386086888305 0.25294543132578606
v 0.05317612328378685 0.009126703695824245 0.24635703684781507
v 0.053551298777680945 0.0049067132419369774 0.24639349009661682
v 0.05293417609822271 0.00632410603997241 0.24401017394337632
v 0.044459394659315254 0.008534423279814018 0.22687023477478074
v 0.04496743606528186 0.006285259068522786 0.22717498332441177
v 0.043195596839278316 0.00740275751942826 0.2251300460934934
v -0.005294500602427421 0.00966777084493664 0.29893702591749605
v -0.005386153000121741 0.006910477966474704 0.2992277668981024
v -0.0031846469961265 0.0065569537416143575 0.29987147420406746
v 0.01784048928121562 0.00952141711636656 0.29986344808063936
v 0.016236195381773566 0.006929022164438026 0.30045411583330395
v 0.01932048507905071 0.00743797385258288 0.2997523335734086
v 0.0273130277255218 0.008622347287591259 0.2968071735214116
v 0.024538401815535904 0.008232179079056823 0.2980108784125689
v 0.026580939601760223 0.00577154711480149 0.29741023141138345
v 0.029236186462496816 0.010129889969364148 0.2956572711230442
v 0.0273130277255218 0.008622347287591259 0.2968071735214116
v 0.029306830844514353 0.006273685276469154 0.29607221865251876
v 0.029236186462496816 0.010129889969364148 0.2956572711230442
v 0.029306830844514353 0.006273685276469154 0.29607221865251876
v 0.03227295838102773 0.008044199371947114 0.29419267144410444
v 0.03282191241711141 0.01045069839524626 0.29352119314072656
v 0.03227295838102773 0.008044199371947114 0.29419267144410444
v 0.034807737096393954 0.006081744959735291 0.2927353349491034
v 0.035648881698113755 0.011231998023420453 0.2914100175033417
v 0.034807737096393954 0.006081744959735291 0.2927353349491034
v 0.03730558572577758 0.006918137878947905 0.29072907875029574
v 0.038330552968064424 0.010187543399226562 0.28939851228084723
v 0.03730558572577758 0.006918137878947905 0.29072907875029574
v 0.039139078091916524 0.00558322551543311 0.28927531281210495
v 0.038330552968064424 0.010187543399226562 0.28939851228084723
v 0.039139078091916524 0.00558322551543311 0.28927531281210495
v 0.040649858498147395 0.00919207807331901 0.28735285788680887
v 0.040649858498147395 0.00919207807331901 0.28735285788680887
v 0.04096076778415503 0.005354304567975476 0.2875704787467547
v 0.042849409231282554 0.005845239916916212 0.28548719617710094
v 0.0425623494337124 0.009703297122258814 0.28522465344002146
v 0.042849409231282554 0.005845239916916212 0.28548719617710094
v 0.044267008022980114 0.00784031619118164 0.28350730716704564
v 0.047226740219223906 0.010371673122938074 0.278692090873882
v 0.047028250066973865 0.007564243199095488 0.2796329478521641
v 0.04842033616214714 0.00797263898570516 0.2772019479808384
v 0.05063538219631125 0.009674357873752926 0.27203785471797903
v 0.05030777597957892 0.007467167732143343 0.27346046220742426
v 0.05169110734411175 0.008074732210311408 0.26972227233260415
v 0.05346521631509615 0.009391716449500542 0.2616622133560219
v 0.053325464874132145 0.00844304601717305 0.2632680483932325
v 0.05388247173652605 0.008183693320833463 0.25931474009999167
v 0.052597517604449084 0.010277952682390401 0.2443932763785649
v 0.05317612328378685 0.009126703695824245 0.24635703684781507
v 0.05293417609822271 0.00632410603997241 0.24401017394337632
v 0.05081667569247106 0.010744710478913233 0.23878322972538324
v 0.05187297304488858 0.006226797876476009 0.24030224224870433
v 0.05091118863641331 0.007400053852612831 0.23793741974868599
v 0.049492395844414894 0.009822368134689285 0.23537484333302483
v 0.05091118863641331 0.007400053852612831 0.23793741974868599
v 0.04964518973594956 0.005704814228178479 0.2347411457931602
v 0.049492395844414894 0.009822368134689285 0.23537484333302483
v 0.04964518973594956 0.005704814228178479 0.2347411457931602
v 0.04851403276083577 0.00884469360399931 0.23320917855730972
v 0.045915445601276694 0.010597093131813895 0.22931231252749196
v 0.04688693460005666 0.007597765806583723 0.23015172907126835
v 0.04496743606528186 0.006285259068522786 0.22717498332441177
v -0.02193909749285683 0.012498702642911863 0.28928175202139517
v -0.02358061520998489 0.00828414002665423 0.2885549758638283
v -0.021650816992103694 0.008107582477374642 0.2903000931342169
v -0.019546580289374615 0.01056380512821864 0.2915697465148347
v -0.021650816992103694 0.008107582477374642 0.2903000931342169
v -0.01955706880000463 0.006817035998840648 0.292116468952912
v -0.019546580289374615 0.01056380512821864 0.2915697465148347
v -0.01955706880000463 0.006817035998840648 0.292116468952912
v -0.01740326582600038 0.00770561970117184 0.29352540456670784
v -0.012751613268938145 0.010573276068304716 0.2958360736217712
v -0.01563551786300854 0.00684542306989111 0.29472346370564384
v -0.012459048862952238 0.007483518479074747 0.2963873431792051
v -0.012751613268938145 0.010573276068304716 0.2958360736217712
v -0.012459048862952238 0.007483518479074747 0.2963873431792051
v -0.009624761084898181 0.010076959134940888 0.2973451679317306
v -0.007509901403454089 0.011103857567810183 0.29799946483780804
v -0.009624761084898181 0.010076959134940888 0.2973451679317306
v -0.008795338094758076 0.007562112690571443 0.29799323925157484
v -0.007509901403454089 0.011103857567810183 0.29799946483780804
v -0.008795338094758076 0.007562112690571443 0.29799323925157484
v -0.005294500602427421 0.00966777084493664 0.29893702591749605
v -0.002765936029202054 0.011892269699373959 0.29931803789848377
v -0.0031846469961265 0.0065569537416143575 0.29987147420406746
v -0.0008472242161710122 0.008673040801961962 0.300188521338267
v 0.0034891182649368635 0.011893100349743002 0.3003893880470264
v 0.0014893952123440357 0.009468208762704045 0.30048414513160526
v 0.0032648345590630123 0.00817392769536962 0.3008373555976006
v 0.0034891182649368635 0.011893100349743002 0.3003893880470264
v 0.0032648345590630123 0.00817392769536962 0.3008373555976006
v 0.0053638909026593184 0.008644952230986713 0.30096131800583226
v 0.010886578123285862 0.011642347888797255 0.3005607442563373
v 0.009968900200365005 0.008643530302513414 0.3009948873433642
v 0.012075341798218342 0.0068577216544596364 0.3010376119547685
v 0.010886578123285862 0.011642347888797255 0.3005607442563373
v 0.012075341798218342 0.0068577216544596364 0.3010376119547685
v 0.01480943368680876 0.00878026241044827 0.3005229940104036
v 0.03282191241711141 0.01045069839524626 0.29352119314072656
v 0.034807737096393954 0.006081744959735291 0.2927353349491034
v 0.035648881698113755 0.011231998023420453 0.2914100175033417
v 0.04581061008604337 0.011654059009958972 0.2805693187462487
v 0.04588392094157623 0.00802960147849252 0.2812966442202479
v 0.047028250066973865 0.007564243199095488 0.2796329478521641
v 0.04581061008604337 0.011654059009958972 0.2805693187462487
v 0.047028250066973865 0.007564243199095488 0.2796329478521641
v 0.047226740219223906 0.010371673122938074 0.278692090873882
v 0.04942737051173651 0.009175269562693988 0.2749486824929547
v 0.05030777597957892 0.007467167732143343 0.27346046220742426
v 0.05063538219631125 0.009674357873752926 0.27203785471797903
v 0.051574350899357135 0.010224506863811822 0.2692851690403585
v 0.05169110734411175 0.008074732210311408 0.26972227233260415
v 0.05262716543300572 0.009338625397784517 0.2660269901746658
v 0.05372149913366542 0.010708113225282867 0.2574867370834787
v 0.05411228055481443 0.007607817534356076 0.2567538268924173
v 0.05390897243968906 0.009744784818015995 0.25402018418445127
v 0.05335057321272707 0.01132624107751834 0.24940086023457642
v 0.05380420177431233 0.00753727996386705 0.2492881130368384
v 0.05317612328378685 0.009126703695824245 0.24635703684781507
v 0.04722755274978008 0.011816235149864074 0.23170232728944906
v 0.04851403276083577 0.00884469360399931 0.23320917855730972
v 0.04688693460005666 0.007597765806583723 0.23015172907126835
v -0.019807295786377077 0.013080501224012608 0.29090000771349256
v -0.021650816992103694 0.008107582477374642 0.2903000931342169
v -0.019546580289374615 0.01056380512821864 0.2915697465148347
v -0.004922297234681572 0.013643047980773648 0.29843220411617455
v -0.005294500602427421 0.00966777084493664 0.29893702591749605
v -0.002765936029202054 0.011892269699373959 0.29931803789848377
v 0.005884648602564879 0.012492135641257174 0.30045472618489544
v 0.0053638909026593184 0.008644952230986713 0.30096131800583226
v 0.007663156873379817 0.008758096157259199 0.3010240011142783
v 0.0088367599869843 0.01313226285366842 0.3003935689554281
v 0.007663156873379817 0.008758096157259199 0.3010240011142783
v 0.009968900200365005 0.008643530302513414 0.3009948873433642
v 0.01822429362073441 0.012260779963154111 0.2993717183209553
v 0.01480943368680876 0.00878026241044827 0.3005229940104036
v 0.01784048928121562 0.00952141711636656 0.29986344808063936
v 0.01822429362073441 0.012260779963154111 0.2993717183209553
v 0.01784048928121562 0.00952141711636656 0.29986344808063936
v 0.02149975878790733 0.010275593292019547 0.29882008255256653
v 0.027111417150760264 0.012225799187566833 0.29634242130207145
v 0.0273130277255218 0.008622347287591259 0.2968071735214116
v 0.029236186462496816 0.010129889969364148 0.2956572711230442
v 0.02999794721034843 0.011936632723331675 0.2949466692826518
v 0.029236186462496816 0.010129889969364148 0.2956572711230442
v 0.03282191241711141 0.01045069839524626 0.29352119314072656
v 0.040438714994466274 0.01253448259761425 0.2869104750532968
v 0.040649858498147395 0.00919207807331901 0.28735285788680887
v 0.0425623494337124 0.009703297122258814 0.28522465344002146
v 0.04207708940089816 0.012590575816220917 0.285140699578612
v 0.0425623494337124 0.009703297122258814 0.28522465344002146
v 0.044267008022980114 0.00784031619118164 0.28350730716704564
v 0.04380901163281825 0.012627565983688305 0.2830421887367506
v 0.044267008022980114 0.00784031619118164 0.28350730716704564
v 0.04588392094157623 0.00802960147849252 0.2812966442202479
v 0.04985563896469536 0.011797109210540113 0.2731282478361762
v 0.04942737051173651 0.009175269562693988 0.2749486824929547
v 0.05063538219631125 0.009674357873752926 0.27203785471797903
v 0.05286289466173155 0.012526063560349132 0.26258320339000096
v 0.053325464874132145 0.00844304601717305 0.2632680483932325
v 0.05346521631509615 0.009391716449500542 0.2616622133560219
v 0.05319858803705113 0.012949149746826483 0.25968192761743214
v 0.05346521631509615 0.009391716449500542 0.2616622133560219
v 0.05372149913366542 0.010708113225282867 0.2574867370834787
v 0.05334855142308026 0.012710250504522347 0.251718975579056
v 0.05406526059408501 0.008060386086888305 0.25294543132578606
v 0.05335057321272707 0.01132624107751834 0.24940086023457642
v 0.05185386141068005 0.011910720437249833 0.24247799308446882
v 0.05216644534886683 0.008951510854556255 0.2421148186287424
v 0.05081667569247106 0.010744710478913233 0.23878322972538324
v 0.05081667569247106 0.010744710478913233 0.23878322972538324
v 0.05091118863641331 0.007400053852612831 0.23793741974868599
v 0.049492395844414894 0.009822368134689285 0.23537484333302483
v 0.04832821503350404 0.012955309529528725 0.234089412363767
v 0.04851403276083577 0.00884469360399931 0.23320917855730972
v 0.04722755274978008 0.011816235149864074 0.23170232728944906
v 0.04449073621353827 0.011597950532562518 0.22757316144391015
v 0.044459394659315254 0.008534423279814018 0.22687023477478074
v 0.04319122138130682 0.011407926147621317 0.22587699437115905
v -0.019807295786377077 0.013080501224012608 0.29090000771349256
v -0.019546580289374615 0.01056380512821864 0.2915697465148347
v -0.017163052420425817 0.0122181774220681 0.29298356494136246
v -0.010167343622571323 0.013791922270681711 0.29648390080097886
v -0.012751613268938145 0.010573276068304716 0.2958360736217712
v -0.009624761084898181 0.010076959134940888 0.2973451679317306
v -0.010167343622571323 0.013791922270681711 0.29648390080097886
v -0.009624761084898181 0.010076959134940888 0.2973451679317306
v -0.007509901403454089 0.011103857567810183 0.29799946483780804
v -7.775083553538883e-05 0.012999822280361228 0.29969407551400085
v -0.002765936029202054 0.011892269699373959 0.29931803789848377
v -0.0008472242161710122 0.008673040801961962 0.300188521338267
v -7.775083553538883e-05 0.012999822280361228 0.29969407551400085
v -0.0008472242161710122 0.008673040801961962 0.300188521338267
v 0.0014893952123440357 0.009468208762704045 0.30048414513160526
v 0.025531308433131006 0.013684277230778807 0.29674342229768047
v 0.024363942349852064 0.010328941835813232 0.2978098896334912
v 0.027111417150760264 0.012225799187566833 0.29634242130207145
v 0.03290100253927619 0.013844240846164757 0.2927940202546252
v 0.03282191241711141 0.01045069839524626 0.29352119314072656
v 0.035648881698113755 0.011231998023420453 0.2914100175033417
v 0.03785387981920296 0.01365581386577941 0.2890786880469064
v 0.035648881698113755 0.011231998023420453 0.2914100175033417
v 0.038330552968064424 0.010187543399226562 0.28939851228084723
v 0.04207708940089816 0.012590575816220917 0.285140699578612
v 0.040438714994466274 0.01253448259761425 0.2869104750532968
v 0.0425623494337124 0.009703297122258814 0.28522465344002146
v 0.046748068168900314 0.013619437864600958 0.2784831980416945
v 0.047226740219223906 0.010371673122938074 0.278692090873882
v 0.04864441911956785 0.012693297989068708 0.2754127633255442
v 0.04985563896469536 0.011797109210540113 0.2731282478361762
v 0.05063538219631125 0.009674357873752926 0.27203785471797903
v 0.05106108335788839 0.011998035047109945 0.2699559149218266
v 0.05157070786329543 0.013164930968928568 0.2676911137888637
v 0.051574350899357135 0.010224506863811822 0.2692851690403585
v 0.05262716543300572 0.009338625397784517 0.2660269901746658
v 0.05217458209852088 0.013701049501778084 0.26498197669729595
v 0.05262716543300572 0.009338625397784517 0.2660269901746658
v 0.05286289466173155 0.012526063560349132 0.26258320339000096
v 0.05277321875415186 0.012539446472666915 0.24692954664063282
v 0.05335057321272707 0.01132624107751834 0.24940086023457642
v 0.05317612328378685 0.009126703695824245 0.24635703684781507
v 0.05277321875415186 0.012539446472666915 0.24692954664063282
v 0.05317612328378685 0.009126703695824245 0.24635703684781507
v 0.052597517604449084 0.010277952682390401 0.2443932763785649
v 0.051323664241942346 0.014024103830782009 0.242002529194698
v 0.05185386141068005 0.011910720437249833 0.24247799308446882
v 0.05081667569247106 0.010744710478913233 0.23878322972538324
v 0.021027943656244386 0.014874218693547991 0.29812611279304224
v 0.01822429362073441 0.012260779963154111 0.2993717183209553
v 0.02149975878790733 0.010275593292019547 0.29882008255256653
v 0.03785387981920296 0.01365581386577941 0.2890786880469064
v 0.038330552968064424 0.010187543399226562 0.28939851228084723
v 0.040438714994466274 0.01253448259761425 0.2869104750532968
v 0.04957938239029458 0.014689841968176798 0.2724318671878655
v 0.04985563896469536 0.011797109210540113 0.2731282478361762
v 0.05106108335788839 0.011998035047109945 0.2699559149218266
v 0.05194481142720697 0.015457361001824377 0.245663768992621
v 0.052597517604449084 0.010277952682390401 0.2443932763785649
v 0.05185386141068005 0.011910720437249833 0.24247799308446882
v 0.045333482988185736 0.014827693689812294 0.22975156730909763
v 0.045915445601276694 0.010597093131813895 0.22931231252749196
v 0.04449073621353827 0.011597950532562518 0.22757316144391015
v -0.018378655352919715 0.015965431018021836 0.2912134842908819
v -0.019807295786377077 0.013080501224012608 0.29090000771349256
v -0.017163052420425817 0.0122181774220681 0.29298356494136246
v -0.002699316868246676 0.014663514833747615 0.298809218294238
v -0.004922297234681572 0.013643047980773648 0.29843220411617455
v -0.002765936029202054 0.011892269699373959 0.29931803789848377
v 0.004738382087701443 0.014938655609145202 0.2999352254277986
v 0.005884648602564879 0.012492135641257174 0.30045472618489544
v 0.0088367599869843 0.01313226285366842 0.3003935689554281
v 0.0088367599869843 0.01313226285366842 0.3003935689554281
v 0.010886578123285862 0.011642347888797255 0.3005607442563373
v 0.011460706301495427 0.013271546040520832 0.3002274312522245
v 0.012928462642572414 0.01602669029064585 0.2995166157887751
v 0.013225469263735135 0.011578610016507174 0.30035261436363914
v 0.015428426521690297 0.01340591112868994 0.29973991291852176
v 0.02724364791570788 0.015563910269885683 0.29555961486840576
v 0.025531308433131006 0.013684277230778807 0.29674342229768047
v 0.027111417150760264 0.012225799187566833 0.29634242130207145
v 0.02724364791570788 0.015563910269885683 0.29555961486840576
v 0.027111417150760264 0.012225799187566833 0.29634242130207145
v 0.02999794721034843 0.011936632723331675 0.2949466692826518
v 0.03501993727126784 0.015930392068298493 0.29076692054896813
v 0.03290100253927619 0.013844240846164757 0.2927940202546252
v 0.035648881698113755 0.011231998023420453 0.2914100175033417
v 0.03501993727126784 0.015930392068298493 0.29076692054896813
v 0.035648881698113755 0.011231998023420453 0.2914100175033417
v 0.03785387981920296 0.01365581386577941 0.2890786880469064
v 0.04436342831564577 0.016032481001370114 0.28115165519968943
v 0.04380901163281825 0.012627565983688305 0.2830421887367506
v 0.04581061008604337 0.011654059009958972 0.2805693187462487
v 0.04436342831564577 0.016032481001370114 0.28115165519968943
v 0.04581061008604337 0.011654059009958972 0.2805693187462487
v 0.046748068168900314 0.013619437864600958 0.2784831980416945
v 0.0527604852940744 0.015290525208987993 0.25082299470153824
v 0.05334855142308026 0.012710250504522347 0.251718975579056
v 0.05335057321272707 0.01132624107751834 0.24940086023457642
v 0.05242736683953142 0.01564281156452685 0.24869349325761891
v 0.05335057321272707 0.01132624107751834 0.24940086023457642
v 0.05277321875415186 0.012539446472666915 0.24692954664063282
v -0.022820342194137533 0.01579026201861289 0.2875655654164432
v -0.023532580539734615 0.012127016643507238 0.28790498193647085
v -0.02193909749285683 0.012498702642911863 0.28928175202139517
v -0.016509573766950725 0.015861970701218087 0.29252928025181635
v -0.018378655352919715 0.015965431018021836 0.2912134842908819
v -0.017163052420425817 0.0122181774220681 0.29298356494136246
v -0.016509573766950725 0.015861970701218087 0.29252928025181635
v -0.017163052420425817 0.0122181774220681 0.29298356494136246
v -0.013602886846053597 0.014082001401281019 0.2947188555511281
v 0.00028997813052393864 0.015592819000811997 0.29921632280576194
v -7.775083553538883e-05 0.012999822280361228 0.29969407551400085
v 0.004738382087701443 0.014938655609145202 0.2999352254277986
v 0.004738382087701443 0.014938655609145202 0.2999352254277986
v 0.0034891182649368635 0.011893100349743002 0.3003893880470264
v 0.005884648602564879 0.012492135641257174 0.30045472618489544
v 0.017061053132744197 0.01649944765257816 0.2987516316215809
v 0.015428426521690297 0.01340591112868994 0.29973991291852176
v 0.01822429362073441 0.012260779963154111 0.2993717183209553
v 0.03157809598230088 0.015806955134640144 0.2931410356519669
v 0.03290100253927619 0.013844240846164757 0.2927940202546252
v 0.03501993727126784 0.015930392068298493 0.29076692054896813
v 0.040751886396059867 0.016006905362337953 0.2855214979365427
v 0.040438714994466274 0.01253448259761425 0.2869104750532968
v 0.04207708940089816 0.012590575816220917 0.285140699578612
v 0.040751886396059867 0.016006905362337953 0.2855214979365427
v 0.04207708940089816 0.012590575816220917 0.285140699578612
v 0.042554895514901325 0.014910502188313357 0.28389860357235
v 0.042554895514901325 0.014910502188313357 0.28389860357235
v 0.04380901163281825 0.012627565983688305 0.2830421887367506
v 0.04436342831564577 0.016032481001370114 0.28115165519968943
v 0.04682683404178212 0.01610250358770382 0.2772720163435415
v 0.046748068168900314 0.013619437864600958 0.2784831980416945
v 0.04864441911956785 0.012693297989068708 0.2754127633255442
v 0.05117587904815535 0.01620348435116714 0.26675211838293567
v 0.05157070786329543 0.013164930968928568 0.2676911137888637
v 0.05217458209852088 0.013701049501778084 0.26498197669729595
v 0.05273710119872543 0.016077612686863363 0.25690546874532305
v 0.05319858803705113 0.012949149746826483 0.25968192761743214
v 0.05328544106852018 0.013705746348009473 0.25494807119141416
v 0.05238250218285945 0.01734373937969158 0.2523244443578142
v 0.05328544106852018 0.013705746348009473 0.25494807119141416
v 0.05334855142308026 0.012710250504522347 0.251718975579056
v 0.04988613747078263 0.017199078423113523 0.23997359843426647
v 0.051323664241942346 0.014024103830782009 0.242002529194698
v 0.04999536751747469 0.014593443610021462 0.23854195774126719
v 0.04849391023180383 0.016146063617848982 0.23595025229590216
v 0.04946723410005571 0.013412056606276757 0.23667200831162905
v 0.04832821503350404 0.012955309529528725 0.234089412363767
v -0.020319916736628585 0.016698298293736924 0.28946327058470434
v -0.02193909749285683 0.012498702642911863 0.28928175202139517
v -0.019807295786377077 0.013080501224012608 0.29090000771349256
v -0.0108070292837531 0.016637924984594932 0.29546769591872735
v -0.010167343622571323 0.013791922270681711 0.29648390080097886
v -0.008773392140346559 0.014242580136630267 0.29695762518871394
v -0.0074534991943542295 0.017178990226358604 0.2967310626779528
v -0.008773392140346559 0.014242580136630267 0.29695762518871394
v -0.004922297234681572 0.013643047980773648 0.29843220411617455
v 0.0017468964691196714 0.017485867377164954 0.298969374551845
v 0.00028997813052393864 0.015592819000811997 0.29921632280576194
v 0.004738382087701443 0.014938655609145202 0.2999352254277986
v 0.02506176113910019 0.017613905789618522 0.2959661395459178
v 0.0235912582158615 0.014536533092486814 0.29735133248280465
v 0.025531308433131006 0.013684277230778807 0.29674342229768047
v 0.03832538405302399 0.01651757128014797 0.2877808059051822
v 0.03785387981920296 0.01365581386577941 0.2890786880469064
v 0.040751886396059867 0.016006905362337953 0.2855214979365427
v 0.048094103236495656 0.01682805522739028 0.274512799903892
v 0.04864441911956785 0.012693297989068708 0.2754127633255442
v 0.04957938239029458 0.014689841968176798 0.2724318671878655
v 0.05175339372402332 0.017147957662628777 0.263093579390805
v 0.05217458209852088 0.013701049501778084 0.26498197669729595
v 0.05249939595672215 0.015258562812755505 0.26140885641039435
v 0.05223359928272053 0.017462027425471094 0.25906635751983476
v 0.05319858803705113 0.012949149746826483 0.25968192761743214
v 0.05273710119872543 0.016077612686863363 0.25690546874532305
v 0.04849391023180383 0.016146063617848982 0.23595025229590216
v 0.04832821503350404 0.012955309529528725 0.234089412363767
v 0.04745817409862463 0.015257941970746036 0.23343836557991426
v 0.04615415029401104 0.017580403209291884 0.23231345707921836
v 0.04745817409862463 0.015257941970746036 0.23343836557991426
v 0.045333482988185736 0.014827693689812294 0.22975156730909763
v 0.04320624747454982 0.017644509199885583 0.2279888566540843
v 0.04445511456877993 0.017514544365221374 0.22963827079492727
v 0.045333482988185736 0.014827693689812294 0.22975156730909763
v 0.04320624747454982 0.017644509199885583 0.2279888566540843
v 0.045333482988185736 0.014827693689812294 0.22975156730909763
v 0.0431902257452732 0.015010868785487741 0.22694987039868042
v -0.021891276445663577 0.01903560156637396 0.28723026876965807
v -0.022820342194137533 0.01579026201861289 0.2875655654164432
v -0.020319916736628585 0.016698298293736924 0.28946327058470434
v -0.01351208178802965 0.016627411678431514 0.29410105767022177
v -0.013602886846053597 0.014082001401281019 0.2947188555511281
v -0.0108070292837531 0.016637924984594932 0.29546769591872735
v -0.0074534991943542295 0.017178990226358604 0.2967310626779528
v -0.004922297234681572 0.013643047980773648 0.29843220411617455
v -0.004280690873335324 0.017177256446369027 0.2977666462232341
v -0.0019057746838727074 0.016998715254417096 0.29841401563874814
v -0.002699316868246676 0.014663514833747615 0.298809218294238
v 0.00028997813052393864 0.015592819000811997 0.29921632280576194
v 0.048544348161445594 0.018778630194915547 0.27220219188398775
v 0.04957938239029458 0.014689841968176798 0.2724318671878655
v 0.050430876266187585 0.015281557808964896 0.2698812994397669
v 0.050803991823460404 0.018364209093688633 0.24413616577064967
v 0.05194481142720697 0.015457361001824377 0.245663768992621
v 0.051323664241942346 0.014024103830782009 0.242002529194698
v -0.014738738760050052 0.019006602236383285 0.2926267839185569
v -0.016509573766950725 0.015861970701218087 0.29252928025181635
v -0.01351208178802965 0.016627411678431514 0.29410105767022177
v 0.0070039309013639195 0.01916985602831711 0.2988941182006143
v 0.004738382087701443 0.014938655609145202 0.2999352254277986
v 0.009502022240872599 0.016636645153601526 0.299619185373725
v 0.015058378934839078 0.018896746579309953 0.2984250630025541
v 0.012928462642572414 0.01602669029064585 0.2995166157887751
v 0.017061053132744197 0.01649944765257816 0.2987516316215809
v 0.021366219581735457 0.018436509054398087 0.2970687396959447
v 0.021027943656244386 0.014874218693547991 0.29812611279304224
v 0.0235912582158615 0.014536533092486814 0.29735133248280465
v 0.03610007648272795 0.01917038054921605 0.28872981107721063
v 0.03501993727126784 0.015930392068298493 0.29076692054896813
v 0.03832538405302399 0.01651757128014797 0.2877808059051822
v 0.039469392743836096 0.018466969413510892 0.2859157240294862
v 0.03832538405302399 0.01651757128014797 0.2877808059051822
v 0.040751886396059867 0.016006905362337953 0.2855214979365427
v 0.04170876128892109 0.019001328417163066 0.28323313723214827
v 0.040751886396059867 0.016006905362337953 0.2855214979365427
v 0.042554895514901325 0.014910502188313357 0.28389860357235
v 0.04170876128892109 0.019001328417163066 0.28323313723214827
v 0.042554895514901325 0.014910502188313357 0.28389860357235
v 0.04436342831564577 0.016032481001370114 0.28115165519968943
v 0.04563881518652613 0.018826302468908374 0.2778081491815064
v 0.045132490394410585 0.017882164850822058 0.2791581248315643
v 0.04682683404178212 0.01610250358770382 0.2772720163435415
v 0.050898623023023504 0.019261683425256804 0.26419346347624983
v 0.05117587904815535 0.01620348435116714 0.26675211838293567
v 0.05175339372402332 0.017147957662628777 0.263093579390805
v 0.05175339372402332 0.017147957662628777 0.263093579390805
v 0.05249939595672215 0.015258562812755505 0.26140885641039435
v 0.05223359928272053 0.017462027425471094 0.25906635751983476
v 0.05238250218285945 0.01734373937969158 0.2523244443578142
v 0.0527604852940744 0.015290525208987993 0.25082299470153824
v 0.05242736683953142 0.01564281156452685 0.24869349325761891
v 0.05134023910234875 0.019265377959734042 0.24814286456935608
v 0.05242736683953142 0.01564281156452685 0.24869349325761891
v 0.05194481142720697 0.015457361001824377 0.245663768992621
v 0.04716939768720341 0.018395798603245694 0.23465523880665795
v 0.04849391023180383 0.016146063617848982 0.23595025229590216
v 0.04745817409862463 0.015257941970746036 0.23343836557991426
v -0.018097632314059142 0.01830461970487196 0.2906303543803722
v -0.016509573766950725 0.015861970701218087 0.29252928025181635
v -0.014738738760050052 0.019006602236383285 0.2926267839185569
v -0.009541927790863713 0.019399319616486554 0.2951546771050316
v -0.0108070292837531 0.016637924984594932 0.29546769591872735
v -0.0074534991943542295 0.017178990226358604 0.2967310626779528
v -0.001153754646742236 0.019154213861436453 0.29792927440478667
v -0.0019057746838727074 0.016998715254417096 0.29841401563874814
v 0.00028997813052393864 0.015592819000811997 0.29921632280576194
v 0.0070039309013639195 0.01916985602831711 0.2988941182006143
v 0.009502022240872599 0.016636645153601526 0.299619185373725
v 0.010012958048526976 0.019313488923933253 0.29881407058939036
v 0.019069251012552302 0.019538264248940562 0.2973598774050855
v 0.017061053132744197 0.01649944765257816 0.2987516316215809
v 0.021366219581735457 0.018436509054398087 0.2970687396959447
v 0.021366219581735457 0.018436509054398087 0.2970687396959447
v 0.0235912582158615 0.014536533092486814 0.29735133248280465
v 0.02506176113910019 0.017613905789618522 0.2959661395459178
v 0.02506176113910019 0.017613905789618522 0.2959661395459178
v 0.02724364791570788 0.015563910269885683 0.29555961486840576
v 0.029187308744110796 0.016154827885233036 0.2944322649613439
v 0.03079371789328711 0.019269467315397026 0.29247804123571075
v 0.029187308744110796 0.016154827885233036 0.2944322649613439
v 0.03272726977345597 0.019240984876910394 0.2912704911295271
v 0.0380063456467572 0.019537024472270348 0.2868785536650619
v 0.03832538405302399 0.01651757128014797 0.2877808059051822
v 0.039469392743836096 0.018466969413510892 0.2859157240294862
v 0.046547792738245164 0.019440285652367884 0.27583241056227326
v 0.04563881518652613 0.018826302468908374 0.2778081491815064
v 0.04682683404178212 0.01610250358770382 0.2772720163435415
v 0.046547792738245164 0.019440285652367884 0.27583241056227326
v 0.04682683404178212 0.01610250358770382 0.2772720163435415
v 0.048094103236495656 0.01682805522739028 0.274512799903892
v 0.04987394188304517 0.019318982088256664 0.26806461844527607
v 0.050430876266187585 0.015281557808964896 0.2698812994397669
v 0.05117587904815535 0.01620348435116714 0.26675211838293567
v 0.051866098960089424 0.019261660537072123 0.25531153556414654
v 0.05273710119872543 0.016077612686863363 0.25690546874532305
v 0.05238250218285945 0.01734373937969158 0.2523244443578142
v 0.04615415029401104 0.017580403209291884 0.23231345707921836
v 0.04716939768720341 0.018395798603245694 0.23465523880665795
v 0.04745817409862463 0.015257941970746036 0.23343836557991426
v -0.006411148852639437 0.019546545957097594 0.29633509708297356
v -0.0074534991943542295 0.017178990226358604 0.2967310626779528
v -0.004280690873335324 0.017177256446369027 0.2977666462232341
v 0.012474023457779704 0.01958179948355232 0.29853419386711255
v 0.009502022240872599 0.016636645153601526 0.299619185373725
v 0.012928462642572414 0.01602669029064585 0.2995166157887751
v 0.015058378934839078 0.018896746579309953 0.2984250630025541
v 0.017061053132744197 0.01649944765257816 0.2987516316215809
v 0.019069251012552302 0.019538264248940562 0.2973598774050855
v 0.027949145690916444 0.020143996241822615 0.2937367082876817
v 0.02506176113910019 0.017613905789618522 0.2959661395459178
v 0.029187308744110796 0.016154827885233036 0.2944322649613439
v 0.027949145690916444 0.020143996241822615 0.2937367082876817
v 0.029187308744110796 0.016154827885233036 0.2944322649613439
v 0.03079371789328711 0.019269467315397026 0.29247804123571075
v 0.043590738459609035 0.019963423723480256 0.2802161387978329
v 0.04436342831564577 0.016032481001370114 0.28115165519968943
v 0.045132490394410585 0.017882164850822058 0.2791581248315643
v 0.05126288085282482 0.0197194299527359 0.2612090272993405
v 0.05175339372402332 0.017147957662628777 0.263093579390805
v 0.05223359928272053 0.017462027425471094 0.25906635751983476
v 0.05009413384907013 0.01981599711125326 0.24337060176944358
v 0.050803991823460404 0.018364209093688633 0.24413616577064967
v 0.04988613747078263 0.017199078423113523 0.23997359843426647
v -0.016987421842625805 0.019881642332266747 0.2907928299740269
v -0.018097632314059142 0.01830461970487196 0.2906303543803722
v -0.014738738760050052 0.019006602236383285 0.2926267839185569
v 0.001951529118724149 0.020126708032993657 0.2981472309581078
v 0.0017468964691196714 0.017485867377164954 0.298969374551845
v 0.005042938471948588 0.018542859004517798 0.29901219071598806
v 0.048073572534836906 0.021497918196389243 0.27071034000648797
v 0.048544348161445594 0.018778630194915547 0.27220219188398775
v 0.04987394188304517 0.019318982088256664 0.26806461844527607
v 0.05146400696101061 0.02008754634900467 0.25824409185577923
v 0.05126288085282482 0.0197194299527359 0.2612090272993405
v 0.05223359928272053 0.017462027425471094 0.25906635751983476
v 0.05146400696101061 0.02008754634900467 0.25824409185577923
v 0.05223359928272053 0.017462027425471094 0.25906635751983476
v 0.051866098960089424 0.019261660537072123 0.25531153556414654
v 0.04517130875562936 0.020493739147838808 0.23252166326586543
v 0.04716939768720341 0.018395798603245694 0.23465523880665795
v 0.04615415029401104 0.017580403209291884 0.23231345707921836
v -0.018288184080922365 0.021499459334157756 0.28906162871992425
v -0.020417929665478285 0.019372887577877584 0.2883708633062553
v -0.016987421842625805 0.019881642332266747 0.2907928299740269
v -0.002753471982131772 0.0214996176441018 0.2966616351844208
v -0.006411148852639437 0.019546545957097594 0.29633509708297356
v -0.002734344135459088 0.01922302718867952 0.29753974801909766
v 0.031239377551905978 0.02149996096687201 0.2912154068983951
v 0.03079371789328711 0.019269467315397026 0.29247804123571075
v 0.03272726977345597 0.019240984876910394 0.2912704911295271
v 0.04394010371057799 0.021499537535455415 0.27865162456336623
v 0.045132490394410585 0.017882164850822058 0.2791581248315643
v 0.04563881518652613 0.018826302468908374 0.2778081491815064
v -0.02305096163563336 0.021499610014706905 0.2848374463903801
v -0.021891276445663577 0.01903560156637396 0.28723026876965807
v -0.020417929665478285 0.019372887577877584 0.2883708633062553
v -0.019824915873883908 0.021499936171338607 0.2877987197243924
v -0.020417929665478285 0.019372887577877584 0.2883708633062553
v -0.018288184080922365 0.021499459334157756 0.28906162871992425
v -0.006174405391229931 0.021499901839061586 0.2955919024675956
v -0.006411148852639437 0.019546545957097594 0.29633509708297356
v -0.002753471982131772 0.0214996176441018 0.2966616351844208
v -0.0002543664397417454 0.021499913283153926 0.2972086017631347
v -0.001153754646742236 0.019154213861436453 0.29792927440478667
v 0.001951529118724149 0.020126708032993657 0.2981472309581078
v 0.0067104929296626925 0.021499919005200097 0.2980137775826285
v 0.005042938471948588 0.018542859004517798 0.29901219071598806
v 0.0070039309013639195 0.01916985602831711 0.2988941182006143
v 0.0067104929296626925 0.021499919005200097 0.2980137775826285
v 0.0070039309013639195 0.01916985602831711 0.2988941182006143
v 0.010012958048526976 0.019313488923933253 0.29881407058939036
v 0.017557242273743556 0.021499939986036054 0.29693879584211647
v 0.015058378934839078 0.018896746579309953 0.2984250630025541
v 0.019069251012552302 0.019538264248940562 0.2973598774050855
v 0.021793934903564516 0.021499777861394564 0.2957375628749047
v 0.019069251012552302 0.019538264248940562 0.2973598774050855
v 0.021366219581735457 0.018436509054398087 0.2970687396959447
v 0.03744713388923904 0.021499947615430948 0.28636253191203653
v 0.03610007648272795 0.01917038054921605 0.28872981107721063
v 0.0380063456467572 0.019537024472270348 0.2868785536650619
v 0.04990980385374266 0.021499810286322862 0.24529497930225286
v 0.050803991823460404 0.018364209093688633 0.24413616577064967
v 0.05009413384907013 0.01981599711125326 0.24337060176944358
v 0.046018968860588316 0.021499953337477118 0.23488390703040973
v 0.047756651285653096 0.019249180754374873 0.23643548181113683
v 0.04517130875562936 0.020493739147838808 0.23252166326586543
v -0.02305096163563336 0.021499610014706905 0.2848374463903801
v -0.020417929665478285 0.019372887577877584 0.2883708633062553
v -0.019824915873883908 0.021499936171338607 0.2877987197243924
v -0.013942140287765414 0.02150001627998499 0.29200950483650334
v -0.014738738760050052 0.019006602236383285 0.2926267839185569
v -0.012207531555168405 0.019244051893657632 0.29394929374699774
v -0.013942140287765414 0.02150001627998499 0.29200950483650334
v -0.012207531555168405 0.019244051893657632 0.29394929374699774
v -0.010115274909771044 0.021498198576651584 0.2940387712903102
v -0.009132729010441487 0.021499983855056692 0.2944393145222256
v -0.010115274909771044 0.021498198576651584 0.2940387712903102
v -0.009541927790863713 0.019399319616486554 0.2951546771050316
v -0.009132729010441487 0.021499983855056692 0.2944393145222256
v -0.009541927790863713 0.019399319616486554 0.2951546771050316
v -0.006174405391229931 0.021499901839061586 0.2955919024675956
v -0.0002543664397417454 0.021499913283153926 0.2972086017631347
v 0.001951529118724149 0.020126708032993657 0.2981472309581078
v 0.0023282312068527433 0.02149992663459499 0.2976431110611165
v 0.0023282312068527433 0.02149992663459499 0.2976431110611165
v 0.001951529118724149 0.020126708032993657 0.2981472309581078
v 0.0067104929296626925 0.021499919005200097 0.2980137775826285
v 0.0112618098839673 0.021499997206497756 0.29787495311314405
v 0.012474023457779704 0.01958179948355232 0.29853419386711255
v 0.012919098514014848 0.020499814053522858 0.2981260517578831
v 0.015774120126366697 0.021499997206497756 0.2972955158297629
v 0.015354525341727543 0.020036850927285244 0.29795884593939437
v 0.017557242273743556 0.021499939986036054 0.29693879584211647
v 0.03512684035251734 0.02149999339180031 0.2883791946054791
v 0.03272726977345597 0.019240984876910394 0.2912704911295271
v 0.03610007648272795 0.01917038054921605 0.28872981107721063
v 0.03512684035251734 0.02149999339180031 0.2883791946054791
v 0.03610007648272795 0.01917038054921605 0.28872981107721063
v 0.03744713388923904 0.021499947615430948 0.28636253191203653
v 0.04346079842047823 0.02149999339180031 0.27933381453717476
v 0.043590738459609035 0.019963423723480256 0.2802161387978329
v 0.04394010371057799 0.021499537535455415 0.27865162456336623
v 0.046763616875693526 0.021499997206497756 0.2736555305760645
v 0.048544348161445594 0.018778630194915547 0.27220219188398775
v 0.048073572534836906 0.021497918196389243 0.27071034000648797
v 0.05062354519013379 0.02149998194770797 0.2608101320167221
v 0.050898623023023504 0.019261683425256804 0.26419346347624983
v 0.05126288085282482 0.0197194299527359 0.2612090272993405
v 0.0489700950993921 0.02149999339180031 0.2419115410311966
v 0.05009413384907013 0.01981599711125326 0.24337060176944358
v 0.048965513647758474 0.019992817874656676 0.24000736613606566
v -0.018288184080922365 0.021499459334157756 0.28906162871992425
v -0.016987421842625805 0.019881642332266747 0.2907928299740269
v -0.013942140287765414 0.02150001627998499 0.29200950483650334
v -0.016987421842625805 0.019881642332266747 0.2907928299740269
v -0.014738738760050052 0.019006602236383285 0.2926267839185569
v -0.013942140287765414 0.02150001627998499 0.29200950483650334
v 0.0380063456467572 0.019537024472270348 0.2868785536650619
v 0.04035142708748829 0.019993498798150933 0.28424448981924744
v 0.03744713388923904 0.021499947615430948 0.28636253191203653
v 0.04149577910107061 0.021499827452461373 0.282023908659088
v 0.043590738459609035 0.019963423723480256 0.2802161387978329
v 0.04346079842047823 0.02149999339180031 0.27933381453717476
v 0.046547792738245164 0.019440285652367884 0.27583241056227326
v 0.048544348161445594 0.018778630194915547 0.27220219188398775
v 0.046763616875693526 0.021499997206497756 0.2736555305760645
v 0.048073572534836906 0.021497918196389243 0.27071034000648797
v 0.04987394188304517 0.019318982088256664 0.26806461844527607
v 0.04978700492823229 0.021499983855056692 0.2652806217310121
v 0.05062354519013379 0.02149998194770797 0.2608101320167221
v 0.05146400696101061 0.02008754634900467 0.25824409185577923
v 0.05095086911925506 0.021500002928543926 0.2572651184206086
v 0.05146400696101061 0.02008754634900467 0.25824409185577923
v 0.051866098960089424 0.019261660537072123 0.25531153556414654
v 0.05095086911925506 0.021500002928543926 0.2572651184206086
v 0.05154923111666987 0.020020230290509478 0.2528254362028991
v 0.05059930660255674 0.0214999762256618 0.24895165672202946
v 0.05099605802521001 0.02149996096687201 0.25355405867403025
v 0.05134023910234875 0.019265377959734042 0.24814286456935608
v 0.04990980385374266 0.021499810286322862 0.24529497930225286
v 0.05059930660255674 0.0214999762256618 0.24895165672202946
v 0.05009413384907013 0.01981599711125326 0.24337060176944358
v 0.0489700950993921 0.02149999339180031 0.2419115410311966
v 0.04990980385374266 0.021499810286322862 0.24529497930225286
v 0.047756651285653096 0.019249180754374873 0.23643548181113683
v 0.046018968860588316 0.021499953337477118 0.23488390703040973
v 0.04745193706829909 0.021500008650590097 0.23784720978346374
v 0.04517130875562936 0.020493739147838808 0.23252166326586543
v 0.044940881956354595 0.02149992663459499 0.23297059212019622
v 0.046018968860588316 0.021499953337477118 0.23488390703040973
v -0.02305096163563336 0.021499610014706905 0.2848374463903801
v -0.02409566230781257 0.01714130864497898 0.28583891128169714
v -0.021891276445663577 0.01903560156637396 0.28723026876965807
v -0.02409566230781257 0.01714130864497898 0.28583891128169714
v -0.023532580539734615 0.012127016643507238 0.28790498193647085
v -0.022820342194137533 0.01579026201861289 0.2875655654164432
v -0.02358061520998489 0.00828414002665423 0.2885549758638283
v -0.023532580539734615 0.012127016643507238 0.28790498193647085
v -0.024932967416552154 0.01149477727174164 0.28664311053864455
v -0.02358061520998489 0.00828414002665423 0.2885549758638283
v -0.024932967416552154 0.01149477727174164 0.28664311053864455
v -0.025330994855501388 0.006705293020205505 0.2870255568458723
v -0.025330994855501388 0.006705293020205505 0.2870255568458723
v -0.023577296423206162 0.005338028684481466 0.288889295948067
v -0.02358061520998489 0.00828414002665423 0.2885549758638283
v -0.023577296423206162 0.005338028684481466 0.288889295948067
v -0.025330994855501388 0.006705293020205505 0.2870255568458723
v -0.02548009802725626 0.0033509709042492397 0.2871688368819746
v -0.02548009802725626 0.0033509709042492397 0.2871688368819746
v -0.02471007655208357 0.0029972828858172706 0.2879717238830003
v -0.023577296423206162 0.005338028684481466 0.288889295948067
v -0.02471007655208357 0.0029972828858172706 0.2879717238830003
v -0.02548009802725626 0.0033509709042492397 0.2871688368819746
v -0.025522877951773548 0.0011408148353747594 0.2872099135440819
v -0.025522877951773548 0.0011408148353747594 0.2872099135440819
v -0.02428992386794282 0.0013676409178876164 0.2884500564252511
v -0.02471007655208357 0.0029972828858172706 0.2879717238830003
v -0.02428992386794282 0.0013676409178876164 0.2884500564252511
v -0.025522877951773548 0.0011408148353747594 0.2872099135440819
v -0.025524964591276955 -0.0020749867947998657 0.2872119277043338
v -0.025524964591276955 -0.0020749867947998657 0.2872119277043338
v -0.024250663001820216 -0.0018892486992773405 0.28849033963028947
v -0.02428992386794282 0.0013676409178876164 0.2884500564252511
v -0.025524964591276955 -0.0020749867947998657 0.2872119277043338
v -0.023654219797221154 -0.005820011892188892 0.28882099760497926
v -0.024250663001820216 -0.0018892486992773405 0.28849033963028947
v -0.023654219797221154 -0.005820011892188892 0.28882099760497926
v -0.025524964591276955 -0.0020749867947998657 0.2872119277043338
v -0.02536238790813994 -0.006424421615568443 0.2870557082144919
v -0.02536238790813994 -0.006424421615568443 0.2870557082144919
v -0.0238263980738318 -0.008273269092605173 0.28836033474130207
v -0.023654219797221154 -0.005820011892188892 0.28882099760497926
v -0.02512091183771048 -0.009758050428387288 0.2868237135745665
v -0.0238263980738318 -0.008273269092605173 0.28836033474130207
v -0.025236464745420628 -0.008297069943650204 0.28693470601147897
v -0.02345763699369452 -0.011886993019130654 0.2880720046494821
v -0.02512091183771048 -0.009758050428387288 0.2868237135745665
v -0.024761790498021297 -0.013045344972342776 0.28647865130231753
v -0.023412512937596164 -0.014513528559533806 0.28744181663126855
v -0.02345763699369452 -0.011886993019130654 0.2880720046494821
v -0.024761790498021297 -0.013045344972342776 0.28647865130231753
v -0.023412512937596164 -0.014513528559533806 0.28744181663126855
v -0.024761790498021297 -0.013045344972342776 0.28647865130231753
v -0.02428065796784451 -0.016229412849713132 0.2860163404893433
v -0.02428065796784451 -0.016229412849713132 0.2860163404893433
v -0.022640717628110707 -0.017395508638742285 0.28721830587846486
v -0.023412512937596164 -0.014513528559533806 0.28744181663126855
v -0.023701214962417172 -0.018992892213759438 0.2854596082851656
v -0.02145838267205047 -0.018675425462840733 0.28783039697199075
v -0.022640717628110707 -0.017395508638742285 0.28721830587846486
v -0.02145838267205047 -0.018675425462840733 0.28783039697199075
v -0.023701214962417172 -0.018992892213759438 0.2854596082851656
v -0.023031716487014187 -0.02149909312320286 0.28481657236595115
v -0.019079363775483804 -0.021499995299149033 0.28843205105330216
v -0.02145838267205047 -0.018675425462840733 0.28783039697199075
v -0.021453768795488548 -0.02149918276859286 0.28637196184412506
v -0.016126232913171723 -0.021499947615430948 0.29060578772881474
v -0.018097433949791908 -0.020010085102649677 0.28998243564842585
v -0.019079363775483804 -0.021499995299149033 0.28843205105330216
v 0.03623868732915536 -0.021499905653759033 0.2874640029116192
v 0.03535556198203338 -0.019657046298039438 0.2891587661757099
v 0.03173053129227554 -0.021500012465287544 0.2908932633284066
v 0.04373881738509944 -0.021499930449292437 0.2789654368341309
v 0.04166390807634146 -0.019745305045517636 0.28292381104558106
v 0.04078146556006246 -0.02149997050361563 0.2828598156812133
v 0.04827909698917887 -0.021499772139348394 0.27012101502732466
v 0.0479620651137691 -0.019820384013317094 0.27269227369437476
v 0.04634406500640065 -0.021500001021195203 0.27452088706247924
v 0.050835508853765976 -0.02004409885243419 0.2632339297392682
v 0.04954012533886942 -0.021499917097851373 0.2661783268517758
v 0.05056748439645542 -0.021500001021195203 0.26134574605583427
v 0.051084005874846294 -0.019838534343769032 0.2477153590558866
v 0.05092020276648013 -0.021499821730415203 0.25195211462821543
v 0.050436884414666316 -0.021499997206497756 0.2479958461297559
v 0.04537331605892536 -0.021499581404476054 0.2336571613666737
v 0.046860884031192374 -0.020231675155288897 0.2353661305640563
v 0.04784892118749662 -0.021499945708082224 0.23878492345104962
v 0.043211614753857486 -0.015154166941402925 0.2269272568722157
v 0.04436587353670918 -0.0163827694091212 0.22895812549895023
v 0.04319291129227576 -0.017824383628595175 0.22800635848597028
v 0.04320461478404258 -0.007586151006532538 0.2251009780989487
v 0.04443149396218926 -0.011094760468073894 0.22730630046932088
v 0.04320011344105534 -0.012314427960697372 0.2260457260686265
v 0.04320976462559578 -0.003134192138764813 0.22468493193660943
v 0.04475363753217776 -0.00500832199996748 0.22672474221415928
v 0.04320461478404258 -0.007586151006532538 0.2251009780989487
v 0.04463294813435548 -0.0005392196434551855 0.22633999182967368
v 0.04320976462559578 -0.003134192138764813 0.22468493193660943
v 0.043202444221195346 0.00020511117061662414 0.22460515898360167
v 0.044459394659315254 0.008534423279814018 0.22687023477478074
v 0.043195596839278316 0.00740275751942826 0.2251300460934934
v 0.04319122138130682 0.011407926147621317 0.22587699437115905
v 0.04449073621353827 0.011597950532562518 0.22757316144391015
v 0.04319122138130682 0.011407926147621317 0.22587699437115905
v 0.0431902257452732 0.015010868785487741 0.22694987039868042
v 0.0434535352365395 0.02148502261167029 0.23059032772491317
v 0.04517130875562936 0.020493739147838808 0.23252166326586543
v 0.04445511456877993 0.017514544365221374 0.22963827079492727
v 0.04827909698917887 -0.021499772139348394 0.27012101502732466
v 0.04954012533886942 -0.021499917097851373 0.2661783268517758
v 0.0496954788923909 -0.01944695755820236 0.2685427373644699
v 0.0019122557356255482 -0.021499997206497756 0.2975758503157343
v 0.006373897378396942 -0.021499896117015416 0.29799357494495016
v 0.0025169752839633575 -0.019898100844401023 0.29832420240206037
v -0.02428065796784451 -0.016229412849713132 0.2860163404893433
v -0.023701214962417172 -0.018992892213759438 0.2854596082851656
v -0.022640717628110707 -0.017395508638742285 0.28721830587846486
v -0.02536238790813994 -0.006424421615568443 0.2870557082144919
v -0.025236464745420628 -0.008297069943650204 0.28693470601147897
v -0.0238263980738318 -0.008273269092605173 0.28836033474130207
v -0.02409566230781257 0.01714130864497898 0.28583891128169714
v -0.024932967416552154 0.01149477727174164 0.28664311053864455
v -0.023532580539734615 0.012127016643507238 0.28790498193647085
v 0.0434535352365395 0.02148502261167029 0.23059032772491317
v 0.044940881956354595 0.02149992663459499 0.23297059212019622
v 0.04517130875562936 0.020493739147838808 0.23252166326586543
v 0.04745193706829909 0.021500008650590097 0.23784720978346374
v 0.0489700950993921 0.02149999339180031 0.2419115410311966
v 0.048965513647758474 0.019992817874656676 0.24000736613606566
v 0.05099605802521001 0.02149996096687201 0.25355405867403025
v 0.05095086911925506 0.021500002928543926 0.2572651184206086
v 0.051866098960089424 0.019261660537072123 0.25531153556414654
v 0.04149577910107061 0.021499827452461373 0.282023908659088
v 0.03744713388923904 0.021499947615430948 0.28636253191203653
v 0.04035142708748829 0.019993498798150933 0.28424448981924744
v 0.03512684035251734 0.02149999339180031 0.2883791946054791
v 0.031239377551905978 0.02149996096687201 0.2912154068983951
v 0.03272726977345597 0.019240984876910394 0.2912704911295271
v 0.021793934903564516 0.021499777861394564 0.2957375628749047
v 0.017557242273743556 0.021499939986036054 0.29693879584211647
v 0.019069251012552302 0.019538264248940562 0.2973598774050855
v 0.014729462369533763 0.021499884672923075 0.29748158151242865
v 0.0112618098839673 0.021499997206497756 0.29787495311314405
v 0.012919098514014848 0.020499814053522858 0.2981260517578831
v 0.0112618098839673 0.021499997206497756 0.29787495311314405
v 0.0067104929296626925 0.021499919005200097 0.2980137775826285
v 0.010012958048526976 0.019313488923933253 0.29881407058939036
v 0.05146400696101061 0.02008754634900467 0.25824409185577923
v 0.05062354519013379 0.02149998194770797 0.2608101320167221
v 0.05126288085282482 0.0197194299527359 0.2612090272993405
v 0.050898623023023504 0.019261683425256804 0.26419346347624983
v 0.05062354519013379 0.02149998194770797 0.2608101320167221
v 0.04978700492823229 0.021499983855056692 0.2652806217310121
v 0.050898623023023504 0.019261683425256804 0.26419346347624983
v 0.04978700492823229 0.021499983855056692 0.2652806217310121
v 0.04987394188304517 0.019318982088256664 0.26806461844527607
v 0.046547792738245164 0.019440285652367884 0.27583241056227326
v 0.046763616875693526 0.021499997206497756 0.2736555305760645
v 0.04550164629573361 0.021498652525647755 0.27610630583895446
v 0.04170876128892109 0.019001328417163066 0.28323313723214827
v 0.04149577910107061 0.021499827452461373 0.282023908659088
v 0.04035142708748829 0.019993498798150933 0.28424448981924744
v 0.03079371789328711 0.019269467315397026 0.29247804123571075
v 0.031239377551905978 0.02149996096687201 0.2912154068983951
v 0.027949145690916444 0.020143996241822615 0.2937367082876817
v 0.027949145690916444 0.020143996241822615 0.2937367082876817
v 0.031239377551905978 0.02149996096687201 0.2912154068983951
v 0.02719608626794101 0.021499547072199032 0.2934895158931282
v 0.027949145690916444 0.020143996241822615 0.2937367082876817
v 0.02719608626794101 0.021499547072199032 0.2934895158931282
v 0.024437146393856413 0.02149635989248222 0.294793165857392
v 0.015354525341727543 0.020036850927285244 0.29795884593939437
v 0.015774120126366697 0.021499997206497756 0.2972955158297629
v 0.014729462369533763 0.021499884672923075 0.29748158151242865
v 0.012474023457779704 0.01958179948355232 0.29853419386711255
v 0.0112618098839673 0.021499997206497756 0.29787495311314405
v 0.010012958048526976 0.019313488923933253 0.29881407058939036
v 0.047756651285653096 0.019249180754374873 0.23643548181113683
v 0.04745193706829909 0.021500008650590097 0.23784720978346374
v 0.048965513647758474 0.019992817874656676 0.24000736613606566
v 0.05134023910234875 0.019265377959734042 0.24814286456935608
v 0.05059930660255674 0.0214999762256618 0.24895165672202946
v 0.05154923111666987 0.020020230290509478 0.2528254362028991
v 0.05154923111666987 0.020020230290509478 0.2528254362028991
v 0.05099605802521001 0.02149996096687201 0.25355405867403025
v 0.051866098960089424 0.019261660537072123 0.25531153556414654
v 0.04563881518652613 0.018826302468908374 0.2778081491815064
v 0.04550164629573361 0.021498652525647755 0.27610630583895446
v 0.04394010371057799 0.021499537535455415 0.27865162456336623
v 0.015058378934839078 0.018896746579309953 0.2984250630025541
v 0.017557242273743556 0.021499939986036054 0.29693879584211647
v 0.015354525341727543 0.020036850927285244 0.29795884593939437
v 0.015354525341727543 0.020036850927285244 0.29795884593939437
v 0.014729462369533763 0.021499884672923075 0.29748158151242865
v 0.012919098514014848 0.020499814053522858 0.2981260517578831
v 0.005042938471948588 0.018542859004517798 0.29901219071598806
v 0.0067104929296626925 0.021499919005200097 0.2980137775826285
v 0.001951529118724149 0.020126708032993657 0.2981472309581078
v -0.001153754646742236 0.019154213861436453 0.29792927440478667
v -0.0002543664397417454 0.021499913283153926 0.2972086017631347
v -0.002753471982131772 0.0214996176441018 0.2966616351844208
v -0.006411148852639437 0.019546545957097594 0.29633509708297356
v -0.006174405391229931 0.021499901839061586 0.2955919024675956
v -0.009541927790863713 0.019399319616486554 0.2951546771050316
v 0.04716939768720341 0.018395798603245694 0.23465523880665795
v 0.04517130875562936 0.020493739147838808 0.23252166326586543
v 0.047756651285653096 0.019249180754374873 0.23643548181113683
v 0.050803991823460404 0.018364209093688633 0.24413616577064967
v 0.04990980385374266 0.021499810286322862 0.24529497930225286
v 0.05134023910234875 0.019265377959734042 0.24814286456935608
v 0.045132490394410585 0.017882164850822058 0.2791581248315643
v 0.04394010371057799 0.021499537535455415 0.27865162456336623
v 0.043590738459609035 0.019963423723480256 0.2802161387978329
v 0.043590738459609035 0.019963423723480256 0.2802161387978329
v 0.04149577910107061 0.021499827452461373 0.282023908659088
v 0.04170876128892109 0.019001328417163066 0.28323313723214827
v 0.039469392743836096 0.018466969413510892 0.2859157240294862
v 0.04035142708748829 0.019993498798150933 0.28424448981924744
v 0.0380063456467572 0.019537024472270348 0.2868785536650619
v 0.021366219581735457 0.018436509054398087 0.2970687396959447
v 0.024437146393856413 0.02149635989248222 0.294793165857392
v 0.021793934903564516 0.021499777861394564 0.2957375628749047
v 0.012474023457779704 0.01958179948355232 0.29853419386711255
v 0.015354525341727543 0.020036850927285244 0.29795884593939437
v 0.012919098514014848 0.020499814053522858 0.2981260517578831
v -0.001153754646742236 0.019154213861436453 0.29792927440478667
v -0.002753471982131772 0.0214996176441018 0.2966616351844208
v -0.002734344135459088 0.01922302718867952 0.29753974801909766
v 0.04320624747454982 0.017644509199885583 0.2279888566540843
v 0.0434535352365395 0.02148502261167029 0.23059032772491317
v 0.04445511456877993 0.017514544365221374 0.22963827079492727
v 0.04445511456877993 0.017514544365221374 0.22963827079492727
v 0.04517130875562936 0.020493739147838808 0.23252166326586543
v 0.04615415029401104 0.017580403209291884 0.23231345707921836
v 0.05238250218285945 0.01734373937969158 0.2523244443578142
v 0.05134023910234875 0.019265377959734042 0.24814286456935608
v 0.05154923111666987 0.020020230290509478 0.2528254362028991
v 0.046547792738245164 0.019440285652367884 0.27583241056227326
v 0.04550164629573361 0.021498652525647755 0.27610630583895446
v 0.04563881518652613 0.018826302468908374 0.2778081491815064
v 0.02506176113910019 0.017613905789618522 0.2959661395459178
v 0.027949145690916444 0.020143996241822615 0.2937367082876817
v 0.024437146393856413 0.02149635989248222 0.294793165857392
v -0.009541927790863713 0.019399319616486554 0.2951546771050316
v -0.010115274909771044 0.021498198576651584 0.2940387712903102
v -0.012207531555168405 0.019244051893657632 0.29394929374699774
v 0.04988613747078263 0.017199078423113523 0.23997359843426647
v 0.048965513647758474 0.019992817874656676 0.24000736613606566
v 0.05009413384907013 0.01981599711125326 0.24337060176944358
v 0.05175339372402332 0.017147957662628777 0.263093579390805
v 0.05126288085282482 0.0197194299527359 0.2612090272993405
v 0.050898623023023504 0.019261683425256804 0.26419346347624983
v 0.048094103236495656 0.01682805522739028 0.274512799903892
v 0.048544348161445594 0.018778630194915547 0.27220219188398775
v 0.046547792738245164 0.019440285652367884 0.27583241056227326
v 0.02506176113910019 0.017613905789618522 0.2959661395459178
v 0.024437146393856413 0.02149635989248222 0.294793165857392
v 0.021366219581735457 0.018436509054398087 0.2970687396959447
v 0.015058378934839078 0.018896746579309953 0.2984250630025541
v 0.015354525341727543 0.020036850927285244 0.29795884593939437
v 0.012474023457779704 0.01958179948355232 0.29853419386711255
v 0.0017468964691196714 0.017485867377164954 0.298969374551845
v 0.001951529118724149 0.020126708032993657 0.2981472309581078
v -0.001153754646742236 0.019154213861436453 0.29792927440478667
v -0.004280690873335324 0.017177256446369027 0.2977666462232341
v -0.002734344135459088 0.01922302718867952 0.29753974801909766
v -0.006411148852639437 0.019546545957097594 0.29633509708297356
v -0.0074534991943542295 0.017178990226358604 0.2967310626779528
v -0.006411148852639437 0.019546545957097594 0.29633509708297356
v -0.009541927790863713 0.019399319616486554 0.2951546771050316
v -0.018097632314059142 0.01830461970487196 0.2906303543803722
v -0.016987421842625805 0.019881642332266747 0.2907928299740269
v -0.020417929665478285 0.019372887577877584 0.2883708633062553
v 0.04988613747078263 0.017199078423113523 0.23997359843426647
v 0.047756651285653096 0.019249180754374873 0.23643548181113683
v 0.048965513647758474 0.019992817874656676 0.24000736613606566
v 0.05238250218285945 0.01734373937969158 0.2523244443578142
v 0.05154923111666987 0.020020230290509478 0.2528254362028991
v 0.051866098960089424 0.019261660537072123 0.25531153556414654
v 0.05117587904815535 0.01620348435116714 0.26675211838293567
v 0.050898623023023504 0.019261683425256804 0.26419346347624983
v 0.04987394188304517 0.019318982088256664 0.26806461844527607
v 0.04436342831564577 0.016032481001370114 0.28115165519968943
v 0.043590738459609035 0.019963423723480256 0.2802161387978329
v 0.04170876128892109 0.019001328417163066 0.28323313723214827
v 0.04170876128892109 0.019001328417163066 0.28323313723214827
v 0.04035142708748829 0.019993498798150933 0.28424448981924744
v 0.039469392743836096 0.018466969413510892 0.2859157240294862
v 0.03501993727126784 0.015930392068298493 0.29076692054896813
v 0.03610007648272795 0.01917038054921605 0.28872981107721063
v 0.03272726977345597 0.019240984876910394 0.2912704911295271
v 0.012928462642572414 0.01602669029064585 0.2995166157887751
v 0.015058378934839078 0.018896746579309953 0.2984250630025541
v 0.012474023457779704 0.01958179948355232 0.29853419386711255
v 0.009502022240872599 0.016636645153601526 0.299619185373725
v 0.012474023457779704 0.01958179948355232 0.29853419386711255
v 0.010012958048526976 0.019313488923933253 0.29881407058939036
v 0.05194481142720697 0.015457361001824377 0.245663768992621
v 0.050803991823460404 0.018364209093688633 0.24413616577064967
v 0.05134023910234875 0.019265377959734042 0.24814286456935608
v 0.05242736683953142 0.01564281156452685 0.24869349325761891
v 0.05134023910234875 0.019265377959734042 0.24814286456935608
v 0.05238250218285945 0.01734373937969158 0.2523244443578142
v 0.05273710119872543 0.016077612686863363 0.25690546874532305
v 0.051866098960089424 0.019261660537072123 0.25531153556414654
v 0.05223359928272053 0.017462027425471094 0.25906635751983476
v 0.03832538405302399 0.01651757128014797 0.2877808059051822
v 0.0380063456467572 0.019537024472270348 0.2868785536650619
v 0.03610007648272795 0.01917038054921605 0.28872981107721063
v 0.00028997813052393864 0.015592819000811997 0.29921632280576194
v 0.0017468964691196714 0.017485867377164954 0.298969374551845
v -0.001153754646742236 0.019154213861436453 0.29792927440478667
v -0.0019057746838727074 0.016998715254417096 0.29841401563874814
v -0.001153754646742236 0.019154213861436453 0.29792927440478667
v -0.002734344135459088 0.01922302718867952 0.29753974801909766
v -0.0019057746838727074 0.016998715254417096 0.29841401563874814
v -0.002734344135459088 0.01922302718867952 0.29753974801909766
v -0.004280690873335324 0.017177256446369027 0.2977666462232341
v -0.0108070292837531 0.016637924984594932 0.29546769591872735
v -0.009541927790863713 0.019399319616486554 0.2951546771050316
v -0.012207531555168405 0.019244051893657632 0.29394929374699774
v -0.01351208178802965 0.016627411678431514 0.29410105767022177
v -0.012207531555168405 0.019244051893657632 0.29394929374699774
v -0.014738738760050052 0.019006602236383285 0.2926267839185569
v -0.016509573766950725 0.015861970701218087 0.29252928025181635
v -0.018097632314059142 0.01830461970487196 0.2906303543803722
v -0.018378655352919715 0.015965431018021836 0.2912134842908819
v -0.020319916736628585 0.016698298293736924 0.28946327058470434
v -0.018097632314059142 0.01830461970487196 0.2906303543803722
v -0.020417929665478285 0.019372887577877584 0.2883708633062553
v -0.020319916736628585 0.016698298293736924 0.28946327058470434
v -0.020417929665478285 0.019372887577877584 0.2883708633062553
v -0.021891276445663577 0.01903560156637396 0.28723026876965807
v 0.045333482988185736 0.014827693689812294 0.22975156730909763
v 0.04445511456877993 0.017514544365221374 0.22963827079492727
v 0.04615415029401104 0.017580403209291884 0.23231345707921836
v 0.04849391023180383 0.016146063617848982 0.23595025229590216
v 0.04716939768720341 0.018395798603245694 0.23465523880665795
v 0.047756651285653096 0.019249180754374873 0.23643548181113683
v 0.04849391023180383 0.016146063617848982 0.23595025229590216
v 0.047756651285653096 0.019249180754374873 0.23643548181113683
v 0.04988613747078263 0.017199078423113523 0.23997359843426647
v 0.050430876266187585 0.015281557808964896 0.2698812994397669
v 0.04987394188304517 0.019318982088256664 0.26806461844527607
v 0.048544348161445594 0.018778630194915547 0.27220219188398775
v 0.04957938239029458 0.014689841968176798 0.2724318671878655
v 0.048544348161445594 0.018778630194915547 0.27220219188398775
v 0.048094103236495656 0.01682805522739028 0.274512799903892
v 0.040751886396059867 0.016006905362337953 0.2855214979365427
v 0.04170876128892109 0.019001328417163066 0.28323313723214827
v 0.039469392743836096 0.018466969413510892 0.2859157240294862
v 0.03501993727126784 0.015930392068298493 0.29076692054896813
v 0.03272726977345597 0.019240984876910394 0.2912704911295271
v 0.03157809598230088 0.015806955134640144 0.2931410356519669
v 0.03157809598230088 0.015806955134640144 0.2931410356519669
v 0.03272726977345597 0.019240984876910394 0.2912704911295271
v 0.029187308744110796 0.016154827885233036 0.2944322649613439
v 0.004738382087701443 0.014938655609145202 0.2999352254277986
v 0.0070039309013639195 0.01916985602831711 0.2988941182006143
v 0.005042938471948588 0.018542859004517798 0.29901219071598806
v -0.0108070292837531 0.016637924984594932 0.29546769591872735
v -0.012207531555168405 0.019244051893657632 0.29394929374699774
v -0.01351208178802965 0.016627411678431514 0.29410105767022177
v -0.018378655352919715 0.015965431018021836 0.2912134842908819
v -0.018097632314059142 0.01830461970487196 0.2906303543803722
v -0.020319916736628585 0.016698298293736924 0.28946327058470434
v -0.022820342194137533 0.01579026201861289 0.2875655654164432
v -0.021891276445663577 0.01903560156637396 0.28723026876965807
v -0.02409566230781257 0.01714130864497898 0.28583891128169714
v 0.04999536751747469 0.014593443610021462 0.23854195774126719
v 0.04849391023180383 0.016146063617848982 0.23595025229590216
v 0.04988613747078263 0.017199078423113523 0.23997359843426647
v 0.051323664241942346 0.014024103830782009 0.242002529194698
v 0.04988613747078263 0.017199078423113523 0.23997359843426647
v 0.050803991823460404 0.018364209093688633 0.24413616577064967
v 0.021027943656244386 0.014874218693547991 0.29812611279304224
v 0.021366219581735457 0.018436509054398087 0.2970687396959447
v 0.017061053132744197 0.01649944765257816 0.2987516316215809
v 0.015428426521690297 0.01340591112868994 0.29973991291852176
v 0.017061053132744197 0.01649944765257816 0.2987516316215809
v 0.012928462642572414 0.01602669029064585 0.2995166157887751
v 0.004738382087701443 0.014938655609145202 0.2999352254277986
v 0.005042938471948588 0.018542859004517798 0.29901219071598806
v 0.0017468964691196714 0.017485867377164954 0.298969374551845
v -0.002699316868246676 0.014663514833747615 0.298809218294238
v -0.0019057746838727074 0.016998715254417096 0.29841401563874814
v -0.004280690873335324 0.017177256446369027 0.2977666462232341
v -0.008773392140346559 0.014242580136630267 0.29695762518871394
v -0.0074534991943542295 0.017178990226358604 0.2967310626779528
v -0.0108070292837531 0.016637924984594932 0.29546769591872735
v 0.04946723410005571 0.013412056606276757 0.23667200831162905
v 0.04849391023180383 0.016146063617848982 0.23595025229590216
v 0.04999536751747469 0.014593443610021462 0.23854195774126719
v 0.05328544106852018 0.013705746348009473 0.25494807119141416
v 0.05238250218285945 0.01734373937969158 0.2523244443578142
v 0.05273710119872543 0.016077612686863363 0.25690546874532305
v 0.05319858803705113 0.012949149746826483 0.25968192761743214
v 0.05223359928272053 0.017462027425471094 0.25906635751983476
v 0.05249939595672215 0.015258562812755505 0.26140885641039435
v 0.05217458209852088 0.013701049501778084 0.26498197669729595
v 0.05175339372402332 0.017147957662628777 0.263093579390805
v 0.05117587904815535 0.01620348435116714 0.26675211838293567
v 0.046748068168900314 0.013619437864600958 0.2784831980416945
v 0.04682683404178212 0.01610250358770382 0.2772720163435415
v 0.045132490394410585 0.017882164850822058 0.2791581248315643
v 0.046748068168900314 0.013619437864600958 0.2784831980416945
v 0.045132490394410585 0.017882164850822058 0.2791581248315643
v 0.04436342831564577 0.016032481001370114 0.28115165519968943
v 0.03785387981920296 0.01365581386577941 0.2890786880469064
v 0.03832538405302399 0.01651757128014797 0.2877808059051822
v 0.03501993727126784 0.015930392068298493 0.29076692054896813
v 0.025531308433131006 0.013684277230778807 0.29674342229768047
v 0.02724364791570788 0.015563910269885683 0.29555961486840576
v 0.02506176113910019 0.017613905789618522 0.2959661395459178
v -0.010167343622571323 0.013791922270681711 0.29648390080097886
v -0.0108070292837531 0.016637924984594932 0.29546769591872735
v -0.013602886846053597 0.014082001401281019 0.2947188555511281
v -0.013602886846053597 0.014082001401281019 0.2947188555511281
v -0.01351208178802965 0.016627411678431514 0.29410105767022177
v -0.016509573766950725 0.015861970701218087 0.29252928025181635
v -0.019807295786377077 0.013080501224012608 0.29090000771349256
v -0.018378655352919715 0.015965431018021836 0.2912134842908819
v -0.020319916736628585 0.016698298293736924 0.28946327058470434
v -0.02193909749285683 0.012498702642911863 0.28928175202139517
v -0.020319916736628585 0.016698298293736924 0.28946327058470434
v -0.022820342194137533 0.01579026201861289 0.2875655654164432
v 0.04722755274978008 0.011816235149864074 0.23170232728944906
v 0.045333482988185736 0.014827693689812294 0.22975156730909763
v 0.04745817409862463 0.015257941970746036 0.23343836557991426
v 0.05334855142308026 0.012710250504522347 0.251718975579056
v 0.0527604852940744 0.015290525208987993 0.25082299470153824
v 0.05238250218285945 0.01734373937969158 0.2523244443578142
v 0.05286289466173155 0.012526063560349132 0.26258320339000096
v 0.05249939595672215 0.015258562812755505 0.26140885641039435
v 0.05217458209852088 0.013701049501778084 0.26498197669729595
v 0.05157070786329543 0.013164930968928568 0.2676911137888637
v 0.05117587904815535 0.01620348435116714 0.26675211838293567
v 0.050430876266187585 0.015281557808964896 0.2698812994397669
v 0.04864441911956785 0.012693297989068708 0.2754127633255442
v 0.048094103236495656 0.01682805522739028 0.274512799903892
v 0.04682683404178212 0.01610250358770382 0.2772720163435415
v 0.040438714994466274 0.01253448259761425 0.2869104750532968
v 0.040751886396059867 0.016006905362337953 0.2855214979365427
v 0.03785387981920296 0.01365581386577941 0.2890786880469064
v 0.01822429362073441 0.012260779963154111 0.2993717183209553
v 0.021027943656244386 0.014874218693547991 0.29812611279304224
v 0.017061053132744197 0.01649944765257816 0.2987516316215809
v 0.011460706301495427 0.013271546040520832 0.3002274312522245
v 0.012928462642572414 0.01602669029064585 0.2995166157887751
v 0.009502022240872599 0.016636645153601526 0.299619185373725
v 0.011460706301495427 0.013271546040520832 0.3002274312522245
v 0.009502022240872599 0.016636645153601526 0.299619185373725
v 0.0088367599869843 0.01313226285366842 0.3003935689554281
v 0.0088367599869843 0.01313226285366842 0.3003935689554281
v 0.009502022240872599 0.016636645153601526 0.299619185373725
v 0.004738382087701443 0.014938655609145202 0.2999352254277986
v -0.002699316868246676 0.014663514833747615 0.298809218294238
v -0.004280690873335324 0.017177256446369027 0.2977666462232341
v -0.004922297234681572 0.013643047980773648 0.29843220411617455
v 0.04449073621353827 0.011597950532562518 0.22757316144391015
v 0.0431902257452732 0.015010868785487741 0.22694987039868042
v 0.045333482988185736 0.014827693689812294 0.22975156730909763
v 0.05185386141068005 0.011910720437249833 0.24247799308446882
v 0.051323664241942346 0.014024103830782009 0.242002529194698
v 0.05194481142720697 0.015457361001824377 0.245663768992621
v 0.05277321875415186 0.012539446472666915 0.24692954664063282
v 0.05194481142720697 0.015457361001824377 0.245663768992621
v 0.05242736683953142 0.01564281156452685 0.24869349325761891
v 0.05335057321272707 0.01132624107751834 0.24940086023457642
v 0.05242736683953142 0.01564281156452685 0.24869349325761891
v 0.0527604852940744 0.015290525208987993 0.25082299470153824
v 0.05319858803705113 0.012949149746826483 0.25968192761743214
v 0.05249939595672215 0.015258562812755505 0.26140885641039435
v 0.05286289466173155 0.012526063560349132 0.26258320339000096
v 0.05106108335788839 0.011998035047109945 0.2699559149218266
v 0.05157070786329543 0.013164930968928568 0.2676911137888637
v 0.050430876266187585 0.015281557808964896 0.2698812994397669
v 0.04207708940089816 0.012590575816220917 0.285140699578612
v 0.04380901163281825 0.012627565983688305 0.2830421887367506
v 0.042554895514901325 0.014910502188313357 0.28389860357235
v 0.02999794721034843 0.011936632723331675 0.2949466692826518
v 0.03290100253927619 0.013844240846164757 0.2927940202546252
v 0.03157809598230088 0.015806955134640144 0.2931410356519669
v 0.02999794721034843 0.011936632723331675 0.2949466692826518
v 0.03157809598230088 0.015806955134640144 0.2931410356519669
v 0.029187308744110796 0.016154827885233036 0.2944322649613439
v 0.02999794721034843 0.011936632723331675 0.2949466692826518
v 0.029187308744110796 0.016154827885233036 0.2944322649613439
v 0.02724364791570788 0.015563910269885683 0.29555961486840576
v 0.013225469263735135 0.011578610016507174 0.30035261436363914
v 0.012928462642572414 0.01602669029064585 0.2995166157887751
v 0.011460706301495427 0.013271546040520832 0.3002274312522245
v 0.0034891182649368635 0.011893100349743002 0.3003893880470264
v 0.004738382087701443 0.014938655609145202 0.2999352254277986
v -7.775083553538883e-05 0.012999822280361228 0.29969407551400085
v -7.775083553538883e-05 0.012999822280361228 0.29969407551400085
v 0.00028997813052393864 0.015592819000811997 0.29921632280576194
v -0.002699316868246676 0.014663514833747615 0.298809218294238
v -7.775083553538883e-05 0.012999822280361228 0.29969407551400085
v -0.002699316868246676 0.014663514833747615 0.298809218294238
v -0.002765936029202054 0.011892269699373959 0.29931803789848377
v -0.01547298314154344 0.011586885048943674 0.2941528460027597
v -0.013602886846053597 0.014082001401281019 0.2947188555511281
v -0.017163052420425817 0.0122181774220681 0.29298356494136246
v 0.045915445601276694 0.010597093131813895 0.22931231252749196
v 0.045333482988185736 0.014827693689812294 0.22975156730909763
v 0.04722755274978008 0.011816235149864074 0.23170232728944906
v 0.04832821503350404 0.012955309529528725 0.234089412363767
v 0.04722755274978008 0.011816235149864074 0.23170232728944906
v 0.04745817409862463 0.015257941970746036 0.23343836557991426
v 0.05081667569247106 0.010744710478913233 0.23878322972538324
v 0.04946723410005571 0.013412056606276757 0.23667200831162905
v 0.04999536751747469 0.014593443610021462 0.23854195774126719
v 0.05081667569247106 0.010744710478913233 0.23878322972538324
v 0.04999536751747469 0.014593443610021462 0.23854195774126719
v 0.051323664241942346 0.014024103830782009 0.242002529194698
v 0.052597517604449084 0.010277952682390401 0.2443932763785649
v 0.05194481142720697 0.015457361001824377 0.245663768992621
v 0.05277321875415186 0.012539446472666915 0.24692954664063282
v 0.05390897243968906 0.009744784818015995 0.25402018418445127
v 0.05334855142308026 0.012710250504522347 0.251718975579056
v 0.05328544106852018 0.013705746348009473 0.25494807119141416
v 0.05372149913366542 0.010708113225282867 0.2574867370834787
v 0.05328544106852018 0.013705746348009473 0.25494807119141416
v 0.05319858803705113 0.012949149746826483 0.25968192761743214
v 0.05106108335788839 0.011998035047109945 0.2699559149218266
v 0.050430876266187585 0.015281557808964896 0.2698812994397669
v 0.04957938239029458 0.014689841968176798 0.2724318671878655
v 0.04985563896469536 0.011797109210540113 0.2731282478361762
v 0.04957938239029458 0.014689841968176798 0.2724318671878655
v 0.04864441911956785 0.012693297989068708 0.2754127633255442
v 0.047226740219223906 0.010371673122938074 0.278692090873882
v 0.046748068168900314 0.013619437864600958 0.2784831980416945
v 0.04581061008604337 0.011654059009958972 0.2805693187462487
v 0.03282191241711141 0.01045069839524626 0.29352119314072656
v 0.03290100253927619 0.013844240846164757 0.2927940202546252
v 0.02999794721034843 0.011936632723331675 0.2949466692826518
v 0.02149975878790733 0.010275593292019547 0.29882008255256653
v 0.0235912582158615 0.014536533092486814 0.29735133248280465
v 0.021027943656244386 0.014874218693547991 0.29812611279304224
v -0.007509901403454089 0.011103857567810183 0.29799946483780804
v -0.004922297234681572 0.013643047980773648 0.29843220411617455
v -0.008773392140346559 0.014242580136630267 0.29695762518871394
v -0.007509901403454089 0.011103857567810183 0.29799946483780804
v -0.008773392140346559 0.014242580136630267 0.29695762518871394
v -0.010167343622571323 0.013791922270681711 0.29648390080097886
v -0.012751613268938145 0.010573276068304716 0.2958360736217712
v -0.010167343622571323 0.013791922270681711 0.29648390080097886
v -0.013602886846053597 0.014082001401281019 0.2947188555511281
v 0.049492395844414894 0.009822368134689285 0.23537484333302483
v 0.04832821503350404 0.012955309529528725 0.234089412363767
v 0.04946723410005571 0.013412056606276757 0.23667200831162905
v 0.049492395844414894 0.009822368134689285 0.23537484333302483
v 0.04946723410005571 0.013412056606276757 0.23667200831162905
v 0.05081667569247106 0.010744710478913233 0.23878322972538324
v 0.05390897243968906 0.009744784818015995 0.25402018418445127
v 0.05328544106852018 0.013705746348009473 0.25494807119141416
v 0.05372149913366542 0.010708113225282867 0.2574867370834787
v 0.05262716543300572 0.009338625397784517 0.2660269901746658
v 0.05217458209852088 0.013701049501778084 0.26498197669729595
v 0.05157070786329543 0.013164930968928568 0.2676911137888637
v 0.051574350899357135 0.010224506863811822 0.2692851690403585
v 0.05157070786329543 0.013164930968928568 0.2676911137888637
v 0.05106108335788839 0.011998035047109945 0.2699559149218266
v 0.029236186462496816 0.010129889969364148 0.2956572711230442
v 0.02999794721034843 0.011936632723331675 0.2949466692826518
v 0.027111417150760264 0.012225799187566833 0.29634242130207145
v 0.024363942349852064 0.010328941835813232 0.2978098896334912
v 0.025531308433131006 0.013684277230778807 0.29674342229768047
v 0.0235912582158615 0.014536533092486814 0.29735133248280465
v 0.024363942349852064 0.010328941835813232 0.2978098896334912
v 0.0235912582158615 0.014536533092486814 0.29735133248280465
v 0.02149975878790733 0.010275593292019547 0.29882008255256653
v 0.010886578123285862 0.011642347888797255 0.3005607442563373
v 0.013225469263735135 0.011578610016507174 0.30035261436363914
v 0.011460706301495427 0.013271546040520832 0.3002274312522245
v 0.0014893952123440357 0.009468208762704045 0.30048414513160526
v 0.0034891182649368635 0.011893100349743002 0.3003893880470264
v -7.775083553538883e-05 0.012999822280361228 0.29969407551400085
v -0.005294500602427421 0.00966777084493664 0.29893702591749605
v -0.004922297234681572 0.013643047980773648 0.29843220411617455
v -0.007509901403454089 0.011103857567810183 0.29799946483780804
v -0.012751613268938145 0.010573276068304716 0.2958360736217712
v -0.013602886846053597 0.014082001401281019 0.2947188555511281
v -0.01547298314154344 0.011586885048943674 0.2941528460027597
v 0.04851403276083577 0.00884469360399931 0.23320917855730972
v 0.04832821503350404 0.012955309529528725 0.234089412363767
v 0.049492395844414894 0.009822368134689285 0.23537484333302483
v 0.05406526059408501 0.008060386086888305 0.25294543132578606
v 0.05334855142308026 0.012710250504522347 0.251718975579056
v 0.05390897243968906 0.009744784818015995 0.25402018418445127
v 0.05346521631509615 0.009391716449500542 0.2616622133560219
v 0.05319858803705113 0.012949149746826483 0.25968192761743214
v 0.05286289466173155 0.012526063560349132 0.26258320339000096
v 0.053325464874132145 0.00844304601717305 0.2632680483932325
v 0.05286289466173155 0.012526063560349132 0.26258320339000096
v 0.05262716543300572 0.009338625397784517 0.2660269901746658
v 0.051574350899357135 0.010224506863811822 0.2692851690403585
v 0.05106108335788839 0.011998035047109945 0.2699559149218266
v 0.05063538219631125 0.009674357873752926 0.27203785471797903
v 0.04942737051173651 0.009175269562693988 0.2749486824929547
v 0.04985563896469536 0.011797109210540113 0.2731282478361762
v 0.04864441911956785 0.012693297989068708 0.2754127633255442
v 0.04842033616214714 0.00797263898570516 0.2772019479808384
v 0.04864441911956785 0.012693297989068708 0.2754127633255442
v 0.047226740219223906 0.010371673122938074 0.278692090873882
v 0.04588392094157623 0.00802960147849252 0.2812966442202479
v 0.04581061008604337 0.011654059009958972 0.2805693187462487
v 0.04380901163281825 0.012627565983688305 0.2830421887367506
v 0.044267008022980114 0.00784031619118164 0.28350730716704564
v 0.04380901163281825 0.012627565983688305 0.2830421887367506
v 0.04207708940089816 0.012590575816220917 0.285140699578612
v 0.040649858498147395 0.00919207807331901 0.28735285788680887
v 0.040438714994466274 0.01253448259761425 0.2869104750532968
v 0.038330552968064424 0.010187543399226562 0.28939851228084723
v 0.0273130277255218 0.008622347287591259 0.2968071735214116
v 0.027111417150760264 0.012225799187566833 0.29634242130207145
v 0.024363942349852064 0.010328941835813232 0.2978098896334912
v 0.01480943368680876 0.00878026241044827 0.3005229940104036
v 0.01822429362073441 0.012260779963154111 0.2993717183209553
v 0.015428426521690297 0.01340591112868994 0.29973991291852176
v 0.01480943368680876 0.00878026241044827 0.3005229940104036
v 0.015428426521690297 0.01340591112868994 0.29973991291852176
v 0.013225469263735135 0.011578610016507174 0.30035261436363914
v 0.009968900200365005 0.008643530302513414 0.3009948873433642
v 0.010886578123285862 0.011642347888797255 0.3005607442563373
v 0.0088367599869843 0.01313226285366842 0.3003935689554281
v 0.007663156873379817 0.008758096157259199 0.3010240011142783
v 0.0088367599869843 0.01313226285366842 0.3003935689554281
v 0.005884648602564879 0.012492135641257174 0.30045472618489544
v 0.0053638909026593184 0.008644952230986713 0.30096131800583226
v 0.005884648602564879 0.012492135641257174 0.30045472618489544
v 0.0034891182649368635 0.011893100349743002 0.3003893880470264
v -0.01740326582600038 0.00770561970117184 0.29352540456670784
v -0.01547298314154344 0.011586885048943674 0.2941528460027597
v -0.017163052420425817 0.0122181774220681 0.29298356494136246
v -0.021650816992103694 0.008107582477374642 0.2903000931342169
v -0.019807295786377077 0.013080501224012608 0.29090000771349256
v -0.02193909749285683 0.012498702642911863 0.28928175202139517
v 0.044459394659315254 0.008534423279814018 0.22687023477478074
v 0.04449073621353827 0.011597950532562518 0.22757316144391015
v 0.045915445601276694 0.010597093131813895 0.22931231252749196
v 0.04688693460005666 0.007597765806583723 0.23015172907126835
v 0.045915445601276694 0.010597093131813895 0.22931231252749196
v 0.04722755274978008 0.011816235149864074 0.23170232728944906
v 0.05216644534886683 0.008951510854556255 0.2421148186287424
v 0.05185386141068005 0.011910720437249833 0.24247799308446882
v 0.052597517604449084 0.010277952682390401 0.2443932763785649
v 0.05380420177431233 0.00753727996386705 0.2492881130368384
v 0.05335057321272707 0.01132624107751834 0.24940086023457642
v 0.05406526059408501 0.008060386086888305 0.25294543132578606
v 0.05388247173652605 0.008183693320833463 0.25931474009999167
v 0.05372149913366542 0.010708113225282867 0.2574867370834787
v 0.05346521631509615 0.009391716449500542 0.2616622133560219
v 0.04942737051173651 0.009175269562693988 0.2749486824929547
v 0.04864441911956785 0.012693297989068708 0.2754127633255442
v 0.04842033616214714 0.00797263898570516 0.2772019479808384
v 0.03227295838102773 0.008044199371947114 0.29419267144410444
v 0.03282191241711141 0.01045069839524626 0.29352119314072656
v 0.029236186462496816 0.010129889969364148 0.2956572711230442
v 0.024538401815535904 0.008232179079056823 0.2980108784125689
v 0.024363942349852064 0.010328941835813232 0.2978098896334912
v 0.02149975878790733 0.010275593292019547 0.29882008255256653
v 0.01932048507905071 0.00743797385258288 0.2997523335734086
v 0.02149975878790733 0.010275593292019547 0.29882008255256653
v 0.01784048928121562 0.00952141711636656 0.29986344808063936
v 0.01480943368680876 0.00878026241044827 0.3005229940104036
v 0.013225469263735135 0.011578610016507174 0.30035261436363914
v 0.010886578123285862 0.011642347888797255 0.3005607442563373
v -0.0031846469961265 0.0065569537416143575 0.29987147420406746
v -0.002765936029202054 0.011892269699373959 0.29931803789848377
v -0.005294500602427421 0.00966777084493664 0.29893702591749605
v -0.01563551786300854 0.00684542306989111 0.29472346370564384
v -0.012751613268938145 0.010573276068304716 0.2958360736217712
v -0.01547298314154344 0.011586885048943674 0.2941528460027597
v -0.01563551786300854 0.00684542306989111 0.29472346370564384
v -0.01547298314154344 0.011586885048943674 0.2941528460027597
v -0.01740326582600038 0.00770561970117184 0.29352540456670784
v -0.01740326582600038 0.00770561970117184 0.29352540456670784
v -0.017163052420425817 0.0122181774220681 0.29298356494136246
v -0.019546580289374615 0.01056380512821864 0.2915697465148347
v -0.02358061520998489 0.00828414002665423 0.2885549758638283
v -0.02193909749285683 0.012498702642911863 0.28928175202139517
v -0.023532580539734615 0.012127016643507238 0.28790498193647085
v 0.04496743606528186 0.006285259068522786 0.22717498332441177
v 0.044459394659315254 0.008534423279814018 0.22687023477478074
v 0.045915445601276694 0.010597093131813895 0.22931231252749196
v 0.048098139186394384 0.005877255718912955 0.23185465578789521
v 0.04688693460005666 0.007597765806583723 0.23015172907126835
v 0.04851403276083577 0.00884469360399931 0.23320917855730972
v 0.05187297304488858 0.006226797876476009 0.24030224224870433
v 0.05081667569247106 0.010744710478913233 0.23878322972538324
v 0.05216644534886683 0.008951510854556255 0.2421148186287424
v 0.05293417609822271 0.00632410603997241 0.24401017394337632
v 0.05216644534886683 0.008951510854556255 0.2421148186287424
v 0.052597517604449084 0.010277952682390401 0.2443932763785649
v 0.05411228055481443 0.007607817534356076 0.2567538268924173
v 0.05372149913366542 0.010708113225282867 0.2574867370834787
v 0.05388247173652605 0.008183693320833463 0.25931474009999167
v 0.05169110734411175 0.008074732210311408 0.26972227233260415
v 0.051574350899357135 0.010224506863811822 0.2692851690403585
v 0.05063538219631125 0.009674357873752926 0.27203785471797903
v 0.042849409231282554 0.005845239916916212 0.28548719617710094
v 0.0425623494337124 0.009703297122258814 0.28522465344002146
v 0.040649858498147395 0.00919207807331901 0.28735285788680887
v 0.03730558572577758 0.006918137878947905 0.29072907875029574
v 0.038330552968064424 0.010187543399226562 0.28939851228084723
v 0.035648881698113755 0.011231998023420453 0.2914100175033417
v 0.024538401815535904 0.008232179079056823 0.2980108784125689
v 0.0273130277255218 0.008622347287591259 0.2968071735214116
v 0.024363942349852064 0.010328941835813232 0.2978098896334912
v 0.021800686918045376 0.005784103191447676 0.2992077168483219
v 0.024538401815535904 0.008232179079056823 0.2980108784125689
v 0.02149975878790733 0.010275593292019547 0.29882008255256653
v 0.016236195381773566 0.006929022164438026 0.30045411583330395
v 0.01784048928121562 0.00952141711636656 0.29986344808063936
v 0.01480943368680876 0.00878026241044827 0.3005229940104036
v -0.005386153000121741 0.006910477966474704 0.2992277668981024
v -0.005294500602427421 0.00966777084493664 0.29893702591749605
v -0.008795338094758076 0.007562112690571443 0.29799323925157484
v -0.008795338094758076 0.007562112690571443 0.29799323925157484
v -0.009624761084898181 0.010076959134940888 0.2973451679317306
v -0.012459048862952238 0.007483518479074747 0.2963873431792051
v 0.048098139186394384 0.005877255718912955 0.23185465578789521
v 0.04851403276083577 0.00884469360399931 0.23320917855730972
v 0.04964518973594956 0.005704814228178479 0.2347411457931602
v 0.05239789067235989 0.005627406387587741 0.24183449940156077
v 0.05187297304488858 0.006226797876476009 0.24030224224870433
v 0.05216644534886683 0.008951510854556255 0.2421148186287424
v 0.05239789067235989 0.005627406387587741 0.24183449940156077
v 0.05216644534886683 0.008951510854556255 0.2421148186287424
v 0.05293417609822271 0.00632410603997241 0.24401017394337632
v 0.053551298777680945 0.0049067132419369774 0.24639349009661682
v 0.05317612328378685 0.009126703695824245 0.24635703684781507
v 0.05380420177431233 0.00753727996386705 0.2492881130368384
v 0.05417457456412089 0.004918880219443589 0.2508850827171826
v 0.05380420177431233 0.00753727996386705 0.2492881130368384
v 0.05406526059408501 0.008060386086888305 0.25294543132578606
v 0.05435552855220793 0.004921789403083965 0.2548975035620592
v 0.05390897243968906 0.009744784818015995 0.25402018418445127
v 0.05411228055481443 0.007607817534356076 0.2567538268924173
v 0.05416466779485152 0.005002455472131462 0.25916798105981786
v 0.05411228055481443 0.007607817534356076 0.2567538268924173
v 0.05388247173652605 0.008183693320833463 0.25931474009999167
v 0.05395560330127891 0.005066683056206278 0.26104972553396155
v 0.05388247173652605 0.008183693320833463 0.25931474009999167
v 0.053325464874132145 0.00844304601717305 0.2632680483932325
v 0.052824667578617035 0.0058872001583196165 0.26660154464531505
v 0.053325464874132145 0.00844304601717305 0.2632680483932325
v 0.05262716543300572 0.009338625397784517 0.2660269901746658
v 0.052824667578617035 0.0058872001583196165 0.26660154464531505
v 0.05262716543300572 0.009338625397784517 0.2660269901746658
v 0.05169110734411175 0.008074732210311408 0.26972227233260415
v 0.05137681060677135 0.005038388968406082 0.2713314948211475
v 0.05169110734411175 0.008074732210311408 0.26972227233260415
v 0.05030777597957892 0.007467167732143343 0.27346046220742426
v 0.049466742004085074 0.004173558910239017 0.27584043668570135
v 0.04942737051173651 0.009175269562693988 0.2749486824929547
v 0.04842033616214714 0.00797263898570516 0.2772019479808384
v 0.04096076778415503 0.005354304567975476 0.2875704787467547
v 0.040649858498147395 0.00919207807331901 0.28735285788680887
v 0.039139078091916524 0.00558322551543311 0.28927531281210495
v 0.03257952272664344 0.004995845555130496 0.2943009172988552
v 0.03227295838102773 0.008044199371947114 0.29419267144410444
v 0.029306830844514353 0.006273685276469154 0.29607221865251876
v 0.029306830844514353 0.006273685276469154 0.29607221865251876
v 0.0273130277255218 0.008622347287591259 0.2968071735214116
v 0.026580939601760223 0.00577154711480149 0.29741023141138345
v 0.024330384456412446 0.004479913924332335 0.29841917310969623
v 0.024538401815535904 0.008232179079056823 0.2980108784125689
v 0.021800686918045376 0.005784103191447676 0.2992077168483219
v 0.021800686918045376 0.005784103191447676 0.2992077168483219
v 0.02149975878790733 0.010275593292019547 0.29882008255256653
v 0.01932048507905071 0.00743797385258288 0.2997523335734086
v 0.01967372034057946 0.00430229970385998 0.29991694539763347
v 0.01932048507905071 0.00743797385258288 0.2997523335734086
v 0.016236195381773566 0.006929022164438026 0.30045411583330395
v 0.015469320078320137 0.006016852187793187 0.30068992517067616
v 0.01480943368680876 0.00878026241044827 0.3005229940104036
v 0.012075341798218342 0.0068577216544596364 0.3010376119547685
v 0.009788269507886582 0.005749653135642685 0.30126612759062243
v 0.009968900200365005 0.008643530302513414 0.3009948873433642
v 0.007663156873379817 0.008758096157259199 0.3010240011142783
v 0.006614504651482889 0.005053659202285676 0.3013308248593204
v 0.007663156873379817 0.008758096157259199 0.3010240011142783
v 0.0053638909026593184 0.008644952230986713 0.30096131800583226
v 0.004090626434070932 0.004623756628308051 0.3012111959473883
v 0.0053638909026593184 0.008644952230986713 0.30096131800583226
v 0.0032648345590630123 0.00817392769536962 0.3008373555976006
v 0.0013693891222019139 0.005424429674303066 0.30085072229745424
v 0.0032648345590630123 0.00817392769536962 0.3008373555976006
v 0.0014893952123440357 0.009468208762704045 0.30048414513160526
v 0.0013693891222019139 0.005424429674303066 0.30085072229745424
v 0.0014893952123440357 0.009468208762704045 0.30048414513160526
v -0.0008472242161710122 0.008673040801961962 0.300188521338267
v 0.04320260825318556 0.003568565776568694 0.22472407073241374
v 0.043195596839278316 0.00740275751942826 0.2251300460934934
v 0.04496743606528186 0.006285259068522786 0.22717498332441177
v 0.04527662492274098 0.003442291184847096 0.22729497844729873
v 0.04496743606528186 0.006285259068522786 0.22717498332441177
v 0.04688693460005666 0.007597765806583723 0.23015172907126835
v 0.04693147119274821 0.004263463222828334 0.22977479118715383
v 0.04688693460005666 0.007597765806583723 0.23015172907126835
v 0.048098139186394384 0.005877255718912955 0.23185465578789521
v 0.05091684583272693 0.0030945767441982464 0.237207637609531
v 0.04964518973594956 0.005704814228178479 0.2347411457931602
v 0.05091118863641331 0.007400053852612831 0.23793741974868599
v 0.05393074673271547 0.003923597045339122 0.2483205074000593
v 0.053551298777680945 0.0049067132419369774 0.24639349009661682
v 0.05380420177431233 0.00753727996386705 0.2492881130368384
v 0.05393074673271547 0.003923597045339122 0.2483205074000593
v 0.05380420177431233 0.00753727996386705 0.2492881130368384
v 0.05417457456412089 0.004918880219443589 0.2508850827171826
v 0.05439958830771863 0.003480373309458634 0.2567690856822046
v 0.05411228055481443 0.007607817534356076 0.2567538268924173
v 0.05416466779485152 0.005002455472131462 0.25916798105981786
v 0.05341558710131311 0.00426115390036147 0.26450684850090045
v 0.053325464874132145 0.00844304601717305 0.2632680483932325
v 0.052824667578617035 0.0058872001583196165 0.26660154464531505
v 0.05077588894736973 0.004259280883915084 0.27295338210521425
v 0.05137681060677135 0.005038388968406082 0.2713314948211475
v 0.05030777597957892 0.007467167732143343 0.27346046220742426
v 0.04760615002728397 0.003355117480373926 0.2792672251785432
v 0.04842033616214714 0.00797263898570516 0.2772019479808384
v 0.047028250066973865 0.007564243199095488 0.2796329478521641
v 0.045679712557853414 0.004260887825214554 0.28207758908155955
v 0.04588392094157623 0.00802960147849252 0.2812966442202479
v 0.044267008022980114 0.00784031619118164 0.28350730716704564
v 0.04380318277511952 0.002709072718548311 0.28462550180023516
v 0.044267008022980114 0.00784031619118164 0.28350730716704564
v 0.042849409231282554 0.005845239916916212 0.28548719617710094
v 0.03684496100907486 0.003641959601771022 0.2913674454798353
v 0.03730558572577758 0.006918137878947905 0.29072907875029574
v 0.034807737096393954 0.006081744959735291 0.2927353349491034
v 0.030739425211875337 0.003636377507313382 0.29546540710025926
v 0.03257952272664344 0.004995845555130496 0.2943009172988552
v 0.029306830844514353 0.006273685276469154 0.29607221865251876
v 0.021800686918045376 0.005784103191447676 0.2992077168483219
v 0.01932048507905071 0.00743797385258288 0.2997523335734086
v 0.01967372034057946 0.00430229970385998 0.29991694539763347
v 0.014026467989524671 0.003399637145345552 0.3010479268966647
v 0.015469320078320137 0.006016852187793187 0.30068992517067616
v 0.012075341798218342 0.0068577216544596364 0.3010376119547685
v 0.009558820224832565 0.004114540295527824 0.30137541104307874
v 0.009788269507886582 0.005749653135642685 0.30126612759062243
v 0.006614504651482889 0.005053659202285676 0.3013308248593204
v -0.0012455627317761037 0.004140109735676634 0.3004656514783831
v -0.0008472242161710122 0.008673040801961962 0.300188521338267
v -0.0031846469961265 0.0065569537416143575 0.29987147420406746
v -0.011475196429747148 0.003609782628807151 0.29714927558844184
v -0.008795338094758076 0.007562112690571443 0.29799323925157484
v -0.012459048862952238 0.007483518479074747 0.2963873431792051
v -0.011475196429747148 0.003609782628807151 0.29714927558844184
v -0.012459048862952238 0.007483518479074747 0.2963873431792051
v -0.013484966918577701 0.0054007132234390465 0.29604145693230766
v -0.013484966918577701 0.0054007132234390465 0.29604145693230766
v -0.012459048862952238 0.007483518479074747 0.2963873431792051
v -0.01563551786300854 0.00684542306989111 0.29472346370564384
v -0.021197487884268007 0.0035765291959075074 0.29109034585729876
v -0.01955706880000463 0.006817035998840648 0.292116468952912
v -0.021650816992103694 0.008107582477374642 0.2903000931342169
v 0.048645731375489554 0.0028388425268055517 0.23249050481711986
v 0.048098139186394384 0.005877255718912955 0.23185465578789521
v 0.04964518973594956 0.005704814228178479 0.2347411457931602
v 0.052103136630039515 0.0030367089760230392 0.24037989422993167
v 0.05091118863641331 0.007400053852612831 0.23793741974868599
v 0.05187297304488858 0.006226797876476009 0.24030224224870433
v 0.052103136630039515 0.0030367089760230392 0.24037989422993167
v 0.05187297304488858 0.006226797876476009 0.24030224224870433
v 0.05239789067235989 0.005627406387587741 0.24183449940156077
v 0.05285264838438941 0.0015658754854087215 0.24272793206118404
v 0.05239789067235989 0.005627406387587741 0.24183449940156077
v 0.05293417609822271 0.00632410603997241 0.24401017394337632
v 0.05345585886225912 0.0016912211983020203 0.2452167627458034
v 0.05293417609822271 0.00632410603997241 0.24401017394337632
v 0.053551298777680945 0.0049067132419369774 0.24639349009661682
v 0.04897749179774147 0.0022163921455256586 0.27693183688402445
v 0.049466742004085074 0.004173558910239017 0.27584043668570135
v 0.04760615002728397 0.003355117480373926 0.2792672251785432
v 0.0282996191114937 0.0026115683365519893 0.2967988117046082
v 0.029306830844514353 0.006273685276469154 0.29607221865251876
v 0.026580939601760223 0.00577154711480149 0.29741023141138345
v 0.0187477425896887 0.0020827528035458065 0.3002220296406398
v 0.01967372034057946 0.00430229970385998 0.29991694539763347
v 0.015469320078320137 0.006016852187793187 0.30068992517067616
v 0.01128033691579211 0.0028785995420148314 0.30133927822886253
v 0.012075341798218342 0.0068577216544596364 0.3010376119547685
v 0.009788269507886582 0.005749653135642685 0.30126612759062243
v -0.013694437677428395 0.00264531291174791 0.29609028505962687
v -0.013484966918577701 0.0054007132234390465 0.29604145693230766
v -0.01563551786300854 0.00684542306989111 0.29472346370564384
v -0.016696617919511603 0.0027101641988552805 0.2943594805340587
v -0.01563551786300854 0.00684542306989111 0.29472346370564384
v -0.01740326582600038 0.00770561970117184 0.29352540456670784
v -0.016696617919511603 0.0027101641988552805 0.2943594805340587
v -0.01740326582600038 0.00770561970117184 0.29352540456670784
v -0.01898992056444837 0.0036525170153736686 0.2927740312400039
v -0.01898992056444837 0.0036525170153736686 0.2927740312400039
v -0.01955706880000463 0.006817035998840648 0.292116468952912
v -0.021197487884268007 0.0035765291959075074 0.29109034585729876
v 0.046584196395980104 0.0008260875140600477 0.2290323900288448
v 0.04527662492274098 0.003442291184847096 0.22729497844729873
v 0.04693147119274821 0.004263463222828334 0.22977479118715383
v 0.04787220228601452 0.0019853665579610408 0.23110082579603552
v 0.04693147119274821 0.004263463222828334 0.22977479118715383
v 0.048645731375489554 0.0028388425268055517 0.23249050481711986
v 0.04996482323501805 0.001513907504462897 0.2349977986373818
v 0.04964518973594956 0.005704814228178479 0.2347411457931602
v 0.05091684583272693 0.0030945767441982464 0.237207637609531
v 0.05345585886225912 0.0016912211983020203 0.2452167627458034
v 0.053551298777680945 0.0049067132419369774 0.24639349009661682
v 0.05393074673271547 0.003923597045339122 0.2483205074000593
v 0.05450510665379493 0.0008400720756907704 0.2549053160624303
v 0.05435552855220793 0.004921789403083965 0.2548975035620592
v 0.05439958830771863 0.003480373309458634 0.2567690856822046
v 0.05442440291461015 0.0007015585040482525 0.2578330200589106
v 0.05439958830771863 0.003480373309458634 0.2567690856822046
v 0.05416466779485152 0.005002455472131462 0.25916798105981786
v 0.05412390012323742 0.0016666193800024542 0.26083100604115106
v 0.05416466779485152 0.005002455472131462 0.25916798105981786
v 0.05395560330127891 0.005066683056206278 0.26104972553396155
v 0.05412390012323742 0.0016666193800024542 0.26083100604115106
v 0.05395560330127891 0.005066683056206278 0.26104972553396155
v 0.05341558710131311 0.00426115390036147 0.26450684850090045
v 0.051900515160454574 0.0003623751872043439 0.2703675665527071
v 0.05219881687140049 0.004263362133345994 0.2691213811907821
v 0.05137681060677135 0.005038388968406082 0.2713314948211475
v 0.05112922529838082 0.0016567254853369628 0.27234715038696666
v 0.05137681060677135 0.005038388968406082 0.2713314948211475
v 0.05077588894736973 0.004259280883915084 0.27295338210521425
v 0.04380318277511952 0.002709072718548311 0.28462550180023516
v 0.042849409231282554 0.005845239916916212 0.28548719617710094
v 0.042103334519332236 0.0020824481045872423 0.28658338763541724
v 0.04025469780432944 0.0008003005169474747 0.28850630032440694
v 0.04096076778415503 0.005354304567975476 0.2875704787467547
v 0.039139078091916524 0.00558322551543311 0.28927531281210495
v 0.038628881381892466 0.0003530461657842189 0.29000697178240376
v 0.039139078091916524 0.00558322551543311 0.28927531281210495
v 0.03684496100907486 0.003641959601771022 0.2913674454798353
v 0.03635345250184274 0.0007619096998659827 0.2918790421838223
v 0.03684496100907486 0.003641959601771022 0.2913674454798353
v 0.034807737096393954 0.006081744959735291 0.2927353349491034
v 0.0330110680047091 0.0009663688403412779 0.29421574273426276
v 0.034807737096393954 0.006081744959735291 0.2927353349491034
v 0.03257952272664344 0.004995845555130496 0.2943009172988552
v 0.0330110680047091 0.0009663688403412779 0.29421574273426276
v 0.03257952272664344 0.004995845555130496 0.2943009172988552
v 0.030739425211875337 0.003636377507313382 0.29546540710025926
v 0.02538943602038657 0.0018370749630879785 0.2981102741692431
v 0.026580939601760223 0.00577154711480149 0.29741023141138345
v 0.024330384456412446 0.004479913924332335 0.29841917310969623
v 0.022733946926362103 0.0015147839312013023 0.2990944050753618
v 0.024330384456412446 0.004479913924332335 0.29841917310969623
v 0.021800686918045376 0.005784103191447676 0.2992077168483219
v 0.022733946926362103 0.0015147839312013023 0.2990944050753618
v 0.021800686918045376 0.005784103191447676 0.2992077168483219
v 0.01967372034057946 0.00430229970385998 0.29991694539763347
v 0.006965974661768126 0.0004396497816053571 0.3015060873188168
v 0.009558820224832565 0.004114540295527824 0.30137541104307874
v 0.006614504651482889 0.005053659202285676 0.3013308248593204
v 0.0048396298799860404 0.0019316093647033655 0.30138548184433833
v 0.006614504651482889 0.005053659202285676 0.3013308248593204
v 0.004090626434070932 0.004623756628308051 0.3012111959473883
v 0.0048396298799860404 0.0019316093647033655 0.30138548184433833
v 0.004090626434070932 0.004623756628308051 0.3012111959473883
v 0.001457571098893995 0.0020642324474415275 0.3010231466220502
v -0.003526604343072337 0.0016737120946490325 0.30002693075442
v -0.0012455627317761037 0.004140109735676634 0.3004656514783831
v -0.003987205456334603 0.004141444879783018 0.29982636922145633
v -0.003526604343072337 0.0016737120946490325 0.30002693075442
v -0.003987205456334603 0.004141444879783018 0.29982636922145633
v -0.006964591833943656 0.0048846466477187045 0.29888008011401
v -0.008419377726864297 0.0016656189755970274 0.29849507033009803
v -0.006964591833943656 0.0048846466477187045 0.29888008011401
v -0.009760411726106866 0.0034026617235836942 0.2979115436910539
v -0.02428992386794282 0.0013676409178876164 0.2884500564252511
v -0.023127925063971544 0.0030155583860291824 0.28947233430583796
v -0.02471007655208357 0.0029972828858172706 0.2879717238830003
v 0.043202444221195346 0.00020511117061662414 0.22460515898360167
v 0.04320260825318556 0.003568565776568694 0.22472407073241374
v 0.04527662492274098 0.003442291184847096 0.22729497844729873
v 0.04922205968045157 -0.0006732779465030633 0.23345368540486067
v 0.04787220228601452 0.0019853665579610408 0.23110082579603552
v 0.048645731375489554 0.0028388425268055517 0.23249050481711986
v 0.04922205968045157 -0.0006732779465030633 0.23345368540486067
v 0.048645731375489554 0.0028388425268055517 0.23249050481711986
v 0.04996482323501805 0.001513907504462897 0.2349977986373818
v 0.05402059048698282 0.00023624540497410584 0.24819714008462934
v 0.05393074673271547 0.003923597045339122 0.2483205074000593
v 0.054344629961602386 0.0014963092322570898 0.2512768826625499
v 0.054481653893891924 -0.001327842537052898 0.25337124311358916
v 0.05437146635814072 0.0034506780356025057 0.2525954557232256
v 0.05450510665379493 0.0008400720756907704 0.2549053160624303
v 0.053572558086552036 -0.0010889720241889084 0.26430479160653764
v 0.05381873577158469 0.0008067200567039856 0.2629634829490789
v 0.05309431328234249 0.002791348351499773 0.2662027103978558
v 0.05276121390128674 -0.0005435246487332096 0.2676728642762781
v 0.05309431328234249 0.002791348351499773 0.2662027103978558
v 0.05219881687140049 0.004263362133345994 0.2691213811907821
v 0.05276121390128674 -0.0005435246487332096 0.2676728642762781
v 0.05219881687140049 0.004263362133345994 0.2691213811907821
v 0.051900515160454574 0.0003623751872043439 0.2703675665527071
v 0.04455800458831538 -0.0005472408793021771 0.2837578870129319
v 0.04605361012810283 0.00166683812905917 0.28170838740386717
v 0.04380318277511952 0.002709072718548311 0.28462550180023516
v 0.030222825532186803 0.00047515352837073505 0.29586201356440955
v 0.030739425211875337 0.003636377507313382 0.29546540710025926
v 0.0282996191114937 0.0026115683365519893 0.2967988117046082
v 0.026745597202354476 5.4602208346792025e-05 0.29755412179907725
v 0.0282996191114937 0.0026115683365519893 0.2967988117046082
v 0.02538943602038657 0.0018370749630879785 0.2981102741692431
v 0.024271737297865137 -0.0010287230503418232 0.29857227980642154
v 0.02538943602038657 0.0018370749630879785 0.2981102741692431
v 0.022733946926362103 0.0015147839312013023 0.2990944050753618
v 0.013694277460135629 -0.00011159593396949802 0.3011588888159976
v 0.014026467989524671 0.003399637145345552 0.3010479268966647
v 0.01128033691579211 0.0028785995420148314 0.30133927822886253
v -0.009549768901465638 -0.0010690023214734307 0.29807414135502686
v -0.008419377726864297 0.0016656189755970274 0.29849507033009803
v -0.009760411726106866 0.0034026617235836942 0.2979115436910539
v -0.01196194800926309 0.00012742554256571677 0.2969920185008944
v -0.009760411726106866 0.0034026617235836942 0.2979115436910539
v -0.011475196429747148 0.003609782628807151 0.29714927558844184
v -0.01196194800926309 0.00012742554256571677 0.2969920185008944
v -0.011475196429747148 0.003609782628807151 0.29714927558844184
v -0.013694437677428395 0.00264531291174791 0.29609028505962687
v -0.015102898361392114 -0.0005438250561571462 0.2953724810704549
v -0.013694437677428395 0.00264531291174791 0.29609028505962687
v -0.016696617919511603 0.0027101641988552805 0.2943594805340587
v -0.017504422065546255 0.00012503818271397335 0.29388319266963936
v -0.016696617919511603 0.0027101641988552805 0.2943594805340587
v -0.01898992056444837 0.0036525170153736686 0.2927740312400039
v -0.019849839199652664 -0.0011392496173286137 0.2922548356587028
v -0.01898992056444837 0.0036525170153736686 0.2927740312400039
v -0.021197487884268007 0.0035765291959075074 0.29109034585729876
v -0.02213160810685899 -9.169175166290171e-05 0.29043946692013367
v -0.021197487884268007 0.0035765291959075074 0.29109034585729876
v -0.023127925063971544 0.0030155583860291824 0.28947233430583796
v -0.02213160810685899 -9.169175166290171e-05 0.29043946692013367
v -0.023127925063971544 0.0030155583860291824 0.28947233430583796
v -0.02428992386794282 0.0013676409178876164 0.2884500564252511
v 0.047735906960937324 -0.0017626175525537607 0.23085442685855095
v 0.046584196395980104 0.0008260875140600477 0.2290323900288448
v 0.04787220228601452 0.0019853665579610408 0.23110082579603552
v 0.047735906960937324 -0.0017626175525537607 0.23085442685855095
v 0.04787220228601452 0.0019853665579610408 0.23110082579603552
v 0.04922205968045157 -0.0006732779465030633 0.23345368540486067
v 0.05060897686058441 -0.0013626025370254424 0.23635331322813247
v 0.05091684583272693 0.0030945767441982464 0.237207637609531
v 0.05188359697727796 0.0009225100717023121 0.23960570901249578
v 0.05265653097395129 -0.001733045898736768 0.2420281487027508
v 0.05188359697727796 0.0009225100717023121 0.23960570901249578
v 0.05285264838438941 0.0015658754854087215 0.24272793206118404
v 0.05434720106768154 -0.001905339927573066 0.25128733493355415
v 0.054344629961602386 0.0014963092322570898 0.2512768826625499
v 0.054481653893891924 -0.001327842537052898 0.25337124311358916
v 0.051465117037967634 -0.0019036187837687818 0.27150129463390005
v 0.051900515160454574 0.0003623751872043439 0.2703675665527071
v 0.05112922529838082 0.0016567254853369628 0.27234715038696666
v 0.05070850613166922 -0.0019040815542527983 0.2733791023402786
v 0.05112922529838082 0.0016567254853369628 0.27234715038696666
v 0.0499793076412236 0.0014761287675076756 0.27500843591376156
v 0.04871495287535943 -0.0021280714092139497 0.27744791967220894
v 0.04897749179774147 0.0022163921455256586 0.27693183688402445
v 0.047361559256389185 -0.0005161739832953288 0.2798097667082188
v 0.047361559256389185 -0.0005161739832953288 0.2798097667082188
v 0.04760615002728397 0.003355117480373926 0.2792672251785432
v 0.04605361012810283 0.00166683812905917 0.28170838740386717
v 0.047361559256389185 -0.0005161739832953288 0.2798097667082188
v 0.04605361012810283 0.00166683812905917 0.28170838740386717
v 0.04535982347405598 -0.0017928291218674564 0.2826941662592829
v 0.04196630677234525 -0.002099625210353062 0.2867623122044626
v 0.04380318277511952 0.002709072718548311 0.28462550180023516
v 0.042103334519332236 0.0020824481045872423 0.28658338763541724
v 0.04196630677234525 -0.002099625210353062 0.2867623122044626
v 0.042103334519332236 0.0020824481045872423 0.28658338763541724
v 0.04025469780432944 0.0008003005169474747 0.28850630032440694
v 0.028337356005986303 -0.0012406316392796213 0.2968140094592363
v 0.030222825532186803 0.00047515352837073505 0.29586201356440955
v 0.0282996191114937 0.0026115683365519893 0.2967988117046082
v 0.028337356005986303 -0.0012406316392796213 0.2968140094592363
v 0.0282996191114937 0.0026115683365519893 0.2967988117046082
v 0.026745597202354476 5.4602208346792025e-05 0.29755412179907725
v 0.02196394452467665 -0.0012537471651482418 0.29934330645437146
v 0.022733946926362103 0.0015147839312013023 0.2990944050753618
v 0.020703328162310353 -0.0005299381269392028 0.2997418050084554
v 0.017732714541599526 -0.0019796607242549696 0.3004634847302333
v 0.0187477425896887 0.0020827528035458065 0.3002220296406398
v 0.016546873878585666 0.0020987239880812525 0.30067988488699615
v 0.01597540931286834 -0.0010811722792124223 0.3008161763973759
v 0.016546873878585666 0.0020987239880812525 0.30067988488699615
v 0.013694277460135629 -0.00011159593396949802 0.3011588888159976
v 0.003619739465980515 -0.001902653069268262 0.3012870016150514
v 0.0048396298799860404 0.0019316093647033655 0.30138548184433833
v 0.001457571098893995 0.0020642324474415275 0.3010231466220502
v 0.0013539282726592744 -0.0013982730575948232 0.30102714442497447
v 0.001457571098893995 0.0020642324474415275 0.3010231466220502
v -0.0014991392609254445 0.0007655542856485273 0.3005286397626249
v -0.004944457288987292 -0.002183755739938037 0.29963624470070715
v -0.003526604343072337 0.0016737120946490325 0.30002693075442
v -0.005958169743294495 0.0013909633820309575 0.2993477009858302
v -0.007300146926480788 -0.0017751414426902395 0.2989058064335913
v -0.005958169743294495 0.0013909633820309575 0.2993477009858302
v -0.008419377726864297 0.0016656189755970274 0.29849507033009803
v -0.007300146926480788 -0.0017751414426902395 0.2989058064335913
v -0.008419377726864297 0.0016656189755970274 0.29849507033009803
v -0.009549768901465638 -0.0010690023214734307 0.29807414135502686
v -0.01196194800926309 0.00012742554256571677 0.2969920185008944
v -0.013694437677428395 0.00264531291174791 0.29609028505962687
v -0.015102898361392114 -0.0005438250561571462 0.2953724810704549
v 0.052020346251351324 -0.0028081900023088635 0.24011619182482835
v 0.05188359697727796 0.0009225100717023121 0.23960570901249578
v 0.05265653097395129 -0.001733045898736768 0.2420281487027508
v 0.05265653097395129 -0.001733045898736768 0.2420281487027508
v 0.05285264838438941 0.0015658754854087215 0.24272793206118404
v 0.0534340998280225 -0.0027975360291770945 0.24517870732407399
v 0.0534340998280225 -0.0027975360291770945 0.24517870732407399
v 0.05345585886225912 0.0016912211983020203 0.2452167627458034
v 0.05402059048698282 0.00023624540497410584 0.24819714008462934
v 0.054466269219088925 -0.00259414518280085 0.255717526184016
v 0.05450510665379493 0.0008400720756907704 0.2549053160624303
v 0.05442440291461015 0.0007015585040482525 0.2578330200589106
v 0.053958788573647 -0.003212505016324807 0.2617886171706195
v 0.05418461866249835 -0.001405748434079035 0.26048383805591147
v 0.05381873577158469 0.0008067200567039856 0.2629634829490789
v 0.049649862740321904 -0.0038698450972904364 0.27553156826282776
v 0.05070850613166922 -0.0019040815542527983 0.2733791023402786
v 0.0499793076412236 0.0014761287675076756 0.27500843591376156
v 0.03921787829707535 -0.002393185729209768 0.28943199006564047
v 0.04025469780432944 0.0008003005169474747 0.28850630032440694
v 0.038628881381892466 0.0003530461657842189 0.29000697178240376
v 0.03653029424608212 -0.0025994492811820535 0.2916969743040808
v 0.03635345250184274 0.0007619096998659827 0.2918790421838223
v 0.0330110680047091 0.0009663688403412779 0.29421574273426276
v 0.03210071334721176 -0.00309387340935649 0.29471925227966256
v 0.0330110680047091 0.0009663688403412779 0.29421574273426276
v 0.030222825532186803 0.00047515352837073505 0.29586201356440955
v 0.0195021276200269 -0.0039952044000433895 0.29998091024442164
v 0.020703328162310353 -0.0005299381269392028 0.2997418050084554
v 0.017732714541599526 -0.0019796607242549696 0.3004634847302333
v 0.0121937109063186 -0.0030672954585701795 0.3012672567410667
v 0.013694277460135629 -0.00011159593396949802 0.3011588888159976
v 0.011281752168544879 0.00012400353543849663 0.3013825216391196
v 0.006493820022032415 -0.003790529907976292 0.301419142734609
v 0.006965974661768126 0.0004396497816053571 0.3015060873188168
v 0.003619739465980515 -0.001902653069268262 0.3012870016150514
v -0.0015703203231900303 -0.0026525820561514035 0.300491194692487
v -0.0014991392609254445 0.0007655542856485273 0.3005286397626249
v -0.004944457288987292 -0.002183755739938037 0.29963624470070715
v -0.01376139133966614 -0.0033499628704489193 0.2960347125472217
v -0.01196194800926309 0.00012742554256571677 0.2969920185008944
v -0.015102898361392114 -0.0005438250561571462 0.2953724810704549
v -0.01748979460818645 -0.002594897155035053 0.2938574053148989
v -0.017504422065546255 0.00012503818271397335 0.29388319266963936
v -0.019849839199652664 -0.0011392496173286137 0.2922548356587028
v 0.0490464081218156 -0.004350375382107807 0.23333365976439413
v 0.047735906960937324 -0.0017626175525537607 0.23085442685855095
v 0.04922205968045157 -0.0006732779465030633 0.23345368540486067
v 0.0490464081218156 -0.004350375382107807 0.23333365976439413
v 0.04922205968045157 -0.0006732779465030633 0.23345368540486067
v 0.05060897686058441 -0.0013626025370254424 0.23635331322813247
v 0.05287418235147667 -0.004260010444801787 0.2668668644821358
v 0.053572558086552036 -0.0010889720241889084 0.26430479160653764
v 0.05276121390128674 -0.0005435246487332096 0.2676728642762781
v 0.05184084566299152 -0.005133461719198651 0.27009504456710676
v 0.05276121390128674 -0.0005435246487332096 0.2676728642762781
v 0.051900515160454574 0.0003623751872043439 0.2703675665527071
v 0.05184084566299152 -0.005133461719198651 0.27009504456710676
v 0.051900515160454574 0.0003623751872043439 0.2703675665527071
v 0.051465117037967634 -0.0019036187837687818 0.27150129463390005
v 0.04410822124175651 -0.0050936958825015255 0.2841054212091264
v 0.04455800458831538 -0.0005472408793021771 0.2837578870129319
v 0.04196630677234525 -0.002099625210353062 0.2867623122044626
v 0.03954038807801874 -0.00514795661582218 0.2889889968805369
v 0.04196630677234525 -0.002099625210353062 0.2867623122044626
v 0.03921787829707535 -0.002393185729209768 0.28943199006564047
v 0.027672118547631408 -0.004890135997344669 0.2970159748008604
v 0.030125070095414763 -0.001903290242951175 0.2958899981848794
v 0.028337356005986303 -0.0012406316392796213 0.2968140094592363
v 0.027672118547631408 -0.004890135997344669 0.2970159748008604
v 0.028337356005986303 -0.0012406316392796213 0.2968140094592363
v 0.025865815437544626 -0.003384069126646516 0.29788380321122065
v 0.025865815437544626 -0.003384069126646516 0.29788380321122065
v 0.024271737297865137 -0.0010287230503418232 0.29857227980642154
v 0.023487847490124558 -0.0032408722986322636 0.29879514969005416
v 0.021267567691063416 -0.004422602386728591 0.2994639424464295
v 0.02196394452467665 -0.0012537471651482418 0.29934330645437146
v 0.020703328162310353 -0.0005299381269392028 0.2997418050084554
v 0.021267567691063416 -0.004422602386728591 0.2994639424464295
v 0.020703328162310353 -0.0005299381269392028 0.2997418050084554
v 0.0195021276200269 -0.0039952044000433895 0.29998091024442164
v 0.01404431600520395 -0.005008776425800832 0.3009869832902544
v 0.01597540931286834 -0.0010811722792124223 0.3008161763973759
v 0.013694277460135629 -0.00011159593396949802 0.3011588888159976
v 0.01404431600520395 -0.005008776425800832 0.3009869832902544
v 0.013694277460135629 -0.00011159593396949802 0.3011588888159976
v 0.0121937109063186 -0.0030672954585701795 0.3012672567410667
v 0.009133437590492233 -0.0053421266232137055 0.30133695889281487
v 0.010067541600619068 -0.001903075785429087 0.30144605923979373
v 0.008772259175204855 -8.670928741076351e-05 0.3015117941061972
v 0.006493820022032415 -0.003790529907976292 0.301419142734609
v 0.008772259175204855 -8.670928741076351e-05 0.3015117941061972
v 0.006965974661768126 0.0004396497816053571 0.3015060873188168
v -0.007117090563263373 -0.004478476260232067 0.2988679951524985
v -0.007300146926480788 -0.0017751414426902395 0.2989058064335913
v -0.009549768901465638 -0.0010690023214734307 0.29807414135502686
v -0.016218184287778437 -0.005058228256152597 0.29454508845303085
v -0.015102898361392114 -0.0005438250561571462 0.2953724810704549
v -0.01748979460818645 -0.002594897155035053 0.2938574053148989
v -0.02248013412438965 -0.0022805975566715653 0.290126875352552
v -0.02213160810685899 -9.169175166290171e-05 0.29043946692013367
v -0.024250663001820216 -0.0018892486992773405 0.28849033963028947
v 0.04696539529714272 -0.005715555939351524 0.22993915887074212
v 0.04609571294382331 -0.002641225225015059 0.22836904466042351
v 0.047735906960937324 -0.0017626175525537607 0.23085442685855095
v 0.04696539529714272 -0.005715555939351524 0.22993915887074212
v 0.047735906960937324 -0.0017626175525537607 0.23085442685855095
v 0.0490464081218156 -0.004350375382107807 0.23333365976439413
v 0.05030703974297168 -0.0063491132890849955 0.23622539879334592
v 0.05060897686058441 -0.0013626025370254424 0.23635331322813247
v 0.051308054499989986 -0.002845656530119922 0.23814243684826752
v 0.052347895247621956 -0.004811765422485792 0.24140989305815086
v 0.052020346251351324 -0.0028081900023088635 0.24011619182482835
v 0.05265653097395129 -0.001733045898736768 0.2420281487027508
v 0.052347895247621956 -0.004811765422485792 0.24140989305815086
v 0.05265653097395129 -0.001733045898736768 0.2420281487027508
v 0.0534340998280225 -0.0027975360291770945 0.24517870732407399
v 0.054136538215878716 -0.00579332665303689 0.25090882539409154
v 0.05434720106768154 -0.001905339927573066 0.25128733493355415
v 0.054481653893891924 -0.001327842537052898 0.25337124311358916
v 0.054322149949548315 -0.005876477043796624 0.2544727446307514
v 0.054481653893891924 -0.001327842537052898 0.25337124311358916
v 0.054466269219088925 -0.00259414518280085 0.255717526184016
v 0.05428394575461848 -0.0057452023373966155 0.2569564025856329
v 0.054466269219088925 -0.00259414518280085 0.255717526184016
v 0.05429943724094999 -0.00335743204804978 0.25882420052591104
v 0.05429943724094999 -0.00335743204804978 0.25882420052591104
v 0.05418461866249835 -0.001405748434079035 0.26048383805591147
v 0.053958788573647 -0.003212505016324807 0.2617886171706195
v 0.05338007226808328 -0.005806123055622225 0.26426252475882694
v 0.053572558086552036 -0.0010889720241889084 0.26430479160653764
v 0.05287418235147667 -0.004260010444801787 0.2668668644821358
v 0.05059621288292737 -0.005218014964944451 0.27330665360636874
v 0.051465117037967634 -0.0019036187837687818 0.27150129463390005
v 0.05070850613166922 -0.0019040815542527983 0.2733791023402786
v 0.05059621288292737 -0.005218014964944451 0.27330665360636874
v 0.05070850613166922 -0.0019040815542527983 0.2733791023402786
v 0.049649862740321904 -0.0038698450972904364 0.27553156826282776
v 0.04804961242017347 -0.005207440623621884 0.2783454722050748
v 0.04871495287535943 -0.0021280714092139497 0.27744791967220894
v 0.04709650263369225 -0.002594300870140398 0.28012153430115194
v 0.046360086735677264 -0.004598895768209987 0.2810867137903549
v 0.04709650263369225 -0.002594300870140398 0.28012153430115194
v 0.04535982347405598 -0.0017928291218674564 0.2826941662592829
v 0.03681739600532419 -0.004784544695179693 0.29136411906366166
v 0.03921787829707535 -0.002393185729209768 0.28943199006564047
v 0.03653029424608212 -0.0025994492811820535 0.2916969743040808
v 0.03681739600532419 -0.004784544695179693 0.29136411906366166
v 0.03653029424608212 -0.0025994492811820535 0.2916969743040808
v 0.033797631915359894 -0.003385956925045508 0.2936268450012135
v 0.030004683966039503 -0.007201022966999704 0.29565034363248077
v 0.030125070095414763 -0.001903290242951175 0.2958899981848794
v 0.027672118547631408 -0.004890135997344669 0.2970159748008604
v 0.015796868120916407 -0.005397063034819627 0.3006880635983221
v 0.017732714541599526 -0.0019796607242549696 0.3004634847302333
v 0.01404431600520395 -0.005008776425800832 0.3009869832902544
v 0.010499124071984833 -0.006393628424103404 0.301214949609676
v 0.0121937109063186 -0.0030672954585701795 0.3012672567410667
v 0.010067541600619068 -0.001903075785429087 0.30144605923979373
v 0.003216947231501621 -0.0052145598027319995 0.30110691737798223
v 0.003619739465980515 -0.001902653069268262 0.3012870016150514
v 0.0013539282726592744 -0.0013982730575948232 0.30102714442497447
v 0.001137674862538851 -0.005924522204464877 0.30079734705077843
v 0.0013539282726592744 -0.0013982730575948232 0.30102714442497447
v -0.0015703203231900303 -0.0026525820561514035 0.300491194692487
v -0.004077008441022989 -0.006089950850780568 0.29969206135374893
v -0.0015703203231900303 -0.0026525820561514035 0.300491194692487
v -0.004944457288987292 -0.002183755739938037 0.29963624470070715
v -0.007117090563263373 -0.004478476260232067 0.2988679951524985
v -0.004944457288987292 -0.002183755739938037 0.29963624470070715
v -0.007300146926480788 -0.0017751414426902395 0.2989058064335913
v -0.009612102965095293 -0.005496888421793744 0.29786488231188446
v -0.009549768901465638 -0.0010690023214734307 0.29807414135502686
v -0.011731658539096412 -0.003167398126364962 0.297060042185766
v -0.014801020371589813 -0.006522855591648835 0.2952641436629654
v -0.01376139133966614 -0.0033499628704489193 0.2960347125472217
v -0.016218184287778437 -0.005058228256152597 0.29454508845303085
v -0.02071695426159037 -0.00642224771486094 0.29129731608197307
v -0.019849839199652664 -0.0011392496173286137 0.2922548356587028
v -0.02248013412438965 -0.0022805975566715653 0.290126875352552
v 0.051087439102548426 -0.007506759523269457 0.2383537405692414
v 0.051308054499989986 -0.002845656530119922 0.23814243684826752
v 0.052347895247621956 -0.004811765422485792 0.24140989305815086
v 0.05264037573026403 -0.0066406000430421774 0.24287173089613912
v 0.052347895247621956 -0.004811765422485792 0.24140989305815086
v 0.0534340998280225 -0.0027975360291770945 0.24517870732407399
v 0.05380843227378085 -0.007293776858581791 0.2611444826185404
v 0.05429943724094999 -0.00335743204804978 0.25882420052591104
v 0.053958788573647 -0.003212505016324807 0.2617886171706195
v 0.05380843227378085 -0.007293776858581791 0.2611444826185404
v 0.053958788573647 -0.003212505016324807 0.2617886171706195
v 0.05338007226808328 -0.005806123055622225 0.26426252475882694
v 0.05194206103034782 -0.007779803168745658 0.26915031185621874
v 0.05287418235147667 -0.004260010444801787 0.2668668644821358
v 0.05184084566299152 -0.005133461719198651 0.27009504456710676
v 0.045831133158307225 -0.007133010249383287 0.28154356195658525
v 0.046360086735677264 -0.004598895768209987 0.2810867137903549
v 0.04410822124175651 -0.0050936958825015255 0.2841054212091264
v 0.04106100658896494 -0.006874895899202371 0.287325666723408
v 0.0427252751616658 -0.005609207896580537 0.28569367812050206
v 0.04196630677234525 -0.002099625210353062 0.2867623122044626
v 0.04106100658896494 -0.006874895899202371 0.287325666723408
v 0.04196630677234525 -0.002099625210353062 0.2867623122044626
v 0.03954038807801874 -0.00514795661582218 0.2889889968805369
v 0.03576669099936369 -0.006452152081820872 0.2920126786647791
v 0.03681739600532419 -0.004784544695179693 0.29136411906366166
v 0.033797631915359894 -0.003385956925045508 0.2936268450012135
v 0.033197747853663806 -0.00739080941018766 0.29372218191980426
v 0.033797631915359894 -0.003385956925045508 0.2936268450012135
v 0.03210071334721176 -0.00309387340935649 0.29471925227966256
v 0.02402805633231142 -0.007335751405100621 0.29833558545924166
v 0.025865815437544626 -0.003384069126646516 0.29788380321122065
v 0.023487847490124558 -0.0032408722986322636 0.29879514969005416
v 0.02402805633231142 -0.007335751405100621 0.29833558545924166
v 0.023487847490124558 -0.0032408722986322636 0.29879514969005416
v 0.021267567691063416 -0.004422602386728591 0.2994639424464295
v 0.01404431600520395 -0.005008776425800832 0.3009869832902544
v 0.0121937109063186 -0.0030672954585701795 0.3012672567410667
v 0.010499124071984833 -0.006393628424103404 0.301214949609676
v -0.0014433251112788703 -0.007437558527398358 0.30020439047964576
v -0.0015703203231900303 -0.0026525820561514035 0.300491194692487
v -0.004077008441022989 -0.006089950850780568 0.29969206135374893
v -0.01202399978528168 -0.006610960797554799 0.2966975238580004
v -0.009612102965095293 -0.005496888421793744 0.29786488231188446
v -0.011731658539096412 -0.003167398126364962 0.297060042185766
v -0.01202399978528168 -0.006610960797554799 0.2966975238580004
v -0.011731658539096412 -0.003167398126364962 0.297060042185766
v -0.01376139133966614 -0.0033499628704489193 0.2960347125472217
v 0.04553396059780557 -0.00780451191778303 0.22814635788226834
v 0.04475363753217776 -0.00500832199996748 0.22672474221415928
v 0.04696539529714272 -0.005715555939351524 0.22993915887074212
v 0.0519473482010091 -0.008273630535188259 0.24104958725490444
v 0.051087439102548426 -0.007506759523269457 0.2383537405692414
v 0.052347895247621956 -0.004811765422485792 0.24140989305815086
v 0.0519473482010091 -0.008273630535188259 0.24104958725490444
v 0.052347895247621956 -0.004811765422485792 0.24140989305815086
v 0.05264037573026403 -0.0066406000430421774 0.24287173089613912
v 0.053979647339286174 -0.00869722693744912 0.25223087745883876
v 0.054136538215878716 -0.00579332665303689 0.25090882539409154
v 0.054322149949548315 -0.005876477043796624 0.2544727446307514
v 0.05276613486099313 -0.008077681925112157 0.26611060834269995
v 0.05338007226808328 -0.005806123055622225 0.26426252475882694
v 0.05287418235147667 -0.004260010444801787 0.2668668644821358
v 0.05067792751693556 -0.008199792297733377 0.27246955639864
v 0.05184084566299152 -0.005133461719198651 0.27009504456710676
v 0.05059621288292737 -0.005218014964944451 0.27330665360636874
v 0.049301813559972096 -0.00830190507266404 0.2755151192874371
v 0.05059621288292737 -0.005218014964944451 0.27330665360636874
v 0.049649862740321904 -0.0038698450972904364 0.27553156826282776
v 0.049301813559972096 -0.00830190507266404 0.2755151192874371
v 0.049649862740321904 -0.0038698450972904364 0.27553156826282776
v 0.04804961242017347 -0.005207440623621884 0.2783454722050748
v 0.04745270000778845 -0.007940717597470226 0.27892564191036573
v 0.04804961242017347 -0.005207440623621884 0.2783454722050748
v 0.0467361777569586 -0.005866484920671877 0.28036884876602375
v 0.03732132898214058 -0.00830513039935532 0.29057499549102406
v 0.03681739600532419 -0.004784544695179693 0.29136411906366166
v 0.03576669099936369 -0.006452152081820872 0.2920126786647791
v 0.030004683966039503 -0.007201022966999704 0.29565034363248077
v 0.027672118547631408 -0.004890135997344669 0.2970159748008604
v 0.027171017983669277 -0.008226028833098198 0.2969485919851599
v 0.021703173714561208 -0.008662451201849608 0.2989891499434093
v 0.021267567691063416 -0.004422602386728591 0.2994639424464295
v 0.0195021276200269 -0.0039952044000433895 0.29998091024442164
v 0.014598428465910085 -0.008715050157594995 0.30059382531259604
v 0.015796868120916407 -0.005397063034819627 0.3006880635983221
v 0.01404431600520395 -0.005008776425800832 0.3009869832902544
v 0.0028016158480964615 -0.009134130911753191 0.3007069844976583
v 0.003216947231501621 -0.0052145598027319995 0.30110691737798223
v 0.001137674862538851 -0.005924522204464877 0.30079734705077843
v -0.007129556517682378 -0.008134972958717124 0.29856843459139515
v -0.007117090563263373 -0.004478476260232067 0.2988679951524985
v -0.009612102965095293 -0.005496888421793744 0.29786488231188446
v -0.009846217623126763 -0.00856989233667449 0.29747968942249503
v -0.009612102965095293 -0.005496888421793744 0.29786488231188446
v -0.01202399978528168 -0.006610960797554799 0.2966975238580004
v 0.04750520550344639 -0.0087152990666034 0.23130654479994728
v 0.04696539529714272 -0.005715555939351524 0.22993915887074212
v 0.04856021730282434 -0.007882225887843874 0.232959132769066
v 0.05368437831281048 -0.009105052426790494 0.24944771997801307
v 0.054136538215878716 -0.00579332665303689 0.25090882539409154
v 0.053979647339286174 -0.00869722693744912 0.25223087745883876
v 0.0538670260265639 -0.009854321947852518 0.2573932007020828
v 0.054322149949548315 -0.005876477043796624 0.2544727446307514
v 0.05428394575461848 -0.0057452023373966155 0.2569564025856329
v 0.053036341325243264 -0.009937777991245178 0.2639587832893219
v 0.05338007226808328 -0.005806123055622225 0.26426252475882694
v 0.05276613486099313 -0.008077681925112157 0.26611060834269995
v 0.05194206103034782 -0.007779803168745658 0.26915031185621874
v 0.05184084566299152 -0.005133461719198651 0.27009504456710676
v 0.05067792751693556 -0.008199792297733377 0.27246955639864
v 0.04503284668240237 -0.00956911418589279 0.2822253857194389
v 0.045831133158307225 -0.007133010249383287 0.28154356195658525
v 0.04410822124175651 -0.0050936958825015255 0.2841054212091264
v 0.04332479301240699 -0.009033152055638594 0.2845088636111014
v 0.04410822124175651 -0.0050936958825015255 0.2841054212091264
v 0.0427252751616658 -0.005609207896580537 0.28569367812050206
v 0.0390846347299556 -0.009897994511572361 0.28880903471378605
v 0.03954038807801874 -0.00514795661582218 0.2889889968805369
v 0.03732132898214058 -0.00830513039935532 0.29057499549102406
v 0.035699277666083606 -0.010174701220271865 0.2915957169750526
v 0.03576669099936369 -0.006452152081820872 0.2920126786647791
v 0.033197747853663806 -0.00739080941018766 0.29372218191980426
v 0.031012534660882496 -0.009809787262509695 0.2947678973015043
v 0.033197747853663806 -0.00739080941018766 0.29372218191980426
v 0.030004683966039503 -0.007201022966999704 0.29565034363248077
v 0.024713191252548894 -0.00968830154659539 0.29781159861794737
v 0.027171017983669277 -0.008226028833098198 0.2969485919851599
v 0.02402805633231142 -0.007335751405100621 0.29833558545924166
v 0.012851259841969442 -0.008996615837167377 0.3007806234171716
v 0.01404431600520395 -0.005008776425800832 0.3009869832902544
v 0.010499124071984833 -0.006393628424103404 0.301214949609676
v 0.00812267628149732 -0.009678836328555485 0.3009401998407667
v 0.009133437590492233 -0.0053421266232137055 0.30133695889281487
v 0.005859758178561603 -0.007428501958822442 0.30115214443091165
v -0.0008147585182941355 -0.009051096392428404 0.3001833943848985
v 0.001137674862538851 -0.005924522204464877 0.30079734705077843
v -0.0014433251112788703 -0.007437558527398358 0.30020439047964576
v -0.014363704409961486 -0.010389152066639373 0.2950512835454332
v -0.01202399978528168 -0.006610960797554799 0.2966975238580004
v -0.014801020371589813 -0.006522855591648835 0.2952641436629654
v -0.01705357441839972 -0.010349655642949429 0.2934115129597358
v -0.016218184287778437 -0.005058228256152597 0.29454508845303085
v -0.018659193925204542 -0.00528621937110757 0.29292884692118537
v -0.01942117974020552 -0.009701207621732322 0.2918850541469985
v -0.018659193925204542 -0.00528621937110757 0.29292884692118537
v -0.02071695426159037 -0.00642224771486094 0.29129731608197307
v -0.02190091427876295 -0.010317119134751196 0.28978910678182135
v -0.02071695426159037 -0.00642224771486094 0.29129731608197307
v -0.023654219797221154 -0.005820011892188892 0.28882099760497926
v 0.04443149396218926 -0.011094760468073894 0.22730630046932088
v 0.04320461478404258 -0.007586151006532538 0.2251009780989487
v 0.04553396059780557 -0.00780451191778303 0.22814635788226834
v 0.0458586981620579 -0.010595355537126872 0.2291603502400007
v 0.04553396059780557 -0.00780451191778303 0.22814635788226834
v 0.04750520550344639 -0.0087152990666034 0.23130654479994728
v 0.05053341533355793 -0.010282747757081045 0.2377656210344713
v 0.05030703974297168 -0.0063491132890849955 0.23622539879334592
v 0.051087439102548426 -0.007506759523269457 0.2383537405692414
v 0.05053341533355793 -0.010282747757081045 0.2377656210344713
v 0.051087439102548426 -0.007506759523269457 0.2383537405692414
v 0.0519473482010091 -0.008273630535188259 0.24104958725490444
v 0.052972460401798926 -0.010485982439280561 0.246093029266916
v 0.053197493218883896 -0.007152349334927088 0.24531904241374736
v 0.05372196452675393 -0.006607069806159049 0.2479283259849473
v 0.047816843396666364 -0.010608804252975612 0.27768958838485946
v 0.049301813559972096 -0.00830190507266404 0.2755151192874371
v 0.04745270000778845 -0.007940717597470226 0.27892564191036573
v 0.04644582969018929 -0.01093864111403997 0.27985755723783245
v 0.04745270000778845 -0.007940717597470226 0.27892564191036573
v 0.045831133158307225 -0.007133010249383287 0.28154356195658525
v 0.041167654085485506 -0.01036157561879636 0.28666822650663437
v 0.0427252751616658 -0.005609207896580537 0.28569367812050206
v 0.04106100658896494 -0.006874895899202371 0.287325666723408
v 0.019298344575069404 -0.00987381219078265 0.299510237614644
v 0.018649559906802615 -0.006311417402589947 0.30004148763987704
v 0.01679836925185918 -0.008693623002036244 0.30022032065618365
v 0.010944395585138489 -0.01025846816150644 0.3007764425087699
v 0.012851259841969442 -0.008996615837167377 0.3007806234171716
v 0.010499124071984833 -0.006393628424103404 0.301214949609676
v -0.0008147585182941355 -0.009051096392428404 0.3001833943848985
v -0.0014433251112788703 -0.007437558527398358 0.30020439047964576
v -0.003814630451189488 -0.010156190400911203 0.29934330645437146
v -0.003814630451189488 -0.010156190400911203 0.29934330645437146
v -0.004077008441022989 -0.006089950850780568 0.29969206135374893
v -0.007129556517682378 -0.008134972958717124 0.29856843459139515
v 0.048378488931155594 -0.010896334212006087 0.23338207590438909
v 0.04856021730282434 -0.007882225887843874 0.232959132769066
v 0.05053341533355793 -0.010282747757081045 0.2377656210344713
v 0.05149455505816469 -0.012342129339881769 0.24138640978066828
v 0.05053341533355793 -0.010282747757081045 0.2377656210344713
v 0.0519473482010091 -0.008273630535188259 0.24104958725490444
v 0.05341792169615056 -0.011778238855945089 0.2503270992922423
v 0.05368437831281048 -0.009105052426790494 0.24944771997801307
v 0.053979647339286174 -0.00869722693744912 0.25223087745883876
v 0.053286318448932946 -0.011364398542404452 0.2612494325746971
v 0.05385901897662304 -0.008581505229376951 0.25948988048916977
v 0.05380843227378085 -0.007293776858581791 0.2611444826185404
v 0.04920776600911836 -0.012027116393095727 0.274576703715521
v 0.05067792751693556 -0.008199792297733377 0.27246955639864
v 0.049301813559972096 -0.00830190507266404 0.2755151192874371
v 0.047816843396666364 -0.010608804252975612 0.27768958838485946
v 0.04745270000778845 -0.007940717597470226 0.27892564191036573
v 0.04644582969018929 -0.01093864111403997 0.27985755723783245
v 0.043317953259884856 -0.01073992780198929 0.28417817511883203
v 0.04332479301240699 -0.009033152055638594 0.2845088636111014
v 0.041167654085485506 -0.01036157561879636 0.28666822650663437
v 0.03306447758366193 -0.011589073731603783 0.2932054582624487
v 0.035699277666083606 -0.010174701220271865 0.2915957169750526
v 0.033197747853663806 -0.00739080941018766 0.29372218191980426
v 0.03306447758366193 -0.011589073731603783 0.2932054582624487
v 0.033197747853663806 -0.00739080941018766 0.29372218191980426
v 0.031012534660882496 -0.009809787262509695 0.2947678973015043
v 0.028186486629313556 -0.011411948746078981 0.2960109698703127
v 0.030004683966039503 -0.007201022966999704 0.29565034363248077
v 0.027171017983669277 -0.008226028833098198 0.2969485919851599
v 0.024713191252548894 -0.00968830154659539 0.29781159861794737
v 0.02402805633231142 -0.007335751405100621 0.29833558545924166
v 0.021703173714561208 -0.008662451201849608 0.2989891499434093
v 0.009486431572407472 -0.011440981454672317 0.30067762658610764
v 0.010944395585138489 -0.01025846816150644 0.3007764425087699
v 0.00812267628149732 -0.009678836328555485 0.3009401998407667
v 0.005944003387488572 -0.011525701116594234 0.3006525106181178
v 0.005859758178561603 -0.007428501958822442 0.30115214443091165
v 0.0028016158480964615 -0.009134130911753191 0.3007069844976583
v 0.0003792128743043688 -0.012172549825906764 0.299965895595271
v 0.0028016158480964615 -0.009134130911753191 0.3007069844976583
v -0.0008147585182941355 -0.009051096392428404 0.3001833943848985
v -0.02345763699369452 -0.011886993019130654 0.2880720046494821
v -0.0238263980738318 -0.008273269092605173 0.28836033474130207
v -0.02512091183771048 -0.009758050428387288 0.2868237135745665
v 0.05286396277701666 -0.012745957026298882 0.24745005447785562
v 0.052972460401798926 -0.010485982439280561 0.246093029266916
v 0.05368437831281048 -0.009105052426790494 0.24944771997801307
v 0.05338588586699222 -0.013149779944344187 0.252993633842724
v 0.053979647339286174 -0.00869722693744912 0.25223087745883876
v 0.053896578487684366 -0.010142443184987249 0.2547056242804845
v 0.053455889379838695 -0.01273632586892004 0.2573456848306853
v 0.05385901897662304 -0.008581505229376951 0.25948988048916977
v 0.053286318448932946 -0.011364398542404452 0.2612494325746971
v 0.05229846439810615 -0.012605670574017958 0.26546333047992465
v 0.053036341325243264 -0.009937777991245178 0.2639587832893219
v 0.05216633853733832 -0.010763586555554427 0.26715638475955916
v 0.05176630266018334 -0.012733370432073121 0.2674248479070761
v 0.05216633853733832 -0.010763586555554427 0.26715638475955916
v 0.050893522772537114 -0.01132629162225951 0.27087757634255627
v 0.0423037739819776 -0.012609552982344452 0.28492109507599384
v 0.043317953259884856 -0.01073992780198929 0.28417817511883203
v 0.041167654085485506 -0.01036157561879636 0.28666822650663437
v 0.03772088420741726 -0.013335722603017297 0.28931349030415265
v 0.0390846347299556 -0.009897994511572361 0.28880903471378605
v 0.035699277666083606 -0.010174701220271865 0.2915957169750526
v 0.024991631741237974 -0.012930763858807204 0.29717945747464103
v 0.027171017983669277 -0.008226028833098198 0.2969485919851599
v 0.024713191252548894 -0.00968830154659539 0.29781159861794737
v 0.020580061936362748 -0.01259620440230369 0.29875923049889497
v 0.021703173714561208 -0.008662451201849608 0.2989891499434093
v 0.019298344575069404 -0.00987381219078265 0.299510237614644
v 0.017471228475712808 -0.013857611360715838 0.29930570879633567
v 0.01679836925185918 -0.008693623002036244 0.30022032065618365
v 0.014396897046120571 -0.011301837504276713 0.300291518169331
v 0.014396897046120571 -0.011301837504276713 0.300291518169331
v 0.014598428465910085 -0.008715050157594995 0.30059382531259604
v 0.012851259841969442 -0.008996615837167377 0.3007806234171716
v 0.014396897046120571 -0.011301837504276713 0.300291518169331
v 0.012851259841969442 -0.008996615837167377 0.3007806234171716
v 0.010944395585138489 -0.01025846816150644 0.3007764425087699
v -0.005652433663861922 -0.01264337981195407 0.2984222248676537
v -0.006069637586876286 -0.009875277988276587 0.29870634353349235
v -0.008675987655739625 -0.011127335123246596 0.29761134226077945
v -0.01162508924387351 -0.013249615344899102 0.295961531391402
v -0.009846217623126763 -0.00856989233667449 0.29747968942249503
v -0.012162103276948666 -0.009760265813929525 0.29628388858444754
v -0.014846364726465722 -0.013186664253957425 0.29426591363508325
v -0.012162103276948666 -0.009760265813929525 0.29628388858444754
v -0.014363704409961486 -0.010389152066639373 0.2950512835454332
v 0.04676659233970204 -0.013853398981060194 0.2315666613894506
v 0.0458586981620579 -0.010595355537126872 0.2291603502400007
v 0.048378488931155594 -0.010896334212006087 0.23338207590438909
v 0.05215465793375618 -0.013567701984152913 0.24467403811065036
v 0.05226403293895121 -0.009773313032871989 0.2426955223916759
v 0.052972460401798926 -0.010485982439280561 0.246093029266916
v 0.053455889379838695 -0.01273632586892004 0.2573456848306853
v 0.053896578487684366 -0.010142443184987249 0.2547056242804845
v 0.0538670260265639 -0.009854321947852518 0.2573932007020828
v 0.047521421782292794 -0.013507933304556241 0.27725675755375423
v 0.047816843396666364 -0.010608804252975612 0.27768958838485946
v 0.04644582969018929 -0.01093864111403997 0.27985755723783245
v 0.04346933189866675 -0.014560927128984824 0.28296009644769515
v 0.04503284668240237 -0.00956911418589279 0.2822253857194389
v 0.043317953259884856 -0.01073992780198929 0.28417817511883203
v 0.04346933189866675 -0.014560927128984824 0.28296009644769515
v 0.043317953259884856 -0.01073992780198929 0.28417817511883203
v 0.0423037739819776 -0.012609552982344452 0.28492109507599384
v 0.039971578589221846 -0.013077911998120584 0.2872829115944241
v 0.041167654085485506 -0.01036157561879636 0.28666822650663437
v 0.0390846347299556 -0.009897994511572361 0.28880903471378605
v 0.03220147476557189 -0.013749430355821657 0.2933152605137578
v 0.03306447758366193 -0.011589073731603783 0.2932054582624487
v 0.031012534660882496 -0.009809787262509695 0.2947678973015043
v 0.024991631741237974 -0.012930763858807204 0.29717945747464103
v 0.024713191252548894 -0.00968830154659539 0.29781159861794737
v 0.020580061936362748 -0.01259620440230369 0.29875923049889497
v 0.020580061936362748 -0.01259620440230369 0.29875923049889497
v 0.019298344575069404 -0.00987381219078265 0.299510237614644
v 0.017471228475712808 -0.013857611360715838 0.29930570879633567
v 0.01154496438502628 -0.01388425702238183 0.30014790243985334
v 0.010944395585138489 -0.01025846816150644 0.3007764425087699
v 0.009486431572407472 -0.011440981454672317 0.30067762658610764
v 0.009591082074814627 -0.013653330497741534 0.30030280967377354
v 0.009486431572407472 -0.011440981454672317 0.30067762658610764
v 0.005944003387488572 -0.011525701116594234 0.3006525106181178
v 0.0033614529775773117 -0.014312322342701633 0.2999764241602242
v 0.0028016158480964615 -0.009134130911753191 0.3007069844976583
v 0.0003792128743043688 -0.012172549825906764 0.299965895595271
v -0.01162508924387351 -0.013249615344899102 0.295961531391402
v -0.012162103276948666 -0.009760265813929525 0.29628388858444754
v -0.014846364726465722 -0.013186664253957425 0.29426591363508325
v -0.02078067496774194 -0.01417387266724135 0.2899094986332428
v -0.01942117974020552 -0.009701207621732322 0.2918850541469985
v -0.02190091427876295 -0.010317119134751196 0.28978910678182135
v 0.04676659233970204 -0.013853398981060194 0.2315666613894506
v 0.048378488931155594 -0.010896334212006087 0.23338207590438909
v 0.04838431397415688 -0.013608584096690413 0.23436576430560396
v 0.04978236244143952 -0.01411582441619319 0.23762105926002686
v 0.05053341533355793 -0.010282747757081045 0.2377656210344713
v 0.05149455505816469 -0.012342129339881769 0.24138640978066828
v 0.0527403169886731 -0.014374532428664266 0.26143519308156715
v 0.053455889379838695 -0.01273632586892004 0.2573456848306853
v 0.053286318448932946 -0.011364398542404452 0.2612494325746971
v 0.05229846439810615 -0.012605670574017958 0.26546333047992465
v 0.05216633853733832 -0.010763586555554427 0.26715638475955916
v 0.05176630266018334 -0.012733370432073121 0.2674248479070761
v 0.05024682855847118 -0.01406205911670344 0.27121937323379075
v 0.050893522772537114 -0.01132629162225951 0.27087757634255627
v 0.04920776600911836 -0.012027116393095727 0.274576703715521
v 0.04469126341422491 -0.015838951863149653 0.28084287832955457
v 0.04578204563156163 -0.012975265165547367 0.28028996082282365
v 0.04346933189866675 -0.014560927128984824 0.28296009644769515
v 0.03545888306238032 -0.014046459865169059 0.29098118447516075
v 0.035699277666083606 -0.010174701220271865 0.2915957169750526
v 0.03306447758366193 -0.011589073731603783 0.2932054582624487
v 0.02792657412612365 -0.014377908435904696 0.29555518981936746
v 0.028186486629313556 -0.011411948746078981 0.2960109698703127
v 0.024991631741237974 -0.012930763858807204 0.29717945747464103
v 0.02253962051637526 -0.014836103190333794 0.29768403513532593
v 0.024991631741237974 -0.012930763858807204 0.29717945747464103
v 0.020580061936362748 -0.01259620440230369 0.29875923049889497
v 0.009591082074814627 -0.013653330497741534 0.30030280967377354
v 0.01154496438502628 -0.01388425702238183 0.30014790243985334
v 0.009486431572407472 -0.011440981454672317 0.30067762658610764
v -0.008323652662808323 -0.014369034495969046 0.29714079170132013
v -0.005652433663861922 -0.01264337981195407 0.2984222248676537
v -0.008675987655739625 -0.011127335123246596 0.29761134226077945
v -0.014846364726465722 -0.013186664253957425 0.29426591363508325
v -0.014363704409961486 -0.010389152066639373 0.2950512835454332
v -0.01705357441839972 -0.010349655642949429 0.2934115129597358
v -0.017828078163072414 -0.014716181500372683 0.2920070329125578
v -0.01705357441839972 -0.010349655642949429 0.2934115129597358
v -0.01942117974020552 -0.009701207621732322 0.2918850541469985
v -0.02078067496774194 -0.01417387266724135 0.2899094986332428
v -0.02190091427876295 -0.010317119134751196 0.28978910678182135
v -0.02345763699369452 -0.011886993019130654 0.2880720046494821
v 0.043211614753857486 -0.015154166941402925 0.2269272568722157
v 0.04443149396218926 -0.011094760468073894 0.22730630046932088
v 0.045297033554081434 -0.014257394514164967 0.22942914908089296
v 0.05276182425287823 -0.015196981198197235 0.2502085384955953
v 0.05341792169615056 -0.011778238855945089 0.2503270992922423
v 0.05338588586699222 -0.013149779944344187 0.252993633842724
v 0.05275001013488545 -0.01593171195361509 0.25806425175934666
v 0.053455889379838695 -0.01273632586892004 0.2573456848306853
v 0.0527403169886731 -0.014374532428664266 0.26143519308156715
v 0.04887903827133666 -0.01489593004406653 0.27402287068140285
v 0.04920776600911836 -0.012027116393095727 0.274576703715521
v 0.047521421782292794 -0.013507933304556241 0.27725675755375423
v 0.040377672205922366 -0.01604661636275928 0.28600156998082926
v 0.0423037739819776 -0.012609552982344452 0.28492109507599384
v 0.039971578589221846 -0.013077911998120584 0.2872829115944241
v 0.030870574510096782 -0.015061897993233764 0.2938091570215916
v 0.03220147476557189 -0.013749430355821657 0.2933152605137578
v 0.030239881044471506 -0.013600782086737317 0.29450785700594995
v -0.008323652662808323 -0.014369034495969046 0.29714079170132013
v -0.008675987655739625 -0.011127335123246596 0.29761134226077945
v -0.01162508924387351 -0.013249615344899102 0.295961531391402
v -0.019051760624758662 -0.016737082322678676 0.2905351700496793
v -0.017828078163072414 -0.014716181500372683 0.2920070329125578
v -0.02078067496774194 -0.01417387266724135 0.2899094986332428
v 0.050943525826669944 -0.015685813695170414 0.24184263233651737
v 0.04978236244143952 -0.01411582441619319 0.23762105926002686
v 0.05149455505816469 -0.012342129339881769 0.24138640978066828
v 0.050943525826669944 -0.015685813695170414 0.24184263233651737
v 0.05149455505816469 -0.012342129339881769 0.24138640978066828
v 0.05215465793375618 -0.013567701984152913 0.24467403811065036
v 0.05221740589205881 -0.01592836932497732 0.24750988419261144
v 0.05286396277701666 -0.012745957026298882 0.24745005447785562
v 0.05276182425287823 -0.015196981198197235 0.2502085384955953
v 0.052699595093428364 -0.016554169487452697 0.2546737791861985
v 0.05338588586699222 -0.013149779944344187 0.252993633842724
v 0.053455889379838695 -0.01273632586892004 0.2573456848306853
v 0.052699595093428364 -0.016554169487452697 0.2546737791861985
v 0.053455889379838695 -0.01273632586892004 0.2573456848306853
v 0.05275001013488545 -0.01593171195361509 0.25806425175934666
v 0.05226200733460695 -0.014332686151347085 0.26416627231284895
v 0.05229846439810615 -0.012605670574017958 0.26546333047992465
v 0.05176630266018334 -0.012733370432073121 0.2674248479070761
v 0.04671760780978751 -0.015784041200751497 0.2776838205623199
v 0.047521421782292794 -0.013507933304556241 0.27725675755375423
v 0.04578204563156163 -0.012975265165547367 0.28028996082282365
v 0.03842437163707135 -0.01640200120629931 0.28778755029026815
v 0.039971578589221846 -0.013077911998120584 0.2872829115944241
v 0.03772088420741726 -0.013335722603017297 0.28931349030415265
v 0.030870574510096782 -0.015061897993233764 0.2938091570215916
v 0.030239881044471506 -0.013600782086737317 0.29450785700594995
v 0.02792657412612365 -0.014377908435904696 0.29555518981936746
v 0.007903096574412571 -0.0168146274923775 0.2996395711168808
v 0.009591082074814627 -0.013653330497741534 0.30030280967377354
v 0.00675751622825238 -0.014309565270121949 0.3001807698730551
v -0.004007375430666038 -0.016336598218573695 0.298125197265655
v -0.0021959827989294356 -0.014788702713534052 0.2989545735257514
v -0.005652433663861922 -0.01264337981195407 0.2984222248676537
v -0.004007375430666038 -0.016336598218573695 0.298125197265655
v -0.005652433663861922 -0.01264337981195407 0.2984222248676537
v -0.008323652662808323 -0.014369034495969046 0.29714079170132013
v -0.023412512937596164 -0.014513528559533806 0.28744181663126855
v -0.02078067496774194 -0.01417387266724135 0.2899094986332428
v -0.02345763699369452 -0.011886993019130654 0.2880720046494821
v 0.04436587353670918 -0.0163827694091212 0.22895812549895023
v 0.043211614753857486 -0.015154166941402925 0.2269272568722157
v 0.045297033554081434 -0.014257394514164967 0.22942914908089296
v 0.047887232193954965 -0.017366265168115014 0.2353072468942673
v 0.04838431397415688 -0.013608584096690413 0.23436576430560396
v 0.04978236244143952 -0.01411582441619319 0.23762105926002686
v 0.051576902931949054 -0.016871821251197572 0.24548931524898332
v 0.05215465793375618 -0.013567701984152913 0.24467403811065036
v 0.05221740589205881 -0.01592836932497732 0.24750988419261144
v 0.05177524049630122 -0.017604987026987873 0.2625386477238222
v 0.0527403169886731 -0.014374532428664266 0.26143519308156715
v 0.05226200733460695 -0.014332686151347085 0.26416627231284895
v 0.05108486036707438 -0.017571333766112085 0.26583720134729194
v 0.05226200733460695 -0.014332686151347085 0.26416627231284895
v 0.05086377576184686 -0.01540476776812516 0.26862275445811423
v 0.036160417366941644 -0.016669838743434973 0.2896638016000884
v 0.03772088420741726 -0.013335722603017297 0.28931349030415265
v 0.03545888306238032 -0.014046459865169059 0.29098118447516075
v 0.03358903662957324 -0.016268677530533182 0.29170136883553954
v 0.03545888306238032 -0.014046459865169059 0.29098118447516075
v 0.03220147476557189 -0.013749430355821657 0.2933152605137578
v 0.031235698276218526 -0.017516964790751377 0.2928800798290253
v 0.03220147476557189 -0.013749430355821657 0.2933152605137578
v 0.030870574510096782 -0.015061897993233764 0.2938091570215916
v 0.02805724086511807 -0.0169857834300724 0.2948156573135384
v 0.02792657412612365 -0.014377908435904696 0.29555518981936746
v 0.025126590014860062 -0.015750692161997093 0.29649351383854483
v 0.014123731330326073 -0.017249503001314226 0.29908424272136347
v 0.017471228475712808 -0.013857611360715838 0.29930570879633567
v 0.014081855489103678 -0.01435710593705286 0.2997738789845882
v 0.01099269156216387 -0.016868115272627993 0.299501418034147
v 0.01154496438502628 -0.01388425702238183 0.30014790243985334
v 0.009591082074814627 -0.013653330497741534 0.30030280967377354
v 0.0005390901225559366 -0.017399142138060375 0.2988378743014585
v 0.0003792128743043688 -0.012172549825906764 0.299965895595271
v -0.0021959827989294356 -0.014788702713534052 0.2989545735257514
v -0.011096520950945599 -0.016969349713471527 0.2952995745728514
v -0.008323652662808323 -0.014369034495969046 0.29714079170132013
v -0.01162508924387351 -0.013249615344899102 0.295961531391402
v -0.013923282330937092 -0.01740987288197826 0.29370326102046806
v -0.01162508924387351 -0.013249615344899102 0.295961531391402
v -0.014846364726465722 -0.013186664253957425 0.29426591363508325
v 0.045994837084539775 -0.018056464099213132 0.23223897892626677
v 0.04676659233970204 -0.013853398981060194 0.2315666613894506
v 0.04838431397415688 -0.013608584096690413 0.23436576430560396
v 0.04951834341644812 -0.017073496675815703 0.23884949864942928
v 0.04978236244143952 -0.01411582441619319 0.23762105926002686
v 0.050943525826669944 -0.015685813695170414 0.24184263233651737
v 0.049309259849388276 -0.017242985590726345 0.2715651679279495
v 0.05086377576184686 -0.01540476776812516 0.26862275445811423
v 0.05024682855847118 -0.01406205911670344 0.27121937323379075
v 0.049309259849388276 -0.017242985590726345 0.2715651679279495
v 0.05024682855847118 -0.01406205911670344 0.27121937323379075
v 0.04887903827133666 -0.01489593004406653 0.27402287068140285
v 0.04773116147731349 -0.017431446903388714 0.27495673913396235
v 0.04887903827133666 -0.01489593004406653 0.27402287068140285
v 0.04671760780978751 -0.015784041200751497 0.2776838205623199
v 0.02805724086511807 -0.0169857834300724 0.2948156573135384
v 0.030870574510096782 -0.015061897993233764 0.2938091570215916
v 0.02792657412612365 -0.014377908435904696 0.29555518981936746
v 0.02568921974129057 -0.018656899384690284 0.2953971392747511
v 0.02805724086511807 -0.0169857834300724 0.2948156573135384
v 0.025126590014860062 -0.015750692161997093 0.29649351383854483
v 0.017464344854170033 -0.01831857196078368 0.29818632397754274
v 0.017471228475712808 -0.013857611360715838 0.29930570879633567
v 0.014123731330326073 -0.017249503001314226 0.29908424272136347
v 0.014081855489103678 -0.01435710593705286 0.2997738789845882
v 0.01154496438502628 -0.01388425702238183 0.30014790243985334
v 0.01099269156216387 -0.016868115272627993 0.299501418034147
v 0.0063469303284710565 -0.018573050427460602 0.29911765947099755
v 0.007903096574412571 -0.0168146274923775 0.2996395711168808
v 0.00675751622825238 -0.014309565270121949 0.3001807698730551
v 0.0063469303284710565 -0.018573050427460602 0.29911765947099755
v 0.00675751622825238 -0.014309565270121949 0.3001807698730551
v 0.0032935253753976768 -0.01631743699329835 0.2995142048999887
v -0.022640717628110707 -0.017395508638742285 0.28721830587846486
v -0.02078067496774194 -0.01417387266724135 0.2899094986332428
v -0.023412512937596164 -0.014513528559533806 0.28744181663126855
v 0.05245847951190763 -0.01723743520594123 0.2530198484435785
v 0.05276182425287823 -0.015196981198197235 0.2502085384955953
v 0.052699595093428364 -0.016554169487452697 0.2546737791861985
v 0.05108486036707438 -0.017571333766112085 0.26583720134729194
v 0.05177524049630122 -0.017604987026987873 0.2625386477238222
v 0.05226200733460695 -0.014332686151347085 0.26416627231284895
v 0.04478653166826163 -0.018866951884901617 0.27921961775440696
v 0.04671760780978751 -0.015784041200751497 0.2776838205623199
v 0.04469126341422491 -0.015838951863149653 0.28084287832955457
v 0.036160417366941644 -0.016669838743434973 0.2896638016000884
v 0.03545888306238032 -0.014046459865169059 0.29098118447516075
v 0.03358903662957324 -0.016268677530533182 0.29170136883553954
v 0.022571681141067 -0.018722096378753772 0.2966130206801586
v 0.02253962051637526 -0.014836103190333794 0.29768403513532593
v 0.02017409801937542 -0.016654324368918783 0.29797383007096545
v 0.014123731330326073 -0.017249503001314226 0.29908424272136347
v 0.014081855489103678 -0.01435710593705286 0.2997738789845882
v 0.01099269156216387 -0.016868115272627993 0.299501418034147
v -0.02145838267205047 -0.018675425462840733 0.28783039697199075
v -0.019051760624758662 -0.016737082322678676 0.2905351700496793
v -0.02078067496774194 -0.01417387266724135 0.2899094986332428
v 0.051897581658117975 -0.018422751348056154 0.25019245573115956
v 0.05276182425287823 -0.015196981198197235 0.2502085384955953
v 0.05245847951190763 -0.01723743520594123 0.2530198484435785
v 0.04773116147731349 -0.017431446903388714 0.27495673913396235
v 0.04671760780978751 -0.015784041200751497 0.2776838205623199
v 0.04478653166826163 -0.018866951884901617 0.27921961775440696
v 0.04166390807634146 -0.019745305045517636 0.28292381104558106
v 0.042692514539992565 -0.017790465246246834 0.2826353894010224
v 0.040238771442488996 -0.018287585173423215 0.28526905651830237
v 0.03257162248823109 -0.019343493426701164 0.2913500809770574
v 0.036160417366941644 -0.016669838743434973 0.2896638016000884
v 0.03358903662957324 -0.016268677530533182 0.29170136883553954
v -0.006074018290056771 -0.01922136398059271 0.29658662297382665
v -0.004007375430666038 -0.016336598218573695 0.298125197265655
v -0.007665912515447959 -0.01773227966609059 0.2965191486053874
v 0.04319291129227576 -0.017824383628595175 0.22800635848597028
v 0.04436587353670918 -0.0163827694091212 0.22895812549895023
v 0.045994837084539775 -0.018056464099213132 0.23223897892626677
v 0.04857901994653968 -0.01967279718379733 0.23862990940560092
v 0.047887232193954965 -0.017366265168115014 0.2353072468942673
v 0.04951834341644812 -0.017073496675815703 0.23884949864942928
v 0.04969300315374792 -0.019567070936710174 0.2416040001230345
v 0.04951834341644812 -0.017073496675815703 0.23884949864942928
v 0.050943525826669944 -0.015685813695170414 0.24184263233651737
v 0.04969300315374792 -0.019567070936710174 0.2416040001230345
v 0.050943525826669944 -0.015685813695170414 0.24184263233651737
v 0.050581987876148204 -0.019009854265956694 0.2439653131014018
v 0.05183907182867875 -0.019416279761335087 0.2553904998012956
v 0.05245847951190763 -0.01723743520594123 0.2530198484435785
v 0.052699595093428364 -0.016554169487452697 0.2546737791861985
v 0.03535556198203338 -0.019657046298039438 0.2891587661757099
v 0.036160417366941644 -0.016669838743434973 0.2896638016000884
v 0.03257162248823109 -0.019343493426701164 0.2913500809770574
v 0.03257162248823109 -0.019343493426701164 0.2913500809770574
v 0.03358903662957324 -0.016268677530533182 0.29170136883553954
v 0.031235698276218526 -0.017516964790751377 0.2928800798290253
v 0.02568921974129057 -0.018656899384690284 0.2953971392747511
v 0.025126590014860062 -0.015750692161997093 0.29649351383854483
v 0.022571681141067 -0.018722096378753772 0.2966130206801586
v 0.013775251089164775 -0.019088021231339347 0.298589888449836
v 0.014123731330326073 -0.017249503001314226 0.29908424272136347
v 0.01099269156216387 -0.016868115272627993 0.299501418034147
v 0.008783307492685188 -0.019384819951491217 0.29884016311992656
v 0.01099269156216387 -0.016868115272627993 0.299501418034147
v 0.007903096574412571 -0.0168146274923775 0.2996395711168808
v 0.04857901994653968 -0.01967279718379733 0.23862990940560092
v 0.04951834341644812 -0.017073496675815703 0.23884949864942928
v 0.04969300315374792 -0.019567070936710174 0.2416040001230345
v 0.05183907182867875 -0.019416279761335087 0.2553904998012956
v 0.052699595093428364 -0.016554169487452697 0.2546737791861985
v 0.05162848908552231 -0.019569937681841454 0.25878394783845227
v 0.05162848908552231 -0.019569937681841454 0.25878394783845227
v 0.05275001013488545 -0.01593171195361509 0.25806425175934666
v 0.05177524049630122 -0.017604987026987873 0.2625386477238222
v 0.0479620651137691 -0.019820384013317094 0.27269227369437476
v 0.049309259849388276 -0.017242985590726345 0.2715651679279495
v 0.04773116147731349 -0.017431446903388714 0.27495673913396235
v 0.046401266394615615 -0.019835350978749666 0.2758520028483601
v 0.04773116147731349 -0.017431446903388714 0.27495673913396235
v 0.04478653166826163 -0.018866951884901617 0.27921961775440696
v 0.040238771442488996 -0.018287585173423215 0.28526905651830237
v 0.040377672205922366 -0.01604661636275928 0.28600156998082926
v 0.03808135404265389 -0.019192067104201183 0.2869924757896135
v 0.03535556198203338 -0.019657046298039438 0.2891587661757099
v 0.03842437163707135 -0.01640200120629931 0.28778755029026815
v 0.036160417366941644 -0.016669838743434973 0.2896638016000884
v 0.031235698276218526 -0.017516964790751377 0.2928800798290253
v 0.02805724086511807 -0.0169857834300724 0.2948156573135384
v 0.02811330165879644 -0.019976702685292613 0.2937127825052953
v 0.020404961601507843 -0.019455700844750456 0.2970242450649251
v 0.022571681141067 -0.018722096378753772 0.2966130206801586
v 0.02017409801937542 -0.016654324368918783 0.29797383007096545
v 0.013775251089164775 -0.019088021231339347 0.298589888449836
v 0.017464344854170033 -0.01831857196078368 0.29818632397754274
v 0.014123731330326073 -0.017249503001314226 0.29908424272136347
v 0.013775251089164775 -0.019088021231339347 0.298589888449836
v 0.01099269156216387 -0.016868115272627993 0.299501418034147
v 0.008783307492685188 -0.019384819951491217 0.29884016311992656
v 0.0025169752839633575 -0.019898100844401023 0.29832420240206037
v 0.0032935253753976768 -0.01631743699329835 0.2995142048999887
v 0.0005390901225559366 -0.017399142138060375 0.2988378743014585
v 0.046860884031192374 -0.020231675155288897 0.2353661305640563
v 0.045994837084539775 -0.018056464099213132 0.23223897892626677
v 0.047887232193954965 -0.017366265168115014 0.2353072468942673
v 0.050835508853765976 -0.02004409885243419 0.2632339297392682
v 0.05177524049630122 -0.017604987026987873 0.2625386477238222
v 0.05108486036707438 -0.017571333766112085 0.26583720134729194
v 0.0479620651137691 -0.019820384013317094 0.27269227369437476
v 0.04773116147731349 -0.017431446903388714 0.27495673913396235
v 0.046401266394615615 -0.019835350978749666 0.2758520028483601
v 0.020404961601507843 -0.019455700844750456 0.2970242450649251
v 0.02017409801937542 -0.016654324368918783 0.29797383007096545
v 0.017464344854170033 -0.01831857196078368 0.29818632397754274
v -0.0020320533287103426 -0.019450612038356407 0.29767536814272677
v -0.004007375430666038 -0.016336598218573695 0.298125197265655
v -0.006074018290056771 -0.01922136398059271 0.29658662297382665
v 0.05162848908552231 -0.019569937681841454 0.25878394783845227
v 0.05177524049630122 -0.017604987026987873 0.2625386477238222
v 0.050835508853765976 -0.02004409885243419 0.2632339297392682
v 0.010937710327862948 -0.021498580046396265 0.29794737132947435
v 0.013775251089164775 -0.019088021231339347 0.298589888449836
v 0.008783307492685188 -0.019384819951491217 0.29884016311992656
v -0.018097433949791908 -0.020010085102649677 0.28998243564842585
v -0.019051760624758662 -0.016737082322678676 0.2905351700496793
v -0.02145838267205047 -0.018675425462840733 0.28783039697199075
v 0.046860884031192374 -0.020231675155288897 0.2353661305640563
v 0.047887232193954965 -0.017366265168115014 0.2353072468942673
v 0.04857901994653968 -0.01967279718379733 0.23862990940560092
v 0.05101770643322068 -0.02149938304020882 0.25396575608128014
v 0.05157664353252267 -0.019851531017970325 0.2520000424869372
v 0.05183907182867875 -0.019416279761335087 0.2553904998012956
v 0.04166390807634146 -0.019745305045517636 0.28292381104558106
v 0.04478653166826163 -0.018866951884901617 0.27921961775440696
v 0.042692514539992565 -0.017790465246246834 0.2826353894010224
v 0.016454207248207675 -0.021499085493807968 0.2971909931197202
v 0.017464344854170033 -0.01831857196078368 0.29818632397754274
v 0.013775251089164775 -0.019088021231339347 0.298589888449836
v -0.004677046521128492 -0.02149970347479435 0.2961129901388303
v -0.0020320533287103426 -0.019450612038356407 0.29767536814272677
v -0.006074018290056771 -0.01922136398059271 0.29658662297382665
v -0.013946357435792867 -0.02149933344914201 0.2920178361357272
v -0.013923282330937092 -0.01740987288197826 0.29370326102046806
v -0.015404276625828883 -0.018211686045672693 0.29250990158878654
v -0.013946357435792867 -0.02149933344914201 0.2920178361357272
v -0.015404276625828883 -0.018211686045672693 0.29250990158878654
v -0.018097433949791908 -0.020010085102649677 0.28998243564842585
v 0.04954012533886942 -0.021499917097851373 0.2661783268517758
v 0.050835508853765976 -0.02004409885243419 0.2632339297392682
v 0.0496954788923909 -0.01944695755820236 0.2685427373644699
v 0.04827909698917887 -0.021499772139348394 0.27012101502732466
v 0.0496954788923909 -0.01944695755820236 0.2685427373644699
v 0.0479620651137691 -0.019820384013317094 0.27269227369437476
v 0.04373881738509944 -0.021499930449292437 0.2789654368341309
v 0.04478653166826163 -0.018866951884901617 0.27921961775440696
v 0.04166390807634146 -0.019745305045517636 0.28292381104558106
v 0.03623868732915536 -0.021499905653759033 0.2874640029116192
v 0.03808135404265389 -0.019192067104201183 0.2869924757896135
v 0.03535556198203338 -0.019657046298039438 0.2891587661757099
v 0.02062009527871833 -0.02149990374641031 0.29615016055075205
v 0.020404961601507843 -0.019455700844750456 0.2970242450649251
v 0.017464344854170033 -0.01831857196078368 0.29818632397754274
v 0.006373897378396942 -0.021499896117015416 0.29799357494495016
v 0.008783307492685188 -0.019384819951491217 0.29884016311992656
v 0.0063469303284710565 -0.018573050427460602 0.29911765947099755
v 0.03869665329673255 -0.02149980265692797 0.28513334484193453
v 0.040238771442488996 -0.018287585173423215 0.28526905651830237
v 0.03808135404265389 -0.019192067104201183 0.2869924757896135
v 0.02474246524075574 -0.021499907561107756 0.29462324397432116
v 0.02811330165879644 -0.019976702685292613 0.2937127825052953
v 0.02568921974129057 -0.018656899384690284 0.2953971392747511
v 0.02474246524075574 -0.021499907561107756 0.29462324397432116
v 0.02568921974129057 -0.018656899384690284 0.2953971392747511
v 0.022571681141067 -0.018722096378753772 0.2966130206801586
v 0.022571681141067 -0.018722096378753772 0.2966130206801586
v 0.020404961601507843 -0.019455700844750456 0.2970242450649251
v 0.02062009527871833 -0.02149990374641031 0.29615016055075205
v 0.012873203889032236 -0.021499934263989884 0.2977433002748596
v 0.013775251089164775 -0.019088021231339347 0.298589888449836
v 0.010937710327862948 -0.021498580046396265 0.29794737132947435
v 0.04364246194229038 -0.021500035353472224 0.23093000364436722
v 0.04334034553389765 -0.020311228763193467 0.22959012931314848
v 0.04537331605892536 -0.021499581404476054 0.2336571613666737
v 0.04902832264122026 -0.021499991484451586 0.2420931511472445
v 0.04857901994653968 -0.01967279718379733 0.23862990940560092
v 0.04969300315374792 -0.019567070936710174 0.2416040001230345
v 0.04983940361236172 -0.02149999339180031 0.24502364750225591
v 0.04969300315374792 -0.019567070936710174 0.2416040001230345
v 0.050581987876148204 -0.019009854265956694 0.2439653131014018
v 0.05095175794376017 -0.02149999339180031 0.25717960816264085
v 0.05183907182867875 -0.019416279761335087 0.2553904998012956
v 0.05162848908552231 -0.019569937681841454 0.25878394783845227
v 0.05056748439645542 -0.021500001021195203 0.26134574605583427
v 0.05162848908552231 -0.019569937681841454 0.25878394783845227
v 0.050835508853765976 -0.02004409885243419 0.2632339297392682
v 0.04373881738509944 -0.021499930449292437 0.2789654368341309
v 0.046401266394615615 -0.019835350978749666 0.2758520028483601
v 0.04478653166826163 -0.018866951884901617 0.27921961775440696
v 0.04078146556006246 -0.02149997050361563 0.2828598156812133
v 0.04166390807634146 -0.019745305045517636 0.28292381104558106
v 0.03869665329673255 -0.02149980265692797 0.28513334484193453
v 0.03173053129227554 -0.021500012465287544 0.2908932633284066
v 0.03257162248823109 -0.019343493426701164 0.2913500809770574
v 0.02811330165879644 -0.019976702685292613 0.2937127825052953
v 0.03173053129227554 -0.021500012465287544 0.2908932633284066
v 0.02811330165879644 -0.019976702685292613 0.2937127825052953
v 0.027689360980091005 -0.02149997050361563 0.29322108326319085
v 0.027689360980091005 -0.02149997050361563 0.29322108326319085
v 0.02811330165879644 -0.019976702685292613 0.2937127825052953
v 0.02474246524075574 -0.021499907561107756 0.29462324397432116
v 0.02062009527871833 -0.02149990374641031 0.29615016055075205
v 0.017464344854170033 -0.01831857196078368 0.29818632397754274
v 0.016454207248207675 -0.021499085493807968 0.2971909931197202
v 0.010937710327862948 -0.021498580046396265 0.29794737132947435
v 0.008783307492685188 -0.019384819951491217 0.29884016311992656
v 0.006373897378396942 -0.021499896117015416 0.29799357494495016
v 0.006373897378396942 -0.021499896117015416 0.29799357494495016
v 0.0063469303284710565 -0.018573050427460602 0.29911765947099755
v 0.0025169752839633575 -0.019898100844401023 0.29832420240206037
v 0.0019122557356255482 -0.021499997206497756 0.2975758503157343
v 0.0025169752839633575 -0.019898100844401023 0.29832420240206037
v -0.0010918517631333668 -0.02149996096687201 0.2970465228980145
v -0.004677046521128492 -0.02149970347479435 0.2961129901388303
v -0.006074018290056771 -0.01922136398059271 0.29658662297382665
v -0.00886067241792965 -0.021497716017424562 0.29461082331943433
v -0.010065665723149597 -0.021499989577102863 0.29404395927883786
v -0.00886067241792965 -0.021497716017424562 0.29461082331943433
v -0.010902635138513861 -0.019255412062654242 0.29462794368157563
v -0.010065665723149597 -0.021499989577102863 0.29404395927883786
v -0.010902635138513861 -0.019255412062654242 0.29462794368157563
v -0.013946357435792867 -0.02149933344914201 0.2920178361357272
v -0.019079363775483804 -0.021499995299149033 0.28843205105330216
v -0.018097433949791908 -0.020010085102649677 0.28998243564842585
v -0.02145838267205047 -0.018675425462840733 0.28783039697199075
v 0.0434535352365395 0.02148502261167029 0.23059032772491317
v 0.04308280386517094 0.021435874049765546 0.23135087158427925
v 0.0432549344580635 0.021500001021195203 0.23171120790510524
v 0.05099605802521001 0.02149996096687201 0.25355405867403025
v 0.05012934732120167 0.021500001021195203 0.25255903299200344
v 0.05016541528556129 0.021500001021195203 0.2532918211127465
v 0.05099605802521001 0.02149996096687201 0.25355405867403025
v 0.05008054208206714 0.021500001021195203 0.25182697729317016
v 0.05012934732120167 0.021500001021195203 0.25255903299200344
v 0.044940881956354595 0.02149992663459499 0.23297059212019622
v 0.043498632589755726 0.021500001021195203 0.23216297489433646
v 0.0436184903835346 0.021500001021195203 0.2323655963639214
v 0.044940881956354595 0.02149992663459499 0.23297059212019622
v 0.0432549344580635 0.021500001021195203 0.23171120790510524
v 0.04336948219299641 0.021500001021195203 0.231929835845177
v 0.0432549344580635 0.021500001021195203 0.23171120790510524
v 0.044940881956354595 0.02149992663459499 0.23297059212019622
v 0.0434535352365395 0.02148502261167029 0.23059032772491317
v 0.05099605802521001 0.02149996096687201 0.25355405867403025
v 0.05001901864164493 0.021500001021195203 0.2510958828980935
v 0.05008054208206714 0.021500001021195203 0.25182697729317016
v 0.05059930660255674 0.0214999762256618 0.24895165672202946
v 0.04964615866910105 0.021500001021195203 0.24818549762802167
v 0.04975833747691949 0.021500001021195203 0.2489105495423426
v 0.05059930660255674 0.0214999762256618 0.24895165672202946
v 0.04952139517440557 0.021500001021195203 0.24746250565032202
v 0.04964615866910105 0.021500001021195203 0.24818549762802167
v 0.05062354519013379 0.02149998194770797 0.2608101320167221
v 0.04960486838393674 0.021500001021195203 0.26206223778908455
v 0.049475801910521255 0.021500001021195203 0.2627844973448744
v 0.05062354519013379 0.02149998194770797 0.2608101320167221
v 0.04972135779987008 0.021500001021195203 0.26133787252030405
v 0.04960486838393674 0.021500001021195203 0.26206223778908455
v 0.05062354519013379 0.02149998194770797 0.2608101320167221
v 0.049825235826044256 0.021500001021195203 0.26061158464401035
v 0.04972135779987008 0.021500001021195203 0.26133787252030405
v 0.05062354519013379 0.02149998194770797 0.2608101320167221
v 0.04991647575957714 0.021500001021195203 0.2598835877832605
v 0.049825235826044256 0.021500001021195203 0.26061158464401035
v 0.05095086911925506 0.021500002928543926 0.2572651184206086
v 0.05006091546370328 0.021500001021195203 0.25842341315335904
v 0.04999503945349426 0.021500001021195203 0.25915412607869104
v 0.05095086911925506 0.021500002928543926 0.2572651184206086
v 0.050114073272624626 0.021500001021195203 0.2576916626303215
v 0.05006091546370328 0.021500001021195203 0.25842341315335904
v 0.05099605802521001 0.02149996096687201 0.25355405867403025
v 0.05016541528556129 0.021500001021195203 0.2532918211127465
v 0.05018874216044855 0.021500001021195203 0.25402512803234234
v 0.05059930660255674 0.0214999762256618 0.24895165672202946
v 0.04994479607342228 0.021500001021195203 0.2503659634298304
v 0.05001901864164493 0.021500001021195203 0.2510958828980935
v 0.05059930660255674 0.0214999762256618 0.24895165672202946
v 0.049857893450886426 0.021500001021195203 0.24963744777022778
v 0.04994479607342228 0.021500001021195203 0.2503659634298304
v 0.05059930660255674 0.0214999762256618 0.24895165672202946
v 0.04975833747691949 0.021500001021195203 0.2489105495423426
v 0.049857893450886426 0.021500001021195203 0.24963744777022778
v 0.05059930660255674 0.0214999762256618 0.24895165672202946
v 0.04938407751041263 0.021500001021195203 0.24674178723230067
v 0.04952139517440557 0.021500001021195203 0.24746250565032202
v 0.05059930660255674 0.0214999762256618 0.24895165672202946
v 0.04923425526818903 0.021500001021195203 0.24602357125580443
v 0.04938407751041263 0.021500001021195203 0.24674178723230067
v 0.04336948219299641 0.021500001021195203 0.231929835845177
v 0.043498632589755726 0.021500001021195203 0.23216297489433646
v 0.044940881956354595 0.02149992663459499 0.23297059212019622
v 0.04978700492823229 0.021499983855056692 0.2652806217310121
v 0.049475801910521255 0.021500001021195203 0.2627844973448744
v 0.04933420034129554 0.021500001021195203 0.26350437652945746
v 0.05062354519013379 0.02149998194770797 0.2608101320167221
v 0.04999503945349426 0.021500001021195203 0.25915412607869104
v 0.04991647575957714 0.021500001021195203 0.2598835877832605
v 0.05095086911925506 0.021500002928543926 0.2572651184206086
v 0.0501545052508634 0.021500001021195203 0.25695908813263546
v 0.050114073272624626 0.021500001021195203 0.2576916626303215
v 0.05095086911925506 0.021500002928543926 0.2572651184206086
v 0.05018219232493237 0.021500001021195203 0.2562259338009375
v 0.0501545052508634 0.021500001021195203 0.25695908813263546
v 0.05095086911925506 0.021500002928543926 0.2572651184206086
v 0.050197130680134094 0.021500001021195203 0.25549241325828465
v 0.05018219232493237 0.021500001021195203 0.2562259338009375
v 0.04990980385374266 0.021499810286322862 0.24529497930225286
v 0.04907196659470925 0.021500001021195203 0.24530805608510053
v 0.04923425526818903 0.021500001021195203 0.24602357125580443
v 0.04990980385374266 0.021499810286322862 0.24529497930225286
v 0.04889726108104009 0.021500001021195203 0.24459548586082558
v 0.04907196659470925 0.021500001021195203 0.24530805608510053
v 0.04990980385374266 0.021499810286322862 0.24529497930225286
v 0.04871019594764325 0.021500001021195203 0.2438860589472468
v 0.04889726108104009 0.021500001021195203 0.24459548586082558
v 0.04990980385374266 0.021499810286322862 0.24529497930225286
v 0.048510824600283 0.021500001021195203 0.24317997370863143
v 0.04871019594764325 0.021500001021195203 0.2438860589472468
v 0.04978700492823229 0.021499983855056692 0.2652806217310121
v 0.048834619934265966 0.021500001021195203 0.2656477482132934
v 0.048643335745492955 0.021500001021195203 0.26635603071763814
v 0.04978700492823229 0.021499983855056692 0.2652806217310121
v 0.04901355976210109 0.021500001021195203 0.2649362003279342
v 0.048834619934265966 0.021500001021195203 0.2656477482132934
v 0.04978700492823229 0.021499983855056692 0.2652806217310121
v 0.04918010182323407 0.021500001021195203 0.26422169223735625
v 0.04901355976210109 0.021500001021195203 0.2649362003279342
v 0.04978700492823229 0.021499983855056692 0.2652806217310121
v 0.04933420034129554 0.021500001021195203 0.26350437652945746
v 0.04918010182323407 0.021500001021195203 0.26422169223735625
v 0.049475801910521255 0.021500001021195203 0.2627844973448744
v 0.04978700492823229 0.021499983855056692 0.2652806217310121
v 0.05062354519013379 0.02149998194770797 0.2608101320167221
v 0.05001901864164493 0.021500001021195203 0.2510958828980935
v 0.05099605802521001 0.02149996096687201 0.25355405867403025
v 0.05059930660255674 0.0214999762256618 0.24895165672202946
v 0.04550164629573361 0.021498652525647755 0.27610630583895446
v 0.04470840666455089 0.021500001021195203 0.2758166634912128
v 0.04434095593298659 0.021500001021195203 0.27645170380457873
v 0.04550164629573361 0.021498652525647755 0.27610630583895446
v 0.045064756626544966 0.021500001021195203 0.27517533655645454
v 0.04470840666455089 0.021500001021195203 0.2758166634912128
v 0.05099605802521001 0.02149996096687201 0.25355405867403025
v 0.05019931268707367 0.021500001021195203 0.2547587401277339
v 0.050197130680134094 0.021500001021195203 0.25549241325828465
v 0.05099605802521001 0.02149996096687201 0.25355405867403025
v 0.05018874216044855 0.021500001021195203 0.25402512803234234
v 0.05019931268707367 0.021500001021195203 0.2547587401277339
v 0.0489700950993921 0.02149999339180031 0.2419115410311966
v 0.04783950651419788 0.021500001021195203 0.24108404160224406
v 0.04807541503370372 0.021500001021195203 0.24177875904246793
v 0.0489700950993921 0.02149999339180031 0.2419115410311966
v 0.04759155118015501 0.021500001021195203 0.24039353558800147
v 0.04783950651419788 0.021500001021195203 0.24108404160224406
v 0.04149577910107061 0.021499827452461373 0.282023908659088
v 0.04101594356802574 0.021500001021195203 0.28128285027428024
v 0.0405540218541911 0.021500001021195203 0.2818528576255729
v 0.04149577910107061 0.021499827452461373 0.282023908659088
v 0.04146788221864206 0.021500001021195203 0.2807049083522982
v 0.04101594356802574 0.021500001021195203 0.28128285027428024
v 0.04394010371057799 0.021499537535455415 0.27865162456336623
v 0.043962522687472916 0.021500001021195203 0.2770802438734953
v 0.04357322136893327 0.021500001021195203 0.2777021311100646
v 0.04550164629573361 0.021498652525647755 0.27610630583895446
v 0.04434095593298659 0.021500001021195203 0.27645170380457873
v 0.043962522687472916 0.021500001021195203 0.2770802438734953
v 0.046763616875693526 0.021499997206497756 0.2736555305760645
v 0.045409906636835196 0.021500001021195203 0.27452790610578137
v 0.045064756626544966 0.021500001021195203 0.27517533655645454
v 0.046763616875693526 0.021499997206497756 0.2736555305760645
v 0.046066183370887526 0.021500001021195203 0.27321555863133884
v 0.04574374988389307 0.021500001021195203 0.2738745857622503
v 0.046763616875693526 0.021499997206497756 0.2736555305760645
v 0.046377107915684945 0.021500001021195203 0.27255100781852437
v 0.046066183370887526 0.021500001021195203 0.27321555863133884
v 0.046763616875693526 0.021499997206497756 0.2736555305760645
v 0.046964071597128676 0.021500001021195203 0.27120622015699414
v 0.04667643578024405 0.021500001021195203 0.2718811774644435
v 0.048073572534836906 0.021497918196389243 0.27071034000648797
v 0.04723992762829754 0.021500001021195203 0.27052638003681284
v 0.046964071597128676 0.021500001021195203 0.27120622015699414
v 0.04999503945349426 0.021500001021195203 0.25915412607869104
v 0.05062354519013379 0.02149998194770797 0.2608101320167221
v 0.05095086911925506 0.021500002928543926 0.2572651184206086
v 0.04923425526818903 0.021500001021195203 0.24602357125580443
v 0.05059930660255674 0.0214999762256618 0.24895165672202946
v 0.04990980385374266 0.021499810286322862 0.24529497930225286
v 0.04745193706829909 0.021500008650590097 0.23784720978346374
v 0.047331632954918934 0.021500001021195203 0.2397074393640074
v 0.04759155118015501 0.021500001021195203 0.24039353558800147
v 0.04745193706829909 0.021500008650590097 0.23784720978346374
v 0.04705982431774114 0.021500001021195203 0.23902596655331887
v 0.047331632954918934 0.021500001021195203 0.2397074393640074
v 0.04745193706829909 0.021500008650590097 0.23784720978346374
v 0.0467762130066629 0.021500001021195203 0.2383493155202031
v 0.04705982431774114 0.021500001021195203 0.23902596655331887
v 0.04745193706829909 0.021500008650590097 0.23784720978346374
v 0.04648087531563316 0.021500001021195203 0.23767769988771714
v 0.0467762130066629 0.021500001021195203 0.2383493155202031
v 0.04745193706829909 0.021500008650590097 0.23784720978346374
v 0.046173910426785536 0.021500001021195203 0.237011333278918
v 0.04648087531563316 0.021500001021195203 0.23767769988771714
v 0.046018968860588316 0.021499953337477118 0.23488390703040973
v 0.045184168100722566 0.021500001021195203 0.23504561968457505
v 0.04552545763719662 0.021500001021195203 0.23569507955428992
v 0.046018968860588316 0.021499953337477118 0.23488390703040973
v 0.04483163665087275 0.021500001021195203 0.23440218703682614
v 0.045184168100722566 0.021500001021195203 0.23504561968457505
v 0.044940881956354595 0.02149992663459499 0.23297059212019622
v 0.0436184903835346 0.021500001021195203 0.2323655963639214
v 0.04409329051594968 0.021500001021195203 0.23313418160550536
v 0.03744713388923904 0.021499947615430948 0.28636253191203653
v 0.03705324730436832 0.021500001021195203 0.2856063673253394
v 0.036516759699540824 0.021500001021195203 0.28610682511278174
v 0.03744713388923904 0.021499947615430948 0.28636253191203653
v 0.03758095347567325 0.021500001021195203 0.2850966321937064
v 0.03705324730436832 0.021500001021195203 0.2856063673253394
v 0.04149577910107061 0.021499827452461373 0.282023908659088
v 0.04190970810632688 0.021500001021195203 0.28011915392994513
v 0.04146788221864206 0.021500001021195203 0.2807049083522982
v 0.04346079842047823 0.02149999339180031 0.27933381453717476
v 0.04276247990586457 0.021500001021195203 0.27892512311151296
v 0.042341283901972115 0.021500001021195203 0.27952583114785756
v 0.04346079842047823 0.02149999339180031 0.27933381453717476
v 0.043173166418291054 0.021500001021195203 0.27831715189122963
v 0.04276247990586457 0.021500001021195203 0.27892512311151296
v 0.04394010371057799 0.021499537535455415 0.27865162456336623
v 0.04357322136893327 0.021500001021195203 0.2777021311100646
v 0.043173166418291054 0.021500001021195203 0.27831715189122963
v 0.043962522687472916 0.021500001021195203 0.2770802438734953
v 0.04394010371057799 0.021499537535455415 0.27865162456336623
v 0.04550164629573361 0.021498652525647755 0.27610630583895446
v 0.045064756626544966 0.021500001021195203 0.27517533655645454
v 0.04550164629573361 0.021498652525647755 0.27610630583895446
v 0.046763616875693526 0.021499997206497756 0.2736555305760645
v 0.046763616875693526 0.021499997206497756 0.2736555305760645
v 0.04574374988389307 0.021500001021195203 0.2738745857622503
v 0.045409906636835196 0.021500001021195203 0.27452790610578137
v 0.046763616875693526 0.021499997206497756 0.2736555305760645
v 0.04667643578024405 0.021500001021195203 0.2718811774644435
v 0.046377107915684945 0.021500001021195203 0.27255100781852437
v 0.046964071597128676 0.021500001021195203 0.27120622015699414
v 0.046763616875693526 0.021499997206497756 0.2736555305760645
v 0.048073572534836906 0.021497918196389243 0.27071034000648797
v 0.048073572534836906 0.021497918196389243 0.27071034000648797
v 0.04750392757980171 0.021500001021195203 0.26984184020937707
v 0.04723992762829754 0.021500001021195203 0.27052638003681284
v 0.04978700492823229 0.021499983855056692 0.2652806217310121
v 0.048439768230941205 0.021500001021195203 0.2670609257706501
v 0.04822397461107242 0.021500001021195203 0.26776215871411313
v 0.04978700492823229 0.021499983855056692 0.2652806217310121
v 0.048643335745492955 0.021500001021195203 0.26635603071763814
v 0.048439768230941205 0.021500001021195203 0.2670609257706501
v 0.0489700950993921 0.02149999339180031 0.2419115410311966
v 0.04829921188881592 0.021500001021195203 0.24247747428561606
v 0.048510824600283 0.021500001021195203 0.24317997370863143
v 0.0489700950993921 0.02149999339180031 0.2419115410311966
v 0.04807541503370372 0.021500001021195203 0.24177875904246793
v 0.04829921188881592 0.021500001021195203 0.24247747428561606
v 0.04759155118015501 0.021500001021195203 0.24039353558800147
v 0.0489700950993921 0.02149999339180031 0.2419115410311966
v 0.04745193706829909 0.021500008650590097 0.23784720978346374
v 0.04745193706829909 0.021500008650590097 0.23784720978346374
v 0.0458554060781613 0.021500001021195203 0.23635038354049331
v 0.046173910426785536 0.021500001021195203 0.237011333278918
v 0.04745193706829909 0.021500008650590097 0.23784720978346374
v 0.04552545763719662 0.021500001021195203 0.23569507955428992
v 0.0458554060781613 0.021500001021195203 0.23635038354049331
v 0.044940881956354595 0.02149992663459499 0.23297059212019622
v 0.04409329051594968 0.021500001021195203 0.23313418160550536
v 0.04446797391387314 0.021500001021195203 0.23376496471652064
v -0.02305096163563336 0.021499610014706905 0.2848374463903801
v -0.021395012918064005 0.021500001021195203 0.28527827282733387
v -0.021916962710921695 0.021500001021195203 0.28476267832042257
v -0.02305096163563336 0.021499610014706905 0.2848374463903801
v -0.020864178694852686 0.021500001021195203 0.2857847425779524
v -0.021395012918064005 0.021500001021195203 0.28527827282733387
v -0.02305096163563336 0.021499610014706905 0.2848374463903801
v -0.020324620258580506 0.021500001021195203 0.2862819044668007
v -0.020864178694852686 0.021500001021195203 0.2857847425779524
v -0.019824915873883908 0.021499936171338607 0.2877987197243924
v -0.019776499733888953 0.021500001021195203 0.2867696059059809
v -0.020324620258580506 0.021500001021195203 0.2862819044668007
v 0.03512684035251734 0.02149999339180031 0.2883791946054791
v 0.0342862793995069 0.021500001021195203 0.2880132277912216
v 0.03370836799510446 0.021500001021195203 0.28846522366229965
v 0.03512684035251734 0.02149999339180031 0.2883791946054791
v 0.03485624478912763 0.021500001021195203 0.28755125267162274
v 0.0342862793995069 0.021500001021195203 0.2880132277912216
v 0.03512684035251734 0.02149999339180031 0.2883791946054791
v 0.035418092502581544 0.021500001021195203 0.2870794203738213
v 0.03485624478912763 0.021500001021195203 0.28755125267162274
v 0.03512684035251734 0.02149999339180031 0.2883791946054791
v 0.03597165469318098 0.021500001021195203 0.2865979140032947
v 0.035418092502581544 0.021500001021195203 0.2870794203738213
v 0.03744713388923904 0.021499947615430948 0.28636253191203653
v 0.036516759699540824 0.021500001021195203 0.28610682511278174
v 0.03597165469318098 0.021500001021195203 0.2865979140032947
v 0.03744713388923904 0.021499947615430948 0.28636253191203653
v 0.038099714181465405 0.021500001021195203 0.2845778333409398
v 0.03758095347567325 0.021500001021195203 0.2850966321937064
v 0.03744713388923904 0.021499947615430948 0.28636253191203653
v 0.038609380648544356 0.021500001021195203 0.28405006231977825
v 0.038099714181465405 0.021500001021195203 0.2845778333409398
v 0.04149577910107061 0.021499827452461373 0.282023908659088
v 0.0405540218541911 0.021500001021195203 0.2818528576255729
v 0.040082262035641136 0.021500001021195203 0.2824147778182783
v 0.04346079842047823 0.02149999339180031 0.27933381453717476
v 0.042341283901972115 0.021500001021195203 0.27952583114785756
v 0.04190970810632688 0.021500001021195203 0.28011915392994513
v 0.050197130680134094 0.021500001021195203 0.25549241325828465
v 0.05095086911925506 0.021500002928543926 0.2572651184206086
v 0.05099605802521001 0.02149996096687201 0.25355405867403025
v 0.04552545763719662 0.021500001021195203 0.23569507955428992
v 0.04745193706829909 0.021500008650590097 0.23784720978346374
v 0.046018968860588316 0.021499953337477118 0.23488390703040973
v 0.046018968860588316 0.021499953337477118 0.23488390703040973
v 0.04446797391387314 0.021500001021195203 0.23376496471652064
v 0.04483163665087275 0.021500001021195203 0.23440218703682614
v -0.020324620258580506 0.021500001021195203 0.2862819044668007
v -0.02305096163563336 0.021499610014706905 0.2848374463903801
v -0.019824915873883908 0.021499936171338607 0.2877987197243924
v -0.019824915873883908 0.021499936171338607 0.2877987197243924
v -0.019219983060116963 0.021500001021195203 0.2872476943075951
v -0.019776499733888953 0.021500001021195203 0.2867696059059809
v -0.019824915873883908 0.021499936171338607 0.2877987197243924
v -0.01865523999130092 0.021500001021195203 0.2877160476013251
v -0.019219983060116963 0.021500001021195203 0.2872476943075951
v -0.006174405391229931 0.021499901839061586 0.2955919024675956
v -0.005911815447269542 0.021500001021195203 0.2948409563870057
v -0.0066023534096032455 0.021500001021195203 0.29459309260570155
v -0.006174405391229931 0.021499901839061586 0.2955919024675956
v -0.005217072257837907 0.021500001021195203 0.2950767962419575
v -0.005911815447269542 0.021500001021195203 0.2948409563870057
v -0.002753471982131772 0.0214996176441018 0.2966616351844208
v -0.002400267715019777 0.021500001021195203 0.2958983600016828
v -0.003109719185713372 0.021500001021195203 0.2957113787916298
v -0.002753471982131772 0.0214996176441018 0.2966616351844208
v -0.0016876726952114174 0.021500001021195203 0.2960729815920081
v -0.002400267715019777 0.021500001021195203 0.2958983600016828
v 0.031239377551905978 0.02149996096687201 0.2912154068983951
v 0.028820477900881603 0.021500001021195203 0.29170625164827146
v 0.028179189113097802 0.021500001021195203 0.29206266646012213
v 0.031239377551905978 0.02149996096687201 0.2912154068983951
v 0.029455474345226884 0.021500001021195203 0.2913387284374557
v 0.028820477900881603 0.021500001021195203 0.29170625164827146
v 0.031239377551905978 0.02149996096687201 0.2912154068983951
v 0.030083985803912583 0.021500001021195203 0.29096024941557264
v 0.029455474345226884 0.021500001021195203 0.2913387284374557
v 0.031239377551905978 0.02149996096687201 0.2912154068983951
v 0.03070582154206636 0.021500001021195203 0.2905708756177815
v 0.030083985803912583 0.021500001021195203 0.29096024941557264
v 0.031239377551905978 0.02149996096687201 0.2912154068983951
v 0.03252940904628465 0.021500001021195203 0.28933872834246077
v 0.03192871817607856 0.021500001021195203 0.28975999301090727
v 0.031239377551905978 0.02149996096687201 0.2912154068983951
v 0.03312268605200286 0.021500001021195203 0.2889071182145385
v 0.03252940904628465 0.021500001021195203 0.28933872834246077
v 0.04149577910107061 0.021499827452461373 0.282023908659088
v 0.03910979265961734 0.021500001021195203 0.28351353275327884
v 0.038609380648544356 0.021500001021195203 0.28405006231977825
v 0.04149577910107061 0.021499827452461373 0.282023908659088
v 0.03960080525618137 0.021500001021195203 0.28296836671175984
v 0.03910979265961734 0.021500001021195203 0.28351353275327884
v 0.048073572534836906 0.021497918196389243 0.27071034000648797
v 0.0477559837135999 0.021500001021195203 0.26915281429774385
v 0.04750392757980171 0.021500001021195203 0.26984184020937707
v 0.048073572534836906 0.021497918196389243 0.27071034000648797
v 0.047996023550440636 0.021500001021195203 0.2684595159249702
v 0.0477559837135999 0.021500001021195203 0.26915281429774385
v 0.04446797391387314 0.021500001021195203 0.23376496471652064
v 0.046018968860588316 0.021499953337477118 0.23488390703040973
v 0.044940881956354595 0.02149992663459499 0.23297059212019622
v -0.013942140287765414 0.02150001627998499 0.29200950483650334
v -0.014486295434461005 0.021500001021195203 0.29071003578064125
v -0.015103721382366264 0.021500001021195203 0.2903137344922867
v -0.013942140287765414 0.02150001627998499 0.29200950483650334
v -0.013862073603054248 0.021500001021195203 0.291095564363406
v -0.014486295434461005 0.021500001021195203 0.29071003578064125
v -0.009132729010441487 0.021499983855056692 0.2944393145222256
v -0.007969980141584732 0.021500001021195203 0.2940615068870932
v -0.008646655493396715 0.021500001021195203 0.29377796805526646
v -0.006174405391229931 0.021499901839061586 0.2955919024675956
v -0.007288477290153805 0.021500001021195203 0.2943332354156246
v -0.007969980141584732 0.021500001021195203 0.2940615068870932
v -0.006174405391229931 0.021499901839061586 0.2955919024675956
v -0.004518334603342278 0.021500001021195203 0.2953005206178182
v -0.005217072257837907 0.021500001021195203 0.2950767962419575
v -0.002753471982131772 0.0214996176441018 0.2966616351844208
v -0.0009721493586707999 0.021500001021195203 0.2962352130450262
v -0.0016876726952114174 0.021500001021195203 0.2960729815920081
v 0.0067104929296626925 0.021499919005200097 0.2980137775826285
v 0.005563406254848191 0.021500001021195203 0.29712962226719586
v 0.0048313453108059234 0.021500001021195203 0.29708088569261537
v 0.0067104929296626925 0.021499919005200097 0.2980137775826285
v 0.006296202958660513 0.021500001021195203 0.2971656024935142
v 0.005563406254848191 0.021500001021195203 0.29712962226719586
v 0.015774120126366697 0.021499997206497756 0.2972955158297629
v 0.015788792406421504 0.021500001021195203 0.2964749896677431
v 0.015066567182908663 0.021500001021195203 0.2966041400645024
v 0.015774120126366697 0.021499997206497756 0.2972955158297629
v 0.01650866396160966 0.021500001021195203 0.29633332706335824
v 0.015788792406421504 0.021500001021195203 0.2964749896677431
v 0.024437146393856413 0.02149635989248222 0.294793165857392
v 0.025555001518973164 0.021500001021195203 0.29337528859278084
v 0.024885188331030816 0.021500001021195203 0.2936746965659863
v 0.02719608626794101 0.021499547072199032 0.2934895158931282
v 0.026219508462766994 0.021500001021195203 0.29306428393933703
v 0.025555001518973164 0.021500001021195203 0.29337528859278084
v 0.02719608626794101 0.021499547072199032 0.2934895158931282
v 0.027531800624096547 0.021500001021195203 0.29240788132026896
v 0.026878506983447625 0.021500001021195203 0.2927418046759732
v 0.02719608626794101 0.021499547072199032 0.2934895158931282
v 0.028179189113097802 0.021500001021195203 0.29206266646012213
v 0.027531800624096547 0.021500001021195203 0.29240788132026896
v 0.03512684035251734 0.02149999339180031 0.2883791946054791
v 0.03370836799510446 0.021500001021195203 0.28846522366229965
v 0.03312268605200286 0.021500001021195203 0.2889071182145385
v 0.04149577910107061 0.021499827452461373 0.282023908659088
v 0.040082262035641136 0.021500001021195203 0.2824147778182783
v 0.03960080525618137 0.021500001021195203 0.28296836671175984
v 0.04190970810632688 0.021500001021195203 0.28011915392994513
v 0.04149577910107061 0.021499827452461373 0.282023908659088
v 0.04346079842047823 0.02149999339180031 0.27933381453717476
v 0.04978700492823229 0.021499983855056692 0.2652806217310121
v 0.04822397461107242 0.021500001021195203 0.26776215871411313
v 0.047996023550440636 0.021500001021195203 0.2684595159249702
v 0.048510824600283 0.021500001021195203 0.24317997370863143
v 0.04990980385374266 0.021499810286322862 0.24529497930225286
v 0.0489700950993921 0.02149999339180031 0.2419115410311966
v -0.019824915873883908 0.021499936171338607 0.2877987197243924
v -0.018082438374128484 0.021500001021195203 0.2881745131992729
v -0.01865523999130092 0.021500001021195203 0.2877160476013251
v -0.018288184080922365 0.021499459334157756 0.28906162871992425
v -0.01750175368468221 0.021500001021195203 0.2886229385135407
v -0.018082438374128484 0.021500001021195203 0.2881745131992729
v -0.018288184080922365 0.021499459334157756 0.28906162871992425
v -0.016913361399044646 0.021500001021195203 0.2890612014738102
v -0.01750175368468221 0.021500001021195203 0.2886229385135407
v -0.018288184080922365 0.021499459334157756 0.28906162871992425
v -0.01631743699329835 0.021500001021195203 0.2894891800097631
v -0.016913361399044646 0.021500001021195203 0.2890612014738102
v -0.013942140287765414 0.02150001627998499 0.29200950483650334
v -0.015714162619246408 0.021500001021195203 0.2899067215335015
v -0.01631743699329835 0.021500001021195203 0.2894891800097631
v -0.013942140287765414 0.02150001627998499 0.29200950483650334
v -0.015103721382366264 0.021500001021195203 0.2903137344922867
v -0.015714162619246408 0.021500001021195203 0.2899067215335015
v -0.009132729010441487 0.021499983855056692 0.2944393145222256
v -0.009318299736113533 0.021500001021195203 0.2934826799553035
v -0.009984709260258962 0.021500001021195203 0.2931757951751023
v -0.009132729010441487 0.021499983855056692 0.2944393145222256
v -0.008646655493396715 0.021500001021195203 0.29377796805526646
v -0.009318299736113533 0.021500001021195203 0.2934826799553035
v -0.007969980141584732 0.021500001021195203 0.2940615068870932
v -0.009132729010441487 0.021499983855056692 0.2944393145222256
v -0.006174405391229931 0.021499901839061586 0.2955919024675956
v -0.006174405391229931 0.021499901839061586 0.2955919024675956
v -0.0066023534096032455 0.021500001021195203 0.29459309260570155
v -0.007288477290153805 0.021500001021195203 0.2943332354156246
v -0.002753471982131772 0.0214996176441018 0.2966616351844208
v -0.0038158125305608193 0.021500001021195203 0.2955120684794287
v -0.004518334603342278 0.021500001021195203 0.2953005206178182
v -0.002753471982131772 0.0214996176441018 0.2966616351844208
v -0.003109719185713372 0.021500001021195203 0.2957113787916298
v -0.0038158125305608193 0.021500001021195203 0.2955120684794287
v 0.0023282312068527433 0.02149992663459499 0.2976431110611165
v 0.0019148890689568016 0.021500001021195203 0.29675898626326347
v 0.001189823326357628 0.021500001021195203 0.2966468951934863
v 0.0023282312068527433 0.02149992663459499 0.2976431110611165
v 0.0026417940917718152 0.021500001021195203 0.29685847357267636
v 0.0019148890689568016 0.021500001021195203 0.29675898626326347
v 0.0023282312068527433 0.02149992663459499 0.2976431110611165
v 0.003370318811280887 0.021500001021195203 0.29694529608656584
v 0.0026417940917718152 0.021500001021195203 0.29685847357267636
v 0.0023282312068527433 0.02149992663459499 0.2976431110611165
v 0.004100242809497168 0.021500001021195203 0.2970194232873523
v 0.003370318811280887 0.021500001021195203 0.29694529608656584
v 0.0067104929296626925 0.021499919005200097 0.2980137775826285
v 0.007029515123465335 0.021500001021195203 0.29718885688915
v 0.006296202958660513 0.021500001021195203 0.2971656024935142
v 0.015774120126366697 0.021499997206497756 0.2972955158297629
v 0.015066567182908663 0.021500001021195203 0.2966041400645024
v 0.014342205728825608 0.021500001021195203 0.29672071721847704
v 0.017557242273743556 0.021499939986036054 0.29693879584211647
v 0.01722596250336994 0.021500001021195203 0.29617915225134783
v 0.01650866396160966 0.021500001021195203 0.29633332706335824
v 0.017557242273743556 0.021499939986036054 0.29693879584211647
v 0.017940474408645324 0.021500001021195203 0.296012526266871
v 0.01722596250336994 0.021500001021195203 0.29617915225134783
v 0.021793934903564516 0.021499777861394564 0.2957375628749047
v 0.02006511783536613 0.021500001021195203 0.2954385211126541
v 0.019360266651374802 0.021500001021195203 0.2956421649211548
v 0.021793934903564516 0.021499777861394564 0.2957375628749047
v 0.02076632407594703 0.021500001021195203 0.29522267027232363
v 0.02006511783536613 0.021500001021195203 0.2954385211126541
v 0.024437146393856413 0.02149635989248222 0.294793165857392
v 0.02353045575325674 0.021500001021195203 0.2942383257431479
v 0.022845946443400544 0.021500001021195203 0.2945023943592061
v 0.024437146393856413 0.02149635989248222 0.294793165857392
v 0.024210272985253356 0.021500001021195203 0.2939623857886352
v 0.02353045575325674 0.021500001021195203 0.2942383257431479
v 0.025555001518973164 0.021500001021195203 0.29337528859278084
v 0.024437146393856413 0.02149635989248222 0.294793165857392
v 0.02719608626794101 0.021499547072199032 0.2934895158931282
v 0.02719608626794101 0.021499547072199032 0.2934895158931282
v 0.026878506983447625 0.021500001021195203 0.2927418046759732
v 0.026219508462766994 0.021500001021195203 0.29306428393933703
v 0.031239377551905978 0.02149996096687201 0.2912154068983951
v 0.031320794639513316 0.021500001021195203 0.29017075963198014
v 0.03070582154206636 0.021500001021195203 0.2905708756177815
v 0.031239377551905978 0.02149996096687201 0.2912154068983951
v 0.03192871817607856 0.021500001021195203 0.28975999301090727
v 0.031320794639513316 0.021500001021195203 0.29017075963198014
v 0.03312268605200286 0.021500001021195203 0.2889071182145385
v 0.031239377551905978 0.02149996096687201 0.2912154068983951
v 0.03512684035251734 0.02149999339180031 0.2883791946054791
v 0.03597165469318098 0.021500001021195203 0.2865979140032947
v 0.03512684035251734 0.02149999339180031 0.2883791946054791
v 0.03744713388923904 0.021499947615430948 0.28636253191203653
v 0.043173166418291054 0.021500001021195203 0.27831715189122963
v 0.04346079842047823 0.02149999339180031 0.27933381453717476
v 0.04394010371057799 0.021499537535455415 0.27865162456336623
v 0.047996023550440636 0.021500001021195203 0.2684595159249702
v 0.048073572534836906 0.021497918196389243 0.27071034000648797
v 0.04978700492823229 0.021499983855056692 0.2652806217310121
v -0.01631743699329835 0.021500001021195203 0.2894891800097631
v -0.018288184080922365 0.021499459334157756 0.28906162871992425
v -0.013942140287765414 0.02150001627998499 0.29200950483650334
v -0.004518334603342278 0.021500001021195203 0.2953005206178182
v -0.006174405391229931 0.021499901839061586 0.2955919024675956
v -0.002753471982131772 0.0214996176441018 0.2966616351844208
v -0.0002543664397417454 0.021499913283153926 0.2972086017631347
v -0.0002539140404664124 0.021500001021195203 0.2963849628079983
v -0.0009721493586707999 0.021500001021195203 0.2962352130450262
v -0.0002543664397417454 0.021499913283153926 0.2972086017631347
v 0.0004668161494728387 0.021500001021195203 0.29652220036334487
v -0.0002539140404664124 0.021500001021195203 0.2963849628079983
v 0.0023282312068527433 0.02149992663459499 0.2976431110611165
v 0.001189823326357628 0.021500001021195203 0.2966468951934863
v 0.0004668161494728387 0.021500001021195203 0.29652220036334487
v 0.0067104929296626925 0.021499919005200097 0.2980137775826285
v 0.0048313453108059234 0.021500001021195203 0.29708088569261537
v 0.004100242809497168 0.021500001021195203 0.2970194232873523
v 0.0067104929296626925 0.021499919005200097 0.2980137775826285
v 0.0077631205431363814 0.021500001021195203 0.2971993549365236
v 0.007029515123465335 0.021500001021195203 0.29718885688915
v 0.017557242273743556 0.021499939986036054 0.29693879584211647
v 0.01865198033233262 0.021500001021195203 0.29583351014508696
v 0.017940474408645324 0.021500001021195203 0.296012526266871
v 0.017557242273743556 0.021499939986036054 0.29693879584211647
v 0.019360266651374802 0.021500001021195203 0.2956421649211548
v 0.01865198033233262 0.021500001021195203 0.29583351014508696
v 0.021793934903564516 0.021499777861394564 0.2957375628749047
v 0.021463671750060476 0.021500001021195203 0.2949946429177429
v 0.02076632407594703 0.021500001021195203 0.29522267027232363
v 0.021793934903564516 0.021499777861394564 0.2957375628749047
v 0.02215694723464945 0.021500001021195203 0.2947545306016507
v 0.021463671750060476 0.021500001021195203 0.2949946429177429
v 0.021793934903564516 0.021499777861394564 0.2957375628749047
v 0.022845946443400544 0.021500001021195203 0.2945023943592061
v 0.02215694723464945 0.021500001021195203 0.2947545306016507
v 0.024437146393856413 0.02149635989248222 0.294793165857392
v 0.024885188331030816 0.021500001021195203 0.2936746965659863
v 0.024210272985253356 0.021500001021195203 0.2939623857886352
v 0.028179189113097802 0.021500001021195203 0.29206266646012213
v 0.02719608626794101 0.021499547072199032 0.2934895158931282
v 0.031239377551905978 0.02149996096687201 0.2912154068983951
v -0.018082438374128484 0.021500001021195203 0.2881745131992729
v -0.019824915873883908 0.021499936171338607 0.2877987197243924
v -0.018288184080922365 0.021499459334157756 0.28906162871992425
v -0.013942140287765414 0.02150001627998499 0.29200950483650334
v -0.013231242808320887 0.021500001021195203 0.29147019817026265
v -0.013862073603054248 0.021500001021195203 0.291095564363406
v -0.013942140287765414 0.02150001627998499 0.29200950483650334
v -0.012593994738807623 0.021500001021195203 0.29183378461331333
v -0.013231242808320887 0.021500001021195203 0.29147019817026265
v -0.013942140287765414 0.02150001627998499 0.29200950483650334
v -0.011950522036735522 0.021500001021195203 0.2921862626573989
v -0.012593994738807623 0.021500001021195203 0.29183378461331333
v -0.013942140287765414 0.02150001627998499 0.29200950483650334
v -0.011301019251674371 0.021500001021195203 0.29252747971462145
v -0.011950522036735522 0.021500001021195203 0.2921862626573989
v -0.010115274909771044 0.021498198576651584 0.2940387712903102
v -0.010645681886868319 0.021500001021195203 0.2928573442322423
v -0.011301019251674371 0.021500001021195203 0.29252747971462145
v -0.010115274909771044 0.021498198576651584 0.2940387712903102
v -0.009984709260258962 0.021500001021195203 0.2931757951751023
v -0.010645681886868319 0.021500001021195203 0.2928573442322423
v 0.004100242809497168 0.021500001021195203 0.2970194232873523
v 0.0023282312068527433 0.02149992663459499 0.2976431110611165
v 0.0067104929296626925 0.021499919005200097 0.2980137775826285
v 0.0067104929296626925 0.021499919005200097 0.2980137775826285
v 0.008496797965221736 0.021500001021195203 0.2971970966356351
v 0.0077631205431363814 0.021500001021195203 0.2971993549365236
v 0.0067104929296626925 0.021499919005200097 0.2980137775826285
v 0.009230324229920761 0.021500001021195203 0.29718208198648444
v 0.008496797965221736 0.021500001021195203 0.2971970966356351
v 0.0112618098839673 0.021499997206497756 0.29787495311314405
v 0.009963479515293083 0.021500001021195203 0.29715431098907163
v 0.009230324229920761 0.021500001021195203 0.29718208198648444
v 0.0112618098839673 0.021499997206497756 0.29787495311314405
v 0.010696040661538064 0.021500001021195203 0.29711381416097626
v 0.009963479515293083 0.021500001021195203 0.29715431098907163
v 0.0112618098839673 0.021499997206497756 0.29787495311314405
v 0.012158497434187066 0.021500001021195203 0.29699461249515824
v 0.01142778736987815 0.021500001021195203 0.29706056098461875
v 0.0112618098839673 0.021499997206497756 0.29787495311314405
v 0.012887951509361617 0.021500001021195203 0.29691596869259473
v 0.012158497434187066 0.021500001021195203 0.29699461249515824
v 0.014729462369533763 0.021499884672923075 0.29748158151242865
v 0.013615927389275528 0.021500001021195203 0.2968246600945078
v 0.012887951509361617 0.021500001021195203 0.29691596869259473
v 0.014729462369533763 0.021499884672923075 0.29748158151242865
v 0.014342205728825608 0.021500001021195203 0.29672071721847704
v 0.013615927389275528 0.021500001021195203 0.2968246600945078
v 0.01650866396160966 0.021500001021195203 0.29633332706335824
v 0.015774120126366697 0.021499997206497756 0.2972955158297629
v 0.017557242273743556 0.021499939986036054 0.29693879584211647
v 0.0004668161494728387 0.021500001021195203 0.29652220036334487
v -0.0002543664397417454 0.021499913283153926 0.2972086017631347
v 0.0023282312068527433 0.02149992663459499 0.2976431110611165
v 0.0112618098839673 0.021499997206497756 0.29787495311314405
v 0.01142778736987815 0.021500001021195203 0.29706056098461875
v 0.010696040661538064 0.021500001021195203 0.29711381416097626
v 0.038609380648544356 0.021500001021195203 0.28405006231977825
v 0.03744713388923904 0.021499947615430948 0.28636253191203653
v 0.04149577910107061 0.021499827452461373 0.282023908659088
v -0.011301019251674371 0.021500001021195203 0.29252747971462145
v -0.013942140287765414 0.02150001627998499 0.29200950483650334
v -0.010115274909771044 0.021498198576651584 0.2940387712903102
v -0.0009721493586707999 0.021500001021195203 0.2962352130450262
v -0.002753471982131772 0.0214996176441018 0.2966616351844208
v -0.0002543664397417454 0.021499913283153926 0.2972086017631347
v 0.012887951509361617 0.021500001021195203 0.29691596869259473
v 0.0112618098839673 0.021499997206497756 0.29787495311314405
v 0.014729462369533763 0.021499884672923075 0.29748158151242865
v 0.019360266651374802 0.021500001021195203 0.2956421649211548
v 0.017557242273743556 0.021499939986036054 0.29693879584211647
v 0.021793934903564516 0.021499777861394564 0.2957375628749047
v 0.022845946443400544 0.021500001021195203 0.2945023943592061
v 0.021793934903564516 0.021499777861394564 0.2957375628749047
v 0.024437146393856413 0.02149635989248222 0.294793165857392
v -0.009984709260258962 0.021500001021195203 0.2931757951751023
v -0.010115274909771044 0.021498198576651584 0.2940387712903102
v -0.009132729010441487 0.021499983855056692 0.2944393145222256
v 0.014342205728825608 0.021500001021195203 0.29672071721847704
v 0.014729462369533763 0.021499884672923075 0.29748158151242865
v 0.015774120126366697 0.021499997206497756 0.2972955158297629
v 0.009230324229920761 0.021500001021195203 0.29718208198648444
v 0.0067104929296626925 0.021499919005200097 0.2980137775826285
v 0.0112618098839673 0.021499997206497756 0.29787495311314405
v -0.02305096163563336 0.021499610014706905 0.2848374463903801
v -0.021916962710921695 0.021500001021195203 0.28476267832042257
v -0.022429869763481713 0.021500001021195203 0.2842380506099572
v 0.050197130680134094 -0.021500001021195203 0.25549241325828465
v 0.05019931268707367 -0.021500001021195203 0.2547587401277339
v 0.05101770643322068 -0.02149938304020882 0.25396575608128014
v 0.05018219232493237 -0.021500001021195203 0.2562259338009375
v 0.050197130680134094 -0.021500001021195203 0.25549241325828465
v 0.05095175794376017 -0.02149999339180031 0.25717960816264085
v 0.05019931268707367 -0.021500001021195203 0.2547587401277339
v 0.05018874216044855 -0.021500001021195203 0.25402512803234234
v 0.05101770643322068 -0.02149938304020882 0.25396575608128014
v 0.050197130680134094 -0.021500001021195203 0.25549241325828465
v 0.05101770643322068 -0.02149938304020882 0.25396575608128014
v 0.05095175794376017 -0.02149999339180031 0.25717960816264085
v 0.0501545052508634 -0.021500001021195203 0.25695908813263546
v 0.05018219232493237 -0.021500001021195203 0.2562259338009375
v 0.05095175794376017 -0.02149999339180031 0.25717960816264085
v 0.05016541528556129 -0.021500001021195203 0.2532918211127465
v 0.05012934732120167 -0.021500001021195203 0.25255903299200344
v 0.05092020276648013 -0.021499821730415203 0.25195211462821543
v 0.05018874216044855 -0.021500001021195203 0.25402512803234234
v 0.05016541528556129 -0.021500001021195203 0.2532918211127465
v 0.05101770643322068 -0.02149938304020882 0.25396575608128014
v 0.050114073272624626 -0.021500001021195203 0.2576916626303215
v 0.0501545052508634 -0.021500001021195203 0.25695908813263546
v 0.05095175794376017 -0.02149999339180031 0.25717960816264085
v 0.04975833747691949 -0.021500001021195203 0.2489105495423426
v 0.04964615866910105 -0.021500001021195203 0.24818549762802167
v 0.050436884414666316 -0.021499997206497756 0.2479958461297559
v 0.049857893450886426 -0.021500001021195203 0.24963744777022778
v 0.04975833747691949 -0.021500001021195203 0.2489105495423426
v 0.050436884414666316 -0.021499997206497756 0.2479958461297559
v 0.05016541528556129 -0.021500001021195203 0.2532918211127465
v 0.05092020276648013 -0.021499821730415203 0.25195211462821543
v 0.05101770643322068 -0.02149938304020882 0.25396575608128014
v 0.05006091546370328 -0.021500001021195203 0.25842341315335904
v 0.050114073272624626 -0.021500001021195203 0.2576916626303215
v 0.05095175794376017 -0.02149999339180031 0.25717960816264085
v 0.04999503945349426 -0.021500001021195203 0.25915412607869104
v 0.05006091546370328 -0.021500001021195203 0.25842341315335904
v 0.05056748439645542 -0.021500001021195203 0.26134574605583427
v 0.04991647575957714 -0.021500001021195203 0.2598835877832605
v 0.04999503945349426 -0.021500001021195203 0.25915412607869104
v 0.05056748439645542 -0.021500001021195203 0.26134574605583427
v 0.049825235826044256 -0.021500001021195203 0.26061158464401035
v 0.04991647575957714 -0.021500001021195203 0.2598835877832605
v 0.05056748439645542 -0.021500001021195203 0.26134574605583427
v 0.04994479607342228 -0.021500001021195203 0.2503659634298304
v 0.049857893450886426 -0.021500001021195203 0.24963744777022778
v 0.050436884414666316 -0.021499997206497756 0.2479958461297559
v 0.05001901864164493 -0.021500001021195203 0.2510958828980935
v 0.04994479607342228 -0.021500001021195203 0.2503659634298304
v 0.05092020276648013 -0.021499821730415203 0.25195211462821543
v 0.05008054208206714 -0.021500001021195203 0.25182697729317016
v 0.05001901864164493 -0.021500001021195203 0.2510958828980935
v 0.05092020276648013 -0.021499821730415203 0.25195211462821543
v 0.05012934732120167 -0.021500001021195203 0.25255903299200344
v 0.05008054208206714 -0.021500001021195203 0.25182697729317016
v 0.05092020276648013 -0.021499821730415203 0.25195211462821543
v 0.04960486838393674 -0.021500001021195203 0.26206223778908455
v 0.04972135779987008 -0.021500001021195203 0.26133787252030405
v 0.05056748439645542 -0.021500001021195203 0.26134574605583427
v 0.049475801910521255 -0.021500001021195203 0.2627844973448744
v 0.04960486838393674 -0.021500001021195203 0.26206223778908455
v 0.05056748439645542 -0.021500001021195203 0.26134574605583427
v 0.04871019594764325 -0.021500001021195203 0.2438860589472468
v 0.048510824600283 -0.021500001021195203 0.24317997370863143
v 0.04902832264122026 -0.021499991484451586 0.2420931511472445
v 0.04889726108104009 -0.021500001021195203 0.24459548586082558
v 0.04871019594764325 -0.021500001021195203 0.2438860589472468
v 0.04983940361236172 -0.02149999339180031 0.24502364750225591
v 0.04907196659470925 -0.021500001021195203 0.24530805608510053
v 0.04889726108104009 -0.021500001021195203 0.24459548586082558
v 0.04983940361236172 -0.02149999339180031 0.24502364750225591
v 0.04923425526818903 -0.021500001021195203 0.24602357125580443
v 0.04907196659470925 -0.021500001021195203 0.24530805608510053
v 0.04983940361236172 -0.02149999339180031 0.24502364750225591
v 0.050436884414666316 -0.021499997206497756 0.2479958461297559
v 0.05092020276648013 -0.021499821730415203 0.25195211462821543
v 0.04994479607342228 -0.021500001021195203 0.2503659634298304
v 0.04933420034129554 -0.021500001021195203 0.26350437652945746
v 0.049475801910521255 -0.021500001021195203 0.2627844973448744
v 0.05056748439645542 -0.021500001021195203 0.26134574605583427
v 0.04938407751041263 -0.021500001021195203 0.24674178723230067
v 0.04923425526818903 -0.021500001021195203 0.24602357125580443
v 0.04983940361236172 -0.02149999339180031 0.24502364750225591
v 0.04952139517440557 -0.021500001021195203 0.24746250565032202
v 0.04938407751041263 -0.021500001021195203 0.24674178723230067
v 0.050436884414666316 -0.021499997206497756 0.2479958461297559
v 0.04964615866910105 -0.021500001021195203 0.24818549762802167
v 0.04952139517440557 -0.021500001021195203 0.24746250565032202
v 0.050436884414666316 -0.021499997206497756 0.2479958461297559
v 0.05095175794376017 -0.02149999339180031 0.25717960816264085
v 0.05056748439645542 -0.021500001021195203 0.26134574605583427
v 0.05006091546370328 -0.021500001021195203 0.25842341315335904
v 0.04972135779987008 -0.021500001021195203 0.26133787252030405
v 0.049825235826044256 -0.021500001021195203 0.26061158464401035
v 0.05056748439645542 -0.021500001021195203 0.26134574605583427
v 0.048834619934265966 -0.021500001021195203 0.2656477482132934
v 0.04901355976210109 -0.021500001021195203 0.2649362003279342
v 0.04954012533886942 -0.021499917097851373 0.2661783268517758
v 0.048643335745492955 -0.021500001021195203 0.26635603071763814
v 0.048834619934265966 -0.021500001021195203 0.2656477482132934
v 0.04954012533886942 -0.021499917097851373 0.2661783268517758
v 0.048439768230941205 -0.021500001021195203 0.2670609257706501
v 0.048643335745492955 -0.021500001021195203 0.26635603071763814
v 0.04954012533886942 -0.021499917097851373 0.2661783268517758
v 0.04822397461107242 -0.021500001021195203 0.26776215871411313
v 0.048439768230941205 -0.021500001021195203 0.2670609257706501
v 0.04954012533886942 -0.021499917097851373 0.2661783268517758
v 0.04276247990586457 -0.021500001021195203 0.27892512311151296
v 0.043173166418291054 -0.021500001021195203 0.27831715189122963
v 0.04373881738509944 -0.021499930449292437 0.2789654368341309
v 0.042341283901972115 -0.021500001021195203 0.27952583114785756
v 0.04276247990586457 -0.021500001021195203 0.27892512311151296
v 0.04373881738509944 -0.021499930449292437 0.2789654368341309
v 0.04146788221864206 -0.021500001021195203 0.2807049083522982
v 0.04190970810632688 -0.021500001021195203 0.28011915392994513
v 0.04078146556006246 -0.02149997050361563 0.2828598156812133
v 0.04101594356802574 -0.021500001021195203 0.28128285027428024
v 0.04146788221864206 -0.021500001021195203 0.2807049083522982
v 0.04078146556006246 -0.02149997050361563 0.2828598156812133
v 0.04552545763719662 -0.021500001021195203 0.23569507955428992
v 0.045184168100722566 -0.021500001021195203 0.23504561968457505
v 0.04537331605892536 -0.021499581404476054 0.2336571613666737
v 0.0458554060781613 -0.021500001021195203 0.23635038354049331
v 0.04552545763719662 -0.021500001021195203 0.23569507955428992
v 0.04537331605892536 -0.021499581404476054 0.2336571613666737
v 0.047331632954918934 -0.021500001021195203 0.2397074393640074
v 0.04705982431774114 -0.021500001021195203 0.23902596655331887
v 0.04784892118749662 -0.021499945708082224 0.23878492345104962
v 0.04759155118015501 -0.021500001021195203 0.24039353558800147
v 0.047331632954918934 -0.021500001021195203 0.2397074393640074
v 0.04784892118749662 -0.021499945708082224 0.23878492345104962
v 0.04783950651419788 -0.021500001021195203 0.24108404160224406
v 0.04759155118015501 -0.021500001021195203 0.24039353558800147
v 0.04784892118749662 -0.021499945708082224 0.23878492345104962
v 0.04807541503370372 -0.021500001021195203 0.24177875904246793
v 0.04783950651419788 -0.021500001021195203 0.24108404160224406
v 0.04902832264122026 -0.021499991484451586 0.2420931511472445
v 0.04829921188881592 -0.021500001021195203 0.24247747428561606
v 0.04807541503370372 -0.021500001021195203 0.24177875904246793
v 0.04902832264122026 -0.021499991484451586 0.2420931511472445
v 0.048510824600283 -0.021500001021195203 0.24317997370863143
v 0.04829921188881592 -0.021500001021195203 0.24247747428561606
v 0.04902832264122026 -0.021499991484451586 0.2420931511472445
v 0.04938407751041263 -0.021500001021195203 0.24674178723230067
v 0.04983940361236172 -0.02149999339180031 0.24502364750225591
v 0.050436884414666316 -0.021499997206497756 0.2479958461297559
v 0.04918010182323407 -0.021500001021195203 0.26422169223735625
v 0.04933420034129554 -0.021500001021195203 0.26350437652945746
v 0.05056748439645542 -0.021500001021195203 0.26134574605583427
v 0.04901355976210109 -0.021500001021195203 0.2649362003279342
v 0.04918010182323407 -0.021500001021195203 0.26422169223735625
v 0.04954012533886942 -0.021499917097851373 0.2661783268517758
v 0.04190970810632688 -0.021500001021195203 0.28011915392994513
v 0.042341283901972115 -0.021500001021195203 0.27952583114785756
v 0.04373881738509944 -0.021499930449292437 0.2789654368341309
v 0.04190970810632688 -0.021500001021195203 0.28011915392994513
v 0.04373881738509944 -0.021499930449292437 0.2789654368341309
v 0.04078146556006246 -0.02149997050361563 0.2828598156812133
v 0.0405540218541911 -0.021500001021195203 0.2818528576255729
v 0.04101594356802574 -0.021500001021195203 0.28128285027428024
v 0.04078146556006246 -0.02149997050361563 0.2828598156812133
v 0.045184168100722566 -0.021500001021195203 0.23504561968457505
v 0.04483163665087275 -0.021500001021195203 0.23440218703682614
v 0.04537331605892536 -0.021499581404476054 0.2336571613666737
v 0.04648087531563316 -0.021500001021195203 0.23767769988771714
v 0.046173910426785536 -0.021500001021195203 0.237011333278918
v 0.04784892118749662 -0.021499945708082224 0.23878492345104962
v 0.0467762130066629 -0.021500001021195203 0.2383493155202031
v 0.04648087531563316 -0.021500001021195203 0.23767769988771714
v 0.04784892118749662 -0.021499945708082224 0.23878492345104962
v 0.04705982431774114 -0.021500001021195203 0.23902596655331887
v 0.0467762130066629 -0.021500001021195203 0.2383493155202031
v 0.04784892118749662 -0.021499945708082224 0.23878492345104962
v 0.04918010182323407 -0.021500001021195203 0.26422169223735625
v 0.05056748439645542 -0.021500001021195203 0.26134574605583427
v 0.04954012533886942 -0.021499917097851373 0.2661783268517758
v 0.045409906636835196 -0.021500001021195203 0.27452790610578137
v 0.04574374988389307 -0.021500001021195203 0.2738745857622503
v 0.04634406500640065 -0.021500001021195203 0.27452088706247924
v 0.045064756626544966 -0.021500001021195203 0.27517533655645454
v 0.045409906636835196 -0.021500001021195203 0.27452790610578137
v 0.04634406500640065 -0.021500001021195203 0.27452088706247924
v 0.04470840666455089 -0.021500001021195203 0.2758166634912128
v 0.045064756626544966 -0.021500001021195203 0.27517533655645454
v 0.04634406500640065 -0.021500001021195203 0.27452088706247924
v 0.04434095593298659 -0.021500001021195203 0.27645170380457873
v 0.04470840666455089 -0.021500001021195203 0.2758166634912128
v 0.04373881738509944 -0.021499930449292437 0.2789654368341309
v 0.04357322136893327 -0.021500001021195203 0.2777021311100646
v 0.043962522687472916 -0.021500001021195203 0.2770802438734953
v 0.04373881738509944 -0.021499930449292437 0.2789654368341309
v 0.043173166418291054 -0.021500001021195203 0.27831715189122963
v 0.04357322136893327 -0.021500001021195203 0.2777021311100646
v 0.04373881738509944 -0.021499930449292437 0.2789654368341309
v 0.03910979265961734 -0.021500001021195203 0.28351353275327884
v 0.03960080525618137 -0.021500001021195203 0.28296836671175984
v 0.04078146556006246 -0.02149997050361563 0.2828598156812133
v 0.038609380648544356 -0.021500001021195203 0.28405006231977825
v 0.03910979265961734 -0.021500001021195203 0.28351353275327884
v 0.03869665329673255 -0.02149980265692797 0.28513334484193453
v 0.03705324730436832 -0.021500001021195203 0.2856063673253394
v 0.03758095347567325 -0.021500001021195203 0.2850966321937064
v 0.03623868732915536 -0.021499905653759033 0.2874640029116192
v 0.036516759699540824 -0.021500001021195203 0.28610682511278174
v 0.03705324730436832 -0.021500001021195203 0.2856063673253394
v 0.03623868732915536 -0.021499905653759033 0.2874640029116192
v 0.035418092502581544 -0.021500001021195203 0.2870794203738213
v 0.03597165469318098 -0.021500001021195203 0.2865979140032947
v 0.03623868732915536 -0.021499905653759033 0.2874640029116192
v 0.03485624478912763 -0.021500001021195203 0.28755125267162274
v 0.035418092502581544 -0.021500001021195203 0.2870794203738213
v 0.03623868732915536 -0.021499905653759033 0.2874640029116192
v 0.0342862793995069 -0.021500001021195203 0.2880132277912216
v 0.03485624478912763 -0.021500001021195203 0.28755125267162274
v 0.03623868732915536 -0.021499905653759033 0.2874640029116192
v 0.03370836799510446 -0.021500001021195203 0.28846522366229965
v 0.0342862793995069 -0.021500001021195203 0.2880132277912216
v 0.03623868732915536 -0.021499905653759033 0.2874640029116192
v 0.04483163665087275 -0.021500001021195203 0.23440218703682614
v 0.04446797391387314 -0.021500001021195203 0.23376496471652064
v 0.04537331605892536 -0.021499581404476054 0.2336571613666737
v 0.046173910426785536 -0.021500001021195203 0.237011333278918
v 0.0458554060781613 -0.021500001021195203 0.23635038354049331
v 0.04784892118749662 -0.021499945708082224 0.23878492345104962
v 0.0477559837135999 -0.021500001021195203 0.26915281429774385
v 0.047996023550440636 -0.021500001021195203 0.2684595159249702
v 0.04827909698917887 -0.021499772139348394 0.27012101502732466
v 0.04750392757980171 -0.021500001021195203 0.26984184020937707
v 0.0477559837135999 -0.021500001021195203 0.26915281429774385
v 0.04827909698917887 -0.021499772139348394 0.27012101502732466
v 0.04723992762829754 -0.021500001021195203 0.27052638003681284
v 0.04750392757980171 -0.021500001021195203 0.26984184020937707
v 0.04827909698917887 -0.021499772139348394 0.27012101502732466
v 0.046964071597128676 -0.021500001021195203 0.27120622015699414
v 0.04723992762829754 -0.021500001021195203 0.27052638003681284
v 0.04827909698917887 -0.021499772139348394 0.27012101502732466
v 0.046066183370887526 -0.021500001021195203 0.27321555863133884
v 0.046377107915684945 -0.021500001021195203 0.27255100781852437
v 0.04634406500640065 -0.021500001021195203 0.27452088706247924
v 0.04574374988389307 -0.021500001021195203 0.2738745857622503
v 0.046066183370887526 -0.021500001021195203 0.27321555863133884
v 0.04634406500640065 -0.021500001021195203 0.27452088706247924
v 0.04470840666455089 -0.021500001021195203 0.2758166634912128
v 0.04634406500640065 -0.021500001021195203 0.27452088706247924
v 0.04373881738509944 -0.021499930449292437 0.2789654368341309
v 0.043962522687472916 -0.021500001021195203 0.2770802438734953
v 0.04434095593298659 -0.021500001021195203 0.27645170380457873
v 0.04373881738509944 -0.021499930449292437 0.2789654368341309
v 0.040082262035641136 -0.021500001021195203 0.2824147778182783
v 0.0405540218541911 -0.021500001021195203 0.2818528576255729
v 0.04078146556006246 -0.02149997050361563 0.2828598156812133
v 0.03960080525618137 -0.021500001021195203 0.28296836671175984
v 0.040082262035641136 -0.021500001021195203 0.2824147778182783
v 0.04078146556006246 -0.02149997050361563 0.2828598156812133
v 0.03910979265961734 -0.021500001021195203 0.28351353275327884
v 0.04078146556006246 -0.02149997050361563 0.2828598156812133
v 0.03869665329673255 -0.02149980265692797 0.28513334484193453
v 0.03597165469318098 -0.021500001021195203 0.2865979140032947
v 0.036516759699540824 -0.021500001021195203 0.28610682511278174
v 0.03623868732915536 -0.021499905653759033 0.2874640029116192
v 0.0458554060781613 -0.021500001021195203 0.23635038354049331
v 0.04537331605892536 -0.021499581404476054 0.2336571613666737
v 0.04784892118749662 -0.021499945708082224 0.23878492345104962
v 0.047996023550440636 -0.021500001021195203 0.2684595159249702
v 0.04822397461107242 -0.021500001021195203 0.26776215871411313
v 0.04954012533886942 -0.021499917097851373 0.2661783268517758
v 0.04667643578024405 -0.021500001021195203 0.2718811774644435
v 0.046964071597128676 -0.021500001021195203 0.27120622015699414
v 0.04634406500640065 -0.021500001021195203 0.27452088706247924
v 0.046377107915684945 -0.021500001021195203 0.27255100781852437
v 0.04667643578024405 -0.021500001021195203 0.2718811774644435
v 0.04634406500640065 -0.021500001021195203 0.27452088706247924
v 0.038099714181465405 -0.021500001021195203 0.2845778333409398
v 0.038609380648544356 -0.021500001021195203 0.28405006231977825
v 0.03869665329673255 -0.02149980265692797 0.28513334484193453
v 0.03758095347567325 -0.021500001021195203 0.2850966321937064
v 0.038099714181465405 -0.021500001021195203 0.2845778333409398
v 0.03869665329673255 -0.02149980265692797 0.28513334484193453
v 0.03623868732915536 -0.021499905653759033 0.2874640029116192
v 0.03173053129227554 -0.021500012465287544 0.2908932633284066
v 0.03370836799510446 -0.021500001021195203 0.28846522366229965
v 0.03252940904628465 -0.021500001021195203 0.28933872834246077
v 0.03312268605200286 -0.021500001021195203 0.2889071182145385
v 0.03173053129227554 -0.021500012465287544 0.2908932633284066
v 0.03192871817607856 -0.021500001021195203 0.28975999301090727
v 0.03252940904628465 -0.021500001021195203 0.28933872834246077
v 0.03173053129227554 -0.021500012465287544 0.2908932633284066
v 0.030083985803912583 -0.021500001021195203 0.29096024941557264
v 0.03070582154206636 -0.021500001021195203 0.2905708756177815
v 0.03173053129227554 -0.021500012465287544 0.2908932633284066
v 0.029455474345226884 -0.021500001021195203 0.2913387284374557
v 0.030083985803912583 -0.021500001021195203 0.29096024941557264
v 0.03173053129227554 -0.021500012465287544 0.2908932633284066
v 0.028820477900881603 -0.021500001021195203 0.29170625164827146
v 0.029455474345226884 -0.021500001021195203 0.2913387284374557
v 0.03173053129227554 -0.021500012465287544 0.2908932633284066
v 0.028179189113097802 -0.021500001021195203 0.29206266646012213
v 0.028820477900881603 -0.021500001021195203 0.29170625164827146
v 0.027689360980091005 -0.02149997050361563 0.29322108326319085
v -0.002400267715019777 -0.021500001021195203 0.2958983600016828
v -0.0016876726952114174 -0.021500001021195203 0.2960729815920081
v -0.0010918517631333668 -0.02149996096687201 0.2970465228980145
v -0.003109719185713372 -0.021500001021195203 0.2957113787916298
v -0.002400267715019777 -0.021500001021195203 0.2958983600016828
v -0.0010918517631333668 -0.02149996096687201 0.2970465228980145
v -0.005911815447269542 -0.021500001021195203 0.2948409563870057
v -0.005217072257837907 -0.021500001021195203 0.2950767962419575
v -0.004677046521128492 -0.02149970347479435 0.2961129901388303
v -0.0066023534096032455 -0.021500001021195203 0.29459309260570155
v -0.005911815447269542 -0.021500001021195203 0.2948409563870057
v -0.004677046521128492 -0.02149970347479435 0.2961129901388303
v -0.019219983060116963 -0.021500001021195203 0.2872476943075951
v -0.01865523999130092 -0.021500001021195203 0.2877160476013251
v -0.019079363775483804 -0.021499995299149033 0.28843205105330216
v -0.019776499733888953 -0.021500001021195203 0.2867696059059809
v -0.019219983060116963 -0.021500001021195203 0.2872476943075951
v -0.019079363775483804 -0.021499995299149033 0.28843205105330216
v -0.020324620258580506 -0.021500001021195203 0.2862819044668007
v -0.019776499733888953 -0.021500001021195203 0.2867696059059809
v -0.019079363775483804 -0.021499995299149033 0.28843205105330216
v -0.020864178694852686 -0.021500001021195203 0.2857847425779524
v -0.020324620258580506 -0.021500001021195203 0.2862819044668007
v -0.021453768795488548 -0.02149918276859286 0.28637196184412506
v -0.021395012918064005 -0.021500001021195203 0.28527827282733387
v -0.020864178694852686 -0.021500001021195203 0.2857847425779524
v -0.021453768795488548 -0.02149918276859286 0.28637196184412506
v -0.021916962710921695 -0.021500001021195203 0.28476267832042257
v -0.021395012918064005 -0.021500001021195203 0.28527827282733387
v -0.021453768795488548 -0.02149918276859286 0.28637196184412506
v 0.04364246194229038 -0.021500035353472224 0.23093000364436722
v 0.04348384300775443 -0.021500001021195203 0.23213709598685728
v 0.04333033958249466 -0.021500001021195203 0.23185555605649266
v 0.04446797391387314 -0.021500001021195203 0.23376496471652064
v 0.04409329051594968 -0.021500001021195203 0.23313418160550536
v 0.04537331605892536 -0.021499581404476054 0.2336571613666737
v 0.04784892118749662 -0.021499945708082224 0.23878492345104962
v 0.04902832264122026 -0.021499991484451586 0.2420931511472445
v 0.04783950651419788 -0.021500001021195203 0.24108404160224406
v 0.046964071597128676 -0.021500001021195203 0.27120622015699414
v 0.04827909698917887 -0.021499772139348394 0.27012101502732466
v 0.04634406500640065 -0.021500001021195203 0.27452088706247924
v 0.03312268605200286 -0.021500001021195203 0.2889071182145385
v 0.03370836799510446 -0.021500001021195203 0.28846522366229965
v 0.03173053129227554 -0.021500012465287544 0.2908932633284066
v 0.027531800624096547 -0.021500001021195203 0.29240788132026896
v 0.028179189113097802 -0.021500001021195203 0.29206266646012213
v 0.027689360980091005 -0.02149997050361563 0.29322108326319085
v 0.026878506983447625 -0.021500001021195203 0.2927418046759732
v 0.027531800624096547 -0.021500001021195203 0.29240788132026896
v 0.027689360980091005 -0.02149997050361563 0.29322108326319085
v 0.025555001518973164 -0.021500001021195203 0.29337528859278084
v 0.026219508462766994 -0.021500001021195203 0.29306428393933703
v 0.027689360980091005 -0.02149997050361563 0.29322108326319085
v 0.024885188331030816 -0.021500001021195203 0.2936746965659863
v 0.025555001518973164 -0.021500001021195203 0.29337528859278084
v 0.02474246524075574 -0.021499907561107756 0.29462324397432116
v 0.015788792406421504 -0.021500001021195203 0.2964749896677431
v 0.01650866396160966 -0.021500001021195203 0.29633332706335824
v 0.016454207248207675 -0.021499085493807968 0.2971909931197202
v 0.015066567182908663 -0.021500001021195203 0.2966041400645024
v 0.015788792406421504 -0.021500001021195203 0.2964749896677431
v 0.016454207248207675 -0.021499085493807968 0.2971909931197202
v 0.005563406254848191 -0.021500001021195203 0.29712962226719586
v 0.006296202958660513 -0.021500001021195203 0.2971656024935142
v 0.006373897378396942 -0.021499896117015416 0.29799357494495016
v 0.0048313453108059234 -0.021500001021195203 0.29708088569261537
v 0.005563406254848191 -0.021500001021195203 0.29712962226719586
v 0.006373897378396942 -0.021499896117015416 0.29799357494495016
v -0.0016876726952114174 -0.021500001021195203 0.2960729815920081
v -0.0009721493586707999 -0.021500001021195203 0.2962352130450262
v -0.0010918517631333668 -0.02149996096687201 0.2970465228980145
v -0.005217072257837907 -0.021500001021195203 0.2950767962419575
v -0.004518334603342278 -0.021500001021195203 0.2953005206178182
v -0.004677046521128492 -0.02149970347479435 0.2961129901388303
v -0.007969980141584732 -0.021500001021195203 0.2940615068870932
v -0.007288477290153805 -0.021500001021195203 0.2943332354156246
v -0.00886067241792965 -0.021497716017424562 0.29461082331943433
v -0.008646655493396715 -0.021500001021195203 0.29377796805526646
v -0.007969980141584732 -0.021500001021195203 0.2940615068870932
v -0.010065665723149597 -0.021499989577102863 0.29404395927883786
v -0.014486295434461005 -0.021500001021195203 0.29071003578064125
v -0.013862073603054248 -0.021500001021195203 0.291095564363406
v -0.013946357435792867 -0.02149933344914201 0.2920178361357272
v -0.015103721382366264 -0.021500001021195203 0.2903137344922867
v -0.014486295434461005 -0.021500001021195203 0.29071003578064125
v -0.013946357435792867 -0.02149933344914201 0.2920178361357272
v -0.022429869763481713 -0.021500001021195203 0.2842380506099572
v -0.021916962710921695 -0.021500001021195203 0.28476267832042257
v -0.023031716487014187 -0.02149909312320286 0.28481657236595115
v 0.04364246194229038 -0.021500035353472224 0.23093000364436722
v 0.043618665859617156 -0.021500001021195203 0.23236587102213757
v 0.04348384300775443 -0.021500001021195203 0.23213709598685728
v 0.04902832264122026 -0.021499991484451586 0.2420931511472445
v 0.04983940361236172 -0.02149999339180031 0.24502364750225591
v 0.04871019594764325 -0.021500001021195203 0.2438860589472468
v 0.03869665329673255 -0.02149980265692797 0.28513334484193453
v 0.03623868732915536 -0.021499905653759033 0.2874640029116192
v 0.03758095347567325 -0.021500001021195203 0.2850966321937064
v 0.031320794639513316 -0.021500001021195203 0.29017075963198014
v 0.03192871817607856 -0.021500001021195203 0.28975999301090727
v 0.03173053129227554 -0.021500012465287544 0.2908932633284066
v 0.03070582154206636 -0.021500001021195203 0.2905708756177815
v 0.031320794639513316 -0.021500001021195203 0.29017075963198014
v 0.03173053129227554 -0.021500012465287544 0.2908932633284066
v 0.026219508462766994 -0.021500001021195203 0.29306428393933703
v 0.026878506983447625 -0.021500001021195203 0.2927418046759732
v 0.027689360980091005 -0.02149997050361563 0.29322108326319085
v 0.02353045575325674 -0.021500001021195203 0.2942383257431479
v 0.024210272985253356 -0.021500001021195203 0.2939623857886352
v 0.02474246524075574 -0.021499907561107756 0.29462324397432116
v 0.022845946443400544 -0.021500001021195203 0.2945023943592061
v 0.02353045575325674 -0.021500001021195203 0.2942383257431479
v 0.02062009527871833 -0.02149990374641031 0.29615016055075205
v 0.02006511783536613 -0.021500001021195203 0.2954385211126541
v 0.02076632407594703 -0.021500001021195203 0.29522267027232363
v 0.02062009527871833 -0.02149990374641031 0.29615016055075205
v 0.019360266651374802 -0.021500001021195203 0.2956421649211548
v 0.02006511783536613 -0.021500001021195203 0.2954385211126541
v 0.02062009527871833 -0.02149990374641031 0.29615016055075205
v 0.01722596250336994 -0.021500001021195203 0.29617915225134783
v 0.017940474408645324 -0.021500001021195203 0.296012526266871
v 0.02062009527871833 -0.02149990374641031 0.29615016055075205
v 0.01650866396160966 -0.021500001021195203 0.29633332706335824
v 0.01722596250336994 -0.021500001021195203 0.29617915225134783
v 0.016454207248207675 -0.021499085493807968 0.2971909931197202
v 0.014342205728825608 -0.021500001021195203 0.29672071721847704
v 0.015066567182908663 -0.021500001021195203 0.2966041400645024
v 0.012873203889032236 -0.021499934263989884 0.2977433002748596
v 0.006296202958660513 -0.021500001021195203 0.2971656024935142
v 0.007029515123465335 -0.021500001021195203 0.29718885688915
v 0.006373897378396942 -0.021499896117015416 0.29799357494495016
v 0.003370318811280887 -0.021500001021195203 0.29694529608656584
v 0.004100242809497168 -0.021500001021195203 0.2970194232873523
v 0.006373897378396942 -0.021499896117015416 0.29799357494495016
v 0.0026417940917718152 -0.021500001021195203 0.29685847357267636
v 0.003370318811280887 -0.021500001021195203 0.29694529608656584
v 0.0019122557356255482 -0.021499997206497756 0.2975758503157343
v 0.0019148890689568016 -0.021500001021195203 0.29675898626326347
v 0.0026417940917718152 -0.021500001021195203 0.29685847357267636
v 0.0019122557356255482 -0.021499997206497756 0.2975758503157343
v 0.001189823326357628 -0.021500001021195203 0.2966468951934863
v 0.0019148890689568016 -0.021500001021195203 0.29675898626326347
v 0.0019122557356255482 -0.021499997206497756 0.2975758503157343
v -0.0010918517631333668 -0.02149996096687201 0.2970465228980145
v -0.004677046521128492 -0.02149970347479435 0.2961129901388303
v -0.003109719185713372 -0.021500001021195203 0.2957113787916298
v -0.0038158125305608193 -0.021500001021195203 0.2955120684794287
v -0.003109719185713372 -0.021500001021195203 0.2957113787916298
v -0.004677046521128492 -0.02149970347479435 0.2961129901388303
v -0.004518334603342278 -0.021500001021195203 0.2953005206178182
v -0.0038158125305608193 -0.021500001021195203 0.2955120684794287
v -0.004677046521128492 -0.02149970347479435 0.2961129901388303
v -0.004677046521128492 -0.02149970347479435 0.2961129901388303
v -0.00886067241792965 -0.021497716017424562 0.29461082331943433
v -0.0066023534096032455 -0.021500001021195203 0.29459309260570155
v -0.007288477290153805 -0.021500001021195203 0.2943332354156246
v -0.0066023534096032455 -0.021500001021195203 0.29459309260570155
v -0.00886067241792965 -0.021497716017424562 0.29461082331943433
v -0.009318299736113533 -0.021500001021195203 0.2934826799553035
v -0.008646655493396715 -0.021500001021195203 0.29377796805526646
v -0.010065665723149597 -0.021499989577102863 0.29404395927883786
v -0.009984709260258962 -0.021500001021195203 0.2931757951751023
v -0.009318299736113533 -0.021500001021195203 0.2934826799553035
v -0.010065665723149597 -0.021499989577102863 0.29404395927883786
v -0.015714162619246408 -0.021500001021195203 0.2899067215335015
v -0.015103721382366264 -0.021500001021195203 0.2903137344922867
v -0.016126232913171723 -0.021499947615430948 0.29060578772881474
v -0.01631743699329835 -0.021500001021195203 0.2894891800097631
v -0.015714162619246408 -0.021500001021195203 0.2899067215335015
v -0.016126232913171723 -0.021499947615430948 0.29060578772881474
v -0.016913361399044646 -0.021500001021195203 0.2890612014738102
v -0.01631743699329835 -0.021500001021195203 0.2894891800097631
v -0.016126232913171723 -0.021499947615430948 0.29060578772881474
v -0.021916962710921695 -0.021500001021195203 0.28476267832042257
v -0.021453768795488548 -0.02149918276859286 0.28637196184412506
v -0.023031716487014187 -0.02149909312320286 0.28481657236595115
v 0.04954012533886942 -0.021499917097851373 0.2661783268517758
v 0.04827909698917887 -0.021499772139348394 0.27012101502732466
v 0.047996023550440636 -0.021500001021195203 0.2684595159249702
v 0.03173053129227554 -0.021500012465287544 0.2908932633284066
v 0.027689360980091005 -0.02149997050361563 0.29322108326319085
v 0.028820477900881603 -0.021500001021195203 0.29170625164827146
v 0.024210272985253356 -0.021500001021195203 0.2939623857886352
v 0.024885188331030816 -0.021500001021195203 0.2936746965659863
v 0.02474246524075574 -0.021499907561107756 0.29462324397432116
v 0.02353045575325674 -0.021500001021195203 0.2942383257431479
v 0.02474246524075574 -0.021499907561107756 0.29462324397432116
v 0.02062009527871833 -0.02149990374641031 0.29615016055075205
v 0.02215694723464945 -0.021500001021195203 0.2947545306016507
v 0.022845946443400544 -0.021500001021195203 0.2945023943592061
v 0.02062009527871833 -0.02149990374641031 0.29615016055075205
v 0.021463671750060476 -0.021500001021195203 0.2949946429177429
v 0.02215694723464945 -0.021500001021195203 0.2947545306016507
v 0.02062009527871833 -0.02149990374641031 0.29615016055075205
v 0.02076632407594703 -0.021500001021195203 0.29522267027232363
v 0.021463671750060476 -0.021500001021195203 0.2949946429177429
v 0.02062009527871833 -0.02149990374641031 0.29615016055075205
v 0.01865198033233262 -0.021500001021195203 0.29583351014508696
v 0.019360266651374802 -0.021500001021195203 0.2956421649211548
v 0.02062009527871833 -0.02149990374641031 0.29615016055075205
v 0.017940474408645324 -0.021500001021195203 0.296012526266871
v 0.01865198033233262 -0.021500001021195203 0.29583351014508696
v 0.02062009527871833 -0.02149990374641031 0.29615016055075205
v 0.015066567182908663 -0.021500001021195203 0.2966041400645024
v 0.016454207248207675 -0.021499085493807968 0.2971909931197202
v 0.012873203889032236 -0.021499934263989884 0.2977433002748596
v 0.007029515123465335 -0.021500001021195203 0.29718885688915
v 0.0077631205431363814 -0.021500001021195203 0.2971993549365236
v 0.006373897378396942 -0.021499896117015416 0.29799357494495016
v 0.004100242809497168 -0.021500001021195203 0.2970194232873523
v 0.0048313453108059234 -0.021500001021195203 0.29708088569261537
v 0.006373897378396942 -0.021499896117015416 0.29799357494495016
v 0.0004668161494728387 -0.021500001021195203 0.29652220036334487
v 0.001189823326357628 -0.021500001021195203 0.2966468951934863
v 0.0019122557356255482 -0.021499997206497756 0.2975758503157343
v -0.0002539140404664124 -0.021500001021195203 0.2963849628079983
v 0.0004668161494728387 -0.021500001021195203 0.29652220036334487
v -0.0010918517631333668 -0.02149996096687201 0.2970465228980145
v -0.0009721493586707999 -0.021500001021195203 0.2962352130450262
v -0.0002539140404664124 -0.021500001021195203 0.2963849628079983
v -0.0010918517631333668 -0.02149996096687201 0.2970465228980145
v -0.013231242808320887 -0.021500001021195203 0.29147019817026265
v -0.012593994738807623 -0.021500001021195203 0.29183378461331333
v -0.013946357435792867 -0.02149933344914201 0.2920178361357272
v -0.013862073603054248 -0.021500001021195203 0.291095564363406
v -0.013231242808320887 -0.021500001021195203 0.29147019817026265
v -0.013946357435792867 -0.02149933344914201 0.2920178361357272
v -0.013946357435792867 -0.02149933344914201 0.2920178361357272
v -0.016126232913171723 -0.021499947615430948 0.29060578772881474
v -0.015103721382366264 -0.021500001021195203 0.2903137344922867
v -0.01750175368468221 -0.021500001021195203 0.2886229385135407
v -0.016913361399044646 -0.021500001021195203 0.2890612014738102
v -0.019079363775483804 -0.021499995299149033 0.28843205105330216
v -0.018082438374128484 -0.021500001021195203 0.2881745131992729
v -0.01750175368468221 -0.021500001021195203 0.2886229385135407
v -0.019079363775483804 -0.021499995299149033 0.28843205105330216
v -0.01865523999130092 -0.021500001021195203 0.2877160476013251
v -0.018082438374128484 -0.021500001021195203 0.2881745131992729
v -0.019079363775483804 -0.021499995299149033 0.28843205105330216
v -0.019079363775483804 -0.021499995299149033 0.28843205105330216
v -0.021453768795488548 -0.02149918276859286 0.28637196184412506
v -0.020324620258580506 -0.021500001021195203 0.2862819044668007
v 0.027689360980091005 -0.02149997050361563 0.29322108326319085
v 0.02474246524075574 -0.021499907561107756 0.29462324397432116
v 0.025555001518973164 -0.021500001021195203 0.29337528859278084
v 0.013615927389275528 -0.021500001021195203 0.2968246600945078
v 0.014342205728825608 -0.021500001021195203 0.29672071721847704
v 0.012873203889032236 -0.021499934263989884 0.2977433002748596
v 0.012887951509361617 -0.021500001021195203 0.29691596869259473
v 0.013615927389275528 -0.021500001021195203 0.2968246600945078
v 0.012873203889032236 -0.021499934263989884 0.2977433002748596
v 0.012158497434187066 -0.021500001021195203 0.29699461249515824
v 0.012887951509361617 -0.021500001021195203 0.29691596869259473
v 0.012873203889032236 -0.021499934263989884 0.2977433002748596
v 0.01142778736987815 -0.021500001021195203 0.29706056098461875
v 0.012158497434187066 -0.021500001021195203 0.29699461249515824
v 0.012873203889032236 -0.021499934263989884 0.2977433002748596
v 0.009963479515293083 -0.021500001021195203 0.29715431098907163
v 0.010696040661538064 -0.021500001021195203 0.29711381416097626
v 0.010937710327862948 -0.021498580046396265 0.29794737132947435
v 0.009230324229920761 -0.021500001021195203 0.29718208198648444
v 0.009963479515293083 -0.021500001021195203 0.29715431098907163
v 0.010937710327862948 -0.021498580046396265 0.29794737132947435
v 0.008496797965221736 -0.021500001021195203 0.2971970966356351
v 0.009230324229920761 -0.021500001021195203 0.29718208198648444
v 0.010937710327862948 -0.021498580046396265 0.29794737132947435
v 0.0077631205431363814 -0.021500001021195203 0.2971993549365236
v 0.008496797965221736 -0.021500001021195203 0.2971970966356351
v 0.006373897378396942 -0.021499896117015416 0.29799357494495016
v -0.00886067241792965 -0.021497716017424562 0.29461082331943433
v -0.010065665723149597 -0.021499989577102863 0.29404395927883786
v -0.007969980141584732 -0.021500001021195203 0.2940615068870932
v -0.010645681886868319 -0.021500001021195203 0.2928573442322423
v -0.009984709260258962 -0.021500001021195203 0.2931757951751023
v -0.010065665723149597 -0.021499989577102863 0.29404395927883786
v -0.011301019251674371 -0.021500001021195203 0.29252747971462145
v -0.010645681886868319 -0.021500001021195203 0.2928573442322423
v -0.010065665723149597 -0.021499989577102863 0.29404395927883786
v -0.011950522036735522 -0.021500001021195203 0.2921862626573989
v -0.011301019251674371 -0.021500001021195203 0.29252747971462145
v -0.013946357435792867 -0.02149933344914201 0.2920178361357272
v -0.012593994738807623 -0.021500001021195203 0.29183378461331333
v -0.011950522036735522 -0.021500001021195203 0.2921862626573989
v -0.013946357435792867 -0.02149933344914201 0.2920178361357272
v -0.016126232913171723 -0.021499947615430948 0.29060578772881474
v -0.019079363775483804 -0.021499995299149033 0.28843205105330216
v -0.016913361399044646 -0.021500001021195203 0.2890612014738102
v 0.04333033958249466 -0.021500001021195203 0.23185555605649266
v 0.04310074820196075 -0.021498993941069244 0.23139759399860782
v 0.04364246194229038 -0.021500035353472224 0.23093000364436722
v 0.010696040661538064 -0.021500001021195203 0.29711381416097626
v 0.01142778736987815 -0.021500001021195203 0.29706056098461875
v 0.012873203889032236 -0.021499934263989884 0.2977433002748596
v 0.008496797965221736 -0.021500001021195203 0.2971970966356351
v 0.010937710327862948 -0.021498580046396265 0.29794737132947435
v 0.006373897378396942 -0.021499896117015416 0.29799357494495016
v 0.006373897378396942 -0.021499896117015416 0.29799357494495016
v 0.0019122557356255482 -0.021499997206497756 0.2975758503157343
v 0.003370318811280887 -0.021500001021195203 0.29694529608656584
v 0.0019122557356255482 -0.021499997206497756 0.2975758503157343
v -0.0010918517631333668 -0.02149996096687201 0.2970465228980145
v 0.0004668161494728387 -0.021500001021195203 0.29652220036334487
v -0.011301019251674371 -0.021500001021195203 0.29252747971462145
v -0.010065665723149597 -0.021499989577102863 0.29404395927883786
v -0.013946357435792867 -0.02149933344914201 0.2920178361357272
v 0.02062009527871833 -0.02149990374641031 0.29615016055075205
v 0.016454207248207675 -0.021499085493807968 0.2971909931197202
v 0.01722596250336994 -0.021500001021195203 0.29617915225134783
v 0.04409329051594968 -0.021500001021195203 0.23313418160550536
v 0.043618665859617156 -0.021500001021195203 0.23236587102213757
v 0.04537331605892536 -0.021499581404476054 0.2336571613666737
v 0.012873203889032236 -0.021499934263989884 0.2977433002748596
v 0.010937710327862948 -0.021498580046396265 0.29794737132947435
v 0.010696040661538064 -0.021500001021195203 0.29711381416097626
v 0.043618665859617156 -0.021500001021195203 0.23236587102213757
v 0.04364246194229038 -0.021500035353472224 0.23093000364436722
v 0.04537331605892536 -0.021499581404476054 0.2336571613666737
v -0.021916962710921695 -0.021500001021195203 0.28476267832042257
v -0.022429869763481713 -0.021500001021195203 0.2842380506099572
v -0.022429869763481713 0.021500001021195203 0.2842380506099572
v -0.021395012918064005 -0.021500001021195203 0.28527827282733387
v -0.021916962710921695 -0.021500001021195203 0.28476267832042257
v -0.021916962710921695 0.021500001021195203 0.28476267832042257
v -0.020864178694852686 -0.021500001021195203 0.2857847425779524
v -0.021395012918064005 -0.021500001021195203 0.28527827282733387
v -0.021395012918064005 0.021500001021195203 0.28527827282733387
v -0.020324620258580506 -0.021500001021195203 0.2862819044668007
v -0.020864178694852686 -0.021500001021195203 0.2857847425779524
v -0.020864178694852686 0.021500001021195203 0.2857847425779524
v -0.019776499733888953 -0.021500001021195203 0.2867696059059809
v -0.020324620258580506 -0.021500001021195203 0.2862819044668007
v -0.020324620258580506 0.021500001021195203 0.2862819044668007
v -0.019219983060116963 -0.021500001021195203 0.2872476943075951
v -0.019776499733888953 -0.021500001021195203 0.2867696059059809
v -0.019776499733888953 0.021500001021195203 0.2867696059059809
v -0.01865523999130092 -0.021500001021195203 0.2877160476013251
v -0.019219983060116963 -0.021500001021195203 0.2872476943075951
v -0.019219983060116963 0.021500001021195203 0.2872476943075951
v -0.018082438374128484 -0.021500001021195203 0.2881745131992729
v -0.01865523999130092 -0.021500001021195203 0.2877160476013251
v -0.01865523999130092 0.021500001021195203 0.2877160476013251
v -0.01750175368468221 -0.021500001021195203 0.2886229385135407
v -0.018082438374128484 -0.021500001021195203 0.2881745131992729
v -0.018082438374128484 0.021500001021195203 0.2881745131992729
v -0.016913361399044646 -0.021500001021195203 0.2890612014738102
v -0.01750175368468221 -0.021500001021195203 0.2886229385135407
v -0.01750175368468221 0.021500001021195203 0.2886229385135407
v -0.01631743699329835 -0.021500001021195203 0.2894891800097631
v -0.016913361399044646 -0.021500001021195203 0.2890612014738102
v -0.016913361399044646 0.021500001021195203 0.2890612014738102
v -0.015714162619246408 -0.021500001021195203 0.2899067215335015
v -0.01631743699329835 -0.021500001021195203 0.2894891800097631
v -0.01631743699329835 0.021500001021195203 0.2894891800097631
v -0.015103721382366264 -0.021500001021195203 0.2903137344922867
v -0.015714162619246408 -0.021500001021195203 0.2899067215335015
v -0.015714162619246408 0.021500001021195203 0.2899067215335015
v -0.014486295434461005 -0.021500001021195203 0.29071003578064125
v -0.015103721382366264 -0.021500001021195203 0.2903137344922867
v -0.015103721382366264 0.021500001021195203 0.2903137344922867
v -0.013862073603054248 -0.021500001021195203 0.291095564363406
v -0.014486295434461005 -0.021500001021195203 0.29071003578064125
v -0.014486295434461005 0.021500001021195203 0.29071003578064125
v -0.013231242808320887 -0.021500001021195203 0.29147019817026265
v -0.013862073603054248 -0.021500001021195203 0.291095564363406
v -0.013862073603054248 0.021500001021195203 0.291095564363406
v -0.012593994738807623 -0.021500001021195203 0.29183378461331333
v -0.013231242808320887 -0.021500001021195203 0.29147019817026265
v -0.013231242808320887 0.021500001021195203 0.29147019817026265
v -0.011950522036735522 -0.021500001021195203 0.2921862626573989
v -0.012593994738807623 -0.021500001021195203 0.29183378461331333
v -0.012593994738807623 0.021500001021195203 0.29183378461331333
v -0.011301019251674371 -0.021500001021195203 0.29252747971462145
v -0.011950522036735522 -0.021500001021195203 0.2921862626573989
v -0.011950522036735522 0.021500001021195203 0.2921862626573989
v -0.010645681886868319 -0.021500001021195203 0.2928573442322423
v -0.011301019251674371 -0.021500001021195203 0.29252747971462145
v -0.011301019251674371 0.021500001021195203 0.29252747971462145
v -0.009984709260258962 -0.021500001021195203 0.2931757951751023
v -0.010645681886868319 -0.021500001021195203 0.2928573442322423
v -0.010645681886868319 0.021500001021195203 0.2928573442322423
v -0.009318299736113533 -0.021500001021195203 0.2934826799553035
v -0.009984709260258962 -0.021500001021195203 0.2931757951751023
v -0.009984709260258962 0.021500001021195203 0.2931757951751023
v -0.008646655493396715 -0.021500001021195203 0.29377796805526646
v -0.009318299736113533 -0.021500001021195203 0.2934826799553035
v -0.009318299736113533 0.021500001021195203 0.2934826799553035
v -0.007969980141584732 -0.021500001021195203 0.2940615068870932
v -0.008646655493396715 -0.021500001021195203 0.29377796805526646
v -0.008646655493396715 0.021500001021195203 0.29377796805526646
v -0.007288477290153805 -0.021500001021195203 0.2943332354156246
v -0.007969980141584732 -0.021500001021195203 0.2940615068870932
v -0.007969980141584732 0.021500001021195203 0.2940615068870932
v -0.0066023534096032455 -0.021500001021195203 0.29459309260570155
v -0.007288477290153805 -0.021500001021195203 0.2943332354156246
v -0.007288477290153805 0.021500001021195203 0.2943332354156246
v -0.005911815447269542 -0.021500001021195203 0.2948409563870057
v -0.0066023534096032455 -0.021500001021195203 0.29459309260570155
v -0.0066023534096032455 0.021500001021195203 0.29459309260570155
v -0.005217072257837907 -0.021500001021195203 0.2950767962419575
v -0.005911815447269542 -0.021500001021195203 0.2948409563870057
v -0.005911815447269542 0.021500001021195203 0.2948409563870057
v -0.004518334603342278 -0.021500001021195203 0.2953005206178182
v -0.005217072257837907 -0.021500001021195203 0.2950767962419575
v -0.005217072257837907 0.021500001021195203 0.2950767962419575
v -0.0038158125305608193 -0.021500001021195203 0.2955120684794287
v -0.004518334603342278 -0.021500001021195203 0.2953005206178182
v -0.004518334603342278 0.021500001021195203 0.2953005206178182
v -0.003109719185713372 -0.021500001021195203 0.2957113787916298
v -0.0038158125305608193 -0.021500001021195203 0.2955120684794287
v -0.0038158125305608193 0.021500001021195203 0.2955120684794287
v -0.002400267715019777 -0.021500001021195203 0.2958983600016828
v -0.003109719185713372 -0.021500001021195203 0.2957113787916298
v -0.003109719185713372 0.021500001021195203 0.2957113787916298
v -0.0016876726952114174 -0.021500001021195203 0.2960729815920081
v -0.002400267715019777 -0.021500001021195203 0.2958983600016828
v -0.002400267715019777 0.021500001021195203 0.2958983600016828
v -0.0009721493586707999 -0.021500001021195203 0.2962352130450262
v -0.0016876726952114174 -0.021500001021195203 0.2960729815920081
v -0.0016876726952114174 0.021500001021195203 0.2960729815920081
v -0.0002539140404664124 -0.021500001021195203 0.2963849628079983
v -0.0009721493586707999 -0.021500001021195203 0.2962352130450262
v -0.0009721493586707999 0.021500001021195203 0.2962352130450262
v 0.0004668161494728387 -0.021500001021195203 0.29652220036334487
v -0.0002539140404664124 -0.021500001021195203 0.2963849628079983
v -0.0002539140404664124 0.021500001021195203 0.2963849628079983
v 0.001189823326357628 -0.021500001021195203 0.2966468951934863
v 0.0004668161494728387 -0.021500001021195203 0.29652220036334487
v 0.0004668161494728387 0.021500001021195203 0.29652220036334487
v 0.0019148890689568016 -0.021500001021195203 0.29675898626326347
v 0.001189823326357628 -0.021500001021195203 0.2966468951934863
v 0.001189823326357628 0.021500001021195203 0.2966468951934863
v 0.0026417940917718152 -0.021500001021195203 0.29685847357267636
v 0.0019148890689568016 -0.021500001021195203 0.29675898626326347
v 0.0019148890689568016 0.021500001021195203 0.29675898626326347
v 0.003370318811280887 -0.021500001021195203 0.29694529608656584
v 0.0026417940917718152 -0.021500001021195203 0.29685847357267636
v 0.0026417940917718152 0.021500001021195203 0.29685847357267636
v 0.004100242809497168 -0.021500001021195203 0.2970194232873523
v 0.003370318811280887 -0.021500001021195203 0.29694529608656584
v 0.003370318811280887 0.021500001021195203 0.29694529608656584
v 0.0048313453108059234 -0.021500001021195203 0.29708088569261537
v 0.004100242809497168 -0.021500001021195203 0.2970194232873523
v 0.004100242809497168 0.021500001021195203 0.2970194232873523
v 0.005563406254848191 -0.021500001021195203 0.29712962226719586
v 0.0048313453108059234 -0.021500001021195203 0.29708088569261537
v 0.0048313453108059234 0.021500001021195203 0.29708088569261537
v 0.006296202958660513 -0.021500001021195203 0.2971656024935142
v 0.005563406254848191 -0.021500001021195203 0.29712962226719586
v 0.005563406254848191 0.021500001021195203 0.29712962226719586
v 0.007029515123465335 -0.021500001021195203 0.29718885688915
v 0.006296202958660513 -0.021500001021195203 0.2971656024935142
v 0.006296202958660513 0.021500001021195203 0.2971656024935142
v 0.0077631205431363814 -0.021500001021195203 0.2971993549365236
v 0.007029515123465335 -0.021500001021195203 0.29718885688915
v 0.007029515123465335 0.021500001021195203 0.29718885688915
v 0.008496797965221736 -0.021500001021195203 0.2971970966356351
v 0.0077631205431363814 -0.021500001021195203 0.2971993549365236
v 0.0077631205431363814 0.021500001021195203 0.2971993549365236
v 0.009230324229920761 -0.021500001021195203 0.29718208198648444
v 0.008496797965221736 -0.021500001021195203 0.2971970966356351
v 0.008496797965221736 0.021500001021195203 0.2971970966356351
v 0.009963479515293083 -0.021500001021195203 0.29715431098907163
v 0.009230324229920761 -0.021500001021195203 0.29718208198648444
v 0.009230324229920761 0.021500001021195203 0.29718208198648444
v 0.010696040661538064 -0.021500001021195203 0.29711381416097626
v 0.009963479515293083 -0.021500001021195203 0.29715431098907163
v 0.009963479515293083 0.021500001021195203 0.29715431098907163
v 0.01142778736987815 -0.021500001021195203 0.29706056098461875
v 0.010696040661538064 -0.021500001021195203 0.29711381416097626
v 0.010696040661538064 0.021500001021195203 0.29711381416097626
v 0.012158497434187066 -0.021500001021195203 0.29699461249515824
v 0.01142778736987815 -0.021500001021195203 0.29706056098461875
v 0.01142778736987815 0.021500001021195203 0.29706056098461875
v 0.012887951509361617 -0.021500001021195203 0.29691596869259473
v 0.012158497434187066 -0.021500001021195203 0.29699461249515824
v 0.012158497434187066 0.021500001021195203 0.29699461249515824
v 0.013615927389275528 -0.021500001021195203 0.2968246600945078
v 0.012887951509361617 -0.021500001021195203 0.29691596869259473
v 0.012887951509361617 0.021500001021195203 0.29691596869259473
v 0.014342205728825608 -0.021500001021195203 0.29672071721847704
v 0.013615927389275528 -0.021500001021195203 0.2968246600945078
v 0.013615927389275528 0.021500001021195203 0.2968246600945078
v 0.015066567182908663 -0.021500001021195203 0.2966041400645024
v 0.014342205728825608 -0.021500001021195203 0.29672071721847704
v 0.014342205728825608 0.021500001021195203 0.29672071721847704
v 0.015788792406421504 -0.021500001021195203 0.2964749896677431
v 0.015066567182908663 -0.021500001021195203 0.2966041400645024
v 0.015066567182908663 0.021500001021195203 0.2966041400645024
v 0.01650866396160966 -0.021500001021195203 0.29633332706335824
v 0.015788792406421504 -0.021500001021195203 0.2964749896677431
v 0.015788792406421504 0.021500001021195203 0.2964749896677431
v 0.01722596250336994 -0.021500001021195203 0.29617915225134783
v 0.01650866396160966 -0.021500001021195203 0.29633332706335824
v 0.01650866396160966 0.021500001021195203 0.29633332706335824
v 0.017940474408645324 -0.021500001021195203 0.296012526266871
v 0.01722596250336994 -0.021500001021195203 0.29617915225134783
v 0.01722596250336994 0.021500001021195203 0.29617915225134783
v 0.01865198033233262 -0.021500001021195203 0.29583351014508696
v 0.017940474408645324 -0.021500001021195203 0.296012526266871
v 0.017940474408645324 0.021500001021195203 0.296012526266871
v 0.019360266651374802 -0.021500001021195203 0.2956421649211548
v 0.01865198033233262 -0.021500001021195203 0.29583351014508696
v 0.01865198033233262 0.021500001021195203 0.29583351014508696
v 0.02006511783536613 -0.021500001021195203 0.2954385211126541
v 0.019360266651374802 -0.021500001021195203 0.2956421649211548
v 0.019360266651374802 0.021500001021195203 0.2956421649211548
v 0.02076632407594703 -0.021500001021195203 0.29522267027232363
v 0.02006511783536613 -0.021500001021195203 0.2954385211126541
v 0.02006511783536613 0.021500001021195203 0.2954385211126541
v 0.021463671750060476 -0.021500001021195203 0.2949946429177429
v 0.02076632407594703 -0.021500001021195203 0.29522267027232363
v 0.02076632407594703 0.021500001021195203 0.29522267027232363
v 0.02215694723464945 -0.021500001021195203 0.2947545306016507
v 0.021463671750060476 -0.021500001021195203 0.2949946429177429
v 0.021463671750060476 0.021500001021195203 0.2949946429177429
v 0.022845946443400544 -0.021500001021195203 0.2945023943592061
v 0.02215694723464945 -0.021500001021195203 0.2947545306016507
v 0.02215694723464945 0.021500001021195203 0.2947545306016507
v 0.02353045575325674 -0.021500001021195203 0.2942383257431479
v 0.022845946443400544 -0.021500001021195203 0.2945023943592061
v 0.022845946443400544 0.021500001021195203 0.2945023943592061
v 0.024210272985253356 -0.021500001021195203 0.2939623857886352
v 0.02353045575325674 -0.021500001021195203 0.2942383257431479
v 0.02353045575325674 0.021500001021195203 0.2942383257431479
v 0.024885188331030816 -0.021500001021195203 0.2936746965659863
v 0.024210272985253356 -0.021500001021195203 0.2939623857886352
v 0.024210272985253356 0.021500001021195203 0.2939623857886352
v 0.025555001518973164 -0.021500001021195203 0.29337528859278084
v 0.024885188331030816 -0.021500001021195203 0.2936746965659863
v 0.024885188331030816 0.021500001021195203 0.2936746965659863
v 0.026219508462766994 -0.021500001021195203 0.29306428393933703
v 0.025555001518973164 -0.021500001021195203 0.29337528859278084
v 0.025555001518973164 0.021500001021195203 0.29337528859278084
v 0.026878506983447625 -0.021500001021195203 0.2927418046759732
v 0.026219508462766994 -0.021500001021195203 0.29306428393933703
v 0.026219508462766994 0.021500001021195203 0.29306428393933703
v 0.027531800624096547 -0.021500001021195203 0.29240788132026896
v 0.026878506983447625 -0.021500001021195203 0.2927418046759732
v 0.026878506983447625 0.021500001021195203 0.2927418046759732
v 0.028179189113097802 -0.021500001021195203 0.29206266646012213
v 0.027531800624096547 -0.021500001021195203 0.29240788132026896
v 0.027531800624096547 0.021500001021195203 0.29240788132026896
v 0.028820477900881603 -0.021500001021195203 0.29170625164827146
v 0.028179189113097802 -0.021500001021195203 0.29206266646012213
v 0.028179189113097802 0.021500001021195203 0.29206266646012213
v 0.029455474345226884 -0.021500001021195203 0.2913387284374557
v 0.028820477900881603 -0.021500001021195203 0.29170625164827146
v 0.028820477900881603 0.021500001021195203 0.29170625164827146
v 0.030083985803912583 -0.021500001021195203 0.29096024941557264
v 0.029455474345226884 -0.021500001021195203 0.2913387284374557
v 0.029455474345226884 0.021500001021195203 0.2913387284374557
v 0.03070582154206636 -0.021500001021195203 0.2905708756177815
v 0.030083985803912583 -0.021500001021195203 0.29096024941557264
v 0.030083985803912583 0.021500001021195203 0.29096024941557264
v 0.031320794639513316 -0.021500001021195203 0.29017075963198014
v 0.03070582154206636 -0.021500001021195203 0.2905708756177815
v 0.03070582154206636 0.021500001021195203 0.2905708756177815
v 0.03192871817607856 -0.021500001021195203 0.28975999301090727
v 0.031320794639513316 -0.021500001021195203 0.29017075963198014
v 0.031320794639513316 0.021500001021195203 0.29017075963198014
v 0.03252940904628465 -0.021500001021195203 0.28933872834246077
v 0.03192871817607856 -0.021500001021195203 0.28975999301090727
v 0.03192871817607856 0.021500001021195203 0.28975999301090727
v 0.03312268605200286 -0.021500001021195203 0.2889071182145385
v 0.03252940904628465 -0.021500001021195203 0.28933872834246077
v 0.03252940904628465 0.021500001021195203 0.28933872834246077
v 0.03370836799510446 -0.021500001021195203 0.28846522366229965
v 0.03312268605200286 -0.021500001021195203 0.2889071182145385
v 0.03312268605200286 0.021500001021195203 0.2889071182145385
v 0.0342862793995069 -0.021500001021195203 0.2880132277912216
v 0.03370836799510446 -0.021500001021195203 0.28846522366229965
v 0.03370836799510446 0.021500001021195203 0.28846522366229965
v 0.03485624478912763 -0.021500001021195203 0.28755125267162274
v 0.0342862793995069 -0.021500001021195203 0.2880132277912216
v 0.0342862793995069 0.021500001021195203 0.2880132277912216
v 0.035418092502581544 -0.021500001021195203 0.2870794203738213
v 0.03485624478912763 -0.021500001021195203 0.28755125267162274
v 0.03485624478912763 0.021500001021195203 0.28755125267162274
v 0.03597165469318098 -0.021500001021195203 0.2865979140032947
v 0.035418092502581544 -0.021500001021195203 0.2870794203738213
v 0.035418092502581544 0.021500001021195203 0.2870794203738213
v 0.036516759699540824 -0.021500001021195203 0.28610682511278174
v 0.03597165469318098 -0.021500001021195203 0.2865979140032947
v 0.03597165469318098 0.021500001021195203 0.2865979140032947
v 0.03705324730436832 -0.021500001021195203 0.2856063673253394
v 0.036516759699540824 -0.021500001021195203 0.28610682511278174
v 0.036516759699540824 0.021500001021195203 0.28610682511278174
v 0.03758095347567325 -0.021500001021195203 0.2850966321937064
v 0.03705324730436832 -0.021500001021195203 0.2856063673253394
v 0.03705324730436832 0.021500001021195203 0.2856063673253394
v 0.038099714181465405 -0.021500001021195203 0.2845778333409398
v 0.03758095347567325 -0.021500001021195203 0.2850966321937064
v 0.03758095347567325 0.021500001021195203 0.2850966321937064
v 0.038609380648544356 -0.021500001021195203 0.28405006231977825
v 0.038099714181465405 -0.021500001021195203 0.2845778333409398
v 0.038099714181465405 0.021500001021195203 0.2845778333409398
v 0.03910979265961734 -0.021500001021195203 0.28351353275327884
v 0.038609380648544356 -0.021500001021195203 0.28405006231977825
v 0.038609380648544356 0.021500001021195203 0.28405006231977825
v 0.03960080525618137 -0.021500001021195203 0.28296836671175984
v 0.03910979265961734 -0.021500001021195203 0.28351353275327884
v 0.03910979265961734 0.021500001021195203 0.28351353275327884
v 0.040082262035641136 -0.021500001021195203 0.2824147778182783
v 0.03960080525618137 -0.021500001021195203 0.28296836671175984
v 0.03960080525618137 0.021500001021195203 0.28296836671175984
v 0.0405540218541911 -0.021500001021195203 0.2818528576255729
v 0.040082262035641136 -0.021500001021195203 0.2824147778182783
v 0.040082262035641136 0.021500001021195203 0.2824147778182783
v 0.04101594356802574 -0.021500001021195203 0.28128285027428024
v 0.0405540218541911 -0.021500001021195203 0.2818528576255729
v 0.0405540218541911 0.021500001021195203 0.2818528576255729
v 0.04146788221864206 -0.021500001021195203 0.2807049083522982
v 0.04101594356802574 -0.021500001021195203 0.28128285027428024
v 0.04101594356802574 0.021500001021195203 0.28128285027428024
v 0.04190970810632688 -0.021500001021195203 0.28011915392994513
v 0.04146788221864206 -0.021500001021195203 0.2807049083522982
v 0.04146788221864206 0.021500001021195203 0.2807049083522982
v 0.042341283901972115 -0.021500001021195203 0.27952583114785756
v 0.04190970810632688 -0.021500001021195203 0.28011915392994513
v 0.04190970810632688 0.021500001021195203 0.28011915392994513
v 0.04276247990586457 -0.021500001021195203 0.27892512311151296
v 0.042341283901972115 -0.021500001021195203 0.27952583114785756
v 0.042341283901972115 0.021500001021195203 0.27952583114785756
v 0.043173166418291054 -0.021500001021195203 0.27831715189122963
v 0.04276247990586457 -0.021500001021195203 0.27892512311151296
v 0.04276247990586457 0.021500001021195203 0.27892512311151296
v 0.04357322136893327 -0.021500001021195203 0.2777021311100646
v 0.043173166418291054 -0.021500001021195203 0.27831715189122963
v 0.043173166418291054 0.021500001021195203 0.27831715189122963
v 0.043962522687472916 -0.021500001021195203 0.2770802438734953
v 0.04357322136893327 -0.021500001021195203 0.2777021311100646
v 0.04357322136893327 0.021500001021195203 0.2777021311100646
v 0.04434095593298659 -0.021500001021195203 0.27645170380457873
v 0.043962522687472916 -0.021500001021195203 0.2770802438734953
v 0.043962522687472916 0.021500001021195203 0.2770802438734953
v 0.04470840666455089 -0.021500001021195203 0.2758166634912128
v 0.04434095593298659 -0.021500001021195203 0.27645170380457873
v 0.04434095593298659 0.021500001021195203 0.27645170380457873
v 0.045064756626544966 -0.021500001021195203 0.27517533655645454
v 0.04470840666455089 -0.021500001021195203 0.2758166634912128
v 0.04470840666455089 0.021500001021195203 0.2758166634912128
v 0.045409906636835196 -0.021500001021195203 0.27452790610578137
v 0.045064756626544966 -0.021500001021195203 0.27517533655645454
v 0.045064756626544966 0.021500001021195203 0.27517533655645454
v 0.04574374988389307 -0.021500001021195203 0.2738745857622503
v 0.045409906636835196 -0.021500001021195203 0.27452790610578137
v 0.045409906636835196 0.021500001021195203 0.27452790610578137
v 0.046066183370887526 -0.021500001021195203 0.27321555863133884
v 0.04574374988389307 -0.021500001021195203 0.2738745857622503
v 0.04574374988389307 0.021500001021195203 0.2738745857622503
v 0.046377107915684945 -0.021500001021195203 0.27255100781852437
v 0.046066183370887526 -0.021500001021195203 0.27321555863133884
v 0.046066183370887526 0.021500001021195203 0.27321555863133884
v 0.04667643578024405 -0.021500001021195203 0.2718811774644435
v 0.046377107915684945 -0.021500001021195203 0.27255100781852437
v 0.046377107915684945 0.021500001021195203 0.27255100781852437
v 0.046964071597128676 -0.021500001021195203 0.27120622015699414
v 0.04667643578024405 -0.021500001021195203 0.2718811774644435
v 0.04667643578024405 0.021500001021195203 0.2718811774644435
v 0.04723992762829754 -0.021500001021195203 0.27052638003681284
v 0.046964071597128676 -0.021500001021195203 0.27120622015699414
v 0.046964071597128676 0.021500001021195203 0.27120622015699414
v 0.04750392757980171 -0.021500001021195203 0.26984184020937707
v 0.04723992762829754 -0.021500001021195203 0.27052638003681284
v 0.04723992762829754 0.021500001021195203 0.27052638003681284
v 0.0477559837135999 -0.021500001021195203 0.26915281429774385
v 0.04750392757980171 -0.021500001021195203 0.26984184020937707
v 0.04750392757980171 0.021500001021195203 0.26984184020937707
v 0.047996023550440636 -0.021500001021195203 0.2684595159249702
v 0.0477559837135999 -0.021500001021195203 0.26915281429774385
v 0.0477559837135999 0.021500001021195203 0.26915281429774385
v 0.04822397461107242 -0.021500001021195203 0.26776215871411313
v 0.047996023550440636 -0.021500001021195203 0.2684595159249702
v 0.047996023550440636 0.021500001021195203 0.2684595159249702
v 0.048439768230941205 -0.021500001021195203 0.2670609257706501
v 0.04822397461107242 -0.021500001021195203 0.26776215871411313
v 0.04822397461107242 0.021500001021195203 0.26776215871411313
v 0.048643335745492955 -0.021500001021195203 0.26635603071763814
v 0.048439768230941205 -0.021500001021195203 0.2670609257706501
v 0.048439768230941205 0.021500001021195203 0.2670609257706501
v 0.048834619934265966 -0.021500001021195203 0.2656477482132934
v 0.048643335745492955 -0.021500001021195203 0.26635603071763814
v 0.048643335745492955 0.021500001021195203 0.26635603071763814
v 0.04901355976210109 -0.021500001021195203 0.2649362003279342
v 0.048834619934265966 -0.021500001021195203 0.2656477482132934
v 0.048834619934265966 0.021500001021195203 0.2656477482132934
v 0.04918010182323407 -0.021500001021195203 0.26422169223735625
v 0.04901355976210109 -0.021500001021195203 0.2649362003279342
v 0.04901355976210109 0.021500001021195203 0.2649362003279342
v 0.04933420034129554 -0.021500001021195203 0.26350437652945746
v 0.04918010182323407 -0.021500001021195203 0.26422169223735625
v 0.04918010182323407 0.021500001021195203 0.26422169223735625
v 0.049475801910521255 -0.021500001021195203 0.2627844973448744
v 0.04933420034129554 -0.021500001021195203 0.26350437652945746
v 0.04933420034129554 0.021500001021195203 0.26350437652945746
v 0.04960486838393674 -0.021500001021195203 0.26206223778908455
v 0.049475801910521255 -0.021500001021195203 0.2627844973448744
v 0.049475801910521255 0.021500001021195203 0.2627844973448744
v 0.04972135779987008 -0.021500001021195203 0.26133787252030405
v 0.04960486838393674 -0.021500001021195203 0.26206223778908455
v 0.04960486838393674 0.021500001021195203 0.26206223778908455
v 0.049825235826044256 -0.021500001021195203 0.26061158464401035
v 0.04972135779987008 -0.021500001021195203 0.26133787252030405
v 0.04972135779987008 0.021500001021195203 0.26133787252030405
v 0.04991647575957714 -0.021500001021195203 0.2598835877832605
v 0.049825235826044256 -0.021500001021195203 0.26061158464401035
v 0.049825235826044256 0.021500001021195203 0.26061158464401035
v 0.04999503945349426 -0.021500001021195203 0.25915412607869104
v 0.04991647575957714 -0.021500001021195203 0.2598835877832605
v 0.04991647575957714 0.021500001021195203 0.2598835877832605
v 0.05006091546370328 -0.021500001021195203 0.25842341315335904
v 0.04999503945349426 -0.021500001021195203 0.25915412607869104
v 0.04999503945349426 0.021500001021195203 0.25915412607869104
v 0.050114073272624626 -0.021500001021195203 0.2576916626303215
v 0.05006091546370328 -0.021500001021195203 0.25842341315335904
v 0.05006091546370328 0.021500001021195203 0.25842341315335904
v 0.0501545052508634 -0.021500001021195203 0.25695908813263546
v 0.050114073272624626 -0.021500001021195203 0.2576916626303215
v 0.050114073272624626 0.021500001021195203 0.2576916626303215
v 0.05018219232493237 -0.021500001021195203 0.2562259338009375
v 0.0501545052508634 -0.021500001021195203 0.25695908813263546
v 0.0501545052508634 0.021500001021195203 0.25695908813263546
v 0.050197130680134094 -0.021500001021195203 0.25549241325828465
v 0.05018219232493237 -0.021500001021195203 0.2562259338009375
v 0.05018219232493237 0.021500001021195203 0.2562259338009375
v 0.05019931268707367 -0.021500001021195203 0.2547587401277339
v 0.050197130680134094 -0.021500001021195203 0.25549241325828465
v 0.050197130680134094 0.021500001021195203 0.25549241325828465
v 0.05018874216044855 -0.021500001021195203 0.25402512803234234
v 0.05019931268707367 -0.021500001021195203 0.2547587401277339
v 0.05019931268707367 0.021500001021195203 0.2547587401277339
v 0.05016541528556129 -0.021500001021195203 0.2532918211127465
v 0.05018874216044855 -0.021500001021195203 0.25402512803234234
v 0.05018874216044855 0.021500001021195203 0.25402512803234234
v 0.05012934732120167 -0.021500001021195203 0.25255903299200344
v 0.05016541528556129 -0.021500001021195203 0.2532918211127465
v 0.05016541528556129 0.021500001021195203 0.2532918211127465
v 0.05008054208206714 -0.021500001021195203 0.25182697729317016
v 0.05012934732120167 -0.021500001021195203 0.25255903299200344
v 0.05012934732120167 0.021500001021195203 0.25255903299200344
v 0.05001901864164493 -0.021500001021195203 0.2510958828980935
v 0.05008054208206714 -0.021500001021195203 0.25182697729317016
v 0.05008054208206714 0.021500001021195203 0.25182697729317016
v 0.04994479607342228 -0.021500001021195203 0.2503659634298304
v 0.05001901864164493 -0.021500001021195203 0.2510958828980935
v 0.05001901864164493 0.021500001021195203 0.2510958828980935
v 0.049857893450886426 -0.021500001021195203 0.24963744777022778
v 0.04994479607342228 -0.021500001021195203 0.2503659634298304
v 0.04994479607342228 0.021500001021195203 0.2503659634298304
v 0.04975833747691949 -0.021500001021195203 0.2489105495423426
v 0.049857893450886426 -0.021500001021195203 0.24963744777022778
v 0.049857893450886426 0.021500001021195203 0.24963744777022778
v 0.04964615866910105 -0.021500001021195203 0.24818549762802167
v 0.04975833747691949 -0.021500001021195203 0.2489105495423426
v 0.04975833747691949 0.021500001021195203 0.2489105495423426
v 0.04952139517440557 -0.021500001021195203 0.24746250565032202
v 0.04964615866910105 -0.021500001021195203 0.24818549762802167
v 0.04964615866910105 0.021500001021195203 0.24818549762802167
v 0.04938407751041263 -0.021500001021195203 0.24674178723230067
v 0.04952139517440557 -0.021500001021195203 0.24746250565032202
v 0.04952139517440557 0.021500001021195203 0.24746250565032202
v 0.04923425526818903 -0.021500001021195203 0.24602357125580443
v 0.04938407751041263 -0.021500001021195203 0.24674178723230067
v 0.04938407751041263 0.021500001021195203 0.24674178723230067
v 0.04907196659470925 -0.021500001021195203 0.24530805608510053
v 0.04923425526818903 -0.021500001021195203 0.24602357125580443
v 0.04923425526818903 0.021500001021195203 0.24602357125580443
v 0.04889726108104009 -0.021500001021195203 0.24459548586082558
v 0.04907196659470925 -0.021500001021195203 0.24530805608510053
v 0.04907196659470925 0.021500001021195203 0.24530805608510053
v 0.04871019594764325 -0.021500001021195203 0.2438860589472468
v 0.04889726108104009 -0.021500001021195203 0.24459548586082558
v 0.04889726108104009 0.021500001021195203 0.24459548586082558
v 0.048510824600283 -0.021500001021195203 0.24317997370863143
v 0.04871019594764325 -0.021500001021195203 0.2438860589472468
v 0.04871019594764325 0.021500001021195203 0.2438860589472468
v 0.04829921188881592 -0.021500001021195203 0.24247747428561606
v 0.048510824600283 -0.021500001021195203 0.24317997370863143
v 0.048510824600283 0.021500001021195203 0.24317997370863143
v 0.04807541503370372 -0.021500001021195203 0.24177875904246793
v 0.04829921188881592 -0.021500001021195203 0.24247747428561606
v 0.04829921188881592 0.021500001021195203 0.24247747428561606
v 0.04783950651419788 -0.021500001021195203 0.24108404160224406
v 0.04807541503370372 -0.021500001021195203 0.24177875904246793
v 0.04807541503370372 0.021500001021195203 0.24177875904246793
v 0.04759155118015501 -0.021500001021195203 0.24039353558800147
v 0.04783950651419788 -0.021500001021195203 0.24108404160224406
v 0.04783950651419788 0.021500001021195203 0.24108404160224406
v 0.047331632954918934 -0.021500001021195203 0.2397074393640074
v 0.04759155118015501 -0.021500001021195203 0.24039353558800147
v 0.04759155118015501 0.021500001021195203 0.24039353558800147
v 0.04705982431774114 -0.021500001021195203 0.23902596655331887
v 0.047331632954918934 -0.021500001021195203 0.2397074393640074
v 0.047331632954918934 0.021500001021195203 0.2397074393640074
v 0.0467762130066629 -0.021500001021195203 0.2383493155202031
v 0.04705982431774114 -0.021500001021195203 0.23902596655331887
v 0.04705982431774114 0.021500001021195203 0.23902596655331887
v 0.04648087531563316 -0.021500001021195203 0.23767769988771714
v 0.0467762130066629 -0.021500001021195203 0.2383493155202031
v 0.0467762130066629 0.021500001021195203 0.2383493155202031
v 0.046173910426785536 -0.021500001021195203 0.237011333278918
v 0.04648087531563316 -0.021500001021195203 0.23767769988771714
v 0.04648087531563316 0.021500001021195203 0.23767769988771714
v 0.0458554060781613 -0.021500001021195203 0.23635038354049331
v 0.046173910426785536 -0.021500001021195203 0.237011333278918
v 0.046173910426785536 0.021500001021195203 0.237011333278918
v 0.04552545763719662 -0.021500001021195203 0.23569507955428992
v 0.0458554060781613 -0.021500001021195203 0.23635038354049331
v 0.0458554060781613 0.021500001021195203 0.23635038354049331
v 0.045184168100722566 -0.021500001021195203 0.23504561968457505
v 0.04552545763719662 -0.021500001021195203 0.23569507955428992
v 0.04552545763719662 0.021500001021195203 0.23569507955428992
v 0.04483163665087275 -0.021500001021195203 0.23440218703682614
v 0.045184168100722566 -0.021500001021195203 0.23504561968457505
v 0.045184168100722566 0.021500001021195203 0.23504561968457505
v 0.04446797391387314 -0.021500001021195203 0.23376496471652064
v 0.04483163665087275 -0.021500001021195203 0.23440218703682614
v 0.04483163665087275 0.021500001021195203 0.23440218703682614
v 0.04409329051594968 -0.021500001021195203 0.23313418160550536
v 0.04446797391387314 -0.021500001021195203 0.23376496471652064
v 0.04446797391387314 0.021500001021195203 0.23376496471652064
v 0.043618665859617156 -0.021500001021195203 0.23236587102213757
v 0.04409329051594968 -0.021500001021195203 0.23313418160550536
v 0.04409329051594968 0.021500001021195203 0.23313418160550536
v 0.04409329051594968 0.021500001021195203 0.23313418160550536
v 0.0436184903835346 0.021500001021195203 0.2323655963639214
v 0.043618665859617156 -0.021500001021195203 0.23236587102213757
v 0.04446797391387314 0.021500001021195203 0.23376496471652064
v 0.04409329051594968 0.021500001021195203 0.23313418160550536
v 0.04409329051594968 -0.021500001021195203 0.23313418160550536
v 0.04483163665087275 0.021500001021195203 0.23440218703682614
v 0.04446797391387314 0.021500001021195203 0.23376496471652064
v 0.04446797391387314 -0.021500001021195203 0.23376496471652064
v 0.045184168100722566 0.021500001021195203 0.23504561968457505
v 0.04483163665087275 0.021500001021195203 0.23440218703682614
v 0.04483163665087275 -0.021500001021195203 0.23440218703682614
v 0.04552545763719662 0.021500001021195203 0.23569507955428992
v 0.045184168100722566 0.021500001021195203 0.23504561968457505
v 0.045184168100722566 -0.021500001021195203 0.23504561968457505
v 0.0458554060781613 0.021500001021195203 0.23635038354049331
v 0.04552545763719662 0.021500001021195203 0.23569507955428992
v 0.04552545763719662 -0.021500001021195203 0.23569507955428992
v 0.046173910426785536 0.021500001021195203 0.237011333278918
v 0.0458554060781613 0.021500001021195203 0.23635038354049331
v 0.0458554060781613 -0.021500001021195203 0.23635038354049331
v 0.04648087531563316 0.021500001021195203 0.23767769988771714
v 0.046173910426785536 0.021500001021195203 0.237011333278918
v 0.046173910426785536 -0.021500001021195203 0.237011333278918
v 0.0467762130066629 0.021500001021195203 0.2383493155202031
v 0.04648087531563316 0.021500001021195203 0.23767769988771714
v 0.04648087531563316 -0.021500001021195203 0.23767769988771714
v 0.04705982431774114 0.021500001021195203 0.23902596655331887
v 0.0467762130066629 0.021500001021195203 0.2383493155202031
v 0.0467762130066629 -0.021500001021195203 0.2383493155202031
v 0.047331632954918934 0.021500001021195203 0.2397074393640074
v 0.04705982431774114 0.021500001021195203 0.23902596655331887
v 0.04705982431774114 -0.021500001021195203 0.23902596655331887
v 0.04759155118015501 0.021500001021195203 0.24039353558800147
v 0.047331632954918934 0.021500001021195203 0.2397074393640074
v 0.047331632954918934 -0.021500001021195203 0.2397074393640074
v 0.04783950651419788 0.021500001021195203 0.24108404160224406
v 0.04759155118015501 0.021500001021195203 0.24039353558800147
v 0.04759155118015501 -0.021500001021195203 0.24039353558800147
v 0.04807541503370372 0.021500001021195203 0.24177875904246793
v 0.04783950651419788 0.021500001021195203 0.24108404160224406
v 0.04783950651419788 -0.021500001021195203 0.24108404160224406
v 0.04829921188881592 0.021500001021195203 0.24247747428561606
v 0.04807541503370372 0.021500001021195203 0.24177875904246793
v 0.04807541503370372 -0.021500001021195203 0.24177875904246793
v 0.048510824600283 0.021500001021195203 0.24317997370863143
v 0.04829921188881592 0.021500001021195203 0.24247747428561606
v 0.04829921188881592 -0.021500001021195203 0.24247747428561606
v 0.04871019594764325 0.021500001021195203 0.2438860589472468
v 0.048510824600283 0.021500001021195203 0.24317997370863143
v 0.048510824600283 -0.021500001021195203 0.24317997370863143
v 0.04889726108104009 0.021500001021195203 0.24459548586082558
v 0.04871019594764325 0.021500001021195203 0.2438860589472468
v 0.04871019594764325 -0.021500001021195203 0.2438860589472468
v 0.04907196659470925 0.021500001021195203 0.24530805608510053
v 0.04889726108104009 0.021500001021195203 0.24459548586082558
v 0.04889726108104009 -0.021500001021195203 0.24459548586082558
v 0.04923425526818903 0.021500001021195203 0.24602357125580443
v 0.04907196659470925 0.021500001021195203 0.24530805608510053
v 0.04907196659470925 -0.021500001021195203 0.24530805608510053
v 0.04938407751041263 0.021500001021195203 0.24674178723230067
v 0.04923425526818903 0.021500001021195203 0.24602357125580443
v 0.04923425526818903 -0.021500001021195203 0.24602357125580443
v 0.04952139517440557 0.021500001021195203 0.24746250565032202
v 0.04938407751041263 0.021500001021195203 0.24674178723230067
v 0.04938407751041263 -0.021500001021195203 0.24674178723230067
v 0.04964615866910105 0.021500001021195203 0.24818549762802167
v 0.04952139517440557 0.021500001021195203 0.24746250565032202
v 0.04952139517440557 -0.021500001021195203 0.24746250565032202
v 0.04975833747691949 0.021500001021195203 0.2489105495423426
v 0.04964615866910105 0.021500001021195203 0.24818549762802167
v 0.04964615866910105 -0.021500001021195203 0.24818549762802167
v 0.049857893450886426 0.021500001021195203 0.24963744777022778
v 0.04975833747691949 0.021500001021195203 0.2489105495423426
v 0.04975833747691949 -0.021500001021195203 0.2489105495423426
v 0.04994479607342228 0.021500001021195203 0.2503659634298304
v 0.049857893450886426 0.021500001021195203 0.24963744777022778
v 0.049857893450886426 -0.021500001021195203 0.24963744777022778
v 0.05001901864164493 0.021500001021195203 0.2510958828980935
v 0.04994479607342228 0.021500001021195203 0.2503659634298304
v 0.04994479607342228 -0.021500001021195203 0.2503659634298304
v 0.05008054208206714 0.021500001021195203 0.25182697729317016
v 0.05001901864164493 0.021500001021195203 0.2510958828980935
v 0.05001901864164493 -0.021500001021195203 0.2510958828980935
v 0.05012934732120167 0.021500001021195203 0.25255903299200344
v 0.05008054208206714 0.021500001021195203 0.25182697729317016
v 0.05008054208206714 -0.021500001021195203 0.25182697729317016
v 0.05016541528556129 0.021500001021195203 0.2532918211127465
v 0.05012934732120167 0.021500001021195203 0.25255903299200344
v 0.05012934732120167 -0.021500001021195203 0.25255903299200344
v 0.05018874216044855 0.021500001021195203 0.25402512803234234
v 0.05016541528556129 0.021500001021195203 0.2532918211127465
v 0.05016541528556129 -0.021500001021195203 0.2532918211127465
v 0.05019931268707367 0.021500001021195203 0.2547587401277339
v 0.05018874216044855 0.021500001021195203 0.25402512803234234
v 0.05018874216044855 -0.021500001021195203 0.25402512803234234
v 0.050197130680134094 0.021500001021195203 0.25549241325828465
v 0.05019931268707367 0.021500001021195203 0.2547587401277339
v 0.05019931268707367 -0.021500001021195203 0.2547587401277339
v 0.05018219232493237 0.021500001021195203 0.2562259338009375
v 0.050197130680134094 0.021500001021195203 0.25549241325828465
v 0.050197130680134094 -0.021500001021195203 0.25549241325828465
v 0.0501545052508634 0.021500001021195203 0.25695908813263546
v 0.05018219232493237 0.021500001021195203 0.2562259338009375
v 0.05018219232493237 -0.021500001021195203 0.2562259338009375
v 0.050114073272624626 0.021500001021195203 0.2576916626303215
v 0.0501545052508634 0.021500001021195203 0.25695908813263546
v 0.0501545052508634 -0.021500001021195203 0.25695908813263546
v 0.05006091546370328 0.021500001021195203 0.25842341315335904
v 0.050114073272624626 0.021500001021195203 0.2576916626303215
v 0.050114073272624626 -0.021500001021195203 0.2576916626303215
v 0.04999503945349426 0.021500001021195203 0.25915412607869104
v 0.05006091546370328 0.021500001021195203 0.25842341315335904
v 0.05006091546370328 -0.021500001021195203 0.25842341315335904
v 0.04991647575957714 0.021500001021195203 0.2598835877832605
v 0.04999503945349426 0.021500001021195203 0.25915412607869104
v 0.04999503945349426 -0.021500001021195203 0.25915412607869104
v 0.049825235826044256 0.021500001021195203 0.26061158464401035
v 0.04991647575957714 0.021500001021195203 0.2598835877832605
v 0.04991647575957714 -0.021500001021195203 0.2598835877832605
v 0.04972135779987008 0.021500001021195203 0.26133787252030405
v 0.049825235826044256 0.021500001021195203 0.26061158464401035
v 0.049825235826044256 -0.021500001021195203 0.26061158464401035
v 0.04960486838393674 0.021500001021195203 0.26206223778908455
v 0.04972135779987008 0.021500001021195203 0.26133787252030405
v 0.04972135779987008 -0.021500001021195203 0.26133787252030405
v 0.049475801910521255 0.021500001021195203 0.2627844973448744
v 0.04960486838393674 0.021500001021195203 0.26206223778908455
v 0.04960486838393674 -0.021500001021195203 0.26206223778908455
v 0.04933420034129554 0.021500001021195203 0.26350437652945746
v 0.049475801910521255 0.021500001021195203 0.2627844973448744
v 0.049475801910521255 -0.021500001021195203 0.2627844973448744
v 0.04918010182323407 0.021500001021195203 0.26422169223735625
v 0.04933420034129554 0.021500001021195203 0.26350437652945746
v 0.04933420034129554 -0.021500001021195203 0.26350437652945746
v 0.04901355976210109 0.021500001021195203 0.2649362003279342
v 0.04918010182323407 0.021500001021195203 0.26422169223735625
v 0.04918010182323407 -0.021500001021195203 0.26422169223735625
v 0.048834619934265966 0.021500001021195203 0.2656477482132934
v 0.04901355976210109 0.021500001021195203 0.2649362003279342
v 0.04901355976210109 -0.021500001021195203 0.2649362003279342
v 0.048643335745492955 0.021500001021195203 0.26635603071763814
v 0.048834619934265966 0.021500001021195203 0.2656477482132934
v 0.048834619934265966 -0.021500001021195203 0.2656477482132934
v 0.048439768230941205 0.021500001021195203 0.2670609257706501
v 0.048643335745492955 0.021500001021195203 0.26635603071763814
v 0.048643335745492955 -0.021500001021195203 0.26635603071763814
v 0.04822397461107242 0.021500001021195203 0.26776215871411313
v 0.048439768230941205 0.021500001021195203 0.2670609257706501
v 0.048439768230941205 -0.021500001021195203 0.2670609257706501
v 0.047996023550440636 0.021500001021195203 0.2684595159249702
v 0.04822397461107242 0.021500001021195203 0.26776215871411313
v 0.04822397461107242 -0.021500001021195203 0.26776215871411313
v 0.0477559837135999 0.021500001021195203 0.26915281429774385
v 0.047996023550440636 0.021500001021195203 0.2684595159249702
v 0.047996023550440636 -0.021500001021195203 0.2684595159249702
v 0.04750392757980171 0.021500001021195203 0.26984184020937707
v 0.0477559837135999 0.021500001021195203 0.26915281429774385
v 0.0477559837135999 -0.021500001021195203 0.26915281429774385
v 0.04723992762829754 0.021500001021195203 0.27052638003681284
v 0.04750392757980171 0.021500001021195203 0.26984184020937707
v 0.04750392757980171 -0.021500001021195203 0.26984184020937707
v 0.046964071597128676 0.021500001021195203 0.27120622015699414
v 0.04723992762829754 0.021500001021195203 0.27052638003681284
v 0.04723992762829754 -0.021500001021195203 0.27052638003681284
v 0.04667643578024405 0.021500001021195203 0.2718811774644435
v 0.046964071597128676 0.021500001021195203 0.27120622015699414
v 0.046964071597128676 -0.021500001021195203 0.27120622015699414
v 0.046377107915684945 0.021500001021195203 0.27255100781852437
v 0.04667643578024405 0.021500001021195203 0.2718811774644435
v 0.04667643578024405 -0.021500001021195203 0.2718811774644435
v 0.046066183370887526 0.021500001021195203 0.27321555863133884
v 0.046377107915684945 0.021500001021195203 0.27255100781852437
v 0.046377107915684945 -0.021500001021195203 0.27255100781852437
v 0.04574374988389307 0.021500001021195203 0.2738745857622503
v 0.046066183370887526 0.021500001021195203 0.27321555863133884
v 0.046066183370887526 -0.021500001021195203 0.27321555863133884
v 0.045409906636835196 0.021500001021195203 0.27452790610578137
v 0.04574374988389307 0.021500001021195203 0.2738745857622503
v 0.04574374988389307 -0.021500001021195203 0.2738745857622503
v 0.045064756626544966 0.021500001021195203 0.27517533655645454
v 0.045409906636835196 0.021500001021195203 0.27452790610578137
v 0.045409906636835196 -0.021500001021195203 0.27452790610578137
v 0.04470840666455089 0.021500001021195203 0.2758166634912128
v 0.045064756626544966 0.021500001021195203 0.27517533655645454
v 0.045064756626544966 -0.021500001021195203 0.27517533655645454
v 0.04434095593298659 0.021500001021195203 0.27645170380457873
v 0.04470840666455089 0.021500001021195203 0.2758166634912128
v 0.04470840666455089 -0.021500001021195203 0.2758166634912128
v 0.043962522687472916 0.021500001021195203 0.2770802438734953
v 0.04434095593298659 0.021500001021195203 0.27645170380457873
v 0.04434095593298659 -0.021500001021195203 0.27645170380457873
v 0.04357322136893327 0.021500001021195203 0.2777021311100646
v 0.043962522687472916 0.021500001021195203 0.2770802438734953
v 0.043962522687472916 -0.021500001021195203 0.2770802438734953
v 0.043173166418291054 0.021500001021195203 0.27831715189122963
v 0.04357322136893327 0.021500001021195203 0.2777021311100646
v 0.04357322136893327 -0.021500001021195203 0.2777021311100646
v 0.04276247990586457 0.021500001021195203 0.27892512311151296
v 0.043173166418291054 0.021500001021195203 0.27831715189122963
v 0.043173166418291054 -0.021500001021195203 0.27831715189122963
v 0.042341283901972115 0.021500001021195203 0.27952583114785756
v 0.04276247990586457 0.021500001021195203 0.27892512311151296
v 0.04276247990586457 -0.021500001021195203 0.27892512311151296
v 0.04190970810632688 0.021500001021195203 0.28011915392994513
v 0.042341283901972115 0.021500001021195203 0.27952583114785756
v 0.042341283901972115 -0.021500001021195203 0.27952583114785756
v 0.04146788221864206 0.021500001021195203 0.2807049083522982
v 0.04190970810632688 0.021500001021195203 0.28011915392994513
v 0.04190970810632688 -0.021500001021195203 0.28011915392994513
v 0.04101594356802574 0.021500001021195203 0.28128285027428024
v 0.04146788221864206 0.021500001021195203 0.2807049083522982
v 0.04146788221864206 -0.021500001021195203 0.2807049083522982
v 0.0405540218541911 0.021500001021195203 0.2818528576255729
v 0.04101594356802574 0.021500001021195203 0.28128285027428024
v 0.04101594356802574 -0.021500001021195203 0.28128285027428024
v 0.040082262035641136 0.021500001021195203 0.2824147778182783
v 0.0405540218541911 0.021500001021195203 0.2818528576255729
v 0.0405540218541911 -0.021500001021195203 0.2818528576255729
v 0.03960080525618137 0.021500001021195203 0.28296836671175984
v 0.040082262035641136 0.021500001021195203 0.2824147778182783
v 0.040082262035641136 -0.021500001021195203 0.2824147778182783
v 0.03910979265961734 0.021500001021195203 0.28351353275327884
v 0.03960080525618137 0.021500001021195203 0.28296836671175984
v 0.03960080525618137 -0.021500001021195203 0.28296836671175984
v 0.038609380648544356 0.021500001021195203 0.28405006231977825
v 0.03910979265961734 0.021500001021195203 0.28351353275327884
v 0.03910979265961734 -0.021500001021195203 0.28351353275327884
v 0.038099714181465405 0.021500001021195203 0.2845778333409398
v 0.038609380648544356 0.021500001021195203 0.28405006231977825
v 0.038609380648544356 -0.021500001021195203 0.28405006231977825
v 0.03758095347567325 0.021500001021195203 0.2850966321937064
v 0.038099714181465405 0.021500001021195203 0.2845778333409398
v 0.038099714181465405 -0.021500001021195203 0.2845778333409398
v 0.03705324730436832 0.021500001021195203 0.2856063673253394
v 0.03758095347567325 0.021500001021195203 0.2850966321937064
v 0.03758095347567325 -0.021500001021195203 0.2850966321937064
v 0.036516759699540824 0.021500001021195203 0.28610682511278174
v 0.03705324730436832 0.021500001021195203 0.2856063673253394
v 0.03705324730436832 -0.021500001021195203 0.2856063673253394
v 0.03597165469318098 0.021500001021195203 0.2865979140032947
v 0.036516759699540824 0.021500001021195203 0.28610682511278174
v 0.036516759699540824 -0.021500001021195203 0.28610682511278174
v 0.035418092502581544 0.021500001021195203 0.2870794203738213
v 0.03597165469318098 0.021500001021195203 0.2865979140032947
v 0.03597165469318098 -0.021500001021195203 0.2865979140032947
v 0.03485624478912763 0.021500001021195203 0.28755125267162274
v 0.035418092502581544 0.021500001021195203 0.2870794203738213
v 0.035418092502581544 -0.021500001021195203 0.2870794203738213
v 0.0342862793995069 0.021500001021195203 0.2880132277912216
v 0.03485624478912763 0.021500001021195203 0.28755125267162274
v 0.03485624478912763 -0.021500001021195203 0.28755125267162274
v 0.03370836799510446 0.021500001021195203 0.28846522366229965
v 0.0342862793995069 0.021500001021195203 0.2880132277912216
v 0.0342862793995069 -0.021500001021195203 0.2880132277912216
v 0.03312268605200286 0.021500001021195203 0.2889071182145385
v 0.03370836799510446 0.021500001021195203 0.28846522366229965
v 0.03370836799510446 -0.021500001021195203 0.28846522366229965
v 0.03252940904628465 0.021500001021195203 0.28933872834246077
v 0.03312268605200286 0.021500001021195203 0.2889071182145385
v 0.03312268605200286 -0.021500001021195203 0.2889071182145385
v 0.03192871817607856 0.021500001021195203 0.28975999301090727
v 0.03252940904628465 0.021500001021195203 0.28933872834246077
v 0.03252940904628465 -0.021500001021195203 0.28933872834246077
v 0.031320794639513316 0.021500001021195203 0.29017075963198014
v 0.03192871817607856 0.021500001021195203 0.28975999301090727
v 0.03192871817607856 -0.021500001021195203 0.28975999301090727
v 0.03070582154206636 0.021500001021195203 0.2905708756177815
v 0.031320794639513316 0.021500001021195203 0.29017075963198014
v 0.031320794639513316 -0.021500001021195203 0.29017075963198014
v 0.030083985803912583 0.021500001021195203 0.29096024941557264
v 0.03070582154206636 0.021500001021195203 0.2905708756177815
v 0.03070582154206636 -0.021500001021195203 0.2905708756177815
v 0.029455474345226884 0.021500001021195203 0.2913387284374557
v 0.030083985803912583 0.021500001021195203 0.29096024941557264
v 0.030083985803912583 -0.021500001021195203 0.29096024941557264
v 0.028820477900881603 0.021500001021195203 0.29170625164827146
v 0.029455474345226884 0.021500001021195203 0.2913387284374557
v 0.029455474345226884 -0.021500001021195203 0.2913387284374557
v 0.028179189113097802 0.021500001021195203 0.29206266646012213
v 0.028820477900881603 0.021500001021195203 0.29170625164827146
v 0.028820477900881603 -0.021500001021195203 0.29170625164827146
v 0.027531800624096547 0.021500001021195203 0.29240788132026896
v 0.028179189113097802 0.021500001021195203 0.29206266646012213
v 0.028179189113097802 -0.021500001021195203 0.29206266646012213
v 0.026878506983447625 0.021500001021195203 0.2927418046759732
v 0.027531800624096547 0.021500001021195203 0.29240788132026896
v 0.027531800624096547 -0.021500001021195203 0.29240788132026896
v 0.026219508462766994 0.021500001021195203 0.29306428393933703
v 0.026878506983447625 0.021500001021195203 0.2927418046759732
v 0.026878506983447625 -0.021500001021195203 0.2927418046759732
v 0.025555001518973164 0.021500001021195203 0.29337528859278084
v 0.026219508462766994 0.021500001021195203 0.29306428393933703
v 0.026219508462766994 -0.021500001021195203 0.29306428393933703
v 0.024885188331030816 0.021500001021195203 0.2936746965659863
v 0.025555001518973164 0.021500001021195203 0.29337528859278084
v 0.025555001518973164 -0.021500001021195203 0.29337528859278084
v 0.024210272985253356 0.021500001021195203 0.2939623857886352
v 0.024885188331030816 0.021500001021195203 0.2936746965659863
v 0.024885188331030816 -0.021500001021195203 0.2936746965659863
v 0.02353045575325674 0.021500001021195203 0.2942383257431479
v 0.024210272985253356 0.021500001021195203 0.2939623857886352
v 0.024210272985253356 -0.021500001021195203 0.2939623857886352
v 0.022845946443400544 0.021500001021195203 0.2945023943592061
v 0.02353045575325674 0.021500001021195203 0.2942383257431479
v 0.02353045575325674 -0.021500001021195203 0.2942383257431479
v 0.02215694723464945 0.021500001021195203 0.2947545306016507
v 0.022845946443400544 0.021500001021195203 0.2945023943592061
v 0.022845946443400544 -0.021500001021195203 0.2945023943592061
v 0.021463671750060476 0.021500001021195203 0.2949946429177429
v 0.02215694723464945 0.021500001021195203 0.2947545306016507
v 0.02215694723464945 -0.021500001021195203 0.2947545306016507
v 0.02076632407594703 0.021500001021195203 0.29522267027232363
v 0.021463671750060476 0.021500001021195203 0.2949946429177429
v 0.021463671750060476 -0.021500001021195203 0.2949946429177429
v 0.02006511783536613 0.021500001021195203 0.2954385211126541
v 0.02076632407594703 0.021500001021195203 0.29522267027232363
v 0.02076632407594703 -0.021500001021195203 0.29522267027232363
v 0.019360266651374802 0.021500001021195203 0.2956421649211548
v 0.02006511783536613 0.021500001021195203 0.2954385211126541
v 0.02006511783536613 -0.021500001021195203 0.2954385211126541
v 0.01865198033233262 0.021500001021195203 0.29583351014508696
v 0.019360266651374802 0.021500001021195203 0.2956421649211548
v 0.019360266651374802 -0.021500001021195203 0.2956421649211548
v 0.017940474408645324 0.021500001021195203 0.296012526266871
v 0.01865198033233262 0.021500001021195203 0.29583351014508696
v 0.01865198033233262 -0.021500001021195203 0.29583351014508696
v 0.01722596250336994 0.021500001021195203 0.29617915225134783
v 0.017940474408645324 0.021500001021195203 0.296012526266871
v 0.017940474408645324 -0.021500001021195203 0.296012526266871
v 0.01650866396160966 0.021500001021195203 0.29633332706335824
v 0.01722596250336994 0.021500001021195203 0.29617915225134783
v 0.01722596250336994 -0.021500001021195203 0.29617915225134783
v 0.015788792406421504 0.021500001021195203 0.2964749896677431
v 0.01650866396160966 0.021500001021195203 0.29633332706335824
v 0.01650866396160966 -0.021500001021195203 0.29633332706335824
v 0.015066567182908663 0.021500001021195203 0.2966041400645024
v 0.015788792406421504 0.021500001021195203 0.2964749896677431
v 0.015788792406421504 -0.021500001021195203 0.2964749896677431
v 0.014342205728825608 0.021500001021195203 0.29672071721847704
v 0.015066567182908663 0.021500001021195203 0.2966041400645024
v 0.015066567182908663 -0.021500001021195203 0.2966041400645024
v 0.013615927389275528 0.021500001021195203 0.2968246600945078
v 0.014342205728825608 0.021500001021195203 0.29672071721847704
v 0.014342205728825608 -0.021500001021195203 0.29672071721847704
v 0.012887951509361617 0.021500001021195203 0.29691596869259473
v 0.013615927389275528 0.021500001021195203 0.2968246600945078
v 0.013615927389275528 -0.021500001021195203 0.2968246600945078
v 0.012158497434187066 0.021500001021195203 0.29699461249515824
v 0.012887951509361617 0.021500001021195203 0.29691596869259473
v 0.012887951509361617 -0.021500001021195203 0.29691596869259473
v 0.01142778736987815 0.021500001021195203 0.29706056098461875
v 0.012158497434187066 0.021500001021195203 0.29699461249515824
v 0.012158497434187066 -0.021500001021195203 0.29699461249515824
v 0.010696040661538064 0.021500001021195203 0.29711381416097626
v 0.01142778736987815 0.021500001021195203 0.29706056098461875
v 0.01142778736987815 -0.021500001021195203 0.29706056098461875
v 0.009963479515293083 0.021500001021195203 0.29715431098907163
v 0.010696040661538064 0.021500001021195203 0.29711381416097626
v 0.010696040661538064 -0.021500001021195203 0.29711381416097626
v 0.009230324229920761 0.021500001021195203 0.29718208198648444
v 0.009963479515293083 0.021500001021195203 0.29715431098907163
v 0.009963479515293083 -0.021500001021195203 0.29715431098907163
v 0.008496797965221736 0.021500001021195203 0.2971970966356351
v 0.009230324229920761 0.021500001021195203 0.29718208198648444
v 0.009230324229920761 -0.021500001021195203 0.29718208198648444
v 0.0077631205431363814 0.021500001021195203 0.2971993549365236
v 0.008496797965221736 0.021500001021195203 0.2971970966356351
v 0.008496797965221736 -0.021500001021195203 0.2971970966356351
v 0.007029515123465335 0.021500001021195203 0.29718885688915
v 0.0077631205431363814 0.021500001021195203 0.2971993549365236
v 0.0077631205431363814 -0.021500001021195203 0.2971993549365236
v 0.006296202958660513 0.021500001021195203 0.2971656024935142
v 0.007029515123465335 0.021500001021195203 0.29718885688915
v 0.007029515123465335 -0.021500001021195203 0.29718885688915
v 0.005563406254848191 0.021500001021195203 0.29712962226719586
v 0.006296202958660513 0.021500001021195203 0.2971656024935142
v 0.006296202958660513 -0.021500001021195203 0.2971656024935142
v 0.0048313453108059234 0.021500001021195203 0.29708088569261537
v 0.005563406254848191 0.021500001021195203 0.29712962226719586
v 0.005563406254848191 -0.021500001021195203 0.29712962226719586
v 0.004100242809497168 0.021500001021195203 0.2970194232873523
v 0.0048313453108059234 0.021500001021195203 0.29708088569261537
v 0.0048313453108059234 -0.021500001021195203 0.29708088569261537
v 0.003370318811280887 0.021500001021195203 0.29694529608656584
v 0.004100242809497168 0.021500001021195203 0.2970194232873523
v 0.004100242809497168 -0.021500001021195203 0.2970194232873523
v 0.0026417940917718152 0.021500001021195203 0.29685847357267636
v 0.003370318811280887 0.021500001021195203 0.29694529608656584
v 0.003370318811280887 -0.021500001021195203 0.29694529608656584
v 0.0019148890689568016 0.021500001021195203 0.29675898626326347
v 0.0026417940917718152 0.021500001021195203 0.29685847357267636
v 0.0026417940917718152 -0.021500001021195203 0.29685847357267636
v 0.001189823326357628 0.021500001021195203 0.2966468951934863
v 0.0019148890689568016 0.021500001021195203 0.29675898626326347
v 0.0019148890689568016 -0.021500001021195203 0.29675898626326347
v 0.0004668161494728387 0.021500001021195203 0.29652220036334487
v 0.001189823326357628 0.021500001021195203 0.2966468951934863
v 0.001189823326357628 -0.021500001021195203 0.2966468951934863
v -0.0002539140404664124 0.021500001021195203 0.2963849628079983
v 0.0004668161494728387 0.021500001021195203 0.29652220036334487
v 0.0004668161494728387 -0.021500001021195203 0.29652220036334487
v -0.0009721493586707999 0.021500001021195203 0.2962352130450262
v -0.0002539140404664124 0.021500001021195203 0.2963849628079983
v -0.0002539140404664124 -0.021500001021195203 0.2963849628079983
v -0.0016876726952114174 0.021500001021195203 0.2960729815920081
v -0.0009721493586707999 0.021500001021195203 0.2962352130450262
v -0.0009721493586707999 -0.021500001021195203 0.2962352130450262
v -0.002400267715019777 0.021500001021195203 0.2958983600016828
v -0.0016876726952114174 0.021500001021195203 0.2960729815920081
v -0.0016876726952114174 -0.021500001021195203 0.2960729815920081
v -0.003109719185713372 0.021500001021195203 0.2957113787916298
v -0.002400267715019777 0.021500001021195203 0.2958983600016828
v -0.002400267715019777 -0.021500001021195203 0.2958983600016828
v -0.0038158125305608193 0.021500001021195203 0.2955120684794287
v -0.003109719185713372 0.021500001021195203 0.2957113787916298
v -0.003109719185713372 -0.021500001021195203 0.2957113787916298
v -0.004518334603342278 0.021500001021195203 0.2953005206178182
v -0.0038158125305608193 0.021500001021195203 0.2955120684794287
v -0.0038158125305608193 -0.021500001021195203 0.2955120684794287
v -0.005217072257837907 0.021500001021195203 0.2950767962419575
v -0.004518334603342278 0.021500001021195203 0.2953005206178182
v -0.004518334603342278 -0.021500001021195203 0.2953005206178182
v -0.005911815447269542 0.021500001021195203 0.2948409563870057
v -0.005217072257837907 0.021500001021195203 0.2950767962419575
v -0.005217072257837907 -0.021500001021195203 0.2950767962419575
v -0.0066023534096032455 0.021500001021195203 0.29459309260570155
v -0.005911815447269542 0.021500001021195203 0.2948409563870057
v -0.005911815447269542 -0.021500001021195203 0.2948409563870057
v -0.007288477290153805 0.021500001021195203 0.2943332354156246
v -0.0066023534096032455 0.021500001021195203 0.29459309260570155
v -0.0066023534096032455 -0.021500001021195203 0.29459309260570155
v -0.007969980141584732 0.021500001021195203 0.2940615068870932
v -0.007288477290153805 0.021500001021195203 0.2943332354156246
v -0.007288477290153805 -0.021500001021195203 0.2943332354156246
v -0.008646655493396715 0.021500001021195203 0.29377796805526646
v -0.007969980141584732 0.021500001021195203 0.2940615068870932
v -0.007969980141584732 -0.021500001021195203 0.2940615068870932
v -0.009318299736113533 0.021500001021195203 0.2934826799553035
v -0.008646655493396715 0.021500001021195203 0.29377796805526646
v -0.008646655493396715 -0.021500001021195203 0.29377796805526646
v -0.009984709260258962 0.021500001021195203 0.2931757951751023
v -0.009318299736113533 0.021500001021195203 0.2934826799553035
v -0.009318299736113533 -0.021500001021195203 0.2934826799553035
v -0.010645681886868319 0.021500001021195203 0.2928573442322423
v -0.009984709260258962 0.021500001021195203 0.2931757951751023
v -0.009984709260258962 -0.021500001021195203 0.2931757951751023
v -0.011301019251674371 0.021500001021195203 0.29252747971462145
v -0.010645681886868319 0.021500001021195203 0.2928573442322423
v -0.010645681886868319 -0.021500001021195203 0.2928573442322423
v -0.011950522036735522 0.021500001021195203 0.2921862626573989
v -0.011301019251674371 0.021500001021195203 0.29252747971462145
v -0.011301019251674371 -0.021500001021195203 0.29252747971462145
v -0.012593994738807623 0.021500001021195203 0.29183378461331333
v -0.011950522036735522 0.021500001021195203 0.2921862626573989
v -0.011950522036735522 -0.021500001021195203 0.2921862626573989
v -0.013231242808320887 0.021500001021195203 0.29147019817026265
v -0.012593994738807623 0.021500001021195203 0.29183378461331333
v -0.012593994738807623 -0.021500001021195203 0.29183378461331333
v -0.013862073603054248 0.021500001021195203 0.291095564363406
v -0.013231242808320887 0.021500001021195203 0.29147019817026265
v -0.013231242808320887 -0.021500001021195203 0.29147019817026265
v -0.014486295434461005 0.021500001021195203 0.29071003578064125
v -0.013862073603054248 0.021500001021195203 0.291095564363406
v -0.013862073603054248 -0.021500001021195203 0.291095564363406
v -0.015103721382366264 0.021500001021195203 0.2903137344922867
v -0.014486295434461005 0.021500001021195203 0.29071003578064125
v -0.014486295434461005 -0.021500001021195203 0.29071003578064125
v -0.015714162619246408 0.021500001021195203 0.2899067215335015
v -0.015103721382366264 0.021500001021195203 0.2903137344922867
v -0.015103721382366264 -0.021500001021195203 0.2903137344922867
v -0.01631743699329835 0.021500001021195203 0.2894891800097631
v -0.015714162619246408 0.021500001021195203 0.2899067215335015
v -0.015714162619246408 -0.021500001021195203 0.2899067215335015
v -0.016913361399044646 0.021500001021195203 0.2890612014738102
v -0.01631743699329835 0.021500001021195203 0.2894891800097631
v -0.01631743699329835 -0.021500001021195203 0.2894891800097631
v -0.01750175368468221 0.021500001021195203 0.2886229385135407
v -0.016913361399044646 0.021500001021195203 0.2890612014738102
v -0.016913361399044646 -0.021500001021195203 0.2890612014738102
v -0.018082438374128484 0.021500001021195203 0.2881745131992729
v -0.01750175368468221 0.021500001021195203 0.2886229385135407
v -0.01750175368468221 -0.021500001021195203 0.2886229385135407
v -0.01865523999130092 0.021500001021195203 0.2877160476013251
v -0.018082438374128484 0.021500001021195203 0.2881745131992729
v -0.018082438374128484 -0.021500001021195203 0.2881745131992729
v -0.019219983060116963 0.021500001021195203 0.2872476943075951
v -0.01865523999130092 0.021500001021195203 0.2877160476013251
v -0.01865523999130092 -0.021500001021195203 0.2877160476013251
v -0.019776499733888953 0.021500001021195203 0.2867696059059809
v -0.019219983060116963 0.021500001021195203 0.2872476943075951
v -0.019219983060116963 -0.021500001021195203 0.2872476943075951
v -0.020324620258580506 0.021500001021195203 0.2862819044668007
v -0.019776499733888953 0.021500001021195203 0.2867696059059809
v -0.019776499733888953 -0.021500001021195203 0.2867696059059809
v -0.020864178694852686 0.021500001021195203 0.2857847425779524
v -0.020324620258580506 0.021500001021195203 0.2862819044668007
v -0.020324620258580506 -0.021500001021195203 0.2862819044668007
v -0.021395012918064005 0.021500001021195203 0.28527827282733387
v -0.020864178694852686 0.021500001021195203 0.2857847425779524
v -0.020864178694852686 -0.021500001021195203 0.2857847425779524
v -0.021916962710921695 0.021500001021195203 0.28476267832042257
v -0.021395012918064005 0.021500001021195203 0.28527827282733387
v -0.021395012918064005 -0.021500001021195203 0.28527827282733387
v -0.022429869763481713 0.021500001021195203 0.2842380506099572
v -0.021916962710921695 0.021500001021195203 0.28476267832042257
v -0.021916962710921695 -0.021500001021195203 0.28476267832042257
v -0.022429869763481713 0.021500001021195203 0.2842380506099572
v -0.025330994855501388 0.006705293020205505 0.2870255568458723
v -0.024932967416552154 0.01149477727174164 0.28664311053864455
v -0.022429869763481713 0.021500001021195203 0.2842380506099572
v -0.02548009802725626 0.0033509709042492397 0.2871688368819746
v -0.025330994855501388 0.006705293020205505 0.2870255568458723
v -0.025522877951773548 0.0011408148353747594 0.2872099135440819
v -0.02548009802725626 0.0033509709042492397 0.2871688368819746
v -0.022429869763481713 0.021500001021195203 0.2842380506099572
v -0.025236464745420628 -0.008297069943650204 0.28693470601147897
v -0.02536238790813994 -0.006424421615568443 0.2870557082144919
v -0.022429869763481713 0.021500001021195203 0.2842380506099572
v -0.022429869763481713 0.021500001021195203 0.2842380506099572
v -0.025524964591276955 -0.0020749867947998657 0.2872119277043338
v -0.025522877951773548 0.0011408148353747594 0.2872099135440819
v -0.02512091183771048 -0.009758050428387288 0.2868237135745665
v -0.025236464745420628 -0.008297069943650204 0.28693470601147897
v -0.022429869763481713 0.021500001021195203 0.2842380506099572
v -0.022429869763481713 0.021500001021195203 0.2842380506099572
v -0.02409566230781257 0.01714130864497898 0.28583891128169714
v -0.02305096163563336 0.021499610014706905 0.2848374463903801
v -0.022429869763481713 0.021500001021195203 0.2842380506099572
v -0.024932967416552154 0.01149477727174164 0.28664311053864455
v -0.02409566230781257 0.01714130864497898 0.28583891128169714
v -0.022429869763481713 0.021500001021195203 0.2842380506099572
v -0.023701214962417172 -0.018992892213759438 0.2854596082851656
v -0.02428065796784451 -0.016229412849713132 0.2860163404893433
v -0.022429869763481713 0.021500001021195203 0.2842380506099572
v -0.024761790498021297 -0.013045344972342776 0.28647865130231753
v -0.02512091183771048 -0.009758050428387288 0.2868237135745665
v -0.022429869763481713 -0.021500001021195203 0.2842380506099572
v -0.023031716487014187 -0.02149909312320286 0.28481657236595115
v -0.023701214962417172 -0.018992892213759438 0.2854596082851656
v -0.022429869763481713 0.021500001021195203 0.2842380506099572
v -0.02428065796784451 -0.016229412849713132 0.2860163404893433
v -0.024761790498021297 -0.013045344972342776 0.28647865130231753
v -0.02536238790813994 -0.006424421615568443 0.2870557082144919
v -0.025524964591276955 -0.0020749867947998657 0.2872119277043338
v -0.022429869763481713 0.021500001021195203 0.2842380506099572
v -0.023701214962417172 -0.018992892213759438 0.2854596082851656
v -0.022429869763481713 0.021500001021195203 0.2842380506099572
v -0.022429869763481713 -0.021500001021195203 0.2842380506099572
usemtl Gray
f 1 2 3
f 4 5 6
f 7 8 9
f 10 11 12
f 13 14 15
f 16 17 18
f 19 20 21
f 22 23 24
f 25 26 27
f 28 29 30
f 31 32 33
f 34 35 36
f 37 38 39
f 40 41 42
f 43 44 45
f 46 47 48
f 49 50 51
f 52 53 54
f 55 56 57
f 58 59 60
f 61 62 63
f 64 65 66
f 67 68 69
f 70 71 72
f 73 74 75
f 76 77 78
f 79 80 81
f 82 83 84
f 85 86 87
f 88 89 90
f 91 92 93
f 94 95 96
f 97 98 99
f 100 101 102
f 103 104 105
f 106 107 108
f 109 110 111
f 112 113 114
f 115 116 117
f 118 119 120
f 121 122 123
f 124 125 126
f 127 128 129
f 130 131 132
f 133 134 135
f 136 137 138
f 139 140 141
f 142 143 144
f 145 146 147
f 148 149 150
f 151 152 153
f 154 155 156
f 157 158 159
f 160 161 162
f 163 164 165
f 166 167 168
f 169 170 171
f 172 173 174
f 175 176 177
f 178 179 180
f 181 182 183
f 184 185 186
f 187 188 189
f 190 191 192
f 193 194 195
f 196 197 198
f 199 200 201
f 202 203 204
f 205 206 207
f 208 209 210
f 211 212 213
f 214 215 216
f 217 218 219
f 220 221 222
f 223 224 225
f 226 227 228
f 229 230 231
f 232 233 234
f 235 236 237
f 238 239 240
f 241 242 243
f 244 245 246
f 247 248 249
f 250 251 252
f 253 254 255
f 256 257 258
f 259 260 261
f 262 263 264
f 265 266 267
f 268 269 270
f 271 272 273
f 274 275 276
f 277 278 279
f 280 281 282
f 283 284 285
f 286 287 288
f 289 290 291
f 292 293 294
f 295 296 297
f 298 299 300
f 301 302 303
f 304 305 306
f 307 308 309
f 310 311 312
f 313 314 315
f 316 317 318
f 319 320 321
f 322 323 324
f 325 326 327
f 328 329 330
f 331 332 333
f 334 335 336
f 337 338 339
f 340 341 342
f 343 344 345
f 346 347 348
f 349 350 351
f 352 353 354
f 355 356 357
f 358 359 360
f 361 362 363
f 364 365 366
f 367 368 369
f 370 371 372
f 373 374 375
f 376 377 378
f 379 380 381
f 382 383 384
f 385 386 387
f 388 389 390
f 391 392 393
f 394 395 396
f 397 398 399
f 400 401 402
f 403 404 405
f 406 407 408
f 409 410 411
f 412 413 414
f 415 416 417
f 418 419 420
f 421 422 423
f 424 425 426
f 427 428 429
f 430 431 432
f 433 434 435
f 436 437 438
f 439 440 441
f 442 443 444
f 445 446 447
f 448 449 450
f 451 452 453
f 454 455 456
f 457 458 459
f 460 461 462
f 463 464 465
f 466 467 468
f 469 470 471
f 472 473 474
f 475 476 477
f 478 479 480
f 481 482 483
f 484 485 486
f 487 488 489
f 490 491 492
f 493 494 495
f 496 497 498
f 499 500 501
f 502 503 504
f 505 506 507
f 508 509 510
f 511 512 513
f 514 515 516
f 517 518 519
f 520 521 522
f 523 524 525
f 526 527 528
f 529 530 531
f 532 533 534
f 535 536 537
f 538 539 540
f 541 542 543
f 544 545 546
f 547 548 549
f 550 551 552
f 553 554 555
f 556 557 558
f 559 560 561
f 562 563 564
f 565 566 567
f 568 569 570
f 571 572 573
f 574 575 576
f 577 578 579
f 580 581 582
f 583 584 585
f 586 587 588
f 589 590 591
f 592 593 594
f 595 596 597
f 598 599 600
f 601 602 603
f 604 605 606
f 607 608 609
f 610 611 612
f 613 614 615
f 616 617 618
f 619 620 621
f 622 623 624
f 625 626 627
f 628 629 630
f 631 632 633
f 634 635 636
f 637 638 639
f 640 641 642
f 643 644 645
f 646 647 648
f 649 650 651
f 652 653 654
f 655 656 657
f 658 659 660
f 661 662 663
f 664 665 666
f 667 668 669
f 670 671 672
f 673 674 675
f 676 677 678
f 679 680 681
f 682 683 684
f 685 686 687
f 688 689 690
f 691 692 693
f 694 695 696
f 697 698 699
f 700 701 702
f 703 704 705
f 706 707 708
f 709 710 711
f 712 713 714
f 715 716 717
f 718 719 720
f 721 722 723
f 724 725 726
f 727 728 729
f 730 731 732
f 733 734 735
f 736 737 738
f 739 740 741
f 742 743 744
f 745 746 747
f 748 749 750
f 751 752 753
f 754 755 756
f 757 758 759
f 760 761 762
f 763 764 765
f 766 767 768
f 769 770 771
f 772 773 774
f 775 776 777
f 778 779 780
f 781 782 783
f 784 785 786
f 787 788 789
f 790 791 792
f 793 794 795
f 796 797 798
f 799 800 801
f 802 803 804
f 805 806 807
f 808 809 810
f 811 812 813
f 814 815 816
f 817 818 819
f 820 821 822
f 823 824 825
f 826 827 828
f 829 830 831
f 832 833 834
f 835 836 837
f 838 839 840
f 841 842 843
f 844 845 846
f 847 848 849
f 850 851 852
f 853 854 855
f 856 857 858
f 859 860 861
f 862 863 864
f 865 866 867
f 868 869 870
f 871 872 873
f 874 875 876
f 877 878 879
f 880 881 882
f 883 884 885
f 886 887 888
f 889 890 891
f 892 893 894
f 895 896 897
f 898 899 900
f 901 902 903
f 904 905 906
f 907 908 909
f 910 911 912
f 913 914 915
f 916 917 918
f 919 920 921
f 922 923 924
f 925 926 927
f 928 929 930
f 931 932 933
f 934 935 936
f 937 938 939
f 940 941 942
f 943 944 945
f 946 947 948
f 949 950 951
f 952 953 954
f 955 956 957
f 958 959 960
f 961 962 963
f 964 965 966
f 967 968 969
f 970 971 972
f 973 974 975
f 976 977 978
f 979 980 981
f 982 983 984
f 985 986 987
f 988 989 990
f 991 992 993
f 994 995 996
f 997 998 999
f 1000 1001 1002
f 1003 1004 1005
f 1006 1007 1008
f 1009 1010 1011
f 1012 1013 1014
f 1015 1016 1017
f 1018 1019 1020
f 1021 1022 1023
f 1024 1025 1026
f 1027 1028 1029
f 1030 1031 1032
f 1033 1034 1035
f 1036 1037 1038
f 1039 1040 1041
f 1042 1043 1044
f 1045 1046 1047
f 1048 1049 1050
f 1051 1052 1053
f 1054 1055 1056
f 1057 1058 1059
f 1060 1061 1062
f 1063 1064 1065
f 1066 1067 1068
f 1069 1070 1071
f 1072 1073 1074
f 1075 1076 1077
f 1078 1079 1080
f 1081 1082 1083
f 1084 1085 1086
f 1087 1088 1089
f 1090 1091 1092
f 1093 1094 1095
f 1096 1097 1098
f 1099 1100 1101
f 1102 1103 1104
f 1105 1106 1107
f 1108 1109 1110
f 1111 1112 1113
f 1114 1115 1116
f 1117 1118 1119
f 1120 1121 1122
f 1123 1124 1125
f 1126 1127 1128
f 1129 1130 1131
f 1132 1133 1134
f 1135 1136 1137
f 1138 1139 1140
f 1141 1142 1143
f 1144 1145 1146
f 1147 1148 1149
f 1150 1151 1152
f 1153 1154 1155
f 1156 1157 1158
f 1159 1160 1161
f 1162 1163 1164
f 1165 1166 1167
f 1168 1169 1170
f 1171 1172 1173
f 1174 1175 1176
f 1177 1178 1179
f 1180 1181 1182
f 1183 1184 1185
f 1186 1187 1188
f 1189 1190 1191
f 1192 1193 1194
f 1195 1196 1197
f 1198 1199 1200
f 1201 1202 1203
f 1204 1205 1206
f 1207 1208 1209
f 1210 1211 1212
f 1213 1214 1215
f 1216 1217 1218
f 1219 1220 1221
f 1222 1223 1224
f 1225 1226 1227
f 1228 1229 1230
f 1231 1232 1233
f 1234 1235 1236
f 1237 1238 1239
f 1240 1241 1242
f 1243 1244 1245
f 1246 1247 1248
f 1249 1250 1251
f 1252 1253 1254
f 1255 1256 1257
f 1258 1259 1260
f 1261 1262 1263
f 1264 1265 1266
f 1267 1268 1269
f 1270 1271 1272
f 1273 1274 1275
f 1276 1277 1278
f 1279 1280 1281
f 1282 1283 1284
f 1285 1286 1287
f 1288 1289 1290
f 1291 1292 1293
f 1294 1295 1296
f 1297 1298 1299
f 1300 1301 1302
f 1303 1304 1305
f 1306 1307 1308
f 1309 1310 1311
f 1312 1313 1314
f 1315 1316 1317
f 1318 1319 1320
f 1321 1322 1323
f 1324 1325 1326
f 1327 1328 1329
f 1330 1331 1332
f 1333 1334 1335
f 1336 1337 1338
f 1339 1340 1341
f 1342 1343 1344
f 1345 1346 1347
f 1348 1349 1350
f 1351 1352 1353
f 1354 1355 1356
f 1357 1358 1359
f 1360 1361 1362
f 1363 1364 1365
f 1366 1367 1368
f 1369 1370 1371
f 1372 1373 1374
f 1375 1376 1377
f 1378 1379 1380
f 1381 1382 1383
f 1384 1385 1386
f 1387 1388 1389
f 1390 1391 1392
f 1393 1394 1395
f 1396 1397 1398
f 1399 1400 1401
f 1402 1403 1404
f 1405 1406 1407
f 1408 1409 1410
f 1411 1412 1413
f 1414 1415 1416
f 1417 1418 1419
f 1420 1421 1422
f 1423 1424 1425
f 1426 1427 1428
f 1429 1430 1431
f 1432 1433 1434
f 1435 1436 1437
f 1438 1439 1440
f 1441 1442 1443
f 1444 1445 1446
f 1447 1448 1449
f 1450 1451 1452
f 1453 1454 1455
f 1456 1457 1458
f 1459 1460 1461
f 1462 1463 1464
f 1465 1466 1467
f 1468 1469 1470
f 1471 1472 1473
f 1474 1475 1476
f 1477 1478 1479
f 1480 1481 1482
f 1483 1484 1485
f 1486 1487 1488
f 1489 1490 1491
f 1492 1493 1494
f 1495 1496 1497
f 1498 1499 1500
f 1501 1502 1503
f 1504 1505 1506
f 1507 1508 1509
f 1510 1511 1512
f 1513 1514 1515
f 1516 1517 1518
f 1519 1520 1521
f 1522 1523 1524
f 1525 1526 1527
f 1528 1529 1530
f 1531 1532 1533
f 1534 1535 1536
f 1537 1538 1539
f 1540 1541 1542
f 1543 1544 1545
f 1546 1547 1548
f 1549 1550 1551
f 1552 1553 1554
f 1555 1556 1557
f 1558 1559 1560
f 1561 1562 1563
f 1564 1565 1566
f 1567 1568 1569
f 1570 1571 1572
f 1573 1574 1575
f 1576 1577 1578
f 1579 1580 1581
f 1582 1583 1584
f 1585 1586 1587
f 1588 1589 1590
f 1591 1592 1593
f 1594 1595 1596
f 1597 1598 1599
f 1600 1601 1602
f 1603 1604 1605
f 1606 1607 1608
f 1609 1610 1611
f 1612 1613 1614
f 1615 1616 1617
f 1618 1619 1620
f 1621 1622 1623
f 1624 1625 1626
f 1627 1628 1629
f 1630 1631 1632
f 1633 1634 1635
f 1636 1637 1638
f 1639 1640 1641
f 1642 1643 1644
f 1645 1646 1647
f 1648 1649 1650
f 1651 1652 1653
f 1654 1655 1656
f 1657 1658 1659
f 1660 1661 1662
f 1663 1664 1665
f 1666 1667 1668
f 1669 1670 1671
f 1672 1673 1674
f 1675 1676 1677
f 1678 1679 1680
f 1681 1682 1683
f 1684 1685 1686
f 1687 1688 1689
f 1690 1691 1692
f 1693 1694 1695
f 1696 1697 1698
f 1699 1700 1701
f 1702 1703 1704
f 1705 1706 1707
f 1708 1709 1710
f 1711 1712 1713
f 1714 1715 1716
f 1717 1718 1719
f 1720 1721 1722
f 1723 1724 1725
f 1726 1727 1728
f 1729 1730 1731
f 1732 1733 1734
f 1735 1736 1737
f 1738 1739 1740
f 1741 1742 1743
f 1744 1745 1746
f 1747 1748 1749
f 1750 1751 1752
f 1753 1754 1755
f 1756 1757 1758
f 1759 1760 1761
f 1762 1763 1764
f 1765 1766 1767
f 1768 1769 1770
f 1771 1772 1773
f 1774 1775 1776
f 1777 1778 1779
f 1780 1781 1782
f 1783 1784 1785
f 1786 1787 1788
f 1789 1790 1791
f 1792 1793 1794
f 1795 1796 1797
f 1798 1799 1800
f 1801 1802 1803
f 1804 1805 1806
f 1807 1808 1809
f 1810 1811 1812
f 1813 1814 1815
f 1816 1817 1818
f 1819 1820 1821
f 1822 1823 1824
f 1825 1826 1827
f 1828 1829 1830
f 1831 1832 1833
f 1834 1835 1836
f 1837 1838 1839
f 1840 1841 1842
f 1843 1844 1845
f 1846 1847 1848
f 1849 1850 1851
f 1852 1853 1854
f 1855 1856 1857
f 1858 1859 1860
f 1861 1862 1863
f 1864 1865 1866
f 1867 1868 1869
f 1870 1871 1872
f 1873 1874 1875
f 1876 1877 1878
f 1879 1880 1881
f 1882 1883 1884
f 1885 1886 1887
f 1888 1889 1890
f 1891 1892 1893
f 1894 1895 1896
f 1897 1898 1899
f 1900 1901 1902
f 1903 1904 1905
f 1906 1907 1908
f 1909 1910 1911
f 1912 1913 1914
f 1915 1916 1917
f 1918 1919 1920
f 1921 1922 1923
f 1924 1925 1926
f 1927 1928 1929
f 1930 1931 1932
f 1933 1934 1935
f 1936 1937 1938
f 1939 1940 1941
f 1942 1943 1944
f 1945 1946 1947
f 1948 1949 1950
f 1951 1952 1953
f 1954 1955 1956
f 1957 1958 1959
f 1960 1961 1962
f 1963 1964 1965
f 1966 1967 1968
f 1969 1970 1971
f 1972 1973 1974
f 1975 1976 1977
f 1978 1979 1980
f 1981 1982 1983
f 1984 1985 1986
f 1987 1988 1989
f 1990 1991 1992
f 1993 1994 1995
f 1996 1997 1998
f 1999 2000 2001
f 2002 2003 2004
f 2005 2006 2007
f 2008 2009 2010
f 2011 2012 2013
f 2014 2015 2016
f 2017 2018 2019
f 2020 2021 2022
f 2023 2024 2025
f 2026 2027 2028
f 2029 2030 2031
f 2032 2033 2034
f 2035 2036 2037
f 2038 2039 2040
f 2041 2042 2043
f 2044 2045 2046
f 2047 2048 2049
f 2050 2051 2052
f 2053 2054 2055
f 2056 2057 2058
f 2059 2060 2061
f 2062 2063 2064
f 2065 2066 2067
f 2068 2069 2070
f 2071 2072 2073
f 2074 2075 2076
f 2077 2078 2079
f 2080 2081 2082
f 2083 2084 2085
f 2086 2087 2088
f 2089 2090 2091
f 2092 2093 2094
f 2095 2096 2097
f 2098 2099 2100
f 2101 2102 2103
f 2104 2105 2106
f 2107 2108 2109
f 2110 2111 2112
f 2113 2114 2115
f 2116 2117 2118
f 2119 2120 2121
f 2122 2123 2124
f 2125 2126 2127
f 2128 2129 2130
f 2131 2132 2133
f 2134 2135 2136
f 2137 2138 2139
f 2140 2141 2142
f 2143 2144 2145
f 2146 2147 2148
f 2149 2150 2151
f 2152 2153 2154
f 2155 2156 2157
f 2158 2159 2160
f 2161 2162 2163
f 2164 2165 2166
f 2167 2168 2169
f 2170 2171 2172
f 2173 2174 2175
f 2176 2177 2178
f 2179 2180 2181
f 2182 2183 2184
f 2185 2186 2187
f 2188 2189 2190
f 2191 2192 2193
f 2194 2195 2196
f 2197 2198 2199
f 2200 2201 2202
f 2203 2204 2205
f 2206 2207 2208
f 2209 2210 2211
f 2212 2213 2214
f 2215 2216 2217
f 2218 2219 2220
f 2221 2222 2223
f 2224 2225 2226
f 2227 2228 2229
f 2230 2231 2232
f 2233 2234 2235
f 2236 2237 2238
f 2239 2240 2241
f 2242 2243 2244
f 2245 2246 2247
f 2248 2249 2250
f 2251 2252 2253
f 2254 2255 2256
f 2257 2258 2259
f 2260 2261 2262
f 2263 2264 2265
f 2266 2267 2268
f 2269 2270 2271
f 2272 2273 2274
f 2275 2276 2277
f 2278 2279 2280
f 2281 2282 2283
f 2284 2285 2286
f 2287 2288 2289
f 2290 2291 2292
f 2293 2294 2295
f 2296 2297 2298
f 2299 2300 2301
f 2302 2303 2304
f 2305 2306 2307
f 2308 2309 2310
f 2311 2312 2313
f 2314 2315 2316
f 2317 2318 2319
f 2320 2321 2322
f 2323 2324 2325
f 2326 2327 2328
f 2329 2330 2331
f 2332 2333 2334
f 2335 2336 2337
f 2338 2339 2340
f 2341 2342 2343
f 2344 2345 2346
f 2347 2348 2349
f 2350 2351 2352
f 2353 2354 2355
f 2356 2357 2358
f 2359 2360 2361
f 2362 2363 2364
f 2365 2366 2367
f 2368 2369 2370
f 2371 2372 2373
f 2374 2375 2376
f 2377 2378 2379
f 2380 2381 2382
f 2383 2384 2385
f 2386 2387 2388
f 2389 2390 2391
f 2392 2393 2394
f 2395 2396 2397
f 2398 2399 2400
f 2401 2402 2403
f 2404 2405 2406
f 2407 2408 2409
f 2410 2411 2412
f 2413 2414 2415
f 2416 2417 2418
f 2419 2420 2421
f 2422 2423 2424
f 2425 2426 2427
f 2428 2429 2430
f 2431 2432 2433
f 2434 2435 2436
f 2437 2438 2439
f 2440 2441 2442
f 2443 2444 2445
f 2446 2447 2448
f 2449 2450 2451
f 2452 2453 2454
f 2455 2456 2457
f 2458 2459 2460
f 2461 2462 2463
f 2464 2465 2466
f 2467 2468 2469
f 2470 2471 2472
f 2473 2474 2475
f 2476 2477 2478
f 2479 2480 2481
f 2482 2483 2484
f 2485 2486 2487
f 2488 2489 2490
f 2491 2492 2493
f 2494 2495 2496
f 2497 2498 2499
f 2500 2501 2502
f 2503 2504 2505
f 2506 2507 2508
f 2509 2510 2511
f 2512 2513 2514
f 2515 2516 2517
f 2518 2519 2520
f 2521 2522 2523
f 2524 2525 2526
f 2527 2528 2529
f 2530 2531 2532
f 2533 2534 2535
f 2536 2537 2538
f 2539 2540 2541
f 2542 2543 2544
f 2545 2546 2547
f 2548 2549 2550
f 2551 2552 2553
f 2554 2555 2556
f 2557 2558 2559
f 2560 2561 2562
f 2563 2564 2565
f 2566 2567 2568
f 2569 2570 2571
f 2572 2573 2574
f 2575 2576 2577
f 2578 2579 2580
f 2581 2582 2583
f 2584 2585 2586
f 2587 2588 2589
f 2590 2591 2592
f 2593 2594 2595
f 2596 2597 2598
f 2599 2600 2601
f 2602 2603 2604
f 2605 2606 2607
f 2608 2609 2610
f 2611 2612 2613
f 2614 2615 2616
f 2617 2618 2619
f 2620 2621 2622
f 2623 2624 2625
f 2626 2627 2628
f 2629 2630 2631
f 2632 2633 2634
f 2635 2636 2637
f 2638 2639 2640
f 2641 2642 2643
f 2644 2645 2646
f 2647 2648 2649
f 2650 2651 2652
f 2653 2654 2655
f 2656 2657 2658
f 2659 2660 2661
f 2662 2663 2664
f 2665 2666 2667
f 2668 2669 2670
f 2671 2672 2673
f 2674 2675 2676
f 2677 2678 2679
f 2680 2681 2682
f 2683 2684 2685
f 2686 2687 2688
f 2689 2690 2691
f 2692 2693 2694
f 2695 2696 2697
f 2698 2699 2700
f 2701 2702 2703
f 2704 2705 2706
f 2707 2708 2709
f 2710 2711 2712
f 2713 2714 2715
f 2716 2717 2718
f 2719 2720 2721
f 2722 2723 2724
f 2725 2726 2727
f 2728 2729 2730
f 2731 2732 2733
f 2734 2735 2736
f 2737 2738 2739
f 2740 2741 2742
f 2743 2744 2745
f 2746 2747 2748
f 2749 2750 2751
f 2752 2753 2754
f 2755 2756 2757
f 2758 2759 2760
f 2761 2762 2763
f 2764 2765 2766
f 2767 2768 2769
f 2770 2771 2772
f 2773 2774 2775
f 2776 2777 2778
f 2779 2780 2781
f 2782 2783 2784
f 2785 2786 2787
f 2788 2789 2790
f 2791 2792 2793
f 2794 2795 2796
f 2797 2798 2799
f 2800 2801 2802
f 2803 2804 2805
f 2806 2807 2808
f 2809 2810 2811
f 2812 2813 2814
f 2815 2816 2817
f 2818 2819 2820
f 2821 2822 2823
f 2824 2825 2826
f 2827 2828 2829
f 2830 2831 2832
f 2833 2834 2835
f 2836 2837 2838
f 2839 2840 2841
f 2842 2843 2844
f 2845 2846 2847
f 2848 2849 2850
f 2851 2852 2853
f 2854 2855 2856
f 2857 2858 2859
f 2860 2861 2862
f 2863 2864 2865
f 2866 2867 2868
f 2869 2870 2871
f 2872 2873 2874
f 2875 2876 2877
f 2878 2879 2880
f 2881 2882 2883
f 2884 2885 2886
f 2887 2888 2889
f 2890 2891 2892
f 2893 2894 2895
f 2896 2897 2898
f 2899 2900 2901
f 2902 2903 2904
f 2905 2906 2907
f 2908 2909 2910
f 2911 2912 2913
f 2914 2915 2916
f 2917 2918 2919
f 2920 2921 2922
f 2923 2924 2925
f 2926 2927 2928
f 2929 2930 2931
f 2932 2933 2934
f 2935 2936 2937
f 2938 2939 2940
f 2941 2942 2943
f 2944 2945 2946
f 2947 2948 2949
f 2950 2951 2952
f 2953 2954 2955
f 2956 2957 2958
f 2959 2960 2961
f 2962 2963 2964
f 2965 2966 2967
f 2968 2969 2970
f 2971 2972 2973
f 2974 2975 2976
f 2977 2978 2979
f 2980 2981 2982
f 2983 2984 2985
f 2986 2987 2988
f 2989 2990 2991
f 2992 2993 2994
f 2995 2996 2997
f 2998 2999 3000
f 3001 3002 3003
f 3004 3005 3006
f 3007 3008 3009
f 3010 3011 3012
f 3013 3014 3015
f 3016 3017 3018
f 3019 3020 3021
f 3022 3023 3024
f 3025 3026 3027
f 3028 3029 3030
f 3031 3032 3033
f 3034 3035 3036
f 3037 3038 3039
f 3040 3041 3042
f 3043 3044 3045
f 3046 3047 3048
f 3049 3050 3051
f 3052 3053 3054
f 3055 3056 3057
f 3058 3059 3060
f 3061 3062 3063
f 3064 3065 3066
f 3067 3068 3069
f 3070 3071 3072
f 3073 3074 3075
f 3076 3077 3078
f 3079 3080 3081
f 3082 3083 3084
f 3085 3086 3087
f 3088 3089 3090
f 3091 3092 3093
f 3094 3095 3096
f 3097 3098 3099
f 3100 3101 3102
f 3103 3104 3105
f 3106 3107 3108
f 3109 3110 3111
f 3112 3113 3114
f 3115 3116 3117
f 3118 3119 3120
f 3121 3122 3123
f 3124 3125 3126
f 3127 3128 3129
f 3130 3131 3132
f 3133 3134 3135
f 3136 3137 3138
f 3139 3140 3141
f 3142 3143 3144
f 3145 3146 3147
f 3148 3149 3150
f 3151 3152 3153
f 3154 3155 3156
f 3157 3158 3159
f 3160 3161 3162
f 3163 3164 3165
f 3166 3167 3168
f 3169 3170 3171
f 3172 3173 3174
f 3175 3176 3177
f 3178 3179 3180
f 3181 3182 3183
f 3184 3185 3186
f 3187 3188 3189
f 3190 3191 3192
f 3193 3194 3195
f 3196 3197 3198
f 3199 3200 3201
f 3202 3203 3204
f 3205 3206 3207
f 3208 3209 3210
f 3211 3212 3213
f 3214 3215 3216
f 3217 3218 3219
f 3220 3221 3222
f 3223 3224 3225
f 3226 3227 3228
f 3229 3230 3231
f 3232 3233 3234
f 3235 3236 3237
f 3238 3239 3240
f 3241 3242 3243
f 3244 3245 3246
f 3247 3248 3249
f 3250 3251 3252
f 3253 3254 3255
f 3256 3257 3258
f 3259 3260 3261
f 3262 3263 3264
f 3265 3266 3267
f 3268 3269 3270
f 3271 3272 3273
f 3274 3275 3276
f 3277 3278 3279
f 3280 3281 3282
f 3283 3284 3285
f 3286 3287 3288
f 3289 3290 3291
f 3292 3293 3294
f 3295 3296 3297
f 3298 3299 3300
f 3301 3302 3303
f 3304 3305 3306
f 3307 3308 3309
f 3310 3311 3312
f 3313 3314 3315
f 3316 3317 3318
f 3319 3320 3321
f 3322 3323 3324
f 3325 3326 3327
f 3328 3329 3330
f 3331 3332 3333
f 3334 3335 3336
f 3337 3338 3339
f 3340 3341 3342
f 3343 3344 3345
f 3346 3347 3348
f 3349 3350 3351
f 3352 3353 3354
f 3355 3356 3357
f 3358 3359 3360
f 3361 3362 3363
f 3364 3365 3366
f 3367 3368 3369
f 3370 3371 3372
f 3373 3374 3375
f 3376 3377 3378
f 3379 3380 3381
f 3382 3383 3384
f 3385 3386 3387
f 3388 3389 3390
f 3391 3392 3393
f 3394 3395 3396
f 3397 3398 3399
f 3400 3401 3402
f 3403 3404 3405
f 3406 3407 3408
f 3409 3410 3411
f 3412 3413 3414
f 3415 3416 3417
f 3418 3419 3420
f 3421 3422 3423
f 3424 3425 3426
f 3427 3428 3429
f 3430 3431 3432
f 3433 3434 3435
f 3436 3437 3438
f 3439 3440 3441
f 3442 3443 3444
f 3445 3446 3447
f 3448 3449 3450
f 3451 3452 3453
f 3454 3455 3456
f 3457 3458 3459
f 3460 3461 3462
f 3463 3464 3465
f 3466 3467 3468
f 3469 3470 3471
f 3472 3473 3474
f 3475 3476 3477
f 3478 3479 3480
f 3481 3482 3483
f 3484 3485 3486
f 3487 3488 3489
f 3490 3491 3492
f 3493 3494 3495
f 3496 3497 3498
f 3499 3500 3501
f 3502 3503 3504
f 3505 3506 3507
f 3508 3509 3510
f 3511 3512 3513
f 3514 3515 3516
f 3517 3518 3519
f 3520 3521 3522
f 3523 3524 3525
f 3526 3527 3528
f 3529 3530 3531
f 3532 3533 3534
f 3535 3536 3537
f 3538 3539 3540
f 3541 3542 3543
f 3544 3545 3546
f 3547 3548 3549
f 3550 3551 3552
f 3553 3554 3555
f 3556 3557 3558
f 3559 3560 3561
f 3562 3563 3564
f 3565 3566 3567
f 3568 3569 3570
f 3571 3572 3573
f 3574 3575 3576
f 3577 3578 3579
f 3580 3581 3582
f 3583 3584 3585
f 3586 3587 3588
f 3589 3590 3591
f 3592 3593 3594
f 3595 3596 3597
f 3598 3599 3600
f 3601 3602 3603
f 3604 3605 3606
f 3607 3608 3609
f 3610 3611 3612
f 3613 3614 3615
f 3616 3617 3618
f 3619 3620 3621
f 3622 3623 3624
f 3625 3626 3627
f 3628 3629 3630
f 3631 3632 3633
f 3634 3635 3636
f 3637 3638 3639
f 3640 3641 3642
f 3643 3644 3645
f 3646 3647 3648
f 3649 3650 3651
f 3652 3653 3654
f 3655 3656 3657
f 3658 3659 3660
f 3661 3662 3663
f 3664 3665 3666
f 3667 3668 3669
f 3670 3671 3672
f 3673 3674 3675
f 3676 3677 3678
f 3679 3680 3681
f 3682 3683 3684
f 3685 3686 3687
f 3688 3689 3690
f 3691 3692 3693
f 3694 3695 3696
f 3697 3698 3699
f 3700 3701 3702
f 3703 3704 3705
f 3706 3707 3708
f 3709 3710 3711
f 3712 3713 3714
f 3715 3716 3717
f 3718 3719 3720
f 3721 3722 3723
f 3724 3725 3726
f 3727 3728 3729
f 3730 3731 3732
f 3733 3734 3735
f 3736 3737 3738
f 3739 3740 3741
f 3742 3743 3744
f 3745 3746 3747
f 3748 3749 3750
f 3751 3752 3753
f 3754 3755 3756
f 3757 3758 3759
f 3760 3761 3762
f 3763 3764 3765
f 3766 3767 3768
f 3769 3770 3771
f 3772 3773 3774
f 3775 3776 3777
f 3778 3779 3780
f 3781 3782 3783
f 3784 3785 3786
f 3787 3788 3789
f 3790 3791 3792
f 3793 3794 3795
f 3796 3797 3798
f 3799 3800 3801
f 3802 3803 3804
f 3805 3806 3807
f 3808 3809 3810
f 3811 3812 3813
f 3814 3815 3816
f 3817 3818 3819
f 3820 3821 3822
f 3823 3824 3825
f 3826 3827 3828
f 3829 3830 3831
f 3832 3833 3834
f 3835 3836 3837
f 3838 3839 3840
f 3841 3842 3843
f 3844 3845 3846
f 3847 3848 3849
f 3850 3851 3852
f 3853 3854 3855
f 3856 3857 3858
f 3859 3860 3861
f 3862 3863 3864
f 3865 3866 3867
f 3868 3869 3870
f 3871 3872 3873
f 3874 3875 3876
f 3877 3878 3879
f 3880 3881 3882
f 3883 3884 3885
f 3886 3887 3888
f 3889 3890 3891
f 3892 3893 3894
f 3895 3896 3897
f 3898 3899 3900
f 3901 3902 3903
f 3904 3905 3906
f 3907 3908 3909
f 3910 3911 3912
f 3913 3914 3915
f 3916 3917 3918
f 3919 3920 3921
f 3922 3923 3924
f 3925 3926 3927
f 3928 3929 3930
f 3931 3932 3933
f 3934 3935 3936
f 3937 3938 3939
f 3940 3941 3942
f 3943 3944 3945
f 3946 3947 3948
f 3949 3950 3951
f 3952 3953 3954
f 3955 3956 3957
f 3958 3959 3960
f 3961 3962 3963
f 3964 3965 3966
f 3967 3968 3969
f 3970 3971 3972
f 3973 3974 3975
f 3976 3977 3978
f 3979 3980 3981
f 3982 3983 3984
f 3985 3986 3987
f 3988 3989 3990
f 3991 3992 3993
f 3994 3995 3996
f 3997 3998 3999
f 4000 4001 4002
f 4003 4004 4005
f 4006 4007 4008
f 4009 4010 4011
f 4012 4013 4014
f 4015 4016 4017
f 4018 4019 4020
f 4021 4022 4023
f 4024 4025 4026
f 4027 4028 4029
f 4030 4031 4032
f 4033 4034 4035
f 4036 4037 4038
f 4039 4040 4041
f 4042 4043 4044
f 4045 4046 4047
f 4048 4049 4050
f 4051 4052 4053
f 4054 4055 4056
f 4057 4058 4059
f 4060 4061 4062
f 4063 4064 4065
f 4066 4067 4068
f 4069 4070 4071
f 4072 4073 4074
f 4075 4076 4077
f 4078 4079 4080
f 4081 4082 4083
f 4084 4085 4086
f 4087 4088 4089
f 4090 4091 4092
f 4093 4094 4095
f 4096 4097 4098
f 4099 4100 4101
f 4102 4103 4104
f 4105 4106 4107
f 4108 4109 4110
f 4111 4112 4113
f 4114 4115 4116
f 4117 4118 4119
f 4120 4121 4122
f 4123 4124 4125
f 4126 4127 4128
f 4129 4130 4131
f 4132 4133 4134
f 4135 4136 4137
f 4138 4139 4140
f 4141 4142 4143
f 4144 4145 4146
f 4147 4148 4149
f 4150 4151 4152
f 4153 4154 4155
f 4156 4157 4158
f 4159 4160 4161
f 4162 4163 4164
f 4165 4166 4167
f 4168 4169 4170
f 4171 4172 4173
f 4174 4175 4176
f 4177 4178 4179
f 4180 4181 4182
f 4183 4184 4185
f 4186 4187 4188
f 4189 4190 4191
f 4192 4193 4194
f 4195 4196 4197
f 4198 4199 4200
f 4201 4202 4203
f 4204 4205 4206
f 4207 4208 4209
f 4210 4211 4212
f 4213 4214 4215
f 4216 4217 4218
f 4219 4220 4221
f 4222 4223 4224
f 4225 4226 4227
f 4228 4229 4230
f 4231 4232 4233
f 4234 4235 4236
f 4237 4238 4239
f 4240 4241 4242
f 4243 4244 4245
f 4246 4247 4248
f 4249 4250 4251
f 4252 4253 4254
f 4255 4256 4257
f 4258 4259 4260
f 4261 4262 4263
f 4264 4265 4266
f 4267 4268 4269
f 4270 4271 4272
f 4273 4274 4275
f 4276 4277 4278
f 4279 4280 4281
f 4282 4283 4284
f 4285 4286 4287
f 4288 4289 4290
f 4291 4292 4293
f 4294 4295 4296
f 4297 4298 4299
f 4300 4301 4302
f 4303 4304 4305
f 4306 4307 4308
f 4309 4310 4311
f 4312 4313 4314
f 4315 4316 4317
f 4318 4319 4320
f 4321 4322 4323
f 4324 4325 4326
f 4327 4328 4329
f 4330 4331 4332
f 4333 4334 4335
f 4336 4337 4338
f 4339 4340 4341
f 4342 4343 4344
f 4345 4346 4347
f 4348 4349 4350
f 4351 4352 4353
f 4354 4355 4356
f 4357 4358 4359
f 4360 4361 4362
f 4363 4364 4365
f 4366 4367 4368
f 4369 4370 4371
f 4372 4373 4374
f 4375 4376 4377
f 4378 4379 4380
f 4381 4382 4383
f 4384 4385 4386
f 4387 4388 4389
f 4390 4391 4392
f 4393 4394 4395
f 4396 4397 4398
f 4399 4400 4401
f 4402 4403 4404
f 4405 4406 4407
f 4408 4409 4410
f 4411 4412 4413
f 4414 4415 4416
f 4417 4418 4419
f 4420 4421 4422
f 4423 4424 4425
f 4426 4427 4428
f 4429 4430 4431
f 4432 4433 4434
f 4435 4436 4437
f 4438 4439 4440
f 4441 4442 4443
f 4444 4445 4446
f 4447 4448 4449
f 4450 4451 4452
f 4453 4454 4455
f 4456 4457 4458
f 4459 4460 4461
f 4462 4463 4464
f 4465 4466 4467
f 4468 4469 4470
f 4471 4472 4473
f 4474 4475 4476
f 4477 4478 4479
f 4480 4481 4482
f 4483 4484 4485
f 4486 4487 4488
f 4489 4490 4491
f 4492 4493 4494
f 4495 4496 4497
f 4498 4499 4500
f 4501 4502 4503
f 4504 4505 4506
f 4507 4508 4509
f 4510 4511 4512
f 4513 4514 4515
f 4516 4517 4518
f 4519 4520 4521
f 4522 4523 4524
f 4525 4526 4527
f 4528 4529 4530
f 4531 4532 4533
f 4534 4535 4536
f 4537 4538 4539
f 4540 4541 4542
f 4543 4544 4545
f 4546 4547 4548
f 4549 4550 4551
f 4552 4553 4554
f 4555 4556 4557
f 4558 4559 4560
f 4561 4562 4563
f 4564 4565 4566
f 4567 4568 4569
f 4570 4571 4572
f 4573 4574 4575
f 4576 4577 4578
f 4579 4580 4581
f 4582 4583 4584
f 4585 4586 4587
f 4588 4589 4590
f 4591 4592 4593
f 4594 4595 4596
f 4597 4598 4599
f 4600 4601 4602
f 4603 4604 4605
f 4606 4607 4608
f 4609 4610 4611
f 4612 4613 4614
f 4615 4616 4617
f 4618 4619 4620
f 4621 4622 4623
f 4624 4625 4626
f 4627 4628 4629
f 4630 4631 4632
f 4633 4634 4635
f 4636 4637 4638
f 4639 4640 4641
f 4642 4643 4644
f 4645 4646 4647
f 4648 4649 4650
f 4651 4652 4653
f 4654 4655 4656
f 4657 4658 4659
f 4660 4661 4662
f 4663 4664 4665
f 4666 4667 4668
f 4669 4670 4671
f 4672 4673 4674
f 4675 4676 4677
f 4678 4679 4680
f 4681 4682 4683
f 4684 4685 4686
f 4687 4688 4689
f 4690 4691 4692
f 4693 4694 4695
f 4696 4697 4698
f 4699 4700 4701
f 4702 4703 4704
f 4705 4706 4707
f 4708 4709 4710
f 4711 4712 4713
f 4714 4715 4716
f 4717 4718 4719
f 4720 4721 4722
f 4723 4724 4725
f 4726 4727 4728
f 4729 4730 4731
f 4732 4733 4734
f 4735 4736 4737
f 4738 4739 4740
f 4741 4742 4743
f 4744 4745 4746
f 4747 4748 4749
f 4750 4751 4752
f 4753 4754 4755
f 4756 4757 4758
f 4759 4760 4761
f 4762 4763 4764
f 4765 4766 4767
f 4768 4769 4770
f 4771 4772 4773
f 4774 4775 4776
f 4777 4778 4779
f 4780 4781 4782
f 4783 4784 4785
f 4786 4787 4788
f 4789 4790 4791
f 4792 4793 4794
f 4795 4796 4797
f 4798 4799 4800
f 4801 4802 4803
f 4804 4805 4806
f 4807 4808 4809
f 4810 4811 4812
f 4813 4814 4815
f 4816 4817 4818
f 4819 4820 4821
f 4822 4823 4824
f 4825 4826 4827
f 4828 4829 4830
f 4831 4832 4833
f 4834 4835 4836
f 4837 4838 4839
f 4840 4841 4842
f 4843 4844 4845
f 4846 4847 4848
f 4849 4850 4851
f 4852 4853 4854
f 4855 4856 4857
f 4858 4859 4860
f 4861 4862 4863
f 4864 4865 4866
f 4867 4868 4869
f 4870 4871 4872
f 4873 4874 4875
f 4876 4877 4878
f 4879 4880 4881
f 4882 4883 4884
f 4885 4886 4887
f 4888 4889 4890
f 4891 4892 4893
f 4894 4895 4896
f 4897 4898 4899
f 4900 4901 4902
f 4903 4904 4905
f 4906 4907 4908
f 4909 4910 4911
f 4912 4913 4914
f 4915 4916 4917
f 4918 4919 4920
f 4921 4922 4923
f 4924 4925 4926
f 4927 4928 4929
f 4930 4931 4932
f 4933 4934 4935
f 4936 4937 4938
f 4939 4940 4941
f 4942 4943 4944
f 4945 4946 4947
f 4948 4949 4950
f 4951 4952 4953
f 4954 4955 4956
f 4957 4958 4959
f 4960 4961 4962
f 4963 4964 4965
f 4966 4967 4968
f 4969 4970 4971
f 4972 4973 4974
f 4975 4976 4977
f 4978 4979 4980
f 4981 4982 4983
f 4984 4985 4986
f 4987 4988 4989
f 4990 4991 4992
f 4993 4994 4995
f 4996 4997 4998
f 4999 5000 5001
f 5002 5003 5004
f 5005 5006 5007
f 5008 5009 5010
f 5011 5012 5013
f 5014 5015 5016
f 5017 5018 5019
f 5020 5021 5022
f 5023 5024 5025
f 5026 5027 5028
f 5029 5030 5031
f 5032 5033 5034
f 5035 5036 5037
f 5038 5039 5040
f 5041 5042 5043
f 5044 5045 5046
f 5047 5048 5049
f 5050 5051 5052
f 5053 5054 5055
f 5056 5057 5058
f 5059 5060 5061
f 5062 5063 5064
f 5065 5066 5067
f 5068 5069 5070
f 5071 5072 5073
f 5074 5075 5076
f 5077 5078 5079
f 5080 5081 5082
f 5083 5084 5085
f 5086 5087 5088
f 5089 5090 5091
f 5092 5093 5094
f 5095 5096 5097
f 5098 5099 5100
f 5101 5102 5103
f 5104 5105 5106
f 5107 5108 5109
f 5110 5111 5112
f 5113 5114 5115
f 5116 5117 5118
f 5119 5120 5121
f 5122 5123 5124
f 5125 5126 5127
f 5128 5129 5130
f 5131 5132 5133
f 5134 5135 5136
f 5137 5138 5139
f 5140 5141 5142
f 5143 5144 5145
f 5146 5147 5148
f 5149 5150 5151
f 5152 5153 5154
f 5155 5156 5157
f 5158 5159 5160
f 5161 5162 5163
f 5164 5165 5166
f 5167 5168 5169
f 5170 5171 5172
f 5173 5174 5175
f 5176 5177 5178
f 5179 5180 5181
f 5182 5183 5184
f 5185 5186 5187
f 5188 5189 5190
f 5191 5192 5193
f 5194 5195 5196
f 5197 5198 5199
f 5200 5201 5202
f 5203 5204 5205
f 5206 5207 5208
f 5209 5210 5211
f 5212 5213 5214
f 5215 5216 5217
f 5218 5219 5220
f 5221 5222 5223
f 5224 5225 5226
f 5227 5228 5229
f 5230 5231 5232
f 5233 5234 5235
f 5236 5237 5238
f 5239 5240 5241
f 5242 5243 5244
f 5245 5246 5247
f 5248 5249 5250
f 5251 5252 5253
f 5254 5255 5256
f 5257 5258 5259
f 5260 5261 5262
f 5263 5264 5265
f 5266 5267 5268
f 5269 5270 5271
f 5272 5273 5274
f 5275 5276 5277
f 5278 5279 5280
f 5281 5282 5283
f 5284 5285 5286
f 5287 5288 5289
f 5290 5291 5292
f 5293 5294 5295
f 5296 5297 5298
f 5299 5300 5301
f 5302 5303 5304
f 5305 5306 5307
f 5308 5309 5310
f 5311 5312 5313
f 5314 5315 5316
f 5317 5318 5319
f 5320 5321 5322
f 5323 5324 5325
f 5326 5327 5328
f 5329 5330 5331
f 5332 5333 5334
f 5335 5336 5337
f 5338 5339 5340
f 5341 5342 5343
f 5344 5345 5346
f 5347 5348 5349
f 5350 5351 5352
f 5353 5354 5355
f 5356 5357 5358
f 5359 5360 5361
f 5362 5363 5364
f 5365 5366 5367
f 5368 5369 5370
f 5371 5372 5373
f 5374 5375 5376
f 5377 5378 5379
f 5380 5381 5382
f 5383 5384 5385
f 5386 5387 5388
f 5389 5390 5391
f 5392 5393 5394
f 5395 5396 5397
f 5398 5399 5400
f 5401 5402 5403
f 5404 5405 5406
f 5407 5408 5409
f 5410 5411 5412
f 5413 5414 5415
f 5416 5417 5418
f 5419 5420 5421
f 5422 5423 5424
f 5425 5426 5427
f 5428 5429 5430
f 5431 5432 5433
f 5434 5435 5436
f 5437 5438 5439
f 5440 5441 5442
f 5443 5444 5445
f 5446 5447 5448
f 5449 5450 5451
f 5452 5453 5454
f 5455 5456 5457
f 5458 5459 5460
f 5461 5462 5463
f 5464 5465 5466
f 5467 5468 5469
f 5470 5471 5472
f 5473 5474 5475
f 5476 5477 5478
f 5479 5480 5481
f 5482 5483 5484
f 5485 5486 5487
f 5488 5489 5490
f 5491 5492 5493
f 5494 5495 5496
f 5497 5498 5499
f 5500 5501 5502
f 5503 5504 5505
f 5506 5507 5508
f 5509 5510 5511
f 5512 5513 5514
f 5515 5516 5517
f 5518 5519 5520
f 5521 5522 5523
f 5524 5525 5526
f 5527 5528 5529
f 5530 5531 5532
f 5533 5534 5535
f 5536 5537 5538
f 5539 5540 5541
f 5542 5543 5544
f 5545 5546 5547
f 5548 5549 5550
f 5551 5552 5553
f 5554 5555 5556
f 5557 5558 5559
f 5560 5561 5562
f 5563 5564 5565
f 5566 5567 5568
f 5569 5570 5571
f 5572 5573 5574
f 5575 5576 5577
f 5578 5579 5580
f 5581 5582 5583
f 5584 5585 5586
f 5587 5588 5589
f 5590 5591 5592
f 5593 5594 5595
f 5596 5597 5598
f 5599 5600 5601
f 5602 5603 5604
f 5605 5606 5607
f 5608 5609 5610
f 5611 5612 5613
f 5614 5615 5616
f 5617 5618 5619
f 5620 5621 5622
f 5623 5624 5625
f 5626 5627 5628
f 5629 5630 5631
f 5632 5633 5634
f 5635 5636 5637
f 5638 5639 5640
f 5641 5642 5643
f 5644 5645 5646
f 5647 5648 5649
f 5650 5651 5652
f 5653 5654 5655
f 5656 5657 5658
f 5659 5660 5661
f 5662 5663 5664
f 5665 5666 5667
f 5668 5669 5670
f 5671 5672 5673
f 5674 5675 5676
f 5677 5678 5679
f 5680 5681 5682
f 5683 5684 5685
f 5686 5687 5688
f 5689 5690 5691
f 5692 5693 5694
f 5695 5696 5697
f 5698 5699 5700
f 5701 5702 5703
f 5704 5705 5706
f 5707 5708 5709
f 5710 5711 5712
f 5713 5714 5715
f 5716 5717 5718
f 5719 5720 5721
f 5722 5723 5724
f 5725 5726 5727
f 5728 5729 5730
f 5731 5732 5733
f 5734 5735 5736
f 5737 5738 5739
f 5740 5741 5742
f 5743 5744 5745
f 5746 5747 5748
f 5749 5750 5751
f 5752 5753 5754
f 5755 5756 5757
f 5758 5759 5760
f 5761 5762 5763
f 5764 5765 5766
f 5767 5768 5769
f 5770 5771 5772
f 5773 5774 5775
f 5776 5777 5778
f 5779 5780 5781
f 5782 5783 5784
f 5785 5786 5787
f 5788 5789 5790
f 5791 5792 5793
f 5794 5795 5796
f 5797 5798 5799
f 5800 5801 5802
f 5803 5804 5805
f 5806 5807 5808
f 5809 5810 5811
f 5812 5813 5814
f 5815 5816 5817
f 5818 5819 5820
f 5821 5822 5823
f 5824 5825 5826
f 5827 5828 5829
f 5830 5831 5832
f 5833 5834 5835
f 5836 5837 5838
f 5839 5840 5841
f 5842 5843 5844
f 5845 5846 5847
f 5848 5849 5850
f 5851 5852 5853
f 5854 5855 5856
f 5857 5858 5859
f 5860 5861 5862
f 5863 5864 5865
f 5866 5867 5868
f 5869 5870 5871
f 5872 5873 5874
f 5875 5876 5877
f 5878 5879 5880
f 5881 5882 5883
f 5884 5885 5886
f 5887 5888 5889
f 5890 5891 5892
f 5893 5894 5895
f 5896 5897 5898
f 5899 5900 5901
f 5902 5903 5904
f 5905 5906 5907
f 5908 5909 5910
f 5911 5912 5913
f 5914 5915 5916
f 5917 5918 5919
f 5920 5921 5922
f 5923 5924 5925
f 5926 5927 5928
f 5929 5930 5931
f 5932 5933 5934
f 5935 5936 5937
f 5938 5939 5940
f 5941 5942 5943
f 5944 5945 5946
f 5947 5948 5949
f 5950 5951 5952
f 5953 5954 5955
f 5956 5957 5958
f 5959 5960 5961
f 5962 5963 5964
f 5965 5966 5967
f 5968 5969 5970
f 5971 5972 5973
f 5974 5975 5976
f 5977 5978 5979
f 5980 5981 5982
f 5983 5984 5985
f 5986 5987 5988
f 5989 5990 5991
f 5992 5993 5994
f 5995 5996 5997
f 5998 5999 6000
f 6001 6002 6003
f 6004 6005 6006
f 6007 6008 6009
f 6010 6011 6012
f 6013 6014 6015
f 6016 6017 6018
f 6019 6020 6021
f 6022 6023 6024
f 6025 6026 6027
f 6028 6029 6030
f 6031 6032 6033
f 6034 6035 6036
f 6037 6038 6039
f 6040 6041 6042
f 6043 6044 6045
f 6046 6047 6048
f 6049 6050 6051
f 6052 6053 6054
f 6055 6056 6057
f 6058 6059 6060
f 6061 6062 6063
f 6064 6065 6066
f 6067 6068 6069
f 6070 6071 6072
f 6073 6074 6075
f 6076 6077 6078
f 6079 6080 6081
f 6082 6083 6084
f 6085 6086 6087
f 6088 6089 6090
f 6091 6092 6093
f 6094 6095 6096
f 6097 6098 6099
f 6100 6101 6102
f 6103 6104 6105
f 6106 6107 6108
f 6109 6110 6111
f 6112 6113 6114
f 6115 6116 6117
f 6118 6119 6120
f 6121 6122 6123
f 6124 6125 6126
f 6127 6128 6129
f 6130 6131 6132
f 6133 6134 6135
f 6136 6137 6138
f 6139 6140 6141
f 6142 6143 6144
f 6145 6146 6147
f 6148 6149 6150
f 6151 6152 6153
f 6154 6155 6156
f 6157 6158 6159
f 6160 6161 6162
f 6163 6164 6165
f 6166 6167 6168
f 6169 6170 6171
f 6172 6173 6174
f 6175 6176 6177
f 6178 6179 6180
f 6181 6182 6183
f 6184 6185 6186
f 6187 6188 6189
f 6190 6191 6192
f 6193 6194 6195
f 6196 6197 6198
f 6199 6200 6201
f 6202 6203 6204
f 6205 6206 6207
f 6208 6209 6210
f 6211 6212 6213
f 6214 6215 6216
f 6217 6218 6219
f 6220 6221 6222
f 6223 6224 6225
f 6226 6227 6228
f 6229 6230 6231
f 6232 6233 6234
f 6235 6236 6237
f 6238 6239 6240
f 6241 6242 6243
f 6244 6245 6246
f 6247 6248 6249
f 6250 6251 6252
f 6253 6254 6255
f 6256 6257 6258
f 6259 6260 6261
f 6262 6263 6264
f 6265 6266 6267
f 6268 6269 6270
f 6271 6272 6273
f 6274 6275 6276
f 6277 6278 6279
f 6280 6281 6282
f 6283 6284 6285
f 6286 6287 6288
f 6289 6290 6291
f 6292 6293 6294
f 6295 6296 6297
f 6298 6299 6300
f 6301 6302 6303
f 6304 6305 6306
f 6307 6308 6309
f 6310 6311 6312
f 6313 6314 6315
f 6316 6317 6318
f 6319 6320 6321
f 6322 6323 6324
f 6325 6326 6327
f 6328 6329 6330
f 6331 6332 6333
f 6334 6335 6336
f 6337 6338 6339
f 6340 6341 6342
f 6343 6344 6345
f 6346 6347 6348
f 6349 6350 6351
f 6352 6353 6354
f 6355 6356 6357
f 6358 6359 6360
f 6361 6362 6363
f 6364 6365 6366
f 6367 6368 6369
f 6370 6371 6372
f 6373 6374 6375
f 6376 6377 6378
f 6379 6380 6381
f 6382 6383 6384
