mtllib ALLEX_Right_Forearm_Base_Cover.mtl
v 0.014897661916707387 0.0021092806864281273 -0.0050000002374872565
v 0.014952393288325542 -0.0015033543823948776 -0.0050000002374872565
v 0.014992087122608359 -0.0011284028827664853 -1.7585484127047748e-11
v 0.014088274671232307 0.005221048126251847 -0.0050000002374872565
v 0.014897661916707387 0.0021092806864281273 -0.0050000002374872565
v 0.014833819140237518 0.0024587684845525644 -5.6820321815288794e-11
v 0.012646853093979397 0.008127634434503815 -0.0050000002374872565
v 0.014088274671232307 0.005221048126251847 -0.0050000002374872565
v 0.014000331589967833 0.005442367335372344 -5.53878702564939e-12
v 0.011261250077116982 0.009913545125714294 -0.0050000002374872565
v 0.012646853093979397 0.008127634434503815 -0.0050000002374872565
v 0.012507732985442836 0.008351017394943037 -2.7825888693704785e-11
v 0.00932155558038439 0.0118208862197261 -0.0050000002374872565
v 0.011261250077116982 0.009913545125714294 -0.0050000002374872565
v 0.010937865776783908 0.010270154487134751 -5.885309408465113e-12
v 0.006567193820073149 0.013499673530909525 -0.0050000002374872565
v 0.00932155558038439 0.0118208862197261 -0.0050000002374872565
v 0.00766570509127429 0.012899638788664288 -1.2450644840303035e-10
v 0.004392998904029778 0.014358380046000093 -0.004999999760650076
v 0.006567193820073149 0.013499673530909525 -0.0050000002374872565
v 0.0052599074954681755 0.014064470959164185 4.030433920420702e-10
v 0.0017354863514283674 0.014923766845010285 -0.0050000002374872565
v 0.004392998904029778 0.014358380046000093 -0.004999999760650076
v 0.0031010479015795853 0.01468757794524211 -1.3878954609767326e-09
v -0.0016547845195923065 0.014940320724580732 -0.0050000002374872565
v 0.0017354863514283674 0.014923766845010285 -0.0050000002374872565
v 0.0009712754949322419 0.014981361147062274 6.393694055899925e-10
v -0.005394949692434093 0.014049825381991506 -0.004999998806975714
v -0.0016547845195923065 0.014940320724580732 -0.0050000002374872565
v -0.004973690746033766 0.014201106745988509 -7.1029693307950335e-09
v -0.008512992309557823 0.012376409164813192 -0.004999998806975714
v -0.005394949692434093 0.014049825381991506 -0.004999998806975714
v -0.007640841846990322 0.012919272082748675 8.792800221449558e-10
v -0.010846150913418897 0.010408157842993758 -0.0050000002374872565
v -0.008512992309557823 0.012376409164813192 -0.004999998806975714
v -0.010329940332869937 0.010952327294804774 7.000511109795002e-09
v -0.012537427544043193 0.008253405962999614 -0.0050000002374872565
v -0.010846150913418897 0.010408157842993758 -0.0050000002374872565
v -0.012204698188639788 0.008731243548256716 2.026171938100377e-09
v -0.01381184548177206 0.005961087986841306 -0.004999999760650076
v -0.012537427544043193 0.008253405962999614 -0.0050000002374872565
v -0.013295682584941185 0.006978685233660907 1.735703418167187e-08
v -0.014841788996878272 0.0023695856266178757 -0.0049999907007436395
v -0.01381184548177206 0.005961087986841306 -0.004999999760650076
v -0.014372616496871608 0.004385919302405671 -1.4413016745225241e-09
v -0.014995110270334958 -0.0010211231001441138 -0.0050000002374872565
v -0.014841788996878272 0.0023695856266178757 -0.0049999907007436395
v -0.015032223461795006 -0.0001400919474146226 1.0720801183090857e-09
v -0.014280789099931916 -0.004755280720553644 -0.0050000002374872565
v -0.014995110270334958 -0.0010211231001441138 -0.0050000002374872565
v -0.014605980613180417 -0.0035155822516369497 -4.1480982114356e-09
v -0.012465098019428526 -0.008410759371657582 -0.0049999968996269906
v -0.014280789099931916 -0.004755280720553644 -0.0050000002374872565
v -0.01340206782101228 -0.006844398823626639 -1.3704800008526437e-09
v -0.010372989193557227 -0.010865820447129025 -0.004999997853301352
v -0.012465098019428526 -0.008410759371657582 -0.0049999968996269906
v -0.011762039743237198 -0.00932378050267024 3.9438488838309734e-09
v -0.007485927937349592 -0.01305921139756194 -0.0050000002374872565
v -0.010372989193557227 -0.010865820447129025 -0.004999997853301352
v -0.00971850632097926 -0.011436929292309437 -1.0555394837718872e-12
v -0.0038624810622879544 -0.014529185985204248 -0.0050000002374872565
v -0.007485927937349592 -0.01305921139756194 -0.0050000002374872565
v -0.0038712052753488166 -0.014535456394132448 1.9574573648026204e-10
v -0.0010774014507862475 -0.01496543573889619 -0.004999998330138533
v -0.0038624810622879544 -0.014529185985204248 -0.0050000002374872565
v -0.0038712052753488166 -0.014535456394132448 1.9574573648026204e-10
v 0.0021199253612348705 -0.014930691474550613 -0.004999989747069278
v -0.0010774014507862475 -0.01496543573889619 -0.004999998330138533
v 0.00016003868743960997 -0.01500846838711933 -4.651171132448098e-09
v 0.005829572477664969 -0.013834740342173465 -0.0050000002374872565
v 0.0021199253612348705 -0.014930691474550613 -0.004999989747069278
v 0.004747117744854646 -0.01423318835151621 3.1827129111788883e-10
v 0.008674703056374413 -0.012293673145563618 -0.0050000002374872565
v 0.005829572477664969 -0.013834740342173465 -0.0050000002374872565
v 0.006251666365968968 -0.013645280532454392 -7.951922831537625e-13
v 0.01055702450350693 -0.010658160715891206 -0.0050000002374872565
v 0.008674703056374413 -0.012293673145563618 -0.0050000002374872565
v 0.009594851949566443 -0.011543749403889468 -5.897747015556138e-12
v 0.0115947261595456 -0.009540318942215518 -0.0050000002374872565
v 0.01055702450350693 -0.010658160715891206 -0.0050000002374872565
v 0.010742534194019828 -0.010473770639078948 2.418936499422815e-12
v 0.012971299787551408 -0.00756934011172161 -0.0050000002374872565
v 0.0115947261595456 -0.009540318942215518 -0.0050000002374872565
v 0.011785338961567972 -0.00929649683285627 -3.3088853230283065e-12
v 0.01392244500484752 -0.0056003597058526524 -0.0050000002374872565
v 0.012971299787551408 -0.00756934011172161 -0.0050000002374872565
v 0.013084841396032724 -0.007370115153375876 -5.533175958216423e-12
v 0.014492010804910697 -0.003912936873324001 -0.0050000002374872565
v 0.01392244500484752 -0.0056003597058526524 -0.0050000002374872565
v 0.013965849586071725 -0.005491028569678257 -4.043299665057495e-12
v 0.014952393288325542 -0.0015033543823948776 -0.0050000002374872565
v 0.014492010804910697 -0.003912936873324001 -0.0050000002374872565
v 0.014520791743472542 -0.003803769292302638 -3.0088917232508073e-12
v 0.014520791743472542 -0.003803769292302638 -3.0088917232508073e-12
v 0.014992087122608359 -0.0011284028827664853 -1.7585484127047748e-11
v 0.014952393288325542 -0.0015033543823948776 -0.0050000002374872565
v 0.013965849586071725 -0.005491028569678257 -4.043299665057495e-12
v 0.014520791743472542 -0.003803769292302638 -3.0088917232508073e-12
v 0.014492010804910697 -0.003912936873324001 -0.0050000002374872565
v 0.013084841396032724 -0.007370115153375876 -5.533175958216423e-12
v 0.013965849586071725 -0.005491028569678257 -4.043299665057495e-12
v 0.01392244500484752 -0.0056003597058526524 -0.0050000002374872565
v 0.011785338961567972 -0.00929649683285627 -3.3088853230283065e-12
v 0.013084841396032724 -0.007370115153375876 -5.533175958216423e-12
v 0.012971299787551408 -0.00756934011172161 -0.0050000002374872565
v 0.010742534194019828 -0.010473770639078948 2.418936499422815e-12
v 0.011785338961567972 -0.00929649683285627 -3.3088853230283065e-12
v 0.0115947261595456 -0.009540318942215518 -0.0050000002374872565
v 0.009594851949566443 -0.011543749403889468 -5.897747015556138e-12
v 0.010742534194019828 -0.010473770639078948 2.418936499422815e-12
v 0.01055702450350693 -0.010658160715891206 -0.0050000002374872565
v 0.007952165504508115 -0.012732473978173117 4.247762343786808e-12
v 0.009594851949566443 -0.011543749403889468 -5.897747015556138e-12
v 0.008674703056374413 -0.012293673145563618 -0.0050000002374872565
v 0.006251666365968968 -0.013645280532454392 -7.951922831537625e-13
v 0.007952165504508115 -0.012732473978173117 4.247762343786808e-12
v 0.008674703056374413 -0.012293673145563618 -0.0050000002374872565
v 0.004747117744854646 -0.01423318835151621 3.1827129111788883e-10
v 0.006251666365968968 -0.013645280532454392 -7.951922831537625e-13
v 0.005829572477664969 -0.013834740342173465 -0.0050000002374872565
v 0.002575611236836917 -0.014802188622682896 -5.8233056771462554e-09
v 0.004747117744854646 -0.01423318835151621 3.1827129111788883e-10
v 0.0021199253612348705 -0.014930691474550613 -0.004999989747069278
v 0.00016003868743960997 -0.01500846838711933 -4.651171132448098e-09
v 0.002575611236836917 -0.014802188622682896 -5.8233056771462554e-09
v 0.0021199253612348705 -0.014930691474550613 -0.004999989747069278
v -0.0011133043102719983 -0.014960824723357354 7.829369595930055e-10
v 0.00016003868743960997 -0.01500846838711933 -4.651171132448098e-09
v -0.0010774014507862475 -0.01496543573889619 -0.004999998330138533
v -0.0038712052753488166 -0.014535456394132448 1.9574573648026204e-10
v -0.0011133043102719983 -0.014960824723357354 7.829369595930055e-10
v -0.0010774014507862475 -0.01496543573889619 -0.004999998330138533
v -0.007609764460565495 -0.012968163152575759 -8.207493173020433e-10
v -0.0038712052753488166 -0.014535456394132448 1.9574573648026204e-10
v -0.007485927937349592 -0.01305921139756194 -0.0050000002374872565
v -0.00971850632097926 -0.011436929292309437 -1.0555394837718872e-12
v -0.007609764460565495 -0.012968163152575759 -8.207493173020433e-10
v -0.007485927937349592 -0.01305921139756194 -0.0050000002374872565
v -0.010867139378771264 -0.01034462977906325 1.6216211267306223e-08
v -0.00971850632097926 -0.011436929292309437 -1.0555394837718872e-12
v -0.010372989193557227 -0.010865820447129025 -0.004999997853301352
v -0.011762039743237198 -0.00932378050267024 3.9438488838309734e-09
v -0.010867139378771264 -0.01034462977906325 1.6216211267306223e-08
v -0.010372989193557227 -0.010865820447129025 -0.004999997853301352
v -0.01340206782101228 -0.006844398823626639 -1.3704800008526437e-09
v -0.011762039743237198 -0.00932378050267024 3.9438488838309734e-09
v -0.012465098019428526 -0.008410759371657582 -0.0049999968996269906
v -0.014605980613180417 -0.0035155822516369497 -4.1480982114356e-09
v -0.01340206782101228 -0.006844398823626639 -1.3704800008526437e-09
v -0.014280789099931916 -0.004755280720553644 -0.0050000002374872565
v -0.015032223461795006 -0.0001400919474146226 1.0720801183090857e-09
v -0.014605980613180417 -0.0035155822516369497 -4.1480982114356e-09
v -0.014995110270334958 -0.0010211231001441138 -0.0050000002374872565
v -0.01483668683904316 0.0022272995576190498 2.7585661732850694e-12
v -0.015032223461795006 -0.0001400919474146226 1.0720801183090857e-09
v -0.014841788996878272 0.0023695856266178757 -0.0049999907007436395
v -0.014372616496871608 0.004385919302405671 -1.4413016745225241e-09
v -0.01483668683904316 0.0022272995576190498 2.7585661732850694e-12
v -0.014841788996878272 0.0023695856266178757 -0.0049999907007436395
v -0.013295682584941185 0.006978685233660907 1.735703418167187e-08
v -0.014372616496871608 0.004385919302405671 -1.4413016745225241e-09
v -0.01381184548177206 0.005961087986841306 -0.004999999760650076
v -0.012204698188639788 0.008731243548256716 2.026171938100377e-09
v -0.013295682584941185 0.006978685233660907 1.735703418167187e-08
v -0.012537427544043193 0.008253405962999614 -0.0050000002374872565
v -0.010329940332869937 0.010952327294804774 7.000511109795002e-09
v -0.012204698188639788 0.008731243548256716 2.026171938100377e-09
v -0.010846150913418897 0.010408157842993758 -0.0050000002374872565
v -0.007640841846990322 0.012919272082748675 8.792800221449558e-10
v -0.010329940332869937 0.010952327294804774 7.000511109795002e-09
v -0.008512992309557823 0.012376409164813192 -0.004999998806975714
v -0.004973690746033766 0.014201106745988509 -7.1029693307950335e-09
v -0.007640841846990322 0.012919272082748675 8.792800221449558e-10
v -0.005394949692434093 0.014049825381991506 -0.004999998806975714
v -0.0015895092050218639 0.014937555068931792 1.0019071417660562e-09
v -0.004973690746033766 0.014201106745988509 -7.1029693307950335e-09
v -0.0016547845195923065 0.014940320724580732 -0.0050000002374872565
v 0.0009712754949322419 0.014981361147062274 6.393694055899925e-10
v -0.0015895092050218639 0.014937555068931792 1.0019071417660562e-09
v -0.0016547845195923065 0.014940320724580732 -0.0050000002374872565
v 0.0031010479015795853 0.01468757794524211 -1.3878954609767326e-09
v 0.0009712754949322419 0.014981361147062274 6.393694055899925e-10
v 0.0017354863514283674 0.014923766845010285 -0.0050000002374872565
v 0.0052599074954681755 0.014064470959164185 4.030433920420702e-10
v 0.0031010479015795853 0.01468757794524211 -1.3878954609767326e-09
v 0.004392998904029778 0.014358380046000093 -0.004999999760650076
v 0.0067824328783006056 0.013380610147873947 -1.5368004488394607e-11
v 0.0052599074954681755 0.014064470959164185 4.030433920420702e-10
v 0.006567193820073149 0.013499673530909525 -0.0050000002374872565
v 0.00766570509127429 0.012899638788664288 -1.2450644840303035e-10
v 0.0067824328783006056 0.013380610147873947 -1.5368004488394607e-11
v 0.006567193820073149 0.013499673530909525 -0.0050000002374872565
v 0.009476740333543844 0.01165660055213291 7.535227200396263e-11
v 0.00766570509127429 0.012899638788664288 -1.2450644840303035e-10
v 0.00932155558038439 0.0118208862197261 -0.0050000002374872565
v 0.010937865776783908 0.010270154487134751 -5.885309408465113e-12
v 0.009476740333543844 0.01165660055213291 7.535227200396263e-11
v 0.00932155558038439 0.0118208862197261 -0.0050000002374872565
v 0.012507732985442836 0.008351017394943037 -2.7825888693704785e-11
v 0.010937865776783908 0.010270154487134751 -5.885309408465113e-12
v 0.011261250077116982 0.009913545125714294 -0.0050000002374872565
v 0.014000331589967833 0.005442367335372344 -5.53878702564939e-12
v 0.012507732985442836 0.008351017394943037 -2.7825888693704785e-11
v 0.012646853093979397 0.008127634434503815 -0.0050000002374872565
v 0.014833819140237518 0.0024587684845525644 -5.6820321815288794e-11
v 0.014000331589967833 0.005442367335372344 -5.53878702564939e-12
v 0.014088274671232307 0.005221048126251847 -0.0050000002374872565
v 0.014992087122608359 -0.0011284028827664853 -1.7585484127047748e-11
v 0.014833819140237518 0.0024587684845525644 -5.6820321815288794e-11
v 0.014897661916707387 0.0021092806864281273 -0.0050000002374872565
v 0.0031010479015795853 0.01468757794524211 -1.3878954609767326e-09
v 0.0052599074954681755 0.014064470959164185 4.030433920420702e-10
v -0.008104208377482937 0.02130492120846261 -5.310809111598866e-11
v -0.008083529856298123 -0.02124179559511274 -8.106942169606034e-12
v 0.04945396276763826 -0.007369244448683641 0.0
v 0.006251666365968968 -0.013645280532454392 -7.951922831537625e-13
v 0.04945396276763826 -0.007369244448683641 0.0
v 0.007952165504508115 -0.012732473978173117 4.247762343786808e-12
v 0.006251666365968968 -0.013645280532454392 -7.951922831537625e-13
v -0.004973690746033766 0.014201106745988509 -7.1029693307950335e-09
v -0.0015895092050218639 0.014937555068931792 1.0019071417660562e-09
v -0.008104208377482937 0.02130492120846261 -5.310809111598866e-11
v 0.04945396276763826 -0.007369244448683641 0.0
v 0.009594851949566443 -0.011543749403889468 -5.897747015556138e-12
v 0.007952165504508115 -0.012732473978173117 4.247762343786808e-12
v 0.011785338961567972 -0.00929649683285627 -3.3088853230283065e-12
v 0.010742534194019828 -0.010473770639078948 2.418936499422815e-12
v 0.04945396276763826 -0.007369244448683641 0.0
v 0.014000331589967833 0.005442367335372344 -5.53878702564939e-12
v 0.014833819140237518 0.0024587684845525644 -5.6820321815288794e-11
v 0.04945396276763826 -0.007369244448683641 0.0
v 0.04945396276763826 -0.007369244448683641 0.0
v 0.00766570509127429 0.012899638788664288 -1.2450644840303035e-10
v 0.009476740333543844 0.01165660055213291 7.535227200396263e-11
v 0.04945396276763826 -0.007369244448683641 0.0
v 0.0067824328783006056 0.013380610147873947 -1.5368004488394607e-11
v 0.00766570509127429 0.012899638788664288 -1.2450644840303035e-10
v 0.0009712754949322419 0.014981361147062274 6.393694055899925e-10
v 0.0031010479015795853 0.01468757794524211 -1.3878954609767326e-09
v -0.008104208377482937 0.02130492120846261 -5.310809111598866e-11
v 0.04945396276763826 -0.007369244448683641 0.0
v 0.013965849586071725 -0.005491028569678257 -4.043299665057495e-12
v 0.013084841396032724 -0.007370115153375876 -5.533175958216423e-12
v 0.04945396276763826 -0.007369244448683641 0.0
v 0.014520791743472542 -0.003803769292302638 -3.0088917232508073e-12
v 0.013965849586071725 -0.005491028569678257 -4.043299665057495e-12
v 0.04945396276763826 -0.007369244448683641 0.0
v -0.008104208377482937 0.02130492120846261 -5.310809111598866e-11
v 0.0067824328783006056 0.013380610147873947 -1.5368004488394607e-11
v -0.0015895092050218639 0.014937555068931792 1.0019071417660562e-09
v 0.0009712754949322419 0.014981361147062274 6.393694055899925e-10
v -0.008104208377482937 0.02130492120846261 -5.310809111598866e-11
v -0.03707233986508963 -0.036172117044011014 -5.016803026589977e-09
v -0.049469473327457006 -0.0243374054070633 0.0
v -0.0405075817274736 -0.03773997295344111 -1.6755435524406333e-10
v 0.04945396276763826 -0.007369244448683641 0.0
v 0.012507732985442836 0.008351017394943037 -2.7825888693704785e-11
v 0.014000331589967833 0.005442367335372344 -5.53878702564939e-12
v -0.049469473327457006 -0.0243374054070633 0.0
v -0.03597108248856396 -0.033341909084876324 -2.6512394637923746e-07
v -0.034679582335668264 -0.03198677024182416 -4.5446721968264224e-10
v -0.03707233986508963 -0.036172117044011014 -5.016803026589977e-09
v -0.0405075817274736 -0.03773997295344111 -1.6755435524406333e-10
v -0.038786523753882036 -0.03849881545774591 4.041486327935283e-09
v -0.038786523753882036 -0.03849881545774591 4.041486327935283e-09
v -0.03491575025460048 -0.03849961272951229 -1.0345526530986492e-05
v -0.03707233986508963 -0.036172117044011014 -5.016803026589977e-09
v 0.013084841396032724 -0.007370115153375876 -5.533175958216423e-12
v 0.011785338961567972 -0.00929649683285627 -3.3088853230283065e-12
v 0.04945396276763826 -0.007369244448683641 0.0
v 0.04945396276763826 -0.007369244448683641 0.0
v 0.014992087122608359 -0.0011284028827664853 -1.7585484127047748e-11
v 0.014520791743472542 -0.003803769292302638 -3.0088917232508073e-12
v -0.007640841846990322 0.012919272082748675 8.792800221449558e-10
v -0.004973690746033766 0.014201106745988509 -7.1029693307950335e-09
v -0.008104208377482937 0.02130492120846261 -5.310809111598866e-11
v 0.010742534194019828 -0.010473770639078948 2.418936499422815e-12
v 0.009594851949566443 -0.011543749403889468 -5.897747015556138e-12
v 0.04945396276763826 -0.007369244448683641 0.0
v 0.010937865776783908 0.010270154487134751 -5.885309408465113e-12
v 0.012507732985442836 0.008351017394943037 -2.7825888693704785e-11
v 0.04945396276763826 -0.007369244448683641 0.0
v 0.009476740333543844 0.01165660055213291 7.535227200396263e-11
v 0.010937865776783908 0.010270154487134751 -5.885309408465113e-12
v 0.04945396276763826 -0.007369244448683641 0.0
v -0.020547654174203348 -0.00262417185849767 -3.239929722964991e-11
v -0.01160362203399157 -0.019233345945273147 -4.583269255232737e-08
v -0.00971850632097926 -0.011436929292309437 -1.0555394837718872e-12
v -0.014992763277730806 -0.02346293560844814 -8.543965585613512e-11
v -0.049469473327457006 -0.0243374054070633 0.0
v -0.034679582335668264 -0.03198677024182416 -4.5446721968264224e-10
v -0.00794774522384162 -0.02217681990099862 -8.176290966274427e-11
v -0.008523286270618049 -0.02471041606015633 -1.413557309953479e-09
v 0.041570669241346454 -0.027799392113246883 -2.3739930594279043e-13
v 0.044065244860320714 -0.023690978221818645 -2.636135046672886e-13
v 0.04627602987743674 -0.018974276490218985 -2.0140577663032738e-13
v -0.00794774522384162 -0.02217681990099862 -8.176290966274427e-11
v 0.04945396276763826 -0.007369244448683641 0.0
v 0.014833819140237518 0.0024587684845525644 -5.6820321815288794e-11
v 0.014992087122608359 -0.0011284028827664853 -1.7585484127047748e-11
v -0.00922377248705586 -0.019764035209981486 9.842147120704128e-12
v -0.0011133043102719983 -0.014960824723357354 7.829369595930055e-10
v -0.0038712052753488166 -0.014535456394132448 1.9574573648026204e-10
v -0.00922377248705586 -0.019764035209981486 9.842147120704128e-12
v 0.00016003868743960997 -0.01500846838711933 -4.651171132448098e-09
v -0.0011133043102719983 -0.014960824723357354 7.829369595930055e-10
v -0.01160362203399157 -0.019233345945273147 -4.583269255232737e-08
v -0.007609764460565495 -0.012968163152575759 -8.207493173020433e-10
v -0.00971850632097926 -0.011436929292309437 -1.0555394837718872e-12
v -0.049469473327457006 -0.0243374054070633 0.0
v -0.03707233986508963 -0.036172117044011014 -5.016803026589977e-09
v -0.03597108248856396 -0.033341909084876324 -2.6512394637923746e-07
v -0.013109205868625521 -0.025801118168846664 -1.1611144242470226e-09
v -0.014992763277730806 -0.02346293560844814 -8.543965585613512e-11
v -0.030004630560275254 -0.03664593679918226 -6.933912447599711e-09
v -0.008083529856298123 -0.02124179559511274 -8.106942169606034e-12
v -0.00794774522384162 -0.02217681990099862 -8.176290966274427e-11
v 0.04945396276763826 -0.007369244448683641 0.0
v 0.0052599074954681755 0.014064470959164185 4.030433920420702e-10
v 0.0067824328783006056 0.013380610147873947 -1.5368004488394607e-11
v -0.008104208377482937 0.02130492120846261 -5.310809111598866e-11
v -0.00922377248705586 -0.019764035209981486 9.842147120704128e-12
v 0.002575611236836917 -0.014802188622682896 -5.8233056771462554e-09
v 0.00016003868743960997 -0.01500846838711933 -4.651171132448098e-09
v 0.041570669241346454 -0.027799392113246883 -2.3739930594279043e-13
v 0.044065244860320714 -0.023690978221818645 -2.636135046672886e-13
v -0.00794774522384162 -0.02217681990099862 -8.176290966274427e-11
v -0.008104208377482937 0.02130492120846261 -5.310809111598866e-11
v -0.009955612655483394 0.019172810511489665 -1.990700278804367e-09
v -0.010329940332869937 0.010952327294804774 7.000511109795002e-09
v -0.01326796022492083 -0.019716097814516106 -1.1349290246203332e-07
v -0.01160362203399157 -0.019233345945273147 -4.583269255232737e-08
v -0.020547654174203348 -0.00262417185849767 -3.239929722964991e-11
v -0.01326796022492083 -0.019716097814516106 -1.1349290246203332e-07
v -0.020547654174203348 -0.00262417185849767 -3.239929722964991e-11
v -0.022753075726709152 -0.003661731655475036 -6.823303334695244e-09
v -0.01160362203399157 -0.019233345945273147 -4.583269255232737e-08
v -0.0038712052753488166 -0.014535456394132448 1.9574573648026204e-10
v -0.007609764460565495 -0.012968163152575759 -8.207493173020433e-10
v -0.049469473327457006 0.0243374054070633 0.0
v -0.03561694505108904 0.032974324838901385 -4.252424607401383e-07
v -0.03671523077830364 0.03479821942626415 -6.793698007453775e-08
v 0.036685678317183175 -0.03397552651609458 -1.5869092905196254e-13
v 0.03901836199121212 -0.03130104404348243 -3.0309434181025213e-13
v -0.008523286270618049 -0.02471041606015633 -1.413557309953479e-09
v 0.04760944592587802 -0.015305802118588115 -1.679604868361701e-13
v 0.04844351426383399 -0.012398100488170135 -1.2267897003641534e-13
v -0.00794774522384162 -0.02217681990099862 -8.176290966274427e-11
v -0.009955612655483394 0.019172810511489665 -1.990700278804367e-09
v -0.014372616496871608 0.004385919302405671 -1.4413016745225241e-09
v -0.013295682584941185 0.006978685233660907 1.735703418167187e-08
v -0.00971850632097926 -0.011436929292309437 -1.0555394837718872e-12
v -0.010867139378771264 -0.01034462977906325 1.6216211267306223e-08
v -0.020547654174203348 -0.00262417185849767 -3.239929722964991e-11
v -0.04056783868834347 0.03765035045162567 4.229099405038575e-10
v -0.03671523077830364 0.03479821942626415 -6.793698007453775e-08
v -0.03591554812313325 0.03776282299114752 -4.327632226710425e-06
v -0.04056783868834347 0.03765035045162567 4.229099405038575e-10
v -0.049469473327457006 0.0243374054070633 0.0
v -0.03671523077830364 0.03479821942626415 -6.793698007453775e-08
v -0.014992763277730806 -0.02346293560844814 -8.543965585613512e-11
v -0.034679582335668264 -0.03198677024182416 -4.5446721968264224e-10
v -0.03187754973187574 -0.03264655459017884 -1.2528413803269224e-07
v -0.03187754973187574 -0.03264655459017884 -1.2528413803269224e-07
v -0.030349334250964206 -0.034479108540745866 -1.1742079198682691e-07
v -0.014992763277730806 -0.02346293560844814 -8.543965585613512e-11
v -0.030349334250964206 -0.034479108540745866 -1.1742079198682691e-07
v -0.030004630560275254 -0.03664593679918226 -6.933912447599711e-09
v -0.014992763277730806 -0.02346293560844814 -8.543965585613512e-11
v -0.01100608305755091 -0.026015712066368428 -4.048251648560588e-13
v -0.013109205868625521 -0.025801118168846664 -1.1611144242470226e-09
v -0.03160197598831794 -0.03850000182865187 0.0
v -0.03160197598831794 -0.03850000182865187 0.0
v 0.0319021964920796 -0.03850000182865187 0.0
v -0.01100608305755091 -0.026015712066368428 -4.048251648560588e-13
v 0.0319021964920796 -0.03850000182865187 0.0
v 0.03429746790711841 -0.036412519277109194 -3.851515400804686e-13
v -0.008523286270618049 -0.02471041606015633 -1.413557309953479e-09
v 0.04627602987743674 -0.018974276490218985 -2.0140577663032738e-13
v 0.04760944592587802 -0.015305802118588115 -1.679604868361701e-13
v -0.00794774522384162 -0.02217681990099862 -8.176290966274427e-11
v 0.04844351426383399 -0.012398100488170135 -1.2267897003641534e-13
v 0.04911633534071315 -0.009408102482383328 -1.5521622225339005e-13
v -0.00794774522384162 -0.02217681990099862 -8.176290966274427e-11
v -0.012204698188639788 0.008731243548256716 2.026171938100377e-09
v -0.010329940332869937 0.010952327294804774 7.000511109795002e-09
v -0.009955612655483394 0.019172810511489665 -1.990700278804367e-09
v -0.013295682584941185 0.006978685233660907 1.735703418167187e-08
v -0.012204698188639788 0.008731243548256716 2.026171938100377e-09
v -0.009955612655483394 0.019172810511489665 -1.990700278804367e-09
v -0.011762039743237198 -0.00932378050267024 3.9438488838309734e-09
v -0.01340206782101228 -0.006844398823626639 -1.3704800008526437e-09
v -0.020547654174203348 -0.00262417185849767 -3.239929722964991e-11
v -0.010867139378771264 -0.01034462977906325 1.6216211267306223e-08
v -0.011762039743237198 -0.00932378050267024 3.9438488838309734e-09
v -0.020547654174203348 -0.00262417185849767 -3.239929722964991e-11
v -0.0082346176243997 0.022518836137336292 -1.1428967897578687e-09
v 0.04697954400997296 0.01717876706655796 -2.0859520657900866e-13
v 0.04530428529392783 0.02117659669370053 -2.130222904889157e-13
v -0.0082346176243997 0.022518836137336292 -1.1428967897578687e-09
v 0.04530428529392783 0.02117659669370053 -2.130222904889157e-13
v 0.04350785271348468 0.02466901896346351 -2.521807604835799e-13
v -0.030004630560275254 -0.03664593679918226 -6.933912447599711e-09
v -0.03160197598831794 -0.03850000182865187 0.0
v -0.013109205868625521 -0.025801118168846664 -1.1611144242470226e-09
v 0.03429746790711841 -0.036412519277109194 -3.851515400804686e-13
v 0.036685678317183175 -0.03397552651609458 -1.5869092905196254e-13
v -0.008523286270618049 -0.02471041606015633 -1.413557309953479e-09
v -0.008104208377482937 0.02130492120846261 -5.310809111598866e-11
v -0.010329940332869937 0.010952327294804774 7.000511109795002e-09
v -0.007640841846990322 0.012919272082748675 8.792800221449558e-10
v 0.004747117744854646 -0.01423318835151621 3.1827129111788883e-10
v 0.002575611236836917 -0.014802188622682896 -5.8233056771462554e-09
v -0.00922377248705586 -0.019764035209981486 9.842147120704128e-12
v 0.04911633534071315 -0.009408102482383328 -1.5521622225339005e-13
v 0.04945396276763826 -0.007369244448683641 0.0
v -0.00794774522384162 -0.02217681990099862 -8.176290966274427e-11
v -0.008104208377482937 0.02130492120846261 -5.310809111598866e-11
v 0.04945396276763826 -0.007369244448683641 0.0
v 0.049843031389633655 -0.0042260553459905195 -1.419322504771294e-13
v -0.01340206782101228 -0.006844398823626639 -1.3704800008526437e-09
v -0.014605980613180417 -0.0035155822516369497 -4.1480982114356e-09
v -0.019761467918599788 -0.0015212177760732383 -2.1444315786909915e-10
v -0.015032223461795006 -0.0001400919474146226 1.0720801183090857e-09
v -0.01974159906694806 0.0004035614324562549 -1.5451598016574477e-06
v -0.019761467918599788 -0.0015212177760732383 -2.1444315786909915e-10
v -0.015032223461795006 -0.0001400919474146226 1.0720801183090857e-09
v -0.020358977331135234 0.002491338848190638 2.570030639360333e-10
v -0.01974159906694806 0.0004035614324562549 -1.5451598016574477e-06
v -0.03493775724417115 0.03850155822521017 -5.698608505194094e-06
v -0.03923271365544601 0.03839348021714705 -2.6706793682692957e-07
v -0.03591554812313325 0.03776282299114752 -4.327632226710425e-06
v -0.015071298361417077 -0.022319901572833697 -3.0324530439319587e-13
v -0.05181194170043703 -0.018386361041762275 4.0989730891303774e-11
v -0.051209059286547745 -0.020920313875131265 7.329878208379834e-11
v -0.03923271365544601 0.03839348021714705 -2.6706793682692957e-07
v -0.04056783868834347 0.03765035045162567 4.229099405038575e-10
v -0.03591554812313325 0.03776282299114752 -4.327632226710425e-06
v -0.03429521723562479 0.032322381601148635 -2.643121331888653e-09
v -0.049469473327457006 0.0243374054070633 0.0
v -0.015015139339279452 0.023130061294541756 -6.0929961750110734e-12
v -0.019761467918599788 -0.0015212177760732383 -2.1444315786909915e-10
v -0.020547654174203348 -0.00262417185849767 -3.239929722964991e-11
v -0.01340206782101228 -0.006844398823626639 -1.3704800008526437e-09
v -0.0082346176243997 0.022518836137336292 -1.1428967897578687e-09
v 0.04350785271348468 0.02466901896346351 -2.521807604835799e-13
v 0.04095270732844992 0.028723914557061685 -2.9389173047760926e-13
v 0.04095270732844992 0.028723914557061685 -2.9389173047760926e-13
v -0.008442007465793157 0.024695592145878013 -9.50699574922812e-10
v -0.0082346176243997 0.022518836137336292 -1.1428967897578687e-09
v -0.008442007465793157 0.024695592145878013 -9.50699574922812e-10
v 0.04095270732844992 0.028723914557061685 -2.9389173047760926e-13
v 0.03888234895374599 0.031437846723320055 -1.4715192264196226e-13
v -0.008442007465793157 0.024695592145878013 -9.50699574922812e-10
v 0.03888234895374599 0.031437846723320055 -1.4715192264196226e-13
v 0.03686412604904766 0.03380132835718585 -3.203291117962333e-13
v -0.03429521723562479 0.032322381601148635 -2.643121331888653e-09
v -0.03561694505108904 0.032974324838901385 -4.252424607401383e-07
v -0.049469473327457006 0.0243374054070633 0.0
v -0.015071298361417077 -0.022319901572833697 -3.0324530439319587e-13
v -0.050024942866779845 -0.023456607025383876 -1.2933441599157979e-11
v -0.049469473327457006 -0.0243374054070633 0.0
v -0.049469473327457006 -0.0243374054070633 0.0
v -0.014992763277730806 -0.02346293560844814 -8.543965585613512e-11
v -0.015071298361417077 -0.022319901572833697 -3.0324530439319587e-13
v -0.008523286270618049 -0.02471041606015633 -1.413557309953479e-09
v -0.01100608305755091 -0.026015712066368428 -4.048251648560588e-13
v 0.0319021964920796 -0.03850000182865187 0.0
v 0.03901836199121212 -0.03130104404348243 -3.0309434181025213e-13
v 0.041570669241346454 -0.027799392113246883 -2.3739930594279043e-13
v -0.008523286270618049 -0.02471041606015633 -1.413557309953479e-09
v 0.006251666365968968 -0.013645280532454392 -7.951922831537625e-13
v 0.004747117744854646 -0.01423318835151621 3.1827129111788883e-10
v -0.008083529856298123 -0.02124179559511274 -8.106942169606034e-12
v -0.019761467918599788 -0.0015212177760732383 -2.1444315786909915e-10
v -0.014605980613180417 -0.0035155822516369497 -4.1480982114356e-09
v -0.015032223461795006 -0.0001400919474146226 1.0720801183090857e-09
v -0.01326796022492083 -0.019716097814516106 -1.1349290246203332e-07
v -0.022753075726709152 -0.003661731655475036 -6.823303334695244e-09
v -0.025983201307377975 -0.0020970171493923935 -1.1290409499570449e-10
v -0.015071298361417077 -0.022319901572833697 -3.0324530439319587e-13
v -0.05200000246986748 -0.016000000759959217 0.0
v -0.051973002041338937 -0.016989073606620272 -3.727564212266138e-12
v -0.015071298361417077 -0.022319901572833697 -3.0324530439319587e-13
v -0.051973002041338937 -0.016989073606620272 -3.727564212266138e-12
v -0.05181194170043703 -0.018386361041762275 4.0989730891303774e-11
v -0.01448853561553665 0.02445999261686537 -1.731742511709414e-10
v -0.03087933687013212 0.03350694815521526 -1.5034639350386868e-07
v -0.032527509326956146 0.03200412520785844 -2.0731689421783537e-09
v -0.015015139339279452 0.023130061294541756 -6.0929961750110734e-12
v -0.01448853561553665 0.02445999261686537 -1.731742511709414e-10
v -0.032527509326956146 0.03200412520785844 -2.0731689421783537e-09
v -0.015071298361417077 -0.022319901572833697 -3.0324530439319587e-13
v -0.051209059286547745 -0.020920313875131265 7.329878208379834e-11
v -0.050024942866779845 -0.023456607025383876 -1.2933441599157979e-11
v -0.00922377248705586 -0.019764035209981486 9.842147120704128e-12
v -0.008083529856298123 -0.02124179559511274 -8.106942169606034e-12
v 0.004747117744854646 -0.01423318835151621 3.1827129111788883e-10
v -0.014841239680445931 -0.02128343301774471 -3.038000440071439e-12
v -0.025983201307377975 -0.0020970171493923935 -1.1290409499570449e-10
v -0.05200000246986748 -0.016000000759959217 0.0
v -0.008104208377482937 0.02130492120846261 -5.310809111598866e-11
v 0.05001191186030153 0.0005499312542811898 -1.437569159825556e-13
v 0.04973641441069267 0.005336311116956038 -1.6686737507199195e-13
v -0.008104208377482937 0.02130492120846261 -5.310809111598866e-11
v 0.04973641441069267 0.005336311116956038 -1.6686737507199195e-13
v 0.0490755714837965 0.009618453482669874 -1.516662423301727e-13
v -0.008442007465793157 0.024695592145878013 -9.50699574922812e-10
v 0.03686412604904766 0.03380132835718585 -3.203291117962333e-13
v 0.03443603679187391 0.03625803928930304 -2.7276590616125794e-13
v -0.01448853561553665 0.02445999261686537 -1.731742511709414e-10
v -0.03154268986794829 0.03850000182865187 -2.0964941002032926e-11
v -0.029955758563935404 0.036266317182762624 -1.887926826925728e-08
v -0.05200002535805216 0.016040373610387567 5.066489690845942e-13
v -0.026037621781154215 0.0012553518414711027 -6.994297623596305e-08
v -0.024227864462529343 0.0030387588990635197 -3.37903900478243e-10
v -0.008104208377482937 0.02130492120846261 -5.310809111598866e-11
v 0.049843031389633655 -0.0042260553459905195 -1.419322504771294e-13
v 0.05001191186030153 0.0005499312542811898 -1.437569159825556e-13
v -0.032527509326956146 0.03200412520785844 -2.0731689421783537e-09
v -0.03429521723562479 0.032322381601148635 -2.643121331888653e-09
v -0.015015139339279452 0.023130061294541756 -6.0929961750110734e-12
v -0.024227864462529343 0.0030387588990635197 -3.37903900478243e-10
v -0.02285992158749695 0.0033069819590599006 -1.537707649099721e-07
v -0.014591644980175292 0.020497614880444767 -8.845559016845484e-11
v -0.014841239680445931 -0.02128343301774471 -3.038000440071439e-12
v -0.01326796022492083 -0.019716097814516106 -1.1349290246203332e-07
v -0.025983201307377975 -0.0020970171493923935 -1.1290409499570449e-10
v -0.05200000246986748 -0.016000000759959217 0.0
v -0.025983201307377975 -0.0020970171493923935 -1.1290409499570449e-10
v -0.026601355862495575 -2.8598309921579183e-05 -4.411149699642802e-11
v -0.008104208377482937 0.02130492120846261 -5.310809111598866e-11
v 0.0490755714837965 0.009618453482669874 -1.516662423301727e-13
v 0.048287516026444 0.013009314201283258 -1.5347547573482364e-13
v -0.008442007465793157 0.024695592145878013 -9.50699574922812e-10
v 0.03443603679187391 0.03625803928930304 -2.7276590616125794e-13
v 0.03192235144603984 0.03850000182865187 7.655492159659983e-13
v -0.03154268986794829 0.03850000182865187 -2.0964941002032926e-11
v -0.01448853561553665 0.02445999261686537 -1.731742511709414e-10
v -0.013095613147948163 0.025719062119416984 -1.4898342467905422e-10
v -0.01448853561553665 0.02445999261686537 -1.731742511709414e-10
v -0.029955758563935404 0.036266317182762624 -1.887926826925728e-08
v -0.03087933687013212 0.03350694815521526 -1.5034639350386868e-07
v -0.01475299046971135 0.022204205613969293 -1.906442684741758e-08
v -0.015015139339279452 0.023130061294541756 -6.0929961750110734e-12
v -0.049469473327457006 0.0243374054070633 0.0
v -0.02285992158749695 0.0033069819590599006 -1.537707649099721e-07
v -0.020358977331135234 0.002491338848190638 2.570030639360333e-10
v -0.014591644980175292 0.020497614880444767 -8.845559016845484e-11
v -0.0038712052753488166 -0.014535456394132448 1.9574573648026204e-10
v -0.01160362203399157 -0.019233345945273147 -4.583269255232737e-08
v -0.00922377248705586 -0.019764035209981486 9.842147120704128e-12
v 0.048287516026444 0.013009314201283258 -1.5347547573482364e-13
v -0.0082346176243997 0.022518836137336292 -1.1428967897578687e-09
v -0.008104208377482937 0.02130492120846261 -5.310809111598866e-11
v -0.0082346176243997 0.022518836137336292 -1.1428967897578687e-09
v 0.048287516026444 0.013009314201283258 -1.5347547573482364e-13
v 0.04697954400997296 0.01717876706655796 -2.0859520657900866e-13
v -0.049469473327457006 0.0243374054070633 0.0
v -0.05073074200308671 0.02217073355122223 -8.190658318709593e-12
v -0.01475299046971135 0.022204205613969293 -1.906442684741758e-08
v -0.024227864462529343 0.0030387588990635197 -3.37903900478243e-10
v -0.014591644980175292 0.020497614880444767 -8.845559016845484e-11
v -0.05200002535805216 0.016040373610387567 5.066489690845942e-13
v -0.015071298361417077 -0.022319901572833697 -3.0324530439319587e-13
v -0.014841239680445931 -0.02128343301774471 -3.038000440071439e-12
v -0.05200000246986748 -0.016000000759959217 0.0
v -0.026601355862495575 -2.8598309921579183e-05 -4.411149699642802e-11
v -0.05200002535805216 0.016040373610387567 5.066489690845942e-13
v -0.05200000246986748 -0.016000000759959217 0.0
v -0.03154268986794829 0.03850000182865187 -2.0964941002032926e-11
v -0.013095613147948163 0.025719062119416984 -1.4898342467905422e-10
v -0.011543097090626066 0.026067540453229558 -3.231960275262177e-11
v -0.05179625947923318 0.018577074933266987 -1.585604967141653e-11
v -0.05200002535805216 0.016040373610387567 5.066489690845942e-13
v -0.01475299046971135 0.022204205613969293 -1.906442684741758e-08
v -0.014591644980175292 0.020497614880444767 -8.845559016845484e-11
v -0.01475299046971135 0.022204205613969293 -1.906442684741758e-08
v -0.05200002535805216 0.016040373610387567 5.066489690845942e-13
v -0.05200002535805216 0.016040373610387567 5.066489690845942e-13
v -0.026601355862495575 -2.8598309921579183e-05 -4.411149699642802e-11
v -0.026037621781154215 0.0012553518414711027 -6.994297623596305e-08
v -0.020358977331135234 0.002491338848190638 2.570030639360333e-10
v -0.01483668683904316 0.0022272995576190498 2.7585661732850694e-12
v -0.01258104097995261 0.01907651419649103 -2.620141739234237e-11
v -0.011543097090626066 0.026067540453229558 -3.231960275262177e-11
v -0.008442007465793157 0.024695592145878013 -9.50699574922812e-10
v 0.03192235144603984 0.03850000182865187 7.655492159659983e-13
v -0.01475299046971135 0.022204205613969293 -1.906442684741758e-08
v -0.05073074200308671 0.02217073355122223 -8.190658318709593e-12
v -0.05179625947923318 0.018577074933266987 -1.585604967141653e-11
v -0.020358977331135234 0.002491338848190638 2.570030639360333e-10
v -0.015032223461795006 -0.0001400919474146226 1.0720801183090857e-09
v -0.01483668683904316 0.0022272995576190498 2.7585661732850694e-12
v -0.01258104097995261 0.01907651419649103 -2.620141739234237e-11
v -0.01483668683904316 0.0022272995576190498 2.7585661732850694e-12
v -0.014372616496871608 0.004385919302405671 -1.4413016745225241e-09
v -0.011543097090626066 0.026067540453229558 -3.231960275262177e-11
v 0.03192235144603984 0.03850000182865187 7.655492159659983e-13
v -0.03154268986794829 0.03850000182865187 -2.0964941002032926e-11
v -0.01258104097995261 0.01907651419649103 -2.620141739234237e-11
v -0.014591644980175292 0.020497614880444767 -8.845559016845484e-11
v -0.020358977331135234 0.002491338848190638 2.570030639360333e-10
v -0.009955612655483394 0.019172810511489665 -1.990700278804367e-09
v -0.01258104097995261 0.01907651419649103 -2.620141739234237e-11
v -0.014372616496871608 0.004385919302405671 -1.4413016745225241e-09
v -0.049469473327457006 -0.0243374054070633 0.0
v -0.04963470313266828 -0.02409025115948426 -0.0050000002374872565
v -0.04057344629359028 -0.03764203441119162 -0.004999999760650076
v -0.04057344629359028 -0.03764203441119162 -0.004999999760650076
v -0.0405075817274736 -0.03773997295344111 -1.6755435524406333e-10
v -0.049469473327457006 -0.0243374054070633 0.0
v -0.04963470313266828 -0.02409025115948426 -0.0050000002374872565
v -0.049469473327457006 -0.0243374054070633 0.0
v -0.050024942866779845 -0.023456607025383876 -1.2933441599157979e-11
v -0.051054800551193505 -0.021432332103186177 -0.005000000714324437
v -0.050024942866779845 -0.023456607025383876 -1.2933441599157979e-11
v -0.051209059286547745 -0.020920313875131265 7.329878208379834e-11
v -0.051054800551193505 -0.021432332103186177 -0.005000000714324437
v -0.051209059286547745 -0.020920313875131265 7.329878208379834e-11
v -0.05181194170043703 -0.018386361041762275 4.0989730891303774e-11
v -0.051939581477007404 -0.017517289040034353 -0.0050000002374872565
v -0.05181194170043703 -0.018386361041762275 4.0989730891303774e-11
v -0.051973002041338937 -0.016989073606620272 -3.727564212266138e-12
v -0.051939581477007404 -0.017517289040034353 -0.0050000002374872565
v -0.051973002041338937 -0.016989073606620272 -3.727564212266138e-12
v -0.05200000246986748 -0.016000000759959217 0.0
v -0.05200000246986748 -0.016000000759959217 0.0
v -0.05200000246986748 -0.016000000759959217 -0.0050000002374872565
v -0.051939581477007404 -0.017517289040034353 -0.0050000002374872565
v -0.05181194170043703 -0.018386361041762275 4.0989730891303774e-11
v -0.051939581477007404 -0.017517289040034353 -0.0050000002374872565
v -0.051054800551193505 -0.021432332103186177 -0.005000000714324437
v -0.050024942866779845 -0.023456607025383876 -1.2933441599157979e-11
v -0.051054800551193505 -0.021432332103186177 -0.005000000714324437
v -0.04963470313266828 -0.02409025115948426 -0.0050000002374872565
v -0.05200000246986748 -0.016000000759959217 0.0
v -0.05200002535805216 0.016040373610387567 5.066489690845942e-13
v -0.05200000246986748 0.00845000021061859 -0.0050000002374872565
v -0.05200000246986748 0.00845000021061859 -0.0050000002374872565
v -0.05200000246986748 -0.00845000021061859 -0.0050000002374872565
v -0.05200000246986748 -0.016000000759959217 0.0
v -0.05200002535805216 0.016040373610387567 5.066489690845942e-13
v -0.051999411191763226 0.016957852215366827 -0.0050000002374872565
v -0.05200000246986748 0.00845000021061859 -0.0050000002374872565
v -0.05200000246986748 -0.00845000021061859 -0.0050000002374872565
v -0.05200000246986748 -0.016000000759959217 -0.0050000002374872565
v -0.05200000246986748 -0.016000000759959217 0.0
v -0.051999411191763226 0.016957852215366827 -0.0050000002374872565
v -0.05200002535805216 0.016040373610387567 5.066489690845942e-13
v -0.05179625947923318 0.018577074933266987 -1.585604967141653e-11
v -0.05155228668932478 0.019748171790648913 -0.005000000714324437
v -0.05179625947923318 0.018577074933266987 -1.585604967141653e-11
v -0.05073074200308671 0.02217073355122223 -8.190658318709593e-12
v -0.0501723580349145 0.023284918937395146 -0.0050000002374872565
v -0.05073074200308671 0.02217073355122223 -8.190658318709593e-12
v -0.049469473327457006 0.0243374054070633 0.0
v -0.05073074200308671 0.02217073355122223 -8.190658318709593e-12
v -0.0501723580349145 0.023284918937395146 -0.0050000002374872565
v -0.05155228668932478 0.019748171790648913 -0.005000000714324437
v -0.05179625947923318 0.018577074933266987 -1.585604967141653e-11
v -0.05155228668932478 0.019748171790648913 -0.005000000714324437
v -0.051999411191763226 0.016957852215366827 -0.0050000002374872565
v -0.049469473327457006 0.0243374054070633 0.0
v -0.04056783868834347 0.03765035045162567 4.229099405038575e-10
v -0.04063242151611802 0.03755402552639619 -0.005000000714324437
v -0.04063242151611802 0.03755402552639619 -0.005000000714324437
v -0.0501723580349145 0.023284918937395146 -0.0050000002374872565
v -0.049469473327457006 0.0243374054070633 0.0
v 0.031984944909095876 0.03849995986697995 -0.0050000002374872565
v 0.03192235144603984 0.03850000182865187 7.655492159659983e-13
v 0.03443603679187391 0.03625803928930304 -2.7276590616125794e-13
v 0.03674869711900453 0.033937017145369 -0.0050000002374872565
v 0.03443603679187391 0.03625803928930304 -2.7276590616125794e-13
v 0.03686412604904766 0.03380132835718585 -3.203291117962333e-13
v 0.03674869711900453 0.033937017145369 -0.0050000002374872565
v 0.03686412604904766 0.03380132835718585 -3.203291117962333e-13
v 0.03888234895374599 0.031437846723320055 -1.4715192264196226e-13
v 0.03954137608465747 0.030617084050058578 -0.0050000002374872565
v 0.03888234895374599 0.031437846723320055 -1.4715192264196226e-13
v 0.04095270732844992 0.028723914557061685 -2.9389173047760926e-13
v 0.04253148090197279 0.026329844771718618 -0.0050000002374872565
v 0.04095270732844992 0.028723914557061685 -2.9389173047760926e-13
v 0.04350785271348468 0.02466901896346351 -2.521807604835799e-13
v 0.044641145919168686 0.022540951845784193 -0.0050000002374872565
v 0.04350785271348468 0.02466901896346351 -2.521807604835799e-13
v 0.04530428529392783 0.02117659669370053 -2.130222904889157e-13
v 0.04627675848464908 0.018972495026511323 -0.0050000002374872565
v 0.04530428529392783 0.02117659669370053 -2.130222904889157e-13
v 0.04697954400997296 0.01717876706655796 -2.0859520657900866e-13
v 0.04788645399567582 0.014459430427691818 -0.0050000002374872565
v 0.04697954400997296 0.01717876706655796 -2.0859520657900866e-13
v 0.048287516026444 0.013009314201283258 -1.5347547573482364e-13
v 0.04913391728124551 0.009383280246096913 -0.0050000002374872565
v 0.048287516026444 0.013009314201283258 -1.5347547573482364e-13
v 0.0490755714837965 0.009618453482669874 -1.516662423301727e-13
v 0.04913391728124551 0.009383280246096913 -0.0050000002374872565
v 0.0490755714837965 0.009618453482669874 -1.516662423301727e-13
v 0.04973641441069267 0.005336311116956038 -1.6686737507199195e-13
v 0.049797686081083384 0.0046566273993700604 -0.0050000002374872565
v 0.04973641441069267 0.005336311116956038 -1.6686737507199195e-13
v 0.05001191186030153 0.0005499312542811898 -1.437569159825556e-13
v 0.0500217041886475 -0.0001297819676053524 -0.0050000002374872565
v 0.05001191186030153 0.0005499312542811898 -1.437569159825556e-13
v 0.049843031389633655 -0.0042260553459905195 -1.419322504771294e-13
v 0.04973572776515224 -0.005342742220014184 -0.0050000002374872565
v 0.049843031389633655 -0.0042260553459905195 -1.419322504771294e-13
v 0.04945396276763826 -0.007369244448683641 0.0
v 0.04973572776515224 -0.005342742220014184 -0.0050000002374872565
v 0.04945396276763826 -0.007369244448683641 0.0
v 0.04911633534071315 -0.009408102482383328 -1.5521622225339005e-13
v 0.049079470104587145 -0.0095986704617107 -0.0050000002374872565
v 0.04911633534071315 -0.009408102482383328 -1.5521622225339005e-13
v 0.04844351426383399 -0.012398100488170135 -1.2267897003641534e-13
v 0.04839710465469606 -0.012578006388133663 -0.0050000002374872565
v 0.04844351426383399 -0.012398100488170135 -1.2267897003641534e-13
v 0.04760944592587802 -0.015305802118588115 -1.679604868361701e-13
v 0.04754031216404942 -0.015519193432739772 -0.0050000002374872565
v 0.04760944592587802 -0.015305802118588115 -1.679604868361701e-13
v 0.04627602987743674 -0.018974276490218985 -2.0140577663032738e-13
v 0.04566943957762915 -0.02040808583871678 -0.0050000002374872565
v 0.04627602987743674 -0.018974276490218985 -2.0140577663032738e-13
v 0.044065244860320714 -0.023690978221818645 -2.636135046672886e-13
v 0.043078828950431365 -0.025440564410266202 -0.0050000002374872565
v 0.044065244860320714 -0.023690978221818645 -2.636135046672886e-13
v 0.041570669241346454 -0.027799392113246883 -2.3739930594279043e-13
v 0.04077281764095054 -0.028945123139956223 -0.0050000002374872565
v 0.041570669241346454 -0.027799392113246883 -2.3739930594279043e-13
v 0.03901836199121212 -0.03130104404348243 -3.0309434181025213e-13
v 0.03686815055485405 -0.033782022173407526 -0.0050000002374872565
v 0.03901836199121212 -0.03130104404348243 -3.0309434181025213e-13
v 0.036685678317183175 -0.03397552651609458 -1.5869092905196254e-13
v 0.03686815055485405 -0.033782022173407526 -0.0050000002374872565
v 0.036685678317183175 -0.03397552651609458 -1.5869092905196254e-13
v 0.03429746790711841 -0.036412519277109194 -3.851515400804686e-13
v 0.03410363550045093 -0.03659412176376219 -0.0050000002374872565
v 0.03429746790711841 -0.036412519277109194 -3.851515400804686e-13
v 0.0319021964920796 -0.03850000182865187 0.0
v 0.0319021964920796 -0.03850000182865187 0.0
v 0.0319021964920796 -0.03850000182865187 -0.0050000002374872565
v 0.03410363550045093 -0.03659412176376219 -0.0050000002374872565
v 0.03429746790711841 -0.036412519277109194 -3.851515400804686e-13
v 0.03410363550045093 -0.03659412176376219 -0.0050000002374872565
v 0.03686815055485405 -0.033782022173407526 -0.0050000002374872565
v 0.03901836199121212 -0.03130104404348243 -3.0309434181025213e-13
v 0.03686815055485405 -0.033782022173407526 -0.0050000002374872565
v 0.03912227053496587 -0.031159932662878635 -0.0050000002374872565
v 0.03901836199121212 -0.03130104404348243 -3.0309434181025213e-13
v 0.03912227053496587 -0.031159932662878635 -0.0050000002374872565
v 0.04077281764095054 -0.028945123139956223 -0.0050000002374872565
v 0.041570669241346454 -0.027799392113246883 -2.3739930594279043e-13
v 0.04077281764095054 -0.028945123139956223 -0.0050000002374872565
v 0.043078828950431365 -0.025440564410266202 -0.0050000002374872565
v 0.044065244860320714 -0.023690978221818645 -2.636135046672886e-13
v 0.043078828950431365 -0.025440564410266202 -0.0050000002374872565
v 0.04566943957762915 -0.02040808583871678 -0.0050000002374872565
v 0.04627602987743674 -0.018974276490218985 -2.0140577663032738e-13
v 0.04566943957762915 -0.02040808583871678 -0.0050000002374872565
v 0.04685171349853024 -0.017461878652270665 -0.0050000002374872565
v 0.04627602987743674 -0.018974276490218985 -2.0140577663032738e-13
v 0.04685171349853024 -0.017461878652270665 -0.0050000002374872565
v 0.04754031216404942 -0.015519193432739772 -0.0050000002374872565
v 0.04760944592587802 -0.015305802118588115 -1.679604868361701e-13
v 0.04754031216404942 -0.015519193432739772 -0.0050000002374872565
v 0.04839710465469606 -0.012578006388133663 -0.0050000002374872565
v 0.04844351426383399 -0.012398100488170135 -1.2267897003641534e-13
v 0.04839710465469606 -0.012578006388133663 -0.0050000002374872565
v 0.049079470104587145 -0.0095986704617107 -0.0050000002374872565
v 0.04911633534071315 -0.009408102482383328 -1.5521622225339005e-13
v 0.049079470104587145 -0.0095986704617107 -0.0050000002374872565
v 0.04973572776515224 -0.005342742220014184 -0.0050000002374872565
v 0.049843031389633655 -0.0042260553459905195 -1.419322504771294e-13
v 0.04973572776515224 -0.005342742220014184 -0.0050000002374872565
v 0.0500217041886475 -0.0001297819676053524 -0.0050000002374872565
v 0.05001191186030153 0.0005499312542811898 -1.437569159825556e-13
v 0.0500217041886475 -0.0001297819676053524 -0.0050000002374872565
v 0.049797686081083384 0.0046566273993700604 -0.0050000002374872565
v 0.04973641441069267 0.005336311116956038 -1.6686737507199195e-13
v 0.049797686081083384 0.0046566273993700604 -0.0050000002374872565
v 0.04913391728124551 0.009383280246096913 -0.0050000002374872565
v 0.048287516026444 0.013009314201283258 -1.5347547573482364e-13
v 0.04913391728124551 0.009383280246096913 -0.0050000002374872565
v 0.04788645399567582 0.014459430427691818 -0.0050000002374872565
v 0.04697954400997296 0.01717876706655796 -2.0859520657900866e-13
v 0.04788645399567582 0.014459430427691818 -0.0050000002374872565
v 0.04627675848464908 0.018972495026511323 -0.0050000002374872565
v 0.04530428529392783 0.02117659669370053 -2.130222904889157e-13
v 0.04627675848464908 0.018972495026511323 -0.0050000002374872565
v 0.044641145919168686 0.022540951845784193 -0.0050000002374872565
v 0.04350785271348468 0.02466901896346351 -2.521807604835799e-13
v 0.044641145919168686 0.022540951845784193 -0.0050000002374872565
v 0.04253148090197279 0.026329844771718618 -0.0050000002374872565
v 0.04095270732844992 0.028723914557061685 -2.9389173047760926e-13
v 0.04253148090197279 0.026329844771718618 -0.0050000002374872565
v 0.040757761030127966 0.02896213096852284 -0.0050000002374872565
v 0.04095270732844992 0.028723914557061685 -2.9389173047760926e-13
v 0.040757761030127966 0.02896213096852284 -0.0050000002374872565
v 0.03954137608465747 0.030617084050058578 -0.0050000002374872565
v 0.03888234895374599 0.031437846723320055 -1.4715192264196226e-13
v 0.03954137608465747 0.030617084050058578 -0.0050000002374872565
v 0.03674869711900453 0.033937017145369 -0.0050000002374872565
v 0.03443603679187391 0.03625803928930304 -2.7276590616125794e-13
v 0.03674869711900453 0.033937017145369 -0.0050000002374872565
v 0.031984944909095876 0.03849995986697995 -0.0050000002374872565
v -0.03947010609225866 -0.03831294050995248 -0.0050000002374872565
v -0.038786523753882036 -0.03849881545774591 4.041486327935283e-09
v -0.0405075817274736 -0.03773997295344111 -1.6755435524406333e-10
v -0.0405075817274736 -0.03773997295344111 -1.6755435524406333e-10
v -0.04057344629359028 -0.03764203441119162 -0.004999999760650076
v -0.03947010609225866 -0.03831294050995248 -0.0050000002374872565
v -0.038786523753882036 -0.03849881545774591 4.041486327935283e-09
v -0.03947010609225866 -0.03831294050995248 -0.0050000002374872565
v -0.038672155309729124 -0.0384999064612157 -0.005000001667998799
v -0.03898562044302612 0.03849849120846293 -0.004999979256651299
v -0.04056783868834347 0.03765035045162567 4.229099405038575e-10
v -0.03923271365544601 0.03839348021714705 -2.6706793682692957e-07
v -0.03898562044302612 0.03849849120846293 -0.004999979256651299
v -0.03923271365544601 0.03839348021714705 -2.6706793682692957e-07
v -0.03493775724417115 0.03850155822521017 -5.698608505194094e-06
v -0.04056783868834347 0.03765035045162567 4.229099405038575e-10
v -0.03898562044302612 0.03849849120846293 -0.004999979256651299
v -0.04063242151611802 0.03755402552639619 -0.005000000714324437
v -0.030004630560275254 -0.03664593679918226 -6.933912447599711e-09
v -0.030349334250964206 -0.034479108540745866 -1.1742079198682691e-07
v -0.030259835726815794 -0.036163759041905046 -0.0003034289921399931
v -0.03075010064268025 -0.03367218558982143 -0.00029581369374552524
v -0.030349334250964206 -0.034479108540745866 -1.1742079198682691e-07
v -0.03187754973187574 -0.03264655459017884 -1.2528413803269224e-07
v -0.033169576313019096 -0.03223672256998044 -0.0003046536590320392
v -0.03187754973187574 -0.03264655459017884 -1.2528413803269224e-07
v -0.034679582335668264 -0.03198677024182416 -4.5446721968264224e-10
v -0.03661567861903415 -0.03447152873691905 -0.0002808111741406556
v -0.03597108248856396 -0.033341909084876324 -2.6512394637923746e-07
v -0.03707233986508963 -0.036172117044011014 -5.016803026589977e-09
v -0.03577127245099732 -0.03788970364292598 -0.00031002812069974225
v -0.03707233986508963 -0.036172117044011014 -5.016803026589977e-09
v -0.03491575025460048 -0.03849961272951229 -1.0345526530986492e-05
v -0.032271066291094115 -0.03850001327274421 -0.0029949721328388634
v -0.03160197598831794 -0.03850000182865187 0.0
v -0.031114875363985613 -0.037763009911322414 -0.00032135324216355995
v -0.03160197598831794 -0.03850000182865187 0.0
v -0.030004630560275254 -0.03664593679918226 -6.933912447599711e-09
v -0.031114875363985613 -0.037763009911322414 -0.00032135324216355995
v -0.03577127245099732 -0.03788970364292598 -0.00031002812069974225
v -0.03671112234915342 -0.03623966007700429 -0.000273934645550946
v -0.03707233986508963 -0.036172117044011014 -5.016803026589977e-09
v -0.03671112234915342 -0.03623966007700429 -0.000273934645550946
v -0.03661567861903415 -0.03447152873691905 -0.0002808111741406556
v -0.03707233986508963 -0.036172117044011014 -5.016803026589977e-09
v -0.03597108248856396 -0.033341909084876324 -2.6512394637923746e-07
v -0.03470130703762787 -0.03243299638301388 -0.00030084024308514937
v -0.034679582335668264 -0.03198677024182416 -4.5446721968264224e-10
v -0.03470130703762787 -0.03243299638301388 -0.00030084024308514937
v -0.033169576313019096 -0.03223672256998044 -0.0003046536590320392
v -0.034679582335668264 -0.03198677024182416 -4.5446721968264224e-10
v -0.030259835726815794 -0.036163759041905046 -0.0003034289921399931
v -0.031114875363985613 -0.037763009911322414 -0.00032135324216355995
v -0.030004630560275254 -0.03664593679918226 -6.933912447599711e-09
v -0.031114875363985613 -0.037763009911322414 -0.00032135324216355995
v -0.030925290622925157 -0.03759033000199751 -0.0029996668333029386
v -0.032271066291094115 -0.03850001327274421 -0.0029949721328388634
v -0.031114875363985613 -0.037763009911322414 -0.00032135324216355995
v -0.030259835726815794 -0.036163759041905046 -0.0003034289921399931
v -0.030925290622925157 -0.03759033000199751 -0.0029996668333029386
v -0.030259835726815794 -0.036163759041905046 -0.0003034289921399931
v -0.03027258826038049 -0.03607222537666876 -0.003000000142492354
v -0.030925290622925157 -0.03759033000199751 -0.0029996668333029386
v -0.030259835726815794 -0.036163759041905046 -0.0003034289921399931
v -0.030410752787206626 -0.03424156351603535 -0.002999193333982353
v -0.03027258826038049 -0.03607222537666876 -0.003000000142492354
v -0.030410752787206626 -0.03424156351603535 -0.002999193333982353
v -0.030259835726815794 -0.036163759041905046 -0.0003034289921399931
v -0.030349334250964206 -0.034479108540745866 -1.1742079198682691e-07
v -0.030349334250964206 -0.034479108540745866 -1.1742079198682691e-07
v -0.03075010064268025 -0.03367218558982143 -0.00029581369374552524
v -0.030410752787206626 -0.03424156351603535 -0.002999193333982353
v -0.03075010064268025 -0.03367218558982143 -0.00029581369374552524
v -0.03241291581565387 -0.032297326668317965 -0.0029989081853482036
v -0.030410752787206626 -0.03424156351603535 -0.002999193333982353
v -0.03075010064268025 -0.03367218558982143 -0.00029581369374552524
v -0.03187754973187574 -0.03264655459017884 -1.2528413803269224e-07
v -0.03241291581565387 -0.032297326668317965 -0.0029989081853482036
v -0.03241291581565387 -0.032297326668317965 -0.0029989081853482036
v -0.03187754973187574 -0.03264655459017884 -1.2528413803269224e-07
v -0.033169576313019096 -0.03223672256998044 -0.0003046536590320392
v -0.03470130703762787 -0.03243299638301388 -0.00030084024308514937
v -0.03483789227971102 -0.03249182664703864 -0.0029996606344195875
v -0.03241291581565387 -0.032297326668317965 -0.0029989081853482036
v -0.03597108248856396 -0.033341909084876324 -2.6512394637923746e-07
v -0.036202382853554045 -0.03363799064190819 -0.0030001634592267956
v -0.03483789227971102 -0.03249182664703864 -0.0029996606344195875
v -0.03661567861903415 -0.03447152873691905 -0.0002808111741406556
v -0.03672379095937429 -0.034993852370126526 -0.003000000142492354
v -0.036202382853554045 -0.03363799064190819 -0.0030001634592267956
v -0.03671112234915342 -0.03623966007700429 -0.000273934645550946
v -0.03644298726561691 -0.037154004908030995 -0.0030011426443776745
v -0.03672379095937429 -0.034993852370126526 -0.003000000142492354
v -0.03577127245099732 -0.03788970364292598 -0.00031002812069974225
v -0.03477720807272711 -0.03849999801395442 -0.0030000003809109443
v -0.03644298726561691 -0.037154004908030995 -0.0030011426443776745
v -0.03477720807272711 -0.03849999801395442 -0.0030000003809109443
v -0.03577127245099732 -0.03788970364292598 -0.00031002812069974225
v -0.03491575025460048 -0.03849961272951229 -1.0345526530986492e-05
v -0.03671112234915342 -0.03623966007700429 -0.000273934645550946
v -0.03577127245099732 -0.03788970364292598 -0.00031002812069974225
v -0.03644298726561691 -0.037154004908030995 -0.0030011426443776745
v -0.03661567861903415 -0.03447152873691905 -0.0002808111741406556
v -0.03671112234915342 -0.03623966007700429 -0.000273934645550946
v -0.03672379095937429 -0.034993852370126526 -0.003000000142492354
v -0.03597108248856396 -0.033341909084876324 -2.6512394637923746e-07
v -0.03661567861903415 -0.03447152873691905 -0.0002808111741406556
v -0.036202382853554045 -0.03363799064190819 -0.0030001634592267956
v -0.03470130703762787 -0.03243299638301388 -0.00030084024308514937
v -0.03597108248856396 -0.033341909084876324 -2.6512394637923746e-07
v -0.03483789227971102 -0.03249182664703864 -0.0029996606344195875
v -0.033169576313019096 -0.03223672256998044 -0.0003046536590320392
v -0.03470130703762787 -0.03243299638301388 -0.00030084024308514937
v -0.03241291581565387 -0.032297326668317965 -0.0029989081853482036
v -0.030410752787206626 -0.03424156351603535 -0.002999193333982353
v -0.03252023469892507 -0.03397143334573415 -0.0030245346075401247
v -0.03179165991151201 -0.03567311647099335 -0.003022610569515388
v -0.03483789227971102 -0.03249182664703864 -0.0029996606344195875
v -0.036202382853554045 -0.03363799064190819 -0.0030001634592267956
v -0.0346506325967444 -0.03423594446669619 -0.0030854026352572506
v -0.03241291581565387 -0.032297326668317965 -0.0029989081853482036
v -0.03483789227971102 -0.03249182664703864 -0.0029996606344195875
v -0.03252023469892507 -0.03397143334573415 -0.0030245346075401247
v -0.030925290622925157 -0.03759033000199751 -0.0029996668333029386
v -0.03179165991151201 -0.03567311647099335 -0.003022610569515388
v -0.03233798752840356 -0.03681831534740886 -0.003028416539029438
v -0.03179165991151201 -0.03567311647099335 -0.003022610569515388
v -0.030925290622925157 -0.03759033000199751 -0.0029996668333029386
v -0.03027258826038049 -0.03607222537666876 -0.003000000142492354
v -0.03644298726561691 -0.037154004908030995 -0.0030011426443776745
v -0.03477720807272711 -0.03849999801395442 -0.0030000003809109443
v -0.03420617075312383 -0.0372632387694205 -0.0030183550360948774
v -0.03233798752840356 -0.03681831534740886 -0.003028416539029438
v -0.032271066291094115 -0.03850001327274421 -0.0029949721328388634
v -0.030925290622925157 -0.03759033000199751 -0.0029996668333029386
v -0.03420617075312383 -0.0372632387694205 -0.0030183550360948774
v -0.03477720807272711 -0.03849999801395442 -0.0030000003809109443
v -0.032271066291094115 -0.03850001327274421 -0.0029949721328388634
v -0.03233798752840356 -0.03681831534740886 -0.003028416539029438
v -0.03420617075312383 -0.0372632387694205 -0.0030183550360948774
v -0.032271066291094115 -0.03850001327274421 -0.0029949721328388634
v -0.03179165991151201 -0.03567311647099335 -0.003022610569515388
v -0.03027258826038049 -0.03607222537666876 -0.003000000142492354
v -0.030410752787206626 -0.03424156351603535 -0.002999193333982353
v -0.03252023469892507 -0.03397143334573415 -0.0030245346075401247
v -0.030410752787206626 -0.03424156351603535 -0.002999193333982353
v -0.03241291581565387 -0.032297326668317965 -0.0029989081853482036
v -0.03420617075312383 -0.0372632387694205 -0.0030183550360948774
v -0.03531876159576398 -0.03532410598688695 -0.003010363721780984
v -0.03644298726561691 -0.037154004908030995 -0.0030011426443776745
v -0.0346506325967444 -0.03423594446669619 -0.0030854026352572506
v -0.03252023469892507 -0.03397143334573415 -0.0030245346075401247
v -0.03483789227971102 -0.03249182664703864 -0.0029996606344195875
v -0.03531876159576398 -0.03532410598688695 -0.003010363721780984
v -0.0346506325967444 -0.03423594446669619 -0.0030854026352572506
v -0.036202382853554045 -0.03363799064190819 -0.0030001634592267956
v -0.036202382853554045 -0.03363799064190819 -0.0030001634592267956
v -0.03672379095937429 -0.034993852370126526 -0.003000000142492354
v -0.03531876159576398 -0.03532410598688695 -0.003010363721780984
v -0.03672379095937429 -0.034993852370126526 -0.003000000142492354
v -0.03644298726561691 -0.037154004908030995 -0.0030011426443776745
v -0.03531876159576398 -0.03532410598688695 -0.003010363721780984
v -0.03591554812313325 0.03776282299114752 -4.327632226710425e-06
v -0.03671523077830364 0.03479821942626415 -6.793698007453775e-08
v -0.03662981207307459 0.03653963262543191 -0.00030017749900841315
v -0.032527509326956146 0.03200412520785844 -2.0731689421783537e-09
v -0.032562814351826404 0.03232187424638821 -0.00032350982772093306
v -0.03429521723562479 0.032322381601148635 -2.643121331888653e-09
v -0.032562814351826404 0.03232187424638821 -0.00032350982772093306
v -0.032527509326956146 0.03200412520785844 -2.0731689421783537e-09
v -0.03087933687013212 0.03350694815521526 -1.5034639350386868e-07
v -0.03017825842191569 0.03528907943493031 -0.0002922336597963385
v -0.03087933687013212 0.03350694815521526 -1.5034639350386868e-07
v -0.029955758563935404 0.036266317182762624 -1.887926826925728e-08
v -0.029955758563935404 0.036266317182762624 -1.887926826925728e-08
v -0.030623961949555197 0.03706232246959428 -0.0002993798398118197
v -0.03017825842191569 0.03528907943493031 -0.0002922336597963385
v -0.03144762188552753 0.0380600871043879 -0.0003035923982814062
v -0.029955758563935404 0.036266317182762624 -1.887926826925728e-08
v -0.03154268986794829 0.03850000182865187 -2.0964941002032926e-11
v -0.03144762188552753 0.0380600871043879 -0.0003035923982814062
v -0.03154268986794829 0.03850000182865187 -2.0964941002032926e-11
v -0.03224976120585366 0.03849999801395442 -0.0003276146209876471
v -0.03144762188552753 0.0380600871043879 -0.0003035923982814062
v -0.030623961949555197 0.03706232246959428 -0.0002993798398118197
v -0.029955758563935404 0.036266317182762624 -1.887926826925728e-08
v -0.03493775724417115 0.03850155822521017 -5.698608505194094e-06
v -0.03591554812313325 0.03776282299114752 -4.327632226710425e-06
v -0.03477720807272711 0.03849999801395442 -0.0030000003809109443
v -0.03591554812313325 0.03776282299114752 -4.327632226710425e-06
v -0.03616333942518591 0.03745961176458756 -0.0030000795358829657
v -0.03477720807272711 0.03849999801395442 -0.0030000003809109443
v -0.03591554812313325 0.03776282299114752 -4.327632226710425e-06
v -0.03662981207307459 0.03653963262543191 -0.00030017749900841315
v -0.03616333942518591 0.03745961176458756 -0.0030000795358829657
v -0.03662981207307459 0.03653963262543191 -0.00030017749900841315
v -0.03680387290287524 0.035316591032916726 -0.003000026606955891
v -0.03616333942518591 0.03745961176458756 -0.0030000795358829657
v -0.03680387290287524 0.035316591032916726 -0.003000026606955891
v -0.03662981207307459 0.03653963262543191 -0.00030017749900841315
v -0.03671523077830364 0.03479821942626415 -6.793698007453775e-08
v -0.03671523077830364 0.03479821942626415 -6.793698007453775e-08
v -0.036265645796012 0.03374469535889046 -0.003000000142492354
v -0.03680387290287524 0.035316591032916726 -0.003000026606955891
v -0.03671523077830364 0.03479821942626415 -6.793698007453775e-08
v -0.03561694505108904 0.032974324838901385 -4.252424607401383e-07
v -0.036265645796012 0.03374469535889046 -0.003000000142492354
v -0.03561694505108904 0.032974324838901385 -4.252424607401383e-07
v -0.03467885372845592 0.032308938607346065 -0.0030011734003758395
v -0.036265645796012 0.03374469535889046 -0.003000000142492354
v -0.03561694505108904 0.032974324838901385 -4.252424607401383e-07
v -0.03429521723562479 0.032322381601148635 -2.643121331888653e-09
v -0.03467885372845592 0.032308938607346065 -0.0030011734003758395
v -0.03467885372845592 0.032308938607346065 -0.0030011734003758395
v -0.03429521723562479 0.032322381601148635 -2.643121331888653e-09
v -0.032562814351826404 0.03232187424638821 -0.00032350982772093306
v -0.032562814351826404 0.03232187424638821 -0.00032350982772093306
v -0.03209357604828878 0.03253720628786593 -0.002999159240123922
v -0.03467885372845592 0.032308938607346065 -0.0030011734003758395
v -0.03087933687013212 0.03350694815521526 -1.5034639350386868e-07
v -0.030688525703842513 0.033802411731260744 -0.0030004309648852534
v -0.03209357604828878 0.03253720628786593 -0.002999159240123922
v -0.03017825842191569 0.03528907943493031 -0.0002922336597963385
v -0.03019125891081443 0.03574135377892195 -0.0030023373599342984
v -0.030688525703842513 0.033802411731260744 -0.0030004309648852534
v -0.03019125891081443 0.03574135377892195 -0.0030023373599342984
v -0.03017825842191569 0.03528907943493031 -0.0002922336597963385
v -0.030623961949555197 0.03706232246959428 -0.0002993798398118197
v -0.030623961949555197 0.03706232246959428 -0.0002993798398118197
v -0.031012229485086758 0.037647451281566095 -0.0030000916952310774
v -0.03019125891081443 0.03574135377892195 -0.0030023373599342984
v -0.03144762188552753 0.0380600871043879 -0.0003035923982814062
v -0.03224798355684345 0.03850000182865187 -0.003000000142492354
v -0.031012229485086758 0.037647451281566095 -0.0030000916952310774
v -0.03144762188552753 0.0380600871043879 -0.0003035923982814062
v -0.03224976120585366 0.03849999801395442 -0.0003276146209876471
v -0.03224798355684345 0.03850000182865187 -0.003000000142492354
v -0.030623961949555197 0.03706232246959428 -0.0002993798398118197
v -0.03144762188552753 0.0380600871043879 -0.0003035923982814062
v -0.031012229485086758 0.037647451281566095 -0.0030000916952310774
v -0.03087933687013212 0.03350694815521526 -1.5034639350386868e-07
v -0.03017825842191569 0.03528907943493031 -0.0002922336597963385
v -0.030688525703842513 0.033802411731260744 -0.0030004309648852534
v -0.032562814351826404 0.03232187424638821 -0.00032350982772093306
v -0.03087933687013212 0.03350694815521526 -1.5034639350386868e-07
v -0.03209357604828878 0.03253720628786593 -0.002999159240123922
v -0.03530510879360183 0.03540986801488621 -0.003022256041071425
v -0.036265645796012 0.03374469535889046 -0.003000000142492354
v -0.03467885372845592 0.032308938607346065 -0.0030011734003758395
v -0.03221297989307149 0.03661376745561328 -0.003024031544314326
v -0.03161751515836753 0.03484893964351698 -0.003005710982988824
v -0.03019125891081443 0.03574135377892195 -0.0030023373599342984
v -0.030688525703842513 0.033802411731260744 -0.0030004309648852534
v -0.03019125891081443 0.03574135377892195 -0.0030023373599342984
v -0.03161751515836753 0.03484893964351698 -0.003005710982988824
v -0.031012229485086758 0.037647451281566095 -0.0030000916952310774
v -0.03224798355684345 0.03850000182865187 -0.003000000142492354
v -0.03332917943949632 0.03724476418968558 -0.0030139667035194995
v -0.03332917943949632 0.03724476418968558 -0.0030139667035194995
v -0.03224798355684345 0.03850000182865187 -0.003000000142492354
v -0.03477720807272711 0.03849999801395442 -0.0030000003809109443
v -0.03467885372845592 0.032308938607346065 -0.0030011734003758395
v -0.03372530143707087 0.03345100561715774 -0.002999531649962167
v -0.03530510879360183 0.03540986801488621 -0.003022256041071425
v -0.03209357604828878 0.03253720628786593 -0.002999159240123922
v -0.030688525703842513 0.033802411731260744 -0.0030004309648852534
v -0.03161751515836753 0.03484893964351698 -0.003005710982988824
v -0.03019125891081443 0.03574135377892195 -0.0030023373599342984
v -0.031012229485086758 0.037647451281566095 -0.0030000916952310774
v -0.03221297989307149 0.03661376745561328 -0.003024031544314326
v -0.03467885372845592 0.032308938607346065 -0.0030011734003758395
v -0.03209357604828878 0.03253720628786593 -0.002999159240123922
v -0.03372530143707087 0.03345100561715774 -0.002999531649962167
v -0.03478342602956542 0.036773168403125826 -0.003011749410628539
v -0.03477720807272711 0.03849999801395442 -0.0030000003809109443
v -0.03616333942518591 0.03745961176458756 -0.0030000795358829657
v -0.03477720807272711 0.03849999801395442 -0.0030000003809109443
v -0.03478342602956542 0.036773168403125826 -0.003011749410628539
v -0.03332917943949632 0.03724476418968558 -0.0030139667035194995
v -0.03332917943949632 0.03724476418968558 -0.0030139667035194995
v -0.03221297989307149 0.03661376745561328 -0.003024031544314326
v -0.031012229485086758 0.037647451281566095 -0.0030000916952310774
v -0.03161751515836753 0.03484893964351698 -0.003005710982988824
v -0.03372530143707087 0.03345100561715774 -0.002999531649962167
v -0.03209357604828878 0.03253720628786593 -0.002999159240123922
v -0.03616333942518591 0.03745961176458756 -0.0030000795358829657
v -0.03530510879360183 0.03540986801488621 -0.003022256041071425
v -0.03478342602956542 0.036773168403125826 -0.003011749410628539
v -0.03530510879360183 0.03540986801488621 -0.003022256041071425
v -0.03616333942518591 0.03745961176458756 -0.0030000795358829657
v -0.03680387290287524 0.035316591032916726 -0.003000026606955891
v -0.03530510879360183 0.03540986801488621 -0.003022256041071425
v -0.03680387290287524 0.035316591032916726 -0.003000026606955891
v -0.036265645796012 0.03374469535889046 -0.003000000142492354
v -0.03228137741829285 -0.0341966111213221 -0.00499754452600587
v -0.03185317953723677 -0.035969781676734584 -0.004999772309314809
v -0.03179165991151201 -0.03567311647099335 -0.003022610569515388
v -0.03411498804005265 -0.03393182152744644 -0.00499994635488582
v -0.03228137741829285 -0.0341966111213221 -0.00499754452600587
v -0.03252023469892507 -0.03397143334573415 -0.0030245346075401247
v -0.03298821796700269 -0.03715475640342802 -0.004998980759594596
v -0.03497647260855886 -0.036391160786104486 -0.00499335646504645
v -0.03420617075312383 -0.0372632387694205 -0.0030183550360948774
v -0.03185317953723677 -0.035969781676734584 -0.004999772309314809
v -0.03298821796700269 -0.03715475640342802 -0.004998980759594596
v -0.03233798752840356 -0.03681831534740886 -0.003028416539029438
v -0.03233798752840356 -0.03681831534740886 -0.003028416539029438
v -0.03179165991151201 -0.03567311647099335 -0.003022610569515388
v -0.03185317953723677 -0.035969781676734584 -0.004999772309314809
v -0.03420617075312383 -0.0372632387694205 -0.0030183550360948774
v -0.03233798752840356 -0.03681831534740886 -0.003028416539029438
v -0.03298821796700269 -0.03715475640342802 -0.004998980759594596
v -0.03531876159576398 -0.03532410598688695 -0.003010363721780984
v -0.03420617075312383 -0.0372632387694205 -0.0030183550360948774
v -0.03497647260855886 -0.036391160786104486 -0.00499335646504645
v -0.0346506325967444 -0.03423594446669619 -0.0030854026352572506
v -0.03531876159576398 -0.03532410598688695 -0.003010363721780984
v -0.03497647260855886 -0.036391160786104486 -0.00499335646504645
v -0.03252023469892507 -0.03397143334573415 -0.0030245346075401247
v -0.0346506325967444 -0.03423594446669619 -0.0030854026352572506
v -0.03411498804005265 -0.03393182152744644 -0.00499994635488582
v -0.03179165991151201 -0.03567311647099335 -0.003022610569515388
v -0.03252023469892507 -0.03397143334573415 -0.0030245346075401247
v -0.03228137741829285 -0.0341966111213221 -0.00499754452600587
v -0.03411498804005265 -0.03393182152744644 -0.00499994635488582
v -0.0346506325967444 -0.03423594446669619 -0.0030854026352572506
v -0.03557026078373494 -0.034898671854131084 -0.0050000069132077885
v -0.0346506325967444 -0.03423594446669619 -0.0030854026352572506
v -0.03497647260855886 -0.036391160786104486 -0.00499335646504645
v -0.03557026078373494 -0.034898671854131084 -0.0050000069132077885
v -0.03530510879360183 0.03540986801488621 -0.003022256041071425
v -0.03372530143707087 0.03345100561715774 -0.002999531649962167
v -0.034028104491004026 0.03378758400228498 -0.004108767227779253
v -0.03372530143707087 0.03345100561715774 -0.002999531649962167
v -0.03161751515836753 0.03484893964351698 -0.003005710982988824
v -0.034028104491004026 0.03378758400228498 -0.004108767227779253
v -0.03208397445481515 0.03476414654866921 -0.004300213064356573
v -0.034028104491004026 0.03378758400228498 -0.004108767227779253
v -0.03161751515836753 0.03484893964351698 -0.003005710982988824
v -0.033352628384701884 0.037137964105267145 -0.004698855623269105
v -0.032062364193778954 0.036358995257232955 -0.004696735605163038
v -0.03221297989307149 0.03661376745561328 -0.003024031544314326
v -0.03505866026505045 0.03630175953674097 -0.004658078414911393
v -0.033352628384701884 0.037137964105267145 -0.004698855623269105
v -0.03332917943949632 0.03724476418968558 -0.0030139667035194995
v -0.034028104491004026 0.03378758400228498 -0.004108767227779253
v -0.03505866026505045 0.03630175953674097 -0.004658078414911393
v -0.03530510879360183 0.03540986801488621 -0.003022256041071425
v -0.034028104491004026 0.03378758400228498 -0.004108767227779253
v -0.03208397445481515 0.03476414654866921 -0.004300213064356573
v -0.03326405492468432 0.033776075060087944 -0.004996483563278475
v -0.03478342602956542 0.036773168403125826 -0.003011749410628539
v -0.03530510879360183 0.03540986801488621 -0.003022256041071425
v -0.03505866026505045 0.03630175953674097 -0.004658078414911393
v -0.03332917943949632 0.03724476418968558 -0.0030139667035194995
v -0.03478342602956542 0.036773168403125826 -0.003011749410628539
v -0.03505866026505045 0.03630175953674097 -0.004658078414911393
v -0.03221297989307149 0.03661376745561328 -0.003024031544314326
v -0.03332917943949632 0.03724476418968558 -0.0030139667035194995
v -0.033352628384701884 0.037137964105267145 -0.004698855623269105
v -0.03161751515836753 0.03484893964351698 -0.003005710982988824
v -0.03221297989307149 0.03661376745561328 -0.003024031544314326
v -0.032062364193778954 0.036358995257232955 -0.004696735605163038
v -0.03208397445481515 0.03476414654866921 -0.004300213064356573
v -0.03161751515836753 0.03484893964351698 -0.003005710982988824
v -0.032062364193778954 0.036358995257232955 -0.004696735605163038
v -0.03157000882371364 0.03629568653840564 -0.005000005482696246
v -0.03326405492468432 0.033776075060087944 -0.004996483563278475
v -0.03208397445481515 0.03476414654866921 -0.004300213064356573
v -0.03453374645227659 0.03364795081694182 -0.0049999873628833735
v -0.034441911425942 0.03742392145527517 -0.004999885319726671
v -0.03505866026505045 0.03630175953674097 -0.004658078414911393
v -0.034441911425942 0.03742392145527517 -0.004999885319726671
v -0.03157000882371364 0.03629568653840564 -0.005000005482696246
v -0.033352628384701884 0.037137964105267145 -0.004698855623269105
v -0.03208397445481515 0.03476414654866921 -0.004300213064356573
v -0.032062364193778954 0.036358995257232955 -0.004696735605163038
v -0.03157000882371364 0.03629568653840564 -0.005000005482696246
v -0.032062364193778954 0.036358995257232955 -0.004696735605163038
v -0.033352628384701884 0.037137964105267145 -0.004698855623269105
v -0.03157000882371364 0.03629568653840564 -0.005000005482696246
v -0.033352628384701884 0.037137964105267145 -0.004698855623269105
v -0.03505866026505045 0.03630175953674097 -0.004658078414911393
v -0.034441911425942 0.03742392145527517 -0.004999885319726671
v -0.03505866026505045 0.03630175953674097 -0.004658078414911393
v -0.034028104491004026 0.03378758400228498 -0.004108767227779253
v -0.03453374645227659 0.03364795081694182 -0.0049999873628833735
v -0.034028104491004026 0.03378758400228498 -0.004108767227779253
v -0.03326405492468432 0.033776075060087944 -0.004996483563278475
v -0.03453374645227659 0.03364795081694182 -0.0049999873628833735
v -0.014591644980175292 0.020497614880444767 -8.845559016845484e-11
v -0.01258104097995261 0.01907651419649103 -2.620141739234237e-11
v -0.012447757358509674 0.019368535008090767 -0.00030017833347347964
v -0.01258104097995261 0.01907651419649103 -2.620141739234237e-11
v -0.009955612655483394 0.019172810511489665 -1.990700278804367e-09
v -0.010511447452086766 0.019293448410896415 -0.00029535813542386907
v -0.009955612655483394 0.019172810511489665 -1.990700278804367e-09
v -0.008104208377482937 0.02130492120846261 -5.310809111598866e-11
v -0.00902174992497007 0.02035792638198863 -0.0003002258681799458
v -0.008104208377482937 0.02130492120846261 -5.310809111598866e-11
v -0.0082346176243997 0.022518836137336292 -1.1428967897578687e-09
v -0.00832817403295716 0.021576113772002744 -0.0003079293814528712
v -0.008442007465793157 0.024695592145878013 -9.50699574922812e-10
v -0.011543097090626066 0.026067540453229558 -3.231960275262177e-11
v -0.009897921078646512 0.02537395407079867 -0.00030634920264017637
v -0.011543097090626066 0.026067540453229558 -3.231960275262177e-11
v -0.013095613147948163 0.025719062119416984 -1.4898342467905422e-10
v -0.011705358107549359 0.025818425451162856 -0.00027798144349553897
v -0.013095613147948163 0.025719062119416984 -1.4898342467905422e-10
v -0.01448853561553665 0.02445999261686537 -1.731742511709414e-10
v -0.013435513180877216 0.025142771961429437 -0.0003071049895718263
v -0.01448853561553665 0.02445999261686537 -1.731742511709414e-10
v -0.015015139339279452 0.023130061294541756 -6.0929961750110734e-12
v -0.014580197073137405 0.023746766264629567 -0.00030354942333048196
v -0.01475299046971135 0.022204205613969293 -1.906442684741758e-08
v -0.014580197073137405 0.023746766264629567 -0.00030354942333048196
v -0.015015139339279452 0.023130061294541756 -6.0929961750110734e-12
v -0.014580197073137405 0.023746766264629567 -0.00030354942333048196
v -0.013435513180877216 0.025142771961429437 -0.0003071049895718263
v -0.01448853561553665 0.02445999261686537 -1.731742511709414e-10
v -0.013435513180877216 0.025142771961429437 -0.0003071049895718263
v -0.011705358107549359 0.025818425451162856 -0.00027798144349553897
v -0.013095613147948163 0.025719062119416984 -1.4898342467905422e-10
v -0.011705358107549359 0.025818425451162856 -0.00027798144349553897
v -0.009897921078646512 0.02537395407079867 -0.00030634920264017637
v -0.011543097090626066 0.026067540453229558 -3.231960275262177e-11
v -0.009897921078646512 0.02537395407079867 -0.00030634920264017637
v -0.008525818276048371 0.02389941329031253 -0.0002958731195791889
v -0.008442007465793157 0.024695592145878013 -9.50699574922812e-10
v -0.008525818276048371 0.02389941329031253 -0.0002958731195791889
v -0.0082346176243997 0.022518836137336292 -1.1428967897578687e-09
v -0.008442007465793157 0.024695592145878013 -9.50699574922812e-10
v -0.00832817403295716 0.021576113772002744 -0.0003079293814528712
v -0.00902174992497007 0.02035792638198863 -0.0003002258681799458
v -0.008104208377482937 0.02130492120846261 -5.310809111598866e-11
v -0.00902174992497007 0.02035792638198863 -0.0003002258681799458
v -0.010511447452086766 0.019293448410896415 -0.00029535813542386907
v -0.009955612655483394 0.019172810511489665 -1.990700278804367e-09
v -0.010511447452086766 0.019293448410896415 -0.00029535813542386907
v -0.012447757358509674 0.019368535008090767 -0.00030017833347347964
v -0.01258104097995261 0.01907651419649103 -2.620141739234237e-11
v -0.012447757358509674 0.019368535008090767 -0.00030017833347347964
v -0.0141011368773486 0.020399954811108897 -0.0003049207772602876
v -0.014591644980175292 0.020497614880444767 -8.845559016845484e-11
v -0.0141011368773486 0.020399954811108897 -0.0003049207772602876
v -0.01475299046971135 0.022204205613969293 -1.906442684741758e-08
v -0.014591644980175292 0.020497614880444767 -8.845559016845484e-11
v -0.00891513676072653 0.02466288111527159 -0.003001804732803287
v -0.008256859217863345 0.022917430058856377 -0.003000000142492354
v -0.008525818276048371 0.02389941329031253 -0.0002958731195791889
v -0.010918938201727181 0.025747941286438085 -0.003000846290069775
v -0.00891513676072653 0.02466288111527159 -0.003001804732803287
v -0.009897921078646512 0.02537395407079867 -0.00030634920264017637
v -0.013519719765992536 0.025130688907266656 -0.002999995612539136
v -0.010918938201727181 0.025747941286438085 -0.003000846290069775
v -0.011705358107549359 0.025818425451162856 -0.00027798144349553897
v -0.014864980450006175 0.02263873398543836 -0.002999757670785891
v -0.013519719765992536 0.025130688907266656 -0.002999995612539136
v -0.014580197073137405 0.023746766264629567 -0.00030354942333048196
v -0.013612202337218719 0.019884057035750576 -0.0030019847388390586
v -0.014864980450006175 0.02263873398543836 -0.002999757670785891
v -0.0141011368773486 0.020399954811108897 -0.0003049207772602876
v -0.010788032090467971 0.019212546307444397 -0.0030009602541559988
v -0.013612202337218719 0.019884057035750576 -0.0030019847388390586
v -0.012447757358509674 0.019368535008090767 -0.00030017833347347964
v -0.009068868114158747 0.020298211108156213 -0.003000000142492354
v -0.010788032090467971 0.019212546307444397 -0.0030009602541559988
v -0.010511447452086766 0.019293448410896415 -0.00029535813542386907
v -0.008348897376836974 0.021528361389363534 -0.0029999557966345347
v -0.009068868114158747 0.020298211108156213 -0.003000000142492354
v -0.00902174992497007 0.02035792638198863 -0.0003002258681799458
v -0.008256859217863345 0.022917430058856377 -0.003000000142492354
v -0.008348897376836974 0.021528361389363534 -0.0029999557966345347
v -0.00832817403295716 0.021576113772002744 -0.0003079293814528712
v -0.00832817403295716 0.021576113772002744 -0.0003079293814528712
v -0.0082346176243997 0.022518836137336292 -1.1428967897578687e-09
v -0.008256859217863345 0.022917430058856377 -0.003000000142492354
v -0.00902174992497007 0.02035792638198863 -0.0003002258681799458
v -0.00832817403295716 0.021576113772002744 -0.0003079293814528712
v -0.008348897376836974 0.021528361389363534 -0.0029999557966345347
v -0.010511447452086766 0.019293448410896415 -0.00029535813542386907
v -0.00902174992497007 0.02035792638198863 -0.0003002258681799458
v -0.009068868114158747 0.020298211108156213 -0.003000000142492354
v -0.012447757358509674 0.019368535008090767 -0.00030017833347347964
v -0.010511447452086766 0.019293448410896415 -0.00029535813542386907
v -0.010788032090467971 0.019212546307444397 -0.0030009602541559988
v -0.0141011368773486 0.020399954811108897 -0.0003049207772602876
v -0.012447757358509674 0.019368535008090767 -0.00030017833347347964
v -0.013612202337218719 0.019884057035750576 -0.0030019847388390586
v -0.01475299046971135 0.022204205613969293 -1.906442684741758e-08
v -0.0141011368773486 0.020399954811108897 -0.0003049207772602876
v -0.014864980450006175 0.02263873398543836 -0.002999757670785891
v -0.014580197073137405 0.023746766264629567 -0.00030354942333048196
v -0.01475299046971135 0.022204205613969293 -1.906442684741758e-08
v -0.014864980450006175 0.02263873398543836 -0.002999757670785891
v -0.013435513180877216 0.025142771961429437 -0.0003071049895718263
v -0.014580197073137405 0.023746766264629567 -0.00030354942333048196
v -0.013519719765992536 0.025130688907266656 -0.002999995612539136
v -0.011705358107549359 0.025818425451162856 -0.00027798144349553897
v -0.013435513180877216 0.025142771961429437 -0.0003071049895718263
v -0.013519719765992536 0.025130688907266656 -0.002999995612539136
v -0.009897921078646512 0.02537395407079867 -0.00030634920264017637
v -0.011705358107549359 0.025818425451162856 -0.00027798144349553897
v -0.010918938201727181 0.025747941286438085 -0.003000846290069775
v -0.008525818276048371 0.02389941329031253 -0.0002958731195791889
v -0.009897921078646512 0.02537395407079867 -0.00030634920264017637
v -0.00891513676072653 0.02466288111527159 -0.003001804732803287
v -0.0082346176243997 0.022518836137336292 -1.1428967897578687e-09
v -0.008525818276048371 0.02389941329031253 -0.0002958731195791889
v -0.008256859217863345 0.022917430058856377 -0.003000000142492354
v -0.009068868114158747 0.020298211108156213 -0.003000000142492354
v -0.008348897376836974 0.021528361389363534 -0.0029999557966345347
v -0.010146993165366937 0.021030200049784172 -0.0030002075666660244
v -0.008256859217863345 0.022917430058856377 -0.003000000142492354
v -0.00891513676072653 0.02466288111527159 -0.003001804732803287
v -0.009721374973459264 0.02292736353100788 -0.003015294456649581
v -0.008348897376836974 0.021528361389363534 -0.0029999557966345347
v -0.008256859217863345 0.022917430058856377 -0.003000000142492354
v -0.009721374973459264 0.02292736353100788 -0.003015294456649581
v -0.010788032090467971 0.019212546307444397 -0.0030009602541559988
v -0.010146993165366937 0.021030200049784172 -0.0030002075666660244
v -0.012046173667865648 0.02083379272234009 -0.003024057293522092
v -0.01304771866782906 0.021641064718080912 -0.00302085366292254
v -0.01306092705773865 0.023392666974129114 -0.0030185734275237075
v -0.014864980450006175 0.02263873398543836 -0.002999757670785891
v -0.009721374973459264 0.02292736353100788 -0.003015294456649581
v -0.010146993165366937 0.021030200049784172 -0.0030002075666660244
v -0.008348897376836974 0.021528361389363534 -0.0029999557966345347
v -0.013612202337218719 0.019884057035750576 -0.0030019847388390586
v -0.010788032090467971 0.019212546307444397 -0.0030009602541559988
v -0.012046173667865648 0.02083379272234009 -0.003024057293522092
v -0.010682646305127943 0.02399580306539861 -0.0030326224813831404
v -0.009721374973459264 0.02292736353100788 -0.003015294456649581
v -0.00891513676072653 0.02466288111527159 -0.003001804732803287
v -0.00891513676072653 0.02466288111527159 -0.003001804732803287
v -0.010918938201727181 0.025747941286438085 -0.003000846290069775
v -0.010682646305127943 0.02399580306539861 -0.0030326224813831404
v -0.011747068963107178 0.02424703522454829 -0.0030247422701323856
v -0.010682646305127943 0.02399580306539861 -0.0030326224813831404
v -0.010918938201727181 0.025747941286438085 -0.003000846290069775
v -0.012046173667865648 0.02083379272234009 -0.003024057293522092
v -0.01304771866782906 0.021641064718080912 -0.00302085366292254
v -0.013612202337218719 0.019884057035750576 -0.0030019847388390586
v -0.010918938201727181 0.025747941286438085 -0.003000846290069775
v -0.013519719765992536 0.025130688907266656 -0.002999995612539136
v -0.011747068963107178 0.02424703522454829 -0.0030247422701323856
v -0.01306092705773865 0.023392666974129114 -0.0030185734275237075
v -0.011747068963107178 0.02424703522454829 -0.0030247422701323856
v -0.013519719765992536 0.025130688907266656 -0.002999995612539136
v -0.013519719765992536 0.025130688907266656 -0.002999995612539136
v -0.014864980450006175 0.02263873398543836 -0.002999757670785891
v -0.01306092705773865 0.023392666974129114 -0.0030185734275237075
v -0.014864980450006175 0.02263873398543836 -0.002999757670785891
v -0.013612202337218719 0.019884057035750576 -0.0030019847388390586
v -0.01304771866782906 0.021641064718080912 -0.00302085366292254
v -0.010146993165366937 0.021030200049784172 -0.0030002075666660244
v -0.010788032090467971 0.019212546307444397 -0.0030009602541559988
v -0.009068868114158747 0.020298211108156213 -0.003000000142492354
v -0.012046173667865648 0.02083379272234009 -0.003024057293522092
v -0.010146993165366937 0.021030200049784172 -0.0030002075666660244
v -0.011568966461361631 0.020895907440866553 -0.004252451144973746
v -0.010146993165366937 0.021030200049784172 -0.0030002075666660244
v -0.009721374973459264 0.02292736353100788 -0.003015294456649581
v -0.010073352338504928 0.021563891481383154 -0.0035277494675621524
v -0.010073352338504928 0.021563891481383154 -0.0035277494675621524
v -0.011568966461361631 0.020895907440866553 -0.004252451144973746
v -0.010146993165366937 0.021030200049784172 -0.0030002075666660244
v -0.010850090542207093 0.023984704203177106 -0.004699736818379319
v -0.00993948602202699 0.023094607496471072 -0.004697149022998837
v -0.010682646305127943 0.02399580306539861 -0.0030326224813831404
v -0.011920786470137614 0.024086016845318296 -0.0046990363445606476
v -0.010850090542207093 0.023984704203177106 -0.004699736818379319
v -0.010682646305127943 0.02399580306539861 -0.0030326224813831404
v -0.013145618109429717 0.022943698065475134 -0.004687952741128931
v -0.011920786470137614 0.024086016845318296 -0.0046990363445606476
v -0.01306092705773865 0.023392666974129114 -0.0030185734275237075
v -0.012791347157544156 0.021447888439374282 -0.0049994571199382665
v -0.013145618109429717 0.022943698065475134 -0.004687952741128931
v -0.01304771866782906 0.021641064718080912 -0.00302085366292254
v -0.011568966461361631 0.020895907440866553 -0.004252451144973746
v -0.012791347157544156 0.021447888439374282 -0.0049994571199382665
v -0.012046173667865648 0.02083379272234009 -0.003024057293522092
v -0.00993948602202699 0.023094607496471072 -0.004697149022998837
v -0.010138855462038522 0.02145808321830089 -0.004688800080799305
v -0.010073352338504928 0.021563891481383154 -0.0035277494675621524
v -0.010073352338504928 0.021563891481383154 -0.0035277494675621524
v -0.009721374973459264 0.02292736353100788 -0.003015294456649581
v -0.00993948602202699 0.023094607496471072 -0.004697149022998837
v -0.011568966461361631 0.020895907440866553 -0.004252451144973746
v -0.010073352338504928 0.021563891481383154 -0.0035277494675621524
v -0.010138855462038522 0.02145808321830089 -0.004688800080799305
v -0.01304771866782906 0.021641064718080912 -0.00302085366292254
v -0.012046173667865648 0.02083379272234009 -0.003024057293522092
v -0.012791347157544156 0.021447888439374282 -0.0049994571199382665
v -0.01306092705773865 0.023392666974129114 -0.0030185734275237075
v -0.01304771866782906 0.021641064718080912 -0.00302085366292254
v -0.013145618109429717 0.022943698065475134 -0.004687952741128931
v -0.011747068963107178 0.02424703522454829 -0.0030247422701323856
v -0.01306092705773865 0.023392666974129114 -0.0030185734275237075
v -0.011920786470137614 0.024086016845318296 -0.0046990363445606476
v -0.010682646305127943 0.02399580306539861 -0.0030326224813831404
v -0.011747068963107178 0.02424703522454829 -0.0030247422701323856
v -0.011920786470137614 0.024086016845318296 -0.0046990363445606476
v -0.009721374973459264 0.02292736353100788 -0.003015294456649581
v -0.010682646305127943 0.02399580306539861 -0.0030326224813831404
v -0.00993948602202699 0.023094607496471072 -0.004697149022998837
v -0.009507518266219097 0.02194440755170279 -0.0050000002374872565
v -0.011794477069301814 0.02042773153056787 -0.00500000214483598
v -0.010138855462038522 0.02145808321830089 -0.004688800080799305
v -0.012791347157544156 0.021447888439374282 -0.0049994571199382665
v -0.012795208585034693 0.02415453071881179 -0.0049997913828020435
v -0.013145618109429717 0.022943698065475134 -0.004687952741128931
v -0.012795208585034693 0.02415453071881179 -0.0049997913828020435
v -0.010254336844171543 0.024090642165972558 -0.0049999907007436395
v -0.011920786470137614 0.024086016845318296 -0.0046990363445606476
v -0.010254336844171543 0.024090642165972558 -0.0049999907007436395
v -0.009507518266219097 0.02194440755170279 -0.0050000002374872565
v -0.00993948602202699 0.023094607496471072 -0.004697149022998837
v -0.00993948602202699 0.023094607496471072 -0.004697149022998837
v -0.010850090542207093 0.023984704203177106 -0.004699736818379319
v -0.010254336844171543 0.024090642165972558 -0.0049999907007436395
v -0.010850090542207093 0.023984704203177106 -0.004699736818379319
v -0.011920786470137614 0.024086016845318296 -0.0046990363445606476
v -0.010254336844171543 0.024090642165972558 -0.0049999907007436395
v -0.011920786470137614 0.024086016845318296 -0.0046990363445606476
v -0.013145618109429717 0.022943698065475134 -0.004687952741128931
v -0.012795208585034693 0.02415453071881179 -0.0049997913828020435
v -0.012791347157544156 0.021447888439374282 -0.0049994571199382665
v -0.011568966461361631 0.020895907440866553 -0.004252451144973746
v -0.011794477069301814 0.02042773153056787 -0.00500000214483598
v -0.011568966461361631 0.020895907440866553 -0.004252451144973746
v -0.010138855462038522 0.02145808321830089 -0.004688800080799305
v -0.011794477069301814 0.02042773153056787 -0.00500000214483598
v -0.010138855462038522 0.02145808321830089 -0.004688800080799305
v -0.00993948602202699 0.023094607496471072 -0.004697149022998837
v -0.009507518266219097 0.02194440755170279 -0.0050000002374872565
v -0.015071298361417077 -0.022319901572833697 -3.0324530439319587e-13
v -0.014992763277730806 -0.02346293560844814 -8.543965585613512e-11
v -0.014780557380810747 -0.022525796052828003 -0.0003021867120745793
v -0.014992763277730806 -0.02346293560844814 -8.543965585613512e-11
v -0.013109205868625521 -0.025801118168846664 -1.1611144242470226e-09
v -0.013825795830335056 -0.024798453555182613 -0.0003001584255211791
v -0.013109205868625521 -0.025801118168846664 -1.1611144242470226e-09
v -0.01100608305755091 -0.026015712066368428 -4.048251648560588e-13
v -0.012363549819719991 -0.025695163039912698 -0.0002921270866864181
v -0.01100608305755091 -0.026015712066368428 -4.048251648560588e-13
v -0.008523286270618049 -0.02471041606015633 -1.413557309953479e-09
v -0.010288724434305842 -0.025596320414368316 -0.00032006318897308955
v -0.008523286270618049 -0.02471041606015633 -1.413557309953479e-09
v -0.00794774522384162 -0.02217681990099862 -8.176290966274427e-11
v -0.008172245413795578 -0.022953707831575573 -0.0003630507462803155
v -0.00794774522384162 -0.02217681990099862 -8.176290966274427e-11
v -0.008083529856298123 -0.02124179559511274 -8.106942169606034e-12
v -0.008657449179822476 -0.020849814451616707 -0.00030493907588710276
v -0.008083529856298123 -0.02124179559511274 -8.106942169606034e-12
v -0.00922377248705586 -0.019764035209981486 9.842147120704128e-12
v -0.008657449179822476 -0.020849814451616707 -0.00030493907588710276
v -0.00922377248705586 -0.019764035209981486 9.842147120704128e-12
v -0.01160362203399157 -0.019233345945273147 -4.583269255232737e-08
v -0.010418121832724838 -0.01936759087047268 -0.00030289603718341995
v -0.01326796022492083 -0.019716097814516106 -1.1349290246203332e-07
v -0.014841239680445931 -0.02128343301774471 -3.038000440071439e-12
v -0.014400749890541856 -0.020950593036115347 -0.0002964002332802966
v -0.014841239680445931 -0.02128343301774471 -3.038000440071439e-12
v -0.015071298361417077 -0.022319901572833697 -3.0324530439319587e-13
v -0.014780557380810747 -0.022525796052828003 -0.0003021867120745793
v -0.014780557380810747 -0.022525796052828003 -0.0003021867120745793
v -0.014400749890541856 -0.020950593036115347 -0.0002964002332802966
v -0.014841239680445931 -0.02128343301774471 -3.038000440071439e-12
v -0.010418121832724838 -0.01936759087047268 -0.00030289603718341995
v -0.008657449179822476 -0.020849814451616707 -0.00030493907588710276
v -0.00922377248705586 -0.019764035209981486 9.842147120704128e-12
v -0.008657449179822476 -0.020849814451616707 -0.00030493907588710276
v -0.008172245413795578 -0.022953707831575573 -0.0003630507462803155
v -0.00794774522384162 -0.02217681990099862 -8.176290966274427e-11
v -0.008172245413795578 -0.022953707831575573 -0.0003630507462803155
v -0.009021750878644432 -0.024642075755396668 -0.00030022568936600297
v -0.008523286270618049 -0.02471041606015633 -1.413557309953479e-09
v -0.009021750878644432 -0.024642075755396668 -0.00030022568936600297
v -0.010288724434305842 -0.025596320414368316 -0.00032006318897308955
v -0.008523286270618049 -0.02471041606015633 -1.413557309953479e-09
v -0.010288724434305842 -0.025596320414368316 -0.00032006318897308955
v -0.012363549819719991 -0.025695163039912698 -0.0002921270866864181
v -0.01100608305755091 -0.026015712066368428 -4.048251648560588e-13
v -0.012363549819719991 -0.025695163039912698 -0.0002921270866864181
v -0.013825795830335056 -0.024798453555182613 -0.0003001584255211791
v -0.013109205868625521 -0.025801118168846664 -1.1611144242470226e-09
v -0.013825795830335056 -0.024798453555182613 -0.0003001584255211791
v -0.014478828164208871 -0.023836295306357554 -0.0003001132451982934
v -0.014992763277730806 -0.02346293560844814 -8.543965585613512e-11
v -0.014478828164208871 -0.023836295306357554 -0.0003001132451982934
v -0.014780557380810747 -0.022525796052828003 -0.0003021867120745793
v -0.014992763277730806 -0.02346293560844814 -8.543965585613512e-11
v -0.008687826569265812 -0.020828185117093275 -0.0029999808305865294
v -0.008143500714859477 -0.022921895162217872 -0.0029999877447256518
v -0.008657449179822476 -0.020849814451616707 -0.00030493907588710276
v -0.01043416358916305 -0.019324456179092838 -0.0030001079076952264
v -0.008687826569265812 -0.020828185117093275 -0.0029999808305865294
v -0.008657449179822476 -0.020849814451616707 -0.00030493907588710276
v -0.01233864556743847 -0.019333474123857105 -0.003000000142492354
v -0.01043416358916305 -0.019324456179092838 -0.0030001079076952264
v -0.01160362203399157 -0.019233345945273147 -4.583269255232737e-08
v -0.014021548937167009 -0.020296410570961317 -0.0030011626715392703
v -0.01233864556743847 -0.019333474123857105 -0.003000000142492354
v -0.01326796022492083 -0.019716097814516106 -1.1349290246203332e-07
v -0.01480564187754663 -0.02259850037146682 -0.003000136279507487
v -0.014021548937167009 -0.020296410570961317 -0.0030011626715392703
v -0.014400749890541856 -0.020950593036115347 -0.0002964002332802966
v -0.014387089458984818 -0.02402440948155226 -0.003000000142492354
v -0.01480564187754663 -0.02259850037146682 -0.003000136279507487
v -0.014478828164208871 -0.023836295306357554 -0.0003001132451982934
v -0.013119174626728406 -0.025405518784822327 -0.0030007597441214506
v -0.014387089458984818 -0.02402440948155226 -0.003000000142492354
v -0.013825795830335056 -0.024798453555182613 -0.0003001584255211791
v -0.01051132633544283 -0.025673589018502245 -0.0029995249742416352
v -0.013119174626728406 -0.025405518784822327 -0.0030007597441214506
v -0.012363549819719991 -0.025695163039912698 -0.0002921270866864181
v -0.00903403325074881 -0.02465620730208839 -0.003000000142492354
v -0.01051132633544283 -0.025673589018502245 -0.0029995249742416352
v -0.010288724434305842 -0.025596320414368316 -0.00032006318897308955
v -0.008143500714859477 -0.022921895162217872 -0.0029999877447256518
v -0.00903403325074881 -0.02465620730208839 -0.003000000142492354
v -0.009021750878644432 -0.024642075755396668 -0.00030022568936600297
v -0.009021750878644432 -0.024642075755396668 -0.00030022568936600297
v -0.008172245413795578 -0.022953707831575573 -0.0003630507462803155
v -0.008143500714859477 -0.022921895162217872 -0.0029999877447256518
v -0.010288724434305842 -0.025596320414368316 -0.00032006318897308955
v -0.009021750878644432 -0.024642075755396668 -0.00030022568936600297
v -0.00903403325074881 -0.02465620730208839 -0.003000000142492354
v -0.012363549819719991 -0.025695163039912698 -0.0002921270866864181
v -0.010288724434305842 -0.025596320414368316 -0.00032006318897308955
v -0.01051132633544283 -0.025673589018502245 -0.0029995249742416352
v -0.013825795830335056 -0.024798453555182613 -0.0003001584255211791
v -0.012363549819719991 -0.025695163039912698 -0.0002921270866864181
v -0.013119174626728406 -0.025405518784822327 -0.0030007597441214506
v -0.014478828164208871 -0.023836295306357554 -0.0003001132451982934
v -0.013825795830335056 -0.024798453555182613 -0.0003001584255211791
v -0.014387089458984818 -0.02402440948155226 -0.003000000142492354
v -0.014780557380810747 -0.022525796052828003 -0.0003021867120745793
v -0.014478828164208871 -0.023836295306357554 -0.0003001132451982934
v -0.01480564187754663 -0.02259850037146682 -0.003000136279507487
v -0.014400749890541856 -0.020950593036115347 -0.0002964002332802966
v -0.014780557380810747 -0.022525796052828003 -0.0003021867120745793
v -0.01480564187754663 -0.02259850037146682 -0.003000136279507487
v -0.01326796022492083 -0.019716097814516106 -1.1349290246203332e-07
v -0.014400749890541856 -0.020950593036115347 -0.0002964002332802966
v -0.014021548937167009 -0.020296410570961317 -0.0030011626715392703
v -0.01160362203399157 -0.019233345945273147 -4.583269255232737e-08
v -0.01326796022492083 -0.019716097814516106 -1.1349290246203332e-07
v -0.01233864556743847 -0.019333474123857105 -0.003000000142492354
v -0.010418121832724838 -0.01936759087047268 -0.00030289603718341995
v -0.01160362203399157 -0.019233345945273147 -4.583269255232737e-08
v -0.01043416358916305 -0.019324456179092838 -0.0030001079076952264
v -0.008657449179822476 -0.020849814451616707 -0.00030493907588710276
v -0.010418121832724838 -0.01936759087047268 -0.00030289603718341995
v -0.01043416358916305 -0.019324456179092838 -0.0030001079076952264
v -0.008172245413795578 -0.022953707831575573 -0.0003630507462803155
v -0.008657449179822476 -0.020849814451616707 -0.00030493907588710276
v -0.008143500714859477 -0.022921895162217872 -0.0029999877447256518
v -0.008143500714859477 -0.022921895162217872 -0.0029999877447256518
v -0.008687826569265812 -0.020828185117093275 -0.0029999808305865294
v -0.009736784443795667 -0.021301899968084733 -0.0030002578729886042
v -0.00903403325074881 -0.02465620730208839 -0.003000000142492354
v -0.008143500714859477 -0.022921895162217872 -0.0029999877447256518
v -0.009930672163576128 -0.02378765028451579 -0.003000377082283817
v -0.01051132633544283 -0.025673589018502245 -0.0029995249742416352
v -0.009930672163576128 -0.02378765028451579 -0.003000377082283817
v -0.011816711033370566 -0.024172837451859046 -0.003033821011637211
v -0.013073258067235475 -0.023189704089122683 -0.0030928675213234835
v -0.012849419250451358 -0.02128819185280961 -0.0030234321599779956
v -0.01480564187754663 -0.02259850037146682 -0.003000136279507487
v -0.014387089458984818 -0.02402440948155226 -0.003000000142492354
v -0.013119174626728406 -0.025405518784822327 -0.0030007597441214506
v -0.011816711033370566 -0.024172837451859046 -0.003033821011637211
v -0.013119174626728406 -0.025405518784822327 -0.0030007597441214506
v -0.01051132633544283 -0.025673589018502245 -0.0029995249742416352
v -0.011816711033370566 -0.024172837451859046 -0.003033821011637211
v -0.008687826569265812 -0.020828185117093275 -0.0029999808305865294
v -0.01043416358916305 -0.019324456179092838 -0.0030001079076952264
v -0.009736784443795667 -0.021301899968084733 -0.0030002578729886042
v -0.014387089458984818 -0.02402440948155226 -0.003000000142492354
v -0.011816711033370566 -0.024172837451859046 -0.003033821011637211
v -0.013073258067235475 -0.023189704089122683 -0.0030928675213234835
v -0.01051132633544283 -0.025673589018502245 -0.0029995249742416352
v -0.00903403325074881 -0.02465620730208839 -0.003000000142492354
v -0.009930672163576128 -0.02378765028451579 -0.003000377082283817
v -0.009736784443795667 -0.021301899968084733 -0.0030002578729886042
v -0.009930672163576128 -0.02378765028451579 -0.003000377082283817
v -0.008143500714859477 -0.022921895162217872 -0.0029999877447256518
v -0.01233864556743847 -0.019333474123857105 -0.003000000142492354
v -0.014021548937167009 -0.020296410570961317 -0.0030011626715392703
v -0.012849419250451358 -0.02128819185280961 -0.0030234321599779956
v -0.014021548937167009 -0.020296410570961317 -0.0030011626715392703
v -0.01480564187754663 -0.02259850037146682 -0.003000136279507487
v -0.012849419250451358 -0.02128819185280961 -0.0030234321599779956
v -0.012849419250451358 -0.02128819185280961 -0.0030234321599779956
v -0.009736784443795667 -0.021301899968084733 -0.0030002578729886042
v -0.01043416358916305 -0.019324456179092838 -0.0030001079076952264
v -0.01043416358916305 -0.019324456179092838 -0.0030001079076952264
v -0.01233864556743847 -0.019333474123857105 -0.003000000142492354
v -0.012849419250451358 -0.02128819185280961 -0.0030234321599779956
v -0.013073258067235475 -0.023189704089122683 -0.0030928675213234835
v -0.01480564187754663 -0.02259850037146682 -0.003000136279507487
v -0.014387089458984818 -0.02402440948155226 -0.003000000142492354
v -0.009930672163576128 -0.02378765028451579 -0.003000377082283817
v -0.009736784443795667 -0.021301899968084733 -0.0030002578729886042
v -0.0099681010212499 -0.022944762366062795 -0.0040958168067845024
v -0.009736784443795667 -0.021301899968084733 -0.0030002578729886042
v -0.012849419250451358 -0.02128819185280961 -0.0030234321599779956
v -0.011488372394728443 -0.020832781827516685 -0.0035248336082012444
v -0.011488372394728443 -0.020832781827516685 -0.0035248336082012444
v -0.010044742107653827 -0.02170274646844716 -0.0038176514531487737
v -0.009736784443795667 -0.021301899968084733 -0.0030002578729886042
v -0.010044742107653827 -0.02170274646844716 -0.0038176514531487737
v -0.0099681010212499 -0.022944762366062795 -0.0040958168067845024
v -0.009736784443795667 -0.021301899968084733 -0.0030002578729886042
v -0.0099681010212499 -0.022944762366062795 -0.0040958168067845024
v -0.010799104249807347 -0.02399901694799755 -0.0049755647161545125
v -0.009930672163576128 -0.02378765028451579 -0.003000377082283817
v -0.010799104249807347 -0.02399901694799755 -0.0049755647161545125
v -0.011816711033370566 -0.024172837451859046 -0.003033821011637211
v -0.009930672163576128 -0.02378765028451579 -0.003000377082283817
v -0.012985842367893023 -0.021587224078316588 -0.004995077847269325
v -0.011335953297217928 -0.020689692526286715 -0.004999819516195714
v -0.011488372394728443 -0.020832781827516685 -0.0035248336082012444
v -0.013073258067235475 -0.023189704089122683 -0.0030928675213234835
v -0.012985842367893023 -0.021587224078316588 -0.004995077847269325
v -0.012849419250451358 -0.02128819185280961 -0.0030234321599779956
v -0.013073258067235475 -0.023189704089122683 -0.0030928675213234835
v -0.011816711033370566 -0.024172837451859046 -0.003033821011637211
v -0.012638511304337578 -0.02372350996164507 -0.004991308449354692
v -0.011488372394728443 -0.020832781827516685 -0.0035248336082012444
v -0.012849419250451358 -0.02128819185280961 -0.0030234321599779956
v -0.012985842367893023 -0.021587224078316588 -0.004995077847269325
v -0.010044742107653827 -0.02170274646844716 -0.0038176514531487737
v -0.011488372394728443 -0.020832781827516685 -0.0035248336082012444
v -0.011335953297217928 -0.020689692526286715 -0.004999819516195714
v -0.0094397291852405 -0.022234698398010396 -0.00500000214483598
v -0.010799104249807347 -0.02399901694799755 -0.0049755647161545125
v -0.0099681010212499 -0.022944762366062795 -0.0040958168067845024
v -0.010799104249807347 -0.02399901694799755 -0.0049755647161545125
v -0.012638511304337578 -0.02372350996164507 -0.004991308449354692
v -0.011816711033370566 -0.024172837451859046 -0.003033821011637211
v -0.012638511304337578 -0.02372350996164507 -0.004991308449354692
v -0.012985842367893023 -0.021587224078316588 -0.004995077847269325
v -0.013073258067235475 -0.023189704089122683 -0.0030928675213234835
v -0.010044742107653827 -0.02170274646844716 -0.0038176514531487737
v -0.011335953297217928 -0.020689692526286715 -0.004999819516195714
v -0.0094397291852405 -0.022234698398010396 -0.00500000214483598
v -0.0099681010212499 -0.022944762366062795 -0.0040958168067845024
v -0.010044742107653827 -0.02170274646844716 -0.0038176514531487737
v -0.0094397291852405 -0.022234698398010396 -0.00500000214483598
v -0.026601355862495575 -2.8598309921579183e-05 -4.411149699642802e-11
v -0.025983201307377975 -0.0020970171493923935 -1.1290409499570449e-10
v -0.026226571375089776 -0.0009342904534645478 -0.0002999380969413018
v -0.025983201307377975 -0.0020970171493923935 -1.1290409499570449e-10
v -0.022753075726709152 -0.003661731655475036 -6.823303334695244e-09
v -0.02400346869991799 -0.0031182138016716534 -0.0003002259277845934
v -0.022753075726709152 -0.003661731655475036 -6.823303334695244e-09
v -0.020547654174203348 -0.00262417185849767 -3.239929722964991e-11
v -0.020813561474430923 -0.002439980384371237 -0.0002925052483731573
v -0.020547654174203348 -0.00262417185849767 -3.239929722964991e-11
v -0.019761467918599788 -0.0015212177760732383 -2.1444315786909915e-10
v -0.02006957149463529 -0.0014507858250197706 -0.00030015812749794105
v -0.019761467918599788 -0.0015212177760732383 -2.1444315786909915e-10
v -0.01974159906694806 0.0004035614324562549 -1.5451598016574477e-06
v -0.019776427254637467 -0.0004725656137809577 -0.00030007331008439705
v -0.01974159906694806 0.0004035614324562549 -1.5451598016574477e-06
v -0.020358977331135234 0.002491338848190638 2.570030639360333e-10
v -0.02055610945109421 0.0022812837253748104 -0.0003772712827109122
v -0.020358977331135234 0.002491338848190638 2.570030639360333e-10
v -0.02285992158749695 0.0033069819590599006 -1.537707649099721e-07
v -0.02055610945109421 0.0022812837253748104 -0.0003772712827109122
v -0.024227864462529343 0.0030387588990635197 -3.37903900478243e-10
v -0.026037621781154215 0.0012553518414711027 -6.994297623596305e-08
v -0.025348990690706737 0.002304997792052926 -0.00031322650609030486
v -0.026226571375089776 -0.0009342904534645478 -0.0002999380969413018
v -0.026037621781154215 0.0012553518414711027 -6.994297623596305e-08
v -0.026601355862495575 -2.8598309921579183e-05 -4.411149699642802e-11
v -0.019776427254637467 -0.0004725656137809577 -0.00030007331008439705
v -0.02006957149463529 -0.0014507858250197706 -0.00030015812749794105
v -0.019761467918599788 -0.0015212177760732383 -2.1444315786909915e-10
v -0.02006957149463529 -0.0014507858250197706 -0.00030015812749794105
v -0.020813561474430923 -0.002439980384371237 -0.0002925052483731573
v -0.020547654174203348 -0.00262417185849767 -3.239929722964991e-11
v -0.020813561474430923 -0.002439980384371237 -0.0002925052483731573
v -0.022393403163238904 -0.003249158059905332 -0.0003124203830337513
v -0.022753075726709152 -0.003661731655475036 -6.823303334695244e-09
v -0.022393403163238904 -0.003249158059905332 -0.0003124203830337513
v -0.02400346869991799 -0.0031182138016716534 -0.0003002259277845934
v -0.022753075726709152 -0.003661731655475036 -6.823303334695244e-09
v -0.02400346869991799 -0.0031182138016716534 -0.0003002259277845934
v -0.0249993908358448 -0.0025739027292179246 -0.0003000790619328911
v -0.025983201307377975 -0.0020970171493923935 -1.1290409499570449e-10
v -0.0249993908358448 -0.0025739027292179246 -0.0003000790619328911
v -0.026226571375089776 -0.0009342904534645478 -0.0002999380969413018
v -0.025983201307377975 -0.0020970171493923935 -1.1290409499570449e-10
v -0.020183623318900116 0.0016811616027161825 -0.003000000142492354
v -0.019735951407378053 0.00027604023933229174 -0.003000000142492354
v -0.01974159906694806 0.0004035614324562549 -1.5451598016574477e-06
v -0.02136750132007759 0.0028749259883735496 -0.0030000244611885774
v -0.020183623318900116 0.0016811616027161825 -0.003000000142492354
v -0.02055610945109421 0.0022812837253748104 -0.0003772712827109122
v -0.02363038175287602 0.0032795383103717537 -0.003000336074286264
v -0.02136750132007759 0.0028749259883735496 -0.0030000244611885774
v -0.02285992158749695 0.0033069819590599006 -1.537707649099721e-07
v -0.026024783416896964 0.0014980564828970253 -0.0030013507838071163
v -0.02363038175287602 0.0032795383103717537 -0.003000336074286264
v -0.025348990690706737 0.002304997792052926 -0.00031322650609030486
v -0.026003665251831405 -0.0014623394707025115 -0.0029999188417530187
v -0.026024783416896964 0.0014980564828970253 -0.0030013507838071163
v -0.026226571375089776 -0.0009342904534645478 -0.0002999380969413018
v -0.024901017418086376 -0.0026489621466929676 -0.003000000142492354
v -0.026003665251831405 -0.0014623394707025115 -0.0029999188417530187
v -0.0249993908358448 -0.0025739027292179246 -0.0003000790619328911
v -0.023087165021752346 -0.003343276421080426 -0.0030013073916236588
v -0.024901017418086376 -0.0026489621466929676 -0.003000000142492354
v -0.02400346869991799 -0.0031182138016716534 -0.0003002259277845934
v -0.020952105563653015 -0.002595615748666596 -0.003000131272717088
v -0.023087165021752346 -0.003343276421080426 -0.0030013073916236588
v -0.022393403163238904 -0.003249158059905332 -0.0003124203830337513
v -0.019912943832166578 -0.0011135296158399503 -0.0030003062719624607
v -0.020952105563653015 -0.002595615748666596 -0.003000131272717088
v -0.02006957149463529 -0.0014507858250197706 -0.00030015812749794105
v -0.019735951407378053 0.00027604023933229174 -0.003000000142492354
v -0.019912943832166578 -0.0011135296158399503 -0.0030003062719624607
v -0.019776427254637467 -0.0004725656137809577 -0.00030007331008439705
v -0.019776427254637467 -0.0004725656137809577 -0.00030007331008439705
v -0.01974159906694806 0.0004035614324562549 -1.5451598016574477e-06
v -0.019735951407378053 0.00027604023933229174 -0.003000000142492354
v -0.02006957149463529 -0.0014507858250197706 -0.00030015812749794105
v -0.019776427254637467 -0.0004725656137809577 -0.00030007331008439705
v -0.019912943832166578 -0.0011135296158399503 -0.0030003062719624607
v -0.020813561474430923 -0.002439980384371237 -0.0002925052483731573
v -0.02006957149463529 -0.0014507858250197706 -0.00030015812749794105
v -0.020952105563653015 -0.002595615748666596 -0.003000131272717088
v -0.022393403163238904 -0.003249158059905332 -0.0003124203830337513
v -0.020813561474430923 -0.002439980384371237 -0.0002925052483731573
v -0.020952105563653015 -0.002595615748666596 -0.003000131272717088
v -0.02400346869991799 -0.0031182138016716534 -0.0003002259277845934
v -0.022393403163238904 -0.003249158059905332 -0.0003124203830337513
v -0.023087165021752346 -0.003343276421080426 -0.0030013073916236588
v -0.0249993908358448 -0.0025739027292179246 -0.0003000790619328911
v -0.02400346869991799 -0.0031182138016716534 -0.0003002259277845934
v -0.024901017418086376 -0.0026489621466929676 -0.003000000142492354
v -0.026226571375089776 -0.0009342904534645478 -0.0002999380969413018
v -0.0249993908358448 -0.0025739027292179246 -0.0003000790619328911
v -0.026003665251831405 -0.0014623394707025115 -0.0029999188417530187
v -0.026037621781154215 0.0012553518414711027 -6.994297623596305e-08
v -0.026226571375089776 -0.0009342904534645478 -0.0002999380969413018
v -0.026024783416896964 0.0014980564828970253 -0.0030013507838071163
v -0.025348990690706737 0.002304997792052926 -0.00031322650609030486
v -0.026037621781154215 0.0012553518414711027 -6.994297623596305e-08
v -0.026024783416896964 0.0014980564828970253 -0.0030013507838071163
v -0.024227864462529343 0.0030387588990635197 -3.37903900478243e-10
v -0.025348990690706737 0.002304997792052926 -0.00031322650609030486
v -0.02363038175287602 0.0032795383103717537 -0.003000336074286264
v -0.02285992158749695 0.0033069819590599006 -1.537707649099721e-07
v -0.024227864462529343 0.0030387588990635197 -3.37903900478243e-10
v -0.02363038175287602 0.0032795383103717537 -0.003000336074286264
v -0.02055610945109421 0.0022812837253748104 -0.0003772712827109122
v -0.02285992158749695 0.0033069819590599006 -1.537707649099721e-07
v -0.02136750132007759 0.0028749259883735496 -0.0030000244611885774
v -0.01974159906694806 0.0004035614324562549 -1.5451598016574477e-06
v -0.02055610945109421 0.0022812837253748104 -0.0003772712827109122
v -0.020183623318900116 0.0016811616027161825 -0.003000000142492354
v -0.023087165021752346 -0.003343276421080426 -0.0030013073916236588
v -0.02191536816738893 -0.0014145669416924104 -0.0030194069389158362
v -0.02399225539677308 -0.0017555920719496822 -0.0030146211625502184
v -0.024535161230054843 0.0013838864030113471 -0.0029990571969672197
v -0.022973258155990498 0.0017710495836320557 -0.0030290786274550507
v -0.02363038175287602 0.0032795383103717537 -0.003000336074286264
v -0.02136750132007759 0.0028749259883735496 -0.0030000244611885774
v -0.02363038175287602 0.0032795383103717537 -0.003000336074286264
v -0.022973258155990498 0.0017710495836320557 -0.0030290786274550507
v -0.02191536816738893 -0.0014145669416924104 -0.0030194069389158362
v -0.023087165021752346 -0.003343276421080426 -0.0030013073916236588
v -0.020952105563653015 -0.002595615748666596 -0.003000131272717088
v -0.02363038175287602 0.0032795383103717537 -0.003000336074286264
v -0.026024783416896964 0.0014980564828970253 -0.0030013507838071163
v -0.024535161230054843 0.0013838864030113471 -0.0029990571969672197
v -0.02399225539677308 -0.0017555920719496822 -0.0030146211625502184
v -0.024901017418086376 -0.0026489621466929676 -0.003000000142492354
v -0.023087165021752346 -0.003343276421080426 -0.0030013073916236588
v -0.026003665251831405 -0.0014623394707025115 -0.0029999188417530187
v -0.024901017418086376 -0.0026489621466929676 -0.003000000142492354
v -0.02399225539677308 -0.0017555920719496822 -0.0030146211625502184
v -0.020937230150959166 0.0002509074330295235 -0.003000740909052807
v -0.02191536816738893 -0.0014145669416924104 -0.0030194069389158362
v -0.019912943832166578 -0.0011135296158399503 -0.0030003062719624607
v -0.019912943832166578 -0.0011135296158399503 -0.0030003062719624607
v -0.019735951407378053 0.00027604023933229174 -0.003000000142492354
v -0.020937230150959166 0.0002509074330295235 -0.003000740909052807
v -0.020952105563653015 -0.002595615748666596 -0.003000131272717088
v -0.019912943832166578 -0.0011135296158399503 -0.0030003062719624607
v -0.02191536816738893 -0.0014145669416924104 -0.0030194069389158362
v -0.020183623318900116 0.0016811616027161825 -0.003000000142492354
v -0.02136750132007759 0.0028749259883735496 -0.0030000244611885774
v -0.020937230150959166 0.0002509074330295235 -0.003000740909052807
v -0.02399225539677308 -0.0017555920719496822 -0.0030146211625502184
v -0.024535161230054843 0.0013838864030113471 -0.0029990571969672197
v -0.026024783416896964 0.0014980564828970253 -0.0030013507838071163
v -0.019735951407378053 0.00027604023933229174 -0.003000000142492354
v -0.020183623318900116 0.0016811616027161825 -0.003000000142492354
v -0.020937230150959166 0.0002509074330295235 -0.003000740909052807
v -0.022973258155990498 0.0017710495836320557 -0.0030290786274550507
v -0.020937230150959166 0.0002509074330295235 -0.003000740909052807
v -0.02136750132007759 0.0028749259883735496 -0.0030000244611885774
v -0.02399225539677308 -0.0017555920719496822 -0.0030146211625502184
v -0.026024783416896964 0.0014980564828970253 -0.0030013507838071163
v -0.026003665251831405 -0.0014623394707025115 -0.0029999188417530187
v -0.020937230150959166 0.0002509074330295235 -0.003000740909052807
v -0.022973258155990498 0.0017710495836320557 -0.0030290786274550507
v -0.021804440580333043 0.0011274872361699548 -0.004034264756131445
v -0.024535161230054843 0.0013838864030113471 -0.0029990571969672197
v -0.02399225539677308 -0.0017555920719496822 -0.0030146211625502184
v -0.024478293627866472 -0.0007479905841383318 -0.003756847321613882
v -0.024478293627866472 -0.0007479905841383318 -0.003756847321613882
v -0.024325883113425213 0.0008668476754885438 -0.003991347979343252
v -0.024535161230054843 0.0013838864030113471 -0.0029990571969672197
v -0.024325883113425213 0.0008668476754885438 -0.003991347979343252
v -0.022973258155990498 0.0017710495836320557 -0.0030290786274550507
v -0.024535161230054843 0.0013838864030113471 -0.0029990571969672197
v -0.021804440580333043 0.0011274872361699548 -0.004034264756131445
v -0.021354443610717148 0.00015774004910582871 -0.004013566207785035
v -0.020937230150959166 0.0002509074330295235 -0.003000740909052807
v -0.021354443610717148 0.00015774004910582871 -0.004013566207785035
v -0.02191536816738893 -0.0014145669416924104 -0.0030194069389158362
v -0.020937230150959166 0.0002509074330295235 -0.003000740909052807
v -0.022376969446638032 -0.0016374080958848898 -0.004999887227075395
v -0.024361010754864194 -0.000995653974617226 -0.004999831913962416
v -0.024478293627866472 -0.0007479905841383318 -0.003756847321613882
v -0.021354443610717148 0.00015774004910582871 -0.004013566207785035
v -0.022376969446638032 -0.0016374080958848898 -0.004999887227075395
v -0.02191536816738893 -0.0014145669416924104 -0.0030194069389158362
v -0.02399225539677308 -0.0017555920719496822 -0.0030146211625502184
v -0.02191536816738893 -0.0014145669416924104 -0.0030194069389158362
v -0.022376969446638032 -0.0016374080958848898 -0.004999887227075395
v -0.024478293627866472 -0.0007479905841383318 -0.003756847321613882
v -0.02399225539677308 -0.0017555920719496822 -0.0030146211625502184
v -0.022376969446638032 -0.0016374080958848898 -0.004999887227075395
v -0.022973258155990498 0.0017710495836320557 -0.0030290786274550507
v -0.024325883113425213 0.0008668476754885438 -0.003991347979343252
v -0.023259865911913206 0.001723535381164681 -0.004999912976283161
v -0.021804440580333043 0.0011274872361699548 -0.004034264756131445
v -0.022973258155990498 0.0017710495836320557 -0.0030290786274550507
v -0.023259865911913206 0.001723535381164681 -0.004999912976283161
v -0.02108080773346233 0.0007428983802793692 -0.005000001191161618
v -0.022376969446638032 -0.0016374080958848898 -0.004999887227075395
v -0.021354443610717148 0.00015774004910582871 -0.004013566207785035
v -0.024361010754864194 -0.000995653974617226 -0.004999831913962416
v -0.023259865911913206 0.001723535381164681 -0.004999912976283161
v -0.024325883113425213 0.0008668476754885438 -0.003991347979343252
v -0.023259865911913206 0.001723535381164681 -0.004999912976283161
v -0.02108080773346233 0.0007428983802793692 -0.005000001191161618
v -0.021804440580333043 0.0011274872361699548 -0.004034264756131445
v -0.021354443610717148 0.00015774004910582871 -0.004013566207785035
v -0.021804440580333043 0.0011274872361699548 -0.004034264756131445
v -0.02108080773346233 0.0007428983802793692 -0.005000001191161618
v -0.024325883113425213 0.0008668476754885438 -0.003991347979343252
v -0.024478293627866472 -0.0007479905841383318 -0.003756847321613882
v -0.024361010754864194 -0.000995653974617226 -0.004999831913962416
v -0.010486286661401946 0.03850000182865187 -0.013727058108970458
v -0.011711126883763303 0.03850000182865187 -0.013963131614140867
v -0.014500000688713047 0.03850000182865187 -0.0050000002374872565
v -0.014500000688713047 0.03850000182865187 -0.0050000002374872565
v -0.013738794979339945 0.038499982755164634 -0.016635104015833013
v -0.013730442699280147 0.03850000182865187 -0.01737658773940609
v -0.013730442699280147 0.03850000182865187 -0.01737658773940609
v -0.01291751255355134 0.03850000182865187 -0.03980998800537483
v -0.014500000688713047 0.03850000182865187 -0.0050000002374872565
v 0.01050000049872324 0.03850000182865187 -0.011000000522471964
v -0.007293135989410728 0.03850000182865187 -0.04260229694537543
v -0.00725044618712062 0.03850000182865187 -0.04194311341186863
v -0.014500000688713047 0.03850000182865187 -0.0050000002374872565
v -0.013495292350891867 0.038500005643349315 -0.015706393987895972
v -0.013738794979339945 0.038499982755164634 -0.016635104015833013
v -0.011711126883763303 0.03850000182865187 -0.013963131614140867
v -0.012814037931632164 0.03849999801395442 -0.014675723772926141
v -0.014500000688713047 0.03850000182865187 -0.0050000002374872565
v -0.009838439455032712 0.03850000182865187 -0.038810495312637805
v -0.013577229191026333 0.03850000182865187 -0.0180725144387206
v -0.013028387688517332 0.03850000182865187 -0.019076577138998907
v -0.00725044618712062 0.03850000182865187 -0.04194311341186863
v -0.007467062351126376 0.03850000182865187 -0.01821723833780653
v 0.01050000049872324 0.03850000182865187 -0.011000000522471964
v -0.014500000688713047 0.03850000182865187 -0.04700000223238021
v -0.013738771137480902 0.038499730985133145 -0.04238242159923855
v -0.013511322663237738 0.03850005141971868 -0.04325297751827328
v -0.013730442699280147 0.03850000182865187 -0.01737658773940609
v -0.012272362338277002 0.03850000182865187 -0.03926931186275073
v -0.01291751255355134 0.03850000182865187 -0.03980998800537483
v -0.00725044618712062 0.03850000182865187 -0.04194311341186863
v -0.007960875412453551 0.03850000182865187 -0.019032498310000978
v -0.007467062351126376 0.03850000182865187 -0.01821723833780653
v -0.013741139110921011 0.03850000182865187 -0.04172542770206622
v -0.013738771137480902 0.038499730985133145 -0.04238242159923855
v -0.014500000688713047 0.03850000182865187 -0.04700000223238021
v -0.014500000688713047 0.03850000182865187 -0.0050000002374872565
v -0.013623922041449691 0.03850000182865187 -0.041082243009651354
v -0.013741139110921011 0.03850000182865187 -0.04172542770206622
v -0.013741139110921011 0.03850000182865187 -0.04172542770206622
v -0.014500000688713047 0.03850000182865187 -0.04700000223238021
v -0.014500000688713047 0.03850000182865187 -0.0050000002374872565
v -0.01291751255355134 0.03850000182865187 -0.03980998800537483
v -0.013348648705315828 0.03850000182865187 -0.040427160275899876
v -0.014500000688713047 0.03850000182865187 -0.0050000002374872565
v -0.012814037931632164 0.03849999801395442 -0.014675723772926141
v -0.013495292350891867 0.038500005643349315 -0.015706393987895972
v -0.014500000688713047 0.03850000182865187 -0.0050000002374872565
v -0.009838439455032712 0.03850000182865187 -0.038810495312637805
v -0.013730442699280147 0.03850000182865187 -0.01737658773940609
v -0.013577229191026333 0.03850000182865187 -0.0180725144387206
v -0.008162146002305139 0.03850000182865187 -0.01925763984596318
v -0.00725044618712062 0.03850000182865187 -0.04194311341186863
v -0.007256637441076798 0.03850000182865187 -0.04179121215953652
v -0.009281815969732212 0.03850000182865187 -0.013965586371947891
v -0.010486286661401946 0.03850000182865187 -0.013727058108970458
v -0.014500000688713047 0.03850000182865187 -0.0050000002374872565
v -0.007256637441076798 0.03850000182865187 -0.04179121215953652
v -0.008532970833761146 0.03850000182865187 -0.019596442199701913
v -0.008162146002305139 0.03850000182865187 -0.01925763984596318
v -0.008162146002305139 0.03850000182865187 -0.01925763984596318
v -0.007960875412453551 0.03850000182865187 -0.019032498310000978
v -0.00725044618712062 0.03850000182865187 -0.04194311341186863
v -0.013348648705315828 0.03850000182865187 -0.040427160275899876
v -0.013623922041449691 0.03850000182865187 -0.041082243009651354
v -0.014500000688713047 0.03850000182865187 -0.0050000002374872565
v -0.03224798355684345 0.03850000182865187 -0.003000000142492354
v -0.03224976120585366 0.03849999801395442 -0.0003276146209876471
v -0.03154268986794829 0.03850000182865187 -2.0964941002032926e-11
v -0.009281815969732212 0.03850000182865187 -0.013965586371947891
v -0.014500000688713047 0.03850000182865187 -0.0050000002374872565
v 0.01050000049872324 0.03850000182865187 -0.0050000002374872565
v 0.01050000049872324 0.03850000182865187 -0.0050000002374872565
v -0.008151039510688742 0.03850000182865187 -0.014709856732005866
v -0.009281815969732212 0.03850000182865187 -0.013965586371947891
v -0.007494580624833326 0.03850000182865187 -0.015727750571551957
v 0.01050000049872324 0.03850000182865187 -0.0050000002374872565
v 0.01050000049872324 0.03850000182865187 -0.011000000522471964
v 0.01050000049872324 0.03850000182865187 -0.011000000522471964
v -0.007236708031103102 0.03850000182865187 -0.017066332674010587
v -0.007302069533993984 0.03850000182865187 -0.016412598435806558
v 0.01050000049872324 0.03850000182865187 -0.011000000522471964
v -0.0075000003562308865 0.03850000182865187 -0.04700000223238021
v -0.007293135989410728 0.03850000182865187 -0.04260229694537543
v -0.013028387688517332 0.03850000182865187 -0.019076577138998907
v -0.01232142888418664 0.03850000182865187 -0.01969329355317906
v -0.009838439455032712 0.03850000182865187 -0.038810495312637805
v -0.03154268986794829 0.03850000182865187 -2.0964941002032926e-11
v 0.01050000049872324 0.03850000182865187 -0.0050000002374872565
v -0.014500000688713047 0.03850000182865187 -0.0050000002374872565
v -0.007467062351126376 0.03850000182865187 -0.01821723833780653
v -0.007236708031103102 0.03850000182865187 -0.017066332674010587
v 0.01050000049872324 0.03850000182865187 -0.011000000522471964
v -0.013511322663237738 0.03850005141971868 -0.04325297751827328
v -0.012923493045473581 0.03850003234623144 -0.04419730587123194
v -0.014500000688713047 0.03850000182865187 -0.04700000223238021
v -0.013730442699280147 0.03850000182865187 -0.01737658773940609
v -0.011217563208281713 0.03850000182865187 -0.03879184907151778
v -0.012272362338277002 0.03850000182865187 -0.03926931186275073
v -0.00892436928222218 0.03850000182865187 -0.019842514980554782
v -0.007256637441076798 0.03850000182865187 -0.04179121215953652
v -0.007265085565409947 0.03850000182865187 -0.041688516689570854
v -0.007494580624833326 0.03850000182865187 -0.015727750571551957
v -0.008151039510688742 0.03850000182865187 -0.014709856732005866
v 0.01050000049872324 0.03850000182865187 -0.0050000002374872565
v -0.007695075877428849 0.03850010864018038 -0.043665556120633386
v -0.007293135989410728 0.03850000182865187 -0.04260229694537543
v -0.0075000003562308865 0.03850000182865187 -0.04700000223238021
v -0.0075000003562308865 0.03850000182865187 -0.04700000223238021
v -0.008578447749373332 0.03849988357303102 -0.04468141386541724
v -0.007695075877428849 0.03850010864018038 -0.043665556120633386
v -0.011418047493622076 0.038499994199256975 -0.045184900522632354
v -0.0075000003562308865 0.03850000182865187 -0.04700000223238021
v -0.014500000688713047 0.03850000182865187 -0.04700000223238021
v -0.013730442699280147 0.03850000182865187 -0.01737658773940609
v -0.009838439455032712 0.03850000182865187 -0.038810495312637805
v -0.011217563208281713 0.03850000182865187 -0.03879184907151778
v -0.01232142888418664 0.03850000182865187 -0.01969329355317906
v -0.007304834712805743 0.03850000182865187 -0.0413813458070611
v -0.007460644122672113 0.03850000182865187 -0.04084237483419573
v -0.007265085565409947 0.03850000182865187 -0.041688516689570854
v -0.009202308138197004 0.03850000182865187 -0.019981827731312407
v -0.00892436928222218 0.03850000182865187 -0.019842514980554782
v -0.00892436928222218 0.03850000182865187 -0.019842514980554782
v -0.008532970833761146 0.03850000182865187 -0.019596442199701913
v -0.007256637441076798 0.03850000182865187 -0.04179121215953652
v -0.007265085565409947 0.03850000182865187 -0.041688516689570854
v -0.009604178884823901 0.03850000182865187 -0.02012410068728876
v -0.009202308138197004 0.03850000182865187 -0.019981827731312407
v -0.009604178884823901 0.03850000182865187 -0.02012410068728876
v -0.007265085565409947 0.03850000182865187 -0.041688516689570854
v -0.007304834712805743 0.03850000182865187 -0.0413813458070611
v -0.01232142888418664 0.03850000182865187 -0.01969329355317906
v -0.01172167356852938 0.03850000182865187 -0.020026123998064804
v -0.007304834712805743 0.03850000182865187 -0.0413813458070611
v -0.0075000003562308865 0.03850000182865187 -0.04700000223238021
v -0.009836324205298454 0.03849999801395442 -0.04518715882352087
v -0.008578447749373332 0.03849988357303102 -0.04468141386541724
v -0.0075000003562308865 0.03850000182865187 -0.04700000223238021
v -0.011418047493622076 0.038499994199256975 -0.045184900522632354
v -0.009836324205298454 0.03849999801395442 -0.04518715882352087
v -0.012923493045473581 0.03850003234623144 -0.04419730587123194
v -0.011418047493622076 0.038499994199256975 -0.045184900522632354
v -0.014500000688713047 0.03850000182865187 -0.04700000223238021
v -0.009190869767902734 0.03850000182865187 -0.0390205363687568
v -0.009838439455032712 0.03850000182865187 -0.038810495312637805
v -0.01232142888418664 0.03850000182865187 -0.01969329355317906
v -0.008677934105111864 0.03850000182865187 -0.03930599399339929
v -0.009190869767902734 0.03850000182865187 -0.0390205363687568
v -0.01232142888418664 0.03850000182865187 -0.01969329355317906
v -0.01232142888418664 0.03850000182865187 -0.01969329355317906
v -0.007939049621011609 0.03850000182865187 -0.03995317267404097
v -0.008677934105111864 0.03850000182865187 -0.03930599399339929
v -0.007304834712805743 0.03850000182865187 -0.0413813458070611
v -0.010496000788450257 0.03850000182865187 -0.020277993211688106
v -0.009604178884823901 0.03850000182865187 -0.02012410068728876
v -0.007460644122672113 0.03850000182865187 -0.04084237483419573
v -0.007939049621011609 0.03850000182865187 -0.03995317267404097
v -0.01232142888418664 0.03850000182865187 -0.01969329355317906
v -0.01172167356852938 0.03850000182865187 -0.020026123998064804
v -0.010496000788450257 0.03850000182865187 -0.020277993211688106
v -0.007304834712805743 0.03850000182865187 -0.0413813458070611
v 0.01050000049872324 0.03850000182865187 -0.011000000522471964
v -0.007302069533993984 0.03850000182865187 -0.016412598435806558
v -0.007494580624833326 0.03850000182865187 -0.015727750571551957
v -0.03898562044302612 0.03849849120846293 -0.004999979256651299
v -0.03477720807272711 0.03849999801395442 -0.0030000003809109443
v -0.03224798355684345 0.03850000182865187 -0.003000000142492354
v 0.03192235144603984 0.03850000182865187 7.655492159659983e-13
v 0.031984944909095876 0.03849995986697995 -0.0050000002374872565
v 0.01050000049872324 0.03850000182865187 -0.0050000002374872565
v 0.01050000049872324 0.03850000182865187 -0.0050000002374872565
v -0.03154268986794829 0.03850000182865187 -2.0964941002032926e-11
v 0.03192235144603984 0.03850000182865187 7.655492159659983e-13
v -0.03224798355684345 0.03850000182865187 -0.003000000142492354
v -0.014500000688713047 0.03850000182865187 -0.0050000002374872565
v -0.02817754307114951 0.03849999801395442 -0.0050000002374872565
v -0.03224798355684345 0.03850000182865187 -0.003000000142492354
v -0.02817754307114951 0.03849999801395442 -0.0050000002374872565
v -0.03898562044302612 0.03849849120846293 -0.004999979256651299
v -0.03154268986794829 0.03850000182865187 -2.0964941002032926e-11
v -0.014500000688713047 0.03850000182865187 -0.0050000002374872565
v -0.03224798355684345 0.03850000182865187 -0.003000000142492354
v -0.03477720807272711 0.03849999801395442 -0.0030000003809109443
v -0.03898562044302612 0.03849849120846293 -0.004999979256651299
v -0.03493775724417115 0.03850155822521017 -5.698608505194094e-06
v -0.014500000688713047 0.03850000182865187 -0.04700000223238021
v -0.014500000688713047 0.025000001187436276 -0.04700000223238021
v -0.014500000688713047 0.02900000137742608 -0.0050000002374872565
v -0.014500000688713047 0.02900000137742608 -0.0050000002374872565
v -0.014500000688713047 0.03795000256546776 -0.0050000002374872565
v -0.014500000688713047 0.03850000182865187 -0.04700000223238021
v -0.014500000688713047 0.025000001187436276 -0.04700000223238021
v -0.014500000688713047 0.025000001187436276 -0.0050000002374872565
v -0.014500000688713047 0.02900000137742608 -0.0050000002374872565
v -0.014500000688713047 0.03795000256546776 -0.0050000002374872565
v -0.014500000688713047 0.03850000182865187 -0.0050000002374872565
v -0.014500000688713047 0.03850000182865187 -0.04700000223238021
v 0.01050000049872324 0.03450000163866206 -0.011000000522471964
v 0.01050000049872324 0.03850000182865187 -0.011000000522471964
v 0.01050000049872324 0.03850000182865187 -0.0050000002374872565
v 0.01050000049872324 0.03850000182865187 -0.0050000002374872565
v 0.01050000049872324 0.03450000163866206 -0.0050000002374872565
v 0.01050000049872324 0.03450000163866206 -0.011000000522471964
v 0.01050000049872324 0.03850000182865187 -0.011000000522471964
v 0.01050000049872324 0.03450000163866206 -0.011000000522471964
v -0.0035000001662410804 0.03450000163866206 -0.0390000018524006
v -0.0035000001662410804 0.03450000163866206 -0.0390000018524006
v -0.0075000003562308865 0.03850000182865187 -0.04700000223238021
v 0.01050000049872324 0.03850000182865187 -0.011000000522471964
v -0.0035000001662410804 0.03450000163866206 -0.0390000018524006
v -0.004185349663209937 0.03446540614751691 -0.04037070275368704
v -0.0075000003562308865 0.03850000182865187 -0.04700000223238021
v -0.004185349663209937 0.03446540614751691 -0.04037070275368704
v -0.005128121142773113 0.034231729226017464 -0.04225624666648775
v -0.0075000003562308865 0.03850000182865187 -0.04700000223238021
v -0.005128121142773113 0.034231729226017464 -0.04225624666648775
v -0.005629861622231947 0.03402507562123124 -0.04325972190335925
v -0.0075000003562308865 0.03850000182865187 -0.04700000223238021
v -0.005629861622231947 0.03402507562123124 -0.04325972190335925
v -0.006307257475024199 0.033649861980362676 -0.044614515516292474
v -0.0075000003562308865 0.03850000182865187 -0.04700000223238021
v -0.006307257475024199 0.033649861980362676 -0.044614515516292474
v -0.00699850497108301 0.03307789005988492 -0.04599701146208446
v -0.0075000003562308865 0.03850000182865187 -0.04700000223238021
v -0.00699850497108301 0.03307789005988492 -0.04599701146208446
v -0.007547119499093926 0.032521329517092294 -0.04700012430269851
v -0.0075000003562308865 0.03850000182865187 -0.04700000223238021
v 0.002700000175926837 0.03450000163866206 -0.0050000002374872565
v -0.0035000001662410804 0.03450000163866206 -0.0390000018524006
v 0.01050000049872324 0.03450000163866206 -0.011000000522471964
v 0.01050000049872324 0.03450000163866206 -0.011000000522471964
v 0.01050000049872324 0.03450000163866206 -0.0050000002374872565
v 0.002700000175926837 0.03450000163866206 -0.0050000002374872565
v 0.002700000175926837 0.03450000163866206 -0.0050000002374872565
v -0.0035000001662410804 0.03450000163866206 -0.0050000002374872565
v -0.0035000001662410804 0.03450000163866206 -0.0390000018524006
v -0.008441517277171242 0.030268464572440472 -0.04700000223238021
v -0.014500000688713047 0.025000001187436276 -0.04700000223238021
v -0.014500000688713047 0.03850000182865187 -0.04700000223238021
v -0.014500000688713047 0.03850000182865187 -0.04700000223238021
v -0.007547119499093926 0.032521329517092294 -0.04700012430269851
v -0.008299477971413506 0.03092367700590514 -0.04700000223238021
v -0.008441517277171242 0.030268464572440472 -0.04700000223238021
v -0.00849999086698472 0.029709060172701245 -0.04700000223238021
v -0.014500000688713047 0.025000001187436276 -0.04700000223238021
v -0.014500000688713047 0.03850000182865187 -0.04700000223238021
v -0.0075000003562308865 0.03850000182865187 -0.04700000223238021
v -0.007547119499093926 0.032521329517092294 -0.04700012430269851
v -0.008299477971413506 0.03092367700590514 -0.04700000223238021
v -0.008441517277171242 0.030268464572440472 -0.04700000223238021
v -0.014500000688713047 0.03850000182865187 -0.04700000223238021
v -0.00849999086698472 0.029709060172701245 -0.04700000223238021
v -0.008500000403728338 0.025000001187436276 -0.04700000223238021
v -0.014500000688713047 0.025000001187436276 -0.04700000223238021
v -0.008500000403728338 0.025000001187436276 -0.04700000223238021
v -0.00849999086698472 0.029709060172701245 -0.04700000223238021
v -0.008500000403728338 0.02900000137742608 -0.0050000002374872565
v -0.00849999086698472 0.029709060172701245 -0.04700000223238021
v -0.008499241278936422 0.02971615741730104 -0.0050000002374872565
v -0.008500000403728338 0.02900000137742608 -0.0050000002374872565
v -0.008500000403728338 0.02900000137742608 -0.0050000002374872565
v -0.008500000403728338 0.025000001187436276 -0.0050000002374872565
v -0.008500000403728338 0.025000001187436276 -0.04700000223238021
v -0.011765683732973266 0.030500224608472896 -0.04504776214941941
v -0.010219125279388732 0.030499953764954173 -0.045255586866321806
v -0.011418047493622076 0.038499994199256975 -0.045184900522632354
v -0.01296237625654895 0.03049991943267715 -0.04413233012962037
v -0.011765683732973266 0.030500224608472896 -0.04504776214941941
v -0.012923493045473581 0.03850003234623144 -0.04419730587123194
v -0.013534948991874577 0.030499978560487577 -0.043229536202462615
v -0.01296237625654895 0.03049991943267715 -0.04413233012962037
v -0.012923493045473581 0.03850003234623144 -0.04419730587123194
v -0.013755234417986987 0.03050001861481077 -0.042206464864806836
v -0.013534948991874577 0.030499978560487577 -0.043229536202462615
v -0.013738771137480902 0.038499730985133145 -0.04238242159923855
v -0.013634241751717683 0.03049999763397481 -0.041081811948839864
v -0.013755234417986987 0.03050001861481077 -0.042206464864806836
v -0.013741139110921011 0.03850000182865187 -0.04172542770206622
v -0.013156863837502922 0.03049997474579013 -0.04009979438510669
v -0.013634241751717683 0.03049999763397481 -0.041081811948839864
v -0.013348648705315828 0.03850000182865187 -0.040427160275899876
v -0.012260775194782306 0.03049992515472332 -0.03923167987243792
v -0.013156863837502922 0.03049997474579013 -0.04009979438510669
v -0.01291751255355134 0.03850000182865187 -0.03980998800537483
v -0.010670613795706331 0.030499888915097577 -0.038704397132549584
v -0.012260775194782306 0.03049992515472332 -0.03923167987243792
v -0.011217563208281713 0.03850000182865187 -0.03879184907151778
v -0.009443823309275292 0.030500028151554386 -0.03891938966595454
v -0.010670613795706331 0.030499888915097577 -0.038704397132549584
v -0.009838439455032712 0.03850000182865187 -0.038810495312637805
v -0.008782202184099976 0.03050003578094928 -0.03923398013499835
v -0.009443823309275292 0.030500028151554386 -0.03891938966595454
v -0.009190869767902734 0.03850000182865187 -0.0390205363687568
v -0.008398979585941825 0.03050000335602098 -0.03952027317838169
v -0.008782202184099976 0.03050003578094928 -0.03923398013499835
v -0.007939049621011609 0.03850000182865187 -0.03995317267404097
v -0.009226227244862885 0.030500056761785237 -0.04500170349244659
v -0.008403474253208533 0.03049949218656311 -0.04449432965853317
v -0.008578447749373332 0.03849988357303102 -0.04468141386541724
v -0.010219125279388732 0.030499953764954173 -0.045255586866321806
v -0.009226227244862885 0.030500056761785237 -0.04500170349244659
v -0.009836324205298454 0.03849999801395442 -0.04518715882352087
v -0.007379474513561636 0.032677766444688665 -0.04302722753806831
v -0.007293135989410728 0.03850000182865187 -0.04260229694537543
v -0.007695075877428849 0.03850010864018038 -0.043665556120633386
v -0.007379474513561636 0.032677766444688665 -0.04302722753806831
v -0.0072488983736315755 0.032808454164519045 -0.04193594941006351
v -0.007293135989410728 0.03850000182865187 -0.04260229694537543
v -0.00725044618712062 0.03850000182865187 -0.04194311341186863
v -0.007293135989410728 0.03850000182865187 -0.04260229694537543
v -0.0072488983736315755 0.032808454164519045 -0.04193594941006351
v -0.007256637441076798 0.03850000182865187 -0.04179121215953652
v -0.00725044618712062 0.03850000182865187 -0.04194311341186863
v -0.0072488983736315755 0.032808454164519045 -0.04193594941006351
v -0.007265085565409947 0.03850000182865187 -0.041688516689570854
v -0.007256637441076798 0.03850000182865187 -0.04179121215953652
v -0.0072639340036181905 0.03279135669056243 -0.04169614608446448
v -0.007304834712805743 0.03850000182865187 -0.0413813458070611
v -0.007265085565409947 0.03850000182865187 -0.041688516689570854
v -0.0072639340036181905 0.03279135669056243 -0.04169614608446448
v -0.007460644122672113 0.03850000182865187 -0.04084237483419573
v -0.007304834712805743 0.03850000182865187 -0.0413813458070611
v -0.0073995474515267685 0.03263434374365159 -0.040985025445219314
v -0.007939049621011609 0.03850000182865187 -0.03995317267404097
v -0.007460644122672113 0.03850000182865187 -0.04084237483419573
v -0.0073995474515267685 0.03263434374365159 -0.040985025445219314
v -0.0073995474515267685 0.03263434374365159 -0.040985025445219314
v -0.007752373586754348 0.03213335571326414 -0.04026048088565881
v -0.007939049621011609 0.03850000182865187 -0.03995317267404097
v -0.007752373586754348 0.03213335571326414 -0.04026048088565881
v -0.008168550879318339 0.03133254200030077 -0.039720582941313864
v -0.007939049621011609 0.03850000182865187 -0.03995317267404097
v -0.008398979585941825 0.03050000335602098 -0.03952027317838169
v -0.007939049621011609 0.03850000182865187 -0.03995317267404097
v -0.008168550879318339 0.03133254200030077 -0.039720582941313864
v -0.008403474253208533 0.03049949218656311 -0.04449432965853317
v -0.008025884055830603 0.03162640149606987 -0.04411441631041013
v -0.008578447749373332 0.03849988357303102 -0.04468141386541724
v -0.008025884055830603 0.03162640149606987 -0.04411441631041013
v -0.007695075877428849 0.03850010864018038 -0.043665556120633386
v -0.008578447749373332 0.03849988357303102 -0.04468141386541724
v -0.008025884055830603 0.03162640149606987 -0.04411441631041013
v -0.007379474513561636 0.032677766444688665 -0.04302722753806831
v -0.007695075877428849 0.03850010864018038 -0.043665556120633386
v -0.0072639340036181905 0.03279135669056243 -0.04169614608446448
v -0.0073995474515267685 0.03263434374365159 -0.040985025445219314
v -0.007304834712805743 0.03850000182865187 -0.0413813458070611
v -0.0072488983736315755 0.032808454164519045 -0.04193594941006351
v -0.0072639340036181905 0.03279135669056243 -0.04169614608446448
v -0.007256637441076798 0.03850000182865187 -0.04179121215953652
v -0.009836324205298454 0.03849999801395442 -0.04518715882352087
v -0.011418047493622076 0.038499994199256975 -0.045184900522632354
v -0.010219125279388732 0.030499953764954173 -0.045255586866321806
v -0.008578447749373332 0.03849988357303102 -0.04468141386541724
v -0.009836324205298454 0.03849999801395442 -0.04518715882352087
v -0.009226227244862885 0.030500056761785237 -0.04500170349244659
v -0.008677934105111864 0.03850000182865187 -0.03930599399339929
v -0.007939049621011609 0.03850000182865187 -0.03995317267404097
v -0.008782202184099976 0.03050003578094928 -0.03923398013499835
v -0.009190869767902734 0.03850000182865187 -0.0390205363687568
v -0.008677934105111864 0.03850000182865187 -0.03930599399339929
v -0.008782202184099976 0.03050003578094928 -0.03923398013499835
v -0.009838439455032712 0.03850000182865187 -0.038810495312637805
v -0.009190869767902734 0.03850000182865187 -0.0390205363687568
v -0.009443823309275292 0.030500028151554386 -0.03891938966595454
v -0.011217563208281713 0.03850000182865187 -0.03879184907151778
v -0.009838439455032712 0.03850000182865187 -0.038810495312637805
v -0.010670613795706331 0.030499888915097577 -0.038704397132549584
v -0.012272362338277002 0.03850000182865187 -0.03926931186275073
v -0.011217563208281713 0.03850000182865187 -0.03879184907151778
v -0.012260775194782306 0.03049992515472332 -0.03923167987243792
v -0.01291751255355134 0.03850000182865187 -0.03980998800537483
v -0.012272362338277002 0.03850000182865187 -0.03926931186275073
v -0.012260775194782306 0.03049992515472332 -0.03923167987243792
v -0.013348648705315828 0.03850000182865187 -0.040427160275899876
v -0.01291751255355134 0.03850000182865187 -0.03980998800537483
v -0.013156863837502922 0.03049997474579013 -0.04009979438510669
v -0.013623922041449691 0.03850000182865187 -0.041082243009651354
v -0.013348648705315828 0.03850000182865187 -0.040427160275899876
v -0.013634241751717683 0.03049999763397481 -0.041081811948839864
v -0.013741139110921011 0.03850000182865187 -0.04172542770206622
v -0.013623922041449691 0.03850000182865187 -0.041082243009651354
v -0.013634241751717683 0.03049999763397481 -0.041081811948839864
v -0.013738771137480902 0.038499730985133145 -0.04238242159923855
v -0.013741139110921011 0.03850000182865187 -0.04172542770206622
v -0.013755234417986987 0.03050001861481077 -0.042206464864806836
v -0.013511322663237738 0.03850005141971868 -0.04325297751827328
v -0.013738771137480902 0.038499730985133145 -0.04238242159923855
v -0.013534948991874577 0.030499978560487577 -0.043229536202462615
v -0.012923493045473581 0.03850003234623144 -0.04419730587123194
v -0.013511322663237738 0.03850005141971868 -0.04325297751827328
v -0.013534948991874577 0.030499978560487577 -0.043229536202462615
v -0.011418047493622076 0.038499994199256975 -0.045184900522632354
v -0.012923493045473581 0.03850003234623144 -0.04419730587123194
v -0.011765683732973266 0.030500224608472896 -0.04504776214941941
v -0.00849999086698472 0.029709060172701245 -0.04700000223238021
v -0.008441517277171242 0.030268464572440472 -0.04700000223238021
v -0.008441910191008263 0.030267245776606215 -0.004990853069846979
v -0.006883830397459991 0.033187902119553574 -0.005000011204742416
v -0.00699850497108301 0.03307789005988492 -0.04599701146208446
v -0.006307257475024199 0.033649861980362676 -0.044614515516292474
v -0.005593932894329135 0.03404621667448148 -0.004999999283812895
v -0.006307257475024199 0.033649861980362676 -0.044614515516292474
v -0.005629861622231947 0.03402507562123124 -0.04325972190335925
v -0.005593932894329135 0.03404621667448148 -0.004999999283812895
v -0.005629861622231947 0.03402507562123124 -0.04325972190335925
v -0.005128121142773113 0.034231729226017464 -0.04225624666648775
v -0.004984135864480322 0.03427658625329454 -0.004999999760650076
v -0.005128121142773113 0.034231729226017464 -0.04225624666648775
v -0.004185349663209937 0.03446540614751691 -0.04037070275368704
v -0.004152389723595108 0.03446917125389692 -0.005000000714324437
v -0.004185349663209937 0.03446540614751691 -0.04037070275368704
v -0.0035000001662410804 0.03450000163866206 -0.0390000018524006
v -0.007379474513561636 0.032677766444688665 -0.04302722753806831
v -0.008025884055830603 0.03162640149606987 -0.04411441631041013
v -0.007547119499093926 0.032521329517092294 -0.04700012430269851
v -0.008299477971413506 0.03092367700590514 -0.04700000223238021
v -0.008025884055830603 0.03162640149606987 -0.04411441631041013
v -0.008403474253208533 0.03049949218656311 -0.04449432965853317
v -0.007930716891276226 0.03184614332779611 -0.00500066304116864
v -0.008307160772071389 0.030884704149439772 -0.005008602380229821
v -0.008010095023098242 0.031728307323664044 -0.014863151302580424
v -0.007391144149888619 0.03264181292125245 -0.005000000714324437
v -0.008010095023098242 0.031728307323664044 -0.014863151302580424
v -0.007395855301235434 0.032635892510814994 -0.01601658897180669
v -0.007391144149888619 0.03264181292125245 -0.005000000714324437
v -0.007930716891276226 0.03184614332779611 -0.00500066304116864
v -0.008010095023098242 0.031728307323664044 -0.014863151302580424
v -0.007391144149888619 0.03264181292125245 -0.005000000714324437
v -0.007295514930105997 0.03275491107115557 -0.016453793353534696
v -0.0072592819800818015 0.03279643786756158 -0.016735262711996546
v -0.007395855301235434 0.032635892510814994 -0.01601658897180669
v -0.007295514930105997 0.03275491107115557 -0.016453793353534696
v -0.007391144149888619 0.03264181292125245 -0.005000000714324437
v -0.00699850497108301 0.03307789005988492 -0.04599701146208446
v -0.0072488983736315755 0.032808454164519045 -0.04193594941006351
v -0.007379474513561636 0.032677766444688665 -0.04302722753806831
v -0.0072488983736315755 0.032808454164519045 -0.04193594941006351
v -0.00699850497108301 0.03307789005988492 -0.04599701146208446
v -0.007215724334122544 0.03284565509402037 -0.0050000002374872565
v -0.007215724334122544 0.03284565509402037 -0.0050000002374872565
v -0.0072639340036181905 0.03279135669056243 -0.04169614608446448
v -0.0072488983736315755 0.032808454164519045 -0.04193594941006351
v -0.0072639340036181905 0.03279135669056243 -0.04169614608446448
v -0.007215724334122544 0.03284565509402037 -0.0050000002374872565
v -0.007250746117707376 0.03280634463683096 -0.017056439256182276
v -0.007215724334122544 0.03284565509402037 -0.0050000002374872565
v -0.0072592819800818015 0.03279643786756158 -0.016735262711996546
v -0.007250746117707376 0.03280634463683096 -0.017056439256182276
v -0.007250746117707376 0.03280634463683096 -0.017056439256182276
v -0.007280835974330659 0.03277195895404538 -0.01746057593309258
v -0.0072639340036181905 0.03279135669056243 -0.04169614608446448
v -0.007215724334122544 0.03284565509402037 -0.0050000002374872565
v -0.007391144149888619 0.03264181292125245 -0.005000000714324437
v -0.0072592819800818015 0.03279643786756158 -0.016735262711996546
v -0.0073995474515267685 0.03263434374365159 -0.040985025445219314
v -0.007280835974330659 0.03277195895404538 -0.01746057593309258
v -0.007544694782029295 0.032451585403672205 -0.018398476520853357
v -0.0073995474515267685 0.03263434374365159 -0.040985025445219314
v -0.0072639340036181905 0.03279135669056243 -0.04169614608446448
v -0.007280835974330659 0.03277195895404538 -0.01746057593309258
v -0.007544694782029295 0.032451585403672205 -0.018398476520853357
v -0.007752373586754348 0.03213335571326414 -0.04026048088565881
v -0.0073995474515267685 0.03263434374365159 -0.040985025445219314
v -0.007544694782029295 0.032451585403672205 -0.018398476520853357
v -0.008158626943910454 0.03136354786114847 -0.01927239128099001
v -0.007752373586754348 0.03213335571326414 -0.04026048088565881
v -0.008158626943910454 0.03136354786114847 -0.01927239128099001
v -0.008168550879318339 0.03133254200030077 -0.039720582941313864
v -0.007752373586754348 0.03213335571326414 -0.04026048088565881
v -0.008441910191008263 0.030267245776606215 -0.004990853069846979
v -0.008441517277171242 0.030268464572440472 -0.04700000223238021
v -0.008398979585941825 0.030500001448672258 -0.014520441744981794
v -0.008398979585941825 0.030500001448672258 -0.014520441744981794
v -0.008307160772071389 0.030884704149439772 -0.005008602380229821
v -0.008441910191008263 0.030267245776606215 -0.004990853069846979
v -0.008398979585941825 0.030500001448672258 -0.014520441744981794
v -0.008010095023098242 0.031728307323664044 -0.014863151302580424
v -0.008307160772071389 0.030884704149439772 -0.005008602380229821
v -0.008158626943910454 0.03136354786114847 -0.01927239128099001
v -0.008398979585941825 0.030500001448672258 -0.01947955986993155
v -0.008398979585941825 0.03050000335602098 -0.03952027317838169
v -0.008441517277171242 0.030268464572440472 -0.04700000223238021
v -0.008398979585941825 0.03050000335602098 -0.03952027317838169
v -0.008398979585941825 0.030500001448672258 -0.01947955986993155
v -0.008441517277171242 0.030268464572440472 -0.04700000223238021
v -0.008403474253208533 0.03049949218656311 -0.04449432965853317
v -0.008398979585941825 0.03050000335602098 -0.03952027317838169
v -0.008403474253208533 0.03049949218656311 -0.04449432965853317
v -0.008441517277171242 0.030268464572440472 -0.04700000223238021
v -0.008299477971413506 0.03092367700590514 -0.04700000223238021
v -0.008398979585941825 0.030500001448672258 -0.01947955986993155
v -0.008398979585941825 0.030500001448672258 -0.014520441744981794
v -0.008441517277171242 0.030268464572440472 -0.04700000223238021
v -0.008398979585941825 0.03050000335602098 -0.03952027317838169
v -0.008168550879318339 0.03133254200030077 -0.039720582941313864
v -0.008158626943910454 0.03136354786114847 -0.01927239128099001
v -0.008025884055830603 0.03162640149606987 -0.04411441631041013
v -0.008299477971413506 0.03092367700590514 -0.04700000223238021
v -0.007547119499093926 0.032521329517092294 -0.04700012430269851
v -0.007379474513561636 0.032677766444688665 -0.04302722753806831
v -0.007547119499093926 0.032521329517092294 -0.04700012430269851
v -0.00699850497108301 0.03307789005988492 -0.04599701146208446
v -0.0035000001662410804 0.03450000163866206 -0.0390000018524006
v -0.0035000001662410804 0.03450000163866206 -0.0050000002374872565
v -0.004152389723595108 0.03446917125389692 -0.005000000714324437
v -0.004185349663209937 0.03446540614751691 -0.04037070275368704
v -0.004152389723595108 0.03446917125389692 -0.005000000714324437
v -0.004984135864480322 0.03427658625329454 -0.004999999760650076
v -0.005128121142773113 0.034231729226017464 -0.04225624666648775
v -0.004984135864480322 0.03427658625329454 -0.004999999760650076
v -0.005593932894329135 0.03404621667448148 -0.004999999283812895
v -0.006307257475024199 0.033649861980362676 -0.044614515516292474
v -0.005593932894329135 0.03404621667448148 -0.004999999283812895
v -0.006284416974061404 0.03365859763751588 -0.005000001191161618
v -0.006307257475024199 0.033649861980362676 -0.044614515516292474
v -0.006284416974061404 0.03365859763751588 -0.005000001191161618
v -0.006883830397459991 0.033187902119553574 -0.005000011204742416
v -0.00699850497108301 0.03307789005988492 -0.04599701146208446
v -0.006883830397459991 0.033187902119553574 -0.005000011204742416
v -0.007215724334122544 0.03284565509402037 -0.0050000002374872565
v -0.008441910191008263 0.030267245776606215 -0.004990853069846979
v -0.008499241278936422 0.02971615741730104 -0.0050000002374872565
v -0.00849999086698472 0.029709060172701245 -0.04700000223238021
v -0.012605325343899024 0.0305000128927646 -0.019503115626665624
v -0.011162942462889515 0.030500010985415875 -0.02022898388624017
v -0.01172167356852938 0.03850000182865187 -0.020026123998064804
v -0.013345505394619653 0.030499942320861832 -0.01861126034443661
v -0.012605325343899024 0.0305000128927646 -0.019503115626665624
v -0.013028387688517332 0.03850000182865187 -0.019076577138998907
v -0.013787109076178198 0.030499955672302896 -0.01717598805946796
v -0.013345505394619653 0.030499942320861832 -0.01861126034443661
v -0.013577229191026333 0.03850000182865187 -0.0180725144387206
v -0.013461582823228738 0.030499814528497364 -0.015567987227781965
v -0.013787109076178198 0.030499955672302896 -0.01717598805946796
v -0.013738794979339945 0.038499982755164634 -0.016635104015833013
v -0.012688287383972322 0.030500010985415875 -0.014583086706453363
v -0.013461582823228738 0.030499814528497364 -0.015567987227781965
v -0.012814037931632164 0.03849999801395442 -0.014675723772926141
v -0.011717840751269694 0.03050004150299545 -0.013954246230112877
v -0.012688287383972322 0.030500010985415875 -0.014583086706453363
v -0.012814037931632164 0.03849999801395442 -0.014675723772926141
v -0.010491496584439932 0.030499944228210556 -0.013735194858624511
v -0.011717840751269694 0.03050004150299545 -0.013954246230112877
v -0.010486286661401946 0.03850000182865187 -0.013727058108970458
v -0.00913958306807905 0.030500028151554386 -0.014005593011421347
v -0.010491496584439932 0.030499944228210556 -0.013735194858624511
v -0.010486286661401946 0.03850000182865187 -0.013727058108970458
v -0.009629982452028509 0.03049996330169779 -0.020154221538328798
v -0.008768071591082617 0.030500051039739066 -0.01975500963582233
v -0.009202308138197004 0.03850000182865187 -0.019981827731312407
v -0.011162942462889515 0.030500010985415875 -0.02022898388624017
v -0.009629982452028509 0.03049996330169779 -0.020154221538328798
v -0.010496000788450257 0.03850000182865187 -0.020277993211688106
v -0.007467062351126376 0.03850000182865187 -0.01821723833780653
v -0.007544694782029295 0.032451585403672205 -0.018398476520853357
v -0.007280835974330659 0.03277195895404538 -0.01746057593309258
v -0.007280835974330659 0.03277195895404538 -0.01746057593309258
v -0.007236708031103102 0.03850000182865187 -0.017066332674010587
v -0.007467062351126376 0.03850000182865187 -0.01821723833780653
v -0.007236708031103102 0.03850000182865187 -0.017066332674010587
v -0.007280835974330659 0.03277195895404538 -0.01746057593309258
v -0.007250746117707376 0.03280634463683096 -0.017056439256182276
v -0.007250746117707376 0.03280634463683096 -0.017056439256182276
v -0.0072592819800818015 0.03279643786756158 -0.016735262711996546
v -0.007236708031103102 0.03850000182865187 -0.017066332674010587
v -0.007302069533993984 0.03850000182865187 -0.016412598435806558
v -0.007236708031103102 0.03850000182865187 -0.017066332674010587
v -0.0072592819800818015 0.03279643786756158 -0.016735262711996546
v -0.0072592819800818015 0.03279643786756158 -0.016735262711996546
v -0.007295514930105997 0.03275491107115557 -0.016453793353534696
v -0.007302069533993984 0.03850000182865187 -0.016412598435806558
v -0.007494580624833326 0.03850000182865187 -0.015727750571551957
v -0.007302069533993984 0.03850000182865187 -0.016412598435806558
v -0.007395855301235434 0.032635892510814994 -0.01601658897180669
v -0.007395855301235434 0.032635892510814994 -0.01601658897180669
v -0.008010095023098242 0.031728307323664044 -0.014863151302580424
v -0.007494580624833326 0.03850000182865187 -0.015727750571551957
v -0.008151039510688742 0.03850000182865187 -0.014709856732005866
v -0.007494580624833326 0.03850000182865187 -0.015727750571551957
v -0.008010095023098242 0.031728307323664044 -0.014863151302580424
v -0.00913958306807905 0.030500028151554386 -0.014005593011421347
v -0.008151039510688742 0.03850000182865187 -0.014709856732005866
v -0.008010095023098242 0.031728307323664044 -0.014863151302580424
v -0.008532970833761146 0.03850000182865187 -0.019596442199701913
v -0.008768071591082617 0.030500051039739066 -0.01975500963582233
v -0.008158626943910454 0.03136354786114847 -0.01927239128099001
v -0.008768071591082617 0.030500051039739066 -0.01975500963582233
v -0.008398979585941825 0.030500001448672258 -0.01947955986993155
v -0.008158626943910454 0.03136354786114847 -0.01927239128099001
v -0.008158626943910454 0.03136354786114847 -0.01927239128099001
v -0.008162146002305139 0.03850000182865187 -0.01925763984596318
v -0.008532970833761146 0.03850000182865187 -0.019596442199701913
v -0.008158626943910454 0.03136354786114847 -0.01927239128099001
v -0.007960875412453551 0.03850000182865187 -0.019032498310000978
v -0.008162146002305139 0.03850000182865187 -0.01925763984596318
v -0.008158626943910454 0.03136354786114847 -0.01927239128099001
v -0.007544694782029295 0.032451585403672205 -0.018398476520853357
v -0.007960875412453551 0.03850000182865187 -0.019032498310000978
v -0.007544694782029295 0.032451585403672205 -0.018398476520853357
v -0.007467062351126376 0.03850000182865187 -0.01821723833780653
v -0.007960875412453551 0.03850000182865187 -0.019032498310000978
v -0.008010095023098242 0.031728307323664044 -0.014863151302580424
v -0.008398979585941825 0.030500001448672258 -0.014520441744981794
v -0.00913958306807905 0.030500028151554386 -0.014005593011421347
v -0.007295514930105997 0.03275491107115557 -0.016453793353534696
v -0.007395855301235434 0.032635892510814994 -0.01601658897180669
v -0.007302069533993984 0.03850000182865187 -0.016412598435806558
v -0.009604178884823901 0.03850000182865187 -0.02012410068728876
v -0.010496000788450257 0.03850000182865187 -0.020277993211688106
v -0.009629982452028509 0.03049996330169779 -0.020154221538328798
v -0.009202308138197004 0.03850000182865187 -0.019981827731312407
v -0.009604178884823901 0.03850000182865187 -0.02012410068728876
v -0.009629982452028509 0.03049996330169779 -0.020154221538328798
v -0.00892436928222218 0.03850000182865187 -0.019842514980554782
v -0.009202308138197004 0.03850000182865187 -0.019981827731312407
v -0.008768071591082617 0.030500051039739066 -0.01975500963582233
v -0.008532970833761146 0.03850000182865187 -0.019596442199701913
v -0.00892436928222218 0.03850000182865187 -0.019842514980554782
v -0.008768071591082617 0.030500051039739066 -0.01975500963582233
v -0.009281815969732212 0.03850000182865187 -0.013965586371947891
v -0.008151039510688742 0.03850000182865187 -0.014709856732005866
v -0.00913958306807905 0.030500028151554386 -0.014005593011421347
v -0.010486286661401946 0.03850000182865187 -0.013727058108970458
v -0.009281815969732212 0.03850000182865187 -0.013965586371947891
v -0.00913958306807905 0.030500028151554386 -0.014005593011421347
v -0.011711126883763303 0.03850000182865187 -0.013963131614140867
v -0.010486286661401946 0.03850000182865187 -0.013727058108970458
v -0.011717840751269694 0.03050004150299545 -0.013954246230112877
v -0.012814037931632164 0.03849999801395442 -0.014675723772926141
v -0.011711126883763303 0.03850000182865187 -0.013963131614140867
v -0.011717840751269694 0.03050004150299545 -0.013954246230112877
v -0.013495292350891867 0.038500005643349315 -0.015706393987895972
v -0.012814037931632164 0.03849999801395442 -0.014675723772926141
v -0.013461582823228738 0.030499814528497364 -0.015567987227781965
v -0.013738794979339945 0.038499982755164634 -0.016635104015833013
v -0.013495292350891867 0.038500005643349315 -0.015706393987895972
v -0.013461582823228738 0.030499814528497364 -0.015567987227781965
v -0.013730442699280147 0.03850000182865187 -0.01737658773940609
v -0.013738794979339945 0.038499982755164634 -0.016635104015833013
v -0.013787109076178198 0.030499955672302896 -0.01717598805946796
v -0.013577229191026333 0.03850000182865187 -0.0180725144387206
v -0.013730442699280147 0.03850000182865187 -0.01737658773940609
v -0.013787109076178198 0.030499955672302896 -0.01717598805946796
v -0.013028387688517332 0.03850000182865187 -0.019076577138998907
v -0.013577229191026333 0.03850000182865187 -0.0180725144387206
v -0.013345505394619653 0.030499942320861832 -0.01861126034443661
v -0.01232142888418664 0.03850000182865187 -0.01969329355317906
v -0.013028387688517332 0.03850000182865187 -0.019076577138998907
v -0.012605325343899024 0.0305000128927646 -0.019503115626665624
v -0.01172167356852938 0.03850000182865187 -0.020026123998064804
v -0.01232142888418664 0.03850000182865187 -0.01969329355317906
v -0.012605325343899024 0.0305000128927646 -0.019503115626665624
v -0.010496000788450257 0.03850000182865187 -0.020277993211688106
v -0.01172167356852938 0.03850000182865187 -0.020026123998064804
v -0.011162942462889515 0.030500010985415875 -0.02022898388624017
v -0.013755234417986987 0.03050001861481077 -0.042206464864806836
v -0.01204371128066373 0.0305000128927646 -0.04147706038069909
v -0.012053651428535764 0.03049995185760545 -0.04248139010979868
v -0.008869621698139875 0.030500060576482683 -0.04169047362936107
v -0.008398979585941825 0.03050000335602098 -0.03952027317838169
v -0.008403474253208533 0.03049949218656311 -0.04449432965853317
v -0.01204371128066373 0.0305000128927646 -0.04147706038069909
v -0.013755234417986987 0.03050001861481077 -0.042206464864806836
v -0.013634241751717683 0.03049999763397481 -0.041081811948839864
v -0.009226227244862885 0.030500056761785237 -0.04500170349244659
v -0.010045653820343616 0.03050004150299545 -0.04355946175524261
v -0.009173631150140584 0.03050059654147396 -0.04295795644713163
v -0.012053651428535764 0.03049995185760545 -0.04248139010979868
v -0.01296237625654895 0.03049991943267715 -0.04413233012962037
v -0.013534948991874577 0.030499978560487577 -0.043229536202462615
v -0.011114511064104772 0.030500306624468003 -0.040440641416676915
v -0.01204371128066373 0.0305000128927646 -0.04147706038069909
v -0.013156863837502922 0.03049997474579013 -0.04009979438510669
v -0.008782202184099976 0.03050003578094928 -0.03923398013499835
v -0.00930123182606213 0.030500001448672258 -0.040926881826734984
v -0.009780308234315084 0.030499990004579917 -0.04055216791123195
v -0.009173631150140584 0.03050059654147396 -0.04295795644713163
v -0.008869621698139875 0.030500060576482683 -0.04169047362936107
v -0.008403474253208533 0.03049949218656311 -0.04449432965853317
v -0.011133619837290222 0.030499410170568002 -0.04352479759954342
v -0.011765683732973266 0.030500224608472896 -0.04504776214941941
v -0.01296237625654895 0.03049991943267715 -0.04413233012962037
v -0.011114511064104772 0.030500306624468003 -0.040440641416676915
v -0.013156863837502922 0.03049997474579013 -0.04009979438510669
v -0.012260775194782306 0.03049992515472332 -0.03923167987243792
v -0.009173631150140584 0.03050059654147396 -0.04295795644713163
v -0.008403474253208533 0.03049949218656311 -0.04449432965853317
v -0.009226227244862885 0.030500056761785237 -0.04500170349244659
v -0.01204371128066373 0.0305000128927646 -0.04147706038069909
v -0.013634241751717683 0.03049999763397481 -0.041081811948839864
v -0.013156863837502922 0.03049997474579013 -0.04009979438510669
v -0.01296237625654895 0.03049991943267715 -0.04413233012962037
v -0.012053651428535764 0.03049995185760545 -0.04248139010979868
v -0.011133619837290222 0.030499410170568002 -0.04352479759954342
v -0.012260775194782306 0.03049992515472332 -0.03923167987243792
v -0.010670613795706331 0.030499888915097577 -0.038704397132549584
v -0.011114511064104772 0.030500306624468003 -0.040440641416676915
v -0.009443823309275292 0.030500028151554386 -0.03891938966595454
v -0.008782202184099976 0.03050003578094928 -0.03923398013499835
v -0.009780308234315084 0.030499990004579917 -0.04055216791123195
v -0.00930123182606213 0.030500001448672258 -0.040926881826734984
v -0.008782202184099976 0.03050003578094928 -0.03923398013499835
v -0.008398979585941825 0.03050000335602098 -0.03952027317838169
v -0.012053651428535764 0.03049995185760545 -0.04248139010979868
v -0.013534948991874577 0.030499978560487577 -0.043229536202462615
v -0.013755234417986987 0.03050001861481077 -0.042206464864806836
v -0.009780308234315084 0.030499990004579917 -0.04055216791123195
v -0.011114511064104772 0.030500306624468003 -0.040440641416676915
v -0.010670613795706331 0.030499888915097577 -0.038704397132549584
v -0.010670613795706331 0.030499888915097577 -0.038704397132549584
v -0.009443823309275292 0.030500028151554386 -0.03891938966595454
v -0.009780308234315084 0.030499990004579917 -0.04055216791123195
v -0.010045653820343616 0.03050004150299545 -0.04355946175524261
v -0.009226227244862885 0.030500056761785237 -0.04500170349244659
v -0.010219125279388732 0.030499953764954173 -0.045255586866321806
v -0.011133619837290222 0.030499410170568002 -0.04352479759954342
v -0.010045653820343616 0.03050004150299545 -0.04355946175524261
v -0.010219125279388732 0.030499953764954173 -0.045255586866321806
v -0.008869621698139875 0.030500060576482683 -0.04169047362936107
v -0.00930123182606213 0.030500001448672258 -0.040926881826734984
v -0.008398979585941825 0.03050000335602098 -0.03952027317838169
v -0.011133619837290222 0.030499410170568002 -0.04352479759954342
v -0.010219125279388732 0.030499953764954173 -0.045255586866321806
v -0.011765683732973266 0.030500224608472896 -0.04504776214941941
v -0.008398979585941825 0.030500001448672258 -0.01947955986993155
v -0.008768071591082617 0.030500051039739066 -0.01975500963582233
v -0.00976345299364634 0.030500045317692896 -0.018436165731627874
v -0.00976345299364634 0.030500045317692896 -0.018436165731627874
v -0.009060740901248312 0.03049995757965162 -0.017768937001205742
v -0.008398979585941825 0.030500001448672258 -0.01947955986993155
v -0.00976345299364634 0.030500045317692896 -0.018436165731627874
v -0.008768071591082617 0.030500051039739066 -0.01975500963582233
v -0.009629982452028509 0.03049996330169779 -0.020154221538328798
v -0.011038127469778504 0.03050035621553481 -0.018565478253028678
v -0.00976345299364634 0.030500045317692896 -0.018436165731627874
v -0.009629982452028509 0.03049996330169779 -0.020154221538328798
v -0.012605325343899024 0.0305000128927646 -0.019503115626665624
v -0.011920840829576231 0.030499648589158428 -0.01780210770285451
v -0.011038127469778504 0.03050035621553481 -0.018565478253028678
v -0.012029821967259883 0.030499837416682045 -0.016318693936107076
v -0.013787109076178198 0.030499955672302896 -0.01717598805946796
v -0.013461582823228738 0.030499814528497364 -0.015567987227781965
v -0.012688287383972322 0.030500010985415875 -0.014583086706453363
v -0.011717840751269694 0.03050004150299545 -0.013954246230112877
v -0.010865486661102432 0.030499719161061194 -0.015389766470415567
v -0.008398979585941825 0.030500001448672258 -0.01947955986993155
v -0.009060740901248312 0.03049995757965162 -0.017768937001205742
v -0.008922834820174199 0.030500062483831407 -0.016581288171602093
v -0.011038127469778504 0.03050035621553481 -0.018565478253028678
v -0.009629982452028509 0.03049996330169779 -0.020154221538328798
v -0.011162942462889515 0.030500010985415875 -0.02022898388624017
v -0.00913958306807905 0.030500028151554386 -0.014005593011421347
v -0.00964049766554065 0.030500085372016088 -0.015616241243135431
v -0.010865486661102432 0.030499719161061194 -0.015389766470415567
v -0.008922834820174199 0.030500062483831407 -0.016581288171602093
v -0.008398979585941825 0.030500001448672258 -0.014520441744981794
v -0.008398979585941825 0.030500001448672258 -0.01947955986993155
v -0.012029821967259883 0.030499837416682045 -0.016318693936107076
v -0.013461582823228738 0.030499814528497364 -0.015567987227781965
v -0.012688287383972322 0.030500010985415875 -0.014583086706453363
v -0.010865486661102432 0.030499719161061194 -0.015389766470415567
v -0.012029821967259883 0.030499837416682045 -0.016318693936107076
v -0.012688287383972322 0.030500010985415875 -0.014583086706453363
v -0.008398979585941825 0.030500001448672258 -0.014520441744981794
v -0.008922834820174199 0.030500062483831407 -0.016581288171602093
v -0.00964049766554065 0.030500085372016088 -0.015616241243135431
v -0.011038127469778504 0.03050035621553481 -0.018565478253028678
v -0.011162942462889515 0.030500010985415875 -0.02022898388624017
v -0.012605325343899024 0.0305000128927646 -0.019503115626665624
v -0.00964049766554065 0.030500085372016088 -0.015616241243135431
v -0.00913958306807905 0.030500028151554386 -0.014005593011421347
v -0.008398979585941825 0.030500001448672258 -0.014520441744981794
v -0.011920840829576231 0.030499648589158428 -0.01780210770285451
v -0.013345505394619653 0.030499942320861832 -0.01861126034443661
v -0.013787109076178198 0.030499955672302896 -0.01717598805946796
v -0.010491496584439932 0.030499944228210556 -0.013735194858624511
v -0.00913958306807905 0.030500028151554386 -0.014005593011421347
v -0.010865486661102432 0.030499719161061194 -0.015389766470415567
v -0.011920840829576231 0.030499648589158428 -0.01780210770285451
v -0.012605325343899024 0.0305000128927646 -0.019503115626665624
v -0.013345505394619653 0.030499942320861832 -0.01861126034443661
v -0.013787109076178198 0.030499955672302896 -0.01717598805946796
v -0.012029821967259883 0.030499837416682045 -0.016318693936107076
v -0.011920840829576231 0.030499648589158428 -0.01780210770285451
v -0.010865486661102432 0.030499719161061194 -0.015389766470415567
v -0.011717840751269694 0.03050004150299545 -0.013954246230112877
v -0.010491496584439932 0.030499944228210556 -0.013735194858624511
v -0.011412489479442069 0.02500048565401202 -0.04341554466466668
v -0.010060607434335124 0.02500422024281245 -0.04357854287187157
v -0.011133619837290222 0.030499410170568002 -0.04352479759954342
v -0.012055622673441405 0.025001960034575214 -0.04244961749476417
v -0.011412489479442069 0.02500048565401202 -0.04341554466466668
v -0.012053651428535764 0.03049995185760545 -0.04248139010979868
v -0.012067599869750038 0.025000125165103297 -0.041522546833054896
v -0.012055622673441405 0.025001960034575214 -0.04244961749476417
v -0.012053651428535764 0.03049995185760545 -0.04248139010979868
v -0.011243962821962385 0.025325545560198608 -0.04050716592545189
v -0.012067599869750038 0.025000125165103297 -0.041522546833054896
v -0.01204371128066373 0.0305000128927646 -0.04147706038069909
v -0.009884490482610643 0.025000096554872446 -0.04048959542901187
v -0.011243962821962385 0.025325545560198608 -0.04050716592545189
v -0.011114511064104772 0.030500306624468003 -0.040440641416676915
v -0.009267618619509534 0.025300112972320703 -0.04095986370086013
v -0.009884490482610643 0.025000096554872446 -0.04048959542901187
v -0.009780308234315084 0.030499990004579917 -0.04055216791123195
v -0.008835577430775789 0.025312377224612208 -0.04188186844436004
v -0.009267618619509534 0.025300112972320703 -0.04095986370086013
v -0.008869621698139875 0.030500060576482683 -0.04169047362936107
v -0.009293429816109035 0.02529450155237644 -0.04309185995690967
v -0.008835577430775789 0.025312377224612208 -0.04188186844436004
v -0.009173631150140584 0.03050059654147396 -0.04295795644713163
v -0.010060607434335124 0.02500422024281245 -0.04357854287187157
v -0.009293429816109035 0.02529450155237644 -0.04309185995690967
v -0.010045653820343616 0.03050004150299545 -0.04355946175524261
v -0.009173631150140584 0.03050059654147396 -0.04295795644713163
v -0.010045653820343616 0.03050004150299545 -0.04355946175524261
v -0.009293429816109035 0.02529450155237644 -0.04309185995690967
v -0.008869621698139875 0.030500060576482683 -0.04169047362936107
v -0.009173631150140584 0.03050059654147396 -0.04295795644713163
v -0.008835577430775789 0.025312377224612208 -0.04188186844436004
v -0.00930123182606213 0.030500001448672258 -0.040926881826734984
v -0.008869621698139875 0.030500060576482683 -0.04169047362936107
v -0.009267618619509534 0.025300112972320703 -0.04095986370086013
v -0.009780308234315084 0.030499990004579917 -0.04055216791123195
v -0.00930123182606213 0.030500001448672258 -0.040926881826734984
v -0.009267618619509534 0.025300112972320703 -0.04095986370086013
v -0.011114511064104772 0.030500306624468003 -0.040440641416676915
v -0.009780308234315084 0.030499990004579917 -0.04055216791123195
v -0.009884490482610643 0.025000096554872446 -0.04048959542901187
v -0.01204371128066373 0.0305000128927646 -0.04147706038069909
v -0.011114511064104772 0.030500306624468003 -0.040440641416676915
v -0.011243962821962385 0.025325545560198608 -0.04050716592545189
v -0.012053651428535764 0.03049995185760545 -0.04248139010979868
v -0.01204371128066373 0.0305000128927646 -0.04147706038069909
v -0.012067599869750038 0.025000125165103297 -0.041522546833054896
v -0.011133619837290222 0.030499410170568002 -0.04352479759954342
v -0.012053651428535764 0.03049995185760545 -0.04248139010979868
v -0.011412489479442069 0.02500048565401202 -0.04341554466466668
v -0.010045653820343616 0.03050004150299545 -0.04355946175524261
v -0.011133619837290222 0.030499410170568002 -0.04352479759954342
v -0.010060607434335124 0.02500422024281245 -0.04357854287187157
v -0.010060607434335124 0.02500422024281245 -0.04357854287187157
v -0.008539049554142643 0.024999999280087552 -0.04174734695359561
v -0.008835577430775789 0.025312377224612208 -0.04188186844436004
v -0.008539049554142643 0.024999999280087552 -0.04174734695359561
v -0.009884490482610643 0.025000096554872446 -0.04048959542901187
v -0.009267618619509534 0.025300112972320703 -0.04095986370086013
v -0.009884490482610643 0.025000096554872446 -0.04048959542901187
v -0.012067599869750038 0.025000125165103297 -0.041522546833054896
v -0.011243962821962385 0.025325545560198608 -0.04050716592545189
v -0.009267618619509534 0.025300112972320703 -0.04095986370086013
v -0.008835577430775789 0.025312377224612208 -0.04188186844436004
v -0.008539049554142643 0.024999999280087552 -0.04174734695359561
v -0.008835577430775789 0.025312377224612208 -0.04188186844436004
v -0.009293429816109035 0.02529450155237644 -0.04309185995690967
v -0.010060607434335124 0.02500422024281245 -0.04357854287187157
v -0.008539049554142643 0.024999999280087552 -0.04174734695359561
v -0.008601669720080809 0.024999999280087552 -0.01689643177177569
v -0.009487264130125241 0.02500013279449819 -0.01826857462869702
v -0.008539049554142643 0.024999999280087552 -0.04174734695359561
v -0.008500000403728338 0.025000001187436276 -0.0050000002374872565
v -0.008601669720080809 0.024999999280087552 -0.01689643177177569
v -0.009487264130125241 0.02500013279449819 -0.01826857462869702
v -0.009884490482610643 0.025000096554872446 -0.04048959542901187
v -0.008539049554142643 0.024999999280087552 -0.04174734695359561
v -0.008539049554142643 0.024999999280087552 -0.04174734695359561
v -0.008500000403728338 0.025000001187436276 -0.04700000223238021
v -0.008500000403728338 0.025000001187436276 -0.0050000002374872565
v -0.009542832827832972 0.025000010724179893 -0.015188151127282223
v -0.008601669720080809 0.024999999280087552 -0.01689643177177569
v -0.008500000403728338 0.025000001187436276 -0.0050000002374872565
v -0.008539049554142643 0.024999999280087552 -0.04174734695359561
v -0.010060607434335124 0.02500422024281245 -0.04357854287187157
v -0.008500000403728338 0.025000001187436276 -0.04700000223238021
v -0.010998801753799305 0.025000005002133723 -0.01909628577335787
v -0.014500000688713047 0.025000001187436276 -0.04700000223238021
v -0.012067599869750038 0.025000125165103297 -0.041522546833054896
v -0.012055622673441405 0.025001960034575214 -0.04244961749476417
v -0.012067599869750038 0.025000125165103297 -0.041522546833054896
v -0.014500000688713047 0.025000001187436276 -0.04700000223238021
v -0.009487264130125241 0.02500013279449819 -0.01826857462869702
v -0.010998801753799305 0.025000005002133723 -0.01909628577335787
v -0.009884490482610643 0.025000096554872446 -0.04048959542901187
v -0.011886051742535654 0.025000033612364574 -0.01613282089566237
v -0.014500000688713047 0.025000001187436276 -0.0050000002374872565
v -0.014500000688713047 0.025000001187436276 -0.04700000223238021
v -0.010998801753799305 0.025000005002133723 -0.01909628577335787
v -0.011886051742535654 0.025000033612364574 -0.01613282089566237
v -0.014500000688713047 0.025000001187436276 -0.04700000223238021
v -0.010998801753799305 0.025000005002133723 -0.01909628577335787
v -0.012067599869750038 0.025000125165103297 -0.041522546833054896
v -0.009884490482610643 0.025000096554872446 -0.04048959542901187
v -0.014500000688713047 0.025000001187436276 -0.04700000223238021
v -0.011412489479442069 0.02500048565401202 -0.04341554466466668
v -0.012055622673441405 0.025001960034575214 -0.04244961749476417
v -0.014500000688713047 0.025000001187436276 -0.04700000223238021
v -0.008500000403728338 0.025000001187436276 -0.04700000223238021
v -0.011412489479442069 0.02500048565401202 -0.04341554466466668
v -0.010060607434335124 0.02500422024281245 -0.04357854287187157
v -0.011412489479442069 0.02500048565401202 -0.04341554466466668
v -0.008500000403728338 0.025000001187436276 -0.04700000223238021
v -0.008500000403728338 0.025000001187436276 -0.0050000002374872565
v -0.014500000688713047 0.025000001187436276 -0.0050000002374872565
v -0.009542832827832972 0.025000010724179893 -0.015188151127282223
v -0.014500000688713047 0.025000001187436276 -0.0050000002374872565
v -0.011886051742535654 0.025000033612364574 -0.01613282089566237
v -0.009542832827832972 0.025000010724179893 -0.015188151127282223
v -0.01145361859363925 0.025290082225384307 -0.018316084778048358
v -0.010400056379291091 0.02530296636601092 -0.018638184479016218
v -0.011038127469778504 0.03050035621553481 -0.018565478253028678
v -0.01207926902923984 0.025310158978046886 -0.017434939258901272
v -0.01145361859363925 0.025290082225384307 -0.018316084778048358
v -0.011920840829576231 0.030499648589158428 -0.01780210770285451
v -0.011886051742535654 0.025000033612364574 -0.01613282089566237
v -0.01207926902923984 0.025310158978046886 -0.017434939258901272
v -0.012029821967259883 0.030499837416682045 -0.016318693936107076
v -0.011014157818371452 0.025287154445093878 -0.015433536308920304
v -0.011886051742535654 0.025000033612364574 -0.01613282089566237
v -0.012029821967259883 0.030499837416682045 -0.016318693936107076
v -0.00973770473955471 0.02531300474234221 -0.01555893113604323
v -0.011014157818371452 0.025287154445093878 -0.015433536308920304
v -0.010865486661102432 0.030499719161061194 -0.015389766470415567
v -0.009070724918140984 0.025317973385766683 -0.016249089059143795
v -0.00973770473955471 0.02531300474234221 -0.01555893113604323
v -0.00964049766554065 0.030500085372016088 -0.015616241243135431
v -0.00890042919472034 0.025281426676877487 -0.01747875487377537
v -0.009070724918140984 0.025317973385766683 -0.016249089059143795
v -0.008922834820174199 0.030500062483831407 -0.016581288171602093
v -0.009487264130125241 0.02500013279449819 -0.01826857462869702
v -0.00890042919472034 0.025281426676877487 -0.01747875487377537
v -0.009060740901248312 0.03049995757965162 -0.017768937001205742
v -0.010400056379291091 0.02530296636601092 -0.018638184479016218
v -0.009487264130125241 0.02500013279449819 -0.01826857462869702
v -0.00976345299364634 0.030500045317692896 -0.018436165731627874
v -0.00976345299364634 0.030500045317692896 -0.018436165731627874
v -0.011038127469778504 0.03050035621553481 -0.018565478253028678
v -0.010400056379291091 0.02530296636601092 -0.018638184479016218
v -0.009060740901248312 0.03049995757965162 -0.017768937001205742
v -0.00976345299364634 0.030500045317692896 -0.018436165731627874
v -0.009487264130125241 0.02500013279449819 -0.01826857462869702
v -0.008922834820174199 0.030500062483831407 -0.016581288171602093
v -0.009060740901248312 0.03049995757965162 -0.017768937001205742
v -0.00890042919472034 0.025281426676877487 -0.01747875487377537
v -0.00964049766554065 0.030500085372016088 -0.015616241243135431
v -0.008922834820174199 0.030500062483831407 -0.016581288171602093
v -0.009070724918140984 0.025317973385766683 -0.016249089059143795
v -0.010865486661102432 0.030499719161061194 -0.015389766470415567
v -0.00964049766554065 0.030500085372016088 -0.015616241243135431
v -0.00973770473955471 0.02531300474234221 -0.01555893113604323
v -0.012029821967259883 0.030499837416682045 -0.016318693936107076
v -0.010865486661102432 0.030499719161061194 -0.015389766470415567
v -0.011014157818371452 0.025287154445093878 -0.015433536308920304
v -0.011920840829576231 0.030499648589158428 -0.01780210770285451
v -0.012029821967259883 0.030499837416682045 -0.016318693936107076
v -0.01207926902923984 0.025310158978046886 -0.017434939258901272
v -0.011038127469778504 0.03050035621553481 -0.018565478253028678
v -0.011920840829576231 0.030499648589158428 -0.01780210770285451
v -0.01145361859363925 0.025290082225384307 -0.018316084778048358
v -0.009487264130125241 0.02500013279449819 -0.01826857462869702
v -0.008601669720080809 0.024999999280087552 -0.01689643177177569
v -0.00890042919472034 0.025281426676877487 -0.01747875487377537
v -0.008601669720080809 0.024999999280087552 -0.01689643177177569
v -0.009542832827832972 0.025000010724179893 -0.015188151127282223
v -0.009070724918140984 0.025317973385766683 -0.016249089059143795
v -0.009542832827832972 0.025000010724179893 -0.015188151127282223
v -0.011886051742535654 0.025000033612364574 -0.01613282089566237
v -0.011014157818371452 0.025287154445093878 -0.015433536308920304
v -0.011886051742535654 0.025000033612364574 -0.01613282089566237
v -0.010998801753799305 0.025000005002133723 -0.01909628577335787
v -0.01207926902923984 0.025310158978046886 -0.017434939258901272
v -0.010400056379291091 0.02530296636601092 -0.018638184479016218
v -0.01145361859363925 0.025290082225384307 -0.018316084778048358
v -0.010998801753799305 0.025000005002133723 -0.01909628577335787
v -0.01145361859363925 0.025290082225384307 -0.018316084778048358
v -0.01207926902923984 0.025310158978046886 -0.017434939258901272
v -0.010998801753799305 0.025000005002133723 -0.01909628577335787
v -0.011014157818371452 0.025287154445093878 -0.015433536308920304
v -0.00973770473955471 0.02531300474234221 -0.01555893113604323
v -0.009542832827832972 0.025000010724179893 -0.015188151127282223
v -0.00973770473955471 0.02531300474234221 -0.01555893113604323
v -0.009070724918140984 0.025317973385766683 -0.016249089059143795
v -0.009542832827832972 0.025000010724179893 -0.015188151127282223
v -0.009070724918140984 0.025317973385766683 -0.016249089059143795
v -0.00890042919472034 0.025281426676877487 -0.01747875487377537
v -0.008601669720080809 0.024999999280087552 -0.01689643177177569
v -0.009487264130125241 0.02500013279449819 -0.01826857462869702
v -0.010400056379291091 0.02530296636601092 -0.018638184479016218
v -0.010998801753799305 0.025000005002133723 -0.01909628577335787
v -0.028250001341803006 0.02900000137742608 -0.0050000002374872565
v -0.02817754307114951 0.03849999801395442 -0.0050000002374872565
v -0.01805000009438951 0.03795000256546776 -0.0050000002374872565
v -0.04370000283857812 0.00845000021061859 -0.0050000002374872565
v -0.04370000283857812 0.02900000137742608 -0.0050000002374872565
v -0.028250001341803006 0.02900000137742608 -0.0050000002374872565
v -0.028250001341803006 0.00845000021061859 -0.0050000002374872565
v -0.028250001341803006 0.02900000137742608 -0.0050000002374872565
v -0.01805000009438951 0.02900000137742608 -0.0050000002374872565
v -0.05200000246986748 -0.00845000021061859 -0.0050000002374872565
v -0.05200000246986748 0.00845000021061859 -0.0050000002374872565
v -0.04370000283857812 0.00845000021061859 -0.0050000002374872565
v -0.04370000283857812 -0.00845000021061859 -0.0050000002374872565
v -0.04370000283857812 0.00845000021061859 -0.0050000002374872565
v -0.028250001341803006 0.00845000021061859 -0.0050000002374872565
v -0.01805000009438951 -0.00845000021061859 -0.0050000002374872565
v -0.028250001341803006 -0.00845000021061859 -0.0050000002374872565
v -0.022376969446638032 -0.0016374080958848898 -0.004999887227075395
v -0.028250001341803006 -0.00845000021061859 -0.0050000002374872565
v -0.024361010754864194 -0.000995653974617226 -0.004999831913962416
v -0.022376969446638032 -0.0016374080958848898 -0.004999887227075395
v -0.024361010754864194 -0.000995653974617226 -0.004999831913962416
v -0.028250001341803006 -0.00845000021061859 -0.0050000002374872565
v -0.028250001341803006 0.00845000021061859 -0.0050000002374872565
v -0.022376969446638032 -0.0016374080958848898 -0.004999887227075395
v -0.02108080773346233 0.0007428983802793692 -0.005000001191161618
v -0.01805000009438951 -0.00845000021061859 -0.0050000002374872565
v -0.023259865911913206 0.001723535381164681 -0.004999912976283161
v -0.028250001341803006 0.00845000021061859 -0.0050000002374872565
v -0.01805000009438951 0.00845000021061859 -0.0050000002374872565
v -0.02108080773346233 0.0007428983802793692 -0.005000001191161618
v -0.023259865911913206 0.001723535381164681 -0.004999912976283161
v -0.01805000009438951 0.00845000021061859 -0.0050000002374872565
v -0.023259865911913206 0.001723535381164681 -0.004999912976283161
v -0.024361010754864194 -0.000995653974617226 -0.004999831913962416
v -0.028250001341803006 0.00845000021061859 -0.0050000002374872565
v -0.01805000009438951 0.00845000021061859 -0.0050000002374872565
v -0.01805000009438951 -0.00845000021061859 -0.0050000002374872565
v -0.02108080773346233 0.0007428983802793692 -0.005000001191161618
v -0.04370000283857812 -0.01780000008251514 -0.0050000002374872565
v -0.04370000283857812 -0.00845000021061859 -0.0050000002374872565
v -0.028250001341803006 -0.00845000021061859 -0.0050000002374872565
v -0.028250001341803006 -0.01780000008251514 -0.0050000002374872565
v -0.028250001341803006 -0.00845000021061859 -0.0050000002374872565
v -0.01805000009438951 -0.00845000021061859 -0.0050000002374872565
v -0.017660513763023692 -0.01767866790817307 -0.0050000002374872565
v -0.01805000009438951 -0.00845000021061859 -0.0050000002374872565
v -0.014280789099931916 -0.004755280720553644 -0.0050000002374872565
v -0.04370000283857812 -0.02900000137742608 -0.0050000002374872565
v -0.04370000283857812 -0.01780000008251514 -0.0050000002374872565
v -0.028250001341803006 -0.01780000008251514 -0.0050000002374872565
v -0.028250001341803006 -0.02900000137742608 -0.0050000002374872565
v -0.028250001341803006 -0.01780000008251514 -0.0050000002374872565
v -0.017660513763023692 -0.01767866790817307 -0.0050000002374872565
v -0.028250001341803006 -0.03850000182865187 -0.0050000002374872565
v -0.028250001341803006 -0.02900000137742608 -0.0050000002374872565
v -0.01805000009438951 -0.02900000137742608 -0.0050000002374872565
v -0.008500013755169402 -0.029494653195354374 -0.004999999760650076
v -0.005734025750714634 -0.03398444527872523 -0.004999998330138533
v -0.006606373147037827 -0.03342786947714282 -0.004999997376464171
v -0.008500013755169402 -0.029494653195354374 -0.004999999760650076
v -0.007906087297210875 -0.03193966445040219 -0.0050001642694774695
v -0.008447281285013377 -0.030266747958589406 -0.00499087595803166
v -0.006606373147037827 -0.03342786947714282 -0.004999997376464171
v -0.007154811245291827 -0.03291118015206428 -0.004999999283812895
v -0.008500013755169402 -0.029494653195354374 -0.004999999760650076
v -0.0035764817506080135 -0.03450000163866206 -0.0050000002374872565
v -0.004249956809680711 -0.03445172664247264 -0.004999999760650076
v -0.008500013755169402 -0.029494653195354374 -0.004999999760650076
v -0.004984185932384312 -0.03427656717980731 -0.004999999760650076
v -0.005734025750714634 -0.03398444527872523 -0.004999998330138533
v -0.008500013755169402 -0.029494653195354374 -0.004999999760650076
v -0.007154811245291827 -0.03291118015206428 -0.004999999283812895
v -0.007906087297210875 -0.03193966445040219 -0.0050001642694774695
v -0.008500013755169402 -0.029494653195354374 -0.004999999760650076
v -0.004249956809680711 -0.03445172664247264 -0.004999999760650076
v -0.004984185932384312 -0.03427656717980731 -0.004999999760650076
v -0.008500013755169402 -0.029494653195354374 -0.004999999760650076
v 0.002700000175926837 -0.02900000137742608 -0.0050000002374872565
v 0.002700000175926837 -0.03450000163866206 -0.0050000002374872565
v -0.0035764817506080135 -0.03450000163866206 -0.0050000002374872565
v -0.0035764817506080135 -0.03450000163866206 -0.0050000002374872565
v -0.008500013755169402 -0.029494653195354374 -0.004999999760650076
v 0.002700000175926837 -0.02900000137742608 -0.0050000002374872565
v -0.011335953297217928 -0.020689692526286715 -0.004999819516195714
v -0.012985842367893023 -0.021587224078316588 -0.004995077847269325
v -0.017660513763023692 -0.01767866790817307 -0.0050000002374872565
v -0.011335953297217928 -0.020689692526286715 -0.004999819516195714
v -0.017660513763023692 -0.01767866790817307 -0.0050000002374872565
v 0.002700000175926837 -0.01780000008251514 -0.0050000002374872565
v 0.002700000175926837 -0.01780000008251514 -0.0050000002374872565
v -0.008500000403728338 -0.025000001187436276 -0.0050000002374872565
v -0.0094397291852405 -0.022234698398010396 -0.00500000214483598
v -0.010799104249807347 -0.02399901694799755 -0.0049755647161545125
v -0.0094397291852405 -0.022234698398010396 -0.00500000214483598
v -0.008500000403728338 -0.025000001187436276 -0.0050000002374872565
v -0.0094397291852405 -0.022234698398010396 -0.00500000214483598
v -0.011335953297217928 -0.020689692526286715 -0.004999819516195714
v 0.002700000175926837 -0.01780000008251514 -0.0050000002374872565
v -0.012985842367893023 -0.021587224078316588 -0.004995077847269325
v -0.014500000688713047 -0.025000001187436276 -0.0050000002374872565
v -0.017660513763023692 -0.01767866790817307 -0.0050000002374872565
v -0.014500000688713047 -0.025000001187436276 -0.0050000002374872565
v -0.012985842367893023 -0.021587224078316588 -0.004995077847269325
v -0.012638511304337578 -0.02372350996164507 -0.004991308449354692
v -0.012638511304337578 -0.02372350996164507 -0.004991308449354692
v -0.010799104249807347 -0.02399901694799755 -0.0049755647161545125
v -0.014500000688713047 -0.025000001187436276 -0.0050000002374872565
v 0.002700000175926837 -0.02900000137742608 -0.0050000002374872565
v -0.008500013755169402 -0.029494653195354374 -0.004999999760650076
v -0.008500000403728338 -0.025000001187436276 -0.0050000002374872565
v -0.008500000403728338 -0.025000001187436276 -0.0050000002374872565
v 0.002700000175926837 -0.01780000008251514 -0.0050000002374872565
v 0.002700000175926837 -0.02900000137742608 -0.0050000002374872565
v -0.010799104249807347 -0.02399901694799755 -0.0049755647161545125
v -0.008500000403728338 -0.025000001187436276 -0.0050000002374872565
v -0.014500000688713047 -0.025000001187436276 -0.0050000002374872565
v -0.01805000009438951 -0.02900000137742608 -0.0050000002374872565
v -0.017660513763023692 -0.01767866790817307 -0.0050000002374872565
v -0.014500000688713047 -0.025000001187436276 -0.0050000002374872565
v -0.01805000009438951 -0.03850000182865187 -0.0050000002374872565
v -0.01805000009438951 -0.02900000137742608 -0.0050000002374872565
v -0.014500000688713047 -0.02900000137742608 -0.0050000002374872565
v -0.03947010609225866 -0.03831294050995248 -0.0050000002374872565
v -0.04057344629359028 -0.03764203441119162 -0.004999999760650076
v -0.03557026078373494 -0.034898671854131084 -0.0050000069132077885
v -0.038672155309729124 -0.0384999064612157 -0.005000001667998799
v -0.03497647260855886 -0.036391160786104486 -0.00499335646504645
v -0.03298821796700269 -0.03715475640342802 -0.004998980759594596
v -0.03298821796700269 -0.03715475640342802 -0.004998980759594596
v -0.03185317953723677 -0.035969781676734584 -0.004999772309314809
v -0.028250001341803006 -0.03850000182865187 -0.0050000002374872565
v -0.038672155309729124 -0.0384999064612157 -0.005000001667998799
v -0.03947010609225866 -0.03831294050995248 -0.0050000002374872565
v -0.03557026078373494 -0.034898671854131084 -0.0050000069132077885
v -0.03411498804005265 -0.03393182152744644 -0.00499994635488582
v -0.04370000283857812 -0.02900000137742608 -0.0050000002374872565
v -0.028250001341803006 -0.02900000137742608 -0.0050000002374872565
v -0.028250001341803006 -0.02900000137742608 -0.0050000002374872565
v -0.03228137741829285 -0.0341966111213221 -0.00499754452600587
v -0.03411498804005265 -0.03393182152744644 -0.00499994635488582
v -0.03298821796700269 -0.03715475640342802 -0.004998980759594596
v -0.028250001341803006 -0.03850000182865187 -0.0050000002374872565
v -0.038672155309729124 -0.0384999064612157 -0.005000001667998799
v -0.03557026078373494 -0.034898671854131084 -0.0050000069132077885
v -0.04057344629359028 -0.03764203441119162 -0.004999999760650076
v -0.04370000283857812 -0.02900000137742608 -0.0050000002374872565
v -0.03557026078373494 -0.034898671854131084 -0.0050000069132077885
v -0.03497647260855886 -0.036391160786104486 -0.00499335646504645
v -0.038672155309729124 -0.0384999064612157 -0.005000001667998799
v -0.03411498804005265 -0.03393182152744644 -0.00499994635488582
v -0.03557026078373494 -0.034898671854131084 -0.0050000069132077885
v -0.04370000283857812 -0.02900000137742608 -0.0050000002374872565
v -0.03185317953723677 -0.035969781676734584 -0.004999772309314809
v -0.028250001341803006 -0.02900000137742608 -0.0050000002374872565
v -0.028250001341803006 -0.03850000182865187 -0.0050000002374872565
v -0.03185317953723677 -0.035969781676734584 -0.004999772309314809
v -0.03228137741829285 -0.0341966111213221 -0.00499754452600587
v -0.028250001341803006 -0.02900000137742608 -0.0050000002374872565
v -0.051054800551193505 -0.021432332103186177 -0.005000000714324437
v -0.051939581477007404 -0.017517289040034353 -0.0050000002374872565
v -0.04370000283857812 -0.01780000008251514 -0.0050000002374872565
v -0.04370000283857812 -0.01780000008251514 -0.0050000002374872565
v -0.04370000283857812 -0.02900000137742608 -0.0050000002374872565
v -0.04963470313266828 -0.02409025115948426 -0.0050000002374872565
v -0.04963470313266828 -0.02409025115948426 -0.0050000002374872565
v -0.051054800551193505 -0.021432332103186177 -0.005000000714324437
v -0.04370000283857812 -0.01780000008251514 -0.0050000002374872565
v -0.04370000283857812 -0.00845000021061859 -0.0050000002374872565
v -0.04370000283857812 -0.01780000008251514 -0.0050000002374872565
v -0.05200000246986748 -0.016000000759959217 -0.0050000002374872565
v -0.051939581477007404 -0.017517289040034353 -0.0050000002374872565
v -0.05200000246986748 -0.016000000759959217 -0.0050000002374872565
v -0.04370000283857812 -0.01780000008251514 -0.0050000002374872565
v -0.05155228668932478 0.019748171790648913 -0.005000000714324437
v -0.0501723580349145 0.023284918937395146 -0.0050000002374872565
v -0.04370000283857812 0.00845000021061859 -0.0050000002374872565
v -0.051999411191763226 0.016957852215366827 -0.0050000002374872565
v -0.05155228668932478 0.019748171790648913 -0.005000000714324437
v -0.04370000283857812 0.00845000021061859 -0.0050000002374872565
v -0.04370000283857812 0.00845000021061859 -0.0050000002374872565
v -0.05200000246986748 0.00845000021061859 -0.0050000002374872565
v -0.051999411191763226 0.016957852215366827 -0.0050000002374872565
v -0.04063242151611802 0.03755402552639619 -0.005000000714324437
v -0.034441911425942 0.03742392145527517 -0.004999885319726671
v -0.03453374645227659 0.03364795081694182 -0.0049999873628833735
v -0.03453374645227659 0.03364795081694182 -0.0049999873628833735
v -0.04370000283857812 0.02900000137742608 -0.0050000002374872565
v -0.04063242151611802 0.03755402552639619 -0.005000000714324437
v -0.034441911425942 0.03742392145527517 -0.004999885319726671
v -0.04063242151611802 0.03755402552639619 -0.005000000714324437
v -0.02817754307114951 0.03849999801395442 -0.0050000002374872565
v -0.03157000882371364 0.03629568653840564 -0.005000005482696246
v -0.02817754307114951 0.03849999801395442 -0.0050000002374872565
v -0.028250001341803006 0.02900000137742608 -0.0050000002374872565
v -0.03326405492468432 0.033776075060087944 -0.004996483563278475
v -0.03157000882371364 0.03629568653840564 -0.005000005482696246
v -0.028250001341803006 0.02900000137742608 -0.0050000002374872565
v -0.03453374645227659 0.03364795081694182 -0.0049999873628833735
v -0.028250001341803006 0.02900000137742608 -0.0050000002374872565
v -0.04370000283857812 0.02900000137742608 -0.0050000002374872565
v -0.03157000882371364 0.03629568653840564 -0.005000005482696246
v -0.034441911425942 0.03742392145527517 -0.004999885319726671
v -0.02817754307114951 0.03849999801395442 -0.0050000002374872565
v -0.03453374645227659 0.03364795081694182 -0.0049999873628833735
v -0.03326405492468432 0.033776075060087944 -0.004996483563278475
v -0.028250001341803006 0.02900000137742608 -0.0050000002374872565
v -0.02817754307114951 0.03849999801395442 -0.0050000002374872565
v -0.04063242151611802 0.03755402552639619 -0.005000000714324437
v -0.03898562044302612 0.03849849120846293 -0.004999979256651299
v -0.01805000009438951 0.03795000256546776 -0.0050000002374872565
v -0.02817754307114951 0.03849999801395442 -0.0050000002374872565
v -0.014500000688713047 0.03850000182865187 -0.0050000002374872565
v -0.01805000009438951 0.02900000137742608 -0.0050000002374872565
v -0.01805000009438951 0.03795000256546776 -0.0050000002374872565
v -0.014500000688713047 0.03795000256546776 -0.0050000002374872565
v -0.012537427544043193 0.008253405962999614 -0.0050000002374872565
v -0.01805000009438951 0.00845000021061859 -0.0050000002374872565
v -0.014500000688713047 0.025000001187436276 -0.0050000002374872565
v -0.01805000009438951 0.02900000137742608 -0.0050000002374872565
v -0.014500000688713047 0.02900000137742608 -0.0050000002374872565
v -0.014500000688713047 0.025000001187436276 -0.0050000002374872565
v -0.014500000688713047 0.025000001187436276 -0.0050000002374872565
v -0.01805000009438951 0.00845000021061859 -0.0050000002374872565
v -0.01805000009438951 0.02900000137742608 -0.0050000002374872565
v -0.008499241278936422 0.02971615741730104 -0.0050000002374872565
v -0.007215724334122544 0.03284565509402037 -0.0050000002374872565
v -0.006883830397459991 0.033187902119553574 -0.005000011204742416
v -0.008499241278936422 0.02971615741730104 -0.0050000002374872565
v -0.008307160772071389 0.030884704149439772 -0.005008602380229821
v -0.007930716891276226 0.03184614332779611 -0.00500066304116864
v -0.008441910191008263 0.030267245776606215 -0.004990853069846979
v -0.008307160772071389 0.030884704149439772 -0.005008602380229821
v -0.008499241278936422 0.02971615741730104 -0.0050000002374872565
v -0.008499241278936422 0.02971615741730104 -0.0050000002374872565
v -0.007930716891276226 0.03184614332779611 -0.00500066304116864
v -0.007391144149888619 0.03264181292125245 -0.005000000714324437
v -0.006883830397459991 0.033187902119553574 -0.005000011204742416
v -0.006284416974061404 0.03365859763751588 -0.005000001191161618
v -0.008499241278936422 0.02971615741730104 -0.0050000002374872565
v -0.007391144149888619 0.03264181292125245 -0.005000000714324437
v -0.007215724334122544 0.03284565509402037 -0.0050000002374872565
v -0.008499241278936422 0.02971615741730104 -0.0050000002374872565
v -0.008499241278936422 0.02971615741730104 -0.0050000002374872565
v -0.006284416974061404 0.03365859763751588 -0.005000001191161618
v -0.005593932894329135 0.03404621667448148 -0.004999999283812895
v -0.004984135864480322 0.03427658625329454 -0.004999999760650076
v -0.004152389723595108 0.03446917125389692 -0.005000000714324437
v -0.008499241278936422 0.02971615741730104 -0.0050000002374872565
v -0.005593932894329135 0.03404621667448148 -0.004999999283812895
v -0.004984135864480322 0.03427658625329454 -0.004999999760650076
v -0.008499241278936422 0.02971615741730104 -0.0050000002374872565
v 0.002700000175926837 0.02900000137742608 -0.0050000002374872565
v -0.008500000403728338 0.02900000137742608 -0.0050000002374872565
v -0.0035000001662410804 0.03450000163866206 -0.0050000002374872565
v -0.0035000001662410804 0.03450000163866206 -0.0050000002374872565
v -0.008500000403728338 0.02900000137742608 -0.0050000002374872565
v -0.008499241278936422 0.02971615741730104 -0.0050000002374872565
v -0.004152389723595108 0.03446917125389692 -0.005000000714324437
v -0.0035000001662410804 0.03450000163866206 -0.0050000002374872565
v -0.008499241278936422 0.02971615741730104 -0.0050000002374872565
v 0.01050000049872324 0.03450000163866206 -0.0050000002374872565
v 0.03674869711900453 0.033937017145369 -0.0050000002374872565
v 0.03954137608465747 0.030617084050058578 -0.0050000002374872565
v 0.01050000049872324 0.03450000163866206 -0.0050000002374872565
v 0.031984944909095876 0.03849995986697995 -0.0050000002374872565
v 0.03674869711900453 0.033937017145369 -0.0050000002374872565
v 0.01050000049872324 0.03450000163866206 -0.0050000002374872565
v 0.01050000049872324 0.03850000182865187 -0.0050000002374872565
v 0.031984944909095876 0.03849995986697995 -0.0050000002374872565
v 0.002700000175926837 0.02900000137742608 -0.0050000002374872565
v 0.002700000175926837 0.03450000163866206 -0.0050000002374872565
v 0.01050000049872324 0.03450000163866206 -0.0050000002374872565
v 0.01050000049872324 0.03450000163866206 -0.0050000002374872565
v 0.040757761030127966 0.02896213096852284 -0.0050000002374872565
v 0.002700000175926837 0.02900000137742608 -0.0050000002374872565
v 0.043078828950431365 -0.025440564410266202 -0.0050000002374872565
v 0.04077281764095054 -0.028945123139956223 -0.0050000002374872565
v 0.002700000175926837 -0.01780000008251514 -0.0050000002374872565
v 0.04566943957762915 -0.02040808583871678 -0.0050000002374872565
v 0.043078828950431365 -0.025440564410266202 -0.0050000002374872565
v 0.002700000175926837 -0.01780000008251514 -0.0050000002374872565
v 0.002700000175926837 -0.01780000008251514 -0.0050000002374872565
v 0.04685171349853024 -0.017461878652270665 -0.0050000002374872565
v 0.04566943957762915 -0.02040808583871678 -0.0050000002374872565
v 0.01050000049872324 -0.03450000163866206 -0.0050000002374872565
v 0.03410363550045093 -0.03659412176376219 -0.0050000002374872565
v 0.0319021964920796 -0.03850000182865187 -0.0050000002374872565
v 0.01050000049872324 -0.03450000163866206 -0.0050000002374872565
v 0.04077281764095054 -0.028945123139956223 -0.0050000002374872565
v 0.03912227053496587 -0.031159932662878635 -0.0050000002374872565
v 0.01050000049872324 -0.03450000163866206 -0.0050000002374872565
v 0.03686815055485405 -0.033782022173407526 -0.0050000002374872565
v 0.03410363550045093 -0.03659412176376219 -0.0050000002374872565
v 0.01050000049872324 -0.03450000163866206 -0.0050000002374872565
v 0.03912227053496587 -0.031159932662878635 -0.0050000002374872565
v 0.03686815055485405 -0.033782022173407526 -0.0050000002374872565
v 0.002700000175926837 -0.02900000137742608 -0.0050000002374872565
v 0.04077281764095054 -0.028945123139956223 -0.0050000002374872565
v 0.01050000049872324 -0.03450000163866206 -0.0050000002374872565
v 0.0319021964920796 -0.03850000182865187 -0.0050000002374872565
v 0.01050000049872324 -0.03850000182865187 -0.0050000002374872565
v 0.01050000049872324 -0.03450000163866206 -0.0050000002374872565
v 0.012646853093979397 0.008127634434503815 -0.0050000002374872565
v 0.04788645399567582 0.014459430427691818 -0.0050000002374872565
v 0.04913391728124551 0.009383280246096913 -0.0050000002374872565
v 0.012646853093979397 0.008127634434503815 -0.0050000002374872565
v 0.04627675848464908 0.018972495026511323 -0.0050000002374872565
v 0.04788645399567582 0.014459430427691818 -0.0050000002374872565
v 0.012646853093979397 0.008127634434503815 -0.0050000002374872565
v 0.044641145919168686 0.022540951845784193 -0.0050000002374872565
v 0.04627675848464908 0.018972495026511323 -0.0050000002374872565
v 0.040757761030127966 0.02896213096852284 -0.0050000002374872565
v 0.00932155558038439 0.0118208862197261 -0.0050000002374872565
v 0.006567193820073149 0.013499673530909525 -0.0050000002374872565
v 0.04253148090197279 0.026329844771718618 -0.0050000002374872565
v 0.044641145919168686 0.022540951845784193 -0.0050000002374872565
v 0.012646853093979397 0.008127634434503815 -0.0050000002374872565
v 0.040757761030127966 0.02896213096852284 -0.0050000002374872565
v 0.011261250077116982 0.009913545125714294 -0.0050000002374872565
v 0.00932155558038439 0.0118208862197261 -0.0050000002374872565
v 0.012646853093979397 0.008127634434503815 -0.0050000002374872565
v 0.040757761030127966 0.02896213096852284 -0.0050000002374872565
v 0.04253148090197279 0.026329844771718618 -0.0050000002374872565
v 0.002700000175926837 0.02900000137742608 -0.0050000002374872565
v 0.040757761030127966 0.02896213096852284 -0.0050000002374872565
v 0.006567193820073149 0.013499673530909525 -0.0050000002374872565
v 0.006567193820073149 0.013499673530909525 -0.0050000002374872565
v 0.004392998904029778 0.014358380046000093 -0.004999999760650076
v 0.002700000175926837 0.02900000137742608 -0.0050000002374872565
v 0.012646853093979397 0.008127634434503815 -0.0050000002374872565
v 0.011261250077116982 0.009913545125714294 -0.0050000002374872565
v 0.040757761030127966 0.02896213096852284 -0.0050000002374872565
v -0.009507518266219097 0.02194440755170279 -0.0050000002374872565
v 0.0017354863514283674 0.014923766845010285 -0.0050000002374872565
v -0.0016547845195923065 0.014940320724580732 -0.0050000002374872565
v -0.012791347157544156 0.021447888439374282 -0.0049994571199382665
v -0.011794477069301814 0.02042773153056787 -0.00500000214483598
v -0.012537427544043193 0.008253405962999614 -0.0050000002374872565
v -0.008512992309557823 0.012376409164813192 -0.004999998806975714
v -0.010846150913418897 0.010408157842993758 -0.0050000002374872565
v -0.011794477069301814 0.02042773153056787 -0.00500000214483598
v -0.012791347157544156 0.021447888439374282 -0.0049994571199382665
v -0.012537427544043193 0.008253405962999614 -0.0050000002374872565
v -0.014500000688713047 0.025000001187436276 -0.0050000002374872565
v -0.014500000688713047 0.025000001187436276 -0.0050000002374872565
v -0.012795208585034693 0.02415453071881179 -0.0049997913828020435
v -0.012791347157544156 0.021447888439374282 -0.0049994571199382665
v -0.009507518266219097 0.02194440755170279 -0.0050000002374872565
v -0.0016547845195923065 0.014940320724580732 -0.0050000002374872565
v -0.005394949692434093 0.014049825381991506 -0.004999998806975714
v -0.011794477069301814 0.02042773153056787 -0.00500000214483598
v -0.009507518266219097 0.02194440755170279 -0.0050000002374872565
v -0.005394949692434093 0.014049825381991506 -0.004999998806975714
v -0.005394949692434093 0.014049825381991506 -0.004999998806975714
v -0.008512992309557823 0.012376409164813192 -0.004999998806975714
v -0.011794477069301814 0.02042773153056787 -0.00500000214483598
v -0.009507518266219097 0.02194440755170279 -0.0050000002374872565
v 0.002700000175926837 0.02900000137742608 -0.0050000002374872565
v 0.0017354863514283674 0.014923766845010285 -0.0050000002374872565
v -0.010846150913418897 0.010408157842993758 -0.0050000002374872565
v -0.012537427544043193 0.008253405962999614 -0.0050000002374872565
v -0.011794477069301814 0.02042773153056787 -0.00500000214483598
v -0.009507518266219097 0.02194440755170279 -0.0050000002374872565
v -0.010254336844171543 0.024090642165972558 -0.0049999907007436395
v -0.008500000403728338 0.025000001187436276 -0.0050000002374872565
v -0.010254336844171543 0.024090642165972558 -0.0049999907007436395
v -0.012795208585034693 0.02415453071881179 -0.0049997913828020435
v -0.014500000688713047 0.025000001187436276 -0.0050000002374872565
v 0.002700000175926837 0.02900000137742608 -0.0050000002374872565
v -0.009507518266219097 0.02194440755170279 -0.0050000002374872565
v -0.008500000403728338 0.025000001187436276 -0.0050000002374872565
v -0.010254336844171543 0.024090642165972558 -0.0049999907007436395
v -0.014500000688713047 0.025000001187436276 -0.0050000002374872565
v -0.008500000403728338 0.025000001187436276 -0.0050000002374872565
v -0.014995110270334958 -0.0010211231001441138 -0.0050000002374872565
v -0.01805000009438951 -0.00845000021061859 -0.0050000002374872565
v -0.01805000009438951 0.00845000021061859 -0.0050000002374872565
v -0.01805000009438951 0.00845000021061859 -0.0050000002374872565
v -0.014841788996878272 0.0023695856266178757 -0.0049999907007436395
v -0.014995110270334958 -0.0010211231001441138 -0.0050000002374872565
v -0.01805000009438951 0.00845000021061859 -0.0050000002374872565
v -0.012537427544043193 0.008253405962999614 -0.0050000002374872565
v -0.01381184548177206 0.005961087986841306 -0.004999999760650076
v -0.014995110270334958 -0.0010211231001441138 -0.0050000002374872565
v -0.014280789099931916 -0.004755280720553644 -0.0050000002374872565
v -0.01805000009438951 -0.00845000021061859 -0.0050000002374872565
v -0.01381184548177206 0.005961087986841306 -0.004999999760650076
v -0.014841788996878272 0.0023695856266178757 -0.0049999907007436395
v -0.01805000009438951 0.00845000021061859 -0.0050000002374872565
v 0.002700000175926837 -0.01780000008251514 -0.0050000002374872565
v -0.017660513763023692 -0.01767866790817307 -0.0050000002374872565
v -0.0038624810622879544 -0.014529185985204248 -0.0050000002374872565
v 0.002700000175926837 -0.01780000008251514 -0.0050000002374872565
v -0.0038624810622879544 -0.014529185985204248 -0.0050000002374872565
v -0.0010774014507862475 -0.01496543573889619 -0.004999998330138533
v -0.0010774014507862475 -0.01496543573889619 -0.004999998330138533
v 0.0021199253612348705 -0.014930691474550613 -0.004999989747069278
v 0.002700000175926837 -0.01780000008251514 -0.0050000002374872565
v -0.010372989193557227 -0.010865820447129025 -0.004999997853301352
v -0.007485927937349592 -0.01305921139756194 -0.0050000002374872565
v -0.017660513763023692 -0.01767866790817307 -0.0050000002374872565
v -0.007485927937349592 -0.01305921139756194 -0.0050000002374872565
v -0.0038624810622879544 -0.014529185985204248 -0.0050000002374872565
v -0.017660513763023692 -0.01767866790817307 -0.0050000002374872565
v -0.012465098019428526 -0.008410759371657582 -0.0049999968996269906
v -0.010372989193557227 -0.010865820447129025 -0.004999997853301352
v -0.017660513763023692 -0.01767866790817307 -0.0050000002374872565
v -0.012465098019428526 -0.008410759371657582 -0.0049999968996269906
v -0.017660513763023692 -0.01767866790817307 -0.0050000002374872565
v -0.014280789099931916 -0.004755280720553644 -0.0050000002374872565
v 0.04685171349853024 -0.017461878652270665 -0.0050000002374872565
v 0.002700000175926837 -0.01780000008251514 -0.0050000002374872565
v 0.005829572477664969 -0.013834740342173465 -0.0050000002374872565
v 0.012971299787551408 -0.00756934011172161 -0.0050000002374872565
v 0.049079470104587145 -0.0095986704617107 -0.0050000002374872565
v 0.04839710465469606 -0.012578006388133663 -0.0050000002374872565
v 0.002700000175926837 -0.01780000008251514 -0.0050000002374872565
v 0.0021199253612348705 -0.014930691474550613 -0.004999989747069278
v 0.005829572477664969 -0.013834740342173465 -0.0050000002374872565
v 0.04685171349853024 -0.017461878652270665 -0.0050000002374872565
v 0.0115947261595456 -0.009540318942215518 -0.0050000002374872565
v 0.012971299787551408 -0.00756934011172161 -0.0050000002374872565
v 0.04839710465469606 -0.012578006388133663 -0.0050000002374872565
v 0.04754031216404942 -0.015519193432739772 -0.0050000002374872565
v 0.012971299787551408 -0.00756934011172161 -0.0050000002374872565
v 0.01055702450350693 -0.010658160715891206 -0.0050000002374872565
v 0.0115947261595456 -0.009540318942215518 -0.0050000002374872565
v 0.04685171349853024 -0.017461878652270665 -0.0050000002374872565
v 0.005829572477664969 -0.013834740342173465 -0.0050000002374872565
v 0.008674703056374413 -0.012293673145563618 -0.0050000002374872565
v 0.04685171349853024 -0.017461878652270665 -0.0050000002374872565
v 0.04685171349853024 -0.017461878652270665 -0.0050000002374872565
v 0.008674703056374413 -0.012293673145563618 -0.0050000002374872565
v 0.01055702450350693 -0.010658160715891206 -0.0050000002374872565
v 0.0500217041886475 -0.0001297819676053524 -0.0050000002374872565
v 0.014952393288325542 -0.0015033543823948776 -0.0050000002374872565
v 0.014897661916707387 0.0021092806864281273 -0.0050000002374872565
v 0.04913391728124551 0.009383280246096913 -0.0050000002374872565
v 0.014897661916707387 0.0021092806864281273 -0.0050000002374872565
v 0.014088274671232307 0.005221048126251847 -0.0050000002374872565
v 0.0500217041886475 -0.0001297819676053524 -0.0050000002374872565
v 0.04973572776515224 -0.005342742220014184 -0.0050000002374872565
v 0.014952393288325542 -0.0015033543823948776 -0.0050000002374872565
v 0.01392244500484752 -0.0056003597058526524 -0.0050000002374872565
v 0.014492010804910697 -0.003912936873324001 -0.0050000002374872565
v 0.049079470104587145 -0.0095986704617107 -0.0050000002374872565
v 0.012971299787551408 -0.00756934011172161 -0.0050000002374872565
v 0.01392244500484752 -0.0056003597058526524 -0.0050000002374872565
v 0.049079470104587145 -0.0095986704617107 -0.0050000002374872565
v 0.014897661916707387 0.0021092806864281273 -0.0050000002374872565
v 0.04913391728124551 0.009383280246096913 -0.0050000002374872565
v 0.049797686081083384 0.0046566273993700604 -0.0050000002374872565
v 0.04973572776515224 -0.005342742220014184 -0.0050000002374872565
v 0.049079470104587145 -0.0095986704617107 -0.0050000002374872565
v 0.014952393288325542 -0.0015033543823948776 -0.0050000002374872565
v 0.014088274671232307 0.005221048126251847 -0.0050000002374872565
v 0.012646853093979397 0.008127634434503815 -0.0050000002374872565
v 0.04913391728124551 0.009383280246096913 -0.0050000002374872565
v 0.014897661916707387 0.0021092806864281273 -0.0050000002374872565
v 0.049797686081083384 0.0046566273993700604 -0.0050000002374872565
v 0.0500217041886475 -0.0001297819676053524 -0.0050000002374872565
v 0.014492010804910697 -0.003912936873324001 -0.0050000002374872565
v 0.014952393288325542 -0.0015033543823948776 -0.0050000002374872565
v 0.049079470104587145 -0.0095986704617107 -0.0050000002374872565
v 0.012971299787551408 -0.00756934011172161 -0.0050000002374872565
v 0.04754031216404942 -0.015519193432739772 -0.0050000002374872565
v 0.04685171349853024 -0.017461878652270665 -0.0050000002374872565
v -0.008500000403728338 0.025000001187436276 -0.0050000002374872565
v -0.008500000403728338 0.02900000137742608 -0.0050000002374872565
v 0.002700000175926837 0.02900000137742608 -0.0050000002374872565
v 0.004392998904029778 0.014358380046000093 -0.004999999760650076
v 0.0017354863514283674 0.014923766845010285 -0.0050000002374872565
v 0.002700000175926837 0.02900000137742608 -0.0050000002374872565
v 0.01050000049872324 -0.03450000163866206 -0.0050000002374872565
v 0.002700000175926837 -0.03450000163866206 -0.0050000002374872565
v 0.002700000175926837 -0.02900000137742608 -0.0050000002374872565
v 0.04077281764095054 -0.028945123139956223 -0.0050000002374872565
v 0.002700000175926837 -0.02900000137742608 -0.0050000002374872565
v 0.002700000175926837 -0.01780000008251514 -0.0050000002374872565
v 0.03954137608465747 0.030617084050058578 -0.0050000002374872565
v 0.040757761030127966 0.02896213096852284 -0.0050000002374872565
v 0.01050000049872324 0.03450000163866206 -0.0050000002374872565
v -0.0035000001662410804 0.03450000163866206 -0.0050000002374872565
v 0.002700000175926837 0.03450000163866206 -0.0050000002374872565
v 0.002700000175926837 0.02900000137742608 -0.0050000002374872565
v -0.014500000688713047 0.03795000256546776 -0.0050000002374872565
v -0.014500000688713047 0.02900000137742608 -0.0050000002374872565
v -0.01805000009438951 0.02900000137742608 -0.0050000002374872565
v -0.014500000688713047 0.03850000182865187 -0.0050000002374872565
v -0.014500000688713047 0.03795000256546776 -0.0050000002374872565
v -0.01805000009438951 0.03795000256546776 -0.0050000002374872565
v -0.04063242151611802 0.03755402552639619 -0.005000000714324437
v -0.04370000283857812 0.02900000137742608 -0.0050000002374872565
v -0.0501723580349145 0.023284918937395146 -0.0050000002374872565
v -0.0501723580349145 0.023284918937395146 -0.0050000002374872565
v -0.04370000283857812 0.02900000137742608 -0.0050000002374872565
v -0.04370000283857812 0.00845000021061859 -0.0050000002374872565
v -0.05200000246986748 -0.016000000759959217 -0.0050000002374872565
v -0.05200000246986748 -0.00845000021061859 -0.0050000002374872565
v -0.04370000283857812 -0.00845000021061859 -0.0050000002374872565
v -0.04963470313266828 -0.02409025115948426 -0.0050000002374872565
v -0.04370000283857812 -0.02900000137742608 -0.0050000002374872565
v -0.04057344629359028 -0.03764203441119162 -0.004999999760650076
v -0.014500000688713047 -0.02900000137742608 -0.0050000002374872565
v -0.014500000688713047 -0.03850000182865187 -0.0050000002374872565
v -0.01805000009438951 -0.03850000182865187 -0.0050000002374872565
v -0.014500000688713047 -0.025000001187436276 -0.0050000002374872565
v -0.014500000688713047 -0.02900000137742608 -0.0050000002374872565
v -0.01805000009438951 -0.02900000137742608 -0.0050000002374872565
v -0.01805000009438951 -0.02900000137742608 -0.0050000002374872565
v -0.01805000009438951 -0.03850000182865187 -0.0050000002374872565
v -0.028250001341803006 -0.03850000182865187 -0.0050000002374872565
v -0.017660513763023692 -0.01767866790817307 -0.0050000002374872565
v -0.01805000009438951 -0.02900000137742608 -0.0050000002374872565
v -0.028250001341803006 -0.02900000137742608 -0.0050000002374872565
v -0.028250001341803006 -0.01780000008251514 -0.0050000002374872565
v -0.028250001341803006 -0.02900000137742608 -0.0050000002374872565
v -0.04370000283857812 -0.02900000137742608 -0.0050000002374872565
v -0.01805000009438951 -0.00845000021061859 -0.0050000002374872565
v -0.017660513763023692 -0.01767866790817307 -0.0050000002374872565
v -0.028250001341803006 -0.01780000008251514 -0.0050000002374872565
v -0.028250001341803006 -0.00845000021061859 -0.0050000002374872565
v -0.028250001341803006 -0.01780000008251514 -0.0050000002374872565
v -0.04370000283857812 -0.01780000008251514 -0.0050000002374872565
v -0.028250001341803006 0.00845000021061859 -0.0050000002374872565
v -0.028250001341803006 -0.00845000021061859 -0.0050000002374872565
v -0.04370000283857812 -0.00845000021061859 -0.0050000002374872565
v -0.04370000283857812 0.00845000021061859 -0.0050000002374872565
v -0.04370000283857812 -0.00845000021061859 -0.0050000002374872565
v -0.05200000246986748 -0.00845000021061859 -0.0050000002374872565
v -0.01805000009438951 0.02900000137742608 -0.0050000002374872565
v -0.01805000009438951 0.00845000021061859 -0.0050000002374872565
v -0.028250001341803006 0.00845000021061859 -0.0050000002374872565
v -0.028250001341803006 0.02900000137742608 -0.0050000002374872565
v -0.028250001341803006 0.00845000021061859 -0.0050000002374872565
v -0.04370000283857812 0.00845000021061859 -0.0050000002374872565
v -0.01805000009438951 0.03795000256546776 -0.0050000002374872565
v -0.01805000009438951 0.02900000137742608 -0.0050000002374872565
v -0.028250001341803006 0.02900000137742608 -0.0050000002374872565
v -0.008500000403728338 -0.025000001187436276 -0.04700000223238021
v -0.008500000403728338 -0.025000001187436276 -0.0050000002374872565
v -0.008500013755169402 -0.029494653195354374 -0.004999999760650076
v -0.008500013755169402 -0.029494653195354374 -0.004999999760650076
v -0.008499943183266636 -0.02985524319356058 -0.04700000223238021
v -0.008500000403728338 -0.025000001187436276 -0.04700000223238021
v -0.014500000688713047 -0.03850000182865187 -0.04700000223238021
v -0.014500000688713047 -0.03850000182865187 -0.0050000002374872565
v -0.014500000688713047 -0.02900000137742608 -0.0050000002374872565
v -0.014500000688713047 -0.02900000137742608 -0.0050000002374872565
v -0.014500000688713047 -0.025000001187436276 -0.04700000223238021
v -0.014500000688713047 -0.03850000182865187 -0.04700000223238021
v -0.014500000688713047 -0.02900000137742608 -0.0050000002374872565
v -0.014500000688713047 -0.025000001187436276 -0.0050000002374872565
v -0.014500000688713047 -0.025000001187436276 -0.04700000223238021
v -0.014500000688713047 -0.03850000182865187 -0.04700000223238021
v -0.014500000688713047 -0.025000001187436276 -0.04700000223238021
v -0.008499943183266636 -0.02985524319356058 -0.04700000223238021
v -0.014500000688713047 -0.03850000182865187 -0.04700000223238021
v -0.008499943183266636 -0.02985524319356058 -0.04700000223238021
v -0.007593056562585633 -0.032487775438350124 -0.04700027689059638
v -0.014500000688713047 -0.025000001187436276 -0.04700000223238021
v -0.008500000403728338 -0.025000001187436276 -0.04700000223238021
v -0.008499943183266636 -0.02985524319356058 -0.04700000223238021
v -0.007593056562585633 -0.032487775438350124 -0.04700027689059638
v -0.0075000003562308865 -0.03850000182865187 -0.04700000223238021
v -0.014500000688713047 -0.03850000182865187 -0.04700000223238021
v 0.01050000049872324 -0.03850000182865187 -0.011000000522471964
v -0.0075000003562308865 -0.03850000182865187 -0.04700000223238021
v -0.0035000001662410804 -0.03450000163866206 -0.0390000018524006
v -0.0075000003562308865 -0.03850000182865187 -0.04700000223238021
v -0.004185380180789512 -0.034465402332819466 -0.04037075997414874
v -0.0035000001662410804 -0.03450000163866206 -0.0390000018524006
v -0.0075000003562308865 -0.03850000182865187 -0.04700000223238021
v -0.005025496244710216 -0.034263536173328994 -0.04205099305566451
v -0.004185380180789512 -0.034465402332819466 -0.04037075997414874
v -0.0075000003562308865 -0.03850000182865187 -0.04700000223238021
v -0.005858518401891389 -0.03392395943600856 -0.04371703546267813
v -0.005025496244710216 -0.034263536173328994 -0.04205099305566451
v -0.0075000003562308865 -0.03850000182865187 -0.04700000223238021
v -0.006780664289196827 -0.03328202596435625 -0.04556133105198645
v -0.005858518401891389 -0.03392395943600856 -0.04371703546267813
v -0.0075000003562308865 -0.03850000182865187 -0.04700000223238021
v -0.00715869842199013 -0.03290830768488683 -0.046317385012457635
v -0.006780664289196827 -0.03328202596435625 -0.04556133105198645
v -0.0075000003562308865 -0.03850000182865187 -0.04700000223238021
v -0.007593056562585633 -0.032487775438350124 -0.04700027689059638
v -0.00715869842199013 -0.03290830768488683 -0.046317385012457635
v -0.0035000001662410804 -0.03450000163866206 -0.0390000018524006
v 0.01050000049872324 -0.03450000163866206 -0.011000000522471964
v 0.01050000049872324 -0.03850000182865187 -0.011000000522471964
v 0.002700000175926837 -0.03450000163866206 -0.0050000002374872565
v 0.01050000049872324 -0.03450000163866206 -0.0050000002374872565
v 0.01050000049872324 -0.03450000163866206 -0.011000000522471964
v -0.0035000001662410804 -0.03450000163866206 -0.0390000018524006
v -0.0035764817506080135 -0.03450000163866206 -0.0050000002374872565
v 0.002700000175926837 -0.03450000163866206 -0.0050000002374872565
v 0.01050000049872324 -0.03450000163866206 -0.011000000522471964
v -0.0035000001662410804 -0.03450000163866206 -0.0390000018524006
v 0.002700000175926837 -0.03450000163866206 -0.0050000002374872565
v 0.01050000049872324 -0.03450000163866206 -0.0050000002374872565
v 0.01050000049872324 -0.03850000182865187 -0.0050000002374872565
v 0.01050000049872324 -0.03850000182865187 -0.011000000522471964
v 0.01050000049872324 -0.03850000182865187 -0.011000000522471964
v 0.01050000049872324 -0.03450000163866206 -0.011000000522471964
v 0.01050000049872324 -0.03450000163866206 -0.0050000002374872565
v -0.009648506622830235 -0.03849999801395442 -0.013854386034024557
v -0.008556025911455324 -0.03849989120242591 -0.014381703106189914
v 0.01050000049872324 -0.03850000182865187 -0.0050000002374872565
v -0.014500000688713047 -0.03850000182865187 -0.0050000002374872565
v -0.010521800540957417 -0.03849949447389144 -0.013733079608890253
v -0.009648506622830235 -0.03849999801395442 -0.013854386034024557
v -0.009648506622830235 -0.03849999801395442 -0.013854386034024557
v 0.01050000049872324 -0.03850000182865187 -0.0050000002374872565
v -0.014500000688713047 -0.03850000182865187 -0.0050000002374872565
v -0.007642063503847664 -0.03850000182865187 -0.01924080940082784
v -0.01045903923121372 -0.03849992553470293 -0.02026459790160362
v -0.011891056625585874 -0.03849999038455953 -0.03855503646871705
v -0.008556025911455324 -0.03849989120242591 -0.014381703106189914
v -0.006982269618749372 -0.03850000182865187 -0.015746201309427832
v 0.01050000049872324 -0.03850000182865187 -0.0050000002374872565
v -0.011777439676829983 -0.03849946395631187 -0.013980921455684081
v -0.010521800540957417 -0.03849949447389144 -0.013733079608890253
v -0.014500000688713047 -0.03850000182865187 -0.0050000002374872565
v -0.014500000688713047 -0.03850000182865187 -0.0050000002374872565
v -0.012947537083480846 -0.0384987658666791 -0.014823317278166437
v -0.011777439676829983 -0.03849946395631187 -0.013980921455684081
v 0.01050000049872324 -0.03850000182865187 -0.011000000522471964
v -0.006982269618749372 -0.03850000182865187 -0.015746201309427832
v -0.007642063503847664 -0.03850000182865187 -0.01924080940082784
v -0.0075000003562308865 -0.03850000182865187 -0.04700000223238021
v -0.00803489055650253 -0.038490369717598664 -0.044173048210167654
v -0.009693251116532632 -0.0384918803377876 -0.04520804429204217
v -0.0075000003562308865 -0.03850000182865187 -0.04700000223238021
v -0.007391043060406279 -0.03849996749637485 -0.04300288213896275
v -0.00803489055650253 -0.038490369717598664 -0.044173048210167654
v -0.007642063503847664 -0.03850000182865187 -0.01924080940082784
v -0.011891056625585874 -0.03849999038455953 -0.03855503646871705
v -0.010041702747463079 -0.038499776761502506 -0.038746007852299424
v -0.007642063503847664 -0.03850000182865187 -0.01924080940082784
v -0.008714898523371485 -0.03850000182865187 -0.0392571429778954
v 0.01050000049872324 -0.03850000182865187 -0.011000000522471964
v 0.01050000049872324 -0.03850000182865187 -0.011000000522471964
v 0.01050000049872324 -0.03850000182865187 -0.0050000002374872565
v -0.006982269618749372 -0.03850000182865187 -0.015746201309427832
v -0.013473746939712265 -0.03849999801395442 -0.019088091803242113
v -0.014500000688713047 -0.03850000182865187 -0.04700000223238021
v -0.014160789208673145 -0.038500005643349315 -0.041291685158271196
v -0.009693251116532632 -0.0384918803377876 -0.04520804429204217
v -0.011405028884910464 -0.03849825088252378 -0.04514377045476081
v -0.0075000003562308865 -0.03850000182865187 -0.04700000223238021
v -0.010041702747463079 -0.038499776761502506 -0.038746007852299424
v -0.008714898523371485 -0.03850000182865187 -0.0392571429778954
v -0.007642063503847664 -0.03850000182865187 -0.01924080940082784
v -0.01375988358050029 -0.0384997271704357 -0.017079142428036986
v -0.012947537083480846 -0.0384987658666791 -0.014823317278166437
v -0.014500000688713047 -0.03850000182865187 -0.0050000002374872565
v -0.014160789208673145 -0.038500005643349315 -0.041291685158271196
v -0.01045903923121372 -0.03849992553470293 -0.02026459790160362
v -0.013473746939712265 -0.03849999801395442 -0.019088091803242113
v -0.03160197598831794 -0.03850000182865187 0.0
v -0.01805000009438951 -0.03850000182865187 -0.0050000002374872565
v -0.014500000688713047 -0.03850000182865187 -0.0050000002374872565
v -0.028250001341803006 -0.03850000182865187 -0.0050000002374872565
v -0.01805000009438951 -0.03850000182865187 -0.0050000002374872565
v -0.03160197598831794 -0.03850000182865187 0.0
v -0.01375988358050029 -0.0384997271704357 -0.017079142428036986
v -0.014500000688713047 -0.03850000182865187 -0.0050000002374872565
v -0.014500000688713047 -0.03850000182865187 -0.04700000223238021
v -0.014500000688713047 -0.03850000182865187 -0.04700000223238021
v -0.011405028884910464 -0.03849825088252378 -0.04514377045476081
v -0.013294204389680545 -0.03849977294680506 -0.044351629456442776
v -0.014500000688713047 -0.03850000182865187 -0.04700000223238021
v -0.0075000003562308865 -0.03850000182865187 -0.04700000223238021
v -0.011405028884910464 -0.03849825088252378 -0.04514377045476081
v -0.03160197598831794 -0.03850000182865187 0.0
v -0.032271066291094115 -0.03850001327274421 -0.0029949721328388634
v -0.028250001341803006 -0.03850000182865187 -0.0050000002374872565
v 0.01050000049872324 -0.03850000182865187 -0.011000000522471964
v -0.007049439288230043 -0.03850000182865187 -0.04079238322415524
v -0.007391043060406279 -0.03849996749637485 -0.04300288213896275
v 0.01050000049872324 -0.03850000182865187 -0.011000000522471964
v -0.008714898523371485 -0.03850000182865187 -0.0392571429778954
v -0.007049439288230043 -0.03850000182865187 -0.04079238322415524
v -0.014500000688713047 -0.03850000182865187 -0.0050000002374872565
v 0.0319021964920796 -0.03850000182865187 0.0
v -0.03160197598831794 -0.03850000182865187 0.0
v -0.007391043060406279 -0.03849996749637485 -0.04300288213896275
v -0.0075000003562308865 -0.03850000182865187 -0.04700000223238021
v 0.01050000049872324 -0.03850000182865187 -0.011000000522471964
v -0.013294204389680545 -0.03849977294680506 -0.044351629456442776
v -0.014160789208673145 -0.038500005643349315 -0.041291685158271196
v -0.014500000688713047 -0.03850000182865187 -0.04700000223238021
v -0.013473746939712265 -0.03849999801395442 -0.019088091803242113
v -0.01375988358050029 -0.0384997271704357 -0.017079142428036986
v -0.014500000688713047 -0.03850000182865187 -0.04700000223238021
v -0.014160789208673145 -0.038500005643349315 -0.041291685158271196
v -0.011891056625585874 -0.03849999038455953 -0.03855503646871705
v -0.01045903923121372 -0.03849992553470293 -0.02026459790160362
v -0.03491575025460048 -0.03849961272951229 -1.0345526530986492e-05
v -0.038672155309729124 -0.0384999064612157 -0.005000001667998799
v -0.03477720807272711 -0.03849999801395442 -0.0030000003809109443
v -0.038672155309729124 -0.0384999064612157 -0.005000001667998799
v -0.028250001341803006 -0.03850000182865187 -0.0050000002374872565
v -0.032271066291094115 -0.03850001327274421 -0.0029949721328388634
v 0.0319021964920796 -0.03850000182865187 0.0
v -0.014500000688713047 -0.03850000182865187 -0.0050000002374872565
v 0.01050000049872324 -0.03850000182865187 -0.0050000002374872565
v -0.032271066291094115 -0.03850001327274421 -0.0029949721328388634
v -0.03477720807272711 -0.03849999801395442 -0.0030000003809109443
v -0.038672155309729124 -0.0384999064612157 -0.005000001667998799
v -0.03491575025460048 -0.03849961272951229 -1.0345526530986492e-05
v -0.038786523753882036 -0.03849881545774591 4.041486327935283e-09
v -0.038672155309729124 -0.0384999064612157 -0.005000001667998799
v 0.01050000049872324 -0.03850000182865187 -0.0050000002374872565
v 0.0319021964920796 -0.03850000182865187 -0.0050000002374872565
v 0.0319021964920796 -0.03850000182865187 0.0
v -0.007049439288230043 -0.03850000182865187 -0.04079238322415524
v -0.008714898523371485 -0.03850000182865187 -0.0392571429778954
v -0.00816860714610568 -0.0381913470288353 -0.03971172139914492
v -0.011891056625585874 -0.03849999038455953 -0.03855503646871705
v -0.014160789208673145 -0.038500005643349315 -0.041291685158271196
v -0.013384709040280555 -0.03819587888940212 -0.04046521188293184
v -0.014160789208673145 -0.038500005643349315 -0.041291685158271196
v -0.013294204389680545 -0.03849977294680506 -0.044351629456442776
v -0.013672063523228476 -0.038206727888940854 -0.042802240497352706
v -0.011405028884910464 -0.03849825088252378 -0.04514377045476081
v -0.012483745214222911 -0.03820256605402638 -0.04459436246968096
v -0.013294204389680545 -0.03849977294680506 -0.044351629456442776
v -0.012483745214222911 -0.03820256605402638 -0.04459436246968096
v -0.013202177674799257 -0.038197294142154885 -0.04382905405320381
v -0.013294204389680545 -0.03849977294680506 -0.044351629456442776
v -0.013202177674799257 -0.038197294142154885 -0.04382905405320381
v -0.013672063523228476 -0.038206727888940854 -0.042802240497352706
v -0.013294204389680545 -0.03849977294680506 -0.044351629456442776
v -0.013672063523228476 -0.038206727888940854 -0.042802240497352706
v -0.013738016781060795 -0.03820133009205361 -0.04160250670623755
v -0.014160789208673145 -0.038500005643349315 -0.041291685158271196
v -0.013738016781060795 -0.03820133009205361 -0.04160250670623755
v -0.013384709040280555 -0.03819587888940212 -0.04046521188293184
v -0.014160789208673145 -0.038500005643349315 -0.041291685158271196
v -0.013384709040280555 -0.03819587888940212 -0.04046521188293184
v -0.012624175671332453 -0.03820543852120383 -0.039497034041535706
v -0.011891056625585874 -0.03849999038455953 -0.03855503646871705
v -0.012624175671332453 -0.03820543852120383 -0.039497034041535706
v -0.01143570858912646 -0.038167150402930165 -0.03887018769828554
v -0.011891056625585874 -0.03849999038455953 -0.03855503646871705
v -0.01143570858912646 -0.038167150402930165 -0.03887018769828554
v -0.010041702747463079 -0.038499776761502506 -0.038746007852299424
v -0.011891056625585874 -0.03849999038455953 -0.03855503646871705
v -0.00816860714610568 -0.0381913470288353 -0.03971172139914492
v -0.0075546230089718076 -0.03819891538856978 -0.04058985712200647
v -0.007049439288230043 -0.03850000182865187 -0.04079238322415524
v -0.0075546230089718076 -0.03819891538856978 -0.04058985712200647
v -0.007228514060987347 -0.03819398298477105 -0.04180817993377994
v -0.007049439288230043 -0.03850000182865187 -0.04079238322415524
v -0.007228514060987347 -0.03819398298477105 -0.04180817993377994
v -0.007391043060406279 -0.03849996749637485 -0.04300288213896275
v -0.007049439288230043 -0.03850000182865187 -0.04079238322415524
v -0.0124937835905542 -0.030500054854436513 -0.03938615223084918
v -0.010693161518640084 -0.030500140685129067 -0.038694185187484464
v -0.01143570858912646 -0.038167150402930165 -0.03887018769828554
v -0.013423969906403158 -0.030500451582970982 -0.04052078058063957
v -0.0124937835905542 -0.030500054854436513 -0.03938615223084918
v -0.012624175671332453 -0.03820543852120383 -0.039497034041535706
v -0.013777655302230633 -0.030499953764954173 -0.04237538348244918
v -0.013423969906403158 -0.030500451582970982 -0.04052078058063957
v -0.013738016781060795 -0.03820133009205361 -0.04160250670623755
v -0.013260903988318588 -0.030499825972589704 -0.04373835580670837
v -0.013777655302230633 -0.030499953764954173 -0.04237538348244918
v -0.013672063523228476 -0.038206727888940854 -0.042802240497352706
v -0.012505648253288152 -0.03050002433685694 -0.044589651318334145
v -0.013260903988318588 -0.030499825972589704 -0.04373835580670837
v -0.013202177674799257 -0.038197294142154885 -0.04382905405320381
v -0.011260152397926661 -0.030499959487000343 -0.045176614999777875
v -0.012505648253288152 -0.03050002433685694 -0.044589651318334145
v -0.011405028884910464 -0.03849825088252378 -0.04514377045476081
v -0.009553907848195433 -0.03050014831452396 -0.045164476632502115
v -0.011260152397926661 -0.030499959487000343 -0.045176614999777875
v -0.009693251116532632 -0.0384918803377876 -0.04520804429204217
v -0.008456247731362112 -0.030567212602987663 -0.04459409544085968
v -0.009553907848195433 -0.03050014831452396 -0.045164476632502115
v -0.00803489055650253 -0.038490369717598664 -0.044173048210167654
v -0.00908764214764324 -0.030500258940749918 -0.03905507845413769
v -0.008399594705905124 -0.03050004150299545 -0.03951693531811573
v -0.00816860714610568 -0.0381913470288353 -0.03971172139914492
v -0.010693161518640084 -0.030500140685129067 -0.038694185187484464
v -0.00908764214764324 -0.030500258940749918 -0.03905507845413769
v -0.010041702747463079 -0.038499776761502506 -0.038746007852299424
v -0.007228514060987347 -0.03819398298477105 -0.04180817993377994
v -0.007440667505817513 -0.03258288728979152 -0.040868963275400016
v -0.007251028882155621 -0.03280634463683096 -0.04177202804607649
v -0.007391043060406279 -0.03849996749637485 -0.04300288213896275
v -0.007228514060987347 -0.03819398298477105 -0.04180817993377994
v -0.007427871580069358 -0.032626985192276685 -0.043160177373484654
v -0.00803489055650253 -0.038490369717598664 -0.044173048210167654
v -0.007391043060406279 -0.03849996749637485 -0.04300288213896275
v -0.007427871580069358 -0.032626985192276685 -0.043160177373484654
v -0.00816860714610568 -0.0381913470288353 -0.03971172139914492
v -0.008399594705905124 -0.03050004150299545 -0.03951693531811573
v -0.008289293682904876 -0.030942571202359208 -0.03961756703676267
v -0.00816860714610568 -0.0381913470288353 -0.03971172139914492
v -0.008289293682904876 -0.030942571202359208 -0.03961756703676267
v -0.007951292415629975 -0.03180412443541946 -0.03997099494051248
v -0.007951292415629975 -0.03180412443541946 -0.03997099494051248
v -0.0075546230089718076 -0.03819891538856978 -0.04058985712200647
v -0.00816860714610568 -0.0381913470288353 -0.03971172139914492
v -0.007951292415629975 -0.03180412443541946 -0.03997099494051248
v -0.007440667505817513 -0.03258288728979152 -0.040868963275400016
v -0.0075546230089718076 -0.03819891538856978 -0.04058985712200647
v -0.007427871580069358 -0.032626985192276685 -0.043160177373484654
v -0.008456247731362112 -0.030567212602987663 -0.04459409544085968
v -0.00803489055650253 -0.038490369717598664 -0.044173048210167654
v -0.007251028882155621 -0.03280634463683096 -0.04177202804607649
v -0.007427871580069358 -0.032626985192276685 -0.043160177373484654
v -0.007228514060987347 -0.03819398298477105 -0.04180817993377994
v -0.007440667505817513 -0.03258288728979152 -0.040868963275400016
v -0.007228514060987347 -0.03819398298477105 -0.04180817993377994
v -0.0075546230089718076 -0.03819891538856978 -0.04058985712200647
v -0.008714898523371485 -0.03850000182865187 -0.0392571429778954
v -0.010041702747463079 -0.038499776761502506 -0.038746007852299424
v -0.00908764214764324 -0.030500258940749918 -0.03905507845413769
v -0.00816860714610568 -0.0381913470288353 -0.03971172139914492
v -0.008714898523371485 -0.03850000182865187 -0.0392571429778954
v -0.00908764214764324 -0.030500258940749918 -0.03905507845413769
v -0.009693251116532632 -0.0384918803377876 -0.04520804429204217
v -0.00803489055650253 -0.038490369717598664 -0.044173048210167654
v -0.009553907848195433 -0.03050014831452396 -0.045164476632502115
v -0.011405028884910464 -0.03849825088252378 -0.04514377045476081
v -0.009693251116532632 -0.0384918803377876 -0.04520804429204217
v -0.011260152397926661 -0.030499959487000343 -0.045176614999777875
v -0.012483745214222911 -0.03820256605402638 -0.04459436246968096
v -0.011405028884910464 -0.03849825088252378 -0.04514377045476081
v -0.012505648253288152 -0.03050002433685694 -0.044589651318334145
v -0.013202177674799257 -0.038197294142154885 -0.04382905405320381
v -0.012483745214222911 -0.03820256605402638 -0.04459436246968096
v -0.012505648253288152 -0.03050002433685694 -0.044589651318334145
v -0.013672063523228476 -0.038206727888940854 -0.042802240497352706
v -0.013202177674799257 -0.038197294142154885 -0.04382905405320381
v -0.013260903988318588 -0.030499825972589704 -0.04373835580670837
v -0.013738016781060795 -0.03820133009205361 -0.04160250670623755
v -0.013672063523228476 -0.038206727888940854 -0.042802240497352706
v -0.013777655302230633 -0.030499953764954173 -0.04237538348244918
v -0.013384709040280555 -0.03819587888940212 -0.04046521188293184
v -0.013738016781060795 -0.03820133009205361 -0.04160250670623755
v -0.013423969906403158 -0.030500451582970982 -0.04052078058063957
v -0.012624175671332453 -0.03820543852120383 -0.039497034041535706
v -0.013384709040280555 -0.03819587888940212 -0.04046521188293184
v -0.013423969906403158 -0.030500451582970982 -0.04052078058063957
v -0.01143570858912646 -0.038167150402930165 -0.03887018769828554
v -0.012624175671332453 -0.03820543852120383 -0.039497034041535706
v -0.0124937835905542 -0.030500054854436513 -0.03938615223084918
v -0.010041702747463079 -0.038499776761502506 -0.038746007852299424
v -0.01143570858912646 -0.038167150402930165 -0.03887018769828554
v -0.010693161518640084 -0.030500140685129067 -0.038694185187484464
v -0.008725470957345329 -0.030499635237717364 -0.041167356539084654
v -0.008456247731362112 -0.030567212602987663 -0.04459409544085968
v -0.008399594705905124 -0.03050004150299545 -0.03951693531811573
v -0.013423969906403158 -0.030500451582970982 -0.04052078058063957
v -0.013777655302230633 -0.030499953764954173 -0.04237538348244918
v -0.01172872217573673 -0.030475505369017546 -0.040894918476828135
v -0.012023685072742322 -0.03049901725673098 -0.043381940994857704
v -0.01172872217573673 -0.030475505369017546 -0.040894918476828135
v -0.013777655302230633 -0.030499953764954173 -0.04237538348244918
v -0.00908764214764324 -0.030500258940749918 -0.03905507845413769
v -0.010693161518640084 -0.030500140685129067 -0.038694185187484464
v -0.010529139065170725 -0.030477872388783293 -0.040334901818148694
v -0.013777655302230633 -0.030499953764954173 -0.04237538348244918
v -0.013260903988318588 -0.030499825972589704 -0.04373835580670837
v -0.012023685072742322 -0.03049901725673098 -0.043381940994857704
v -0.008725470957345329 -0.030499635237717364 -0.041167356539084654
v -0.009240088901710243 -0.030497384566223744 -0.04359206215962308
v -0.008456247731362112 -0.030567212602987663 -0.04459409544085968
v -0.0124937835905542 -0.030500054854436513 -0.03938615223084918
v -0.013423969906403158 -0.030500451582970982 -0.04052078058063957
v -0.01172872217573673 -0.030475505369017546 -0.040894918476828135
v -0.01172872217573673 -0.030475505369017546 -0.040894918476828135
v -0.010529139065170725 -0.030477872388783293 -0.040334901818148694
v -0.0124937835905542 -0.030500054854436513 -0.03938615223084918
v -0.013260903988318588 -0.030499825972589704 -0.04373835580670837
v -0.012505648253288152 -0.03050002433685694 -0.044589651318334145
v -0.012023685072742322 -0.03049901725673098 -0.043381940994857704
v -0.012505648253288152 -0.03050002433685694 -0.044589651318334145
v -0.011260152397926661 -0.030499959487000343 -0.045176614999777875
v -0.012023685072742322 -0.03049901725673098 -0.043381940994857704
v -0.010529139065170725 -0.030477872388783293 -0.040334901818148694
v -0.008725470957345329 -0.030499635237717364 -0.041167356539084654
v -0.008399594705905124 -0.03050004150299545 -0.03951693531811573
v -0.009553907848195433 -0.03050014831452396 -0.045164476632502115
v -0.008456247731362112 -0.030567212602987663 -0.04459409544085968
v -0.009240088901710243 -0.030497384566223744 -0.04359206215962308
v -0.010529139065170725 -0.030477872388783293 -0.040334901818148694
v -0.010693161518640084 -0.030500140685129067 -0.038694185187484464
v -0.0124937835905542 -0.030500054854436513 -0.03938615223084918
v -0.009240088901710243 -0.030497384566223744 -0.04359206215962308
v -0.012023685072742322 -0.03049901725673098 -0.043381940994857704
v -0.011260152397926661 -0.030499959487000343 -0.045176614999777875
v -0.011260152397926661 -0.030499959487000343 -0.045176614999777875
v -0.009553907848195433 -0.03050014831452396 -0.045164476632502115
v -0.009240088901710243 -0.030497384566223744 -0.04359206215962308
v -0.010529139065170725 -0.030477872388783293 -0.040334901818148694
v -0.008399594705905124 -0.03050004150299545 -0.03951693531811573
v -0.00908764214764324 -0.030500258940749918 -0.03905507845413769
v -0.009240088901710243 -0.030497384566223744 -0.04359206215962308
v -0.008725470957345329 -0.030499635237717364 -0.041167356539084654
v -0.008893104021948097 -0.02998506879176798 -0.042260610680366906
v -0.008725470957345329 -0.030499635237717364 -0.041167356539084654
v -0.010529139065170725 -0.030477872388783293 -0.040334901818148694
v -0.009238868198527263 -0.02998087453192521 -0.04091041759255454
v -0.01172872217573673 -0.030475505369017546 -0.040894918476828135
v -0.012023685072742322 -0.03049901725673098 -0.043381940994857704
v -0.012120833018945957 -0.029969293110476684 -0.041754129485656044
v -0.012023685072742322 -0.03049901725673098 -0.043381940994857704
v -0.009240088901710243 -0.030497384566223744 -0.04359206215962308
v -0.010907998603124082 -0.02997363614351988 -0.043576780481651145
v -0.010907998603124082 -0.02997363614351988 -0.043576780481651145
v -0.01184980258004731 -0.029952733508860067 -0.042922620904681796
v -0.012023685072742322 -0.03049901725673098 -0.043381940994857704
v -0.01184980258004731 -0.029952733508860067 -0.042922620904681796
v -0.012120833018945957 -0.029969293110476684 -0.041754129485656044
v -0.012023685072742322 -0.03049901725673098 -0.043381940994857704
v -0.009238868198527263 -0.02998087453192521 -0.04091041759255454
v -0.008893104021948097 -0.02998506879176798 -0.042260610680366906
v -0.008725470957345329 -0.030499635237717364 -0.041167356539084654
v -0.008893104021948097 -0.02998506879176798 -0.042260610680366906
v -0.00949131152411631 -0.030055200096978922 -0.043319128186698475
v -0.009240088901710243 -0.030497384566223744 -0.04359206215962308
v -0.00949131152411631 -0.030055200096978922 -0.043319128186698475
v -0.010907998603124082 -0.02997363614351988 -0.043576780481651145
v -0.009240088901710243 -0.030497384566223744 -0.04359206215962308
v -0.011622203425254997 -0.0253280384649801 -0.040796514541490136
v -0.010339724078146652 -0.025312476406745825 -0.04034821892693552
v -0.010529139065170725 -0.030477872388783293 -0.040334901818148694
v -0.01207699070118973 -0.02500000881683117 -0.04166609771267593
v -0.011622203425254997 -0.0253280384649801 -0.040796514541490136
v -0.012120833018945957 -0.029969293110476684 -0.041754129485656044
v -0.01208831081586315 -0.025003701443959685 -0.042283067804236296
v -0.01207699070118973 -0.02500000881683117 -0.04166609771267593
v -0.012120833018945957 -0.029969293110476684 -0.041754129485656044
v -0.011500211308254628 -0.02500268482709011 -0.04335859123178576
v -0.01208831081586315 -0.025003701443959685 -0.042283067804236296
v -0.01184980258004731 -0.029952733508860067 -0.042922620904681796
v -0.009764816747983575 -0.025000811810643724 -0.043495641866957424
v -0.011500211308254628 -0.02500268482709011 -0.04335859123178576
v -0.010907998603124082 -0.02997363614351988 -0.043576780481651145
v -0.008941914983128798 -0.025285077342334088 -0.04248996173496167
v -0.009764816747983575 -0.025000811810643724 -0.043495641866957424
v -0.00949131152411631 -0.030055200096978922 -0.043319128186698475
v -0.009040083360899455 -0.02530404211069092 -0.0412257786304826
v -0.008941914983128798 -0.025285077342334088 -0.04248996173496167
v -0.008893104021948097 -0.02998506879176798 -0.042260610680366906
v -0.010339724078146652 -0.025312476406745825 -0.04034821892693552
v -0.009040083360899455 -0.02530404211069092 -0.0412257786304826
v -0.009238868198527263 -0.02998087453192521 -0.04091041759255454
v -0.009238868198527263 -0.02998087453192521 -0.04091041759255454
v -0.010529139065170725 -0.030477872388783293 -0.040334901818148694
v -0.010339724078146652 -0.025312476406745825 -0.04034821892693552
v -0.008893104021948097 -0.02998506879176798 -0.042260610680366906
v -0.009238868198527263 -0.02998087453192521 -0.04091041759255454
v -0.009040083360899455 -0.02530404211069092 -0.0412257786304826
v -0.00949131152411631 -0.030055200096978922 -0.043319128186698475
v -0.008893104021948097 -0.02998506879176798 -0.042260610680366906
v -0.008941914983128798 -0.025285077342334088 -0.04248996173496167
v -0.010907998603124082 -0.02997363614351988 -0.043576780481651145
v -0.00949131152411631 -0.030055200096978922 -0.043319128186698475
v -0.009764816747983575 -0.025000811810643724 -0.043495641866957424
v -0.01184980258004731 -0.029952733508860067 -0.042922620904681796
v -0.010907998603124082 -0.02997363614351988 -0.043576780481651145
v -0.011500211308254628 -0.02500268482709011 -0.04335859123178576
v -0.012120833018945957 -0.029969293110476684 -0.041754129485656044
v -0.01184980258004731 -0.029952733508860067 -0.042922620904681796
v -0.01208831081586315 -0.025003701443959685 -0.042283067804236296
v -0.01172872217573673 -0.030475505369017546 -0.040894918476828135
v -0.012120833018945957 -0.029969293110476684 -0.041754129485656044
v -0.011622203425254997 -0.0253280384649801 -0.040796514541490136
v -0.010529139065170725 -0.030477872388783293 -0.040334901818148694
v -0.01172872217573673 -0.030475505369017546 -0.040894918476828135
v -0.011622203425254997 -0.0253280384649801 -0.040796514541490136
v -0.009162435966808548 -0.025000003094785 -0.04047715570063781
v -0.008583878924863233 -0.025000001187436276 -0.04207145509276922
v -0.009040083360899455 -0.02530404211069092 -0.0412257786304826
v -0.008583878924863233 -0.025000001187436276 -0.04207145509276922
v -0.009764816747983575 -0.025000811810643724 -0.043495641866957424
v -0.008941914983128798 -0.025285077342334088 -0.04248996173496167
v -0.01207699070118973 -0.02500000881683117 -0.04166609771267593
v -0.011524183820684765 -0.025000001187436276 -0.040342561730621895
v -0.011622203425254997 -0.0253280384649801 -0.040796514541490136
v -0.011524183820684765 -0.025000001187436276 -0.040342561730621895
v -0.009162435966808548 -0.025000003094785 -0.04047715570063781
v -0.010339724078146652 -0.025312476406745825 -0.04034821892693552
v -0.010339724078146652 -0.025312476406745825 -0.04034821892693552
v -0.011622203425254997 -0.0253280384649801 -0.040796514541490136
v -0.011524183820684765 -0.025000001187436276 -0.040342561730621895
v -0.008941914983128798 -0.025285077342334088 -0.04248996173496167
v -0.009040083360899455 -0.02530404211069092 -0.0412257786304826
v -0.008583878924863233 -0.025000001187436276 -0.04207145509276922
v -0.009040083360899455 -0.02530404211069092 -0.0412257786304826
v -0.010339724078146652 -0.025312476406745825 -0.04034821892693552
v -0.009162435966808548 -0.025000003094785 -0.04047715570063781
v -0.008871388856732111 -0.02500013279449819 -0.0169215877940887
v -0.009147845702748849 -0.025000273938303723 -0.016093565751585936
v -0.008500000403728338 -0.025000001187436276 -0.0050000002374872565
v -0.008500000403728338 -0.025000001187436276 -0.0050000002374872565
v -0.009162435966808548 -0.025000003094785 -0.04047715570063781
v -0.008871388856732111 -0.02500013279449819 -0.0169215877940887
v -0.008500000403728338 -0.025000001187436276 -0.0050000002374872565
v -0.008583878924863233 -0.025000001187436276 -0.04207145509276922
v -0.009162435966808548 -0.025000003094785 -0.04047715570063781
v -0.008500000403728338 -0.025000001187436276 -0.04700000223238021
v -0.009764816747983575 -0.025000811810643724 -0.043495641866957424
v -0.008583878924863233 -0.025000001187436276 -0.04207145509276922
v -0.008500000403728338 -0.025000001187436276 -0.0050000002374872565
v -0.008500000403728338 -0.025000001187436276 -0.04700000223238021
v -0.008583878924863233 -0.025000001187436276 -0.04207145509276922
v -0.014500000688713047 -0.025000001187436276 -0.0050000002374872565
v -0.011524183820684765 -0.025000001187436276 -0.040342561730621895
v -0.01207699070118973 -0.02500000881683117 -0.04166609771267593
v -0.01208831081586315 -0.025003701443959685 -0.042283067804236296
v -0.011500211308254628 -0.02500268482709011 -0.04335859123178576
v -0.014500000688713047 -0.025000001187436276 -0.04700000223238021
v -0.014500000688713047 -0.025000001187436276 -0.04700000223238021
v -0.01207699070118973 -0.02500000881683117 -0.04166609771267593
v -0.01208831081586315 -0.025003701443959685 -0.042283067804236296
v -0.01207699070118973 -0.02500000881683117 -0.04166609771267593
v -0.014500000688713047 -0.025000001187436276 -0.04700000223238021
v -0.014500000688713047 -0.025000001187436276 -0.0050000002374872565
v -0.009764816747983575 -0.025000811810643724 -0.043495641866957424
v -0.008500000403728338 -0.025000001187436276 -0.04700000223238021
v -0.014500000688713047 -0.025000001187436276 -0.04700000223238021
v -0.009162435966808548 -0.025000003094785 -0.04047715570063781
v -0.012144774060122158 -0.025000005002133723 -0.01815402880111283
v -0.009680674059050489 -0.025000022168272233 -0.018881298961999082
v -0.011739633164108977 -0.025000611539027766 -0.015899777213939092
v -0.012144774060122158 -0.025000005002133723 -0.01815402880111283
v -0.014500000688713047 -0.025000001187436276 -0.0050000002374872565
v -0.009680674059050489 -0.025000022168272233 -0.018881298961999082
v -0.008871388856732111 -0.02500013279449819 -0.0169215877940887
v -0.009162435966808548 -0.025000003094785 -0.04047715570063781
v -0.011500211308254628 -0.02500268482709011 -0.04335859123178576
v -0.009764816747983575 -0.025000811810643724 -0.043495641866957424
v -0.014500000688713047 -0.025000001187436276 -0.04700000223238021
v -0.012144774060122158 -0.025000005002133723 -0.01815402880111283
v -0.011524183820684765 -0.025000001187436276 -0.040342561730621895
v -0.014500000688713047 -0.025000001187436276 -0.0050000002374872565
v -0.010801695383048095 -0.025000052685851808 -0.015395111815212914
v -0.011739633164108977 -0.025000611539027766 -0.015899777213939092
v -0.014500000688713047 -0.025000001187436276 -0.0050000002374872565
v -0.010801695383048095 -0.025000052685851808 -0.015395111815212914
v -0.014500000688713047 -0.025000001187436276 -0.0050000002374872565
v -0.008500000403728338 -0.025000001187436276 -0.0050000002374872565
v -0.008500000403728338 -0.025000001187436276 -0.0050000002374872565
v -0.009147845702748849 -0.025000273938303723 -0.016093565751585936
v -0.010801695383048095 -0.025000052685851808 -0.015395111815212914
v -0.012144774060122158 -0.025000005002133723 -0.01815402880111283
v -0.009162435966808548 -0.025000003094785 -0.04047715570063781
v -0.011524183820684765 -0.025000001187436276 -0.040342561730621895
v -0.01045903923121372 -0.03849992553470293 -0.02026459790160362
v -0.007642063503847664 -0.03850000182865187 -0.01924080940082784
v -0.009201838930411045 -0.03821155348121107 -0.020015782353286493
v -0.007642063503847664 -0.03850000182865187 -0.01924080940082784
v -0.006982269618749372 -0.03850000182865187 -0.015746201309427832
v -0.007200832708964546 -0.0382079295186366 -0.01709408269058743
v -0.006982269618749372 -0.03850000182865187 -0.015746201309427832
v -0.008556025911455324 -0.03849989120242591 -0.014381703106189914
v -0.007625019435655302 -0.03817241087070932 -0.0153725183159098
v -0.012947537083480846 -0.0384987658666791 -0.014823317278166437
v -0.01375988358050029 -0.0384997271704357 -0.017079142428036986
v -0.013599102666186361 -0.03818586530860423 -0.015926512520995084
v -0.01375988358050029 -0.0384997271704357 -0.017079142428036986
v -0.013473746939712265 -0.03849999801395442 -0.019088091803242113
v -0.01354450767000193 -0.03820547285348085 -0.01820777025874354
v -0.013473746939712265 -0.03849999801395442 -0.019088091803242113
v -0.01045903923121372 -0.03849992553470293 -0.02026459790160362
v -0.011325722278665575 -0.03819946851969957 -0.02015600300203646
v -0.011325722278665575 -0.03819946851969957 -0.02015600300203646
v -0.012722050317399706 -0.038212354567674904 -0.019427403419089995
v -0.013473746939712265 -0.03849999801395442 -0.019088091803242113
v -0.012722050317399706 -0.038212354567674904 -0.019427403419089995
v -0.01354450767000193 -0.03820547285348085 -0.01820777025874354
v -0.013473746939712265 -0.03849999801395442 -0.019088091803242113
v -0.009648506622830235 -0.03849999801395442 -0.013854386034024557
v -0.0089705824344416 -0.0382018260027217 -0.014120942786492452
v -0.008556025911455324 -0.03849989120242591 -0.014381703106189914
v -0.007625019435655302 -0.03817241087070932 -0.0153725183159098
v -0.007200832708964546 -0.0382079295186366 -0.01709408269058743
v -0.006982269618749372 -0.03850000182865187 -0.015746201309427832
v -0.007200832708964546 -0.0382079295186366 -0.01709408269058743
v -0.007658526307516568 -0.03820153608571574 -0.01863045399464025
v -0.007642063503847664 -0.03850000182865187 -0.01924080940082784
v -0.007658526307516568 -0.03820153608571574 -0.01863045399464025
v -0.008282846844219762 -0.03820005216840893 -0.019379057850997805
v -0.007642063503847664 -0.03850000182865187 -0.01924080940082784
v -0.008282846844219762 -0.03820005216840893 -0.019379057850997805
v -0.009201838930411045 -0.03821155348121107 -0.020015782353286493
v -0.007642063503847664 -0.03850000182865187 -0.01924080940082784
v -0.004249956809680711 -0.03445172664247264 -0.004999999760650076
v -0.0035764817506080135 -0.03450000163866206 -0.0050000002374872565
v -0.004185380180789512 -0.034465402332819466 -0.04037075997414874
v -0.004984185932384312 -0.03427656717980731 -0.004999999760650076
v -0.004249956809680711 -0.03445172664247264 -0.004999999760650076
v -0.004185380180789512 -0.034465402332819466 -0.04037075997414874
v -0.005734025750714634 -0.03398444527872523 -0.004999998330138533
v -0.004984185932384312 -0.03427656717980731 -0.004999999760650076
v -0.005025496244710216 -0.034263536173328994 -0.04205099305566451
v -0.006606373147037827 -0.03342786947714282 -0.004999997376464171
v -0.005734025750714634 -0.03398444527872523 -0.004999998330138533
v -0.005858518401891389 -0.03392395943600856 -0.04371703546267813
v -0.007154811245291827 -0.03291118015206428 -0.004999999283812895
v -0.006606373147037827 -0.03342786947714282 -0.004999997376464171
v -0.006780664289196827 -0.03328202596435625 -0.04556133105198645
v -0.008456247731362112 -0.030567212602987663 -0.04459409544085968
v -0.007427871580069358 -0.032626985192276685 -0.043160177373484654
v -0.007593056562585633 -0.032487775438350124 -0.04700027689059638
v -0.007251028882155621 -0.03280634463683096 -0.04177202804607649
v -0.007463163253498552 -0.03255541383877957 -0.018189467340393728
v -0.0072451852425042835 -0.03281266177580288 -0.017143946508263452
v -0.007251028882155621 -0.03280634463683096 -0.04177202804607649
v -0.007440667505817513 -0.03258288728979152 -0.040868963275400016
v -0.007463163253498552 -0.03255541383877957 -0.018189467340393728
v -0.007282089579279118 -0.03277143634049517 -0.01649965555358901
v -0.007906087297210875 -0.03193966445040219 -0.0050001642694774695
v -0.007154811245291827 -0.03291118015206428 -0.004999999283812895
v -0.0072451852425042835 -0.03281266177580288 -0.017143946508263452
v -0.007282089579279118 -0.03277143634049517 -0.01649965555358901
v -0.007154811245291827 -0.03291118015206428 -0.004999999283812895
v -0.0072451852425042835 -0.03281266177580288 -0.017143946508263452
v -0.007154811245291827 -0.03291118015206428 -0.004999999283812895
v -0.00715869842199013 -0.03290830768488683 -0.046317385012457635
v -0.00715869842199013 -0.03290830768488683 -0.046317385012457635
v -0.007427871580069358 -0.032626985192276685 -0.043160177373484654
v -0.007251028882155621 -0.03280634463683096 -0.04177202804607649
v -0.007251028882155621 -0.03280634463683096 -0.04177202804607649
v -0.0072451852425042835 -0.03281266177580288 -0.017143946508263452
v -0.00715869842199013 -0.03290830768488683 -0.046317385012457635
v -0.00715869842199013 -0.03290830768488683 -0.046317385012457635
v -0.007593056562585633 -0.032487775438350124 -0.04700027689059638
v -0.007427871580069358 -0.032626985192276685 -0.043160177373484654
v -0.007906087297210875 -0.03193966445040219 -0.0050001642694774695
v -0.007282089579279118 -0.03277143634049517 -0.01649965555358901
v -0.007696615584685819 -0.03224522553058939 -0.015307990801248228
v -0.007906087297210875 -0.03193966445040219 -0.0050001642694774695
v -0.007696615584685819 -0.03224522553058939 -0.015307990801248228
v -0.008231533441513951 -0.031141770888334357 -0.01466772816707762
v -0.008231533441513951 -0.031141770888334357 -0.01466772816707762
v -0.008447281285013377 -0.030266747958589406 -0.00499087595803166
v -0.007906087297210875 -0.03193966445040219 -0.0050001642694774695
v -0.007593056562585633 -0.032487775438350124 -0.04700027689059638
v -0.008499943183266636 -0.02985524319356058 -0.04700000223238021
v -0.008456247731362112 -0.030567212602987663 -0.04459409544085968
v -0.008499943183266636 -0.02985524319356058 -0.04700000223238021
v -0.008447281285013377 -0.030266747958589406 -0.00499087595803166
v -0.008399205606765549 -0.03050003578094928 -0.019479701013737083
v -0.008399205606765549 -0.03050003578094928 -0.019479701013737083
v -0.008399594705905124 -0.03050004150299545 -0.03951693531811573
v -0.008499943183266636 -0.02985524319356058 -0.04700000223238021
v -0.008399594705905124 -0.03050004150299545 -0.03951693531811573
v -0.008456247731362112 -0.030567212602987663 -0.04459409544085968
v -0.008499943183266636 -0.02985524319356058 -0.04700000223238021
v -0.008447281285013377 -0.030266747958589406 -0.00499087595803166
v -0.008231533441513951 -0.031141770888334357 -0.01466772816707762
v -0.008400906961826828 -0.030499568480512045 -0.014504843447121774
v -0.008400906961826828 -0.030499568480512045 -0.014504843447121774
v -0.008399205606765549 -0.03050003578094928 -0.019479701013737083
v -0.008447281285013377 -0.030266747958589406 -0.00499087595803166
v -0.008399205606765549 -0.03050003578094928 -0.019479701013737083
v -0.008308832563227455 -0.030879172838141893 -0.019401577917375068
v -0.008399594705905124 -0.03050004150299545 -0.03951693531811573
v -0.008308832563227455 -0.030879172838141893 -0.019401577917375068
v -0.008289293682904876 -0.030942571202359208 -0.03961756703676267
v -0.008399594705905124 -0.03050004150299545 -0.03951693531811573
v -0.008308832563227455 -0.030879172838141893 -0.019401577917375068
v -0.007998657129641153 -0.031709188060060615 -0.019089877081647222
v -0.008289293682904876 -0.030942571202359208 -0.03961756703676267
v -0.007951292415629975 -0.03180412443541946 -0.03997099494051248
v -0.008289293682904876 -0.030942571202359208 -0.03961756703676267
v -0.007998657129641153 -0.031709188060060615 -0.019089877081647222
v -0.007440667505817513 -0.03258288728979152 -0.040868963275400016
v -0.007951292415629975 -0.03180412443541946 -0.03997099494051248
v -0.007463163253498552 -0.03255541383877957 -0.018189467340393728
v -0.007998657129641153 -0.031709188060060615 -0.019089877081647222
v -0.007463163253498552 -0.03255541383877957 -0.018189467340393728
v -0.007951292415629975 -0.03180412443541946 -0.03997099494051248
v -0.006780664289196827 -0.03328202596435625 -0.04556133105198645
v -0.00715869842199013 -0.03290830768488683 -0.046317385012457635
v -0.007154811245291827 -0.03291118015206428 -0.004999999283812895
v -0.005858518401891389 -0.03392395943600856 -0.04371703546267813
v -0.006780664289196827 -0.03328202596435625 -0.04556133105198645
v -0.006606373147037827 -0.03342786947714282 -0.004999997376464171
v -0.005025496244710216 -0.034263536173328994 -0.04205099305566451
v -0.005858518401891389 -0.03392395943600856 -0.04371703546267813
v -0.005734025750714634 -0.03398444527872523 -0.004999998330138533
v -0.004185380180789512 -0.034465402332819466 -0.04037075997414874
v -0.005025496244710216 -0.034263536173328994 -0.04205099305566451
v -0.004984185932384312 -0.03427656717980731 -0.004999999760650076
v -0.0035000001662410804 -0.03450000163866206 -0.0390000018524006
v -0.004185380180789512 -0.034465402332819466 -0.04037075997414874
v -0.0035764817506080135 -0.03450000163866206 -0.0050000002374872565
v -0.008500013755169402 -0.029494653195354374 -0.004999999760650076
v -0.008447281285013377 -0.030266747958589406 -0.00499087595803166
v -0.008499943183266636 -0.02985524319356058 -0.04700000223238021
v -0.012072381592999618 -0.030500020522159492 -0.0141224705728199
v -0.010621111420613396 -0.030499894637143747 -0.01372310131404375
v -0.011777439676829983 -0.03849946395631187 -0.013980921455684081
v -0.013116352704292126 -0.030499869841610343 -0.015034941433725857
v -0.012072381592999618 -0.030500020522159492 -0.0141224705728199
v -0.012947537083480846 -0.0384987658666791 -0.014823317278166437
v -0.013626856497460652 -0.03049999191192864 -0.0160674541475625
v -0.013116352704292126 -0.030499869841610343 -0.015034941433725857
v -0.013599102666186361 -0.03818586530860423 -0.015926512520995084
v -0.013759158787985396 -0.030499858397518002 -0.016930245249944242
v -0.013626856497460652 -0.03049999191192864 -0.0160674541475625
v -0.013599102666186361 -0.03818586530860423 -0.015926512520995084
v -0.013609278371625736 -0.030499589461348002 -0.018020352265832873
v -0.013759158787985396 -0.030499858397518002 -0.016930245249944242
v -0.01375988358050029 -0.0384997271704357 -0.017079142428036986
v -0.012764689098111463 -0.030500045317692896 -0.019410433737497845
v -0.013609278371625736 -0.030499589461348002 -0.018020352265832873
v -0.01354450767000193 -0.03820547285348085 -0.01820777025874354
v -0.010937383217556886 -0.030499944228210556 -0.020252568253205094
v -0.012764689098111463 -0.030500045317692896 -0.019410433737497845
v -0.011325722278665575 -0.03819946851969957 -0.02015600300203646
v -0.009605738142405286 -0.030500054854436513 -0.020139090540906013
v -0.010937383217556886 -0.030499944228210556 -0.020252568253205094
v -0.01045903923121372 -0.03849992553470293 -0.02026459790160362
v -0.00875274318306696 -0.03050000335602098 -0.019747147544384447
v -0.009605738142405286 -0.030500054854436513 -0.020139090540906013
v -0.009201838930411045 -0.03821155348121107 -0.020015782353286493
v -0.009343252625787503 -0.030500056761785237 -0.01394190282284935
v -0.008400906961826828 -0.030499568480512045 -0.014504843447121774
v -0.0089705824344416 -0.0382018260027217 -0.014120942786492452
v -0.010621111420613396 -0.030499894637143747 -0.01372310131404375
v -0.009343252625787503 -0.030500056761785237 -0.01394190282284935
v -0.009648506622830235 -0.03849999801395442 -0.013854386034024557
v -0.007625019435655302 -0.03817241087070932 -0.0153725183159098
v -0.007696615584685819 -0.03224522553058939 -0.015307990801248228
v -0.007282089579279118 -0.03277143634049517 -0.01649965555358901
v -0.007200832708964546 -0.0382079295186366 -0.01709408269058743
v -0.007282089579279118 -0.03277143634049517 -0.01649965555358901
v -0.0072451852425042835 -0.03281266177580288 -0.017143946508263452
v -0.0072451852425042835 -0.03281266177580288 -0.017143946508263452
v -0.007463163253498552 -0.03255541383877957 -0.018189467340393728
v -0.007200832708964546 -0.0382079295186366 -0.01709408269058743
v -0.007658526307516568 -0.03820153608571574 -0.01863045399464025
v -0.007200832708964546 -0.0382079295186366 -0.01709408269058743
v -0.007463163253498552 -0.03255541383877957 -0.018189467340393728
v -0.008282846844219762 -0.03820005216840893 -0.019379057850997805
v -0.007658526307516568 -0.03820153608571574 -0.01863045399464025
v -0.007998657129641153 -0.031709188060060615 -0.019089877081647222
v -0.00875274318306696 -0.03050000335602098 -0.019747147544384447
v -0.008282846844219762 -0.03820005216840893 -0.019379057850997805
v -0.008399205606765549 -0.03050003578094928 -0.019479701013737083
v -0.008308832563227455 -0.030879172838141893 -0.019401577917375068
v -0.008399205606765549 -0.03050003578094928 -0.019479701013737083
v -0.008282846844219762 -0.03820005216840893 -0.019379057850997805
v -0.008231533441513951 -0.031141770888334357 -0.01466772816707762
v -0.008556025911455324 -0.03849989120242591 -0.014381703106189914
v -0.008400906961826828 -0.030499568480512045 -0.014504843447121774
v -0.007625019435655302 -0.03817241087070932 -0.0153725183159098
v -0.008231533441513951 -0.031141770888334357 -0.01466772816707762
v -0.007696615584685819 -0.03224522553058939 -0.015307990801248228
v -0.008231533441513951 -0.031141770888334357 -0.01466772816707762
v -0.007625019435655302 -0.03817241087070932 -0.0153725183159098
v -0.008556025911455324 -0.03849989120242591 -0.014381703106189914
v -0.007998657129641153 -0.031709188060060615 -0.019089877081647222
v -0.008308832563227455 -0.030879172838141893 -0.019401577917375068
v -0.008282846844219762 -0.03820005216840893 -0.019379057850997805
v -0.007463163253498552 -0.03255541383877957 -0.018189467340393728
v -0.007998657129641153 -0.031709188060060615 -0.019089877081647222
v -0.007658526307516568 -0.03820153608571574 -0.01863045399464025
v -0.007282089579279118 -0.03277143634049517 -0.01649965555358901
v -0.007200832708964546 -0.0382079295186366 -0.01709408269058743
v -0.007625019435655302 -0.03817241087070932 -0.0153725183159098
v -0.009648506622830235 -0.03849999801395442 -0.013854386034024557
v -0.010521800540957417 -0.03849949447389144 -0.013733079608890253
v -0.010621111420613396 -0.030499894637143747 -0.01372310131404375
v -0.0089705824344416 -0.0382018260027217 -0.014120942786492452
v -0.009648506622830235 -0.03849999801395442 -0.013854386034024557
v -0.009343252625787503 -0.030500056761785237 -0.01394190282284935
v -0.008556025911455324 -0.03849989120242591 -0.014381703106189914
v -0.0089705824344416 -0.0382018260027217 -0.014120942786492452
v -0.008400906961826828 -0.030499568480512045 -0.014504843447121774
v -0.009201838930411045 -0.03821155348121107 -0.020015782353286493
v -0.008282846844219762 -0.03820005216840893 -0.019379057850997805
v -0.00875274318306696 -0.03050000335602098 -0.019747147544384447
v -0.01045903923121372 -0.03849992553470293 -0.02026459790160362
v -0.009201838930411045 -0.03821155348121107 -0.020015782353286493
v -0.009605738142405286 -0.030500054854436513 -0.020139090540906013
v -0.011325722278665575 -0.03819946851969957 -0.02015600300203646
v -0.01045903923121372 -0.03849992553470293 -0.02026459790160362
v -0.010937383217556886 -0.030499944228210556 -0.020252568253205094
v -0.012722050317399706 -0.038212354567674904 -0.019427403419089995
v -0.011325722278665575 -0.03819946851969957 -0.02015600300203646
v -0.012764689098111463 -0.030500045317692896 -0.019410433737497845
v -0.01354450767000193 -0.03820547285348085 -0.01820777025874354
v -0.012722050317399706 -0.038212354567674904 -0.019427403419089995
v -0.012764689098111463 -0.030500045317692896 -0.019410433737497845
v -0.01375988358050029 -0.0384997271704357 -0.017079142428036986
v -0.01354450767000193 -0.03820547285348085 -0.01820777025874354
v -0.013609278371625736 -0.030499589461348002 -0.018020352265832873
v -0.013599102666186361 -0.03818586530860423 -0.015926512520995084
v -0.01375988358050029 -0.0384997271704357 -0.017079142428036986
v -0.013759158787985396 -0.030499858397518002 -0.016930245249944242
v -0.012947537083480846 -0.0384987658666791 -0.014823317278166437
v -0.013599102666186361 -0.03818586530860423 -0.015926512520995084
v -0.013116352704292126 -0.030499869841610343 -0.015034941433725857
v -0.011777439676829983 -0.03849946395631187 -0.013980921455684081
v -0.012947537083480846 -0.0384987658666791 -0.014823317278166437
v -0.012072381592999618 -0.030500020522159492 -0.0141224705728199
v -0.010521800540957417 -0.03849949447389144 -0.013733079608890253
v -0.011777439676829983 -0.03849946395631187 -0.013980921455684081
v -0.010621111420613396 -0.030499894637143747 -0.01372310131404375
v -0.013116352704292126 -0.030499869841610343 -0.015034941433725857
v -0.013626856497460652 -0.03049999191192864 -0.0160674541475625
v -0.011242866096446426 -0.030497859496055872 -0.015048529386031406
v -0.008399205606765549 -0.03050003578094928 -0.019479701013737083
v -0.008400906961826828 -0.030499568480512045 -0.014504843447121774
v -0.008870787088209877 -0.030461699978957528 -0.01706559453005463
v -0.010621111420613396 -0.030499894637143747 -0.01372310131404375
v -0.012072381592999618 -0.030500020522159492 -0.0141224705728199
v -0.011242866096446426 -0.030497859496055872 -0.015048529386031406
v -0.012072381592999618 -0.030500020522159492 -0.0141224705728199
v -0.013116352704292126 -0.030499869841610343 -0.015034941433725857
v -0.011242866096446426 -0.030497859496055872 -0.015048529386031406
v -0.013759158787985396 -0.030499858397518002 -0.016930245249944242
v -0.013609278371625736 -0.030499589461348002 -0.018020352265832873
v -0.012113005259785096 -0.030478154676394358 -0.017071299410086338
v -0.013609278371625736 -0.030499589461348002 -0.018020352265832873
v -0.012764689098111463 -0.030500045317692896 -0.019410433737497845
v -0.012113005259785096 -0.030478154676394358 -0.017071299410086338
v -0.009110620931388482 -0.030461736218583273 -0.017885779276652913
v -0.00875274318306696 -0.03050000335602098 -0.019747147544384447
v -0.008399205606765549 -0.03050003578094928 -0.019479701013737083
v -0.008870787088209877 -0.030461699978957528 -0.01706559453005463
v -0.009110620931388482 -0.030461736218583273 -0.017885779276652913
v -0.008399205606765549 -0.03050003578094928 -0.019479701013737083
v -0.008400906961826828 -0.030499568480512045 -0.014504843447121774
v -0.009343252625787503 -0.030500056761785237 -0.01394190282284935
v -0.009780930029998915 -0.030464101331000297 -0.015509962818592848
v -0.009110620931388482 -0.030461736218583273 -0.017885779276652913
v -0.010181481844983577 -0.03047524978428861 -0.018640036514626646
v -0.009605738142405286 -0.030500054854436513 -0.020139090540906013
v -0.012113005259785096 -0.030478154676394358 -0.017071299410086338
v -0.011242866096446426 -0.030497859496055872 -0.015048529386031406
v -0.013626856497460652 -0.03049999191192864 -0.0160674541475625
v -0.012764689098111463 -0.030500045317692896 -0.019410433737497845
v -0.010937383217556886 -0.030499944228210556 -0.020252568253205094
v -0.011751053414590375 -0.030464061276677105 -0.018122984793290664
v -0.008400906961826828 -0.030499568480512045 -0.014504843447121774
v -0.009780930029998915 -0.030464101331000297 -0.015509962818592848
v -0.008870787088209877 -0.030461699978957528 -0.01706559453005463
v -0.011751053414590375 -0.030464061276677105 -0.018122984793290664
v -0.012113005259785096 -0.030478154676394358 -0.017071299410086338
v -0.012764689098111463 -0.030500045317692896 -0.019410433737497845
v -0.010937383217556886 -0.030499944228210556 -0.020252568253205094
v -0.009605738142405286 -0.030500054854436513 -0.020139090540906013
v -0.010181481844983577 -0.03047524978428861 -0.018640036514626646
v -0.011242866096446426 -0.030497859496055872 -0.015048529386031406
v -0.009780930029998915 -0.030464101331000297 -0.015509962818592848
v -0.009343252625787503 -0.030500056761785237 -0.01394190282284935
v -0.013626856497460652 -0.03049999191192864 -0.0160674541475625
v -0.013759158787985396 -0.030499858397518002 -0.016930245249944242
v -0.012113005259785096 -0.030478154676394358 -0.017071299410086338
v -0.011242866096446426 -0.030497859496055872 -0.015048529386031406
v -0.009343252625787503 -0.030500056761785237 -0.01394190282284935
v -0.010621111420613396 -0.030499894637143747 -0.01372310131404375
v -0.009110620931388482 -0.030461736218583273 -0.017885779276652913
v -0.009605738142405286 -0.030500054854436513 -0.020139090540906013
v -0.00875274318306696 -0.03050000335602098 -0.019747147544384447
v -0.010181481844983577 -0.03047524978428861 -0.018640036514626646
v -0.011751053414590375 -0.030464061276677105 -0.018122984793290664
v -0.010937383217556886 -0.030499944228210556 -0.020252568253205094
v -0.008870787088209877 -0.030461699978957528 -0.01706559453005463
v -0.009780930029998915 -0.030464101331000297 -0.015509962818592848
v -0.009140073256700966 -0.029927459230926205 -0.01610744171354872
v -0.011242866096446426 -0.030497859496055872 -0.015048529386031406
v -0.012113005259785096 -0.030478154676394358 -0.017071299410086338
v -0.01178934630123585 -0.029871123779031665 -0.015952414316658947
v -0.01178934630123585 -0.029871123779031665 -0.015952414316658947
v -0.010841705837218997 -0.029979896062030102 -0.015414355056483364
v -0.011242866096446426 -0.030497859496055872 -0.015048529386031406
v -0.010841705837218997 -0.029979896062030102 -0.015414355056483364
v -0.009780930029998915 -0.030464101331000297 -0.015509962818592848
v -0.011242866096446426 -0.030497859496055872 -0.015048529386031406
v -0.010801695383048095 -0.025000052685851808 -0.015395111815212914
v -0.009869216434033603 -0.02527143407691556 -0.015454502839762352
v -0.010841705837218997 -0.029979896062030102 -0.015414355056483364
v -0.011739633164108977 -0.025000611539027766 -0.015899777213939092
v -0.010801695383048095 -0.025000052685851808 -0.015395111815212914
v -0.010841705837218997 -0.029979896062030102 -0.015414355056483364
v -0.012103790858102318 -0.025300101528228362 -0.016840931738622
v -0.011739633164108977 -0.025000611539027766 -0.015899777213939092
v -0.01178934630123585 -0.029871123779031665 -0.015952414316658947
v -0.011946484179488072 -0.025295903453688144 -0.01778754128065385
v -0.012103790858102318 -0.025300101528228362 -0.016840931738622
v -0.012113005259785096 -0.030478154676394358 -0.017071299410086338
v -0.01065378907261716 -0.025331042539219466 -0.018677727632749885
v -0.011946484179488072 -0.025295903453688144 -0.01778754128065385
v -0.011751053414590375 -0.030464061276677105 -0.018122984793290664
v -0.009202465494466685 -0.025292443523103884 -0.018009255310960093
v -0.01065378907261716 -0.025331042539219466 -0.018677727632749885
v -0.010181481844983577 -0.03047524978428861 -0.018640036514626646
v -0.008871388856732111 -0.02500013279449819 -0.0169215877940887
v -0.009202465494466685 -0.025292443523103884 -0.018009255310960093
v -0.009110620931388482 -0.030461736218583273 -0.017885779276652913
v -0.009147845702748849 -0.025000273938303723 -0.016093565751585936
v -0.008871388856732111 -0.02500013279449819 -0.0169215877940887
v -0.009140073256700966 -0.029927459230926205 -0.01610744171354872
v -0.009869216434033603 -0.02527143407691556 -0.015454502839762352
v -0.009147845702748849 -0.025000273938303723 -0.016093565751585936
v -0.009140073256700966 -0.029927459230926205 -0.01610744171354872
v -0.009780930029998915 -0.030464101331000297 -0.015509962818592848
v -0.010841705837218997 -0.029979896062030102 -0.015414355056483364
v -0.009869216434033603 -0.02527143407691556 -0.015454502839762352
v -0.009140073256700966 -0.029927459230926205 -0.01610744171354872
v -0.009780930029998915 -0.030464101331000297 -0.015509962818592848
v -0.009869216434033603 -0.02527143407691556 -0.015454502839762352
v -0.008870787088209877 -0.030461699978957528 -0.01706559453005463
v -0.009140073256700966 -0.029927459230926205 -0.01610744171354872
v -0.008871388856732111 -0.02500013279449819 -0.0169215877940887
v -0.009110620931388482 -0.030461736218583273 -0.017885779276652913
v -0.008870787088209877 -0.030461699978957528 -0.01706559453005463
v -0.008871388856732111 -0.02500013279449819 -0.0169215877940887
v -0.010181481844983577 -0.03047524978428861 -0.018640036514626646
v -0.009110620931388482 -0.030461736218583273 -0.017885779276652913
v -0.009202465494466685 -0.025292443523103884 -0.018009255310960093
v -0.011751053414590375 -0.030464061276677105 -0.018122984793290664
v -0.010181481844983577 -0.03047524978428861 -0.018640036514626646
v -0.01065378907261716 -0.025331042539219466 -0.018677727632749885
v -0.012113005259785096 -0.030478154676394358 -0.017071299410086338
v -0.011751053414590375 -0.030464061276677105 -0.018122984793290664
v -0.011946484179488072 -0.025295903453688144 -0.01778754128065385
v -0.01178934630123585 -0.029871123779031665 -0.015952414316658947
v -0.012113005259785096 -0.030478154676394358 -0.017071299410086338
v -0.012103790858102318 -0.025300101528228362 -0.016840931738622
v -0.010841705837218997 -0.029979896062030102 -0.015414355056483364
v -0.01178934630123585 -0.029871123779031665 -0.015952414316658947
v -0.011739633164108977 -0.025000611539027766 -0.015899777213939092
v -0.010801695383048095 -0.025000052685851808 -0.015395111815212914
v -0.009147845702748849 -0.025000273938303723 -0.016093565751585936
v -0.009869216434033603 -0.02527143407691556 -0.015454502839762352
v -0.009680674059050489 -0.025000022168272233 -0.018881298961999082
v -0.012144774060122158 -0.025000005002133723 -0.01815402880111283
v -0.01065378907261716 -0.025331042539219466 -0.018677727632749885
v -0.012144774060122158 -0.025000005002133723 -0.01815402880111283
v -0.011739633164108977 -0.025000611539027766 -0.015899777213939092
v -0.012103790858102318 -0.025300101528228362 -0.016840931738622
v -0.012103790858102318 -0.025300101528228362 -0.016840931738622
v -0.011946484179488072 -0.025295903453688144 -0.01778754128065385
v -0.012144774060122158 -0.025000005002133723 -0.01815402880111283
v -0.011946484179488072 -0.025295903453688144 -0.01778754128065385
v -0.01065378907261716 -0.025331042539219466 -0.018677727632749885
v -0.012144774060122158 -0.025000005002133723 -0.01815402880111283
v -0.01065378907261716 -0.025331042539219466 -0.018677727632749885
v -0.009202465494466685 -0.025292443523103884 -0.018009255310960093
v -0.009680674059050489 -0.025000022168272233 -0.018881298961999082
v -0.009202465494466685 -0.025292443523103884 -0.018009255310960093
v -0.008871388856732111 -0.02500013279449819 -0.0169215877940887
v -0.009680674059050489 -0.025000022168272233 -0.018881298961999082
usemtl Gray
f 1 2 3
f 4 5 6
f 7 8 9
f 10 11 12
f 13 14 15
f 16 17 18
f 19 20 21
f 22 23 24
f 25 26 27
f 28 29 30
f 31 32 33
f 34 35 36
f 37 38 39
f 40 41 42
f 43 44 45
f 46 47 48
f 49 50 51
f 52 53 54
f 55 56 57
f 58 59 60
f 61 62 63
f 64 65 66
f 67 68 69
f 70 71 72
f 73 74 75
f 76 77 78
f 79 80 81
f 82 83 84
f 85 86 87
f 88 89 90
f 91 92 93
f 94 95 96
f 97 98 99
f 100 101 102
f 103 104 105
f 106 107 108
f 109 110 111
f 112 113 114
f 115 116 117
f 118 119 120
f 121 122 123
f 124 125 126
f 127 128 129
f 130 131 132
f 133 134 135
f 136 137 138
f 139 140 141
f 142 143 144
f 145 146 147
f 148 149 150
f 151 152 153
f 154 155 156
f 157 158 159
f 160 161 162
f 163 164 165
f 166 167 168
f 169 170 171
f 172 173 174
f 175 176 177
f 178 179 180
f 181 182 183
f 184 185 186
f 187 188 189
f 190 191 192
f 193 194 195
f 196 197 198
f 199 200 201
f 202 203 204
f 205 206 207
f 208 209 210
f 211 212 213
f 214 215 216
f 217 218 219
f 220 221 222
f 223 224 225
f 226 227 228
f 229 230 231
f 232 233 234
f 235 236 237
f 238 239 240
f 241 242 243
f 244 245 246
f 247 248 249
f 250 251 252
f 253 254 255
f 256 257 258
f 259 260 261
f 262 263 264
f 265 266 267
f 268 269 270
f 271 272 273
f 274 275 276
f 277 278 279
f 280 281 282
f 283 284 285
f 286 287 288
f 289 290 291
f 292 293 294
f 295 296 297
f 298 299 300
f 301 302 303
f 304 305 306
f 307 308 309
f 310 311 312
f 313 314 315
f 316 317 318
f 319 320 321
f 322 323 324
f 325 326 327
f 328 329 330
f 331 332 333
f 334 335 336
f 337 338 339
f 340 341 342
f 343 344 345
f 346 347 348
f 349 350 351
f 352 353 354
f 355 356 357
f 358 359 360
f 361 362 363
f 364 365 366
f 367 368 369
f 370 371 372
f 373 374 375
f 376 377 378
f 379 380 381
f 382 383 384
f 385 386 387
f 388 389 390
f 391 392 393
f 394 395 396
f 397 398 399
f 400 401 402
f 403 404 405
f 406 407 408
f 409 410 411
f 412 413 414
f 415 416 417
f 418 419 420
f 421 422 423
f 424 425 426
f 427 428 429
f 430 431 432
f 433 434 435
f 436 437 438
f 439 440 441
f 442 443 444
f 445 446 447
f 448 449 450
f 451 452 453
f 454 455 456
f 457 458 459
f 460 461 462
f 463 464 465
f 466 467 468
f 469 470 471
f 472 473 474
f 475 476 477
f 478 479 480
f 481 482 483
f 484 485 486
f 487 488 489
f 490 491 492
f 493 494 495
f 496 497 498
f 499 500 501
f 502 503 504
f 505 506 507
f 508 509 510
f 511 512 513
f 514 515 516
f 517 518 519
f 520 521 522
f 523 524 525
f 526 527 528
f 529 530 531
f 532 533 534
f 535 536 537
f 538 539 540
f 541 542 543
f 544 545 546
f 547 548 549
f 550 551 552
f 553 554 555
f 556 557 558
f 559 560 561
f 562 563 564
f 565 566 567
f 568 569 570
f 571 572 573
f 574 575 576
f 577 578 579
f 580 581 582
f 583 584 585
f 586 587 588
f 589 590 591
f 592 593 594
f 595 596 597
f 598 599 600
f 601 602 603
f 604 605 606
f 607 608 609
f 610 611 612
f 613 614 615
f 616 617 618
f 619 620 621
f 622 623 624
f 625 626 627
f 628 629 630
f 631 632 633
f 634 635 636
f 637 638 639
f 640 641 642
f 643 644 645
f 646 647 648
f 649 650 651
f 652 653 654
f 655 656 657
f 658 659 660
f 661 662 663
f 664 665 666
f 667 668 669
f 670 671 672
f 673 674 675
f 676 677 678
f 679 680 681
f 682 683 684
f 685 686 687
f 688 689 690
f 691 692 693
f 694 695 696
f 697 698 699
f 700 701 702
f 703 704 705
f 706 707 708
f 709 710 711
f 712 713 714
f 715 716 717
f 718 719 720
f 721 722 723
f 724 725 726
f 727 728 729
f 730 731 732
f 733 734 735
f 736 737 738
f 739 740 741
f 742 743 744
f 745 746 747
f 748 749 750
f 751 752 753
f 754 755 756
f 757 758 759
f 760 761 762
f 763 764 765
f 766 767 768
f 769 770 771
f 772 773 774
f 775 776 777
f 778 779 780
f 781 782 783
f 784 785 786
f 787 788 789
f 790 791 792
f 793 794 795
f 796 797 798
f 799 800 801
f 802 803 804
f 805 806 807
f 808 809 810
f 811 812 813
f 814 815 816
f 817 818 819
f 820 821 822
f 823 824 825
f 826 827 828
f 829 830 831
f 832 833 834
f 835 836 837
f 838 839 840
f 841 842 843
f 844 845 846
f 847 848 849
f 850 851 852
f 853 854 855
f 856 857 858
f 859 860 861
f 862 863 864
f 865 866 867
f 868 869 870
f 871 872 873
f 874 875 876
f 877 878 879
f 880 881 882
f 883 884 885
f 886 887 888
f 889 890 891
f 892 893 894
f 895 896 897
f 898 899 900
f 901 902 903
f 904 905 906
f 907 908 909
f 910 911 912
f 913 914 915
f 916 917 918
f 919 920 921
f 922 923 924
f 925 926 927
f 928 929 930
f 931 932 933
f 934 935 936
f 937 938 939
f 940 941 942
f 943 944 945
f 946 947 948
f 949 950 951
f 952 953 954
f 955 956 957
f 958 959 960
f 961 962 963
f 964 965 966
f 967 968 969
f 970 971 972
f 973 974 975
f 976 977 978
f 979 980 981
f 982 983 984
f 985 986 987
f 988 989 990
f 991 992 993
f 994 995 996
f 997 998 999
f 1000 1001 1002
f 1003 1004 1005
f 1006 1007 1008
f 1009 1010 1011
f 1012 1013 1014
f 1015 1016 1017
f 1018 1019 1020
f 1021 1022 1023
f 1024 1025 1026
f 1027 1028 1029
f 1030 1031 1032
f 1033 1034 1035
f 1036 1037 1038
f 1039 1040 1041
f 1042 1043 1044
f 1045 1046 1047
f 1048 1049 1050
f 1051 1052 1053
f 1054 1055 1056
f 1057 1058 1059
f 1060 1061 1062
f 1063 1064 1065
f 1066 1067 1068
f 1069 1070 1071
f 1072 1073 1074
f 1075 1076 1077
f 1078 1079 1080
f 1081 1082 1083
f 1084 1085 1086
f 1087 1088 1089
f 1090 1091 1092
f 1093 1094 1095
f 1096 1097 1098
f 1099 1100 1101
f 1102 1103 1104
f 1105 1106 1107
f 1108 1109 1110
f 1111 1112 1113
f 1114 1115 1116
f 1117 1118 1119
f 1120 1121 1122
f 1123 1124 1125
f 1126 1127 1128
f 1129 1130 1131
f 1132 1133 1134
f 1135 1136 1137
f 1138 1139 1140
f 1141 1142 1143
f 1144 1145 1146
f 1147 1148 1149
f 1150 1151 1152
f 1153 1154 1155
f 1156 1157 1158
f 1159 1160 1161
f 1162 1163 1164
f 1165 1166 1167
f 1168 1169 1170
f 1171 1172 1173
f 1174 1175 1176
f 1177 1178 1179
f 1180 1181 1182
f 1183 1184 1185
f 1186 1187 1188
f 1189 1190 1191
f 1192 1193 1194
f 1195 1196 1197
f 1198 1199 1200
f 1201 1202 1203
f 1204 1205 1206
f 1207 1208 1209
f 1210 1211 1212
f 1213 1214 1215
f 1216 1217 1218
f 1219 1220 1221
f 1222 1223 1224
f 1225 1226 1227
f 1228 1229 1230
f 1231 1232 1233
f 1234 1235 1236
f 1237 1238 1239
f 1240 1241 1242
f 1243 1244 1245
f 1246 1247 1248
f 1249 1250 1251
f 1252 1253 1254
f 1255 1256 1257
f 1258 1259 1260
f 1261 1262 1263
f 1264 1265 1266
f 1267 1268 1269
f 1270 1271 1272
f 1273 1274 1275
f 1276 1277 1278
f 1279 1280 1281
f 1282 1283 1284
f 1285 1286 1287
f 1288 1289 1290
f 1291 1292 1293
f 1294 1295 1296
f 1297 1298 1299
f 1300 1301 1302
f 1303 1304 1305
f 1306 1307 1308
f 1309 1310 1311
f 1312 1313 1314
f 1315 1316 1317
f 1318 1319 1320
f 1321 1322 1323
f 1324 1325 1326
f 1327 1328 1329
f 1330 1331 1332
f 1333 1334 1335
f 1336 1337 1338
f 1339 1340 1341
f 1342 1343 1344
f 1345 1346 1347
f 1348 1349 1350
f 1351 1352 1353
f 1354 1355 1356
f 1357 1358 1359
f 1360 1361 1362
f 1363 1364 1365
f 1366 1367 1368
f 1369 1370 1371
f 1372 1373 1374
f 1375 1376 1377
f 1378 1379 1380
f 1381 1382 1383
f 1384 1385 1386
f 1387 1388 1389
f 1390 1391 1392
f 1393 1394 1395
f 1396 1397 1398
f 1399 1400 1401
f 1402 1403 1404
f 1405 1406 1407
f 1408 1409 1410
f 1411 1412 1413
f 1414 1415 1416
f 1417 1418 1419
f 1420 1421 1422
f 1423 1424 1425
f 1426 1427 1428
f 1429 1430 1431
f 1432 1433 1434
f 1435 1436 1437
f 1438 1439 1440
f 1441 1442 1443
f 1444 1445 1446
f 1447 1448 1449
f 1450 1451 1452
f 1453 1454 1455
f 1456 1457 1458
f 1459 1460 1461
f 1462 1463 1464
f 1465 1466 1467
f 1468 1469 1470
f 1471 1472 1473
f 1474 1475 1476
f 1477 1478 1479
f 1480 1481 1482
f 1483 1484 1485
f 1486 1487 1488
f 1489 1490 1491
f 1492 1493 1494
f 1495 1496 1497
f 1498 1499 1500
f 1501 1502 1503
f 1504 1505 1506
f 1507 1508 1509
f 1510 1511 1512
f 1513 1514 1515
f 1516 1517 1518
f 1519 1520 1521
f 1522 1523 1524
f 1525 1526 1527
f 1528 1529 1530
f 1531 1532 1533
f 1534 1535 1536
f 1537 1538 1539
f 1540 1541 1542
f 1543 1544 1545
f 1546 1547 1548
f 1549 1550 1551
f 1552 1553 1554
f 1555 1556 1557
f 1558 1559 1560
f 1561 1562 1563
f 1564 1565 1566
f 1567 1568 1569
f 1570 1571 1572
f 1573 1574 1575
f 1576 1577 1578
f 1579 1580 1581
f 1582 1583 1584
f 1585 1586 1587
f 1588 1589 1590
f 1591 1592 1593
f 1594 1595 1596
f 1597 1598 1599
f 1600 1601 1602
f 1603 1604 1605
f 1606 1607 1608
f 1609 1610 1611
f 1612 1613 1614
f 1615 1616 1617
f 1618 1619 1620
f 1621 1622 1623
f 1624 1625 1626
f 1627 1628 1629
f 1630 1631 1632
f 1633 1634 1635
f 1636 1637 1638
f 1639 1640 1641
f 1642 1643 1644
f 1645 1646 1647
f 1648 1649 1650
f 1651 1652 1653
f 1654 1655 1656
f 1657 1658 1659
f 1660 1661 1662
f 1663 1664 1665
f 1666 1667 1668
f 1669 1670 1671
f 1672 1673 1674
f 1675 1676 1677
f 1678 1679 1680
f 1681 1682 1683
f 1684 1685 1686
f 1687 1688 1689
f 1690 1691 1692
f 1693 1694 1695
f 1696 1697 1698
f 1699 1700 1701
f 1702 1703 1704
f 1705 1706 1707
f 1708 1709 1710
f 1711 1712 1713
f 1714 1715 1716
f 1717 1718 1719
f 1720 1721 1722
f 1723 1724 1725
f 1726 1727 1728
f 1729 1730 1731
f 1732 1733 1734
f 1735 1736 1737
f 1738 1739 1740
f 1741 1742 1743
f 1744 1745 1746
f 1747 1748 1749
f 1750 1751 1752
f 1753 1754 1755
f 1756 1757 1758
f 1759 1760 1761
f 1762 1763 1764
f 1765 1766 1767
f 1768 1769 1770
f 1771 1772 1773
f 1774 1775 1776
f 1777 1778 1779
f 1780 1781 1782
f 1783 1784 1785
f 1786 1787 1788
f 1789 1790 1791
f 1792 1793 1794
f 1795 1796 1797
f 1798 1799 1800
f 1801 1802 1803
f 1804 1805 1806
f 1807 1808 1809
f 1810 1811 1812
f 1813 1814 1815
f 1816 1817 1818
f 1819 1820 1821
f 1822 1823 1824
f 1825 1826 1827
f 1828 1829 1830
f 1831 1832 1833
f 1834 1835 1836
f 1837 1838 1839
f 1840 1841 1842
f 1843 1844 1845
f 1846 1847 1848
f 1849 1850 1851
f 1852 1853 1854
f 1855 1856 1857
f 1858 1859 1860
f 1861 1862 1863
f 1864 1865 1866
f 1867 1868 1869
f 1870 1871 1872
f 1873 1874 1875
f 1876 1877 1878
f 1879 1880 1881
f 1882 1883 1884
f 1885 1886 1887
f 1888 1889 1890
f 1891 1892 1893
f 1894 1895 1896
f 1897 1898 1899
f 1900 1901 1902
f 1903 1904 1905
f 1906 1907 1908
f 1909 1910 1911
f 1912 1913 1914
f 1915 1916 1917
f 1918 1919 1920
f 1921 1922 1923
f 1924 1925 1926
f 1927 1928 1929
f 1930 1931 1932
f 1933 1934 1935
f 1936 1937 1938
f 1939 1940 1941
f 1942 1943 1944
f 1945 1946 1947
f 1948 1949 1950
f 1951 1952 1953
f 1954 1955 1956
f 1957 1958 1959
f 1960 1961 1962
f 1963 1964 1965
f 1966 1967 1968
f 1969 1970 1971
f 1972 1973 1974
f 1975 1976 1977
f 1978 1979 1980
f 1981 1982 1983
f 1984 1985 1986
f 1987 1988 1989
f 1990 1991 1992
f 1993 1994 1995
f 1996 1997 1998
f 1999 2000 2001
f 2002 2003 2004
f 2005 2006 2007
f 2008 2009 2010
f 2011 2012 2013
f 2014 2015 2016
f 2017 2018 2019
f 2020 2021 2022
f 2023 2024 2025
f 2026 2027 2028
f 2029 2030 2031
f 2032 2033 2034
f 2035 2036 2037
f 2038 2039 2040
f 2041 2042 2043
f 2044 2045 2046
f 2047 2048 2049
f 2050 2051 2052
f 2053 2054 2055
f 2056 2057 2058
f 2059 2060 2061
f 2062 2063 2064
f 2065 2066 2067
f 2068 2069 2070
f 2071 2072 2073
f 2074 2075 2076
f 2077 2078 2079
f 2080 2081 2082
f 2083 2084 2085
f 2086 2087 2088
f 2089 2090 2091
f 2092 2093 2094
f 2095 2096 2097
f 2098 2099 2100
f 2101 2102 2103
f 2104 2105 2106
f 2107 2108 2109
f 2110 2111 2112
f 2113 2114 2115
f 2116 2117 2118
f 2119 2120 2121
f 2122 2123 2124
f 2125 2126 2127
f 2128 2129 2130
f 2131 2132 2133
f 2134 2135 2136
f 2137 2138 2139
f 2140 2141 2142
f 2143 2144 2145
f 2146 2147 2148
f 2149 2150 2151
f 2152 2153 2154
f 2155 2156 2157
f 2158 2159 2160
f 2161 2162 2163
f 2164 2165 2166
f 2167 2168 2169
f 2170 2171 2172
f 2173 2174 2175
f 2176 2177 2178
f 2179 2180 2181
f 2182 2183 2184
f 2185 2186 2187
f 2188 2189 2190
f 2191 2192 2193
f 2194 2195 2196
f 2197 2198 2199
f 2200 2201 2202
f 2203 2204 2205
f 2206 2207 2208
f 2209 2210 2211
f 2212 2213 2214
f 2215 2216 2217
f 2218 2219 2220
f 2221 2222 2223
f 2224 2225 2226
f 2227 2228 2229
f 2230 2231 2232
f 2233 2234 2235
f 2236 2237 2238
f 2239 2240 2241
f 2242 2243 2244
f 2245 2246 2247
f 2248 2249 2250
f 2251 2252 2253
f 2254 2255 2256
f 2257 2258 2259
f 2260 2261 2262
f 2263 2264 2265
f 2266 2267 2268
f 2269 2270 2271
f 2272 2273 2274
f 2275 2276 2277
f 2278 2279 2280
f 2281 2282 2283
f 2284 2285 2286
f 2287 2288 2289
f 2290 2291 2292
f 2293 2294 2295
f 2296 2297 2298
f 2299 2300 2301
f 2302 2303 2304
f 2305 2306 2307
f 2308 2309 2310
f 2311 2312 2313
f 2314 2315 2316
f 2317 2318 2319
f 2320 2321 2322
f 2323 2324 2325
f 2326 2327 2328
f 2329 2330 2331
f 2332 2333 2334
f 2335 2336 2337
f 2338 2339 2340
f 2341 2342 2343
f 2344 2345 2346
f 2347 2348 2349
f 2350 2351 2352
f 2353 2354 2355
f 2356 2357 2358
f 2359 2360 2361
f 2362 2363 2364
f 2365 2366 2367
f 2368 2369 2370
f 2371 2372 2373
f 2374 2375 2376
f 2377 2378 2379
f 2380 2381 2382
f 2383 2384 2385
f 2386 2387 2388
f 2389 2390 2391
f 2392 2393 2394
f 2395 2396 2397
f 2398 2399 2400
f 2401 2402 2403
f 2404 2405 2406
f 2407 2408 2409
f 2410 2411 2412
f 2413 2414 2415
f 2416 2417 2418
f 2419 2420 2421
f 2422 2423 2424
f 2425 2426 2427
f 2428 2429 2430
f 2431 2432 2433
f 2434 2435 2436
f 2437 2438 2439
f 2440 2441 2442
f 2443 2444 2445
f 2446 2447 2448
f 2449 2450 2451
f 2452 2453 2454
f 2455 2456 2457
f 2458 2459 2460
f 2461 2462 2463
f 2464 2465 2466
f 2467 2468 2469
f 2470 2471 2472
f 2473 2474 2475
f 2476 2477 2478
f 2479 2480 2481
f 2482 2483 2484
f 2485 2486 2487
f 2488 2489 2490
f 2491 2492 2493
f 2494 2495 2496
f 2497 2498 2499
f 2500 2501 2502
f 2503 2504 2505
f 2506 2507 2508
f 2509 2510 2511
f 2512 2513 2514
f 2515 2516 2517
f 2518 2519 2520
f 2521 2522 2523
f 2524 2525 2526
f 2527 2528 2529
f 2530 2531 2532
f 2533 2534 2535
f 2536 2537 2538
f 2539 2540 2541
f 2542 2543 2544
f 2545 2546 2547
f 2548 2549 2550
f 2551 2552 2553
f 2554 2555 2556
f 2557 2558 2559
f 2560 2561 2562
f 2563 2564 2565
f 2566 2567 2568
f 2569 2570 2571
f 2572 2573 2574
f 2575 2576 2577
f 2578 2579 2580
f 2581 2582 2583
f 2584 2585 2586
f 2587 2588 2589
f 2590 2591 2592
f 2593 2594 2595
f 2596 2597 2598
f 2599 2600 2601
f 2602 2603 2604
f 2605 2606 2607
f 2608 2609 2610
f 2611 2612 2613
f 2614 2615 2616
f 2617 2618 2619
f 2620 2621 2622
f 2623 2624 2625
f 2626 2627 2628
f 2629 2630 2631
f 2632 2633 2634
f 2635 2636 2637
f 2638 2639 2640
f 2641 2642 2643
f 2644 2645 2646
f 2647 2648 2649
f 2650 2651 2652
f 2653 2654 2655
f 2656 2657 2658
f 2659 2660 2661
f 2662 2663 2664
f 2665 2666 2667
f 2668 2669 2670
f 2671 2672 2673
f 2674 2675 2676
f 2677 2678 2679
f 2680 2681 2682
f 2683 2684 2685
f 2686 2687 2688
f 2689 2690 2691
f 2692 2693 2694
f 2695 2696 2697
f 2698 2699 2700
f 2701 2702 2703
f 2704 2705 2706
f 2707 2708 2709
f 2710 2711 2712
f 2713 2714 2715
f 2716 2717 2718
f 2719 2720 2721
f 2722 2723 2724
f 2725 2726 2727
f 2728 2729 2730
f 2731 2732 2733
f 2734 2735 2736
f 2737 2738 2739
f 2740 2741 2742
f 2743 2744 2745
f 2746 2747 2748
f 2749 2750 2751
f 2752 2753 2754
f 2755 2756 2757
f 2758 2759 2760
f 2761 2762 2763
f 2764 2765 2766
f 2767 2768 2769
f 2770 2771 2772
f 2773 2774 2775
f 2776 2777 2778
f 2779 2780 2781
f 2782 2783 2784
f 2785 2786 2787
f 2788 2789 2790
f 2791 2792 2793
f 2794 2795 2796
f 2797 2798 2799
f 2800 2801 2802
f 2803 2804 2805
f 2806 2807 2808
f 2809 2810 2811
f 2812 2813 2814
f 2815 2816 2817
f 2818 2819 2820
f 2821 2822 2823
f 2824 2825 2826
f 2827 2828 2829
f 2830 2831 2832
f 2833 2834 2835
f 2836 2837 2838
f 2839 2840 2841
f 2842 2843 2844
f 2845 2846 2847
f 2848 2849 2850
f 2851 2852 2853
f 2854 2855 2856
f 2857 2858 2859
f 2860 2861 2862
f 2863 2864 2865
f 2866 2867 2868
f 2869 2870 2871
f 2872 2873 2874
f 2875 2876 2877
f 2878 2879 2880
f 2881 2882 2883
f 2884 2885 2886
f 2887 2888 2889
f 2890 2891 2892
f 2893 2894 2895
f 2896 2897 2898
f 2899 2900 2901
f 2902 2903 2904
f 2905 2906 2907
f 2908 2909 2910
f 2911 2912 2913
f 2914 2915 2916
f 2917 2918 2919
f 2920 2921 2922
f 2923 2924 2925
f 2926 2927 2928
f 2929 2930 2931
f 2932 2933 2934
f 2935 2936 2937
f 2938 2939 2940
f 2941 2942 2943
f 2944 2945 2946
f 2947 2948 2949
f 2950 2951 2952
f 2953 2954 2955
f 2956 2957 2958
f 2959 2960 2961
f 2962 2963 2964
f 2965 2966 2967
f 2968 2969 2970
f 2971 2972 2973
f 2974 2975 2976
f 2977 2978 2979
f 2980 2981 2982
f 2983 2984 2985
f 2986 2987 2988
f 2989 2990 2991
f 2992 2993 2994
f 2995 2996 2997
f 2998 2999 3000
f 3001 3002 3003
f 3004 3005 3006
f 3007 3008 3009
f 3010 3011 3012
f 3013 3014 3015
f 3016 3017 3018
f 3019 3020 3021
f 3022 3023 3024
f 3025 3026 3027
f 3028 3029 3030
f 3031 3032 3033
f 3034 3035 3036
f 3037 3038 3039
f 3040 3041 3042
f 3043 3044 3045
f 3046 3047 3048
f 3049 3050 3051
f 3052 3053 3054
f 3055 3056 3057
f 3058 3059 3060
f 3061 3062 3063
f 3064 3065 3066
f 3067 3068 3069
f 3070 3071 3072
f 3073 3074 3075
f 3076 3077 3078
f 3079 3080 3081
f 3082 3083 3084
f 3085 3086 3087
f 3088 3089 3090
f 3091 3092 3093
f 3094 3095 3096
f 3097 3098 3099
f 3100 3101 3102
f 3103 3104 3105
f 3106 3107 3108
f 3109 3110 3111
f 3112 3113 3114
f 3115 3116 3117
f 3118 3119 3120
f 3121 3122 3123
f 3124 3125 3126
f 3127 3128 3129
f 3130 3131 3132
f 3133 3134 3135
f 3136 3137 3138
f 3139 3140 3141
f 3142 3143 3144
f 3145 3146 3147
f 3148 3149 3150
f 3151 3152 3153
f 3154 3155 3156
f 3157 3158 3159
f 3160 3161 3162
f 3163 3164 3165
f 3166 3167 3168
f 3169 3170 3171
f 3172 3173 3174
f 3175 3176 3177
f 3178 3179 3180
f 3181 3182 3183
f 3184 3185 3186
f 3187 3188 3189
f 3190 3191 3192
f 3193 3194 3195
f 3196 3197 3198
f 3199 3200 3201
f 3202 3203 3204
f 3205 3206 3207
f 3208 3209 3210
f 3211 3212 3213
f 3214 3215 3216
f 3217 3218 3219
f 3220 3221 3222
f 3223 3224 3225
f 3226 3227 3228
f 3229 3230 3231
f 3232 3233 3234
f 3235 3236 3237
f 3238 3239 3240
f 3241 3242 3243
f 3244 3245 3246
f 3247 3248 3249
f 3250 3251 3252
f 3253 3254 3255
f 3256 3257 3258
f 3259 3260 3261
f 3262 3263 3264
f 3265 3266 3267
f 3268 3269 3270
f 3271 3272 3273
f 3274 3275 3276
f 3277 3278 3279
f 3280 3281 3282
f 3283 3284 3285
f 3286 3287 3288
f 3289 3290 3291
f 3292 3293 3294
f 3295 3296 3297
f 3298 3299 3300
f 3301 3302 3303
f 3304 3305 3306
f 3307 3308 3309
f 3310 3311 3312
f 3313 3314 3315
f 3316 3317 3318
f 3319 3320 3321
f 3322 3323 3324
f 3325 3326 3327
f 3328 3329 3330
f 3331 3332 3333
f 3334 3335 3336
f 3337 3338 3339
f 3340 3341 3342
f 3343 3344 3345
f 3346 3347 3348
f 3349 3350 3351
f 3352 3353 3354
f 3355 3356 3357
f 3358 3359 3360
f 3361 3362 3363
f 3364 3365 3366
f 3367 3368 3369
f 3370 3371 3372
f 3373 3374 3375
f 3376 3377 3378
f 3379 3380 3381
f 3382 3383 3384
f 3385 3386 3387
f 3388 3389 3390
f 3391 3392 3393
f 3394 3395 3396
f 3397 3398 3399
f 3400 3401 3402
f 3403 3404 3405
f 3406 3407 3408
f 3409 3410 3411
f 3412 3413 3414
f 3415 3416 3417
f 3418 3419 3420
f 3421 3422 3423
f 3424 3425 3426
f 3427 3428 3429
f 3430 3431 3432
f 3433 3434 3435
f 3436 3437 3438
f 3439 3440 3441
f 3442 3443 3444
f 3445 3446 3447
f 3448 3449 3450
f 3451 3452 3453
f 3454 3455 3456
f 3457 3458 3459
f 3460 3461 3462
f 3463 3464 3465
f 3466 3467 3468
f 3469 3470 3471
f 3472 3473 3474
f 3475 3476 3477
f 3478 3479 3480
f 3481 3482 3483
f 3484 3485 3486
f 3487 3488 3489
f 3490 3491 3492
f 3493 3494 3495
f 3496 3497 3498
f 3499 3500 3501
f 3502 3503 3504
f 3505 3506 3507
f 3508 3509 3510
f 3511 3512 3513
f 3514 3515 3516
f 3517 3518 3519
f 3520 3521 3522
f 3523 3524 3525
f 3526 3527 3528
f 3529 3530 3531
f 3532 3533 3534
f 3535 3536 3537
f 3538 3539 3540
f 3541 3542 3543
f 3544 3545 3546
f 3547 3548 3549
f 3550 3551 3552
f 3553 3554 3555
f 3556 3557 3558
f 3559 3560 3561
f 3562 3563 3564
f 3565 3566 3567
f 3568 3569 3570
f 3571 3572 3573
f 3574 3575 3576
f 3577 3578 3579
f 3580 3581 3582
f 3583 3584 3585
f 3586 3587 3588
f 3589 3590 3591
f 3592 3593 3594
f 3595 3596 3597
f 3598 3599 3600
f 3601 3602 3603
f 3604 3605 3606
f 3607 3608 3609
f 3610 3611 3612
f 3613 3614 3615
f 3616 3617 3618
f 3619 3620 3621
f 3622 3623 3624
f 3625 3626 3627
f 3628 3629 3630
f 3631 3632 3633
f 3634 3635 3636
f 3637 3638 3639
f 3640 3641 3642
f 3643 3644 3645
f 3646 3647 3648
f 3649 3650 3651
f 3652 3653 3654
f 3655 3656 3657
f 3658 3659 3660
f 3661 3662 3663
f 3664 3665 3666
f 3667 3668 3669
f 3670 3671 3672
f 3673 3674 3675
f 3676 3677 3678
f 3679 3680 3681
f 3682 3683 3684
f 3685 3686 3687
f 3688 3689 3690
f 3691 3692 3693
f 3694 3695 3696
f 3697 3698 3699
f 3700 3701 3702
f 3703 3704 3705
f 3706 3707 3708
f 3709 3710 3711
f 3712 3713 3714
f 3715 3716 3717
f 3718 3719 3720
f 3721 3722 3723
f 3724 3725 3726
f 3727 3728 3729
f 3730 3731 3732
f 3733 3734 3735
f 3736 3737 3738
f 3739 3740 3741
f 3742 3743 3744
f 3745 3746 3747
f 3748 3749 3750
f 3751 3752 3753
f 3754 3755 3756
f 3757 3758 3759
f 3760 3761 3762
f 3763 3764 3765
f 3766 3767 3768
f 3769 3770 3771
f 3772 3773 3774
f 3775 3776 3777
f 3778 3779 3780
f 3781 3782 3783
f 3784 3785 3786
f 3787 3788 3789
f 3790 3791 3792
f 3793 3794 3795
f 3796 3797 3798
f 3799 3800 3801
f 3802 3803 3804
f 3805 3806 3807
f 3808 3809 3810
f 3811 3812 3813
f 3814 3815 3816
f 3817 3818 3819
f 3820 3821 3822
f 3823 3824 3825
f 3826 3827 3828
f 3829 3830 3831
f 3832 3833 3834
f 3835 3836 3837
f 3838 3839 3840
f 3841 3842 3843
f 3844 3845 3846
f 3847 3848 3849
f 3850 3851 3852
f 3853 3854 3855
f 3856 3857 3858
f 3859 3860 3861
f 3862 3863 3864
f 3865 3866 3867
f 3868 3869 3870
f 3871 3872 3873
f 3874 3875 3876
f 3877 3878 3879
f 3880 3881 3882
f 3883 3884 3885
f 3886 3887 3888
f 3889 3890 3891
f 3892 3893 3894
f 3895 3896 3897
f 3898 3899 3900
f 3901 3902 3903
f 3904 3905 3906
f 3907 3908 3909
f 3910 3911 3912
f 3913 3914 3915
f 3916 3917 3918
f 3919 3920 3921
f 3922 3923 3924
f 3925 3926 3927
f 3928 3929 3930
f 3931 3932 3933
f 3934 3935 3936
f 3937 3938 3939
f 3940 3941 3942
f 3943 3944 3945
f 3946 3947 3948
f 3949 3950 3951
f 3952 3953 3954
f 3955 3956 3957
f 3958 3959 3960
f 3961 3962 3963
f 3964 3965 3966
f 3967 3968 3969
f 3970 3971 3972
f 3973 3974 3975
f 3976 3977 3978
f 3979 3980 3981
f 3982 3983 3984
f 3985 3986 3987
f 3988 3989 3990
f 3991 3992 3993
f 3994 3995 3996
f 3997 3998 3999
f 4000 4001 4002
f 4003 4004 4005
f 4006 4007 4008
f 4009 4010 4011
f 4012 4013 4014
f 4015 4016 4017
f 4018 4019 4020
f 4021 4022 4023
f 4024 4025 4026
f 4027 4028 4029
f 4030 4031 4032
f 4033 4034 4035
f 4036 4037 4038
f 4039 4040 4041
f 4042 4043 4044
f 4045 4046 4047
f 4048 4049 4050
f 4051 4052 4053
f 4054 4055 4056
f 4057 4058 4059
f 4060 4061 4062
f 4063 4064 4065
f 4066 4067 4068
f 4069 4070 4071
f 4072 4073 4074
f 4075 4076 4077
f 4078 4079 4080
f 4081 4082 4083
f 4084 4085 4086
f 4087 4088 4089
f 4090 4091 4092
f 4093 4094 4095
f 4096 4097 4098
f 4099 4100 4101
f 4102 4103 4104
f 4105 4106 4107
f 4108 4109 4110
f 4111 4112 4113
f 4114 4115 4116
f 4117 4118 4119
f 4120 4121 4122
f 4123 4124 4125
f 4126 4127 4128
f 4129 4130 4131
f 4132 4133 4134
f 4135 4136 4137
f 4138 4139 4140
f 4141 4142 4143
f 4144 4145 4146
f 4147 4148 4149
f 4150 4151 4152
f 4153 4154 4155
f 4156 4157 4158
f 4159 4160 4161
f 4162 4163 4164
f 4165 4166 4167
f 4168 4169 4170
f 4171 4172 4173
f 4174 4175 4176
f 4177 4178 4179
f 4180 4181 4182
f 4183 4184 4185
f 4186 4187 4188
f 4189 4190 4191
f 4192 4193 4194
f 4195 4196 4197
f 4198 4199 4200
f 4201 4202 4203
f 4204 4205 4206
f 4207 4208 4209
f 4210 4211 4212
f 4213 4214 4215
f 4216 4217 4218
f 4219 4220 4221
f 4222 4223 4224
f 4225 4226 4227
f 4228 4229 4230
f 4231 4232 4233
f 4234 4235 4236
f 4237 4238 4239
f 4240 4241 4242
f 4243 4244 4245
f 4246 4247 4248
f 4249 4250 4251
f 4252 4253 4254
f 4255 4256 4257
f 4258 4259 4260
f 4261 4262 4263
f 4264 4265 4266
f 4267 4268 4269
f 4270 4271 4272
f 4273 4274 4275
f 4276 4277 4278
f 4279 4280 4281
f 4282 4283 4284
f 4285 4286 4287
f 4288 4289 4290
f 4291 4292 4293
f 4294 4295 4296
f 4297 4298 4299
f 4300 4301 4302
f 4303 4304 4305
f 4306 4307 4308
f 4309 4310 4311
f 4312 4313 4314
