mtllib ALLEX_Left_Hand_Thumb_Proximal_Link1.mtl
v -0.0020000000949949017 0.0015922897618327054 0.019012795397688187
v -0.0042004143802645815 0.0015880339899936042 0.018954672760039815
v -0.004200438698960805 0.0016199725443670494 0.01919785018553055
v -0.004200438698960805 0.0016199725443670494 0.01919785018553055
v -0.0020000000949949017 0.0016245288428393824 0.01921819587436313
v -0.0020000000949949017 0.0015922897618327054 0.019012795397688187
v -0.0020000000949949017 0.0016906629411725389 0.01942316719757531
v -0.0020000000949949017 0.0016245288428393824 0.01921819587436313
v -0.004199992856196709 0.0016900907365555169 0.019423394172073394
v -0.004199992856196709 0.0016900907365555169 0.019423394172073394
v -0.0020000000949949017 0.0017977219481801763 0.019618300416072154
v -0.0020000000949949017 0.0016906629411725389 0.01942316719757531
v -0.0020000000949949017 0.0017977219481801763 0.019618300416072154
v -0.004199992856196709 0.0016900907365555169 0.019423394172073394
v -0.004199698647656123 0.0018100293542365484 0.019636548021308986
v -0.0020000000949949017 0.001915363641161045 0.019770565972010434
v -0.0020000000949949017 0.0017977219481801763 0.019618300416072154
v -0.004199698647656123 0.0018100293542365484 0.019636548021308986
v -0.0020000000949949017 0.0020415001885187864 0.01989013194143463
v -0.004200679501737135 0.0019258844575100612 0.019781926141007045
v -0.00420018406790623 0.0020577968144301637 0.019903470031057413
v -0.004200679501737135 0.0019258844575100612 0.019781926141007045
v -0.0020000000949949017 0.0020415001885187864 0.01989013194143463
v -0.0020000000949949017 0.001915363641161045 0.019770565972010434
v -0.00420018406790623 0.0020577968144301637 0.019903470031057413
v -0.0020000005718320826 0.0022273055180838117 0.02002174854009331
v -0.0020000000949949017 0.0020415001885187864 0.01989013194143463
v -0.0020000005718320826 0.0022273055180838117 0.02002174854009331
v -0.004199781617325591 0.002229579316180703 0.02002223109932033
v -0.004199595650825059 0.002462298748621001 0.020122187616519183
v -0.004199595650825059 0.002462298748621001 0.020122187616519183
v -0.0019999999757856065 0.002488379119809093 0.020130156519485576
v -0.0020000005718320826 0.0022273055180838117 0.02002174854009331
v -0.0019999999757856065 0.002488379119809093 0.020130156519485576
v -0.004199595650825059 0.002462298748621001 0.020122187616519183
v -0.0042007839290797416 0.0026968644946255573 0.020171866421369034
v -0.0042007839290797416 0.0026968644946255573 0.020171866421369034
v -0.0020000000949949017 0.002697517761563324 0.020171446804649884
v -0.0019999999757856065 0.002488379119809093 0.020130156519485576
v -0.0020000000949949017 0.002916472811941158 0.020179066662799894
v -0.0020000000949949017 0.002697517761563324 0.020171446804649884
v -0.0042007839290797416 0.0026968644946255573 0.020171866421369034
v -0.0041988584605434625 0.00296383442651066 0.02017676258554202
v -0.0019999999757856065 0.003154342562771835 0.020140429499709844
v -0.0020000000949949017 0.002916472811941158 0.020179066662799894
v -0.0020000000949949017 0.0034008640474118847 0.020050278662298027
v -0.0019999999757856065 0.003154342562771835 0.020140429499709844
v -0.004199222287312452 0.0031947709647317537 0.020129334452185788
v -0.0020000000949949017 0.0034008640474118847 0.020050278662298027
v -0.004199222287312452 0.0031947709647317537 0.020129334452185788
v -0.004200475892260911 0.003408914727954794 0.020045014379821424
v -0.0020000000949949017 0.0034008640474118847 0.020050278662298027
v -0.004200475892260911 0.003408914727954794 0.020045014379821424
v -0.004200270852273145 0.003646698648092918 0.019888573637527607
v -0.004200270852273145 0.003646698648092918 0.019888573637527607
v -0.0020000000949949017 0.0036581303426666562 0.019879082670279935
v -0.0020000000949949017 0.0034008640474118847 0.020050278662298027
v -0.0020000000949949017 0.0038362888727809536 0.0196881875806465
v -0.0020000000949949017 0.0036581303426666562 0.019879082670279935
v -0.004200154980838198 0.00382726711331924 0.01969992921938779
v -0.0020000000949949017 0.0036581303426666562 0.019879082670279935
v -0.004200270852273145 0.003646698648092918 0.019888573637527607
v -0.004200154980838198 0.00382726711331924 0.01969992921938779
v -0.0020000000949949017 0.0038362888727809536 0.0196881875806465
v -0.004200154980838198 0.00382726711331924 0.01969992921938779
v -0.004199863156483517 0.003972552011348442 0.019469344110168985
v -0.004199863156483517 0.003972552011348442 0.019469344110168985
v -0.0020000000949949017 0.003981407831471219 0.01945081993936726
v -0.0020000000949949017 0.0038362888727809536 0.0196881875806465
v -0.0020000000949949017 0.003981407831471219 0.01945081993936726
v -0.004199863156483517 0.003972552011348442 0.019469344110168985
v -0.004200195511998571 0.004057913496115785 0.019221947629302072
v -0.004200195511998571 0.004057913496115785 0.019221947629302072
v -0.0020000000949949017 0.004058191492192222 0.01921366592114504
v -0.0020000000949949017 0.003981407831471219 0.01945081993936726
v -0.004200195511998571 0.004057913496115785 0.019221947629302072
v -0.0020000000949949017 0.004080789283029964 0.01909642119511723
v -0.0020000000949949017 0.004058191492192222 0.01921366592114504
v -0.004200160226047188 0.004085349276990448 0.01906007857254144
v -0.0020000000949949017 0.004092565254048277 0.01894091314634916
v -0.0020000000949949017 0.004080789283029964 0.01909642119511723
v -0.0020000000949949017 0.004084037974743106 0.01878942197399258
v -0.0020000000949949017 0.004092565254048277 0.01894091314634916
v -0.004200039109403251 0.004090558723191253 0.018858042659014584
v -0.004200039109403251 0.004090558723191253 0.018858042659014584
v -0.004199525555759474 0.004065547659381221 0.01867138760559328
v -0.0020000000949949017 0.004084037974743106 0.01878942197399258
v -0.004199525555759474 0.004065547659381221 0.01867138760559328
v -0.0020000000949949017 0.0040670558953842546 0.018681944780777338
v -0.0020000000949949017 0.004084037974743106 0.01878942197399258
v -0.004199525555759474 0.004065547659381221 0.01867138760559328
v -0.0020000000949949017 0.004015199851966635 0.018490700646327518
v -0.0020000000949949017 0.0040670558953842546 0.018681944780777338
v -0.0020000000949949017 0.003898342556148267 0.01825822153982637
v -0.0020000000949949017 0.004015199851966635 0.018490700646327518
v -0.004201649865400168 0.003990473698372162 0.01842614642878382
v -0.004201649865400168 0.003990473698372162 0.01842614642878382
v -0.00419876738464192 0.0038533763331567734 0.018193167596917137
v -0.0020000000949949017 0.003898342556148267 0.01825822153982637
v -0.00419876738464192 0.0038533763331567734 0.018193167596917137
v -0.0020000000949949017 0.0037768561249781913 0.018098322774297015
v -0.0020000000949949017 0.003898342556148267 0.01825822153982637
v -0.004201245507470806 0.003705018696334163 0.0180226525283933
v -0.0020000000949949017 0.0036401964962948247 0.017965586561937696
v -0.0020000000949949017 0.0037768561249781913 0.018098322774297015
v -0.004199513157992772 0.0035060352560205305 0.017867703332801188
v -0.0020000000949949017 0.0034701241710934096 0.017846909417018608
v -0.0020000000949949017 0.0036401964962948247 0.017965586561937696
v -0.0020000000949949017 0.0032774480945894926 0.017755631336511257
v -0.0020000000949949017 0.0034701241710934096 0.017846909417018608
v -0.004200437745286443 0.0033399385608144662 0.01778165138779597
v -0.0020000000949949017 0.0034701241710934096 0.017846909417018608
v -0.004199513157992772 0.0035060352560205305 0.017867703332801188
v -0.004200437745286443 0.0033399385608144662 0.01778165138779597
v -0.0020000000949949017 0.0032774480945894926 0.017755631336511257
v -0.004200437745286443 0.0033399385608144662 0.01778165138779597
v -0.004199966153314581 0.003107793478758504 0.017704052812332893
v -0.004199966153314581 0.003107793478758504 0.017704052812332893
v -0.0020000000949949017 0.0030282362945750776 0.01769012153725713
v -0.0020000000949949017 0.0032774480945894926 0.017755631336511257
v -0.0020000000949949017 0.0030282362945750776 0.01769012153725713
v -0.004199966153314581 0.003107793478758504 0.017704052812332893
v -0.004200355252454156 0.002758254897474306 0.017677597885539242
v -0.0020000000949949017 0.0027238284451097674 0.017681176071744353
v -0.0020000000949949017 0.0030282362945750776 0.01769012153725713
v -0.004200355252454156 0.002758254897474306 0.017677597885539242
v -0.0020000000949949017 0.0027238284451097674 0.017681176071744353
v -0.004200355252454156 0.002758254897474306 0.017677597885539242
v -0.0042002021877191025 0.0025272353895837442 0.017718623049230997
v -0.0042002021877191025 0.0025272353895837442 0.017718623049230997
v -0.0020000000949949017 0.002509343743302418 0.017723353274065046
v -0.0020000000949949017 0.0027238284451097674 0.017681176071744353
v -0.0019999998565763113 0.002323276153287924 0.017788910757037257
v -0.0020000000949949017 0.002509343743302418 0.017723353274065046
v -0.004200409611892773 0.0023408030191258986 0.017781218419635758
v -0.0019999998565763113 0.002323276153287924 0.017788910757037257
v -0.004200409611892773 0.0023408030191258986 0.017781218419635758
v -0.004199791630906389 0.002098129133698141 0.01792141999489849
v -0.004199791630906389 0.002098129133698141 0.01792141999489849
v -0.0019999999757856065 0.002079517701692319 0.017934519665930848
v -0.0019999998565763113 0.002323276153287924 0.017788910757037257
v -0.0020000000949949017 0.0018742127116628407 0.018133467581874507
v -0.0019999999757856065 0.002079517701692319 0.017934519665930848
v -0.0041979038325073974 0.0018917624656854962 0.01811178484158682
v -0.0020000000949949017 0.0018742127116628407 0.018133467581874507
v -0.0041979038325073974 0.0018917624656854962 0.01811178484158682
v -0.004200089177307241 0.001740515433965515 0.018332789338167954
v -0.004200089177307241 0.001740515433965515 0.018332789338167954
v -0.0020000000949949017 0.0017315681803133094 0.018349383272061592
v -0.0020000000949949017 0.0018742127116628407 0.018133467581874507
v -0.0020000000949949017 0.0016501892396804392 0.01854722111104823
v -0.0020000000949949017 0.0017315681803133094 0.018349383272061592
v -0.004200249394600007 0.001657108743221073 0.018527287409539905
v -0.004200249394600007 0.001657108743221073 0.018527287409539905
v -0.004200337609478464 0.0016117858460183022 0.018697716647371188
v -0.0020000000949949017 0.0016501892396804392 0.01854722111104823
v -0.004200337609478464 0.0016117858460183022 0.018697716647371188
v -0.0020000000949949017 0.0016168829970630162 0.01867690747279882
v -0.0020000000949949017 0.0016501892396804392 0.01854722111104823
v -0.004200337609478464 0.0016117858460183022 0.018697716647371188
v -0.0020000000949949017 0.0015966845317100249 0.01880622380889707
v -0.0020000000949949017 0.0016168829970630162 0.01867690747279882
v -0.0020000000949949017 0.0015966845317100249 0.01880622380889707
v -0.004200337609478464 0.0016117858460183022 0.018697716647371188
v -0.0042004143802645815 0.0015880339899936042 0.018954672760039815
v -0.0042004143802645815 0.0015880339899936042 0.018954672760039815
v -0.0020000000949949017 0.0015922897618327054 0.019012795397688187
v -0.0020000000949949017 0.0015966845317100249 0.01880622380889707
v -0.004200089177307241 0.001740515433965515 0.018332789338167954
v -0.004200249394600007 0.001657108743221073 0.018527287409539905
v -0.0020000000949949017 0.0017315681803133094 0.018349383272061592
v -0.004199791630906389 0.002098129133698141 0.01792141999489849
v -0.0041979038325073974 0.0018917624656854962 0.01811178484158682
v -0.0019999999757856065 0.002079517701692319 0.017934519665930848
v -0.0042002021877191025 0.0025272353895837442 0.017718623049230997
v -0.004200409611892773 0.0023408030191258986 0.017781218419635758
v -0.0020000000949949017 0.002509343743302418 0.017723353274065046
v -0.004201245507470806 0.003705018696334163 0.0180226525283933
v -0.004199513157992772 0.0035060352560205305 0.017867703332801188
v -0.0020000000949949017 0.0036401964962948247 0.017965586561937696
v -0.00419876738464192 0.0038533763331567734 0.018193167596917137
v -0.004201245507470806 0.003705018696334163 0.0180226525283933
v -0.0020000000949949017 0.0037768561249781913 0.018098322774297015
v -0.004199525555759474 0.004065547659381221 0.01867138760559328
v -0.004201649865400168 0.003990473698372162 0.01842614642878382
v -0.0020000000949949017 0.004015199851966635 0.018490700646327518
v -0.004200160226047188 0.004085349276990448 0.01906007857254144
v -0.004200039109403251 0.004090558723191253 0.018858042659014584
v -0.0020000000949949017 0.004092565254048277 0.01894091314634916
v -0.004200195511998571 0.004057913496115785 0.019221947629302072
v -0.004200160226047188 0.004085349276990448 0.01906007857254144
v -0.0020000000949949017 0.004080789283029964 0.01909642119511723
v -0.0041988584605434625 0.00296383442651066 0.02017676258554202
v -0.004199222287312452 0.0031947709647317537 0.020129334452185788
v -0.0019999999757856065 0.003154342562771835 0.020140429499709844
v -0.0042007839290797416 0.0026968644946255573 0.020171866421369034
v -0.0041988584605434625 0.00296383442651066 0.02017676258554202
v -0.0020000000949949017 0.002916472811941158 0.020179066662799894
v -0.00420018406790623 0.0020577968144301637 0.019903470031057413
v -0.004199781617325591 0.002229579316180703 0.02002223109932033
v -0.0020000005718320826 0.0022273055180838117 0.02002174854009331
v -0.004199698647656123 0.0018100293542365484 0.019636548021308986
v -0.004200679501737135 0.0019258844575100612 0.019781926141007045
v -0.0020000000949949017 0.001915363641161045 0.019770565972010434
v -0.004200438698960805 0.0016199725443670494 0.01919785018553055
v -0.004199992856196709 0.0016900907365555169 0.019423394172073394
v -0.0020000000949949017 0.0016245288428393824 0.01921819587436313
v -0.004500000213738529 0.004395690173078505 0.01894697660794087
v -0.004500000213738529 0.004384132116651842 0.018757170614428498
v -0.004200039109403251 0.004090558723191253 0.018858042659014584
v -0.004500000213738529 0.004384132116651842 0.018757170614428498
v -0.004499999736901348 0.004285115445536449 0.018349165834307124
v -0.004199525555759474 0.004065547659381221 0.01867138760559328
v -0.004499999736901348 0.004285115445536449 0.018349165834307124
v -0.004499996399041082 0.003988319586407664 0.017872557535302258
v -0.00419876738464192 0.0038533763331567734 0.018193167596917137
v -0.004499996399041082 0.003988319586407664 0.017872557535302258
v -0.004499991153832093 0.003396025818956373 0.01747223746318749
v -0.004199513157992772 0.0035060352560205305 0.017867703332801188
v -0.004499991153832093 0.003396025818956373 0.01747223746318749
v -0.004200437745286443 0.0033399385608144662 0.01778165138779597
v -0.004199513157992772 0.0035060352560205305 0.017867703332801188
v -0.004499991153832093 0.003396025818956373 0.01747223746318749
v -0.004199966153314581 0.003107793478758504 0.017704052812332893
v -0.004200437745286443 0.0033399385608144662 0.01778165138779597
v -0.004199966153314581 0.003107793478758504 0.017704052812332893
v -0.004499991153832093 0.003396025818956373 0.01747223746318749
v -0.004499991153832093 0.002754039418376987 0.01737151419180183
v -0.004499991153832093 0.002754039418376987 0.01737151419180183
v -0.004200355252454156 0.002758254897474306 0.017677597885539242
v -0.004199966153314581 0.003107793478758504 0.017704052812332893
v -0.004499991153832093 0.002754039418376987 0.01737151419180183
v -0.0042002021877191025 0.0025272353895837442 0.017718623049230997
v -0.004200355252454156 0.002758254897474306 0.017677597885539242
v -0.0042002021877191025 0.0025272353895837442 0.017718623049230997
v -0.004499991153832093 0.002754039418376987 0.01737151419180183
v -0.004499982570762838 0.00207773218486862 0.0175653618572591
v -0.004499982570762838 0.00207773218486862 0.0175653618572591
v -0.004499988769646189 0.0015723839552994618 0.01801884927503883
v -0.0041979038325073974 0.0018917624656854962 0.01811178484158682
v -0.004499988769646189 0.0015723839552994618 0.01801884927503883
v -0.004200089177307241 0.001740515433965515 0.018332789338167954
v -0.0041979038325073974 0.0018917624656854962 0.01811178484158682
v -0.004499988769646189 0.0015723839552994618 0.01801884927503883
v -0.004499992107506455 0.0013256104622093319 0.018559750484812287
v -0.004200089177307241 0.001740515433965515 0.018332789338167954
v -0.004499992107506455 0.0013256104622093319 0.018559750484812287
v -0.0042004143802645815 0.0015880339899936042 0.018954672760039815
v -0.004200337609478464 0.0016117858460183022 0.018697716647371188
v -0.0042004143802645815 0.0015880339899936042 0.018954672760039815
v -0.004499992107506455 0.0013256104622093319 0.018559750484812287
v -0.004499994491692359 0.00129399854130477 0.019115382148776616
v -0.004499994491692359 0.00129399854130477 0.019115382148776616
v -0.004200438698960805 0.0016199725443670494 0.01919785018553055
v -0.0042004143802645815 0.0015880339899936042 0.018954672760039815
v -0.004499994491692359 0.00129399854130477 0.019115382148776616
v -0.004499990200157731 0.0014645977715910259 0.019660281161474336
v -0.004199992856196709 0.0016900907365555169 0.019423394172073394
v -0.004499990200157731 0.0014645977715910259 0.019660281161474336
v -0.004199698647656123 0.0018100293542365484 0.019636548021308986
v -0.004199992856196709 0.0016900907365555169 0.019423394172073394
v -0.004499990200157731 0.0014645977715910259 0.019660281161474336
v -0.004499984954948742 0.0019323932850286865 0.020202788358872903
v -0.004200679501737135 0.0019258844575100612 0.019781926141007045
v -0.004499984954948742 0.0019323932850286865 0.020202788358872903
v -0.004199595650825059 0.002462298748621001 0.020122187616519183
v -0.004199781617325591 0.002229579316180703 0.02002223109932033
v -0.004499984954948742 0.0019323932850286865 0.020202788358872903
v -0.004499985908623104 0.0025725148946030576 0.02046725179611686
v -0.004199595650825059 0.002462298748621001 0.020122187616519183
v -0.004499985908623104 0.0025725148946030576 0.02046725179611686
v -0.0042007839290797416 0.0026968644946255573 0.020171866421369034
v -0.004199595650825059 0.002462298748621001 0.020122187616519183
v -0.0041988584605434625 0.00296383442651066 0.02017676258554202
v -0.004499985908623104 0.0025725148946030576 0.02046725179611686
v -0.004500000213738529 0.003078502801250328 0.020462470072867278
v -0.004199222287312452 0.0031947709647317537 0.020129334452185788
v -0.004500000213738529 0.003078502801250328 0.020462470072867278
v -0.0044999925843436355 0.0035195714714919574 0.020334715855373497
v -0.0044999925843436355 0.0035195714714919574 0.020334715855373497
v -0.004200475892260911 0.003408914727954794 0.020045014379821424
v -0.004199222287312452 0.0031947709647317537 0.020129334452185788
v -0.0044999925843436355 0.0035195714714919574 0.020334715855373497
v -0.004200270852273145 0.003646698648092918 0.019888573637527607
v -0.004200475892260911 0.003408914727954794 0.020045014379821424
v -0.004200270852273145 0.003646698648092918 0.019888573637527607
v -0.0044999925843436355 0.0035195714714919574 0.020334715855373497
v -0.0044999992600641674 0.003948405930184475 0.020024399754818845
v -0.0044999992600641674 0.003948405930184475 0.020024399754818845
v -0.004200154980838198 0.00382726711331924 0.01969992921938779
v -0.004200270852273145 0.003646698648092918 0.019888573637527607
v -0.0044999992600641674 0.003948405930184475 0.020024399754818845
v -0.004500000213738529 0.004196930130984102 0.019686291676015433
v -0.004200154980838198 0.00382726711331924 0.01969992921938779
v -0.004500000213738529 0.004196930130984102 0.019686291676015433
v -0.004199863156483517 0.003972552011348442 0.019469344110168985
v -0.004200154980838198 0.00382726711331924 0.01969992921938779
v -0.004500000213738529 0.004196930130984102 0.019686291676015433
v -0.004500000213738529 0.004342221943152426 0.019341746295270523
v -0.004199863156483517 0.003972552011348442 0.019469344110168985
v -0.004500000213738529 0.004342221943152426 0.019341746295270523
v -0.004200195511998571 0.004057913496115785 0.019221947629302072
v -0.004199863156483517 0.003972552011348442 0.019469344110168985
v -0.004200160226047188 0.004085349276990448 0.01906007857254144
v -0.004500000213738529 0.004342221943152426 0.019341746295270523
v -0.004500000213738529 0.004395690173078505 0.01894697660794087
v -0.004200039109403251 0.004090558723191253 0.018858042659014584
v -0.004200160226047188 0.004085349276990448 0.01906007857254144
v -0.004500000213738529 0.004395690173078505 0.01894697660794087
v -0.004200160226047188 0.004085349276990448 0.01906007857254144
v -0.004200195511998571 0.004057913496115785 0.019221947629302072
v -0.004500000213738529 0.004342221943152426 0.019341746295270523
v -0.004199222287312452 0.0031947709647317537 0.020129334452185788
v -0.0041988584605434625 0.00296383442651066 0.02017676258554202
v -0.004500000213738529 0.003078502801250328 0.020462470072867278
v -0.0041988584605434625 0.00296383442651066 0.02017676258554202
v -0.0042007839290797416 0.0026968644946255573 0.020171866421369034
v -0.004499985908623104 0.0025725148946030576 0.02046725179611686
v -0.004199781617325591 0.002229579316180703 0.02002223109932033
v -0.00420018406790623 0.0020577968144301637 0.019903470031057413
v -0.004499984954948742 0.0019323932850286865 0.020202788358872903
v -0.00420018406790623 0.0020577968144301637 0.019903470031057413
v -0.004200679501737135 0.0019258844575100612 0.019781926141007045
v -0.004499984954948742 0.0019323932850286865 0.020202788358872903
v -0.004200679501737135 0.0019258844575100612 0.019781926141007045
v -0.004199698647656123 0.0018100293542365484 0.019636548021308986
v -0.004499990200157731 0.0014645977715910259 0.019660281161474336
v -0.004199992856196709 0.0016900907365555169 0.019423394172073394
v -0.004200438698960805 0.0016199725443670494 0.01919785018553055
v -0.004499994491692359 0.00129399854130477 0.019115382148776616
v -0.004200337609478464 0.0016117858460183022 0.018697716647371188
v -0.004200249394600007 0.001657108743221073 0.018527287409539905
v -0.004499992107506455 0.0013256104622093319 0.018559750484812287
v -0.004200249394600007 0.001657108743221073 0.018527287409539905
v -0.004200089177307241 0.001740515433965515 0.018332789338167954
v -0.004499992107506455 0.0013256104622093319 0.018559750484812287
v -0.0041979038325073974 0.0018917624656854962 0.01811178484158682
v -0.004199791630906389 0.002098129133698141 0.01792141999489849
v -0.004499982570762838 0.00207773218486862 0.0175653618572591
v -0.004199791630906389 0.002098129133698141 0.01792141999489849
v -0.004200409611892773 0.0023408030191258986 0.017781218419635758
v -0.004499982570762838 0.00207773218486862 0.0175653618572591
v -0.004200409611892773 0.0023408030191258986 0.017781218419635758
v -0.0042002021877191025 0.0025272353895837442 0.017718623049230997
v -0.004499982570762838 0.00207773218486862 0.0175653618572591
v -0.004199513157992772 0.0035060352560205305 0.017867703332801188
v -0.004201245507470806 0.003705018696334163 0.0180226525283933
v -0.004499996399041082 0.003988319586407664 0.017872557535302258
v -0.004201245507470806 0.003705018696334163 0.0180226525283933
v -0.00419876738464192 0.0038533763331567734 0.018193167596917137
v -0.004499996399041082 0.003988319586407664 0.017872557535302258
v -0.00419876738464192 0.0038533763331567734 0.018193167596917137
v -0.004201649865400168 0.003990473698372162 0.01842614642878382
v -0.004499999736901348 0.004285115445536449 0.018349165834307124
v -0.004201649865400168 0.003990473698372162 0.01842614642878382
v -0.004199525555759474 0.004065547659381221 0.01867138760559328
v -0.004499999736901348 0.004285115445536449 0.018349165834307124
v -0.004199525555759474 0.004065547659381221 0.01867138760559328
v -0.004200039109403251 0.004090558723191253 0.018858042659014584
v -0.004500000213738529 0.004384132116651842 0.018757170614428498
v -0.004499991153832093 0.002754039418376987 0.01737151419180183
v -0.004499991153832093 0.003396025818956373 0.01747223746318749
v -0.004500009750482146 0.0030705381898185626 0.01673164828616569
v -0.004500001167412891 0.0038522829455010805 0.016939837306674255
v -0.004500009750482146 0.0030705381898185626 0.01673164828616569
v -0.004499991153832093 0.003396025818956373 0.01747223746318749
v -0.004500009750482146 0.0030705381898185626 0.01673164828616569
v -0.00450000069057571 0.0025248214013556826 0.016749756654945713
v -0.004499991153832093 0.002754039418376987 0.01737151419180183
v -0.004499999736901348 0.004285115445536449 0.018349165834307124
v -0.004500000213738529 0.006836397495731952 0.01759890449190893
v -0.004500000213738529 0.005993064211352042 0.017459313268237686
v -0.004499996399041082 0.003988319586407664 0.017872557535302258
v -0.004500000213738529 0.005018308401046059 0.017256176814497426
v -0.004500001167412891 0.0038522829455010805 0.016939837306674255
v -0.004500001167412891 0.0038522829455010805 0.016939837306674255
v -0.004499991153832093 0.003396025818956373 0.01747223746318749
v -0.004499996399041082 0.003988319586407664 0.017872557535302258
v -0.004499982570762838 0.00207773218486862 0.0175653618572591
v -0.004499991153832093 0.002754039418376987 0.01737151419180183
v -0.004500030731318104 0.0019566608404644756 0.01689729389339867
v -0.004500000213738529 0.004384132116651842 0.018757170614428498
v -0.004500000213738529 0.009487040016650242 0.017799233328328334
v -0.004500000213738529 0.009149608092969278 0.01779285324684854
v -0.004500000213738529 0.004384132116651842 0.018757170614428498
v -0.004500000213738529 0.009149608092969278 0.01779285324684854
v -0.004500000213738529 0.00851564924632953 0.017767475972083613
v -0.004499999736901348 0.004285115445536449 0.018349165834307124
v -0.004500000213738529 0.005993064211352042 0.017459313268237686
v -0.004500000213738529 0.005018308401046059 0.017256176814497426
v -0.004499982570762838 0.00207773218486862 0.0175653618572591
v -0.004500030731318104 0.0019566608404644756 0.01689729389339867
v -0.004500011180993689 0.0012910771983162823 0.017354676117271595
v -0.004500000213738529 0.004384132116651842 0.018757170614428498
v -0.004500000213738529 0.010283029091017753 0.017807665717034515
v -0.004500000213738529 0.009487040016650242 0.017799233328328334
v -0.004499999736901348 0.004285115445536449 0.018349165834307124
v -0.004500000213738529 0.0076625078979766816 0.0176983002485831
v -0.004500000213738529 0.006836397495731952 0.01759890449190893
v -0.004499996399041082 0.003988319586407664 0.017872557535302258
v -0.004499999736901348 0.004285115445536449 0.018349165834307124
v -0.004500000213738529 0.005018308401046059 0.017256176814497426
v -0.004500000213738529 0.00851564924632953 0.017767475972083613
v -0.004499999736901348 0.004285115445536449 0.018349165834307124
v -0.004500000213738529 0.004384132116651842 0.018757170614428498
v -0.004499999736901348 0.004285115445536449 0.018349165834307124
v -0.004500000213738529 0.00851564924632953 0.017767475972083613
v -0.004500000213738529 0.0076625078979766816 0.0176983002485831
v -0.004500011180993689 0.0012910771983162823 0.017354676117271595
v -0.004499988769646189 0.0015723839552994618 0.01801884927503883
v -0.004499982570762838 0.00207773218486862 0.0175653618572591
v -0.004499988769646189 0.0015723839552994618 0.01801884927503883
v -0.004500011180993689 0.0012910771983162823 0.017354676117271595
v -0.004500007366296242 0.0009045737219352816 0.017870869531682043
v -0.004500000213738529 0.0065537184013422815 0.02037389852019844
v -0.004500000213738529 0.007578566911171095 0.020265959748592133
v -0.004500000213738529 0.004342221943152426 0.019341746295270523
v -0.004500007366296242 0.0009045737219352816 0.017870869531682043
v -0.004499992107506455 0.0013256104622093319 0.018559750484812287
v -0.004499988769646189 0.0015723839552994618 0.01801884927503883
v -0.0045000021210872525 0.0019221368748964527 0.020930804293110006
v -0.004499985908623104 0.0025725148946030576 0.02046725179611686
v -0.004499984954948742 0.0019323932850286865 0.020202788358872903
v -0.004500000213738529 0.004342221943152426 0.019341746295270523
v -0.004500000213738529 0.004196930130984102 0.019686291676015433
v -0.004500000213738529 0.0065537184013422815 0.02037389852019844
v -0.00450000069057571 0.0025248214013556826 0.016749756654945713
v -0.004500030731318104 0.0019566608404644756 0.01689729389339867
v -0.004499991153832093 0.002754039418376987 0.01737151419180183
v -0.004499999736901348 0.003291558422026665 0.02108633141536531
v -0.0044999925843436355 0.0035195714714919574 0.020334715855373497
v -0.004500000213738529 0.003078502801250328 0.020462470072867278
v -0.0044999992600641674 0.003948405930184475 0.020024399754818845
v -0.0044999925843436355 0.0035195714714919574 0.020334715855373497
v -0.004500000213738529 0.004372693269520391 0.02078563025972535
v -0.004500000213738529 0.004372693269520391 0.02078563025972535
v -0.004500000213738529 0.004196930130984102 0.019686291676015433
v -0.0044999992600641674 0.003948405930184475 0.020024399754818845
v -0.004500000213738529 0.005572719838664589 0.020532519362083113
v -0.004500000213738529 0.0065537184013422815 0.02037389852019844
v -0.004500000213738529 0.004196930130984102 0.019686291676015433
v -0.0045000021210872525 0.0019221368748964527 0.020930804293110006
v -0.004500029777643742 0.0026070622251929423 0.02113455300579048
v -0.004499985908623104 0.0025725148946030576 0.02046725179611686
v -0.004500029777643742 0.0026070622251929423 0.02113455300579048
v -0.004499999736901348 0.003291558422026665 0.02108633141536531
v -0.004500000213738529 0.003078502801250328 0.020462470072867278
v -0.004499999736901348 0.003291558422026665 0.02108633141536531
v -0.004500000213738529 0.004372693269520391 0.02078563025972535
v -0.0044999925843436355 0.0035195714714919574 0.020334715855373497
v -0.004500000213738529 0.004372693269520391 0.02078563025972535
v -0.004500000213738529 0.005572719838664589 0.020532519362083113
v -0.004500000213738529 0.004196930130984102 0.019686291676015433
v -0.004500000213738529 0.007578566911171095 0.020265959748592133
v -0.004500000213738529 0.008408102434885881 0.020213482863165044
v -0.004500000213738529 0.004342221943152426 0.019341746295270523
v -0.004499994491692359 0.00129399854130477 0.019115382148776616
v -0.004499992107506455 0.0013256104622093319 0.018559750484812287
v -0.004500001644250072 0.0006408355540434011 0.018817151009733468
v -0.004499994491692359 0.00129399854130477 0.019115382148776616
v -0.004500002597924433 0.0006645434814428131 0.019270651778954262
v -0.00450000069057571 0.0007439294214736661 0.01959814164741447
v -0.004499990200157731 0.0014645977715910259 0.019660281161474336
v -0.004499994491692359 0.00129399854130477 0.019115382148776616
v -0.00450000069057571 0.0007439294214736661 0.01959814164741447
v -0.004500029777643742 0.0026070622251929423 0.02113455300579048
v -0.004500000213738529 0.003078502801250328 0.020462470072867278
v -0.004499985908623104 0.0025725148946030576 0.02046725179611686
v -0.004500007366296242 0.0009045737219352816 0.017870869531682043
v -0.004500004505273157 0.0007123892645648225 0.018352923311292235
v -0.004499992107506455 0.0013256104622093319 0.018559750484812287
v -0.004499992107506455 0.0013256104622093319 0.018559750484812287
v -0.004500004505273157 0.0007123892645648225 0.018352923311292235
v -0.004500001644250072 0.0006408355540434011 0.018817151009733468
v -0.004500002597924433 0.0015831566608892629 0.02073775389941912
v -0.0045000021210872525 0.0019221368748964527 0.020930804293110006
v -0.004499984954948742 0.0019323932850286865 0.020202788358872903
v -0.004500000213738529 0.00929287191660744 0.020198714261999706
v -0.004500000213738529 0.010257606993557827 0.020207530027799292
v -0.004500000213738529 0.004342221943152426 0.019341746295270523
v -0.004500000213738529 0.010257606993557827 0.020207530027799292
v -0.004500000213738529 0.010283029091017753 0.017807665717034515
v -0.004500000213738529 0.004395690173078505 0.01894697660794087
v -0.004500003551598795 0.0012524948715020307 0.020457114237651952
v -0.004500002597924433 0.0015831566608892629 0.02073775389941912
v -0.004499984954948742 0.0019323932850286865 0.020202788358872903
v -0.004500000213738529 0.008408102434885881 0.020213482863165044
v -0.004500000213738529 0.00929287191660744 0.020198714261999706
v -0.004500000213738529 0.004342221943152426 0.019341746295270523
v -0.004500000213738529 0.010257606993557827 0.020207530027799292
v -0.004500000213738529 0.004395690173078505 0.01894697660794087
v -0.004500000213738529 0.004342221943152426 0.019341746295270523
v -0.00450000069057571 0.0007439294214736661 0.01959814164741447
v -0.004500008319970604 0.0009087806775679931 0.019996317859564128
v -0.004499990200157731 0.0014645977715910259 0.019660281161474336
v -0.004499990200157731 0.0014645977715910259 0.019660281161474336
v -0.004500008319970604 0.0009087806775679931 0.019996317859564128
v -0.004500003551598795 0.0012524948715020307 0.020457114237651952
v -0.004500001644250072 0.0006408355540434011 0.018817151009733468
v -0.004500002597924433 0.0006645434814428131 0.019270651778954262
v -0.004499994491692359 0.00129399854130477 0.019115382148776616
v -0.004500003551598795 0.0012524948715020307 0.020457114237651952
v -0.004499984954948742 0.0019323932850286865 0.020202788358872903
v -0.004499990200157731 0.0014645977715910259 0.019660281161474336
v -0.004500000213738529 0.004384132116651842 0.018757170614428498
v -0.004500000213738529 0.004395690173078505 0.01894697660794087
v -0.004500000213738529 0.010283029091017753 0.017807665717034515
v -0.004500000213738529 0.00929287191660744 0.020198714261999706
v -0.004500000213738529 0.008408102434885881 0.020213482863165044
v -0.004200000008754421 0.008793466031986056 0.020503092785978394
v -0.004500000213738529 0.008408102434885881 0.020213482863165044
v -0.004500000213738529 0.007578566911171095 0.020265959748592133
v -0.0041998455135078255 0.007935515303827138 0.02054034521389525
v -0.004500000213738529 0.007578566911171095 0.020265959748592133
v -0.004500000213738529 0.0065537184013422815 0.02037389852019844
v -0.004199845036670645 0.006941984029525119 0.0206305475497226
v -0.004500000213738529 0.0065537184013422815 0.02037389852019844
v -0.004500000213738529 0.005572719838664589 0.020532519362083113
v -0.004199846467182187 0.005954496666490397 0.02077012542195278
v -0.004500000213738529 0.005572719838664589 0.020532519362083113
v -0.004500000213738529 0.004372693269520391 0.02078563025972535
v -0.004200000008754421 0.005164714104868853 0.020918932954655522
v -0.004500000213738529 0.004372693269520391 0.02078563025972535
v -0.004499999736901348 0.003291558422026665 0.02108633141536531
v -0.004200149735629209 0.003451633140475753 0.02135451418261991
v -0.004200149735629209 0.003451633140475753 0.02135451418261991
v -0.004199828347369315 0.00400179929667316 0.021197207504005666
v -0.004500000213738529 0.004372693269520391 0.02078563025972535
v -0.004199828347369315 0.00400179929667316 0.021197207504005666
v -0.004200000008754421 0.004516070580407596 0.02106545739093635
v -0.004500000213738529 0.004372693269520391 0.02078563025972535
v -0.004200000008754421 0.004516070580407596 0.02106545739093635
v -0.004200000008754421 0.004839783421558276 0.0209894991353754
v -0.004500000213738529 0.004372693269520391 0.02078563025972535
v -0.004200000008754421 0.004839783421558276 0.0209894991353754
v -0.004200000008754421 0.005164714104868853 0.020918932954655522
v -0.004500000213738529 0.004372693269520391 0.02078563025972535
v -0.004200000008754421 0.005164714104868853 0.020918932954655522
v -0.004200000008754421 0.005490772984949324 0.020853779829612673
v -0.004500000213738529 0.005572719838664589 0.020532519362083113
v -0.004200000008754421 0.005490772984949324 0.020853779829612673
v -0.004199846467182187 0.005954496666490397 0.02077012542195278
v -0.004500000213738529 0.005572719838664589 0.020532519362083113
v -0.004199846467182187 0.005954496666490397 0.02077012542195278
v -0.004200000008754421 0.006474816629863936 0.02069095900583906
v -0.004500000213738529 0.0065537184013422815 0.02037389852019844
v -0.004200000008754421 0.006474816629863936 0.02069095900583906
v -0.004199845036670645 0.006941984029525119 0.0206305475497226
v -0.004500000213738529 0.0065537184013422815 0.02037389852019844
v -0.004199845036670645 0.006941984029525119 0.0206305475497226
v -0.004200000008754421 0.007465753909902121 0.020577401184893596
v -0.004500000213738529 0.007578566911171095 0.020265959748592133
v -0.004200000008754421 0.007465753909902121 0.020577401184893596
v -0.0041998455135078255 0.007935515303827138 0.02054034521389525
v -0.004500000213738529 0.007578566911171095 0.020265959748592133
v -0.0041998455135078255 0.007935515303827138 0.02054034521389525
v -0.004200000008754421 0.008461120053676056 0.020513390561736067
v -0.004500000213738529 0.008408102434885881 0.020213482863165044
v -0.004200000008754421 0.008461120053676056 0.020513390561736067
v -0.004200000008754421 0.008793466031986056 0.020503092785978394
v -0.004500000213738529 0.008408102434885881 0.020213482863165044
v -0.004200000008754421 0.008793466031986056 0.020503092785978394
v -0.004200073918517453 0.009246653996016211 0.02049728490911562
v -0.004500000213738529 0.00929287191660744 0.020198714261999706
v -0.004499999736901348 0.003291558422026665 0.02108633141536531
v -0.0042000319568455385 0.0032781128056196 0.021390574517584637
v -0.004200149735629209 0.003451633140475753 0.02135451418261991
v -0.004499999736901348 0.003291558422026665 0.02108633141536531
v -0.004199051579601707 0.00310352507073411 0.02141619593298616
v -0.0042000319568455385 0.0032781128056196 0.021390574517584637
v -0.004499999736901348 0.003291558422026665 0.02108633141536531
v -0.004500029777643742 0.0026070622251929423 0.02113455300579048
v -0.004199051579601707 0.00310352507073411 0.02141619593298616
v -0.004500029777643742 0.0026070622251929423 0.02113455300579048
v -0.00420076056405788 0.0027763620741613772 0.021430771891930434
v -0.004199051579601707 0.00310352507073411 0.02141619593298616
v -0.004500029777643742 0.0026070622251929423 0.02113455300579048
v -0.0045000021210872525 0.0019221368748964527 0.020930804293110006
v -0.0041996943561214955 0.0021751822074263247 0.021341214239971595
v -0.004200095853027773 0.001669489939831182 0.02114033036507368
v -0.0045000021210872525 0.0019221368748964527 0.020930804293110006
v -0.004500002597924433 0.0015831566608892629 0.02073775389941912
v -0.004500002597924433 0.0015831566608892629 0.02073775389941912
v -0.004200052460844315 0.0014332670654138714 0.020994973226211577
v -0.004200095853027773 0.001669489939831182 0.02114033036507368
v -0.004500002597924433 0.0015831566608892629 0.02073775389941912
v -0.004500003551598795 0.0012524948715020307 0.020457114237651952
v -0.004200685700620486 0.001242215096347935 0.02085271362167629
v -0.004199576577337825 0.0008576952626392773 0.02045270063270599
v -0.004500003551598795 0.0012524948715020307 0.020457114237651952
v -0.004500008319970604 0.0009087806775679931 0.019996317859564128
v -0.004500008319970604 0.0009087806775679931 0.019996317859564128
v -0.004200196465672932 0.0005306247128749819 0.019884346952756538
v -0.004200329026409209 0.000653078169847825 0.020141627314708144
v -0.004200196465672932 0.0005306247128749819 0.019884346952756538
v -0.004500008319970604 0.0009087806775679931 0.019996317859564128
v -0.00450000069057571 0.0007439294214736661 0.01959814164741447
v -0.00450000069057571 0.0007439294214736661 0.01959814164741447
v -0.004199991425685166 0.0004813648988954806 0.019753977760162966
v -0.004200196465672932 0.0005306247128749819 0.019884346952756538
v -0.00450000069057571 0.0007439294214736661 0.01959814164741447
v -0.004199656209147027 0.00042750333789984637 0.019582880950278492
v -0.004199991425685166 0.0004813648988954806 0.019753977760162966
v -0.004199656209147027 0.00042750333789984637 0.019582880950278492
v -0.00450000069057571 0.0007439294214736661 0.01959814164741447
v -0.004500002597924433 0.0006645434814428131 0.019270651778954262
v -0.004500002597924433 0.0006645434814428131 0.019270651778954262
v -0.0041994211284168675 0.00034289811690133373 0.01904697699416036
v -0.004199466904786229 0.00037327961906535536 0.019333992922709875
v -0.0041994211284168675 0.00034289811690133373 0.01904697699416036
v -0.004500002597924433 0.0006645434814428131 0.019270651778954262
v -0.004500001644250072 0.0006408355540434011 0.018817151009733468
v -0.004500001644250072 0.0006408355540434011 0.018817151009733468
v -0.00419947310366958 0.00034287066896111095 0.018827864587512844
v -0.0041994211284168675 0.00034289811690133373 0.01904697699416036
v -0.00419966336170474 0.00036527927464734977 0.01857577602878635
v -0.004500001644250072 0.0006408355540434011 0.018817151009733468
v -0.004500004505273157 0.0007123892645648225 0.018352923311292235
v -0.004500004505273157 0.0007123892645648225 0.018352923311292235
v -0.004500007366296242 0.0009045737219352816 0.017870869531682043
v -0.004200639924251124 0.0004496188377314805 0.018190905481331177
v -0.004500007366296242 0.0009045737219352816 0.017870869531682043
v -0.004199857911274528 0.0007370939008815098 0.01757615745103358
v -0.004199123582016016 0.0005947387500961079 0.017828444374027308
v -0.004500007366296242 0.0009045737219352816 0.017870869531682043
v -0.004500011180993689 0.0012910771983162823 0.017354676117271595
v -0.004200651368343465 0.0009183101494180186 0.01732947813328667
v -0.004200651368343465 0.0009183101494180186 0.01732947813328667
v -0.004199857911274528 0.0007370939008815098 0.01757615745103358
v -0.004500007366296242 0.0009045737219352816 0.017870869531682043
v -0.004500011180993689 0.0012910771983162823 0.017354676117271595
v -0.004201229295006657 0.0015018699882508875 0.01681603893043282
v -0.004199553212315963 0.0011899482576990116 0.017046471451753753
v -0.004500011180993689 0.0012910771983162823 0.017354676117271595
v -0.004500030731318104 0.0019566608404644756 0.01689729389339867
v -0.004201229295006657 0.0015018699882508875 0.01681603893043282
v -0.004500030731318104 0.0019566608404644756 0.01689729389339867
v -0.00450000069057571 0.0025248214013556826 0.016749756654945713
v -0.00419956799426857 0.0023840991198914594 0.016469666309610886
v -0.00450000069057571 0.0025248214013556826 0.016749756654945713
v -0.004200583657463784 0.002687684425219801 0.01643147928081956
v -0.00419956799426857 0.0023840991198914594 0.016469666309610886
v -0.00450000069057571 0.0025248214013556826 0.016749756654945713
v -0.004500009750482146 0.0030705381898185626 0.01673164828616569
v -0.004200583657463784 0.002687684425219801 0.01643147928081956
v -0.004500009750482146 0.0030705381898185626 0.01673164828616569
v -0.004500001167412891 0.0038522829455010805 0.016939837306674255
v -0.004199711045422825 0.003325498500466735 0.016471983738309826
v -0.004500001167412891 0.0038522829455010805 0.016939837306674255
v -0.004200026234799368 0.003912709421988738 0.01664406092543813
v -0.004199711045422825 0.003325498500466735 0.016471983738309826
v -0.004199711045422825 0.003325498500466735 0.016471983738309826
v -0.004199595650825059 0.0029902836312581406 0.016432907885013393
v -0.004500009750482146 0.0030705381898185626 0.01673164828616569
v -0.004199595650825059 0.0029902836312581406 0.016432907885013393
v -0.004200583657463784 0.002687684425219801 0.01643147928081956
v -0.004500009750482146 0.0030705381898185626 0.01673164828616569
v -0.00419956799426857 0.0023840991198914594 0.016469666309610886
v -0.0042001573650241025 0.002133212429279303 0.016530596564580113
v -0.004500030731318104 0.0019566608404644756 0.01689729389339867
v -0.0042001573650241025 0.002133212429279303 0.016530596564580113
v -0.004198665818322398 0.0018453225773865803 0.016632641628631095
v -0.004500030731318104 0.0019566608404644756 0.01689729389339867
v -0.004198665818322398 0.0018453225773865803 0.016632641628631095
v -0.004201229295006657 0.0015018699882508875 0.01681603893043282
v -0.004500030731318104 0.0019566608404644756 0.01689729389339867
v -0.004199553212315963 0.0011899482576990116 0.017046471451753753
v -0.004200651368343465 0.0009183101494180186 0.01732947813328667
v -0.004500011180993689 0.0012910771983162823 0.017354676117271595
v -0.004199123582016016 0.0005947387500961079 0.017828444374027308
v -0.004200639924251124 0.0004496188377314805 0.018190905481331177
v -0.004500007366296242 0.0009045737219352816 0.017870869531682043
v -0.004200639924251124 0.0004496188377314805 0.018190905481331177
v -0.00419966336170474 0.00036527927464734977 0.01857577602878635
v -0.004500004505273157 0.0007123892645648225 0.018352923311292235
v -0.00419966336170474 0.00036527927464734977 0.01857577602878635
v -0.00419947310366958 0.00034287066896111095 0.018827864587512844
v -0.004500001644250072 0.0006408355540434011 0.018817151009733468
v -0.004199466904786229 0.00037327961906535536 0.019333992922709875
v -0.004199656209147027 0.00042750333789984637 0.019582880950278492
v -0.004500002597924433 0.0006645434814428131 0.019270651778954262
v -0.004200329026409209 0.000653078169847825 0.020141627314708144
v -0.004199576577337825 0.0008576952626392773 0.02045270063270599
v -0.004500008319970604 0.0009087806775679931 0.019996317859564128
v -0.004199576577337825 0.0008576952626392773 0.02045270063270599
v -0.0041999418346183575 0.0010348055854207676 0.02065817740332987
v -0.004500003551598795 0.0012524948715020307 0.020457114237651952
v -0.0041999418346183575 0.0010348055854207676 0.02065817740332987
v -0.004200685700620486 0.001242215096347935 0.02085271362167629
v -0.004500003551598795 0.0012524948715020307 0.020457114237651952
v -0.004200685700620486 0.001242215096347935 0.02085271362167629
v -0.004200052460844315 0.0014332670654138714 0.020994973226211577
v -0.004500002597924433 0.0015831566608892629 0.02073775389941912
v -0.004200095853027773 0.001669489939831182 0.02114033036507368
v -0.004200041016751975 0.0019260177335021092 0.021255576189639358
v -0.0045000021210872525 0.0019221368748964527 0.020930804293110006
v -0.004200041016751975 0.0019260177335021092 0.021255576189639358
v -0.0041996943561214955 0.0021751822074263247 0.021341214239971595
v -0.0045000021210872525 0.0019221368748964527 0.020930804293110006
v -0.0041996943561214955 0.0021751822074263247 0.021341214239971595
v -0.004199833115741123 0.002468530772156142 0.021401894632258056
v -0.004500029777643742 0.0026070622251929423 0.02113455300579048
v -0.004199833115741123 0.002468530772156142 0.021401894632258056
v -0.00420076056405788 0.0027763620741613772 0.021430771891930434
v -0.004500029777643742 0.0026070622251929423 0.02113455300579048
v -0.004500001167412891 0.0038522829455010805 0.016939837306674255
v -0.004500000213738529 0.005018308401046059 0.017256176814497426
v -0.004200000008754421 0.004560955264241164 0.016828305090073048
v -0.004500000213738529 0.005018308401046059 0.017256176814497426
v -0.004500000213738529 0.005993064211352042 0.017459313268237686
v -0.004199844559833464 0.005720715317648342 0.01710073361558595
v -0.004500000213738529 0.005993064211352042 0.017459313268237686
v -0.004500000213738529 0.006836397495731952 0.01759890449190893
v -0.004199845036670645 0.006702696164918589 0.01727482877766362
v -0.004500000213738529 0.006836397495731952 0.01759890449190893
v -0.004500000213738529 0.0076625078979766816 0.0176983002485831
v -0.004200000008754421 0.00749963748313626 0.017378735414068647
v -0.004500000213738529 0.0076625078979766816 0.0176983002485831
v -0.004500000213738529 0.00851564924632953 0.017767475972083613
v -0.004200000008754421 0.008161706358424396 0.017440966480867237
v -0.004500000213738529 0.00851564924632953 0.017767475972083613
v -0.004500000213738529 0.009149608092969278 0.01779285324684854
v -0.004200000008754421 0.00915777249917982 0.01749296462176475
v -0.004500000213738529 0.009149608092969278 0.01779285324684854
v -0.004500000213738529 0.009487040016650242 0.017799233328328334
v -0.004200000008754421 0.009490217659623438 0.017499249335808376
v -0.004200000008754421 0.009490217659623438 0.017499249335808376
v -0.004200000008754421 0.00915777249917982 0.01749296462176475
v -0.004500000213738529 0.009149608092969278 0.01779285324684854
v -0.004200000008754421 0.00915777249917982 0.01749296462176475
v -0.004199845036670645 0.008686909134529856 0.017475226278637068
v -0.004500000213738529 0.00851564924632953 0.017767475972083613
v -0.004199845036670645 0.008686909134529856 0.017475226278637068
v -0.004200000008754421 0.008161706358424396 0.017440966480867237
v -0.004500000213738529 0.00851564924632953 0.017767475972083613
v -0.004200000008754421 0.008161706358424396 0.017440966480867237
v -0.004200000008754421 0.007830413236609716 0.017412602298001456
v -0.004500000213738529 0.0076625078979766816 0.0176983002485831
v -0.004200000008754421 0.007830413236609716 0.017412602298001456
v -0.004200000008754421 0.00749963748313626 0.017378735414068647
v -0.004500000213738529 0.0076625078979766816 0.0176983002485831
v -0.004200000008754421 0.00749963748313626 0.017378735414068647
v -0.004200000008754421 0.007169470650742752 0.017339373458463703
v -0.004500000213738529 0.006836397495731952 0.01759890449190893
v -0.004200000008754421 0.007169470650742752 0.017339373458463703
v -0.004199845036670645 0.006702696164918589 0.01727482877766362
v -0.004500000213738529 0.006836397495731952 0.01759890449190893
v -0.004199845036670645 0.006702696164918589 0.01727482877766362
v -0.004200000008754421 0.006183534439057339 0.017188437324585637
v -0.004500000213738529 0.005993064211352042 0.017459313268237686
v -0.004200000008754421 0.006183534439057339 0.017188437324585637
v -0.004199844559833464 0.005720715317648342 0.01710073361558595
v -0.004500000213738529 0.005993064211352042 0.017459313268237686
v -0.004199844559833464 0.005720715317648342 0.01710073361558595
v -0.0041998455135078255 0.005071181538170435 0.01695751079994534
v -0.004500000213738529 0.005018308401046059 0.017256176814497426
v -0.0041998455135078255 0.005071181538170435 0.01695751079994534
v -0.004200000008754421 0.004560955264241164 0.016828305090073048
v -0.004500000213738529 0.005018308401046059 0.017256176814497426
v -0.004200000008754421 0.004560955264241164 0.016828305090073048
v -0.004200000008754421 0.004240345202626285 0.0167401645982157
v -0.004500001167412891 0.0038522829455010805 0.016939837306674255
v -0.004200000008754421 0.004240345202626285 0.0167401645982157
v -0.004200026234799368 0.003912709421988738 0.01664406092543813
v -0.004500001167412891 0.0038522829455010805 0.016939837306674255
v -0.004200149735629209 0.003451633140475753 0.02135451418261991
v -0.0022999802728174137 0.0033860999761997647 0.021368386329885247
v -0.0022997835774803124 0.0040140020369683355 0.0211935759120363
v -0.004200149735629209 0.003451633140475753 0.02135451418261991
v -0.0042000319568455385 0.0032781128056196 0.021390574517584637
v -0.0022999802728174137 0.0033860999761997647 0.021368386329885247
v -0.0042000319568455385 0.0032781128056196 0.021390574517584637
v -0.0023004773755784516 0.0031356047689130874 0.021412503305857644
v -0.0022999802728174137 0.0033860999761997647 0.021368386329885247
v -0.0023004773755784516 0.0031356047689130874 0.021412503305857644
v -0.0042000319568455385 0.0032781128056196 0.021390574517584637
v -0.004199051579601707 0.00310352507073411 0.02141619593298616
v -0.002300001730490552 0.002936804434076902 0.021426999156155535
v -0.0023004773755784516 0.0031356047689130874 0.021412503305857644
v -0.004199051579601707 0.00310352507073411 0.02141619593298616
v -0.0023002377648950736 0.0027089725827403334 0.021427187983679152
v -0.00420076056405788 0.0027763620741613772 0.021430771891930434
v -0.004199833115741123 0.002468530772156142 0.021401894632258056
v -0.004199833115741123 0.002468530772156142 0.021401894632258056
v -0.002300305714193345 0.002450160381345241 0.021399106088424436
v -0.0023002377648950736 0.0027089725827403334 0.021427187983679152
v -0.002300305714193345 0.002450160381345241 0.021399106088424436
v -0.004199833115741123 0.002468530772156142 0.021401894632258056
v -0.0041996943561214955 0.0021751822074263247 0.021341214239971595
v -0.0041996943561214955 0.0021751822074263247 0.021341214239971595
v -0.0023004470964174675 0.002144878250908839 0.021332741796942223
v -0.002300305714193345 0.002450160381345241 0.021399106088424436
v -0.0023004470964174675 0.002144878250908839 0.021332741796942223
v -0.0041996943561214955 0.0021751822074263247 0.021341214239971595
v -0.004200041016751975 0.0019260177335021092 0.021255576189639358
v -0.004200041016751975 0.0019260177335021092 0.021255576189639358
v -0.0022999902863982116 0.0019054194401729738 0.021246850069229772
v -0.0023004470964174675 0.002144878250908839 0.021332741796942223
v -0.0022999902863982116 0.0019054194401729738 0.021246850069229772
v -0.004200041016751975 0.0019260177335021092 0.021255576189639358
v -0.004200095853027773 0.001669489939831182 0.02114033036507368
v -0.004200095853027773 0.001669489939831182 0.02114033036507368
v -0.004200052460844315 0.0014332670654138714 0.020994973226211577
v -0.002299286713137865 0.0016165798478252897 0.021112576533799388
v -0.0023002871175432918 0.0012867160454602129 0.02088888839756442
v -0.002299286713137865 0.0016165798478252897 0.021112576533799388
v -0.004200052460844315 0.0014332670654138714 0.020994973226211577
v -0.0023002871175432918 0.0012867160454602129 0.02088888839756442
v -0.004200052460844315 0.0014332670654138714 0.020994973226211577
v -0.004200685700620486 0.001242215096347935 0.02085271362167629
v -0.004200685700620486 0.001242215096347935 0.02085271362167629
v -0.002300374140328797 0.0010494593880348156 0.020673993138944358
v -0.0023002871175432918 0.0012867160454602129 0.02088888839756442
v -0.002300374140328797 0.0010494593880348156 0.020673993138944358
v -0.004200685700620486 0.001242215096347935 0.02085271362167629
v -0.0041999418346183575 0.0010348055854207676 0.02065817740332987
v -0.002300374140328797 0.0010494593880348156 0.020673993138944358
v -0.0041999418346183575 0.0010348055854207676 0.02065817740332987
v -0.004199576577337825 0.0008576952626392773 0.02045270063270599
v -0.004199576577337825 0.0008576952626392773 0.02045270063270599
v -0.0022993565697848597 0.0008643985205183949 0.020460677165067276
v -0.002300374140328797 0.0010494593880348156 0.020673993138944358
v -0.002299889196915871 0.0006690460761276526 0.020172919277864354
v -0.004199576577337825 0.0008576952626392773 0.02045270063270599
v -0.004200329026409209 0.000653078169847825 0.020141627314708144
v -0.002299889196915871 0.0006690460761276526 0.020172919277864354
v -0.004200329026409209 0.000653078169847825 0.020141627314708144
v -0.004200196465672932 0.0005306247128749819 0.019884346952756538
v -0.004200196465672932 0.0005306247128749819 0.019884346952756538
v -0.0022996555466972537 0.0005219508657413471 0.019863371838845234
v -0.002299889196915871 0.0006690460761276526 0.020172919277864354
v -0.0022996555466972537 0.0005219508657413471 0.019863371838845234
v -0.004200196465672932 0.0005306247128749819 0.019884346952756538
v -0.004199991425685166 0.0004813648988954806 0.019753977760162966
v -0.0022999707360737967 0.00044513203827825664 0.01964349267801091
v -0.004199991425685166 0.0004813648988954806 0.019753977760162966
v -0.004199656209147027 0.00042750333789984637 0.019582880950278492
v -0.004199656209147027 0.00042750333789984637 0.019582880950278492
v -0.0022999380727269083 0.0003927585371124415 0.019436709373511496
v -0.0022999707360737967 0.00044513203827825664 0.01964349267801091
v -0.0022999380727269083 0.0003927585371124415 0.019436709373511496
v -0.004199656209147027 0.00042750333789984637 0.019582880950278492
v -0.004199466904786229 0.00037327961906535536 0.019333992922709875
v -0.002299679150137706 0.00035294823534820166 0.019176398234438397
v -0.0022999380727269083 0.0003927585371124415 0.019436709373511496
v -0.004199466904786229 0.00037327961906535536 0.019333992922709875
v -0.004199466904786229 0.00037327961906535536 0.019333992922709875
v -0.0041994211284168675 0.00034289811690133373 0.01904697699416036
v -0.002299679150137706 0.00035294823534820166 0.019176398234438397
v -0.00419947310366958 0.00034287066896111095 0.018827864587512844
v -0.00419966336170474 0.00036527927464734977 0.01857577602878635
v -0.0023002191682450204 0.00035400457871540713 0.018673163347254773
v -0.002300248016894462 0.0003800547601494864 0.01848506443084985
v -0.00419966336170474 0.00036527927464734977 0.01857577602878635
v -0.004200639924251124 0.0004496188377314805 0.018190905481331177
v -0.0023000177045361106 0.0004575427391889308 0.018166094689137102
v -0.002300248016894462 0.0003800547601494864 0.01848506443084985
v -0.004200639924251124 0.0004496188377314805 0.018190905481331177
v -0.004199123582016016 0.0005947387500961079 0.017828444374027308
v -0.0022998558183132114 0.0005924007577937445 0.017834355247721145
v -0.0023000177045361106 0.0004575427391889308 0.018166094689137102
v -0.0023000177045361106 0.0004575427391889308 0.018166094689137102
v -0.004200639924251124 0.0004496188377314805 0.018190905481331177
v -0.004199123582016016 0.0005947387500961079 0.017828444374027308
v -0.004199123582016016 0.0005947387500961079 0.017828444374027308
v -0.004199857911274528 0.0007370939008815098 0.01757615745103358
v -0.002299982180166137 0.0006800641144470019 0.017672442321939874
v -0.002300707211099622 0.0007640046244154073 0.017536330102340125
v -0.002299982180166137 0.0006800641144470019 0.017672442321939874
v -0.004199857911274528 0.0007370939008815098 0.01757615745103358
v -0.002300707211099622 0.0007640046244154073 0.017536330102340125
v -0.004199857911274528 0.0007370939008815098 0.01757615745103358
v -0.004200651368343465 0.0009183101494180186 0.01732947813328667
v -0.004199553212315963 0.0011899482576990116 0.017046471451753753
v -0.002300354351585792 0.0011523346256176602 0.01708463749970912
v -0.0022999044557056583 0.000963883624559327 0.017275250301731493
v -0.004199553212315963 0.0011899482576990116 0.017046471451753753
v -0.0023001173635069086 0.0013706957752867433 0.016904885141317827
v -0.002300354351585792 0.0011523346256176602 0.01708463749970912
v -0.004201229295006657 0.0015018699882508875 0.01681603893043282
v -0.0022993146081129448 0.0017249095067106014 0.0166889007865767
v -0.0023001173635069086 0.0013706957752867433 0.016904885141317827
v -0.0022993146081129448 0.0017249095067106014 0.0166889007865767
v -0.004201229295006657 0.0015018699882508875 0.01681603893043282
v -0.004198665818322398 0.0018453225773865803 0.016632641628631095
v -0.004198665818322398 0.0018453225773865803 0.016632641628631095
v -0.002300384630746776 0.0019942803138012924 0.01657618601376698
v -0.0022993146081129448 0.0017249095067106014 0.0166889007865767
v -0.002300384630746776 0.0019942803138012924 0.01657618601376698
v -0.004198665818322398 0.0018453225773865803 0.016632641628631095
v -0.0042001573650241025 0.002133212429279303 0.016530596564580113
v -0.0042001573650241025 0.002133212429279303 0.016530596564580113
v -0.002299984802770632 0.002160278899757396 0.016523587058021594
v -0.002300384630746776 0.0019942803138012924 0.01657618601376698
v -0.002299348225134195 0.002361568086259037 0.01647392351196153
v -0.0042001573650241025 0.002133212429279303 0.016530596564580113
v -0.00419956799426857 0.0023840991198914594 0.016469666309610886
v -0.0023004437585572015 0.002680669673452292 0.01643140680156807
v -0.002299348225134195 0.002361568086259037 0.01647392351196153
v -0.00419956799426857 0.0023840991198914594 0.016469666309610886
v -0.00419956799426857 0.0023840991198914594 0.016469666309610886
v -0.004200583657463784 0.002687684425219801 0.01643147928081956
v -0.0023004437585572015 0.002680669673452292 0.01643140680156807
v -0.0023004437585572015 0.002680669673452292 0.01643140680156807
v -0.004200583657463784 0.002687684425219801 0.01643147928081956
v -0.004199595650825059 0.0029902836312581406 0.016432907885013393
v -0.004199595650825059 0.0029902836312581406 0.016432907885013393
v -0.0023001040120658447 0.00304755916765473 0.0164359806238068
v -0.0023004437585572015 0.002680669673452292 0.01643140680156807
v -0.0023001040120658447 0.00304755916765473 0.0164359806238068
v -0.004199595650825059 0.0029902836312581406 0.016432907885013393
v -0.004199711045422825 0.003325498500466735 0.016471983738309826
v -0.004199711045422825 0.003325498500466735 0.016471983738309826
v -0.004200026234799368 0.003912709421988738 0.01664406092543813
v -0.0022997208733910304 0.0034195903971782917 0.016491753407827936
v -0.0022997208733910304 0.0034195903971782917 0.016491753407827936
v -0.0023001040120658447 0.00304755916765473 0.0164359806238068
v -0.004199711045422825 0.003325498500466735 0.016471983738309826
v -0.002299348225134195 0.002361568086259037 0.01647392351196153
v -0.002299984802770632 0.002160278899757396 0.016523587058021594
v -0.0042001573650241025 0.002133212429279303 0.016530596564580113
v -0.004199553212315963 0.0011899482576990116 0.017046471451753753
v -0.004201229295006657 0.0015018699882508875 0.01681603893043282
v -0.0023001173635069086 0.0013706957752867433 0.016904885141317827
v -0.004200651368343465 0.0009183101494180186 0.01732947813328667
v -0.004199553212315963 0.0011899482576990116 0.017046471451753753
v -0.0022999044557056583 0.000963883624559327 0.017275250301731493
v -0.004200651368343465 0.0009183101494180186 0.01732947813328667
v -0.0022999044557056583 0.000963883624559327 0.017275250301731493
v -0.002300707211099622 0.0007640046244154073 0.017536330102340125
v -0.002299982180166137 0.0006800641144470019 0.017672442321939874
v -0.0022998558183132114 0.0005924007577937445 0.017834355247721145
v -0.004199123582016016 0.0005947387500961079 0.017828444374027308
v -0.002300248016894462 0.0003800547601494864 0.01848506443084985
v -0.0023002191682450204 0.00035400457871540713 0.018673163347254773
v -0.00419966336170474 0.00036527927464734977 0.01857577602878635
v -0.0023002191682450204 0.00035400457871540713 0.018673163347254773
v -0.0023001581330858714 0.0003396803898026228 0.01892029852134658
v -0.00419947310366958 0.00034287066896111095 0.018827864587512844
v -0.0041994211284168675 0.00034289811690133373 0.01904697699416036
v -0.00419947310366958 0.00034287066896111095 0.018827864587512844
v -0.0023001581330858714 0.0003396803898026228 0.01892029852134658
v -0.0041994211284168675 0.00034289811690133373 0.01904697699416036
v -0.0023001581330858714 0.0003396803898026228 0.01892029852134658
v -0.002299679150137706 0.00035294823534820166 0.019176398234438397
v -0.0022999707360737967 0.00044513203827825664 0.01964349267801091
v -0.0022996555466972537 0.0005219508657413471 0.019863371838845234
v -0.004199991425685166 0.0004813648988954806 0.019753977760162966
v -0.004199576577337825 0.0008576952626392773 0.02045270063270599
v -0.002299889196915871 0.0006690460761276526 0.020172919277864354
v -0.0022993565697848597 0.0008643985205183949 0.020460677165067276
v -0.002299286713137865 0.0016165798478252897 0.021112576533799388
v -0.0022999902863982116 0.0019054194401729738 0.021246850069229772
v -0.004200095853027773 0.001669489939831182 0.02114033036507368
v -0.00420076056405788 0.0027763620741613772 0.021430771891930434
v -0.0023002377648950736 0.0027089725827403334 0.021427187983679152
v -0.002300001730490552 0.002936804434076902 0.021426999156155535
v -0.004199051579601707 0.00310352507073411 0.02141619593298616
v -0.00420076056405788 0.0027763620741613772 0.021430771891930434
v -0.002300001730490552 0.002936804434076902 0.021426999156155535
v -0.002300000061560419 0.008793466031986056 0.020503092785978394
v -0.002300017942954701 0.009298973525173618 0.02049742414557243
v -0.004200073918517453 0.009246653996016211 0.02049728490911562
v -0.002300000061560419 0.008461120053676056 0.020513390561736067
v -0.002300000061560419 0.008793466031986056 0.020503092785978394
v -0.004200000008754421 0.008793466031986056 0.020503092785978394
v -0.0023001547952256054 0.007990595243424495 0.02053680135996716
v -0.002300000061560419 0.008461120053676056 0.020513390561736067
v -0.004200000008754421 0.008461120053676056 0.020513390561736067
v -0.002300000061560419 0.007465753909902121 0.020577401184893596
v -0.0023001547952256054 0.007990595243424495 0.02053680135996716
v -0.0041998455135078255 0.007935515303827138 0.02054034521389525
v -0.002300000061560419 0.007134827475879516 0.020609761263334914
v -0.002300000061560419 0.007465753909902121 0.020577401184893596
v -0.004200000008754421 0.007465753909902121 0.020577401184893596
v -0.0023001543183884246 0.006666820365942852 0.020664399174865622
v -0.002300000061560419 0.007134827475879516 0.020609761263334914
v -0.004199845036670645 0.006941984029525119 0.0206305475497226
v -0.002300155033644196 0.006008977698588605 0.020761109384537235
v -0.0023001543183884246 0.006666820365942852 0.020664399174865622
v -0.004200000008754421 0.006474816629863936 0.02069095900583906
v -0.002300000061560419 0.005490772984949324 0.020853779829612673
v -0.002300155033644196 0.006008977698588605 0.020761109384537235
v -0.004199846467182187 0.005954496666490397 0.02077012542195278
v -0.002300000061560419 0.005164714104868853 0.020918932954655522
v -0.002300000061560419 0.005490772984949324 0.020853779829612673
v -0.004200000008754421 0.005490772984949324 0.020853779829612673
v -0.002300000061560419 0.004839783421558276 0.0209894991353754
v -0.002300000061560419 0.005164714104868853 0.020918932954655522
v -0.004200000008754421 0.005164714104868853 0.020918932954655522
v -0.002300000061560419 0.004516070580407596 0.02106545739093635
v -0.002300000061560419 0.004839783421558276 0.0209894991353754
v -0.004200000008754421 0.004839783421558276 0.0209894991353754
v -0.0022997835774803124 0.0040140020369683355 0.0211935759120363
v -0.002300000061560419 0.004516070580407596 0.02106545739093635
v -0.004200000008754421 0.004516070580407596 0.02106545739093635
v -0.004199828347369315 0.00400179929667316 0.021197207504005666
v -0.004200149735629209 0.003451633140475753 0.02135451418261991
v -0.0022997835774803124 0.0040140020369683355 0.0211935759120363
v -0.004200000008754421 0.004516070580407596 0.02106545739093635
v -0.004199828347369315 0.00400179929667316 0.021197207504005666
v -0.0022997835774803124 0.0040140020369683355 0.0211935759120363
v -0.004200000008754421 0.004839783421558276 0.0209894991353754
v -0.004200000008754421 0.004516070580407596 0.02106545739093635
v -0.002300000061560419 0.004516070580407596 0.02106545739093635
v -0.004200000008754421 0.005164714104868853 0.020918932954655522
v -0.004200000008754421 0.004839783421558276 0.0209894991353754
v -0.002300000061560419 0.004839783421558276 0.0209894991353754
v -0.004200000008754421 0.005490772984949324 0.020853779829612673
v -0.004200000008754421 0.005164714104868853 0.020918932954655522
v -0.002300000061560419 0.005164714104868853 0.020918932954655522
v -0.004199846467182187 0.005954496666490397 0.02077012542195278
v -0.004200000008754421 0.005490772984949324 0.020853779829612673
v -0.002300000061560419 0.005490772984949324 0.020853779829612673
v -0.004200000008754421 0.006474816629863936 0.02069095900583906
v -0.004199846467182187 0.005954496666490397 0.02077012542195278
v -0.002300155033644196 0.006008977698588605 0.020761109384537235
v -0.004199845036670645 0.006941984029525119 0.0206305475497226
v -0.004200000008754421 0.006474816629863936 0.02069095900583906
v -0.0023001543183884246 0.006666820365942852 0.020664399174865622
v -0.004200000008754421 0.007465753909902121 0.020577401184893596
v -0.004199845036670645 0.006941984029525119 0.0206305475497226
v -0.002300000061560419 0.007134827475879516 0.020609761263334914
v -0.0041998455135078255 0.007935515303827138 0.02054034521389525
v -0.004200000008754421 0.007465753909902121 0.020577401184893596
v -0.002300000061560419 0.007465753909902121 0.020577401184893596
v -0.004200000008754421 0.008461120053676056 0.020513390561736067
v -0.0041998455135078255 0.007935515303827138 0.02054034521389525
v -0.0023001547952256054 0.007990595243424495 0.02053680135996716
v -0.004200000008754421 0.008793466031986056 0.020503092785978394
v -0.004200000008754421 0.008461120053676056 0.020513390561736067
v -0.002300000061560419 0.008461120053676056 0.020513390561736067
v -0.004200073918517453 0.009246653996016211 0.02049728490911562
v -0.004200000008754421 0.008793466031986056 0.020503092785978394
v -0.002300000061560419 0.008793466031986056 0.020503092785978394
v -0.004500000213738529 0.00929287191660744 0.020198714261999706
v -0.004200073918517453 0.009246653996016211 0.02049728490911562
v -0.004198410710430643 0.010683262378765606 0.020512055417629682
v -0.004198410710430643 0.010683262378765606 0.020512055417629682
v -0.004500000213738529 0.010257606993557827 0.020207530027799292
v -0.004500000213738529 0.00929287191660744 0.020198714261999706
v -0.00448314831093005 0.010906425994101637 0.02021440411259845
v -0.004198410710430643 0.010683262378765606 0.020512055417629682
v -0.004141009527436899 0.011488772937960362 0.020520588895818204
v -0.004397583693523664 0.011857716169900728 0.02022458363273527
v -0.004141009527436899 0.011488772937960362 0.020520588895818204
v -0.004027394486029732 0.012295014011716182 0.02052913000340162
v -0.0042740690354048354 0.01262332213277873 0.020232590682676133
v -0.004027394486029732 0.012295014011716182 0.02052913000340162
v -0.0038544117850949893 0.013152685790124302 0.020538214705371205
v -0.004023607445139408 0.013675437623120184 0.020243735321266998
v -0.0038544117850949893 0.013152685790124302 0.020538214705371205
v -0.003559528519898601 0.01416639490657124 0.020548953078683985
v -0.003683128055035621 0.014701964122988416 0.02025460911633914
v -0.003559528519898601 0.01416639490657124 0.020548953078683985
v -0.003139997631441681 0.015240213164361978 0.020560328506470382
v -0.003139997631441681 0.015240213164361978 0.020560328506470382
v -0.0032551802750808976 0.015695217878051178 0.020265131959246174
v -0.003400494021759541 0.015384642378070142 0.020261946686878085
v -0.003139997631441681 0.015240213164361978 0.020560328506470382
v -0.003400494021759541 0.015384642378070142 0.020261946686878085
v -0.0035711581019023924 0.014986930605334632 0.02025773335354808
v -0.003139997631441681 0.015240213164361978 0.020560328506470382
v -0.0035711581019023924 0.014986930605334632 0.02025773335354808
v -0.003683128055035621 0.014701964122988416 0.02025460911633914
v -0.003559528519898601 0.01416639490657124 0.020548953078683985
v -0.003683128055035621 0.014701964122988416 0.02025460911633914
v -0.0038010558503250007 0.014379972187223429 0.020251303681001476
v -0.003559528519898601 0.01416639490657124 0.020548953078683985
v -0.0038010558503250007 0.014379972187223429 0.020251303681001476
v -0.003936675973954111 0.013969068237042475 0.020246949203865938
v -0.003559528519898601 0.01416639490657124 0.020548953078683985
v -0.003936675973954111 0.013969068237042475 0.020246949203865938
v -0.004023607445139408 0.013675437623120184 0.020243735321266998
v -0.0038544117850949893 0.013152685790124302 0.020538214705371205
v -0.004023607445139408 0.013675437623120184 0.020243735321266998
v -0.004080970957995865 0.01346681181975396 0.020241526611445293
v -0.0038544117850949893 0.013152685790124302 0.020538214705371205
v -0.004080970957995865 0.01346681181975396 0.020241526611445293
v -0.004134714322975295 0.013257224712631138 0.020239306457531248
v -0.0038544117850949893 0.013152685790124302 0.020538214705371205
v -0.004134714322975295 0.013257224712631138 0.020239306457531248
v -0.004212856015987363 0.012923329967157731 0.020235873229829116
v -0.0038544117850949893 0.013152685790124302 0.020538214705371205
v -0.004212856015987363 0.012923329967157731 0.020235873229829116
v -0.0042740690354048354 0.01262332213277873 0.020232590682676133
v -0.004027394486029732 0.012295014011716182 0.02052913000340162
v -0.0042740690354048354 0.01262332213277873 0.020232590682676133
v -0.004313182082001375 0.012410519235708245 0.020230336196485066
v -0.004027394486029732 0.012295014011716182 0.02052913000340162
v -0.004313182082001375 0.012410519235708245 0.020230336196485066
v -0.004348605839329665 0.012197070701094886 0.02022807598824783
v -0.004027394486029732 0.012295014011716182 0.02052913000340162
v -0.004348605839329665 0.012197070701094886 0.02022807598824783
v -0.004397583693523664 0.011857716169900728 0.02022458363273527
v -0.004141009527436899 0.011488772937960362 0.020520588895818204
v -0.004397583693523664 0.011857716169900728 0.02022458363273527
v -0.004445548268708353 0.011427600449703262 0.020220028883983776
v -0.004141009527436899 0.011488772937960362 0.020520588895818204
v -0.004445548268708353 0.011427600449703262 0.020220028883983776
v -0.0044700467325489695 0.011122396043727339 0.020216691023717814
v -0.004141009527436899 0.011488772937960362 0.020520588895818204
v -0.0044700467325489695 0.011122396043727339 0.020216691023717814
v -0.00448314831093005 0.010906425994101637 0.02021440411259845
v -0.004198410710430643 0.010683262378765606 0.020512055417629682
v -0.00448314831093005 0.010906425994101637 0.02021440411259845
v -0.004496677612262355 0.010563816572310985 0.02021087742480887
v -0.004198410710430643 0.010683262378765606 0.020512055417629682
v -0.004496677612262355 0.010563816572310985 0.02021087742480887
v -0.004500000213738529 0.010257606993557827 0.020207530027799292
v -0.001999999022111245 0.003360856215845477 0.021061820076920812
v -0.0020000000949949017 0.004982103107578352 0.02064742758592475
v -0.002300000061560419 0.004516070580407596 0.02106545739093635
v -0.0020000000949949017 0.004982103107578352 0.02064742758592475
v -0.0020000000949949017 0.006310668291378832 0.020407917992029123
v -0.002300155033644196 0.006008977698588605 0.020761109384537235
v -0.0020000000949949017 0.006310668291378832 0.020407917992029123
v -0.0020000000949949017 0.007479003307809266 0.02027325345011044
v -0.002300000061560419 0.007134827475879516 0.020609761263334914
v -0.0020000000949949017 0.007479003307809266 0.02027325345011044
v -0.0020000000949949017 0.008112227825190502 0.02022967816117549
v -0.0023001547952256054 0.007990595243424495 0.02053680135996716
v -0.0020000000949949017 0.008112227825190502 0.02022967816117549
v -0.0020000000949949017 0.008827472152375674 0.02020048618896375
v -0.002300000061560419 0.008461120053676056 0.020513390561736067
v -0.0020000000949949017 0.008827472152375674 0.02020048618896375
v -0.0020000000949949017 0.009461617919190316 0.020199099546441834
v -0.002300017942954701 0.009298973525173618 0.02049742414557243
v -0.002300017942954701 0.009298973525173618 0.02049742414557243
v -0.002300000061560419 0.008793466031986056 0.020503092785978394
v -0.0020000000949949017 0.008827472152375674 0.02020048618896375
v -0.002300000061560419 0.008793466031986056 0.020503092785978394
v -0.002300000061560419 0.008461120053676056 0.020513390561736067
v -0.0020000000949949017 0.008827472152375674 0.02020048618896375
v -0.002300000061560419 0.008461120053676056 0.020513390561736067
v -0.0023001547952256054 0.007990595243424495 0.02053680135996716
v -0.0020000000949949017 0.008112227825190502 0.02022967816117549
v -0.0023001547952256054 0.007990595243424495 0.02053680135996716
v -0.002300000061560419 0.007465753909902121 0.020577401184893596
v -0.0020000000949949017 0.007479003307809266 0.02027325345011044
v -0.002300000061560419 0.007465753909902121 0.020577401184893596
v -0.002300000061560419 0.007134827475879516 0.020609761263334914
v -0.0020000000949949017 0.007479003307809266 0.02027325345011044
v -0.002300000061560419 0.007134827475879516 0.020609761263334914
v -0.0023001543183884246 0.006666820365942852 0.020664399174865622
v -0.0020000000949949017 0.006310668291378832 0.020407917992029123
v -0.0023001543183884246 0.006666820365942852 0.020664399174865622
v -0.002300155033644196 0.006008977698588605 0.020761109384537235
v -0.0020000000949949017 0.006310668291378832 0.020407917992029123
v -0.002300155033644196 0.006008977698588605 0.020761109384537235
v -0.002300000061560419 0.005490772984949324 0.020853779829612673
v -0.0020000000949949017 0.004982103107578352 0.02064742758592475
v -0.002300000061560419 0.005490772984949324 0.020853779829612673
v -0.002300000061560419 0.005164714104868853 0.020918932954655522
v -0.0020000000949949017 0.004982103107578352 0.02064742758592475
v -0.002300000061560419 0.005164714104868853 0.020918932954655522
v -0.002300000061560419 0.004839783421558276 0.0209894991353754
v -0.0020000000949949017 0.004982103107578352 0.02064742758592475
v -0.002300000061560419 0.004839783421558276 0.0209894991353754
v -0.002300000061560419 0.004516070580407596 0.02106545739093635
v -0.0020000000949949017 0.004982103107578352 0.02064742758592475
v -0.002300000061560419 0.004516070580407596 0.02106545739093635
v -0.0022997835774803124 0.0040140020369683355 0.0211935759120363
v -0.001999999022111245 0.003360856215845477 0.021061820076920812
v -0.0022999936242584776 0.012252457246999532 0.02052867796175417
v -0.002300017942954701 0.009298973525173618 0.02049742414557243
v -0.0020000000949949017 0.009461617919190316 0.020199099546441834
v -0.0020000000949949017 0.009461617919190316 0.020199099546441834
v -0.0020000000949949017 0.012118939021663616 0.02022724819890187
v -0.0022999936242584776 0.012252457246999532 0.02052867796175417
v -0.0019999999757856065 0.0040785748511620885 0.017007689330160725
v -0.001999992942437189 0.0030620485806506794 0.016728207429068664
v -0.0022997208733910304 0.0034195903971782917 0.016491753407827936
v -0.001999992942437189 0.0030620485806506794 0.016728207429068664
v -0.0023001040120658447 0.00304755916765473 0.0164359806238068
v -0.0022997208733910304 0.0034195903971782917 0.016491753407827936
v -0.001999992942437189 0.0030620485806506794 0.016728207429068664
v -0.0023004437585572015 0.002680669673452292 0.01643140680156807
v -0.0023001040120658447 0.00304755916765473 0.0164359806238068
v -0.0023004437585572015 0.002680669673452292 0.01643140680156807
v -0.001999992942437189 0.0030620485806506794 0.016728207429068664
v -0.0019999992605298353 0.0024624842382843523 0.01675851710763232
v -0.0019999992605298353 0.0024624842382843523 0.01675851710763232
v -0.001999999737367016 0.0021244567449645044 0.016847298468660732
v -0.002299984802770632 0.002160278899757396 0.016523587058021594
v -0.001999999737367016 0.0021244567449645044 0.016847298468660732
v -0.002300384630746776 0.0019942803138012924 0.01657618601376698
v -0.002299984802770632 0.002160278899757396 0.016523587058021594
v -0.001999999737367016 0.0021244567449645044 0.016847298468660732
v -0.0022993146081129448 0.0017249095067106014 0.0166889007865767
v -0.002300384630746776 0.0019942803138012924 0.01657618601376698
v -0.001999999737367016 0.0021244567449645044 0.016847298468660732
v -0.001999994015320846 0.0016367779555503954 0.017075110292835705
v -0.0022993146081129448 0.0017249095067106014 0.0166889007865767
v -0.001999994015320846 0.0016367779555503954 0.017075110292835705
v -0.002300354351585792 0.0011523346256176602 0.01708463749970912
v -0.0023001173635069086 0.0013706957752867433 0.016904885141317827
v -0.002300354351585792 0.0011523346256176602 0.01708463749970912
v -0.001999994015320846 0.0016367779555503954 0.017075110292835705
v -0.0019999987836926544 0.0011480389186646627 0.01751758277173776
v -0.0019999987836926544 0.0011480389186646627 0.01751758277173776
v -0.002300707211099622 0.0007640046244154073 0.017536330102340125
v -0.0022999044557056583 0.000963883624559327 0.017275250301731493
v -0.0019999987836926544 0.0011480389186646627 0.01751758277173776
v -0.001999997949227588 0.0008819631160983045 0.017918167965325082
v -0.002300707211099622 0.0007640046244154073 0.017536330102340125
v -0.001999997949227588 0.0008819631160983045 0.017918167965325082
v -0.0023000177045361106 0.0004575427391889308 0.018166094689137102
v -0.0022998558183132114 0.0005924007577937445 0.017834355247721145
v -0.0023000177045361106 0.0004575427391889308 0.018166094689137102
v -0.001999997949227588 0.0008819631160983045 0.017918167965325082
v -0.0019999987836926544 0.0007175887567894768 0.018337756074243705
v -0.0019999987836926544 0.0007175887567894768 0.018337756074243705
v -0.0019999999757856065 0.0006525105547886687 0.018695324832072036
v -0.002300248016894462 0.0003800547601494864 0.01848506443084985
v -0.0019999999757856065 0.0006525105547886687 0.018695324832072036
v -0.0023002191682450204 0.00035400457871540713 0.018673163347254773
v -0.002300248016894462 0.0003800547601494864 0.01848506443084985
v -0.0019999999757856065 0.0006525105547886687 0.018695324832072036
v -0.0023001581330858714 0.0003396803898026228 0.01892029852134658
v -0.0023002191682450204 0.00035400457871540713 0.018673163347254773
v -0.0019999999757856065 0.0006525105547886687 0.018695324832072036
v -0.001999994611367322 0.0006511636089620579 0.019218935925667813
v -0.0023001581330858714 0.0003396803898026228 0.01892029852134658
v -0.002299679150137706 0.00035294823534820166 0.019176398234438397
v -0.0023001581330858714 0.0003396803898026228 0.01892029852134658
v -0.001999994611367322 0.0006511636089620579 0.019218935925667813
v -0.001999994611367322 0.0006511636089620579 0.019218935925667813
v -0.0022999380727269083 0.0003927585371124415 0.019436709373511496
v -0.002299679150137706 0.00035294823534820166 0.019176398234438397
v -0.0022999707360737967 0.00044513203827825664 0.01964349267801091
v -0.001999994611367322 0.0006511636089620579 0.019218935925667813
v -0.0019999960418788645 0.0008151073246919289 0.019805956827573246
v -0.0019999960418788645 0.0008151073246919289 0.019805956827573246
v -0.0022996555466972537 0.0005219508657413471 0.019863371838845234
v -0.0022999707360737967 0.00044513203827825664 0.01964349267801091
v -0.002299889196915871 0.0006690460761276526 0.020172919277864354
v -0.0019999960418788645 0.0008151073246919289 0.019805956827573246
v -0.001999997949227588 0.001130974465682819 0.020321536075694757
v -0.0022993565697848597 0.0008643985205183949 0.020460677165067276
v -0.002299889196915871 0.0006690460761276526 0.020172919277864354
v -0.001999997949227588 0.001130974465682819 0.020321536075694757
v -0.001999997949227588 0.001130974465682819 0.020321536075694757
v -0.002300374140328797 0.0010494593880348156 0.020673993138944358
v -0.0022993565697848597 0.0008643985205183949 0.020460677165067276
v -0.001999997949227588 0.001130974465682819 0.020321536075694757
v -0.00199999914132054 0.001433919140258686 0.020623602893020676
v -0.002300374140328797 0.0010494593880348156 0.020673993138944358
v -0.002299286713137865 0.0016165798478252897 0.021112576533799388
v -0.00199999914132054 0.001433919140258686 0.020623602893020676
v -0.0019999983068554735 0.0018250839385011023 0.020885392227354416
v -0.0019999983068554735 0.0018250839385011023 0.020885392227354416
v -0.0019999944921580267 0.002412676925814262 0.02109640793867107
v -0.0022999902863982116 0.0019054194401729738 0.021246850069229772
v -0.0019999944921580267 0.002412676925814262 0.02109640793867107
v -0.0023004470964174675 0.002144878250908839 0.021332741796942223
v -0.0022999902863982116 0.0019054194401729738 0.021246850069229772
v -0.0019999944921580267 0.002412676925814262 0.02109640793867107
v -0.002300305714193345 0.002450160381345241 0.021399106088424436
v -0.0023004470964174675 0.002144878250908839 0.021332741796942223
v -0.0019999944921580267 0.002412676925814262 0.02109640793867107
v -0.0023002377648950736 0.0027089725827403334 0.021427187983679152
v -0.002300305714193345 0.002450160381345241 0.021399106088424436
v -0.0023002377648950736 0.0027089725827403334 0.021427187983679152
v -0.0019999944921580267 0.002412676925814262 0.02109640793867107
v -0.0019999998565763113 0.002981358192906959 0.021126727153978342
v -0.002300001730490552 0.002936804434076902 0.021426999156155535
v -0.0023002377648950736 0.0027089725827403334 0.021427187983679152
v -0.0019999998565763113 0.002981358192906959 0.021126727153978342
v -0.0023004773755784516 0.0031356047689130874 0.021412503305857644
v -0.0019999998565763113 0.002981358192906959 0.021126727153978342
v -0.001999999022111245 0.003360856215845477 0.021061820076920812
v -0.001999999022111245 0.003360856215845477 0.021061820076920812
v -0.0022999802728174137 0.0033860999761997647 0.021368386329885247
v -0.0023004773755784516 0.0031356047689130874 0.021412503305857644
v -0.001999999022111245 0.003360856215845477 0.021061820076920812
v -0.0022997835774803124 0.0040140020369683355 0.0211935759120363
v -0.0022999802728174137 0.0033860999761997647 0.021368386329885247
v -0.0023004773755784516 0.0031356047689130874 0.021412503305857644
v -0.002300001730490552 0.002936804434076902 0.021426999156155535
v -0.0019999998565763113 0.002981358192906959 0.021126727153978342
v -0.0022999902863982116 0.0019054194401729738 0.021246850069229772
v -0.002299286713137865 0.0016165798478252897 0.021112576533799388
v -0.0019999983068554735 0.0018250839385011023 0.020885392227354416
v -0.002299286713137865 0.0016165798478252897 0.021112576533799388
v -0.0023002871175432918 0.0012867160454602129 0.02088888839756442
v -0.00199999914132054 0.001433919140258686 0.020623602893020676
v -0.0023002871175432918 0.0012867160454602129 0.02088888839756442
v -0.002300374140328797 0.0010494593880348156 0.020673993138944358
v -0.00199999914132054 0.001433919140258686 0.020623602893020676
v -0.002299889196915871 0.0006690460761276526 0.020172919277864354
v -0.0022996555466972537 0.0005219508657413471 0.019863371838845234
v -0.0019999960418788645 0.0008151073246919289 0.019805956827573246
v -0.0022999707360737967 0.00044513203827825664 0.01964349267801091
v -0.0022999380727269083 0.0003927585371124415 0.019436709373511496
v -0.001999994611367322 0.0006511636089620579 0.019218935925667813
v -0.002300248016894462 0.0003800547601494864 0.01848506443084985
v -0.0023000177045361106 0.0004575427391889308 0.018166094689137102
v -0.0019999987836926544 0.0007175887567894768 0.018337756074243705
v -0.0022998558183132114 0.0005924007577937445 0.017834355247721145
v -0.002299982180166137 0.0006800641144470019 0.017672442321939874
v -0.001999997949227588 0.0008819631160983045 0.017918167965325082
v -0.002299982180166137 0.0006800641144470019 0.017672442321939874
v -0.002300707211099622 0.0007640046244154073 0.017536330102340125
v -0.001999997949227588 0.0008819631160983045 0.017918167965325082
v -0.0022999044557056583 0.000963883624559327 0.017275250301731493
v -0.002300354351585792 0.0011523346256176602 0.01708463749970912
v -0.0019999987836926544 0.0011480389186646627 0.01751758277173776
v -0.0023001173635069086 0.0013706957752867433 0.016904885141317827
v -0.0022993146081129448 0.0017249095067106014 0.0166889007865767
v -0.001999994015320846 0.0016367779555503954 0.017075110292835705
v -0.002299984802770632 0.002160278899757396 0.016523587058021594
v -0.002299348225134195 0.002361568086259037 0.01647392351196153
v -0.0019999992605298353 0.0024624842382843523 0.01675851710763232
v -0.002299348225134195 0.002361568086259037 0.01647392351196153
v -0.0023004437585572015 0.002680669673452292 0.01643140680156807
v -0.0019999992605298353 0.0024624842382843523 0.01675851710763232
v -0.002300154556807015 0.004049737168975722 0.016685730772998397
v -0.0022997208733910304 0.0034195903971782917 0.016491753407827936
v -0.004200026234799368 0.003912709421988738 0.01664406092543813
v -0.002300000061560419 0.004560955264241164 0.016828305090073048
v -0.002300154556807015 0.004049737168975722 0.016685730772998397
v -0.004200000008754421 0.004240345202626285 0.0167401645982157
v -0.0023001543183884246 0.005017503023047601 0.016944657176898303
v -0.002300000061560419 0.004560955264241164 0.016828305090073048
v -0.004200000008754421 0.004560955264241164 0.016828305090073048
v -0.002300000061560419 0.005530954623668152 0.017060582017609516
v -0.0023001543183884246 0.005017503023047601 0.016944657176898303
v -0.0041998455135078255 0.005071181538170435 0.01695751079994534
v -0.002300154079969834 0.005992678450072733 0.01715401730952304
v -0.002300000061560419 0.005530954623668152 0.017060582017609516
v -0.004199844559833464 0.005720715317648342 0.01710073361558595
v -0.0023001547952256054 0.006648108798129051 0.017266472682906375
v -0.002300154079969834 0.005992678450072733 0.01715401730952304
v -0.004200000008754421 0.006183534439057339 0.017188437324585637
v -0.002300000061560419 0.007169470650742752 0.017339373458463703
v -0.0023001547952256054 0.006648108798129051 0.017266472682906375
v -0.004199845036670645 0.006702696164918589 0.01727482877766362
v -0.002300000061560419 0.00749963748313626 0.017378735414068647
v -0.002300000061560419 0.007169470650742752 0.017339373458463703
v -0.004200000008754421 0.007169470650742752 0.017339373458463703
v -0.002300000061560419 0.007830413236609716 0.017412602298001456
v -0.002300000061560419 0.00749963748313626 0.017378735414068647
v -0.004200000008754421 0.00749963748313626 0.017378735414068647
v -0.002300000061560419 0.008161706358424396 0.017440966480867237
v -0.002300000061560419 0.007830413236609716 0.017412602298001456
v -0.004200000008754421 0.007830413236609716 0.017412602298001456
v -0.0023001555104813767 0.008631750516797657 0.017472346182064724
v -0.002300000061560419 0.008161706358424396 0.017440966480867237
v -0.004200000008754421 0.008161706358424396 0.017440966480867237
v -0.002300000061560419 0.00915777249917982 0.01749296462176475
v -0.0023001555104813767 0.008631750516797657 0.017472346182064724
v -0.004199845036670645 0.008686909134529856 0.017475226278637068
v -0.002300000061560419 0.009490217659623438 0.017499249335808376
v -0.002300000061560419 0.00915777249917982 0.01749296462176475
v -0.004200000008754421 0.00915777249917982 0.01749296462176475
v -0.004200000008754421 0.00915777249917982 0.01749296462176475
v -0.004200000008754421 0.009490217659623438 0.017499249335808376
v -0.002300000061560419 0.009490217659623438 0.017499249335808376
v -0.004199845036670645 0.008686909134529856 0.017475226278637068
v -0.004200000008754421 0.00915777249917982 0.01749296462176475
v -0.002300000061560419 0.00915777249917982 0.01749296462176475
v -0.004200000008754421 0.008161706358424396 0.017440966480867237
v -0.004199845036670645 0.008686909134529856 0.017475226278637068
v -0.0023001555104813767 0.008631750516797657 0.017472346182064724
v -0.004200000008754421 0.007830413236609716 0.017412602298001456
v -0.004200000008754421 0.008161706358424396 0.017440966480867237
v -0.002300000061560419 0.008161706358424396 0.017440966480867237
v -0.004200000008754421 0.00749963748313626 0.017378735414068647
v -0.004200000008754421 0.007830413236609716 0.017412602298001456
v -0.002300000061560419 0.007830413236609716 0.017412602298001456
v -0.004200000008754421 0.007169470650742752 0.017339373458463703
v -0.004200000008754421 0.00749963748313626 0.017378735414068647
v -0.002300000061560419 0.00749963748313626 0.017378735414068647
v -0.004199845036670645 0.006702696164918589 0.01727482877766362
v -0.004200000008754421 0.007169470650742752 0.017339373458463703
v -0.002300000061560419 0.007169470650742752 0.017339373458463703
v -0.004200000008754421 0.006183534439057339 0.017188437324585637
v -0.004199845036670645 0.006702696164918589 0.01727482877766362
v -0.0023001547952256054 0.006648108798129051 0.017266472682906375
v -0.004199844559833464 0.005720715317648342 0.01710073361558595
v -0.004200000008754421 0.006183534439057339 0.017188437324585637
v -0.002300154079969834 0.005992678450072733 0.01715401730952304
v -0.0041998455135078255 0.005071181538170435 0.01695751079994534
v -0.004199844559833464 0.005720715317648342 0.01710073361558595
v -0.002300000061560419 0.005530954623668152 0.017060582017609516
v -0.004200000008754421 0.004560955264241164 0.016828305090073048
v -0.0041998455135078255 0.005071181538170435 0.01695751079994534
v -0.0023001543183884246 0.005017503023047601 0.016944657176898303
v -0.004200000008754421 0.004240345202626285 0.0167401645982157
v -0.004200000008754421 0.004560955264241164 0.016828305090073048
v -0.002300000061560419 0.004560955264241164 0.016828305090073048
v -0.004200026234799368 0.003912709421988738 0.01664406092543813
v -0.004200000008754421 0.004240345202626285 0.0167401645982157
v -0.002300154556807015 0.004049737168975722 0.016685730772998397
v -0.004500000213738529 0.009487040016650242 0.017799233328328334
v -0.004500000213738529 0.010283029091017753 0.017807665717034515
v -0.004197937211110057 0.01045268299159297 0.017509446022083708
v -0.004197937211110057 0.01045268299159297 0.017509446022083708
v -0.004200000008754421 0.009490217659623438 0.017499249335808376
v -0.004500000213738529 0.009487040016650242 0.017799233328328334
v -0.0032551802750808976 0.015695217878051178 0.020265131959246174
v -0.0032551802750808976 0.015720639975511104 0.017865265741132674
v -0.003385390442474655 0.015443515557441174 0.017862227334616287
v -0.003400494021759541 0.015384642378070142 0.020261946686878085
v -0.003385390442474655 0.015443515557441174 0.017862227334616287
v -0.003522280145097782 0.015129103425503006 0.017859000100576283
v -0.0035711581019023924 0.014986930605334632 0.02025773335354808
v -0.003522280145097782 0.015129103425503006 0.017859000100576283
v -0.003637943917452478 0.014845556964281366 0.017855893029505854
v -0.003683128055035621 0.014701964122988416 0.02025460911633914
v -0.003637943917452478 0.014845556964281366 0.017855893029505854
v -0.0037888955485389213 0.014440039366895314 0.01785159577283202
v -0.0038010558503250007 0.014379972187223429 0.020251303681001476
v -0.0037888955485389213 0.014440039366895314 0.01785159577283202
v -0.0038980898324424123 0.014114976599685643 0.017848257912566057
v -0.003936675973954111 0.013969068237042475 0.020246949203865938
v -0.0038980898324424123 0.014114976599685643 0.017848257912566057
v -0.0039888047682391774 0.01382250470011282 0.017845055474059457
v -0.004023607445139408 0.013675437623120184 0.020243735321266998
v -0.0039888047682391774 0.01382250470011282 0.017845055474059457
v -0.004080970957995865 0.013492233917213886 0.017841660393331793
v -0.004080970957995865 0.01346681181975396 0.020241526611445293
v -0.004080970957995865 0.013492233917213886 0.017841660393331793
v -0.004134714322975295 0.013282646810091064 0.017839440239417748
v -0.004134714322975295 0.013257224712631138 0.020239306457531248
v -0.004134714322975295 0.013282646810091064 0.017839440239417748
v -0.004184821804450732 0.013072160388045156 0.017837210548760085
v -0.004212856015987363 0.012923329967157731 0.020235873229829116
v -0.004184821804450732 0.013072160388045156 0.017837210548760085
v -0.004249908649125443 0.012772964130547964 0.017833935631001996
v -0.0042740690354048354 0.01262332213277873 0.020232590682676133
v -0.004249908649125443 0.012772964130547964 0.017833935631001996
v -0.004313182082001375 0.01243594133316817 0.01783047188572029
v -0.004313182082001375 0.012410519235708245 0.020230336196485066
v -0.004313182082001375 0.01243594133316817 0.01783047188572029
v -0.004348605839329665 0.012222492798554812 0.01782820977013433
v -0.004348605839329665 0.012197070701094886 0.02022807598824783
v -0.004348605839329665 0.012222492798554812 0.01782820977013433
v -0.004392832011016477 0.011919532388351977 0.01782489670540177
v -0.004397583693523664 0.011857716169900728 0.02022458363273527
v -0.004392832011016477 0.011919532388351977 0.01782489670540177
v -0.004432637902036794 0.011578917099651647 0.017821392905796873
v -0.004445548268708353 0.011427600449703262 0.020220028883983776
v -0.004432637902036794 0.011578917099651647 0.017821392905796873
v -0.004461080286200235 0.011274035989284342 0.017818060767577082
v -0.0044700467325489695 0.011122396043727339 0.020216691023717814
v -0.004461080286200235 0.011274035989284342 0.017818060767577082
v -0.00448314831093005 0.010931848091561563 0.01781453789448495
v -0.00448314831093005 0.010906425994101637 0.02021440411259845
v -0.00448314831093005 0.010931848091561563 0.01781453789448495
v -0.004495724414737832 0.010625917939396384 0.017811194312172818
v -0.004496677612262355 0.010563816572310985 0.02021087742480887
v -0.004495724414737832 0.010625917939396384 0.017811194312172818
v -0.004500000213738529 0.010283029091017753 0.017807665717034515
v -0.004500000213738529 0.010283029091017753 0.017807665717034515
v -0.004500000213738529 0.010257606993557827 0.020207530027799292
v -0.004496677612262355 0.010563816572310985 0.02021087742480887
v -0.004495724414737832 0.010625917939396384 0.017811194312172818
v -0.004496677612262355 0.010563816572310985 0.02021087742480887
v -0.00448314831093005 0.010906425994101637 0.02021440411259845
v -0.00448314831093005 0.010931848091561563 0.01781453789448495
v -0.00448314831093005 0.010906425994101637 0.02021440411259845
v -0.0044700467325489695 0.011122396043727339 0.020216691023717814
v -0.004461080286200235 0.011274035989284342 0.017818060767577082
v -0.0044700467325489695 0.011122396043727339 0.020216691023717814
v -0.004445548268708353 0.011427600449703262 0.020220028883983776
v -0.004432637902036794 0.011578917099651647 0.017821392905796873
v -0.004445548268708353 0.011427600449703262 0.020220028883983776
v -0.004397583693523664 0.011857716169900728 0.02022458363273527
v -0.004392832011016477 0.011919532388351977 0.01782489670540177
v -0.004397583693523664 0.011857716169900728 0.02022458363273527
v -0.004348605839329665 0.012197070701094886 0.02022807598824783
v -0.004348605839329665 0.012222492798554812 0.01782820977013433
v -0.004348605839329665 0.012197070701094886 0.02022807598824783
v -0.004313182082001375 0.012410519235708245 0.020230336196485066
v -0.004313182082001375 0.01243594133316817 0.01783047188572029
v -0.004313182082001375 0.012410519235708245 0.020230336196485066
v -0.0042740690354048354 0.01262332213277873 0.020232590682676133
v -0.004249908649125443 0.012772964130547964 0.017833935631001996
v -0.0042740690354048354 0.01262332213277873 0.020232590682676133
v -0.004212856015987363 0.012923329967157731 0.020235873229829116
v -0.004184821804450732 0.013072160388045156 0.017837210548760085
v -0.004212856015987363 0.012923329967157731 0.020235873229829116
v -0.004134714322975295 0.013257224712631138 0.020239306457531248
v -0.004134714322975295 0.013282646810091064 0.017839440239417748
v -0.004134714322975295 0.013257224712631138 0.020239306457531248
v -0.004080970957995865 0.01346681181975396 0.020241526611445293
v -0.004080970957995865 0.013492233917213886 0.017841660393331793
v -0.004080970957995865 0.01346681181975396 0.020241526611445293
v -0.004023607445139408 0.013675437623120184 0.020243735321266998
v -0.0039888047682391774 0.01382250470011282 0.017845055474059457
v -0.004023607445139408 0.013675437623120184 0.020243735321266998
v -0.003936675973954111 0.013969068237042475 0.020246949203865938
v -0.0038980898324424123 0.014114976599685643 0.017848257912566057
v -0.003936675973954111 0.013969068237042475 0.020246949203865938
v -0.0038010558503250007 0.014379972187223429 0.020251303681001476
v -0.0037888955485389213 0.014440039366895314 0.01785159577283202
v -0.0038010558503250007 0.014379972187223429 0.020251303681001476
v -0.003683128055035621 0.014701964122988416 0.02025460911633914
v -0.003637943917452478 0.014845556964281366 0.017855893029505854
v -0.003683128055035621 0.014701964122988416 0.02025460911633914
v -0.0035711581019023924 0.014986930605334632 0.02025773335354808
v -0.003522280145097782 0.015129103425503006 0.017859000100576283
v -0.0035711581019023924 0.014986930605334632 0.02025773335354808
v -0.003400494021759541 0.015384642378070142 0.020261946686878085
v -0.003385390442474655 0.015443515557441174 0.017862227334616287
v -0.003400494021759541 0.015384642378070142 0.020261946686878085
v -0.0032551802750808976 0.015695217878051178 0.020265131959246174
v -0.0026510447330803364 0.016946019023886823 0.02027832509036598
v -0.0032551802750808976 0.015695217878051178 0.020265131959246174
v -0.003139997631441681 0.015240213164361978 0.020560328506470382
v -0.003139997631441681 0.015240213164361978 0.020560328506470382
v -0.0024746958000673716 0.016617800548214275 0.020574921631553167
v -0.0026510447330803364 0.016946019023886823 0.02027832509036598
v -0.003522280145097782 0.015129103425503006 0.017859000100576283
v -0.00308760896089305 0.015380941167872371 0.017561652063992073
v -0.0035419372810412113 0.01426100321794966 0.01754978644758376
v -0.0039888047682391774 0.01382250470011282 0.017845055474059457
v -0.0035419372810412113 0.01426100321794966 0.01754978644758376
v -0.003863391106047607 0.013141639379992692 0.017537930367919063
v -0.004249908649125443 0.012772964130547964 0.017833935631001996
v -0.003863391106047607 0.013141639379992692 0.017537930367919063
v -0.004024408531603239 0.01234305058931518 0.01752946936898203
v -0.004348605839329665 0.012222492798554812 0.01782820977013433
v -0.004024408531603239 0.01234305058931518 0.01752946936898203
v -0.004131444650426195 0.011563669753956734 0.017521214363707127
v -0.004461080286200235 0.011274035989284342 0.017818060767577082
v -0.004131444650426195 0.011563669753956734 0.017521214363707127
v -0.004177159507791626 0.011024847554291789 0.017515507576326694
v -0.00448314831093005 0.010931848091561563 0.01781453789448495
v -0.004177159507791626 0.011024847554291789 0.017515507576326694
v -0.004197937211110057 0.01045268299159297 0.017509446022083708
v -0.004197937211110057 0.01045268299159297 0.017509446022083708
v -0.004500000213738529 0.010283029091017753 0.017807665717034515
v -0.004495724414737832 0.010625917939396384 0.017811194312172818
v -0.004197937211110057 0.01045268299159297 0.017509446022083708
v -0.004495724414737832 0.010625917939396384 0.017811194312172818
v -0.00448314831093005 0.010931848091561563 0.01781453789448495
v -0.004177159507791626 0.011024847554291789 0.017515507576326694
v -0.00448314831093005 0.010931848091561563 0.01781453789448495
v -0.004461080286200235 0.011274035989284342 0.017818060767577082
v -0.004131444650426195 0.011563669753956734 0.017521214363707127
v -0.004461080286200235 0.011274035989284342 0.017818060767577082
v -0.004432637902036794 0.011578917099651647 0.017821392905796873
v -0.004131444650426195 0.011563669753956734 0.017521214363707127
v -0.004432637902036794 0.011578917099651647 0.017821392905796873
v -0.004392832011016477 0.011919532388351977 0.01782489670540177
v -0.004131444650426195 0.011563669753956734 0.017521214363707127
v -0.004392832011016477 0.011919532388351977 0.01782489670540177
v -0.004348605839329665 0.012222492798554812 0.01782820977013433
v -0.004024408531603239 0.01234305058931518 0.01752946936898203
v -0.004348605839329665 0.012222492798554812 0.01782820977013433
v -0.004313182082001375 0.01243594133316817 0.01783047188572029
v -0.004024408531603239 0.01234305058931518 0.01752946936898203
v -0.004313182082001375 0.01243594133316817 0.01783047188572029
v -0.004249908649125443 0.012772964130547964 0.017833935631001996
v -0.003863391106047607 0.013141639379992692 0.017537930367919063
v -0.004249908649125443 0.012772964130547964 0.017833935631001996
v -0.004184821804450732 0.013072160388045156 0.017837210548760085
v -0.003863391106047607 0.013141639379992692 0.017537930367919063
v -0.004184821804450732 0.013072160388045156 0.017837210548760085
v -0.004134714322975295 0.013282646810091064 0.017839440239417748
v -0.003863391106047607 0.013141639379992692 0.017537930367919063
v -0.004134714322975295 0.013282646810091064 0.017839440239417748
v -0.004080970957995865 0.013492233917213886 0.017841660393331793
v -0.003863391106047607 0.013141639379992692 0.017537930367919063
v -0.004080970957995865 0.013492233917213886 0.017841660393331793
v -0.0039888047682391774 0.01382250470011282 0.017845055474059457
v -0.0035419372810412113 0.01426100321794966 0.01754978644758376
v -0.0039888047682391774 0.01382250470011282 0.017845055474059457
v -0.0038980898324424123 0.014114976599685643 0.017848257912566057
v -0.0035419372810412113 0.01426100321794966 0.01754978644758376
v -0.0038980898324424123 0.014114976599685643 0.017848257912566057
v -0.0037888955485389213 0.014440039366895314 0.01785159577283202
v -0.0035419372810412113 0.01426100321794966 0.01754978644758376
v -0.0037888955485389213 0.014440039366895314 0.01785159577283202
v -0.003637943917452478 0.014845556964281366 0.017855893029505854
v -0.0035419372810412113 0.01426100321794966 0.01754978644758376
v -0.003637943917452478 0.014845556964281366 0.017855893029505854
v -0.003522280145097782 0.015129103425503006 0.017859000100576283
v -0.00308760896089305 0.015380941167872371 0.017561652063992073
v -0.003522280145097782 0.015129103425503006 0.017859000100576283
v -0.003385390442474655 0.015443515557441174 0.017862227334616287
v -0.00308760896089305 0.015380941167872371 0.017561652063992073
v -0.003385390442474655 0.015443515557441174 0.017862227334616287
v -0.0032551802750808976 0.015720639975511104 0.017865265741132674
v -0.0032551802750808976 0.015695217878051178 0.020265131959246174
v -0.0026510447330803364 0.016946019023886823 0.02027832509036598
v -0.002700552114963671 0.016868578758367787 0.01787744034803418
v -0.002700552114963671 0.016868578758367787 0.01787744034803418
v -0.0032551802750808976 0.015720639975511104 0.017865265741132674
v -0.0032551802750808976 0.015695217878051178 0.020265131959246174
v -0.0024746958000673716 0.016617800548214275 0.020574921631553167
v -0.0022314523326270866 0.017146216253244313 0.020580517792707642
v -0.0026510447330803364 0.016946019023886823 0.02027832509036598
v -0.0022314523326270866 0.017146216253244313 0.020580517792707642
v -0.0018729251320652443 0.01807871904411785 0.020590395951746165
v -0.0023487423581870772 0.01766066825827029 0.020285843859033648
v -0.0018729251320652443 0.01807871904411785 0.020590395951746165
v -0.0016213764722367706 0.01892400640726489 0.02059935095400256
v -0.0020008650776409667 0.018684796267118838 0.020296692858572385
v -0.0016213764722367706 0.01892400640726489 0.02059935095400256
v -0.0014687387448788357 0.01957090661499295 0.02060620405796576
v -0.0018151785997432687 0.019399960485657626 0.020304375659230267
v -0.0014687387448788357 0.01957090661499295 0.02060620405796576
v -0.001349812690951343 0.020225337035481027 0.02061313536322662
v -0.001665237863480231 0.02016081715021435 0.020312329303406873
v -0.001349812690951343 0.020225337035481027 0.02061313536322662
v -0.001265018642429213 0.02088530448931315 0.02062012770364663
v -0.0016024155185773846 0.02058899214308575 0.02031686307132241
v -0.001265018642429213 0.02088530448931315 0.02062012770364663
v -0.0012306726563389432 0.021300370274408575 0.02062452414245408
v -0.0015360660090477784 0.021234650666794874 0.02032370473119327
v -0.0012306726563389432 0.021300370274408575 0.02062452414245408
v -0.001205550608675068 0.021769314846242793 0.020629490878529833
v -0.0015168519740546553 0.021540272782141223 0.020327048313505403
v -0.001205550608675068 0.021769314846242793 0.020629490878529833
v -0.0012000001046806592 0.022185914139711837 0.020633904483475796
v -0.0015000000712461763 0.022189091782685032 0.02033392239830456
v -0.0015000000712461763 0.022189091782685032 0.02033392239830456
v -0.0015033230303502364 0.021882872667188257 0.020330571186597535
v -0.001205550608675068 0.021769314846242793 0.020629490878529833
v -0.0015033230303502364 0.021882872667188257 0.020330571186597535
v -0.0015168519740546553 0.021540272782141223 0.020327048313505403
v -0.001205550608675068 0.021769314846242793 0.020629490878529833
v -0.0015168519740546553 0.021540272782141223 0.020327048313505403
v -0.0015360660090477784 0.021234650666794874 0.02032370473119327
v -0.0012306726563389432 0.021300370274408575 0.02062452414245408
v -0.0015360660090477784 0.021234650666794874 0.02032370473119327
v -0.0015673621445293211 0.020893202820376777 0.02032019330219348
v -0.001265018642429213 0.02088530448931315 0.02062012770364663
v -0.0015673621445293211 0.020893202820376777 0.02032019330219348
v -0.0016024155185773846 0.02058899214308575 0.02031686307132241
v -0.001265018642429213 0.02088530448931315 0.02062012770364663
v -0.0016024155185773846 0.02058899214308575 0.02031686307132241
v -0.001665237863480231 0.02016081715021435 0.020312329303406873
v -0.001349812690951343 0.020225337035481027 0.02061313536322662
v -0.001665237863480231 0.02016081715021435 0.020312329303406873
v -0.001742835723687538 0.01973512552538082 0.02030782033102474
v -0.0014687387448788357 0.01957090661499295 0.02060620405796576
v -0.001742835723687538 0.01973512552538082 0.02030782033102474
v -0.0018151785997432687 0.019399960485657626 0.020304375659230267
v -0.0014687387448788357 0.01957090661499295 0.02060620405796576
v -0.0018151785997432687 0.019399960485657626 0.020304375659230267
v -0.00186528596200941 0.01918947501728608 0.020302145968572605
v -0.0016213764722367706 0.01892400640726489 0.02059935095400256
v -0.00186528596200941 0.01918947501728608 0.020302145968572605
v -0.0019190294461981358 0.018979887910163258 0.02029992581465856
v -0.0016213764722367706 0.01892400640726489 0.02059935095400256
v -0.0019190294461981358 0.018979887910163258 0.02029992581465856
v -0.0020008650776409667 0.018684796267118838 0.020296692858572385
v -0.0016213764722367706 0.01892400640726489 0.02059935095400256
v -0.0020008650776409667 0.018684796267118838 0.020296692858572385
v -0.002101910452542293 0.01835714427401714 0.02029333020277302
v -0.0018729251320652443 0.01807871904411785 0.020590395951746165
v -0.002101910452542293 0.01835714427401714 0.02029333020277302
v -0.0021989484877757417 0.01806671609860145 0.02029014493040493
v -0.0018729251320652443 0.01807871904411785 0.020590395951746165
v -0.0021989484877757417 0.01806671609860145 0.02029014493040493
v -0.0023487423581870772 0.01766066825827029 0.020285843859033648
v -0.0018729251320652443 0.01807871904411785 0.020590395951746165
v -0.0023487423581870772 0.01766066825827029 0.020285843859033648
v -0.0024777201398869233 0.01734301840187414 0.02028258610741407
v -0.0022314523326270866 0.017146216253244313 0.020580517792707642
v -0.0024777201398869233 0.01734301840187414 0.02028258610741407
v -0.0026510447330803364 0.016946019023886823 0.02027832509036598
v -0.0022314523326270866 0.017146216253244313 0.020580517792707642
v -0.00308760896089305 0.015380941167872371 0.017561652063992073
v -0.0032551802750808976 0.015720639975511104 0.017865265741132674
v -0.002700552114963671 0.016868578758367787 0.01787744034803418
v -0.002700552114963671 0.016868578758367787 0.01787744034803418
v -0.0024045704553211913 0.016800223194818338 0.017576685786629964
v -0.00308760896089305 0.015380941167872371 0.017561652063992073
v -0.0015033230303502364 0.021882872667188257 0.020330571186597535
v -0.0015000000712461763 0.022189091782685032 0.02033392239830456
v -0.0015000000712461763 0.022214512926470597 0.01793405618019106
v -0.0015168519740546553 0.021540272782141223 0.020327048313505403
v -0.0015033230303502364 0.021882872667188257 0.020330571186597535
v -0.001504274082107445 0.021871672715484413 0.017930531399750205
v -0.0015360660090477784 0.021234650666794874 0.02032370473119327
v -0.0015168519740546553 0.021540272782141223 0.020327048313505403
v -0.0015236298569525763 0.021439377849370455 0.01792595376281403
v -0.0015673621445293211 0.020893202820376777 0.02032019330219348
v -0.0015360660090477784 0.021234650666794874 0.02032370473119327
v -0.0015467921038031511 0.021134013226101766 0.017922610180501897
v -0.0016024155185773846 0.02058899214308575 0.02031686307132241
v -0.0015673621445293211 0.020893202820376777 0.02032019330219348
v -0.0015806883132225829 0.0207928285938075 0.017919104473548275
v -0.001665237863480231 0.02016081715021435 0.020312329303406873
v -0.0016024155185773846 0.02058899214308575 0.02031686307132241
v -0.0016373464646792645 0.02036380292340546 0.017914559261540397
v -0.001742835723687538 0.01973512552538082 0.02030782033102474
v -0.001665237863480231 0.02016081715021435 0.020312329303406873
v -0.001708817324740513 0.01993702410979959 0.017910038845065923
v -0.0018151785997432687 0.019399960485657626 0.020304375659230267
v -0.001742835723687538 0.01973512552538082 0.02030782033102474
v -0.0017687223797709086 0.019636704423904312 0.017906748668518047
v -0.00186528596200941 0.01918947501728608 0.020302145968572605
v -0.0018151785997432687 0.019399960485657626 0.020304375659230267
v -0.0018151785997432687 0.019425383536791914 0.01790451134846549
v -0.0019190294461981358 0.018979887910163258 0.02029992581465856
v -0.00186528596200941 0.01918947501728608 0.020302145968572605
v -0.00186528596200941 0.019214896161071644 0.017902281657807828
v -0.0020008650776409667 0.018684796267118838 0.020296692858572385
v -0.0019190294461981358 0.018979887910163258 0.02029992581465856
v -0.0019517158004804516 0.018883097591845262 0.0178988732256391
v -0.002101910452542293 0.01835714427401714 0.02029333020277302
v -0.0020008650776409667 0.018684796267118838 0.020296692858572385
v -0.002037359572858859 0.018589081693480843 0.017895651713645266
v -0.0021989484877757417 0.01806671609860145 0.02029014493040493
v -0.002101910452542293 0.01835714427401714 0.02029333020277302
v -0.002101910452542293 0.01838256732515143 0.01789346398465952
v -0.0023487423581870772 0.01766066825827029 0.020285843859033648
v -0.0021989484877757417 0.01806671609860145 0.02029014493040493
v -0.002211078987238018 0.018057576083518885 0.01789012803174228
v -0.0024777201398869233 0.01734301840187414 0.02028258610741407
v -0.0023487423581870772 0.01766066825827029 0.020285843859033648
v -0.0023620437313469347 0.01765201652446092 0.01788583268241717
v -0.0026510447330803364 0.016946019023886823 0.02027832509036598
v -0.0024777201398869233 0.01734301840187414 0.02028258610741407
v -0.002526964546065018 0.017251911982751895 0.01788159455355376
v -0.002526964546065018 0.017251911982751895 0.01788159455355376
v -0.002700552114963671 0.016868578758367787 0.01787744034803418
v -0.0026510447330803364 0.016946019023886823 0.02027832509036598
v -0.0023620437313469347 0.01765201652446092 0.01788583268241717
v -0.002526964546065018 0.017251911982751895 0.01788159455355376
v -0.0024777201398869233 0.01734301840187414 0.02028258610741407
v -0.002211078987238018 0.018057576083518885 0.01789012803174228
v -0.0023620437313469347 0.01765201652446092 0.01788583268241717
v -0.0023487423581870772 0.01766066825827029 0.020285843859033648
v -0.002101910452542293 0.01838256732515143 0.01789346398465952
v -0.002211078987238018 0.018057576083518885 0.01789012803174228
v -0.0021989484877757417 0.01806671609860145 0.02029014493040493
v -0.002037359572858859 0.018589081693480843 0.017895651713645266
v -0.002101910452542293 0.01838256732515143 0.01789346398465952
v -0.002101910452542293 0.01835714427401714 0.02029333020277302
v -0.0019517158004804516 0.018883097591845262 0.0178988732256391
v -0.002037359572858859 0.018589081693480843 0.017895651713645266
v -0.0020008650776409667 0.018684796267118838 0.020296692858572385
v -0.00186528596200941 0.019214896161071644 0.017902281657807828
v -0.0019517158004804516 0.018883097591845262 0.0178988732256391
v -0.0019190294461981358 0.018979887910163258 0.02029992581465856
v -0.0018151785997432687 0.019425383536791914 0.01790451134846549
v -0.00186528596200941 0.019214896161071644 0.017902281657807828
v -0.00186528596200941 0.01918947501728608 0.020302145968572605
v -0.0017687223797709086 0.019636704423904312 0.017906748668518047
v -0.0018151785997432687 0.019425383536791914 0.01790451134846549
v -0.0018151785997432687 0.019399960485657626 0.020304375659230267
v -0.001708817324740513 0.01993702410979959 0.017910038845065923
v -0.0017687223797709086 0.019636704423904312 0.017906748668518047
v -0.001742835723687538 0.01973512552538082 0.02030782033102474
v -0.0016373464646792645 0.02036380292340546 0.017914559261540397
v -0.001708817324740513 0.01993702410979959 0.017910038845065923
v -0.001665237863480231 0.02016081715021435 0.020312329303406873
v -0.0015806883132225829 0.0207928285938075 0.017919104473548275
v -0.0016373464646792645 0.02036380292340546 0.017914559261540397
v -0.0016024155185773846 0.02058899214308575 0.02031686307132241
v -0.0015467921038031511 0.021134013226101766 0.017922610180501897
v -0.0015806883132225829 0.0207928285938075 0.017919104473548275
v -0.0015673621445293211 0.020893202820376777 0.02032019330219348
v -0.0015236298569525763 0.021439377849370455 0.01792595376281403
v -0.0015467921038031511 0.021134013226101766 0.017922610180501897
v -0.0015360660090477784 0.021234650666794874 0.02032370473119327
v -0.001504274082107445 0.021871672715484413 0.017930531399750205
v -0.0015236298569525763 0.021439377849370455 0.01792595376281403
v -0.0015168519740546553 0.021540272782141223 0.020327048313505403
v -0.0015000000712461763 0.022214512926470597 0.01793405618019106
v -0.001504274082107445 0.021871672715484413 0.017930531399750205
v -0.0015033230303502364 0.021882872667188257 0.020330571186597535
v -0.0012000001046806592 0.022185914139711837 0.020633904483475796
v -0.0012000001046806592 0.040190217973385976 0.0208246260043754
v -0.0015000001904554715 0.04020130729886386 0.020524725935199273
v -0.0015000001904554715 0.04020130729886386 0.020524725935199273
v -0.0015000000712461763 0.022189091782685032 0.02033392239830456
v -0.0012000001046806592 0.022185914139711837 0.020633904483475796
v -0.0012000001046806592 0.022217692476792516 0.0176340721876711
v -0.001204794225696942 0.021885396089549324 0.017630553129276416
v -0.001504274082107445 0.021871672715484413 0.017930531399750205
v -0.001204794225696942 0.021885396089549324 0.017630553129276416
v -0.001224180756540238 0.021424178187393627 0.017625666501847048
v -0.0015236298569525763 0.021439377849370455 0.01792595376281403
v -0.001224180756540238 0.021424178187393627 0.017625666501847048
v -0.0012479150887985398 0.021111258555831524 0.017622351529765767
v -0.0015467921038031511 0.021134013226101766 0.017922610180501897
v -0.0012479150887985398 0.021111258555831524 0.017622351529765767
v -0.001281418145962359 0.020780621561977696 0.017618851544858316
v -0.0015806883132225829 0.0207928285938075 0.017919104473548275
v -0.001281418145962359 0.020780621561977696 0.017618851544858316
v -0.0013580078531600503 0.020204955107022703 0.01761275184364086
v -0.0016373464646792645 0.02036380292340546 0.017914559261540397
v -0.0013580078531600503 0.020204955107022703 0.01761275184364086
v -0.001453262636546409 0.019686608295903525 0.017607260586666174
v -0.001708817324740513 0.01993702410979959 0.017910038845065923
v -0.001453262636546409 0.019686608295903525 0.017607260586666174
v -0.001522742820586897 0.019361620868968428 0.017603817822220424
v -0.0018151785997432687 0.019425383536791914 0.01790451134846549
v -0.001522742820586897 0.019361620868968428 0.017603817822220424
v -0.0016053337621241969 0.019020445773417778 0.01760020339638957
v -0.00186528596200941 0.019214896161071644 0.017902281657807828
v -0.0016053337621241969 0.019020445773417778 0.01760020339638957
v -0.0017567295670446034 0.018479739113214107 0.017594477535521902
v -0.0019517158004804516 0.018883097591845262 0.0178988732256391
v -0.0017567295670446034 0.018479739113214107 0.017594477535521902
v -0.00204453764136081 0.0176349514754326 0.017585528255311678
v -0.002211078987238018 0.018057576083518885 0.01789012803174228
v -0.00204453764136081 0.0176349514754326 0.017585528255311678
v -0.0024045704553211913 0.016800223194818338 0.017576685786629964
v -0.002526964546065018 0.017251911982751895 0.01788159455355376
v -0.002700552114963671 0.016868578758367787 0.01787744034803418
v -0.002526964546065018 0.017251911982751895 0.01788159455355376
v -0.0024045704553211913 0.016800223194818338 0.017576685786629964
v -0.002526964546065018 0.017251911982751895 0.01788159455355376
v -0.0023620437313469347 0.01765201652446092 0.01788583268241717
v -0.00204453764136081 0.0176349514754326 0.017585528255311678
v -0.0023620437313469347 0.01765201652446092 0.01788583268241717
v -0.002211078987238018 0.018057576083518885 0.01789012803174228
v -0.00204453764136081 0.0176349514754326 0.017585528255311678
v -0.002211078987238018 0.018057576083518885 0.01789012803174228
v -0.002101910452542293 0.01838256732515143 0.01789346398465952
v -0.0017567295670446034 0.018479739113214107 0.017594477535521902
v -0.002101910452542293 0.01838256732515143 0.01789346398465952
v -0.002037359572858859 0.018589081693480843 0.017895651713645266
v -0.0017567295670446034 0.018479739113214107 0.017594477535521902
v -0.002037359572858859 0.018589081693480843 0.017895651713645266
v -0.0019517158004804516 0.018883097591845262 0.0178988732256391
v -0.0017567295670446034 0.018479739113214107 0.017594477535521902
v -0.0019517158004804516 0.018883097591845262 0.0178988732256391
v -0.00186528596200941 0.019214896161071644 0.017902281657807828
v -0.0016053337621241969 0.019020445773417778 0.01760020339638957
v -0.00186528596200941 0.019214896161071644 0.017902281657807828
v -0.0018151785997432687 0.019425383536791914 0.01790451134846549
v -0.001522742820586897 0.019361620868968428 0.017603817822220424
v -0.0018151785997432687 0.019425383536791914 0.01790451134846549
v -0.0017687223797709086 0.019636704423904312 0.017906748668518047
v -0.001453262636546409 0.019686608295903525 0.017607260586666174
v -0.0017687223797709086 0.019636704423904312 0.017906748668518047
v -0.001708817324740513 0.01993702410979959 0.017910038845065923
v -0.001453262636546409 0.019686608295903525 0.017607260586666174
v -0.001708817324740513 0.01993702410979959 0.017910038845065923
v -0.0016373464646792645 0.02036380292340546 0.017914559261540397
v -0.0013580078531600503 0.020204955107022703 0.01761275184364086
v -0.0016373464646792645 0.02036380292340546 0.017914559261540397
v -0.0015806883132225829 0.0207928285938075 0.017919104473548275
v -0.001281418145962359 0.020780621561977696 0.017618851544858316
v -0.0015806883132225829 0.0207928285938075 0.017919104473548275
v -0.0015467921038031511 0.021134013226101766 0.017922610180501897
v -0.0012479150887985398 0.021111258555831524 0.017622351529765767
v -0.0015467921038031511 0.021134013226101766 0.017922610180501897
v -0.0015236298569525763 0.021439377849370455 0.01792595376281403
v -0.001224180756540238 0.021424178187393627 0.017625666501847048
v -0.0015236298569525763 0.021439377849370455 0.01792595376281403
v -0.001504274082107445 0.021871672715484413 0.017930531399750205
v -0.001204794225696942 0.021885396089549324 0.017630553129276416
v -0.001504274082107445 0.021871672715484413 0.017930531399750205
v -0.0015000000712461763 0.022214512926470597 0.01793405618019106
v -0.0012000001046806592 0.022217692476792516 0.0176340721876711
v -0.0012000001046806592 0.04022199440311793 0.017824793708570708
v -0.0012000001046806592 0.022217692476792516 0.0176340721876711
v -0.0015000000712461763 0.022214512926470597 0.01793405618019106
v -0.0015000000712461763 0.022214512926470597 0.01793405618019106
v -0.0015000000712461763 0.040218816760144736 0.018124777701090666
v -0.0012000001046806592 0.04022199440311793 0.017824793708570708
v -0.0015000000712461763 0.022189091782685032 0.02033392239830456
v -0.0015000000712461763 0.042685297132423215 0.0196395559102458
v -0.0015000000712461763 0.04268068134851257 0.01938704392010271
v -0.0015000000712461763 0.04268068134851257 0.01938704392010271
v -0.0015000000712461763 0.022214512926470597 0.01793405618019106
v -0.0015000000712461763 0.022189091782685032 0.02033392239830456
v -0.0015000000712461763 0.04268068134851257 0.01938704392010271
v -0.0015000001904554715 0.042681802869561934 0.01920593925146652
v -0.0015000000712461763 0.022214512926470597 0.01793405618019106
v -0.0015000000712461763 0.022189091782685032 0.02033392239830456
v -0.0015000001904554715 0.04271517384282666 0.019892245283820165
v -0.0015000000712461763 0.042685297132423215 0.0196395559102458
v -0.0015000001904554715 0.04271517384282666 0.019892245283820165
v -0.0015000000712461763 0.022189091782685032 0.02033392239830456
v -0.0015000001904554715 0.04020130729886386 0.020524725935199273
v -0.0015000001904554715 0.04271517384282666 0.019892245283820165
v -0.0015000001904554715 0.04020130729886386 0.020524725935199273
v -0.0014999992367811098 0.04142156797694032 0.020569138550223798
v -0.0015000001904554715 0.04271517384282666 0.019892245283820165
v -0.0014999992367811098 0.04142156797694032 0.020569138550223798
v -0.0015004786965664562 0.043000578061704896 0.02074544051477445
v -0.0015000000712461763 0.04272187245154326 0.018811079918746865
v -0.001499999952036881 0.04279985249675102 0.01853787700965226
v -0.0015000000712461763 0.040218816760144736 0.018124777701090666
v -0.0015000000712461763 0.040218816760144736 0.018124777701090666
v -0.0015000000712461763 0.022214512926470597 0.01793405618019106
v -0.0015000000712461763 0.04272187245154326 0.018811079918746865
v -0.0015000000712461763 0.042703470351059834 0.018954554504418963
v -0.0015000000712461763 0.04272187245154326 0.018811079918746865
v -0.0015000000712461763 0.022214512926470597 0.01793405618019106
v -0.0015000000712461763 0.0421093846294829 0.018058510684393347
v -0.0014999989983625194 0.040991670648171684 0.01812116327525981
v -0.001499999952036881 0.04279985249675102 0.01853787700965226
v -0.0015000001904554715 0.042681802869561934 0.01920593925146652
v -0.0015000000712461763 0.042703470351059834 0.018954554504418963
v -0.0015000000712461763 0.022214512926470597 0.01793405618019106
v -0.0014999989983625194 0.040991670648171684 0.01812116327525981
v -0.0015000000712461763 0.040218816760144736 0.018124777701090666
v -0.001499999952036881 0.04279985249675102 0.01853787700965226
v -0.0015021265266541844 0.04306211294621944 0.017956034559530876
v -0.0015000000712461763 0.0421093846294829 0.018058510684393347
v -0.001499999952036881 0.04279985249675102 0.01853787700965226
v -0.0020000000949949017 0.009487040016650242 0.017799233328328334
v -0.0020000000949949017 0.009149608092969278 0.01779285324684854
v -0.002300000061560419 0.00915777249917982 0.01749296462176475
v -0.0020000000949949017 0.009149608092969278 0.01779285324684854
v -0.0020000000949949017 0.008434132022914213 0.017762539753587436
v -0.0023001555104813767 0.008631750516797657 0.017472346182064724
v -0.0020000000949949017 0.008434132022914213 0.017762539753587436
v -0.0020000000949949017 0.007802338493912712 0.01771128547869205
v -0.002300000061560419 0.007830413236609716 0.017412602298001456
v -0.0020000000949949017 0.007802338493912712 0.01771128547869205
v -0.0020000000949949017 0.007090513089314247 0.01763349998305408
v -0.002300000061560419 0.00749963748313626 0.017378735414068647
v -0.0020000000949949017 0.007090513089314247 0.01763349998305408
v -0.0020000000949949017 0.0060903523476868475 0.01747832381296388
v -0.0023001547952256054 0.006648108798129051 0.017266472682906375
v -0.0020000000949949017 0.0060903523476868475 0.01747832381296388
v -0.0020000000949949017 0.005099321130724035 0.017273531780531703
v -0.002300000061560419 0.005530954623668152 0.017060582017609516
v -0.0020000000949949017 0.005099321130724035 0.017273531780531703
v -0.0019999999757856065 0.0040785748511620885 0.017007689330160725
v -0.002300000061560419 0.004560955264241164 0.016828305090073048
v -0.0022997208733910304 0.0034195903971782917 0.016491753407827936
v -0.002300154556807015 0.004049737168975722 0.016685730772998397
v -0.0019999999757856065 0.0040785748511620885 0.017007689330160725
v -0.002300154556807015 0.004049737168975722 0.016685730772998397
v -0.002300000061560419 0.004560955264241164 0.016828305090073048
v -0.0019999999757856065 0.0040785748511620885 0.017007689330160725
v -0.002300000061560419 0.004560955264241164 0.016828305090073048
v -0.0023001543183884246 0.005017503023047601 0.016944657176898303
v -0.0020000000949949017 0.005099321130724035 0.017273531780531703
v -0.0023001543183884246 0.005017503023047601 0.016944657176898303
v -0.002300000061560419 0.005530954623668152 0.017060582017609516
v -0.0020000000949949017 0.005099321130724035 0.017273531780531703
v -0.002300000061560419 0.005530954623668152 0.017060582017609516
v -0.002300154079969834 0.005992678450072733 0.01715401730952304
v -0.0020000000949949017 0.0060903523476868475 0.01747832381296388
v -0.002300154079969834 0.005992678450072733 0.01715401730952304
v -0.0023001547952256054 0.006648108798129051 0.017266472682906375
v -0.0020000000949949017 0.0060903523476868475 0.01747832381296388
v -0.0023001547952256054 0.006648108798129051 0.017266472682906375
v -0.002300000061560419 0.007169470650742752 0.017339373458463703
v -0.0020000000949949017 0.007090513089314247 0.01763349998305408
v -0.002300000061560419 0.007169470650742752 0.017339373458463703
v -0.002300000061560419 0.00749963748313626 0.017378735414068647
v -0.0020000000949949017 0.007090513089314247 0.01763349998305408
v -0.002300000061560419 0.00749963748313626 0.017378735414068647
v -0.002300000061560419 0.007830413236609716 0.017412602298001456
v -0.0020000000949949017 0.007802338493912712 0.01771128547869205
v -0.002300000061560419 0.007830413236609716 0.017412602298001456
v -0.002300000061560419 0.008161706358424396 0.017440966480867237
v -0.0020000000949949017 0.008434132022914213 0.017762539753587436
v -0.002300000061560419 0.008161706358424396 0.017440966480867237
v -0.0023001555104813767 0.008631750516797657 0.017472346182064724
v -0.0020000000949949017 0.008434132022914213 0.017762539753587436
v -0.0023001555104813767 0.008631750516797657 0.017472346182064724
v -0.002300000061560419 0.00915777249917982 0.01749296462176475
v -0.0020000000949949017 0.009149608092969278 0.01779285324684854
v -0.002300000061560419 0.00915777249917982 0.01749296462176475
v -0.002300000061560419 0.009490217659623438 0.017499249335808376
v -0.0020000000949949017 0.009487040016650242 0.017799233328328334
v -0.0019999998565763113 0.002981358192906959 0.021126727153978342
v -0.0019999944921580267 0.002412676925814262 0.02109640793867107
v -0.0020000000949949017 0.002916472811941158 0.020179066662799894
v -0.0019999944921580267 0.002412676925814262 0.02109640793867107
v -0.0020000000949949017 0.002697517761563324 0.020171446804649884
v -0.0020000000949949017 0.002916472811941158 0.020179066662799894
v -0.00199999914132054 0.001433919140258686 0.020623602893020676
v -0.0020000000949949017 0.0020415001885187864 0.01989013194143463
v -0.0020000005718320826 0.0022273055180838117 0.02002174854009331
v -0.0020000000949949017 0.002916472811941158 0.020179066662799894
v -0.001999999022111245 0.003360856215845477 0.021061820076920812
v -0.0019999998565763113 0.002981358192906959 0.021126727153978342
v -0.0020000005718320826 0.0022273055180838117 0.02002174854009331
v -0.0019999983068554735 0.0018250839385011023 0.020885392227354416
v -0.00199999914132054 0.001433919140258686 0.020623602893020676
v -0.00199999914132054 0.001433919140258686 0.020623602893020676
v -0.0020000000949949017 0.001915363641161045 0.019770565972010434
v -0.0020000000949949017 0.0020415001885187864 0.01989013194143463
v -0.0019999944921580267 0.002412676925814262 0.02109640793867107
v -0.0019999999757856065 0.002488379119809093 0.020130156519485576
v -0.0020000000949949017 0.002697517761563324 0.020171446804649884
v -0.0020000000949949017 0.001915363641161045 0.019770565972010434
v -0.00199999914132054 0.001433919140258686 0.020623602893020676
v -0.001999997949227588 0.001130974465682819 0.020321536075694757
v -0.001999999022111245 0.003360856215845477 0.021061820076920812
v -0.0019999999757856065 0.003154342562771835 0.020140429499709844
v -0.0020000000949949017 0.0034008640474118847 0.020050278662298027
v -0.0019999999757856065 0.002488379119809093 0.020130156519485576
v -0.0019999944921580267 0.002412676925814262 0.02109640793867107
v -0.0019999983068554735 0.0018250839385011023 0.020885392227354416
v -0.0019999960418788645 0.0008151073246919289 0.019805956827573246
v -0.0020000000949949017 0.0016906629411725389 0.01942316719757531
v -0.0020000000949949017 0.0017977219481801763 0.019618300416072154
v -0.0020000000949949017 0.002916472811941158 0.020179066662799894
v -0.0019999999757856065 0.003154342562771835 0.020140429499709844
v -0.001999999022111245 0.003360856215845477 0.021061820076920812
v -0.001999997949227588 0.001130974465682819 0.020321536075694757
v -0.0020000000949949017 0.0017977219481801763 0.019618300416072154
v -0.0020000000949949017 0.001915363641161045 0.019770565972010434
v -0.001999997949227588 0.001130974465682819 0.020321536075694757
v -0.0019999960418788645 0.0008151073246919289 0.019805956827573246
v -0.0020000000949949017 0.0017977219481801763 0.019618300416072154
v -0.0020000000949949017 0.002509343743302418 0.017723353274065046
v -0.001999999737367016 0.0021244567449645044 0.016847298468660732
v -0.0019999992605298353 0.0024624842382843523 0.01675851710763232
v -0.0019999992605298353 0.0024624842382843523 0.01675851710763232
v -0.0020000000949949017 0.0027238284451097674 0.017681176071744353
v -0.0020000000949949017 0.002509343743302418 0.017723353274065046
v -0.001999992942437189 0.0030620485806506794 0.016728207429068664
v -0.0020000000949949017 0.0030282362945750776 0.01769012153725713
v -0.0020000000949949017 0.0027238284451097674 0.017681176071744353
v -0.0020000000949949017 0.003981407831471219 0.01945081993936726
v -0.0020000000949949017 0.007479003307809266 0.02027325345011044
v -0.0020000000949949017 0.006310668291378832 0.020407917992029123
v -0.0020000005718320826 0.0022273055180838117 0.02002174854009331
v -0.0019999999757856065 0.002488379119809093 0.020130156519485576
v -0.0019999983068554735 0.0018250839385011023 0.020885392227354416
v -0.001999994611367322 0.0006511636089620579 0.019218935925667813
v -0.0020000000949949017 0.0015966845317100249 0.01880622380889707
v -0.0020000000949949017 0.0015922897618327054 0.019012795397688187
v -0.0019999999757856065 0.0006525105547886687 0.018695324832072036
v -0.0020000000949949017 0.0016168829970630162 0.01867690747279882
v -0.0020000000949949017 0.0015966845317100249 0.01880622380889707
v -0.0019999987836926544 0.0007175887567894768 0.018337756074243705
v -0.001999997949227588 0.0008819631160983045 0.017918167965325082
v -0.0020000000949949017 0.0016501892396804392 0.01854722111104823
v -0.0019999998565763113 0.002323276153287924 0.017788910757037257
v -0.001999994015320846 0.0016367779555503954 0.017075110292835705
v -0.001999999737367016 0.0021244567449645044 0.016847298468660732
v -0.0020000000949949017 0.004982103107578352 0.02064742758592475
v -0.0020000000949949017 0.0036581303426666562 0.019879082670279935
v -0.0020000000949949017 0.0038362888727809536 0.0196881875806465
v -0.0020000000949949017 0.0036581303426666562 0.019879082670279935
v -0.0020000000949949017 0.004982103107578352 0.02064742758592475
v -0.001999999022111245 0.003360856215845477 0.021061820076920812
v -0.0020000000949949017 0.0017315681803133094 0.018349383272061592
v -0.0020000000949949017 0.0016501892396804392 0.01854722111104823
v -0.001999997949227588 0.0008819631160983045 0.017918167965325082
v -0.0020000000949949017 0.0027238284451097674 0.017681176071744353
v -0.0019999992605298353 0.0024624842382843523 0.01675851710763232
v -0.001999992942437189 0.0030620485806506794 0.016728207429068664
v -0.001999994611367322 0.0006511636089620579 0.019218935925667813
v -0.0019999999757856065 0.0006525105547886687 0.018695324832072036
v -0.0020000000949949017 0.0015966845317100249 0.01880622380889707
v -0.0019999999757856065 0.0006525105547886687 0.018695324832072036
v -0.0019999987836926544 0.0007175887567894768 0.018337756074243705
v -0.0020000000949949017 0.0016168829970630162 0.01867690747279882
v -0.0020000000949949017 0.0016501892396804392 0.01854722111104823
v -0.0020000000949949017 0.0016168829970630162 0.01867690747279882
v -0.0019999987836926544 0.0007175887567894768 0.018337756074243705
v -0.0019999999757856065 0.002079517701692319 0.017934519665930848
v -0.0019999987836926544 0.0011480389186646627 0.01751758277173776
v -0.001999994015320846 0.0016367779555503954 0.017075110292835705
v -0.001999994015320846 0.0016367779555503954 0.017075110292835705
v -0.0019999998565763113 0.002323276153287924 0.017788910757037257
v -0.0019999999757856065 0.002079517701692319 0.017934519665930848
v -0.001999992942437189 0.0030620485806506794 0.016728207429068664
v -0.0019999999757856065 0.0040785748511620885 0.017007689330160725
v -0.0020000000949949017 0.0032774480945894926 0.017755631336511257
v -0.0020000000949949017 0.004058191492192222 0.01921366592114504
v -0.0020000000949949017 0.008827472152375674 0.02020048618896375
v -0.0020000000949949017 0.008112227825190502 0.02022967816117549
v -0.0020000000949949017 0.003981407831471219 0.01945081993936726
v -0.0020000000949949017 0.006310668291378832 0.020407917992029123
v -0.0020000000949949017 0.004982103107578352 0.02064742758592475
v -0.0020000000949949017 0.0016245288428393824 0.01921819587436313
v -0.0019999960418788645 0.0008151073246919289 0.019805956827573246
v -0.001999994611367322 0.0006511636089620579 0.019218935925667813
v -0.0019999999757856065 0.002079517701692319 0.017934519665930848
v -0.0020000000949949017 0.0018742127116628407 0.018133467581874507
v -0.0019999987836926544 0.0011480389186646627 0.01751758277173776
v -0.0020000000949949017 0.002509343743302418 0.017723353274065046
v -0.0019999998565763113 0.002323276153287924 0.017788910757037257
v -0.001999999737367016 0.0021244567449645044 0.016847298468660732
v -0.0020000000949949017 0.0034701241710934096 0.017846909417018608
v -0.0020000000949949017 0.0032774480945894926 0.017755631336511257
v -0.0019999999757856065 0.0040785748511620885 0.017007689330160725
v -0.0019999987836926544 0.0011480389186646627 0.01751758277173776
v -0.0020000000949949017 0.0018742127116628407 0.018133467581874507
v -0.0020000000949949017 0.0017315681803133094 0.018349383272061592
v -0.0020000000949949017 0.0032774480945894926 0.017755631336511257
v -0.0020000000949949017 0.0030282362945750776 0.01769012153725713
v -0.001999992942437189 0.0030620485806506794 0.016728207429068664
v -0.0020000000949949017 0.004058191492192222 0.01921366592114504
v -0.0020000000949949017 0.008112227825190502 0.02022967816117549
v -0.0020000000949949017 0.007479003307809266 0.02027325345011044
v -0.0020000000949949017 0.0034008640474118847 0.020050278662298027
v -0.0020000000949949017 0.0036581303426666562 0.019879082670279935
v -0.001999999022111245 0.003360856215845477 0.021061820076920812
v -0.0020000000949949017 0.0016245288428393824 0.01921819587436313
v -0.0020000000949949017 0.0016906629411725389 0.01942316719757531
v -0.0019999960418788645 0.0008151073246919289 0.019805956827573246
v -0.0020000000949949017 0.0017315681803133094 0.018349383272061592
v -0.001999997949227588 0.0008819631160983045 0.017918167965325082
v -0.0019999987836926544 0.0011480389186646627 0.01751758277173776
v -0.0020000000949949017 0.0036401964962948247 0.017965586561937696
v -0.0020000000949949017 0.0034701241710934096 0.017846909417018608
v -0.0019999999757856065 0.0040785748511620885 0.017007689330160725
v -0.0020000000949949017 0.0037768561249781913 0.018098322774297015
v -0.0020000000949949017 0.0036401964962948247 0.017965586561937696
v -0.0019999999757856065 0.0040785748511620885 0.017007689330160725
v -0.0020000000949949017 0.005099321130724035 0.017273531780531703
v -0.0020000000949949017 0.0060903523476868475 0.01747832381296388
v -0.0020000000949949017 0.003898342556148267 0.01825822153982637
v -0.0020000000949949017 0.004080789283029964 0.01909642119511723
v -0.0020000000949949017 0.009461617919190316 0.020199099546441834
v -0.0020000000949949017 0.008827472152375674 0.02020048618896375
v -0.0020000000949949017 0.0038362888727809536 0.0196881875806465
v -0.0020000000949949017 0.003981407831471219 0.01945081993936726
v -0.0020000000949949017 0.004982103107578352 0.02064742758592475
v -0.0020000000949949017 0.004080789283029964 0.01909642119511723
v -0.0020000000949949017 0.012118939021663616 0.02022724819890187
v -0.0020000000949949017 0.009461617919190316 0.020199099546441834
v -0.0020000000949949017 0.005099321130724035 0.017273531780531703
v -0.0020000000949949017 0.003898342556148267 0.01825822153982637
v -0.0020000000949949017 0.0037768561249781913 0.018098322774297015
v -0.0020000000949949017 0.004092565254048277 0.01894091314634916
v -0.0020000000949949017 0.012144361119123542 0.01782738198078837
v -0.0020000000949949017 0.012118939021663616 0.02022724819890187
v -0.0020000000949949017 0.008827472152375674 0.02020048618896375
v -0.0020000000949949017 0.004058191492192222 0.01921366592114504
v -0.0020000000949949017 0.004080789283029964 0.01909642119511723
v -0.0019999999757856065 0.0040785748511620885 0.017007689330160725
v -0.0020000000949949017 0.005099321130724035 0.017273531780531703
v -0.0020000000949949017 0.0037768561249781913 0.018098322774297015
v -0.0020000000949949017 0.0060903523476868475 0.01747832381296388
v -0.0020000000949949017 0.007090513089314247 0.01763349998305408
v -0.0020000000949949017 0.004015199851966635 0.018490700646327518
v -0.0020000000949949017 0.007090513089314247 0.01763349998305408
v -0.0020000000949949017 0.007802338493912712 0.01771128547869205
v -0.0020000000949949017 0.004015199851966635 0.018490700646327518
v -0.0020000000949949017 0.0040670558953842546 0.018681944780777338
v -0.0020000000949949017 0.004015199851966635 0.018490700646327518
v -0.0020000000949949017 0.007802338493912712 0.01771128547869205
v -0.0020000000949949017 0.004084037974743106 0.01878942197399258
v -0.0020000000949949017 0.0040670558953842546 0.018681944780777338
v -0.0020000000949949017 0.009149608092969278 0.01779285324684854
v -0.0020000000949949017 0.0015922897618327054 0.019012795397688187
v -0.0020000000949949017 0.0016245288428393824 0.01921819587436313
v -0.001999994611367322 0.0006511636089620579 0.019218935925667813
v -0.0020000000949949017 0.004015199851966635 0.018490700646327518
v -0.0020000000949949017 0.003898342556148267 0.01825822153982637
v -0.0020000000949949017 0.0060903523476868475 0.01747832381296388
v -0.0020000000949949017 0.008434132022914213 0.017762539753587436
v -0.0020000000949949017 0.009149608092969278 0.01779285324684854
v -0.0020000000949949017 0.0040670558953842546 0.018681944780777338
v -0.0020000000949949017 0.009487040016650242 0.017799233328328334
v -0.0020000000949949017 0.012144361119123542 0.01782738198078837
v -0.0020000000949949017 0.004084037974743106 0.01878942197399258
v -0.0020000000949949017 0.012144361119123542 0.01782738198078837
v -0.0020000000949949017 0.004092565254048277 0.01894091314634916
v -0.0020000000949949017 0.004084037974743106 0.01878942197399258
v -0.0020000000949949017 0.007479003307809266 0.02027325345011044
v -0.0020000000949949017 0.003981407831471219 0.01945081993936726
v -0.0020000000949949017 0.004058191492192222 0.01921366592114504
v -0.0020000000949949017 0.007802338493912712 0.01771128547869205
v -0.0020000000949949017 0.008434132022914213 0.017762539753587436
v -0.0020000000949949017 0.0040670558953842546 0.018681944780777338
v -0.0020000000949949017 0.004080789283029964 0.01909642119511723
v -0.0020000000949949017 0.004092565254048277 0.01894091314634916
v -0.0020000000949949017 0.012118939021663616 0.02022724819890187
v -0.0020000000949949017 0.009149608092969278 0.01779285324684854
v -0.0020000000949949017 0.009487040016650242 0.017799233328328334
v -0.0020000000949949017 0.004084037974743106 0.01878942197399258
v -0.0005000000237487254 0.013915660565438364 0.020546298049261003
v -0.0005497765206160033 0.013915224736255066 0.020546292327214832
v -0.000528781081519866 0.013618593862790856 0.020243134506419125
v -0.0005497765206160033 0.013915224736255066 0.020546292327214832
v -0.0007528158783853125 0.013899635975138663 0.02054612829522462
v -0.0006302012504453416 0.013614060094875318 0.02024312687702423
v -0.0007528158783853125 0.013899635975138663 0.02054612829522462
v -0.0008546476174025108 0.013578787494933358 0.020242842682064444
v -0.0006302012504453416 0.013614060094875318 0.02024312687702423
v -0.0007528158783853125 0.013899635975138663 0.02054612829522462
v -0.0010006807325731166 0.013843311013662101 0.020545531295074193
v -0.0008546476174025108 0.013578787494933358 0.020242842682064444
v -0.001103382878259312 0.013493519470253462 0.020241574295163378
v -0.0008546476174025108 0.013578787494933358 0.020242842682064444
v -0.0010006807325731166 0.013843311013662101 0.020545531295074193
v -0.0010006807325731166 0.013843311013662101 0.020545531295074193
v -0.00156104047560418 0.013588848759449329 0.020542834303979296
v -0.001103382878259312 0.013493519470253462 0.020241574295163378
v -0.001308537068530346 0.013383930842001407 0.020240904815761462
v -0.001103382878259312 0.013493519470253462 0.020241574295163378
v -0.00156104047560418 0.013588848759449329 0.020542834303979296
v -0.00156104047560418 0.013588848759449329 0.020542834303979296
v -0.001501042437323518 0.013238924655304412 0.02023932934571593
v -0.001308537068530346 0.013383930842001407 0.020240904815761462
v -0.00156104047560418 0.013588848759449329 0.020542834303979296
v -0.00200385103206746 0.013111879017861377 0.020537783644559715
v -0.001669599850801367 0.013059093141941097 0.020237097747709543
v -0.00200385103206746 0.013111879017861377 0.020537783644559715
v -0.0017714944727217899 0.012916558879189638 0.020236199386460818
v -0.001669599850801367 0.013059093141941097 0.020237097747709543
v -0.0018508761808226628 0.012771938930609133 0.020234356887594007
v -0.00200385103206746 0.013111879017861377 0.020537783644559715
v -0.002191101893546237 0.01274274505104867 0.020533871672328008
v -0.002191101893546237 0.01274274505104867 0.020533871672328008
v -0.0022999936242584776 0.012252457246999532 0.02052867796175417
v -0.001979806994060195 0.012380153290357248 0.020230576522424215
v -0.0022999936242584776 0.012252457246999532 0.02052867796175417
v -0.0020000000949949017 0.012118939021663616 0.02022724819890187
v -0.0019987921472065092 0.012185968977850297 0.020227795607985488
v -0.0019987921472065092 0.012185968977850297 0.020227795607985488
v -0.001979806994060195 0.012380153290357248 0.020230576522424215
v -0.0022999936242584776 0.012252457246999532 0.02052867796175417
v -0.001979806994060195 0.012380153290357248 0.020230576522424215
v -0.0019149495080694736 0.012620989445290004 0.020232092864659323
v -0.002191101893546237 0.01274274505104867 0.020533871672328008
v -0.0019149495080694736 0.012620989445290004 0.020232092864659323
v -0.0018508761808226628 0.012771938930609133 0.020234356887594007
v -0.002191101893546237 0.01274274505104867 0.020533871672328008
v -0.0018508761808226628 0.012771938930609133 0.020234356887594007
v -0.0017714944727217899 0.012916558879189638 0.020236199386460818
v -0.00200385103206746 0.013111879017861377 0.020537783644559715
v -0.001669599850801367 0.013059093141941097 0.020237097747709543
v -0.001501042437323518 0.013238924655304412 0.02023932934571593
v -0.00156104047560418 0.013588848759449329 0.020542834303979296
v -0.0006302012504453416 0.013614060094875318 0.02024312687702423
v -0.000528781081519866 0.013618593862790856 0.020243134506419125
v -0.0005497765206160033 0.013915224736255066 0.020546292327214832
v -0.000528781081519866 0.013618593862790856 0.020243134506419125
v -0.0005000000237487254 0.013618855169565963 0.020243136413767848
v -0.0005000000237487254 0.013915660565438364 0.020546298049261003
v -0.0020000000949949017 0.009487040016650242 0.017799233328328334
v -0.002300000061560419 0.009490217659623438 0.017499249335808376
v -0.002300000061560419 0.012147538762096738 0.017527399895617135
v -0.002300000061560419 0.012147538762096738 0.017527399895617135
v -0.0020000000949949017 0.012144361119123542 0.01782738198078837
v -0.0020000000949949017 0.009487040016650242 0.017799233328328334
v -0.0019987921472065092 0.012185968977850297 0.020227795607985488
v -0.0020000000949949017 0.012118939021663616 0.02022724819890187
v -0.0020000000949949017 0.012144361119123542 0.01782738198078837
v -0.0019966312403121847 0.012253079042683362 0.017828768623310287
v -0.001979806994060195 0.012380153290357248 0.020230576522424215
v -0.0019987921472065092 0.012185968977850297 0.020227795607985488
v -0.001979806994060195 0.012380153290357248 0.020230576522424215
v -0.0019966312403121847 0.012253079042683362 0.017828768623310287
v -0.0019661723117109222 0.012467174168513956 0.017830973518434545
v -0.0019661723117109222 0.012467174168513956 0.017830973518434545
v -0.0019149495080694736 0.012620989445290004 0.020232092864659323
v -0.001979806994060195 0.012380153290357248 0.020230576522424215
v -0.0018508761808226628 0.012771938930609133 0.020234356887594007
v -0.0019149495080694736 0.012620989445290004 0.020232092864659323
v -0.0019086061430526038 0.012663406973549845 0.01783225334942795
v -0.0018341499246113382 0.012831037177129528 0.017834349525674975
v -0.0017714944727217899 0.012916558879189638 0.020236199386460818
v -0.0018508761808226628 0.012771938930609133 0.020234356887594007
v -0.001669599850801367 0.013059093141941097 0.020237097747709543
v -0.0017714944727217899 0.012916558879189638 0.020236199386460818
v -0.0017337146628829119 0.012999341628482935 0.017836544884055616
v -0.001669599850801367 0.013059093141941097 0.020237097747709543
v -0.0017337146628829119 0.012999341628482935 0.017836544884055616
v -0.0015609218623554432 0.013208149583652245 0.017838269127301576
v -0.0015609218623554432 0.013208149583652245 0.017838269127301576
v -0.001501042437323518 0.013238924655304412 0.02023932934571593
v -0.001669599850801367 0.013059093141941097 0.020237097747709543
v -0.0015609218623554432 0.013208149583652245 0.017838269127301576
v -0.0013624611548013193 0.013372590700166392 0.017840788734965196
v -0.001501042437323518 0.013238924655304412 0.02023932934571593
v -0.001308537068530346 0.013383930842001407 0.020240904815761462
v -0.0013624611548013193 0.013372590700166392 0.017840788734965196
v -0.001189719375852202 0.01347811572196323 0.017841599358172644
v -0.001103382878259312 0.013493519470253462 0.020241574295163378
v -0.001308537068530346 0.013383930842001407 0.020240904815761462
v -0.001189719375852202 0.01347811572196323 0.017841599358172644
v -0.001103382878259312 0.013493519470253462 0.020241574295163378
v -0.001189719375852202 0.01347811572196323 0.017841599358172644
v -0.0009184711415712028 0.013588072468518902 0.017842226875902645
v -0.0008546476174025108 0.013578787494933358 0.020242842682064444
v -0.001103382878259312 0.013493519470253462 0.020241574295163378
v -0.0009184711415712028 0.013588072468518902 0.017842226875902645
v -0.0008546476174025108 0.013578787494933358 0.020242842682064444
v -0.0009184711415712028 0.013588072468518902 0.017842226875902645
v -0.0006623424010160011 0.01363647334972407 0.0178431767355669
v -0.0006302012504453416 0.013614060094875318 0.02024312687702423
v -0.0008546476174025108 0.013578787494933358 0.020242842682064444
v -0.0006623424010160011 0.01363647334972407 0.0178431767355669
v -0.0005408992428200877 0.013643688849944718 0.01784326065891073
v -0.000528781081519866 0.013618593862790856 0.020243134506419125
v -0.0006302012504453416 0.013614060094875318 0.02024312687702423
v -0.0005000000237487254 0.013618855169565963 0.020243136413767848
v -0.000528781081519866 0.013618593862790856 0.020243134506419125
v -0.0005408992428200877 0.013643688849944718 0.01784326065891073
v -0.0005408992428200877 0.013643688849944718 0.01784326065891073
v -0.0005000000237487254 0.013644277267025889 0.017843270195654348
v -0.0005000000237487254 0.013618855169565963 0.020243136413767848
v -0.0006623424010160011 0.01363647334972407 0.0178431767355669
v -0.0005408992428200877 0.013643688849944718 0.01784326065891073
v -0.0006302012504453416 0.013614060094875318 0.02024312687702423
v -0.001308537068530346 0.013383930842001407 0.020240904815761462
v -0.001501042437323518 0.013238924655304412 0.02023932934571593
v -0.0013624611548013193 0.013372590700166392 0.017840788734965196
v -0.0018341499246113382 0.012831037177129528 0.017834349525674975
v -0.0017337146628829119 0.012999341628482935 0.017836544884055616
v -0.0017714944727217899 0.012916558879189638 0.020236199386460818
v -0.0019086061430526038 0.012663406973549845 0.01783225334942795
v -0.0018341499246113382 0.012831037177129528 0.017834349525674975
v -0.0018508761808226628 0.012771938930609133 0.020234356887594007
v -0.0019661723117109222 0.012467174168513956 0.017830973518434545
v -0.0019086061430526038 0.012663406973549845 0.01783225334942795
v -0.0019149495080694736 0.012620989445290004 0.020232092864659323
v -0.0020000000949949017 0.012144361119123542 0.01782738198078837
v -0.0019966312403121847 0.012253079042683362 0.017828768623310287
v -0.0019987921472065092 0.012185968977850297 0.020227795607985488
v 0.0005141334777891691 0.013915659611764003 0.020546298049261003
v -0.0005000000237487254 0.013915660565438364 0.020546298049261003
v -0.0005000000237487254 0.013618855169565963 0.020243136413767848
v -0.0005000000237487254 0.013618855169565963 0.020243136413767848
v 0.0005863771717112829 0.013618841818124899 0.020243149765208912
v 0.0005141334777891691 0.013915659611764003 0.020546298049261003
v -0.002300000061560419 0.012147538762096738 0.017527399895617135
v -0.002269970286421923 0.012525615333399137 0.01753140532793629
v -0.0019966312403121847 0.012253079042683362 0.017828768623310287
v -0.002269970286421923 0.012525615333399137 0.01753140532793629
v -0.0019661723117109222 0.012467174168513956 0.017830973518434545
v -0.0019966312403121847 0.012253079042683362 0.017828768623310287
v -0.0019086061430526038 0.012663406973549845 0.01783225334942795
v -0.0019661723117109222 0.012467174168513956 0.017830973518434545
v -0.002269970286421923 0.012525615333399137 0.01753140532793629
v -0.0019086061430526038 0.012663406973549845 0.01783225334942795
v -0.002269970286421923 0.012525615333399137 0.01753140532793629
v -0.0020151117805118626 0.013148461966376318 0.017538004754519276
v -0.0020151117805118626 0.013148461966376318 0.017538004754519276
v -0.0015609218623554432 0.013208149583652245 0.017838269127301576
v -0.0017337146628829119 0.012999341628482935 0.017836544884055616
v -0.0020151117805118626 0.013148461966376318 0.017538004754519276
v -0.0015230489500570037 0.013632193259188746 0.017543127893190347
v -0.0015609218623554432 0.013208149583652245 0.017838269127301576
v -0.0015230489500570037 0.013632193259188746 0.017543127893190347
v -0.001189719375852202 0.01347811572196323 0.017841599358172644
v -0.0013624611548013193 0.013372590700166392 0.017840788734965196
v -0.0015230489500570037 0.013632193259188746 0.017543127893190347
v -0.0011096662810006898 0.013848186196999129 0.01754541480430971
v -0.001189719375852202 0.01347811572196323 0.017841599358172644
v -0.0011096662810006898 0.013848186196999129 0.01754541480430971
v -0.0009184711415712028 0.013588072468518902 0.017842226875902645
v -0.001189719375852202 0.01347811572196323 0.017841599358172644
v -0.0011096662810006898 0.013848186196999129 0.01754541480430971
v -0.0007198361500274777 0.013934941953683283 0.017546334146394393
v -0.0009184711415712028 0.013588072468518902 0.017842226875902645
v -0.0007198361500274777 0.013934941953683283 0.017546334146394393
v -0.0006623424010160011 0.01363647334972407 0.0178431767355669
v -0.0009184711415712028 0.013588072468518902 0.017842226875902645
v -0.0006623424010160011 0.01363647334972407 0.0178431767355669
v -0.0007198361500274777 0.013934941953683283 0.017546334146394393
v -0.0005991580174835932 0.01394470471812404 0.017546437143225457
v -0.0005991580174835932 0.01394470471812404 0.017546437143225457
v -0.0005495978258824791 0.013946755118001702 0.017546458124061415
v -0.0005408992428200877 0.013643688849944718 0.01784326065891073
v -0.0005408992428200877 0.013643688849944718 0.01784326065891073
v -0.0006623424010160011 0.01363647334972407 0.0178431767355669
v -0.0005991580174835932 0.01394470471812404 0.017546437143225457
v -0.0005000000237487254 0.013947437948844682 0.01754646575345631
v -0.0005000000237487254 0.013644277267025889 0.017843270195654348
v -0.0005408992428200877 0.013643688849944718 0.01784326065891073
v -0.0005408992428200877 0.013643688849944718 0.01784326065891073
v -0.0005495978258824791 0.013946755118001702 0.017546458124061415
v -0.0005000000237487254 0.013947437948844682 0.01754646575345631
v -0.0013624611548013193 0.013372590700166392 0.017840788734965196
v -0.0015609218623554432 0.013208149583652245 0.017838269127301576
v -0.0015230489500570037 0.013632193259188746 0.017543127893190347
v -0.0017337146628829119 0.012999341628482935 0.017836544884055616
v -0.0018341499246113382 0.012831037177129528 0.017834349525674975
v -0.0020151117805118626 0.013148461966376318 0.017538004754519276
v -0.0018341499246113382 0.012831037177129528 0.017834349525674975
v -0.0019086061430526038 0.012663406973549845 0.01783225334942795
v -0.0020151117805118626 0.013148461966376318 0.017538004754519276
v -0.0019966312403121847 0.012253079042683362 0.017828768623310287
v -0.0020000000949949017 0.012144361119123542 0.01782738198078837
v -0.002300000061560419 0.012147538762096738 0.017527399895617135
v -0.0005000000237487254 0.013644277267025889 0.017843270195654348
v 0.0006039970207995236 0.013644230536982166 0.017843253029515838
v 0.0005863771717112829 0.013618841818124899 0.020243149765208912
v 0.0005863771717112829 0.013618841818124899 0.020243149765208912
v -0.0005000000237487254 0.013618855169565963 0.020243136413767848
v -0.0005000000237487254 0.013644277267025889 0.017843270195654348
v 0.0022999125619377328 0.012339212050009324 0.02052959539649013
v 0.001937060567354861 0.012551575303199064 0.020231837279930387
v 0.001990910505444212 0.012307785618768113 0.020229500777744214
v 0.001937060567354861 0.012551575303199064 0.020231837279930387
v 0.0022999125619377328 0.012339212050009324 0.02052959539649013
v 0.0021417296950036737 0.012861066475430843 0.020535124800439286
v 0.0021417296950036737 0.012861066475430843 0.020535124800439286
v 0.0018713624174142981 0.012729982027065994 0.020234421737450603
v 0.001937060567354861 0.012551575303199064 0.020231837279930387
v 0.0017441218727735901 0.012962251325207568 0.020235793121182732
v 0.0018713624174142981 0.012729982027065994 0.020234421737450603
v 0.0021417296950036737 0.012861066475430843 0.020535124800439286
v 0.0021417296950036737 0.012861066475430843 0.020535124800439286
v 0.0018264059695850118 0.013346482910840401 0.02054026701259759
v 0.0017441218727735901 0.012962251325207568 0.020235793121182732
v 0.0018264059695850118 0.013346482910840401 0.02054026701259759
v 0.001600650386543167 0.013138679174773965 0.0202383165435438
v 0.0017441218727735901 0.012962251325207568 0.020235793121182732
v 0.0018264059695850118 0.013346482910840401 0.02054026701259759
v 0.0013192439705891894 0.013732428249301215 0.020544356368260575
v 0.0014661182861514653 0.013268369351222003 0.0202394819336138
v 0.0013192439705891894 0.013732428249301215 0.020544356368260575
v 0.0010750264439977199 0.01350709597846667 0.02024211216750338
v 0.0013012927196602569 0.013387779871725241 0.020240782745443164
v 0.0013192439705891894 0.013732428249301215 0.020544356368260575
v 0.0009118706421045587 0.013561348605555251 0.02024253178422253
v 0.0010750264439977199 0.01350709597846667 0.02024211216750338
v 0.0013192439705891894 0.013732428249301215 0.020544356368260575
v 0.0008232131395338734 0.013888650600166202 0.020546010039603768
v 0.0009118706421045587 0.013561348605555251 0.02024253178422253
v 0.0008232131395338734 0.013888650600166202 0.020546010039603768
v 0.000802992739670563 0.013588439633148158 0.02024286938494657
v 0.0009118706421045587 0.013561348605555251 0.02024253178422253
v 0.0005863771717112829 0.013618841818124899 0.020243149765208912
v 0.0008232131395338734 0.013888650600166202 0.020546010039603768
v 0.0006301654876567777 0.013911138241615167 0.020546250365542917
v 0.0006301654876567777 0.013911138241615167 0.020546250365542917
v 0.0005141334777891691 0.013915659611764003 0.020546298049261003
v 0.0005863771717112829 0.013618841818124899 0.020243149765208912
v 0.0005863771717112829 0.013618841818124899 0.020243149765208912
v 0.000802992739670563 0.013588439633148158 0.02024286938494657
v 0.0008232131395338734 0.013888650600166202 0.020546010039603768
v 0.0013012927196602569 0.013387779871725241 0.020240782745443164
v 0.0014661182861514653 0.013268369351222003 0.0202394819336138
v 0.0013192439705891894 0.013732428249301215 0.020544356368260575
v 0.0014661182861514653 0.013268369351222003 0.0202394819336138
v 0.001600650386543167 0.013138679174773965 0.0202383165435438
v 0.0018264059695850118 0.013346482910840401 0.02054026701259759
v 0.001990910505444212 0.012307785618768113 0.020229500777744214
v 0.0020000000949949017 0.012118939021663616 0.02022724819890187
v 0.0022999125619377328 0.012339212050009324 0.02052959539649013
v 0.0005000000237487254 0.013947437948844682 0.01754646575345631
v 0.0006039970207995236 0.013644230536982166 0.017843253029515838
v -0.0005000000237487254 0.013644277267025889 0.017843270195654348
v -0.0005000000237487254 0.013644277267025889 0.017843270195654348
v -0.0005000000237487254 0.013947437948844682 0.01754646575345631
v 0.0005000000237487254 0.013947437948844682 0.01754646575345631
v 0.0006039970207995236 0.013644230536982166 0.017843253029515838
v 0.000802992739670563 0.013588439633148158 0.02024286938494657
v 0.0005863771717112829 0.013618841818124899 0.020243149765208912
v 0.0009118706421045587 0.013561348605555251 0.02024253178422253
v 0.000802992739670563 0.013588439633148158 0.02024286938494657
v 0.0008287445700410481 0.013607451131548714 0.01784288491121222
v 0.0010750264439977199 0.01350709597846667 0.02024211216750338
v 0.0009118706421045587 0.013561348605555251 0.02024253178422253
v 0.0009404843300252204 0.013578015018700379 0.017842575920719028
v 0.0009404843300252204 0.013578015018700379 0.017842575920719028
v 0.001111403160431942 0.013515877411989235 0.017842261208179666
v 0.0010750264439977199 0.01350709597846667 0.02024211216750338
v 0.0013012927196602569 0.013387779871725241 0.020240782745443164
v 0.0010750264439977199 0.01350709597846667 0.02024211216750338
v 0.001111403160431942 0.013515877411989235 0.017842261208179666
v 0.0014661182861514653 0.013268369351222003 0.0202394819336138
v 0.0013514695809455073 0.013381244341324488 0.017840491188564345
v 0.0015360507502579911 0.01323153272532685 0.017838698280764342
v 0.0015360507502579911 0.01323153272532685 0.017838698280764342
v 0.001600650386543167 0.013138679174773965 0.0202383165435438
v 0.0014661182861514653 0.013268369351222003 0.0202394819336138
v 0.001600650386543167 0.013138679174773965 0.0202383165435438
v 0.0015360507502579911 0.01323153272532685 0.017838698280764342
v 0.0016767868600004586 0.013076013232466438 0.01783675469241519
v 0.0017441218727735901 0.012962251325207568 0.020235793121182732
v 0.001600650386543167 0.013138679174773965 0.0202383165435438
v 0.0016767868600004586 0.013076013232466438 0.01783675469241519
v 0.0016767868600004586 0.013076013232466438 0.01783675469241519
v 0.0017893999472813607 0.012913678782617294 0.017834795845276252
v 0.0017441218727735901 0.012962251325207568 0.020235793121182732
v 0.0018713624174142981 0.012729982027065994 0.020234421737450603
v 0.0017441218727735901 0.012962251325207568 0.020235793121182732
v 0.0017893999472813607 0.012913678782617294 0.017834795845276252
v 0.0018713624174142981 0.012729982027065994 0.020234421737450603
v 0.0017893999472813607 0.012913678782617294 0.017834795845276252
v 0.001878277510211009 0.012739362368087708 0.01783317078416391
v 0.001937060567354861 0.012551575303199064 0.020231837279930387
v 0.0018713624174142981 0.012729982027065994 0.020234421737450603
v 0.001878277510211009 0.012739362368087708 0.01783317078416391
v 0.001990910505444212 0.012307785618768113 0.020229500777744214
v 0.001937060567354861 0.012551575303199064 0.020231837279930387
v 0.0019431087701567836 0.01255741274396705 0.0178315075760771
v 0.001990910505444212 0.012307785618768113 0.020229500777744214
v 0.0019431087701567836 0.01255741274396705 0.0178315075760771
v 0.0019926851742220466 0.012318493474501318 0.017828722846940925
v 0.0020000000949949017 0.012118939021663616 0.02022724819890187
v 0.001990910505444212 0.012307785618768113 0.020229500777744214
v 0.0019926851742220466 0.012318493474501318 0.017828722846940925
v 0.0019926851742220466 0.012318493474501318 0.017828722846940925
v 0.0020000000949949017 0.012144361119123542 0.01782738198078837
v 0.0020000000949949017 0.012118939021663616 0.02022724819890187
v 0.001878277510211009 0.012739362368087708 0.01783317078416391
v 0.0019431087701567836 0.01255741274396705 0.0178315075760771
v 0.001937060567354861 0.012551575303199064 0.020231837279930387
v 0.0014661182861514653 0.013268369351222003 0.0202394819336138
v 0.0013012927196602569 0.013387779871725241 0.020240782745443164
v 0.0013514695809455073 0.013381244341324488 0.017840491188564345
v 0.001111403160431942 0.013515877411989235 0.017842261208179666
v 0.0013514695809455073 0.013381244341324488 0.017840491188564345
v 0.0013012927196602569 0.013387779871725241 0.020240782745443164
v 0.0008287445700410481 0.013607451131548714 0.01784288491121222
v 0.0009404843300252204 0.013578015018700379 0.017842575920719028
v 0.0009118706421045587 0.013561348605555251 0.02024253178422253
v 0.0006039970207995236 0.013644230536982166 0.017843253029515838
v 0.0008287445700410481 0.013607451131548714 0.01784288491121222
v 0.000802992739670563 0.013588439633148158 0.02024286938494657
v 0.0020000000949949017 0.012118939021663616 0.02022724819890187
v 0.0020000000949949017 0.009461617919190316 0.020199099546441834
v 0.002300000061560419 0.00945844027621712 0.02049908163161307
v 0.002300000061560419 0.00945844027621712 0.02049908163161307
v 0.0022999125619377328 0.012339212050009324 0.02052959539649013
v 0.0020000000949949017 0.012118939021663616 0.02022724819890187
v 0.0005000000237487254 0.013947437948844682 0.01754646575345631
v 0.0005497566722683503 0.013947266287459575 0.017546463846107585
v 0.0006039970207995236 0.013644230536982166 0.017843253029515838
v 0.0005497566722683503 0.013947266287459575 0.017546463846107585
v 0.0007673396832629308 0.013929450696708595 0.017546275018583968
v 0.0006039970207995236 0.013644230536982166 0.017843253029515838
v 0.0008287445700410481 0.013607451131548714 0.01784288491121222
v 0.0007673396832629308 0.013929450696708595 0.017546275018583968
v 0.0010793524301117015 0.013854592981361052 0.01754548156151503
v 0.0010793524301117015 0.013854592981361052 0.01754548156151503
v 0.001111403160431942 0.013515877411989235 0.017842261208179666
v 0.0009404843300252204 0.013578015018700379 0.017842575920719028
v 0.0010793524301117015 0.013854592981361052 0.01754548156151503
v 0.0015048447370036293 0.013634917906840132 0.017543156503421198
v 0.001111403160431942 0.013515877411989235 0.017842261208179666
v 0.0015048447370036293 0.013634917906840132 0.017543156503421198
v 0.0013514695809455073 0.013381244341324488 0.017840491188564345
v 0.001111403160431942 0.013515877411989235 0.017842261208179666
v 0.0015048447370036293 0.013634917906840132 0.017543156503421198
v 0.0015360507502579911 0.01323153272532685 0.017838698280764342
v 0.0013514695809455073 0.013381244341324488 0.017840491188564345
v 0.0015048447370036293 0.013634917906840132 0.017543156503421198
v 0.0018103915120754035 0.01338388792665513 0.017540495751952045
v 0.0015360507502579911 0.01323153272532685 0.017838698280764342
v 0.0016767868600004586 0.013076013232466438 0.01783675469241519
v 0.0018103915120754035 0.01338388792665513 0.017540495751952045
v 0.0020225816733684945 0.013112610486096804 0.017537623284774595
v 0.0020225816733684945 0.013112610486096804 0.017537623284774595
v 0.0017893999472813607 0.012913678782617294 0.017834795845276252
v 0.0016767868600004586 0.013076013232466438 0.01783675469241519
v 0.0020225816733684945 0.013112610486096804 0.017537623284774595
v 0.0021950722783325985 0.012763175616899441 0.017533921120902463
v 0.001878277510211009 0.012739362368087708 0.01783317078416391
v 0.0019431087701567836 0.01255741274396705 0.0178315075760771
v 0.0021950722783325985 0.012763175616899441 0.017533921120902463
v 0.002299969782399435 0.012307563412641836 0.017529095528632244
v 0.002299969782399435 0.012307563412641836 0.017529095528632244
v 0.0019926851742220466 0.012318493474501318 0.017828722846940925
v 0.0019431087701567836 0.01255741274396705 0.0178315075760771
v 0.002299969782399435 0.012307563412641836 0.017529095528632244
v 0.0020000000949949017 0.012144361119123542 0.01782738198078837
v 0.0019926851742220466 0.012318493474501318 0.017828722846940925
v 0.0019431087701567836 0.01255741274396705 0.0178315075760771
v 0.001878277510211009 0.012739362368087708 0.01783317078416391
v 0.0021950722783325985 0.012763175616899441 0.017533921120902463
v 0.001878277510211009 0.012739362368087708 0.01783317078416391
v 0.0017893999472813607 0.012913678782617294 0.017834795845276252
v 0.0020225816733684945 0.013112610486096804 0.017537623284774595
v 0.0016767868600004586 0.013076013232466438 0.01783675469241519
v 0.0015360507502579911 0.01323153272532685 0.017838698280764342
v 0.0018103915120754035 0.01338388792665513 0.017540495751952045
v 0.0009404843300252204 0.013578015018700379 0.017842575920719028
v 0.0008287445700410481 0.013607451131548714 0.01784288491121222
v 0.0010793524301117015 0.013854592981361052 0.01754548156151503
v 0.0008287445700410481 0.013607451131548714 0.01784288491121222
v 0.0006039970207995236 0.013644230536982166 0.017843253029515838
v 0.0007673396832629308 0.013929450696708595 0.017546275018583968
v 0.002300000061560419 0.009490217659623438 0.017499249335808376
v 0.0020000000949949017 0.009487040016650242 0.017799233328328334
v 0.0020000000949949017 0.012144361119123542 0.01782738198078837
v 0.0020000000949949017 0.012144361119123542 0.01782738198078837
v 0.002299969782399435 0.012307563412641836 0.017529095528632244
v 0.002300000061560419 0.009490217659623438 0.017499249335808376
v 0.0020000000949949017 0.0031354121266920234 0.017713145143697373
v 0.0020000000949949017 0.0032775034077024714 0.01775685394704296
v 0.0020000000949949017 0.0034490563123504305 0.016815071904630052
v 0.0020000000949949017 0.004196273049348888 0.017041336868990342
v 0.0020000000949949017 0.0032775034077024714 0.01775685394704296
v 0.0019999999757856065 0.003484883950770902 0.017853085412185
v 0.0020000000949949017 0.002745733629942322 0.017678915863507116
v 0.0019999999757856065 0.0029856857287417784 0.017686680680160105
v 0.0019999992605298353 0.003111431031192631 0.016742876848100385
v 0.0020000000949949017 0.002745733629942322 0.017678915863507116
v 0.0019999992605298353 0.003111431031192631 0.016742876848100385
v 0.001999998068436883 0.0026957320063210346 0.016728689988295686
v 0.0020000000949949017 0.004051181031959341 0.019244036634867845
v 0.0020000000949949017 0.004005125712846782 0.019389874425608244
v 0.0020000000949949017 0.006727041087186972 0.02035311032646203
v 0.0020000000949949017 0.0032775034077024714 0.01775685394704296
v 0.0020000000949949017 0.004196273049348888 0.017041336868990342
v 0.0020000000949949017 0.0034490563123504305 0.016815071904630052
v 0.0020000000949949017 0.0034490563123504305 0.016815071904630052
v 0.0019999992605298353 0.003111431031192631 0.016742876848100385
v 0.0020000000949949017 0.0031354121266920234 0.017713145143697373
v 0.0019999927040185985 0.0014189034182243716 0.01723625837177889
v 0.0019999999757856065 0.00205025325022909 0.01795939530798152
v 0.0020000000949949017 0.0022268899544806995 0.017838860405405832
v 0.0019999933000650746 0.0018013620040095027 0.020878562011575896
v 0.0019999972339718166 0.002475551245969821 0.021105319071906825
v 0.0020000000949949017 0.0025223778492224082 0.020138468745222182
v 0.0020000000949949017 0.006727041087186972 0.02035311032646203
v 0.0020000000949949017 0.007578802468738436 0.0202659406751049
v 0.0020000000949949017 0.004051181031959341 0.019244036634867845
v 0.0020000000949949017 0.005347099081335629 0.01733124815290199
v 0.0020000000949949017 0.0038107795141169316 0.018136355307841745
v 0.0020000000949949017 0.003953298994915784 0.018352452196157554
v 0.0019999999757856065 0.0029856857287417784 0.017686680680160105
v 0.0020000000949949017 0.0031354121266920234 0.017713145143697373
v 0.0019999992605298353 0.003111431031192631 0.016742876848100385
v 0.0019999959226695693 0.0020789898429331164 0.016855940665726488
v 0.0020000000949949017 0.0022268899544806995 0.017838860405405832
v 0.0020000000949949017 0.00244626867469372 0.01774050987583209
v 0.0019999927040185985 0.0014189034182243716 0.01723625837177889
v 0.0020000000949949017 0.00189591333334481 0.018108841802506603
v 0.0019999999757856065 0.00205025325022909 0.01795939530798152
v 0.0019999927040185985 0.0014189034182243716 0.01723625837177889
v 0.0020000000949949017 0.0011099074414049064 0.017570336222729743
v 0.0020000000949949017 0.00189591333334481 0.018108841802506603
v 0.0019999999757856065 0.0006406967944237732 0.018972561783716646
v 0.0020000000949949017 0.0015942410987860457 0.01901906866763947
v 0.0019999999757856065 0.0015928221505451263 0.018839085520052645
v 0.001999992942437189 0.0008455061122037564 0.019878779401832913
v 0.0020000000949949017 0.0018841740787894226 0.01973741815854635
v 0.0019999999757856065 0.0017088908768756606 0.01946602723073898
v 0.0019999972339718166 0.002475551245969821 0.021105319071906825
v 0.0019999972339718166 0.003186771544185786 0.021113085795908537
v 0.0019999998565763113 0.002783946646360004 0.02018153286469926
v 0.0020000000949949017 0.00244626867469372 0.01774050987583209
v 0.0020000000949949017 0.002745733629942322 0.017678915863507116
v 0.0019999959226695693 0.0020789898429331164 0.016855940665726488
v 0.0020000000949949017 0.0022268899544806995 0.017838860405405832
v 0.0019999959226695693 0.0020789898429331164 0.016855940665726488
v 0.0019999927040185985 0.0014189034182243716 0.01723625837177889
v 0.0020000000949949017 0.0011099074414049064 0.017570336222729743
v 0.00199999914132054 0.00092942176703411 0.017834730995419656
v 0.0020000000949949017 0.0017784244666804042 0.01826958743086915
v 0.0019999989029019496 0.0006732727012940743 0.019324038469722415
v 0.001999992942437189 0.0008455061122037564 0.019878779401832913
v 0.0020000000949949017 0.0016302040397565838 0.019240351637134223
v 0.001999992942437189 0.0008455061122037564 0.019878779401832913
v 0.0019999999757856065 0.0017088908768756606 0.01946602723073898
v 0.0020000000949949017 0.0016302040397565838 0.019240351637134223
v 0.002000000333413492 0.003096104292107106 0.020155220989059863
v 0.0019999998565763113 0.002783946646360004 0.02018153286469926
v 0.0019999972339718166 0.003186771544185786 0.021113085795908537
v 0.0019999972339718166 0.003186771544185786 0.021113085795908537
v 0.0020000000949949017 0.0033800067122842516 0.02006096362984655
v 0.002000000333413492 0.003096104292107106 0.020155220989059863
v 0.0020000000949949017 0.0033800067122842516 0.02006096362984655
v 0.0019999972339718166 0.003186771544185786 0.021113085795908537
v 0.0020000000949949017 0.004223639211995147 0.020825484311300935
v 0.0020000000949949017 0.003918310589933612 0.019565262770120384
v 0.0020000000949949017 0.003784200371237669 0.019754485114923392
v 0.0020000000949949017 0.005241430531547356 0.020596329713624684
v 0.0020000000949949017 0.004005125712846782 0.019389874425608244
v 0.0020000000949949017 0.003918310589933612 0.019565262770120384
v 0.0020000000949949017 0.005932921691405582 0.020470950145291544
v 0.0020000000949949017 0.004081321433323794 0.019099553061721064
v 0.0020000000949949017 0.004051181031959341 0.019244036634867845
v 0.0020000000949949017 0.008112227825190502 0.02022967816117549
v 0.0020000000949949017 0.00403484888167799 0.01855433170708909
v 0.0020000000949949017 0.007662444478631628 0.01769829452653693
v 0.0020000000949949017 0.007131481986218661 0.017636958006289616
v 0.0020000000949949017 0.003953298994915784 0.018352452196157554
v 0.0020000000949949017 0.00650238211045179 0.017548441766733758
v 0.0020000000949949017 0.005347099081335629 0.01733124815290199
v 0.0020000000949949017 0.0038107795141169316 0.018136355307841745
v 0.0020000000949949017 0.005347099081335629 0.01733124815290199
v 0.0020000000949949017 0.004196273049348888 0.017041336868990342
v 0.001999998068436883 0.0026957320063210346 0.016728689988295686
v 0.0019999959226695693 0.0020789898429331164 0.016855940665726488
v 0.0020000000949949017 0.002745733629942322 0.017678915863507116
v 0.0020000000949949017 0.0016302587568230865 0.01861430065830172
v 0.0020000000949949017 0.0016953818411235423 0.018427212636720203
v 0.001999991750344237 0.0006861956445462783 0.018431870382302762
v 0.0019999999757856065 0.0015928221505451263 0.018839085520052645
v 0.001999991750344237 0.0006861956445462783 0.018431870382302762
v 0.0019999999757856065 0.0006406967944237732 0.018972561783716646
v 0.0020000000949949017 0.0025223778492224082 0.020138468745222182
v 0.0020000000949949017 0.0023370472110709204 0.020074301719469334
v 0.0019999933000650746 0.0018013620040095027 0.020878562011575896
v 0.0019999998565763113 0.002783946646360004 0.02018153286469926
v 0.0020000000949949017 0.0025223778492224082 0.020138468745222182
v 0.0019999972339718166 0.002475551245969821 0.021105319071906825
v 0.0020000000949949017 0.008112227825190502 0.02022967816117549
v 0.0020000000949949017 0.008745791850644506 0.020202336317225456
v 0.0020000000949949017 0.004081321433323794 0.019099553061721064
v 0.0020000000949949017 0.004070771887534632 0.01869929211741672
v 0.0020000000949949017 0.009149608092969278 0.01779285324684854
v 0.0020000000949949017 0.008515623497121764 0.01776747406473489
v 0.0020000000949949017 0.00403484888167799 0.01855433170708909
v 0.0020000000949949017 0.007131481986218661 0.017636958006289616
v 0.0020000000949949017 0.00650238211045179 0.017548441766733758
v 0.0020000000949949017 0.004196273049348888 0.017041336868990342
v 0.0020000000949949017 0.003671945746307472 0.017993893524341775
v 0.0020000000949949017 0.0038107795141169316 0.018136355307841745
v 0.0020000000949949017 0.0017784244666804042 0.01826958743086915
v 0.0020000000949949017 0.00189591333334481 0.018108841802506603
v 0.0020000000949949017 0.0011099074414049064 0.017570336222729743
v 0.0020000000949949017 0.0023370472110709204 0.020074301719469334
v 0.0020000000949949017 0.002111131291527014 0.0199470319685513
v 0.0019999933000650746 0.0018013620040095027 0.020878562011575896
v 0.0020000000949949017 0.004223639211995147 0.020825484311300935
v 0.0020000000949949017 0.005241430531547356 0.020596329713624684
v 0.0020000000949949017 0.003784200371237669 0.019754485114923392
v 0.0020000000949949017 0.005932921691405582 0.020470950145291544
v 0.0020000000949949017 0.006727041087186972 0.02035311032646203
v 0.0020000000949949017 0.004005125712846782 0.019389874425608244
v 0.0020000000949949017 0.004085307315318533 0.018803728996766855
v 0.0020000000949949017 0.012144361119123542 0.01782738198078837
v 0.0020000000949949017 0.009487040016650242 0.017799233328328334
v 0.0020000000949949017 0.004070771887534632 0.01869929211741672
v 0.0020000000949949017 0.009487040016650242 0.017799233328328334
v 0.0020000000949949017 0.009149608092969278 0.01779285324684854
v 0.0020000000949949017 0.004070771887534632 0.01869929211741672
v 0.0020000000949949017 0.008515623497121764 0.01776747406473489
v 0.0020000000949949017 0.007662444478631628 0.01769829452653693
v 0.00199999914132054 0.00092942176703411 0.017834730995419656
v 0.001999991750344237 0.0006861956445462783 0.018431870382302762
v 0.0020000000949949017 0.0016953818411235423 0.018427212636720203
v 0.0019999999757856065 0.0015928221505451263 0.018839085520052645
v 0.0020000000949949017 0.0016302587568230865 0.01861430065830172
v 0.001999991750344237 0.0006861956445462783 0.018431870382302762
v 0.0020000000949949017 0.0015942410987860457 0.01901906866763947
v 0.0019999999757856065 0.0006406967944237732 0.018972561783716646
v 0.0019999989029019496 0.0006732727012940743 0.019324038469722415
v 0.0019999989029019496 0.0006732727012940743 0.019324038469722415
v 0.0020000000949949017 0.0016302040397565838 0.019240351637134223
v 0.0020000000949949017 0.0016075318623186292 0.0191299180533977
v 0.0020000000949949017 0.0018841740787894226 0.01973741815854635
v 0.001999992942437189 0.0008455061122037564 0.019878779401832913
v 0.0019999978300182927 0.001267947137975415 0.020477166194781127
v 0.0020000000949949017 0.002111131291527014 0.0199470319685513
v 0.0019999978300182927 0.001267947137975415 0.020477166194781127
v 0.0019999933000650746 0.0018013620040095027 0.020878562011575896
v 0.0020000000949949017 0.004223639211995147 0.020825484311300935
v 0.0020000000949949017 0.0035968698779496894 0.01992621707193276
v 0.0020000000949949017 0.0033800067122842516 0.02006096362984655
v 0.0020000000949949017 0.008745791850644506 0.020202336317225456
v 0.0020000000949949017 0.009461617919190316 0.020199099546441834
v 0.0020000000949949017 0.004081321433323794 0.019099553061721064
v 0.0020000000949949017 0.007662444478631628 0.01769829452653693
v 0.0020000000949949017 0.00403484888167799 0.01855433170708909
v 0.0020000000949949017 0.004070771887534632 0.01869929211741672
v 0.0020000000949949017 0.004196273049348888 0.017041336868990342
v 0.0019999999757856065 0.003484883950770902 0.017853085412185
v 0.0020000000949949017 0.003671945746307472 0.017993893524341775
v 0.0020000000949949017 0.0016953818411235423 0.018427212636720203
v 0.0020000000949949017 0.0017784244666804042 0.01826958743086915
v 0.00199999914132054 0.00092942176703411 0.017834730995419656
v 0.0020000000949949017 0.005241430531547356 0.020596329713624684
v 0.0020000000949949017 0.005932921691405582 0.020470950145291544
v 0.0020000000949949017 0.003918310589933612 0.019565262770120384
v 0.0020000000949949017 0.009461617919190316 0.020199099546441834
v 0.0020000000949949017 0.012118939021663616 0.02022724819890187
v 0.0020000000949949017 0.004081321433323794 0.019099553061721064
v 0.0020000000949949017 0.00650238211045179 0.017548441766733758
v 0.0020000000949949017 0.003953298994915784 0.018352452196157554
v 0.0020000000949949017 0.00403484888167799 0.01855433170708909
v 0.0020000000949949017 0.0016075318623186292 0.0191299180533977
v 0.0020000000949949017 0.0015942410987860457 0.01901906866763947
v 0.0019999989029019496 0.0006732727012940743 0.019324038469722415
v 0.0020000000949949017 0.012144361119123542 0.01782738198078837
v 0.0020000000949949017 0.004091422275325775 0.01892032713157743
v 0.0020000000949949017 0.00409096022009753 0.018963955826276635
v 0.0020000000949949017 0.002111131291527014 0.0199470319685513
v 0.0020000000949949017 0.0018841740787894226 0.01973741815854635
v 0.0019999978300182927 0.001267947137975415 0.020477166194781127
v 0.0020000000949949017 0.007578802468738436 0.0202659406751049
v 0.0020000000949949017 0.008112227825190502 0.02022967816117549
v 0.0020000000949949017 0.004051181031959341 0.019244036634867845
v 0.0020000000949949017 0.012144361119123542 0.01782738198078837
v 0.0020000000949949017 0.00409036131259838 0.018876709880970566
v 0.0020000000949949017 0.004091422275325775 0.01892032713157743
v 0.0020000000949949017 0.003784200371237669 0.019754485114923392
v 0.0020000000949949017 0.0035968698779496894 0.01992621707193276
v 0.0020000000949949017 0.004223639211995147 0.020825484311300935
v 0.0020000000949949017 0.00409096022009753 0.018963955826276635
v 0.0020000000949949017 0.012118939021663616 0.02022724819890187
v 0.0020000000949949017 0.012144361119123542 0.01782738198078837
v 0.0020000000949949017 0.009487040016650242 0.017799233328328334
v 0.0020000000949949017 0.004070771887534632 0.01869929211741672
v 0.0020000000949949017 0.004085307315318533 0.018803728996766855
v 0.0020000000949949017 0.00409096022009753 0.018963955826276635
v 0.0020000000949949017 0.004081321433323794 0.019099553061721064
v 0.0020000000949949017 0.012118939021663616 0.02022724819890187
v 0.0020000000949949017 0.004085307315318533 0.018803728996766855
v 0.0020000000949949017 0.00409036131259838 0.018876709880970566
v 0.0020000000949949017 0.012144361119123542 0.01782738198078837
v 0.0020000000949949017 0.009461617919190316 0.020199099546441834
v 0.0020000000949949017 0.008745791850644506 0.020202336317225456
v 0.002300155033644196 0.008931975788931127 0.020499800702081794
v 0.0020000000949949017 0.008745791850644506 0.020202336317225456
v 0.0020000000949949017 0.008112227825190502 0.02022967816117549
v 0.0023001538415512437 0.0079355162575015 0.02054034521389525
v 0.0020000000949949017 0.008112227825190502 0.02022967816117549
v 0.0020000000949949017 0.007578802468738436 0.0202659406751049
v 0.0023001538415512437 0.0079355162575015 0.02054034521389525
v 0.0020000000949949017 0.007578802468738436 0.0202659406751049
v 0.0020000000949949017 0.006727041087186972 0.02035311032646203
v 0.002300155748899967 0.0069419835526879385 0.0206305475497226
v 0.0020000000949949017 0.006727041087186972 0.02035311032646203
v 0.0020000000949949017 0.005932921691405582 0.020470950145291544
v 0.002300000061560419 0.006145914846511227 0.02073977568906593
v 0.0020000000949949017 0.005932921691405582 0.020470950145291544
v 0.0020000000949949017 0.005241430531547356 0.020596329713624684
v 0.002300000061560419 0.005490772984949324 0.020853779829612673
v 0.0020000000949949017 0.005241430531547356 0.020596329713624684
v 0.0020000000949949017 0.004223639211995147 0.020825484311300935
v 0.002300000061560419 0.004839783421558276 0.0209894991353754
v 0.0020000000949949017 0.004223639211995147 0.020825484311300935
v 0.0019999972339718166 0.003186771544185786 0.021113085795908537
v 0.0022999895711424403 0.003448304578534818 0.02135546022758672
v 0.0022999895711424403 0.003448304578534818 0.02135546022758672
v 0.002300000061560419 0.0038726570061459204 0.02123346238854018
v 0.0020000000949949017 0.004223639211995147 0.020825484311300935
v 0.002300000061560419 0.0038726570061459204 0.02123346238854018
v 0.002300154556807015 0.004327705112018578 0.02111162667413513
v 0.0020000000949949017 0.004223639211995147 0.020825484311300935
v 0.002300154556807015 0.004327705112018578 0.02111162667413513
v 0.002300000061560419 0.004839783421558276 0.0209894991353754
v 0.0020000000949949017 0.004223639211995147 0.020825484311300935
v 0.002300000061560419 0.004839783421558276 0.0209894991353754
v 0.002300000061560419 0.005164714104868853 0.020918932954655522
v 0.0020000000949949017 0.005241430531547356 0.020596329713624684
v 0.002300000061560419 0.005164714104868853 0.020918932954655522
v 0.002300000061560419 0.005490772984949324 0.020853779829612673
v 0.0020000000949949017 0.005241430531547356 0.020596329713624684
v 0.002300000061560419 0.005490772984949324 0.020853779829612673
v 0.002300000061560419 0.005817869939572509 0.02079405501903664
v 0.0020000000949949017 0.005932921691405582 0.020470950145291544
v 0.002300000061560419 0.005817869939572509 0.02079405501903664
v 0.002300000061560419 0.006145914846511227 0.02073977568906593
v 0.0020000000949949017 0.005932921691405582 0.020470950145291544
v 0.002300000061560419 0.006145914846511227 0.02073977568906593
v 0.002300000061560419 0.006474816629863936 0.02069095900583906
v 0.0020000000949949017 0.006727041087186972 0.02035311032646203
v 0.002300000061560419 0.006474816629863936 0.02069095900583906
v 0.002300155748899967 0.0069419835526879385 0.0206305475497226
v 0.0020000000949949017 0.006727041087186972 0.02035311032646203
v 0.002300155748899967 0.0069419835526879385 0.0206305475497226
v 0.002300000061560419 0.007465753909902121 0.020577401184893596
v 0.0020000000949949017 0.007578802468738436 0.0202659406751049
v 0.002300000061560419 0.007465753909902121 0.020577401184893596
v 0.0023001538415512437 0.0079355162575015 0.02054034521389525
v 0.0020000000949949017 0.007578802468738436 0.0202659406751049
v 0.0023001538415512437 0.0079355162575015 0.02054034521389525
v 0.002300000061560419 0.008461120053676056 0.020513390561736067
v 0.0020000000949949017 0.008745791850644506 0.020202336317225456
v 0.002300000061560419 0.008461120053676056 0.020513390561736067
v 0.002300155033644196 0.008931975788931127 0.020499800702081794
v 0.0020000000949949017 0.008745791850644506 0.020202336317225456
v 0.002300155033644196 0.008931975788931127 0.020499800702081794
v 0.002300000061560419 0.00945844027621712 0.02049908163161307
v 0.0020000000949949017 0.009461617919190316 0.020199099546441834
v 0.0019999972339718166 0.003186771544185786 0.021113085795908537
v 0.0022997630734815358 0.0031375273764262814 0.021413958612933603
v 0.0022999895711424403 0.003448304578534818 0.02135546022758672
v 0.0019999972339718166 0.003186771544185786 0.021113085795908537
v 0.002299480547451881 0.0027647827984801656 0.021430611674637667
v 0.0022997630734815358 0.0031375273764262814 0.021413958612933603
v 0.0019999972339718166 0.003186771544185786 0.021113085795908537
v 0.0019999972339718166 0.002475551245969821 0.021105319071906825
v 0.002299480547451881 0.0027647827984801656 0.021430611674637667
v 0.0019999972339718166 0.002475551245969821 0.021105319071906825
v 0.0019999933000650746 0.0018013620040095027 0.020878562011575896
v 0.0023003083367978397 0.0018881715240857974 0.021244202669201684
v 0.002300139536435818 0.0012929120677881995 0.020892172852066127
v 0.0019999933000650746 0.0018013620040095027 0.020878562011575896
v 0.0019999978300182927 0.001267947137975415 0.020477166194781127
v 0.0019999978300182927 0.001267947137975415 0.020477166194781127
v 0.0022992600102557373 0.0010669791013150774 0.02069431212489481
v 0.002300139536435818 0.0012929120677881995 0.020892172852066127
v 0.0023001273770877064 0.0008543293285842929 0.02044743253553194
v 0.0019999978300182927 0.001267947137975415 0.020477166194781127
v 0.001999992942437189 0.0008455061122037564 0.019878779401832913
v 0.001999992942437189 0.0008455061122037564 0.019878779401832913
v 0.0022999371190525466 0.00044935726273545953 0.019656657198899863
v 0.0023002153535475736 0.000528337384523084 0.019881524076645896
v 0.001999992942437189 0.0008455061122037564 0.019878779401832913
v 0.0019999989029019496 0.0006732727012940743 0.019324038469722415
v 0.0022999371190525466 0.00044935726273545953 0.019656657198899863
v 0.0019999989029019496 0.0006732727012940743 0.019324038469722415
v 0.002300007929373903 0.0004194736381928946 0.019549189542428236
v 0.0022999371190525466 0.00044935726273545953 0.019656657198899863
v 0.0019999989029019496 0.0006732727012940743 0.019324038469722415
v 0.002300110210949196 0.0003852388445727344 0.01939688774686421
v 0.002300007929373903 0.0004194736381928946 0.019549189542428236
v 0.00229981576399002 0.00034989096396084734 0.01914351363509814
v 0.0019999989029019496 0.0006732727012940743 0.019324038469722415
v 0.0019999999757856065 0.0006406967944237732 0.018972561783716646
v 0.0019999999757856065 0.0006406967944237732 0.018972561783716646
v 0.0022999135156120945 0.000340405539945403 0.018894988003786972
v 0.00229981576399002 0.00034989096396084734 0.01914351363509814
v 0.0022999135156120945 0.000340405539945403 0.018894988003786972
v 0.0019999999757856065 0.0006406967944237732 0.018972561783716646
v 0.001999991750344237 0.0006861956445462783 0.018431870382302762
v 0.001999991750344237 0.0006861956445462783 0.018431870382302762
v 0.0023007260461682657 0.0004031081987158557 0.01836929599273396
v 0.0022997439999943017 0.00035933299579283417 0.018626513412177692
v 0.001999991750344237 0.0006861956445462783 0.018431870382302762
v 0.00199999914132054 0.00092942176703411 0.017834730995419656
v 0.0022996631760921473 0.0004984095631343189 0.018052052401615892
v 0.00199999914132054 0.00092942176703411 0.017834730995419656
v 0.002301539053561618 0.0006516926002095653 0.01771659172284057
v 0.0022996631760921473 0.0004984095631343189 0.018052052401615892
v 0.00199999914132054 0.00092942176703411 0.017834730995419656
v 0.0023002501626617758 0.0008004417799623024 0.017484366293719633
v 0.002301539053561618 0.0006516926002095653 0.01771659172284057
v 0.0023002501626617758 0.0008004417799623024 0.017484366293719633
v 0.00199999914132054 0.00092942176703411 0.017834730995419656
v 0.0020000000949949017 0.0011099074414049064 0.017570336222729743
v 0.0020000000949949017 0.0011099074414049064 0.017570336222729743
v 0.0023002477784758715 0.0009271659099361483 0.017319514143555592
v 0.0023002501626617758 0.0008004417799623024 0.017484366293719633
v 0.0023002477784758715 0.0009271659099361483 0.017319514143555592
v 0.0020000000949949017 0.0011099074414049064 0.017570336222729743
v 0.0019999927040185985 0.0014189034182243716 0.01723625837177889
v 0.0019999927040185985 0.0014189034182243716 0.01723625837177889
v 0.002299979319143052 0.001504730176870931 0.01681456073517218
v 0.002300309767309382 0.0011844373311906136 0.017051192139844185
v 0.0019999927040185985 0.0014189034182243716 0.01723625837177889
v 0.0019999959226695693 0.0020789898429331164 0.016855940665726488
v 0.002299979319143052 0.001504730176870931 0.01681456073517218
v 0.0019999959226695693 0.0020789898429331164 0.016855940665726488
v 0.00229989420370627 0.00222910176374408 0.016504875967044974
v 0.0022998536725458976 0.0020053263663050167 0.016571402383168676
v 0.0019999959226695693 0.0020789898429331164 0.016855940665726488
v 0.001999998068436883 0.0026957320063210346 0.016728689988295686
v 0.0023000596662080255 0.002502905487686559 0.01644992143562618
v 0.0019999992605298353 0.003111431031192631 0.016742876848100385
v 0.0023002859254503396 0.003133688121864654 0.01644406015299915
v 0.0022990447182685827 0.0028214434533320467 0.016428269212918067
v 0.001999998068436883 0.0026957320063210346 0.016728689988295686
v 0.0019999992605298353 0.003111431031192631 0.016742876848100385
v 0.0022990447182685827 0.0028214434533320467 0.016428269212918067
v 0.0019999992605298353 0.003111431031192631 0.016742876848100385
v 0.0020000000949949017 0.0034490563123504305 0.016815071904630052
v 0.00229991661505377 0.0034900111425580096 0.01651273424378541
v 0.00229991661505377 0.0034900111425580096 0.01651273424378541
v 0.0023002859254503396 0.003133688121864654 0.01644406015299915
v 0.0019999992605298353 0.003111431031192631 0.016742876848100385
v 0.0022990447182685827 0.0028214434533320467 0.016428269212918067
v 0.0023000596662080255 0.002502905487686559 0.01644992143562618
v 0.001999998068436883 0.0026957320063210346 0.016728689988295686
v 0.0023000596662080255 0.002502905487686559 0.01644992143562618
v 0.00229989420370627 0.00222910176374408 0.016504875967044974
v 0.0019999959226695693 0.0020789898429331164 0.016855940665726488
v 0.0022998536725458976 0.0020053263663050167 0.016571402383168676
v 0.002300183167037866 0.0017699657327199811 0.016668820219216673
v 0.0019999959226695693 0.0020789898429331164 0.016855940665726488
v 0.002300183167037866 0.0017699657327199811 0.016668820219216673
v 0.002299979319143052 0.001504730176870931 0.01681456073517218
v 0.0019999959226695693 0.0020789898429331164 0.016855940665726488
v 0.002300309767309382 0.0011844373311906136 0.017051192139844185
v 0.0023002477784758715 0.0009271659099361483 0.017319514143555592
v 0.0019999927040185985 0.0014189034182243716 0.01723625837177889
v 0.0022996631760921473 0.0004984095631343189 0.018052052401615892
v 0.0023007260461682657 0.0004031081987158557 0.01836929599273396
v 0.001999991750344237 0.0006861956445462783 0.018431870382302762
v 0.0022997439999943017 0.00035933299579283417 0.018626513412177692
v 0.0022999135156120945 0.000340405539945403 0.018894988003786972
v 0.001999991750344237 0.0006861956445462783 0.018431870382302762
v 0.00229981576399002 0.00034989096396084734 0.01914351363509814
v 0.002300110210949196 0.0003852388445727344 0.01939688774686421
v 0.0019999989029019496 0.0006732727012940743 0.019324038469722415
v 0.0023002153535475736 0.000528337384523084 0.019881524076645896
v 0.002300110926204967 0.0006654604393415909 0.02016418934275732
v 0.001999992942437189 0.0008455061122037564 0.019878779401832913
v 0.002300110926204967 0.0006654604393415909 0.02016418934275732
v 0.0023001273770877064 0.0008543293285842929 0.02044743253553194
v 0.001999992942437189 0.0008455061122037564 0.019878779401832913
v 0.0023001273770877064 0.0008543293285842929 0.02044743253553194
v 0.0022992600102557373 0.0010669791013150774 0.02069431212489481
v 0.0019999978300182927 0.001267947137975415 0.020477166194781127
v 0.002300139536435818 0.0012929120677881995 0.020892172852066127
v 0.002299834360640073 0.001483405422096768 0.02102969269502375
v 0.0019999933000650746 0.0018013620040095027 0.020878562011575896
v 0.002299834360640073 0.001483405422096768 0.02102969269502375
v 0.0023000019689091425 0.0016465293951081073 0.021125189830907276
v 0.0019999933000650746 0.0018013620040095027 0.020878562011575896
v 0.0023000019689091425 0.0016465293951081073 0.021125189830907276
v 0.0023003083367978397 0.0018881715240857974 0.021244202669201684
v 0.0019999933000650746 0.0018013620040095027 0.020878562011575896
v 0.0023003083367978397 0.0018881715240857974 0.021244202669201684
v 0.0023004752298111377 0.0022600253701780823 0.02136147982015779
v 0.0019999972339718166 0.002475551245969821 0.021105319071906825
v 0.0023004752298111377 0.0022600253701780823 0.02136147982015779
v 0.0023002213140123342 0.0024698947649119682 0.021402066293643163
v 0.0019999972339718166 0.002475551245969821 0.021105319071906825
v 0.0023002213140123342 0.0024698947649119682 0.021402066293643163
v 0.002299480547451881 0.0027647827984801656 0.021430611674637667
v 0.0019999972339718166 0.002475551245969821 0.021105319071906825
v 0.004199845990345006 0.00898717064628907 0.02049900915236158
v 0.004200000008754421 0.00945844027621712 0.02049908163161307
v 0.002300000061560419 0.00945844027621712 0.02049908163161307
v 0.004200000008754421 0.008461120053676056 0.020513390561736067
v 0.004199845990345006 0.00898717064628907 0.02049900915236158
v 0.002300155033644196 0.008931975788931127 0.020499800702081794
v 0.004199845036670645 0.007990596197098857 0.02053680135996716
v 0.004200000008754421 0.008461120053676056 0.020513390561736067
v 0.002300000061560419 0.008461120053676056 0.020513390561736067
v 0.004200000008754421 0.007465753909902121 0.020577401184893596
v 0.004199845036670645 0.007990596197098857 0.02053680135996716
v 0.0023001538415512437 0.0079355162575015 0.02054034521389525
v 0.004200000008754421 0.007134827475879516 0.020609761263334914
v 0.004200000008754421 0.007465753909902121 0.020577401184893596
v 0.002300000061560419 0.007465753909902121 0.020577401184893596
v 0.0041998455135078255 0.006666818935431309 0.020664399174865622
v 0.004200000008754421 0.007134827475879516 0.020609761263334914
v 0.002300155748899967 0.0069419835526879385 0.0206305475497226
v 0.004200000008754421 0.006145914846511227 0.02073977568906593
v 0.0041998455135078255 0.006666818935431309 0.020664399174865622
v 0.002300000061560419 0.006474816629863936 0.02069095900583906
v 0.004200000008754421 0.005817869939572509 0.02079405501903664
v 0.004200000008754421 0.006145914846511227 0.02073977568906593
v 0.002300000061560419 0.006145914846511227 0.02073977568906593
v 0.004200000008754421 0.005490772984949324 0.020853779829612673
v 0.004200000008754421 0.005817869939572509 0.02079405501903664
v 0.002300000061560419 0.005817869939572509 0.02079405501903664
v 0.004200000008754421 0.005164714104868853 0.020918932954655522
v 0.004200000008754421 0.005490772984949324 0.020853779829612673
v 0.002300000061560419 0.005490772984949324 0.020853779829612673
v 0.004200000008754421 0.004839783421558276 0.0209894991353754
v 0.004200000008754421 0.005164714104868853 0.020918932954655522
v 0.002300000061560419 0.005164714104868853 0.020918932954655522
v 0.004199845990345006 0.004381267755706466 0.021098115015778518
v 0.004200000008754421 0.004839783421558276 0.0209894991353754
v 0.002300000061560419 0.004839783421558276 0.0209894991353754
v 0.004200000008754421 0.0038726570061459204 0.02123346238854018
v 0.004199845990345006 0.004381267755706466 0.021098115015778518
v 0.002300154556807015 0.004327705112018578 0.02111162667413513
v 0.004199863156483517 0.0034409398282765637 0.021357647956572468
v 0.004200000008754421 0.0038726570061459204 0.02123346238854018
v 0.002300000061560419 0.0038726570061459204 0.02123346238854018
v 0.002300000061560419 0.0038726570061459204 0.02123346238854018
v 0.0022999895711424403 0.003448304578534818 0.02135546022758672
v 0.004199863156483517 0.0034409398282765637 0.021357647956572468
v 0.002300154556807015 0.004327705112018578 0.02111162667413513
v 0.002300000061560419 0.0038726570061459204 0.02123346238854018
v 0.004200000008754421 0.0038726570061459204 0.02123346238854018
v 0.002300000061560419 0.004839783421558276 0.0209894991353754
v 0.002300154556807015 0.004327705112018578 0.02111162667413513
v 0.004199845990345006 0.004381267755706466 0.021098115015778518
v 0.002300000061560419 0.005164714104868853 0.020918932954655522
v 0.002300000061560419 0.004839783421558276 0.0209894991353754
v 0.004200000008754421 0.004839783421558276 0.0209894991353754
v 0.002300000061560419 0.005490772984949324 0.020853779829612673
v 0.002300000061560419 0.005164714104868853 0.020918932954655522
v 0.004200000008754421 0.005164714104868853 0.020918932954655522
v 0.002300000061560419 0.005817869939572509 0.02079405501903664
v 0.002300000061560419 0.005490772984949324 0.020853779829612673
v 0.004200000008754421 0.005490772984949324 0.020853779829612673
v 0.002300000061560419 0.006145914846511227 0.02073977568906593
v 0.002300000061560419 0.005817869939572509 0.02079405501903664
v 0.004200000008754421 0.005817869939572509 0.02079405501903664
v 0.002300000061560419 0.006474816629863936 0.02069095900583906
v 0.002300000061560419 0.006145914846511227 0.02073977568906593
v 0.004200000008754421 0.006145914846511227 0.02073977568906593
v 0.002300155748899967 0.0069419835526879385 0.0206305475497226
v 0.002300000061560419 0.006474816629863936 0.02069095900583906
v 0.0041998455135078255 0.006666818935431309 0.020664399174865622
v 0.002300000061560419 0.007465753909902121 0.020577401184893596
v 0.002300155748899967 0.0069419835526879385 0.0206305475497226
v 0.004200000008754421 0.007134827475879516 0.020609761263334914
v 0.0023001538415512437 0.0079355162575015 0.02054034521389525
v 0.002300000061560419 0.007465753909902121 0.020577401184893596
v 0.004200000008754421 0.007465753909902121 0.020577401184893596
v 0.002300000061560419 0.008461120053676056 0.020513390561736067
v 0.0023001538415512437 0.0079355162575015 0.02054034521389525
v 0.004199845036670645 0.007990596197098857 0.02053680135996716
v 0.002300155033644196 0.008931975788931127 0.020499800702081794
v 0.002300000061560419 0.008461120053676056 0.020513390561736067
v 0.004200000008754421 0.008461120053676056 0.020513390561736067
v 0.002300000061560419 0.00945844027621712 0.02049908163161307
v 0.002300155033644196 0.008931975788931127 0.020499800702081794
v 0.004199845990345006 0.00898717064628907 0.02049900915236158
v 0.0020000000949949017 0.0034490563123504305 0.016815071904630052
v 0.0020000000949949017 0.004196273049348888 0.017041336868990342
v 0.002300155033644196 0.004106919006866274 0.016702446777210334
v 0.0020000000949949017 0.004196273049348888 0.017041336868990342
v 0.0020000000949949017 0.005347099081335629 0.01733124815290199
v 0.002300154556807015 0.005071181061333255 0.01695751079994534
v 0.0020000000949949017 0.005347099081335629 0.01733124815290199
v 0.0020000000949949017 0.00650238211045179 0.017548441766733758
v 0.002300154079969834 0.006046945382276739 0.017164181570870074
v 0.0020000000949949017 0.00650238211045179 0.017548441766733758
v 0.0020000000949949017 0.007131481986218661 0.017636958006289616
v 0.002300000061560419 0.007169470650742752 0.017339373458463703
v 0.0020000000949949017 0.007131481986218661 0.017636958006289616
v 0.0020000000949949017 0.007662444478631628 0.01769829452653693
v 0.002300000061560419 0.00749963748313626 0.017378735414068647
v 0.0020000000949949017 0.007662444478631628 0.01769829452653693
v 0.0020000000949949017 0.008515623497121764 0.01776747406473489
v 0.002300000061560419 0.008161706358424396 0.017440966480867237
v 0.0020000000949949017 0.008515623497121764 0.01776747406473489
v 0.0020000000949949017 0.009149608092969278 0.01779285324684854
v 0.002300000061560419 0.00915777249917982 0.01749296462176475
v 0.0020000000949949017 0.009149608092969278 0.01779285324684854
v 0.0020000000949949017 0.009487040016650242 0.017799233328328334
v 0.002300000061560419 0.009490217659623438 0.017499249335808376
v 0.002300000061560419 0.009490217659623438 0.017499249335808376
v 0.002300000061560419 0.00915777249917982 0.01749296462176475
v 0.0020000000949949017 0.009149608092969278 0.01779285324684854
v 0.002300000061560419 0.00915777249917982 0.01749296462176475
v 0.002300155033644196 0.008686909134529856 0.017475226278637068
v 0.0020000000949949017 0.008515623497121764 0.01776747406473489
v 0.002300155033644196 0.008686909134529856 0.017475226278637068
v 0.002300000061560419 0.008161706358424396 0.017440966480867237
v 0.0020000000949949017 0.008515623497121764 0.01776747406473489
v 0.002300000061560419 0.008161706358424396 0.017440966480867237
v 0.002300000061560419 0.007830413236609716 0.017412602298001456
v 0.0020000000949949017 0.007662444478631628 0.01769829452653693
v 0.002300000061560419 0.007830413236609716 0.017412602298001456
v 0.002300000061560419 0.00749963748313626 0.017378735414068647
v 0.0020000000949949017 0.007662444478631628 0.01769829452653693
v 0.002300000061560419 0.00749963748313626 0.017378735414068647
v 0.002300000061560419 0.007169470650742752 0.017339373458463703
v 0.0020000000949949017 0.007131481986218661 0.017636958006289616
v 0.002300000061560419 0.007169470650742752 0.017339373458463703
v 0.002300154556807015 0.0067026956880814085 0.01727482877766362
v 0.0020000000949949017 0.00650238211045179 0.017548441766733758
v 0.002300154556807015 0.0067026956880814085 0.01727482877766362
v 0.002300154079969834 0.006046945382276739 0.017164181570870074
v 0.0020000000949949017 0.00650238211045179 0.017548441766733758
v 0.002300154079969834 0.006046945382276739 0.017164181570870074
v 0.002300000061560419 0.005530954623668152 0.017060582017609516
v 0.0020000000949949017 0.005347099081335629 0.01733124815290199
v 0.002300000061560419 0.005530954623668152 0.017060582017609516
v 0.002300154556807015 0.005071181061333255 0.01695751079994534
v 0.0020000000949949017 0.005347099081335629 0.01733124815290199
v 0.002300154556807015 0.005071181061333255 0.01695751079994534
v 0.002300000061560419 0.004560955264241164 0.016828305090073048
v 0.0020000000949949017 0.004196273049348888 0.017041336868990342
v 0.002300000061560419 0.004560955264241164 0.016828305090073048
v 0.002300155033644196 0.004106919006866274 0.016702446777210334
v 0.0020000000949949017 0.004196273049348888 0.017041336868990342
v 0.002300155033644196 0.004106919006866274 0.016702446777210334
v 0.00229991661505377 0.0034900111425580096 0.01651273424378541
v 0.0020000000949949017 0.0034490563123504305 0.016815071904630052
v 0.0022997630734815358 0.0031375273764262814 0.021413958612933603
v 0.004200317582316869 0.0030286392219928972 0.021425290171699363
v 0.004199863156483517 0.0034409398282765637 0.021357647956572468
v 0.002299480547451881 0.0027647827984801656 0.021430611674637667
v 0.004200022896939102 0.002645043975577911 0.021419850413140207
v 0.004200317582316869 0.0030286392219928972 0.021425290171699363
v 0.004200022896939102 0.002645043975577911 0.021419850413140207
v 0.002299480547451881 0.0027647827984801656 0.021430611674637667
v 0.0023002213140123342 0.0024698947649119682 0.021402066293643163
v 0.004199230393544527 0.002333194366649639 0.02137833696817526
v 0.004200022896939102 0.002645043975577911 0.021419850413140207
v 0.0023002213140123342 0.0024698947649119682 0.021402066293643163
v 0.004199230393544527 0.002333194366649639 0.02137833696817526
v 0.0023002213140123342 0.0024698947649119682 0.021402066293643163
v 0.0023004752298111377 0.0022600253701780823 0.02136147982015779
v 0.004199960431268411 0.002107273678733924 0.02131903940371327
v 0.004199230393544527 0.002333194366649639 0.02137833696817526
v 0.0023004752298111377 0.0022600253701780823 0.02136147982015779
v 0.004199960431268411 0.002107273678733924 0.02131903940371327
v 0.0023004752298111377 0.0022600253701780823 0.02136147982015779
v 0.0023003083367978397 0.0018881715240857974 0.021244202669201684
v 0.004198864659426814 0.0018502244636057355 0.0212280531475606
v 0.0023003083367978397 0.0018881715240857974 0.021244202669201684
v 0.0023000019689091425 0.0016465293951081073 0.021125189830907276
v 0.0023000019689091425 0.0016465293951081073 0.021125189830907276
v 0.004200017651730113 0.001624227481741084 0.021112635661609813
v 0.004198864659426814 0.0018502244636057355 0.0212280531475606
v 0.002299834360640073 0.001483405422096768 0.02102969269502375
v 0.004200770100801497 0.001397994823099797 0.020973635716042827
v 0.004200017651730113 0.001624227481741084 0.021112635661609813
v 0.004200017651730113 0.001624227481741084 0.021112635661609813
v 0.0023000019689091425 0.0016465293951081073 0.021125189830907276
v 0.002299834360640073 0.001483405422096768 0.02102969269502375
v 0.002299834360640073 0.001483405422096768 0.02102969269502375
v 0.002300139536435818 0.0012929120677881995 0.020892172852066127
v 0.004200770100801497 0.001397994823099797 0.020973635716042827
v 0.002300139536435818 0.0012929120677881995 0.020892172852066127
v 0.0022992600102557373 0.0010669791013150774 0.02069431212489481
v 0.004198589047536281 0.0010644040613291832 0.02069275572833651
v 0.004198589047536281 0.0010644040613291832 0.02069275572833651
v 0.0022992600102557373 0.0010669791013150774 0.02069431212489481
v 0.0023001273770877064 0.0008543293285842929 0.02044743253553194
v 0.0023001273770877064 0.0008543293285842929 0.02044743253553194
v 0.004200097283539315 0.0007634709840053866 0.020324316990133484
v 0.004198589047536281 0.0010644040613291832 0.02069275572833651
v 0.004200097283539315 0.0007634709840053866 0.020324316990133484
v 0.0023001273770877064 0.0008543293285842929 0.02044743253553194
v 0.002300110926204967 0.0006654604393415909 0.02016418934275732
v 0.002300110926204967 0.0006654604393415909 0.02016418934275732
v 0.004200001916103145 0.0005954882189351115 0.020028748509908212
v 0.004200097283539315 0.0007634709840053866 0.020324316990133484
v 0.004200001916103145 0.0005954882189351115 0.020028748509908212
v 0.002300110926204967 0.0006654604393415909 0.02016418934275732
v 0.0023002153535475736 0.000528337384523084 0.019881524076645896
v 0.004199653348123942 0.0004958105918824107 0.019796717630357064
v 0.004200001916103145 0.0005954882189351115 0.020028748509908212
v 0.0023002153535475736 0.000528337384523084 0.019881524076645896
v 0.0022999371190525466 0.00044935726273545953 0.019656657198899863
v 0.004199756344955006 0.000429611077448506 0.019587206817183178
v 0.004199653348123942 0.0004958105918824107 0.019796717630357064
v 0.0041998936740630915 0.0003888315743118613 0.019415757147784873
v 0.004199756344955006 0.000429611077448506 0.019587206817183178
v 0.002300007929373903 0.0004194736381928946 0.019549189542428236
v 0.002300110210949196 0.0003852388445727344 0.01939688774686421
v 0.00229981576399002 0.00034989096396084734 0.01914351363509814
v 0.004200415810776124 0.0003512404727873052 0.019159182504860928
v 0.004200009068660858 0.0003403835160281124 0.018927494948079993
v 0.004200415810776124 0.0003512404727873052 0.019159182504860928
v 0.00229981576399002 0.00034989096396084734 0.01914351363509814
v 0.0022999135156120945 0.000340405539945403 0.018894988003786972
v 0.0042017614453004875 0.0003614694945839639 0.01859225933645403
v 0.004200009068660858 0.0003403835160281124 0.018927494948079993
v 0.0042017614453004875 0.0003614694945839639 0.01859225933645403
v 0.0022999135156120945 0.000340405539945403 0.018894988003786972
v 0.0022997439999943017 0.00035933299579283417 0.018626513412177692
v 0.004199558457524953 0.00042939647091479893 0.018268225583880637
v 0.0042017614453004875 0.0003614694945839639 0.01859225933645403
v 0.0023007260461682657 0.0004031081987158557 0.01836929599273396
v 0.004199558457524953 0.00042939647091479893 0.018268225583880637
v 0.0023007260461682657 0.0004031081987158557 0.01836929599273396
v 0.0022996631760921473 0.0004984095631343189 0.018052052401615892
v 0.0022996631760921473 0.0004984095631343189 0.018052052401615892
v 0.004199403485441176 0.0005107440595030282 0.01802021684407351
v 0.004199558457524953 0.00042939647091479893 0.018268225583880637
v 0.002301539053561618 0.0006516926002095653 0.01771659172284057
v 0.004200462063982667 0.000653712780530891 0.017715201265621205
v 0.004199403485441176 0.0005107440595030282 0.01802021684407351
v 0.004199831685229581 0.000812205234004618 0.01746714293474727
v 0.004200462063982667 0.000653712780530891 0.017715201265621205
v 0.002301539053561618 0.0006516926002095653 0.01771659172284057
v 0.0023002501626617758 0.0008004417799623024 0.017484366293719633
v 0.0023002477784758715 0.0009271659099361483 0.017319514143555592
v 0.004199831685229581 0.000812205234004618 0.01746714293474727
v 0.0023002477784758715 0.0009271659099361483 0.017319514143555592
v 0.004199597081336602 0.0009547389603142488 0.01728785787679321
v 0.004199831685229581 0.000812205234004618 0.01746714293474727
v 0.004199597081336602 0.0009547389603142488 0.01728785787679321
v 0.0023002477784758715 0.0009271659099361483 0.017319514143555592
v 0.002300309767309382 0.0011844373311906136 0.017051192139844185
v 0.004199645718729049 0.0011748124919044177 0.017062285280019518
v 0.004199597081336602 0.0009547389603142488 0.01728785787679321
v 0.002300309767309382 0.0011844373311906136 0.017051192139844185
v 0.002299979319143052 0.001504730176870931 0.01681456073517218
v 0.00420017834586006 0.0016041346358236514 0.016756186327492317
v 0.004199625691567453 0.0014245079240295117 0.016868380394100546
v 0.00420017834586006 0.0016041346358236514 0.016756186327492317
v 0.002299979319143052 0.001504730176870931 0.01681456073517218
v 0.002300183167037866 0.0017699657327199811 0.016668820219216673
v 0.002300183167037866 0.0017699657327199811 0.016668820219216673
v 0.004199785432023038 0.001817719069033553 0.01664648516566558
v 0.00420017834586006 0.0016041346358236514 0.016756186327492317
v 0.004199785432023038 0.001817719069033553 0.01664648516566558
v 0.002300183167037866 0.0017699657327199811 0.016668820219216673
v 0.0022998536725458976 0.0020053263663050167 0.016571402383168676
v 0.0022998536725458976 0.0020053263663050167 0.016571402383168676
v 0.004199976166895379 0.0021041623161288667 0.01654054338817268
v 0.004199785432023038 0.001817719069033553 0.01664648516566558
v 0.00229989420370627 0.00222910176374408 0.016504875967044974
v 0.004199647149240591 0.0023145221379032585 0.016484244175903884
v 0.004199976166895379 0.0021041623161288667 0.01654054338817268
v 0.004199647149240591 0.0023145221379032585 0.016484244175903884
v 0.00229989420370627 0.00222910176374408 0.016504875967044974
v 0.0023000596662080255 0.002502905487686559 0.01644992143562618
v 0.0042002698985987835 0.0025889707841328393 0.016440182513044466
v 0.004199647149240591 0.0023145221379032585 0.016484244175903884
v 0.0023000596662080255 0.002502905487686559 0.01644992143562618
v 0.0042002698985987835 0.0025889707841328393 0.016440182513044466
v 0.0023000596662080255 0.002502905487686559 0.01644992143562618
v 0.0022990447182685827 0.0028214434533320467 0.016428269212918067
v 0.004200186928929315 0.0028907784404509653 0.01642877466032977
v 0.0042002698985987835 0.0025889707841328393 0.016440182513044466
v 0.0022990447182685827 0.0028214434533320467 0.016428269212918067
v 0.0022990447182685827 0.0028214434533320467 0.016428269212918067
v 0.0023002859254503396 0.003133688121864654 0.01644406015299915
v 0.004200186928929315 0.0028907784404509653 0.01642877466032977
v 0.004199650487100857 0.00315980997788748 0.016447640246552986
v 0.004200186928929315 0.0028907784404509653 0.01642877466032977
v 0.0023002859254503396 0.003133688121864654 0.01644406015299915
v 0.00229991661505377 0.0034900111425580096 0.01651273424378541
v 0.004200068673308464 0.003496184038282725 0.01651471597910903
v 0.004199650487100857 0.00315980997788748 0.016447640246552986
v 0.004199650487100857 0.00315980997788748 0.016447640246552986
v 0.0023002859254503396 0.003133688121864654 0.01644406015299915
v 0.00229991661505377 0.0034900111425580096 0.01651273424378541
v 0.0022998536725458976 0.0020053263663050167 0.016571402383168676
v 0.00229989420370627 0.00222910176374408 0.016504875967044974
v 0.004199976166895379 0.0021041623161288667 0.01654054338817268
v 0.002300309767309382 0.0011844373311906136 0.017051192139844185
v 0.002299979319143052 0.001504730176870931 0.01681456073517218
v 0.004199625691567453 0.0014245079240295117 0.016868380394100546
v 0.002300309767309382 0.0011844373311906136 0.017051192139844185
v 0.004199625691567453 0.0014245079240295117 0.016868380394100546
v 0.004199645718729049 0.0011748124919044177 0.017062285280019518
v 0.002301539053561618 0.0006516926002095653 0.01771659172284057
v 0.0023002501626617758 0.0008004417799623024 0.017484366293719633
v 0.004199831685229581 0.000812205234004618 0.01746714293474727
v 0.0022996631760921473 0.0004984095631343189 0.018052052401615892
v 0.002301539053561618 0.0006516926002095653 0.01771659172284057
v 0.004199403485441176 0.0005107440595030282 0.01802021684407351
v 0.0022997439999943017 0.00035933299579283417 0.018626513412177692
v 0.0023007260461682657 0.0004031081987158557 0.01836929599273396
v 0.0042017614453004875 0.0003614694945839639 0.01859225933645403
v 0.00229981576399002 0.00034989096396084734 0.01914351363509814
v 0.0022999135156120945 0.000340405539945403 0.018894988003786972
v 0.004200009068660858 0.0003403835160281124 0.018927494948079993
v 0.004200415810776124 0.0003512404727873052 0.019159182504860928
v 0.0041998936740630915 0.0003888315743118613 0.019415757147784873
v 0.002300110210949196 0.0003852388445727344 0.01939688774686421
v 0.002300007929373903 0.0004194736381928946 0.019549189542428236
v 0.002300110210949196 0.0003852388445727344 0.01939688774686421
v 0.0041998936740630915 0.0003888315743118613 0.019415757147784873
v 0.0022999371190525466 0.00044935726273545953 0.019656657198899863
v 0.002300007929373903 0.0004194736381928946 0.019549189542428236
v 0.004199756344955006 0.000429611077448506 0.019587206817183178
v 0.0023002153535475736 0.000528337384523084 0.019881524076645896
v 0.0022999371190525466 0.00044935726273545953 0.019656657198899863
v 0.004199653348123942 0.0004958105918824107 0.019796717630357064
v 0.004198589047536281 0.0010644040613291832 0.02069275572833651
v 0.004200770100801497 0.001397994823099797 0.020973635716042827
v 0.002300139536435818 0.0012929120677881995 0.020892172852066127
v 0.004198864659426814 0.0018502244636057355 0.0212280531475606
v 0.004199960431268411 0.002107273678733924 0.02131903940371327
v 0.0023003083367978397 0.0018881715240857974 0.021244202669201684
v 0.0022997630734815358 0.0031375273764262814 0.021413958612933603
v 0.002299480547451881 0.0027647827984801656 0.021430611674637667
v 0.004200317582316869 0.0030286392219928972 0.021425290171699363
v 0.0022999895711424403 0.003448304578534818 0.02135546022758672
v 0.0022997630734815358 0.0031375273764262814 0.021413958612933603
v 0.004199863156483517 0.0034409398282765637 0.021357647956572468
v 0.004199845036670645 0.004053917600540248 0.016686922865950526
v 0.004200068673308464 0.003496184038282725 0.01651471597910903
v 0.00229991661505377 0.0034900111425580096 0.01651273424378541
v 0.004200000008754421 0.004560955264241164 0.016828305090073048
v 0.004199845036670645 0.004053917600540248 0.016686922865950526
v 0.002300155033644196 0.004106919006866274 0.016702446777210334
v 0.0041998455135078255 0.005017502069373239 0.016944657176898303
v 0.004200000008754421 0.004560955264241164 0.016828305090073048
v 0.002300000061560419 0.004560955264241164 0.016828305090073048
v 0.004200000008754421 0.005530954623668152 0.017060582017609516
v 0.0041998455135078255 0.005017502069373239 0.016944657176898303
v 0.002300154556807015 0.005071181061333255 0.01695751079994534
v 0.0041998455135078255 0.005992677973235552 0.01715401730952304
v 0.004200000008754421 0.005530954623668152 0.017060582017609516
v 0.002300000061560419 0.005530954623668152 0.017060582017609516
v 0.0041998455135078255 0.0066481083212918705 0.017266472682906375
v 0.0041998455135078255 0.005992677973235552 0.01715401730952304
v 0.002300154079969834 0.006046945382276739 0.017164181570870074
v 0.004200000008754421 0.007169470650742752 0.017339373458463703
v 0.0041998455135078255 0.0066481083212918705 0.017266472682906375
v 0.002300154556807015 0.0067026956880814085 0.01727482877766362
v 0.004200000008754421 0.00749963748313626 0.017378735414068647
v 0.004200000008754421 0.007169470650742752 0.017339373458463703
v 0.002300000061560419 0.007169470650742752 0.017339373458463703
v 0.004200000008754421 0.007830413236609716 0.017412602298001456
v 0.004200000008754421 0.00749963748313626 0.017378735414068647
v 0.002300000061560419 0.00749963748313626 0.017378735414068647
v 0.004200000008754421 0.008161706358424396 0.017440966480867237
v 0.004200000008754421 0.007830413236609716 0.017412602298001456
v 0.002300000061560419 0.007830413236609716 0.017412602298001456
v 0.004199844559833464 0.008631751470472019 0.017472346182064724
v 0.004200000008754421 0.008161706358424396 0.017440966480867237
v 0.002300000061560419 0.008161706358424396 0.017440966480867237
v 0.004200000008754421 0.00915777249917982 0.01749296462176475
v 0.004199844559833464 0.008631751470472019 0.017472346182064724
v 0.002300155033644196 0.008686909134529856 0.017475226278637068
v 0.004200000008754421 0.009490217659623438 0.017499249335808376
v 0.004200000008754421 0.00915777249917982 0.01749296462176475
v 0.002300000061560419 0.00915777249917982 0.01749296462176475
v 0.002300000061560419 0.00915777249917982 0.01749296462176475
v 0.002300000061560419 0.009490217659623438 0.017499249335808376
v 0.004200000008754421 0.009490217659623438 0.017499249335808376
v 0.002300155033644196 0.008686909134529856 0.017475226278637068
v 0.002300000061560419 0.00915777249917982 0.01749296462176475
v 0.004200000008754421 0.00915777249917982 0.01749296462176475
v 0.002300000061560419 0.008161706358424396 0.017440966480867237
v 0.002300155033644196 0.008686909134529856 0.017475226278637068
v 0.004199844559833464 0.008631751470472019 0.017472346182064724
v 0.002300000061560419 0.007830413236609716 0.017412602298001456
v 0.002300000061560419 0.008161706358424396 0.017440966480867237
v 0.004200000008754421 0.008161706358424396 0.017440966480867237
v 0.002300000061560419 0.00749963748313626 0.017378735414068647
v 0.002300000061560419 0.007830413236609716 0.017412602298001456
v 0.004200000008754421 0.007830413236609716 0.017412602298001456
v 0.002300000061560419 0.007169470650742752 0.017339373458463703
v 0.002300000061560419 0.00749963748313626 0.017378735414068647
v 0.004200000008754421 0.00749963748313626 0.017378735414068647
v 0.002300154556807015 0.0067026956880814085 0.01727482877766362
v 0.002300000061560419 0.007169470650742752 0.017339373458463703
v 0.004200000008754421 0.007169470650742752 0.017339373458463703
v 0.002300154079969834 0.006046945382276739 0.017164181570870074
v 0.002300154556807015 0.0067026956880814085 0.01727482877766362
v 0.0041998455135078255 0.0066481083212918705 0.017266472682906375
v 0.002300000061560419 0.005530954623668152 0.017060582017609516
v 0.002300154079969834 0.006046945382276739 0.017164181570870074
v 0.0041998455135078255 0.005992677973235552 0.01715401730952304
v 0.002300154556807015 0.005071181061333255 0.01695751079994534
v 0.002300000061560419 0.005530954623668152 0.017060582017609516
v 0.004200000008754421 0.005530954623668152 0.017060582017609516
v 0.002300000061560419 0.004560955264241164 0.016828305090073048
v 0.002300154556807015 0.005071181061333255 0.01695751079994534
v 0.0041998455135078255 0.005017502069373239 0.016944657176898303
v 0.002300155033644196 0.004106919006866274 0.016702446777210334
v 0.002300000061560419 0.004560955264241164 0.016828305090073048
v 0.004200000008754421 0.004560955264241164 0.016828305090073048
v 0.00229991661505377 0.0034900111425580096 0.01651273424378541
v 0.002300155033644196 0.004106919006866274 0.016702446777210334
v 0.004199845036670645 0.004053917600540248 0.016686922865950526
v 0.00450000069057571 0.003354729334908714 0.016786972843236825
v 0.004199650487100857 0.00315980997788748 0.016447640246552986
v 0.004200068673308464 0.003496184038282725 0.01651471597910903
v 0.00450000069057571 0.003354729334908714 0.016786972843236825
v 0.004500004028435976 0.0028776012833767197 0.016723721344871212
v 0.004199650487100857 0.00315980997788748 0.016447640246552986
v 0.004500004028435976 0.0028776012833767197 0.016723721344871212
v 0.004500001167412891 0.002352984540166526 0.016781042896055753
v 0.0042002698985987835 0.0025889707841328393 0.016440182513044466
v 0.004500001167412891 0.002352984540166526 0.016781042896055753
v 0.004199976166895379 0.0021041623161288667 0.01654054338817268
v 0.004199647149240591 0.0023145221379032585 0.016484244175903884
v 0.004199976166895379 0.0021041623161288667 0.01654054338817268
v 0.004500001167412891 0.002352984540166526 0.016781042896055753
v 0.004500010227319327 0.00186778768827875 0.016946860164673838
v 0.004500010227319327 0.00186778768827875 0.016946860164673838
v 0.004199785432023038 0.001817719069033553 0.01664648516566558
v 0.004199976166895379 0.0021041623161288667 0.01654054338817268
v 0.004500010227319327 0.00186778768827875 0.016946860164673838
v 0.00420017834586006 0.0016041346358236514 0.016756186327492317
v 0.004199785432023038 0.001817719069033553 0.01664648516566558
v 0.004500010227319327 0.00186778768827875 0.016946860164673838
v 0.004199625691567453 0.0014245079240295117 0.016868380394100546
v 0.00420017834586006 0.0016041346358236514 0.016756186327492317
v 0.004199625691567453 0.0014245079240295117 0.016868380394100546
v 0.004500010227319327 0.00186778768827875 0.016946860164673838
v 0.004500006889459061 0.001358651940982087 0.017294516431186624
v 0.004500006889459061 0.001358651940982087 0.017294516431186624
v 0.004199645718729049 0.0011748124919044177 0.017062285280019518
v 0.004199625691567453 0.0014245079240295117 0.016868380394100546
v 0.004500006889459061 0.001358651940982087 0.017294516431186624
v 0.0045000149956911355 0.0009543252444552124 0.017777981648852137
v 0.004199597081336602 0.0009547389603142488 0.01728785787679321
v 0.0045000149956911355 0.0009543252444552124 0.017777981648852137
v 0.004199831685229581 0.000812205234004618 0.01746714293474727
v 0.004199597081336602 0.0009547389603142488 0.01728785787679321
v 0.0045000149956911355 0.0009543252444552124 0.017777981648852137
v 0.004199403485441176 0.0005107440595030282 0.01802021684407351
v 0.004200462063982667 0.000653712780530891 0.017715201265621205
v 0.004199403485441176 0.0005107440595030282 0.01802021684407351
v 0.0045000149956911355 0.0009543252444552124 0.017777981648852137
v 0.004500008319970604 0.0006775018298556954 0.0184924267969222
v 0.004500008319970604 0.0006775018298556954 0.0184924267969222
v 0.004199558457524953 0.00042939647091479893 0.018268225583880637
v 0.004199403485441176 0.0005107440595030282 0.01802021684407351
v 0.004500008319970604 0.0006775018298556954 0.0184924267969222
v 0.004500006889459061 0.000637890786428404 0.019044051121218653
v 0.0042017614453004875 0.0003614694945839639 0.01859225933645403
v 0.004500006889459061 0.000637890786428404 0.019044051121218653
v 0.004200009068660858 0.0003403835160281124 0.018927494948079993
v 0.0042017614453004875 0.0003614694945839639 0.01859225933645403
v 0.004500006889459061 0.000637890786428404 0.019044051121218653
v 0.0041998936740630915 0.0003888315743118613 0.019415757147784873
v 0.004200415810776124 0.0003512404727873052 0.019159182504860928
v 0.0041998936740630915 0.0003888315743118613 0.019415757147784873
v 0.004500006889459061 0.000637890786428404 0.019044051121218653
v 0.004500003074761614 0.0007228194222448292 0.01953583237931822
v 0.004500003074761614 0.0007228194222448292 0.01953583237931822
v 0.004500001167412891 0.0008895088856713394 0.019949822419733643
v 0.004199653348123942 0.0004958105918824107 0.019796717630357064
v 0.004500001167412891 0.0008895088856713394 0.019949822419733643
v 0.004200097283539315 0.0007634709840053866 0.020324316990133484
v 0.004200001916103145 0.0005954882189351115 0.020028748509908212
v 0.004200097283539315 0.0007634709840053866 0.020324316990133484
v 0.004500001167412891 0.0008895088856713394 0.019949822419733643
v 0.004500005935784699 0.001186710652450324 0.020389163032031865
v 0.004500005935784699 0.001186710652450324 0.020389163032031865
v 0.004198589047536281 0.0010644040613291832 0.02069275572833651
v 0.004200097283539315 0.0007634709840053866 0.020324316990133484
v 0.004200770100801497 0.001397994823099797 0.020973635716042827
v 0.004500005935784699 0.001186710652450324 0.020389163032031865
v 0.00450001213466805 0.0017913314954916973 0.020874388732569082
v 0.00450001213466805 0.0017913314954916973 0.020874388732569082
v 0.004200017651730113 0.001624227481741084 0.021112635661609813
v 0.004200770100801497 0.001397994823099797 0.020973635716042827
v 0.00450001213466805 0.0017913314954916973 0.020874388732569082
v 0.004198864659426814 0.0018502244636057355 0.0212280531475606
v 0.004200017651730113 0.001624227481741084 0.021112635661609813
v 0.004199960431268411 0.002107273678733924 0.02131903940371327
v 0.00450001213466805 0.0017913314954916973 0.020874388732569082
v 0.00450000069057571 0.002407090539821994 0.021087889719272335
v 0.00450000069057571 0.002407090539821994 0.021087889719272335
v 0.004200022896939102 0.002645043975577911 0.021419850413140207
v 0.004199230393544527 0.002333194366649639 0.02137833696817526
v 0.00450000069057571 0.002407090539821994 0.021087889719272335
v 0.004500025009271933 0.0030988887828246893 0.02113670830984793
v 0.004200022896939102 0.002645043975577911 0.021419850413140207
v 0.004500025009271933 0.0030988887828246893 0.02113670830984793
v 0.004200317582316869 0.0030286392219928972 0.021425290171699363
v 0.004200022896939102 0.002645043975577911 0.021419850413140207
v 0.004500025009271933 0.0030988887828246893 0.02113670830984793
v 0.004199863156483517 0.0034409398282765637 0.021357647956572468
v 0.004200317582316869 0.0030286392219928972 0.021425290171699363
v 0.004199230393544527 0.002333194366649639 0.02137833696817526
v 0.004199960431268411 0.002107273678733924 0.02131903940371327
v 0.00450000069057571 0.002407090539821994 0.021087889719272335
v 0.004199960431268411 0.002107273678733924 0.02131903940371327
v 0.004198864659426814 0.0018502244636057355 0.0212280531475606
v 0.00450001213466805 0.0017913314954916973 0.020874388732569082
v 0.004200770100801497 0.001397994823099797 0.020973635716042827
v 0.004198589047536281 0.0010644040613291832 0.02069275572833651
v 0.004500005935784699 0.001186710652450324 0.020389163032031865
v 0.004200001916103145 0.0005954882189351115 0.020028748509908212
v 0.004199653348123942 0.0004958105918824107 0.019796717630357064
v 0.004500001167412891 0.0008895088856713394 0.019949822419733643
v 0.004199653348123942 0.0004958105918824107 0.019796717630357064
v 0.004199756344955006 0.000429611077448506 0.019587206817183178
v 0.004500003074761614 0.0007228194222448292 0.01953583237931822
v 0.004199756344955006 0.000429611077448506 0.019587206817183178
v 0.0041998936740630915 0.0003888315743118613 0.019415757147784873
v 0.004500003074761614 0.0007228194222448292 0.01953583237931822
v 0.004200415810776124 0.0003512404727873052 0.019159182504860928
v 0.004200009068660858 0.0003403835160281124 0.018927494948079993
v 0.004500006889459061 0.000637890786428404 0.019044051121218653
v 0.0042017614453004875 0.0003614694945839639 0.01859225933645403
v 0.004199558457524953 0.00042939647091479893 0.018268225583880637
v 0.004500008319970604 0.0006775018298556954 0.0184924267969222
v 0.004200462063982667 0.000653712780530891 0.017715201265621205
v 0.004199831685229581 0.000812205234004618 0.01746714293474727
v 0.0045000149956911355 0.0009543252444552124 0.017777981648852137
v 0.004199597081336602 0.0009547389603142488 0.01728785787679321
v 0.004199645718729049 0.0011748124919044177 0.017062285280019518
v 0.004500006889459061 0.001358651940982087 0.017294516431186624
v 0.004199647149240591 0.0023145221379032585 0.016484244175903884
v 0.0042002698985987835 0.0025889707841328393 0.016440182513044466
v 0.004500001167412891 0.002352984540166526 0.016781042896055753
v 0.0042002698985987835 0.0025889707841328393 0.016440182513044466
v 0.004200186928929315 0.0028907784404509653 0.01642877466032977
v 0.004500004028435976 0.0028776012833767197 0.016723721344871212
v 0.004200186928929315 0.0028907784404509653 0.01642877466032977
v 0.004199650487100857 0.00315980997788748 0.016447640246552986
v 0.004500004028435976 0.0028776012833767197 0.016723721344871212
v 0.004500025009271933 0.0030988887828246893 0.02113670830984793
v 0.004500000213738529 0.00414860554372787 0.02084657768083309
v 0.004200000008754421 0.0038726570061459204 0.02123346238854018
v 0.004500000213738529 0.00414860554372787 0.02084657768083309
v 0.004500000213738529 0.0049654304955498735 0.020653870609912417
v 0.004200000008754421 0.004839783421558276 0.0209894991353754
v 0.004500000213738529 0.0049654304955498735 0.020653870609912417
v 0.004500000213738529 0.005626244812215189 0.02052274229252693
v 0.004200000008754421 0.005490772984949324 0.020853779829612673
v 0.004500000213738529 0.005626244812215189 0.02052274229252693
v 0.004500000213738529 0.006472044775331645 0.020386645331716968
v 0.004200000008754421 0.006145914846511227 0.02073977568906593
v 0.004500000213738529 0.006472044775331645 0.020386645331716968
v 0.004500000213738529 0.0074789618229745315 0.020273257264807887
v 0.004200000008754421 0.007134827475879516 0.020609761263334914
v 0.004500000213738529 0.0074789618229745315 0.020273257264807887
v 0.004500000213738529 0.008112227825190502 0.02022967816117549
v 0.004199845036670645 0.007990596197098857 0.02053680135996716
v 0.004500000213738529 0.008112227825190502 0.02022967816117549
v 0.004500000213738529 0.008827239455831418 0.02020049191100992
v 0.004200000008754421 0.008461120053676056 0.020513390561736067
v 0.004500000213738529 0.008827239455831418 0.02020049191100992
v 0.004500000213738529 0.009461617919190316 0.020199099546441834
v 0.004200000008754421 0.00945844027621712 0.02049908163161307
v 0.004200000008754421 0.00945844027621712 0.02049908163161307
v 0.004199845990345006 0.00898717064628907 0.02049900915236158
v 0.004500000213738529 0.008827239455831418 0.02020049191100992
v 0.004199845990345006 0.00898717064628907 0.02049900915236158
v 0.004200000008754421 0.008461120053676056 0.020513390561736067
v 0.004500000213738529 0.008827239455831418 0.02020049191100992
v 0.004200000008754421 0.008461120053676056 0.020513390561736067
v 0.004199845036670645 0.007990596197098857 0.02053680135996716
v 0.004500000213738529 0.008112227825190502 0.02022967816117549
v 0.004199845036670645 0.007990596197098857 0.02053680135996716
v 0.004200000008754421 0.007465753909902121 0.020577401184893596
v 0.004500000213738529 0.0074789618229745315 0.020273257264807887
v 0.004200000008754421 0.007465753909902121 0.020577401184893596
v 0.004200000008754421 0.007134827475879516 0.020609761263334914
v 0.004500000213738529 0.0074789618229745315 0.020273257264807887
v 0.004200000008754421 0.007134827475879516 0.020609761263334914
v 0.0041998455135078255 0.006666818935431309 0.020664399174865622
v 0.004500000213738529 0.006472044775331645 0.020386645331716968
v 0.0041998455135078255 0.006666818935431309 0.020664399174865622
v 0.004200000008754421 0.006145914846511227 0.02073977568906593
v 0.004500000213738529 0.006472044775331645 0.020386645331716968
v 0.004200000008754421 0.006145914846511227 0.02073977568906593
v 0.004200000008754421 0.005817869939572509 0.02079405501903664
v 0.004500000213738529 0.005626244812215189 0.02052274229252693
v 0.004200000008754421 0.005817869939572509 0.02079405501903664
v 0.004200000008754421 0.005490772984949324 0.020853779829612673
v 0.004500000213738529 0.005626244812215189 0.02052274229252693
v 0.004200000008754421 0.005490772984949324 0.020853779829612673
v 0.004200000008754421 0.005164714104868853 0.020918932954655522
v 0.004500000213738529 0.0049654304955498735 0.020653870609912417
v 0.004200000008754421 0.005164714104868853 0.020918932954655522
v 0.004200000008754421 0.004839783421558276 0.0209894991353754
v 0.004500000213738529 0.0049654304955498735 0.020653870609912417
v 0.004200000008754421 0.004839783421558276 0.0209894991353754
v 0.004199845990345006 0.004381267755706466 0.021098115015778518
v 0.004500000213738529 0.00414860554372787 0.02084657768083309
v 0.004199845990345006 0.004381267755706466 0.021098115015778518
v 0.004200000008754421 0.0038726570061459204 0.02123346238854018
v 0.004500000213738529 0.00414860554372787 0.02084657768083309
v 0.004200000008754421 0.0038726570061459204 0.02123346238854018
v 0.004199863156483517 0.0034409398282765637 0.021357647956572468
v 0.004500025009271933 0.0030988887828246893 0.02113670830984793
v 0.004200000008754421 0.00945844027621712 0.02049908163161307
v 0.004500000213738529 0.009461617919190316 0.020199099546441834
v 0.004500000213738529 0.010257606993557827 0.020207530027799292
v 0.004500000213738529 0.010257606993557827 0.020207530027799292
v 0.004197271546405588 0.010693803341485513 0.020512167951204363
v 0.004200000008754421 0.00945844027621712 0.02049908163161307
v 0.004500000213738529 0.009487040016650242 0.017799233328328334
v 0.004500000213738529 0.008771143376201666 0.01778081596905512
v 0.004200000008754421 0.00915777249917982 0.01749296462176475
v 0.004500000213738529 0.008771143376201666 0.01778081596905512
v 0.004500000213738529 0.008138600735989047 0.017740075000323152
v 0.004200000008754421 0.008161706358424396 0.017440966480867237
v 0.004500000213738529 0.008138600735989047 0.017740075000323152
v 0.004500000213738529 0.00742567717536308 0.017674145584349876
v 0.004200000008754421 0.007830413236609716 0.017412602298001456
v 0.004500000213738529 0.00742567717536308 0.017674145584349876
v 0.004500000213738529 0.006422739810831582 0.017535567162850763
v 0.0041998455135078255 0.0066481083212918705 0.017266472682906375
v 0.004500000213738529 0.006422739810831582 0.017535567162850763
v 0.004500000213738529 0.005428210993147223 0.01734721647641435
v 0.0041998455135078255 0.005992677973235552 0.01715401730952304
v 0.004500000213738529 0.005428210993147223 0.01734721647641435
v 0.004500000213738529 0.004445347043418037 0.017109810688160643
v 0.0041998455135078255 0.005017502069373239 0.016944657176898303
v 0.004500000213738529 0.004445347043418037 0.017109810688160643
v 0.00450000069057571 0.003354729334908714 0.016786972843236825
v 0.004199845036670645 0.004053917600540248 0.016686922865950526
v 0.004200068673308464 0.003496184038282725 0.01651471597910903
v 0.004199845036670645 0.004053917600540248 0.016686922865950526
v 0.00450000069057571 0.003354729334908714 0.016786972843236825
v 0.004199845036670645 0.004053917600540248 0.016686922865950526
v 0.004200000008754421 0.004560955264241164 0.016828305090073048
v 0.004500000213738529 0.004445347043418037 0.017109810688160643
v 0.004200000008754421 0.004560955264241164 0.016828305090073048
v 0.0041998455135078255 0.005017502069373239 0.016944657176898303
v 0.004500000213738529 0.004445347043418037 0.017109810688160643
v 0.0041998455135078255 0.005017502069373239 0.016944657176898303
v 0.004200000008754421 0.005530954623668152 0.017060582017609516
v 0.004500000213738529 0.005428210993147223 0.01734721647641435
v 0.004200000008754421 0.005530954623668152 0.017060582017609516
v 0.0041998455135078255 0.005992677973235552 0.01715401730952304
v 0.004500000213738529 0.005428210993147223 0.01734721647641435
v 0.0041998455135078255 0.005992677973235552 0.01715401730952304
v 0.0041998455135078255 0.0066481083212918705 0.017266472682906375
v 0.004500000213738529 0.006422739810831582 0.017535567162850763
v 0.0041998455135078255 0.0066481083212918705 0.017266472682906375
v 0.004200000008754421 0.007169470650742752 0.017339373458463703
v 0.004500000213738529 0.00742567717536308 0.017674145584349876
v 0.004200000008754421 0.007169470650742752 0.017339373458463703
v 0.004200000008754421 0.00749963748313626 0.017378735414068647
v 0.004500000213738529 0.00742567717536308 0.017674145584349876
v 0.004200000008754421 0.00749963748313626 0.017378735414068647
v 0.004200000008754421 0.007830413236609716 0.017412602298001456
v 0.004500000213738529 0.00742567717536308 0.017674145584349876
v 0.004200000008754421 0.007830413236609716 0.017412602298001456
v 0.004200000008754421 0.008161706358424396 0.017440966480867237
v 0.004500000213738529 0.008138600735989047 0.017740075000323152
v 0.004200000008754421 0.008161706358424396 0.017440966480867237
v 0.004199844559833464 0.008631751470472019 0.017472346182064724
v 0.004500000213738529 0.008771143376201666 0.01778081596905512
v 0.004199844559833464 0.008631751470472019 0.017472346182064724
v 0.004200000008754421 0.00915777249917982 0.01749296462176475
v 0.004500000213738529 0.008771143376201666 0.01778081596905512
v 0.004200000008754421 0.00915777249917982 0.01749296462176475
v 0.004200000008754421 0.009490217659623438 0.017499249335808376
v 0.004500000213738529 0.009487040016650242 0.017799233328328334
v 0.004200000008754421 0.009490217659623438 0.017499249335808376
v 0.004198367318247185 0.01043607665993263 0.017509270546001154
v 0.004500000213738529 0.010283029091017753 0.017807665717034515
v 0.004500000213738529 0.010283029091017753 0.017807665717034515
v 0.004500000213738529 0.009487040016650242 0.017799233328328334
v 0.004200000008754421 0.009490217659623438 0.017499249335808376
v 0.004199483594087559 0.0015912648003124647 0.01890640348589656
v 0.0019999999757856065 0.0015928221505451263 0.018839085520052645
v 0.0020000000949949017 0.0015942410987860457 0.01901906866763947
v 0.0041999127475503256 0.0015969227118818603 0.019047999333076104
v 0.0020000000949949017 0.0015942410987860457 0.01901906866763947
v 0.0020000000949949017 0.0016075318623186292 0.0191299180533977
v 0.0020000000949949017 0.0016302040397565838 0.019240351637134223
v 0.004200024804287826 0.0016325660527319325 0.019248221357967
v 0.004200088223632879 0.0016099735071031802 0.019144984200963888
v 0.004200088223632879 0.0016099735071031802 0.019144984200963888
v 0.0020000000949949017 0.0016075318623186292 0.0191299180533977
v 0.0020000000949949017 0.0016302040397565838 0.019240351637134223
v 0.0020000000949949017 0.0016302040397565838 0.019240351637134223
v 0.0019999999757856065 0.0017088908768756606 0.01946602723073898
v 0.004200303754038624 0.0016674918728341182 0.019359171833207567
v 0.004199412545347612 0.001754771077533552 0.019552653287709942
v 0.0019999999757856065 0.0017088908768756606 0.01946602723073898
v 0.0020000000949949017 0.0018841740787894226 0.01973741815854635
v 0.004201024731856072 0.0019621633031129135 0.019823935496640077
v 0.004199412545347612 0.001754771077533552 0.019552653287709942
v 0.0020000000949949017 0.0018841740787894226 0.01973741815854635
v 0.0020000000949949017 0.0018841740787894226 0.01973741815854635
v 0.0020000000949949017 0.002111131291527014 0.0199470319685513
v 0.004201024731856072 0.0019621633031129135 0.019823935496640077
v 0.0020000000949949017 0.002111131291527014 0.0199470319685513
v 0.004199571332128836 0.0022027708146174505 0.02000496387132733
v 0.004201024731856072 0.0019621633031129135 0.019823935496640077
v 0.004199571332128836 0.0022027708146174505 0.02000496387132733
v 0.0020000000949949017 0.002111131291527014 0.0199470319685513
v 0.0020000000949949017 0.0023370472110709204 0.020074301719469334
v 0.004200649460994741 0.002421095963079379 0.02010817814014576
v 0.0020000000949949017 0.0023370472110709204 0.020074301719469334
v 0.0020000000949949017 0.0025223778492224082 0.020138468745222182
v 0.0020000000949949017 0.0025223778492224082 0.020138468745222182
v 0.004199876507924581 0.002639065391004393 0.020163632396930087
v 0.004200649460994741 0.002421095963079379 0.02010817814014576
v 0.004199876507924581 0.002639065391004393 0.020163632396930087
v 0.0020000000949949017 0.0025223778492224082 0.020138468745222182
v 0.0019999998565763113 0.002783946646360004 0.02018153286469926
v 0.0042005621997906455 0.0028675860336487015 0.020180338864398406
v 0.004199876507924581 0.002639065391004393 0.020163632396930087
v 0.0019999998565763113 0.002783946646360004 0.02018153286469926
v 0.0042005621997906455 0.0028675860336487015 0.020180338864398406
v 0.0019999998565763113 0.002783946646360004 0.02018153286469926
v 0.002000000333413492 0.003096104292107106 0.020155220989059863
v 0.004199241360799686 0.0031338528691106384 0.020147042277733895
v 0.002000000333413492 0.003096104292107106 0.020155220989059863
v 0.0020000000949949017 0.0033800067122842516 0.02006096362984655
v 0.00420118065761421 0.0034195834830391693 0.020039858816222056
v 0.004199241360799686 0.0031338528691106384 0.020147042277733895
v 0.0020000000949949017 0.0033800067122842516 0.02006096362984655
v 0.0020000000949949017 0.0035968698779496894 0.01992621707193276
v 0.004197737893168461 0.0036477004830098875 0.019886725416614626
v 0.00420118065761421 0.0034195834830391693 0.020039858816222056
v 0.004197737893168461 0.0036477004830098875 0.019886725416614626
v 0.0020000000949949017 0.0035968698779496894 0.01992621707193276
v 0.0020000000949949017 0.003784200371237669 0.019754485114923392
v 0.0020000000949949017 0.003784200371237669 0.019754485114923392
v 0.0042006780712255925 0.0038230208782237558 0.019706112843949075
v 0.004197737893168461 0.0036477004830098875 0.019886725416614626
v 0.0042006780712255925 0.0038230208782237558 0.019706112843949075
v 0.0020000000949949017 0.003784200371237669 0.019754485114923392
v 0.0020000000949949017 0.003918310589933612 0.019565262770120384
v 0.0020000000949949017 0.003918310589933612 0.019565262770120384
v 0.004199249467031761 0.003980647276167761 0.019451830834190664
v 0.0042006780712255925 0.0038230208782237558 0.019706112843949075
v 0.004199249467031761 0.003980647276167761 0.019451830834190664
v 0.0020000000949949017 0.003918310589933612 0.019565262770120384
v 0.0020000000949949017 0.004005125712846782 0.019389874425608244
v 0.0020000000949949017 0.004005125712846782 0.019389874425608244
v 0.0020000000949949017 0.004051181031959341 0.019244036634867845
v 0.004200076302703358 0.004053253843184503 0.019237324674710177
v 0.004200076302703358 0.004053253843184503 0.019237324674710177
v 0.0020000000949949017 0.004051181031959341 0.019244036634867845
v 0.0020000000949949017 0.004081321433323794 0.019099553061721064
v 0.0042002794353424005 0.00408531113001598 0.019071392965168688
v 0.0020000000949949017 0.004081321433323794 0.019099553061721064
v 0.0020000000949949017 0.00409096022009753 0.018963955826276635
v 0.004200014790707028 0.004091451362393807 0.018920012419038068
v 0.0020000000949949017 0.00409096022009753 0.018963955826276635
v 0.0020000000949949017 0.004091422275325775 0.01892032713157743
v 0.0020000000949949017 0.00409036131259838 0.018876709880970566
v 0.004200009068660858 0.004087962821578696 0.018834107339884554
v 0.004200014790707028 0.004091451362393807 0.018920012419038068
v 0.004200014790707028 0.004091451362393807 0.018920012419038068
v 0.0020000000949949017 0.004091422275325775 0.01892032713157743
v 0.0020000000949949017 0.00409036131259838 0.018876709880970566
v 0.004200009068660858 0.004087962821578696 0.018834107339884554
v 0.0020000000949949017 0.00409036131259838 0.018876709880970566
v 0.0020000000949949017 0.004085307315318533 0.018803728996766855
v 0.0020000000949949017 0.004085307315318533 0.018803728996766855
v 0.00420023413581022 0.004071502402095696 0.018698101931813316
v 0.004200009068660858 0.004087962821578696 0.018834107339884554
v 0.0020000000949949017 0.004085307315318533 0.018803728996766855
v 0.0020000000949949017 0.004070771887534632 0.01869929211741672
v 0.00420023413581022 0.004071502402095696 0.018698101931813316
v 0.00420023413581022 0.004071502402095696 0.018698101931813316
v 0.0020000000949949017 0.004070771887534632 0.01869929211741672
v 0.0020000000949949017 0.00403484888167799 0.01855433170708909
v 0.0020000000949949017 0.00403484888167799 0.01855433170708909
v 0.004199297627587027 0.003999663781358716 0.018451430243461298
v 0.00420023413581022 0.004071502402095696 0.018698101931813316
v 0.004199297627587027 0.003999663781358716 0.018451430243461298
v 0.0020000000949949017 0.00403484888167799 0.01855433170708909
v 0.0020000000949949017 0.003953298994915784 0.018352452196157554
v 0.0020000000949949017 0.003953298994915784 0.018352452196157554
v 0.0020000000949949017 0.0038107795141169316 0.018136355307841745
v 0.004200017651730113 0.0038714925697502806 0.018217928798044403
v 0.0020000000949949017 0.0038107795141169316 0.018136355307841745
v 0.004200535020071337 0.0037200404980425334 0.018037110231716724
v 0.004200017651730113 0.0038714925697502806 0.018217928798044403
v 0.004200535020071337 0.0037200404980425334 0.018037110231716724
v 0.0020000000949949017 0.0038107795141169316 0.018136355307841745
v 0.0020000000949949017 0.003671945746307472 0.017993893524341775
v 0.0020000000949949017 0.003671945746307472 0.017993893524341775
v 0.004199364384792346 0.003481208251362307 0.017849699868200952
v 0.004200535020071337 0.0037200404980425334 0.018037110231716724
v 0.004199364384792346 0.003481208251362307 0.017849699868200952
v 0.0020000000949949017 0.003671945746307472 0.017993893524341775
v 0.0019999999757856065 0.003484883950770902 0.017853085412185
v 0.0019999999757856065 0.003484883950770902 0.017853085412185
v 0.0020000000949949017 0.0032775034077024714 0.01775685394704296
v 0.004199364384792346 0.003481208251362307 0.017849699868200952
v 0.0042005817501150605 0.003220755730065085 0.017736437686307616
v 0.0020000000949949017 0.0032775034077024714 0.01775685394704296
v 0.0020000000949949017 0.0031354121266920234 0.017713145143697373
v 0.0020000000949949017 0.0031354121266920234 0.017713145143697373
v 0.004199557980687772 0.0030625738168053875 0.01769811714310565
v 0.0042005817501150605 0.003220755730065085 0.017736437686307616
v 0.004199557980687772 0.0030625738168053875 0.01769811714310565
v 0.0020000000949949017 0.0031354121266920234 0.017713145143697373
v 0.0019999999757856065 0.0029856857287417784 0.017686680680160105
v 0.0019999999757856065 0.0029856857287417784 0.017686680680160105
v 0.004200405797195326 0.002925424237918696 0.01768104064998499
v 0.004199557980687772 0.0030625738168053875 0.01769811714310565
v 0.004200405797195326 0.002925424237918696 0.01768104064998499
v 0.0019999999757856065 0.0029856857287417784 0.017686680680160105
v 0.0020000000949949017 0.002745733629942322 0.017678915863507116
v 0.0020000000949949017 0.00244626867469372 0.01774050987583209
v 0.004199731549421602 0.0024457870691410597 0.017741219409557196
v 0.004199018200999048 0.002702606567957373 0.017684080963850102
v 0.004199018200999048 0.002702606567957373 0.017684080963850102
v 0.0020000000949949017 0.002745733629942322 0.017678915863507116
v 0.0020000000949949017 0.00244626867469372 0.01774050987583209
v 0.0020000000949949017 0.00244626867469372 0.01774050987583209
v 0.0020000000949949017 0.0022268899544806995 0.017838860405405832
v 0.004201223572960487 0.002226732359792428 0.01783840073436349
v 0.0019999999757856065 0.00205025325022909 0.01795939530798152
v 0.004200180730045964 0.0019882874241123486 0.018010258576388605
v 0.004201223572960487 0.002226732359792428 0.01783840073436349
v 0.004201223572960487 0.002226732359792428 0.01783840073436349
v 0.0020000000949949017 0.0022268899544806995 0.017838860405405832
v 0.0019999999757856065 0.00205025325022909 0.01795939530798152
v 0.004200180730045964 0.0019882874241123486 0.018010258576388605
v 0.0019999999757856065 0.00205025325022909 0.01795939530798152
v 0.0020000000949949017 0.00189591333334481 0.018108841802506603
v 0.0020000000949949017 0.00189591333334481 0.018108841802506603
v 0.004199590882453251 0.0018292789135996449 0.018194415002982245
v 0.004200180730045964 0.0019882874241123486 0.018010258576388605
v 0.004199590882453251 0.0018292789135996449 0.018194415002982245
v 0.0020000000949949017 0.00189591333334481 0.018108841802506603
v 0.0020000000949949017 0.0017784244666804042 0.01826958743086915
v 0.004199632844125166 0.001744767152688579 0.018327710068517522
v 0.0020000000949949017 0.0017784244666804042 0.01826958743086915
v 0.0020000000949949017 0.0016953818411235423 0.018427212636720203
v 0.0020000000949949017 0.0016953818411235423 0.018427212636720203
v 0.004200085839446975 0.0016789145075014201 0.01846742717720451
v 0.004199632844125166 0.001744767152688579 0.018327710068517522
v 0.004200085839446975 0.0016789145075014201 0.01846742717720451
v 0.0020000000949949017 0.0016953818411235423 0.018427212636720203
v 0.0020000000949949017 0.0016302587568230865 0.01861430065830172
v 0.0041994983760401654 0.0016144358686508854 0.01867743962309265
v 0.0020000000949949017 0.0016302587568230865 0.01861430065830172
v 0.0019999999757856065 0.0015928221505451263 0.018839085520052645
v 0.0019999999757856065 0.0015928221505451263 0.018839085520052645
v 0.004199483594087559 0.0015912648003124647 0.01890640348589656
v 0.0041994983760401654 0.0016144358686508854 0.01867743962309265
v 0.0041994983760401654 0.0016144358686508854 0.01867743962309265
v 0.004200085839446975 0.0016789145075014201 0.01846742717720451
v 0.0020000000949949017 0.0016302587568230865 0.01861430065830172
v 0.004199632844125166 0.001744767152688579 0.018327710068517522
v 0.004199590882453251 0.0018292789135996449 0.018194415002982245
v 0.0020000000949949017 0.0017784244666804042 0.01826958743086915
v 0.004201223572960487 0.002226732359792428 0.01783840073436349
v 0.004199731549421602 0.0024457870691410597 0.017741219409557196
v 0.0020000000949949017 0.00244626867469372 0.01774050987583209
v 0.004199018200999048 0.002702606567957373 0.017684080963850102
v 0.004200405797195326 0.002925424237918696 0.01768104064998499
v 0.0020000000949949017 0.002745733629942322 0.017678915863507116
v 0.0042005817501150605 0.003220755730065085 0.017736437686307616
v 0.004199364384792346 0.003481208251362307 0.017849699868200952
v 0.0020000000949949017 0.0032775034077024714 0.01775685394704296
v 0.004200017651730113 0.0038714925697502806 0.018217928798044403
v 0.004199297627587027 0.003999663781358716 0.018451430243461298
v 0.0020000000949949017 0.003953298994915784 0.018352452196157554
v 0.004200014790707028 0.004091451362393807 0.018920012419038068
v 0.0042002794353424005 0.00408531113001598 0.019071392965168688
v 0.0020000000949949017 0.00409096022009753 0.018963955826276635
v 0.0042002794353424005 0.00408531113001598 0.019071392965168688
v 0.004200076302703358 0.004053253843184503 0.019237324674710177
v 0.0020000000949949017 0.004081321433323794 0.019099553061721064
v 0.004200076302703358 0.004053253843184503 0.019237324674710177
v 0.004199249467031761 0.003980647276167761 0.019451830834190664
v 0.0020000000949949017 0.004005125712846782 0.019389874425608244
v 0.00420118065761421 0.0034195834830391693 0.020039858816222056
v 0.0020000000949949017 0.0033800067122842516 0.02006096362984655
v 0.0020000000949949017 0.0035968698779496894 0.01992621707193276
v 0.004199241360799686 0.0031338528691106384 0.020147042277733895
v 0.0042005621997906455 0.0028675860336487015 0.020180338864398406
v 0.002000000333413492 0.003096104292107106 0.020155220989059863
v 0.004200649460994741 0.002421095963079379 0.02010817814014576
v 0.004199571332128836 0.0022027708146174505 0.02000496387132733
v 0.0020000000949949017 0.0023370472110709204 0.020074301719469334
v 0.004199412545347612 0.001754771077533552 0.019552653287709942
v 0.004200303754038624 0.0016674918728341182 0.019359171833207567
v 0.0019999999757856065 0.0017088908768756606 0.01946602723073898
v 0.004200303754038624 0.0016674918728341182 0.019359171833207567
v 0.004200024804287826 0.0016325660527319325 0.019248221357967
v 0.0020000000949949017 0.0016302040397565838 0.019240351637134223
v 0.004200088223632879 0.0016099735071031802 0.019144984200963888
v 0.0041999127475503256 0.0015969227118818603 0.019047999333076104
v 0.0020000000949949017 0.0016075318623186292 0.0191299180533977
v 0.0041999127475503256 0.0015969227118818603 0.019047999333076104
v 0.004199483594087559 0.0015912648003124647 0.01890640348589656
v 0.0020000000949949017 0.0015942410987860457 0.01901906866763947
v 0.004499995445366721 0.0012869349137262238 0.018946122115712782
v 0.0041994983760401654 0.0016144358686508854 0.01867743962309265
v 0.004199483594087559 0.0015912648003124647 0.01890640348589656
v 0.0041994983760401654 0.0016144358686508854 0.01867743962309265
v 0.004499995445366721 0.0012869349137262238 0.018946122115712782
v 0.004499985908623104 0.0013581947733349454 0.018429230611669567
v 0.004199632844125166 0.001744767152688579 0.018327710068517522
v 0.004499985908623104 0.0013581947733349454 0.018429230611669567
v 0.004499996399041082 0.0016389300409568742 0.01794594277743533
v 0.004499996399041082 0.0016389300409568742 0.01794594277743533
v 0.004200180730045964 0.0019882874241123486 0.018010258576388605
v 0.004199590882453251 0.0018292789135996449 0.018194415002982245
v 0.004499996399041082 0.0016389300409568742 0.01794594277743533
v 0.004499996875878263 0.0019076604557136815 0.017687216645151382
v 0.004200180730045964 0.0019882874241123486 0.018010258576388605
v 0.004499996875878263 0.0019076604557136815 0.017687216645151382
v 0.004201223572960487 0.002226732359792428 0.01783840073436349
v 0.004200180730045964 0.0019882874241123486 0.018010258576388605
v 0.004201223572960487 0.002226732359792428 0.01783840073436349
v 0.004499996875878263 0.0019076604557136815 0.017687216645151382
v 0.004499988292809008 0.0023486162347527437 0.017448099965092778
v 0.004499988292809008 0.0023486162347527437 0.017448099965092778
v 0.004199018200999048 0.002702606567957373 0.017684080963850102
v 0.004199731549421602 0.0024457870691410597 0.017741219409557196
v 0.004199018200999048 0.002702606567957373 0.017684080963850102
v 0.004499988292809008 0.0023486162347527437 0.017448099965092778
v 0.004499988292809008 0.0030252930170762706 0.017376316895887367
v 0.004499988292809008 0.0030252930170762706 0.017376316895887367
v 0.0042005817501150605 0.003220755730065085 0.017736437686307616
v 0.004199557980687772 0.0030625738168053875 0.01769811714310565
v 0.004499988292809008 0.0030252930170762706 0.017376316895887367
v 0.004499997829552625 0.003656223709199021 0.017599791409065313
v 0.0042005817501150605 0.003220755730065085 0.017736437686307616
v 0.004499997829552625 0.003656223709199021 0.017599791409065313
v 0.004200535020071337 0.0037200404980425334 0.018037110231716724
v 0.004199364384792346 0.003481208251362307 0.017849699868200952
v 0.004499997829552625 0.003656223709199021 0.017599791409065313
v 0.004499998306389806 0.004121298985729218 0.01803584184481566
v 0.004200535020071337 0.0037200404980425334 0.018037110231716724
v 0.004499998306389806 0.004121298985729218 0.01803584184481566
v 0.004200017651730113 0.0038714925697502806 0.018217928798044403
v 0.004200535020071337 0.0037200404980425334 0.018037110231716724
v 0.004499998306389806 0.004121298985729218 0.01803584184481566
v 0.004500000213738529 0.004313791479918507 0.01843927661739575
v 0.004199297627587027 0.003999663781358716 0.018451430243461298
v 0.004500000213738529 0.004313791479918507 0.01843927661739575
v 0.00420023413581022 0.004071502402095696 0.018698101931813316
v 0.004199297627587027 0.003999663781358716 0.018451430243461298
v 0.00420023413581022 0.004071502402095696 0.018698101931813316
v 0.004500000213738529 0.004313791479918507 0.01843927661739575
v 0.004500000213738529 0.004373251169021987 0.01867949383766776
v 0.004500000213738529 0.004373251169021987 0.01867949383766776
v 0.004200009068660858 0.004087962821578696 0.018834107339884554
v 0.00420023413581022 0.004071502402095696 0.018698101931813316
v 0.004500000213738529 0.004373251169021987 0.01867949383766776
v 0.004500000213738529 0.004390403956091584 0.018860825480802035
v 0.004200009068660858 0.004087962821578696 0.018834107339884554
v 0.004500000213738529 0.004390403956091584 0.018860825480802035
v 0.004200014790707028 0.004091451362393807 0.018920012419038068
v 0.004200009068660858 0.004087962821578696 0.018834107339884554
v 0.004500000213738529 0.004390403956091584 0.018860825480802035
v 0.004500000213738529 0.004390898913085308 0.018970288224038345
v 0.004200014790707028 0.004091451362393807 0.018920012419038068
v 0.0042002794353424005 0.00408531113001598 0.019071392965168688
v 0.004500000213738529 0.004390898913085308 0.018970288224038345
v 0.004500000213738529 0.004378392904343111 0.01914292426434261
v 0.004200076302703358 0.004053253843184503 0.019237324674710177
v 0.004500000213738529 0.004378392904343111 0.01914292426434261
v 0.004500000213738529 0.004292659486574703 0.019488223047833264
v 0.004199249467031761 0.003980647276167761 0.019451830834190664
v 0.004500000213738529 0.004292659486574703 0.019488223047833264
v 0.004500000213738529 0.004116654591587722 0.019814635264264746
v 0.004500000213738529 0.004116654591587722 0.019814635264264746
v 0.0042006780712255925 0.0038230208782237558 0.019706112843949075
v 0.004199249467031761 0.003980647276167761 0.019451830834190664
v 0.004500000213738529 0.004116654591587722 0.019814635264264746
v 0.004499994491692359 0.0037684914471516912 0.02018175793184862
v 0.0042006780712255925 0.0038230208782237558 0.019706112843949075
v 0.004499994491692359 0.0037684914471516912 0.02018175793184862
v 0.004197737893168461 0.0036477004830098875 0.019886725416614626
v 0.0042006780712255925 0.0038230208782237558 0.019706112843949075
v 0.004499994491692359 0.0037684914471516912 0.02018175793184862
v 0.00420118065761421 0.0034195834830391693 0.020039858816222056
v 0.004197737893168461 0.0036477004830098875 0.019886725416614626
v 0.004499994491692359 0.0037684914471516912 0.02018175793184862
v 0.004499986862297465 0.0031989010899737005 0.020454550760967694
v 0.00420118065761421 0.0034195834830391693 0.020039858816222056
v 0.004499986862297465 0.0031989010899737005 0.020454550760967694
v 0.004499996399041082 0.002589135292960233 0.020462607401975363
v 0.0042005621997906455 0.0028675860336487015 0.020180338864398406
v 0.004199876507924581 0.002639065391004393 0.020163632396930087
v 0.0042005621997906455 0.0028675860336487015 0.020180338864398406
v 0.004499996399041082 0.002589135292960233 0.020462607401975363
v 0.004499996399041082 0.002589135292960233 0.020462607401975363
v 0.004200649460994741 0.002421095963079379 0.02010817814014576
v 0.004199876507924581 0.002639065391004393 0.020163632396930087
v 0.004200649460994741 0.002421095963079379 0.02010817814014576
v 0.004499996399041082 0.002589135292960233 0.020462607401975363
v 0.004499969696158955 0.002012189483849015 0.02025701046838191
v 0.004499969696158955 0.002012189483849015 0.02025701046838191
v 0.004201024731856072 0.0019621633031129135 0.019823935496640077
v 0.004199571332128836 0.0022027708146174505 0.02000496387132733
v 0.004499969696158955 0.002012189483849015 0.02025701046838191
v 0.004499997829552625 0.001547886445133207 0.01979462717615621
v 0.004201024731856072 0.0019621633031129135 0.019823935496640077
v 0.004199412545347612 0.001754771077533552 0.019552653287709942
v 0.004201024731856072 0.0019621633031129135 0.019823935496640077
v 0.004499997829552625 0.001547886445133207 0.01979462717615621
v 0.004199412545347612 0.001754771077533552 0.019552653287709942
v 0.004499997829552625 0.001547886445133207 0.01979462717615621
v 0.004499998306389806 0.0013657138996305003 0.01941926666943594
v 0.004499998306389806 0.0013657138996305003 0.01941926666943594
v 0.004200088223632879 0.0016099735071031802 0.019144984200963888
v 0.004200024804287826 0.0016325660527319325 0.019248221357967
v 0.004200088223632879 0.0016099735071031802 0.019144984200963888
v 0.004499998306389806 0.0013657138996305003 0.01941926666943594
v 0.004499995445366721 0.0012869349137262238 0.018946122115712782
v 0.004199483594087559 0.0015912648003124647 0.01890640348589656
v 0.0041999127475503256 0.0015969227118818603 0.019047999333076104
v 0.004499995445366721 0.0012869349137262238 0.018946122115712782
v 0.0041999127475503256 0.0015969227118818603 0.019047999333076104
v 0.004200088223632879 0.0016099735071031802 0.019144984200963888
v 0.004499995445366721 0.0012869349137262238 0.018946122115712782
v 0.004200024804287826 0.0016325660527319325 0.019248221357967
v 0.004200303754038624 0.0016674918728341182 0.019359171833207567
v 0.004499998306389806 0.0013657138996305003 0.01941926666943594
v 0.004200303754038624 0.0016674918728341182 0.019359171833207567
v 0.004199412545347612 0.001754771077533552 0.019552653287709942
v 0.004499998306389806 0.0013657138996305003 0.01941926666943594
v 0.004199571332128836 0.0022027708146174505 0.02000496387132733
v 0.004200649460994741 0.002421095963079379 0.02010817814014576
v 0.004499969696158955 0.002012189483849015 0.02025701046838191
v 0.0042005621997906455 0.0028675860336487015 0.020180338864398406
v 0.004199241360799686 0.0031338528691106384 0.020147042277733895
v 0.004499986862297465 0.0031989010899737005 0.020454550760967694
v 0.004199241360799686 0.0031338528691106384 0.020147042277733895
v 0.00420118065761421 0.0034195834830391693 0.020039858816222056
v 0.004499986862297465 0.0031989010899737005 0.020454550760967694
v 0.004199249467031761 0.003980647276167761 0.019451830834190664
v 0.004200076302703358 0.004053253843184503 0.019237324674710177
v 0.004500000213738529 0.004292659486574703 0.019488223047833264
v 0.004200076302703358 0.004053253843184503 0.019237324674710177
v 0.0042002794353424005 0.00408531113001598 0.019071392965168688
v 0.004500000213738529 0.004378392904343111 0.01914292426434261
v 0.0042002794353424005 0.00408531113001598 0.019071392965168688
v 0.004200014790707028 0.004091451362393807 0.018920012419038068
v 0.004500000213738529 0.004390898913085308 0.018970288224038345
v 0.004199297627587027 0.003999663781358716 0.018451430243461298
v 0.004200017651730113 0.0038714925697502806 0.018217928798044403
v 0.004499998306389806 0.004121298985729218 0.01803584184481566
v 0.004199364384792346 0.003481208251362307 0.017849699868200952
v 0.0042005817501150605 0.003220755730065085 0.017736437686307616
v 0.004499997829552625 0.003656223709199021 0.017599791409065313
v 0.004199557980687772 0.0030625738168053875 0.01769811714310565
v 0.004200405797195326 0.002925424237918696 0.01768104064998499
v 0.004499988292809008 0.0030252930170762706 0.017376316895887367
v 0.004200405797195326 0.002925424237918696 0.01768104064998499
v 0.004199018200999048 0.002702606567957373 0.017684080963850102
v 0.004499988292809008 0.0030252930170762706 0.017376316895887367
v 0.004199731549421602 0.0024457870691410597 0.017741219409557196
v 0.004201223572960487 0.002226732359792428 0.01783840073436349
v 0.004499988292809008 0.0023486162347527437 0.017448099965092778
v 0.004199590882453251 0.0018292789135996449 0.018194415002982245
v 0.004199632844125166 0.001744767152688579 0.018327710068517522
v 0.004499996399041082 0.0016389300409568742 0.01794594277743533
v 0.004199632844125166 0.001744767152688579 0.018327710068517522
v 0.004200085839446975 0.0016789145075014201 0.01846742717720451
v 0.004499985908623104 0.0013581947733349454 0.018429230611669567
v 0.004200085839446975 0.0016789145075014201 0.01846742717720451
v 0.0041994983760401654 0.0016144358686508854 0.01867743962309265
v 0.004499985908623104 0.0013581947733349454 0.018429230611669567
v 0.004499996399041082 0.002589135292960233 0.020462607401975363
v 0.004499986862297465 0.0031989010899737005 0.020454550760967694
v 0.004500025009271933 0.0030988887828246893 0.02113670830984793
v 0.004499996399041082 0.002589135292960233 0.020462607401975363
v 0.004500025009271933 0.0030988887828246893 0.02113670830984793
v 0.00450000069057571 0.002407090539821994 0.021087889719272335
v 0.004499969696158955 0.002012189483849015 0.02025701046838191
v 0.004499996399041082 0.002589135292960233 0.020462607401975363
v 0.00450000069057571 0.002407090539821994 0.021087889719272335
v 0.00450000069057571 0.002407090539821994 0.021087889719272335
v 0.00450001213466805 0.0017913314954916973 0.020874388732569082
v 0.004499969696158955 0.002012189483849015 0.02025701046838191
v 0.004500000213738529 0.00414860554372787 0.02084657768083309
v 0.004500025009271933 0.0030988887828246893 0.02113670830984793
v 0.004499986862297465 0.0031989010899737005 0.020454550760967694
v 0.004500005935784699 0.001186710652450324 0.020389163032031865
v 0.004499997829552625 0.001547886445133207 0.01979462717615621
v 0.004499969696158955 0.002012189483849015 0.02025701046838191
v 0.004500000213738529 0.004116654591587722 0.019814635264264746
v 0.004500000213738529 0.005626244812215189 0.02052274229252693
v 0.004500000213738529 0.0049654304955498735 0.020653870609912417
v 0.004499994491692359 0.0037684914471516912 0.02018175793184862
v 0.004500000213738529 0.0049654304955498735 0.020653870609912417
v 0.004500000213738529 0.00414860554372787 0.02084657768083309
v 0.004499985908623104 0.0013581947733349454 0.018429230611669567
v 0.004500008319970604 0.0006775018298556954 0.0184924267969222
v 0.0045000149956911355 0.0009543252444552124 0.017777981648852137
v 0.004499988292809008 0.0030252930170762706 0.017376316895887367
v 0.004500004028435976 0.0028776012833767197 0.016723721344871212
v 0.00450000069057571 0.003354729334908714 0.016786972843236825
v 0.00450000069057571 0.003354729334908714 0.016786972843236825
v 0.004500000213738529 0.004445347043418037 0.017109810688160643
v 0.004499997829552625 0.003656223709199021 0.017599791409065313
v 0.004500000213738529 0.00414860554372787 0.02084657768083309
v 0.004499986862297465 0.0031989010899737005 0.020454550760967694
v 0.004499994491692359 0.0037684914471516912 0.02018175793184862
v 0.004499995445366721 0.0012869349137262238 0.018946122115712782
v 0.004499998306389806 0.0013657138996305003 0.01941926666943594
v 0.004500006889459061 0.000637890786428404 0.019044051121218653
v 0.0045000149956911355 0.0009543252444552124 0.017777981648852137
v 0.004499996399041082 0.0016389300409568742 0.01794594277743533
v 0.004499985908623104 0.0013581947733349454 0.018429230611669567
v 0.004499996875878263 0.0019076604557136815 0.017687216645151382
v 0.004500006889459061 0.001358651940982087 0.017294516431186624
v 0.004500010227319327 0.00186778768827875 0.016946860164673838
v 0.004500010227319327 0.00186778768827875 0.016946860164673838
v 0.004499988292809008 0.0023486162347527437 0.017448099965092778
v 0.004499996875878263 0.0019076604557136815 0.017687216645151382
v 0.004500000213738529 0.00742567717536308 0.017674145584349876
v 0.004500000213738529 0.008138600735989047 0.017740075000323152
v 0.004500000213738529 0.004373251169021987 0.01867949383766776
v 0.004500000213738529 0.009487040016650242 0.017799233328328334
v 0.004500000213738529 0.010283029091017753 0.017807665717034515
v 0.004500000213738529 0.004373251169021987 0.01867949383766776
v 0.004500000213738529 0.004292659486574703 0.019488223047833264
v 0.004500000213738529 0.006472044775331645 0.020386645331716968
v 0.004500000213738529 0.005626244812215189 0.02052274229252693
v 0.004499997829552625 0.001547886445133207 0.01979462717615621
v 0.004500005935784699 0.001186710652450324 0.020389163032031865
v 0.004500001167412891 0.0008895088856713394 0.019949822419733643
v 0.004500001167412891 0.0008895088856713394 0.019949822419733643
v 0.004500003074761614 0.0007228194222448292 0.01953583237931822
v 0.004499998306389806 0.0013657138996305003 0.01941926666943594
v 0.004499998306389806 0.0013657138996305003 0.01941926666943594
v 0.004500003074761614 0.0007228194222448292 0.01953583237931822
v 0.004500006889459061 0.000637890786428404 0.019044051121218653
v 0.004500010227319327 0.00186778768827875 0.016946860164673838
v 0.004500001167412891 0.002352984540166526 0.016781042896055753
v 0.004499988292809008 0.0023486162347527437 0.017448099965092778
v 0.004500001167412891 0.002352984540166526 0.016781042896055753
v 0.004500004028435976 0.0028776012833767197 0.016723721344871212
v 0.004499988292809008 0.0023486162347527437 0.017448099965092778
v 0.004500004028435976 0.0028776012833767197 0.016723721344871212
v 0.004499988292809008 0.0030252930170762706 0.017376316895887367
v 0.004499988292809008 0.0023486162347527437 0.017448099965092778
v 0.004500000213738529 0.004445347043418037 0.017109810688160643
v 0.004499998306389806 0.004121298985729218 0.01803584184481566
v 0.004499997829552625 0.003656223709199021 0.017599791409065313
v 0.004500000213738529 0.004445347043418037 0.017109810688160643
v 0.004500000213738529 0.005428210993147223 0.01734721647641435
v 0.004499998306389806 0.004121298985729218 0.01803584184481566
v 0.004500000213738529 0.004373251169021987 0.01867949383766776
v 0.004500000213738529 0.004313791479918507 0.01843927661739575
v 0.004500000213738529 0.00742567717536308 0.017674145584349876
v 0.004500000213738529 0.008771143376201666 0.01778081596905512
v 0.004500000213738529 0.009487040016650242 0.017799233328328334
v 0.004500000213738529 0.004373251169021987 0.01867949383766776
v 0.004500000213738529 0.004292659486574703 0.019488223047833264
v 0.004500000213738529 0.008112227825190502 0.02022967816117549
v 0.004500000213738529 0.0074789618229745315 0.020273257264807887
v 0.004500000213738529 0.004292659486574703 0.019488223047833264
v 0.004500000213738529 0.0074789618229745315 0.020273257264807887
v 0.004500000213738529 0.006472044775331645 0.020386645331716968
v 0.00450001213466805 0.0017913314954916973 0.020874388732569082
v 0.004500005935784699 0.001186710652450324 0.020389163032031865
v 0.004499969696158955 0.002012189483849015 0.02025701046838191
v 0.004499997829552625 0.003656223709199021 0.017599791409065313
v 0.004499988292809008 0.0030252930170762706 0.017376316895887367
v 0.00450000069057571 0.003354729334908714 0.016786972843236825
v 0.004500000213738529 0.005428210993147223 0.01734721647641435
v 0.004500000213738529 0.006422739810831582 0.017535567162850763
v 0.004499998306389806 0.004121298985729218 0.01803584184481566
v 0.004500000213738529 0.006422739810831582 0.017535567162850763
v 0.004500000213738529 0.00742567717536308 0.017674145584349876
v 0.004500000213738529 0.004313791479918507 0.01843927661739575
v 0.004500000213738529 0.008138600735989047 0.017740075000323152
v 0.004500000213738529 0.008771143376201666 0.01778081596905512
v 0.004500000213738529 0.004373251169021987 0.01867949383766776
v 0.004500000213738529 0.010283029091017753 0.017807665717034515
v 0.004500000213738529 0.010257606993557827 0.020207530027799292
v 0.004500000213738529 0.004390898913085308 0.018970288224038345
v 0.004500000213738529 0.004292659486574703 0.019488223047833264
v 0.004500000213738529 0.008827239455831418 0.02020049191100992
v 0.004500000213738529 0.008112227825190502 0.02022967816117549
v 0.004500000213738529 0.005626244812215189 0.02052274229252693
v 0.004500000213738529 0.004116654591587722 0.019814635264264746
v 0.004500000213738529 0.004292659486574703 0.019488223047833264
v 0.004500006889459061 0.000637890786428404 0.019044051121218653
v 0.004500008319970604 0.0006775018298556954 0.0184924267969222
v 0.004499995445366721 0.0012869349137262238 0.018946122115712782
v 0.004500008319970604 0.0006775018298556954 0.0184924267969222
v 0.004499985908623104 0.0013581947733349454 0.018429230611669567
v 0.004499995445366721 0.0012869349137262238 0.018946122115712782
v 0.004500000213738529 0.004390898913085308 0.018970288224038345
v 0.004500000213738529 0.004390403956091584 0.018860825480802035
v 0.004500000213738529 0.010283029091017753 0.017807665717034515
v 0.004500000213738529 0.004378392904343111 0.01914292426434261
v 0.004500000213738529 0.010257606993557827 0.020207530027799292
v 0.004500000213738529 0.009461617919190316 0.020199099546441834
v 0.004499994491692359 0.0037684914471516912 0.02018175793184862
v 0.004500000213738529 0.004116654591587722 0.019814635264264746
v 0.004500000213738529 0.0049654304955498735 0.020653870609912417
v 0.004500001167412891 0.0008895088856713394 0.019949822419733643
v 0.004499998306389806 0.0013657138996305003 0.01941926666943594
v 0.004499997829552625 0.001547886445133207 0.01979462717615621
v 0.004500006889459061 0.001358651940982087 0.017294516431186624
v 0.004499996875878263 0.0019076604557136815 0.017687216645151382
v 0.004499996399041082 0.0016389300409568742 0.01794594277743533
v 0.004500000213738529 0.004313791479918507 0.01843927661739575
v 0.004499998306389806 0.004121298985729218 0.01803584184481566
v 0.004500000213738529 0.006422739810831582 0.017535567162850763
v 0.004500000213738529 0.004390403956091584 0.018860825480802035
v 0.004500000213738529 0.004373251169021987 0.01867949383766776
v 0.004500000213738529 0.010283029091017753 0.017807665717034515
v 0.004500000213738529 0.004378392904343111 0.01914292426434261
v 0.004500000213738529 0.004390898913085308 0.018970288224038345
v 0.004500000213738529 0.010257606993557827 0.020207530027799292
v 0.004500000213738529 0.004378392904343111 0.01914292426434261
v 0.004500000213738529 0.009461617919190316 0.020199099546441834
v 0.004500000213738529 0.008827239455831418 0.02020049191100992
v 0.0045000149956911355 0.0009543252444552124 0.017777981648852137
v 0.004500006889459061 0.001358651940982087 0.017294516431186624
v 0.004499996399041082 0.0016389300409568742 0.01794594277743533
v 0.004500000213738529 0.008827239455831418 0.02020049191100992
v 0.004500000213738529 0.004292659486574703 0.019488223047833264
v 0.004500000213738529 0.004378392904343111 0.01914292426434261
v 0.0032551802750808976 0.015720639975511104 0.017865265741132674
v 0.0032551802750808976 0.015695217878051178 0.020265131959246174
v 0.0033476227919838884 0.015499589702560608 0.02026305867118383
v 0.0034005088037121476 0.015410033957950493 0.017861872567753734
v 0.0033476227919838884 0.015499589702560608 0.02026305867118383
v 0.0034730295400363363 0.015220223196066314 0.02026020337014489
v 0.003522280145097782 0.015129103425503006 0.017859000100576283
v 0.0034730295400363363 0.015220223196066314 0.02026020337014489
v 0.0036044425292187914 0.014903519384636972 0.020256745346909355
v 0.0036044425292187914 0.014928940528422537 0.017856879128795855
v 0.0036044425292187914 0.014903519384636972 0.020256745346909355
v 0.003683128055035621 0.014701964122988416 0.02025460911633914
v 0.0037279161793400666 0.014609068610763616 0.01785338868063202
v 0.003683128055035621 0.014701964122988416 0.02025460911633914
v 0.0037888945948645596 0.01441461822310975 0.02025166989195637
v 0.0038299736411577506 0.014320342744083565 0.01785043229011074
v 0.0037888945948645596 0.01441461822310975 0.02025166989195637
v 0.003925735183258059 0.014004069039791352 0.020247321136867003
v 0.003936683603349004 0.01399446744631772 0.01784687699209031
v 0.003925735183258059 0.014004069039791352 0.020247321136867003
v 0.004023607445139408 0.013675437623120184 0.020243735321266998
v 0.004023607445139408 0.01370085972058011 0.01784387101050222
v 0.004023607445139408 0.013675437623120184 0.020243735321266998
v 0.004080970957995865 0.01346681181975396 0.020241526611445293
v 0.004113259987697236 0.013369871774561176 0.017840260399368812
v 0.004080970957995865 0.01346681181975396 0.020241526611445293
v 0.004156376559264206 0.013170042663507303 0.020238486297580183
v 0.004212852201289917 0.012948771138104892 0.017835799110704764
v 0.004156376559264206 0.013170042663507303 0.020238486297580183
v 0.004249908649125443 0.01274753726471623 0.02023401165747507
v 0.0042740690354048354 0.012648744230238656 0.017832724464562633
v 0.004249908649125443 0.01274753726471623 0.02023401165747507
v 0.004328764167397246 0.012322023976988344 0.020229502685092937
v 0.004334769931690073 0.012311257947119075 0.017829047096223904
v 0.004328764167397246 0.012322023976988344 0.020229502685092937
v 0.004380329340134546 0.01198304137879525 0.0202258081506157
v 0.004397583693523664 0.011883143035732463 0.017824511420959643
v 0.004380329340134546 0.01198304137879525 0.0202258081506157
v 0.004419306011297362 0.011679336148915925 0.0202226953574991
v 0.004432637902036794 0.011578917099651647 0.017821392905796873
v 0.004419306011297362 0.011679336148915925 0.0202226953574991
v 0.004453208181181554 0.01133810764760102 0.020218976027488456
v 0.004453208181181554 0.011363529745060946 0.01781911171672368
v 0.004453208181181554 0.01133810764760102 0.020218976027488456
v 0.0044700467325489695 0.011122396043727339 0.020216691023717814
v 0.004478590224318289 0.011021577404905508 0.017815384757318142
v 0.0044700467325489695 0.011122396043727339 0.020216691023717814
v 0.0044879176364129286 0.01081671193954748 0.020213557249765257
v 0.00449250957846453 0.010715683492366073 0.01781224907601686
v 0.0044879176364129286 0.01081671193954748 0.020213557249765257
v 0.004498127197292144 0.010473967095997466 0.020209822660964827
v 0.004498127197292144 0.01049938823978303 0.017809956442851327
v 0.004498127197292144 0.010473967095997466 0.020209822660964827
v 0.004500000213738529 0.010257606993557827 0.020207530027799292
v 0.004500000213738529 0.010257606993557827 0.020207530027799292
v 0.004500000213738529 0.010283029091017753 0.017807665717034515
v 0.004498127197292144 0.01049938823978303 0.017809956442851327
v 0.004498127197292144 0.010473967095997466 0.020209822660964827
v 0.004498127197292144 0.01049938823978303 0.017809956442851327
v 0.00449250957846453 0.010715683492366073 0.01781224907601686
v 0.0044879176364129286 0.01081671193954748 0.020213557249765257
v 0.00449250957846453 0.010715683492366073 0.01781224907601686
v 0.004478590224318289 0.011021577404905508 0.017815384757318142
v 0.0044700467325489695 0.011122396043727339 0.020216691023717814
v 0.004478590224318289 0.011021577404905508 0.017815384757318142
v 0.004453208181181554 0.011363529745060946 0.01781911171672368
v 0.004453208181181554 0.01133810764760102 0.020218976027488456
v 0.004453208181181554 0.011363529745060946 0.01781911171672368
v 0.004432637902036794 0.011578917099651647 0.017821392905796873
v 0.004419306011297362 0.011679336148915925 0.0202226953574991
v 0.004432637902036794 0.011578917099651647 0.017821392905796873
v 0.004397583693523664 0.011883143035732463 0.017824511420959643
v 0.004380329340134546 0.01198304137879525 0.0202258081506157
v 0.004397583693523664 0.011883143035732463 0.017824511420959643
v 0.004334769931690073 0.012311257947119075 0.017829047096223904
v 0.004328764167397246 0.012322023976988344 0.020229502685092937
v 0.004334769931690073 0.012311257947119075 0.017829047096223904
v 0.0042740690354048354 0.012648744230238656 0.017832724464562633
v 0.004249908649125443 0.01274753726471623 0.02023401165747507
v 0.0042740690354048354 0.012648744230238656 0.017832724464562633
v 0.004212852201289917 0.012948771138104892 0.017835799110704764
v 0.004156376559264206 0.013170042663507303 0.020238486297580183
v 0.004212852201289917 0.012948771138104892 0.017835799110704764
v 0.004113259987697236 0.013369871774561176 0.017840260399368812
v 0.004080970957995865 0.01346681181975396 0.020241526611445293
v 0.004113259987697236 0.013369871774561176 0.017840260399368812
v 0.004023607445139408 0.01370085972058011 0.01784387101050222
v 0.004023607445139408 0.013675437623120184 0.020243735321266998
v 0.004023607445139408 0.01370085972058011 0.01784387101050222
v 0.003936683603349004 0.01399446744631772 0.01784687699209031
v 0.003925735183258059 0.014004069039791352 0.020247321136867003
v 0.003936683603349004 0.01399446744631772 0.01784687699209031
v 0.0038299736411577506 0.014320342744083565 0.01785043229011074
v 0.0037888945948645596 0.01441461822310975 0.02025166989195637
v 0.0038299736411577506 0.014320342744083565 0.01785043229011074
v 0.0037279161793400666 0.014609068610763616 0.01785338868063202
v 0.003683128055035621 0.014701964122988416 0.02025460911633914
v 0.0037279161793400666 0.014609068610763616 0.01785338868063202
v 0.0036044425292187914 0.014928940528422537 0.017856879128795855
v 0.0036044425292187914 0.014903519384636972 0.020256745346909355
v 0.0036044425292187914 0.014928940528422537 0.017856879128795855
v 0.003522280145097782 0.015129103425503006 0.017859000100576283
v 0.0034730295400363363 0.015220223196066314 0.02026020337014489
v 0.003522280145097782 0.015129103425503006 0.017859000100576283
v 0.0034005088037121476 0.015410033957950493 0.017861872567753734
v 0.0033476227919838884 0.015499589702560608 0.02026305867118383
v 0.0034005088037121476 0.015410033957950493 0.017861872567753734
v 0.0032551802750808976 0.015720639975511104 0.017865265741132674
v 0.0036044425292187914 0.014903519384636972 0.020256745346909355
v 0.0031281549032180487 0.015264850387822222 0.02056058981324549
v 0.003469180271893911 0.014416702001590072 0.020551606200758243
v 0.0037888945948645596 0.01441461822310975 0.02025166989195637
v 0.003469180271893911 0.014416702001590072 0.020551606200758243
v 0.0036707565143784242 0.013805069625432159 0.020545125029796107
v 0.004080970957995865 0.01346681181975396 0.020241526611445293
v 0.0036707565143784242 0.013805069625432159 0.020545125029796107
v 0.0039575678797773555 0.012700782425459361 0.020533429167424178
v 0.004328764167397246 0.012322023976988344 0.020229502685092937
v 0.0039575678797773555 0.012700782425459361 0.020533429167424178
v 0.004134424405969337 0.011551894736612783 0.02052125837522012
v 0.0044700467325489695 0.011122396043727339 0.020216691023717814
v 0.004134424405969337 0.011551894736612783 0.02052125837522012
v 0.004197271546405588 0.010693803341485513 0.020512167951204363
v 0.004197271546405588 0.010693803341485513 0.020512167951204363
v 0.004500000213738529 0.010257606993557827 0.020207530027799292
v 0.004498127197292144 0.010473967095997466 0.020209822660964827
v 0.004197271546405588 0.010693803341485513 0.020512167951204363
v 0.004498127197292144 0.010473967095997466 0.020209822660964827
v 0.0044879176364129286 0.01081671193954748 0.020213557249765257
v 0.004197271546405588 0.010693803341485513 0.020512167951204363
v 0.0044879176364129286 0.01081671193954748 0.020213557249765257
v 0.0044700467325489695 0.011122396043727339 0.020216691023717814
v 0.004134424405969337 0.011551894736612783 0.02052125837522012
v 0.0044700467325489695 0.011122396043727339 0.020216691023717814
v 0.004453208181181554 0.01133810764760102 0.020218976027488456
v 0.004134424405969337 0.011551894736612783 0.02052125837522012
v 0.004453208181181554 0.01133810764760102 0.020218976027488456
v 0.004419306011297362 0.011679336148915925 0.0202226953574991
v 0.004134424405969337 0.011551894736612783 0.02052125837522012
v 0.004419306011297362 0.011679336148915925 0.0202226953574991
v 0.004380329340134546 0.01198304137879525 0.0202258081506157
v 0.004134424405969337 0.011551894736612783 0.02052125837522012
v 0.004380329340134546 0.01198304137879525 0.0202258081506157
v 0.004328764167397246 0.012322023976988344 0.020229502685092937
v 0.0039575678797773555 0.012700782425459361 0.020533429167424178
v 0.004328764167397246 0.012322023976988344 0.020229502685092937
v 0.004249908649125443 0.01274753726471623 0.02023401165747507
v 0.0039575678797773555 0.012700782425459361 0.020533429167424178
v 0.004249908649125443 0.01274753726471623 0.02023401165747507
v 0.004156376559264206 0.013170042663507303 0.020238486297580183
v 0.0039575678797773555 0.012700782425459361 0.020533429167424178
v 0.004156376559264206 0.013170042663507303 0.020238486297580183
v 0.004080970957995865 0.01346681181975396 0.020241526611445293
v 0.0036707565143784242 0.013805069625432159 0.020545125029796107
v 0.004080970957995865 0.01346681181975396 0.020241526611445293
v 0.004023607445139408 0.013675437623120184 0.020243735321266998
v 0.0036707565143784242 0.013805069625432159 0.020545125029796107
v 0.004023607445139408 0.013675437623120184 0.020243735321266998
v 0.003925735183258059 0.014004069039791352 0.020247321136867003
v 0.0036707565143784242 0.013805069625432159 0.020545125029796107
v 0.003925735183258059 0.014004069039791352 0.020247321136867003
v 0.0037888945948645596 0.01441461822310975 0.02025166989195637
v 0.003469180271893911 0.014416702001590072 0.020551606200758243
v 0.0037888945948645596 0.01441461822310975 0.02025166989195637
v 0.003683128055035621 0.014701964122988416 0.02025460911633914
v 0.003469180271893911 0.014416702001590072 0.020551606200758243
v 0.003683128055035621 0.014701964122988416 0.02025460911633914
v 0.0036044425292187914 0.014903519384636972 0.020256745346909355
v 0.0031281549032180487 0.015264850387822222 0.02056058981324549
v 0.0036044425292187914 0.014903519384636972 0.020256745346909355
v 0.0034730295400363363 0.015220223196066314 0.02026020337014489
v 0.0031281549032180487 0.015264850387822222 0.02056058981324549
v 0.0034730295400363363 0.015220223196066314 0.02026020337014489
v 0.0033476227919838884 0.015499589702560608 0.02026305867118383
v 0.0031281549032180487 0.015264850387822222 0.02056058981324549
v 0.0033476227919838884 0.015499589702560608 0.02026305867118383
v 0.0032551802750808976 0.015695217878051178 0.020265131959246174
v 0.0027005661816605062 0.01684312709700265 0.02027727414121938
v 0.0023188606409932358 0.016941649287961498 0.020578352951906576
v 0.0031281549032180487 0.015264850387822222 0.02056058981324549
v 0.0031281549032180487 0.015264850387822222 0.02056058981324549
v 0.0032551802750808976 0.015695217878051178 0.020265131959246174
v 0.0027005661816605062 0.01684312709700265 0.02027727414121938
v 0.00449250957846453 0.010715683492366073 0.01781224907601686
v 0.004198367318247185 0.01043607665993263 0.017509270546001154
v 0.0041835529407124854 0.010919454139556866 0.017514389869974778
v 0.004478590224318289 0.011021577404905508 0.017815384757318142
v 0.0041835529407124854 0.010919454139556866 0.017514389869974778
v 0.004141011911622803 0.011520531247879445 0.017520758507362233
v 0.004397583693523664 0.011883143035732463 0.017824511420959643
v 0.004141011911622803 0.011520531247879445 0.017520758507362233
v 0.003970626304393569 0.012667850142401021 0.017532910226079057
v 0.004113259987697236 0.013369871774561176 0.017840260399368812
v 0.003970626304393569 0.012667850142401021 0.017532910226079057
v 0.003687887128519111 0.013796164214242573 0.017544863580528647
v 0.0038299736411577506 0.014320342744083565 0.01785043229011074
v 0.003687887128519111 0.013796164214242573 0.017544863580528647
v 0.003377486150946267 0.014695864421770961 0.017554392694750787
v 0.003522280145097782 0.015129103425503006 0.017859000100576283
v 0.003377486150946267 0.014695864421770961 0.017554392694750787
v 0.003057287361399873 0.015443896073511494 0.01756231772869654
v 0.003057287361399873 0.015443896073511494 0.01756231772869654
v 0.0032551802750808976 0.015720639975511104 0.017865265741132674
v 0.0034005088037121476 0.015410033957950493 0.017861872567753734
v 0.003057287361399873 0.015443896073511494 0.01756231772869654
v 0.0034005088037121476 0.015410033957950493 0.017861872567753734
v 0.003522280145097782 0.015129103425503006 0.017859000100576283
v 0.003377486150946267 0.014695864421770961 0.017554392694750787
v 0.003522280145097782 0.015129103425503006 0.017859000100576283
v 0.0036044425292187914 0.014928940528422537 0.017856879128795855
v 0.003377486150946267 0.014695864421770961 0.017554392694750787
v 0.0036044425292187914 0.014928940528422537 0.017856879128795855
v 0.0037279161793400666 0.014609068610763616 0.01785338868063202
v 0.003377486150946267 0.014695864421770961 0.017554392694750787
v 0.0037279161793400666 0.014609068610763616 0.01785338868063202
v 0.0038299736411577506 0.014320342744083565 0.01785043229011074
v 0.003687887128519111 0.013796164214242573 0.017544863580528647
v 0.0038299736411577506 0.014320342744083565 0.01785043229011074
v 0.003936683603349004 0.01399446744631772 0.01784687699209031
v 0.003687887128519111 0.013796164214242573 0.017544863580528647
v 0.003936683603349004 0.01399446744631772 0.01784687699209031
v 0.004023607445139408 0.01370085972058011 0.01784387101050222
v 0.003687887128519111 0.013796164214242573 0.017544863580528647
v 0.004023607445139408 0.01370085972058011 0.01784387101050222
v 0.004113259987697236 0.013369871774561176 0.017840260399368812
v 0.003970626304393569 0.012667850142401021 0.017532910226079057
v 0.004113259987697236 0.013369871774561176 0.017840260399368812
v 0.004212852201289917 0.012948771138104892 0.017835799110704764
v 0.003970626304393569 0.012667850142401021 0.017532910226079057
v 0.004212852201289917 0.012948771138104892 0.017835799110704764
v 0.0042740690354048354 0.012648744230238656 0.017832724464562633
v 0.003970626304393569 0.012667850142401021 0.017532910226079057
v 0.0042740690354048354 0.012648744230238656 0.017832724464562633
v 0.004334769931690073 0.012311257947119075 0.017829047096223904
v 0.003970626304393569 0.012667850142401021 0.017532910226079057
v 0.004334769931690073 0.012311257947119075 0.017829047096223904
v 0.004397583693523664 0.011883143035732463 0.017824511420959643
v 0.004141011911622803 0.011520531247879445 0.017520758507362233
v 0.004397583693523664 0.011883143035732463 0.017824511420959643
v 0.004432637902036794 0.011578917099651647 0.017821392905796873
v 0.004141011911622803 0.011520531247879445 0.017520758507362233
v 0.004432637902036794 0.011578917099651647 0.017821392905796873
v 0.004453208181181554 0.011363529745060946 0.01781911171672368
v 0.004141011911622803 0.011520531247879445 0.017520758507362233
v 0.004453208181181554 0.011363529745060946 0.01781911171672368
v 0.004478590224318289 0.011021577404905508 0.017815384757318142
v 0.0041835529407124854 0.010919454139556866 0.017514389869974778
v 0.004478590224318289 0.011021577404905508 0.017815384757318142
v 0.00449250957846453 0.010715683492366073 0.01781224907601686
v 0.004198367318247185 0.01043607665993263 0.017509270546001154
v 0.00449250957846453 0.010715683492366073 0.01781224907601686
v 0.004498127197292144 0.01049938823978303 0.017809956442851327
v 0.004198367318247185 0.01043607665993263 0.017509270546001154
v 0.004498127197292144 0.01049938823978303 0.017809956442851327
v 0.004500000213738529 0.010283029091017753 0.017807665717034515
v 0.0032551802750808976 0.015720639975511104 0.017865265741132674
v 0.002690787681592781 0.016888878670831005 0.017877621546162903
v 0.0027005661816605062 0.01684312709700265 0.02027727414121938
v 0.0027005661816605062 0.01684312709700265 0.02027727414121938
v 0.0032551802750808976 0.015695217878051178 0.020265131959246174
v 0.0032551802750808976 0.015720639975511104 0.017865265741132674
v 0.0012000001046806592 0.022185914139711837 0.020633904483475796
v 0.0012043686485130318 0.021835053527343728 0.0206301889681626
v 0.0015018728492739713 0.021972731680245394 0.020331629765139025
v 0.0012043686485130318 0.021835053527343728 0.0206301889681626
v 0.001231316386533093 0.021273690280465562 0.020624241854843017
v 0.0015120810988509391 0.0216300211689724 0.02032789136164115
v 0.001231316386533093 0.021273690280465562 0.020624241854843017
v 0.0012958756108671914 0.02061222746523429 0.02061723425563322
v 0.0015673621445293211 0.020893202820376777 0.02032019330219348
v 0.0012958756108671914 0.02061222746523429 0.02061723425563322
v 0.001414044089723606 0.01984215639899479 0.02060907652514321
v 0.0016712348062852122 0.020124684335998132 0.02031194592631347
v 0.001414044089723606 0.01984215639899479 0.02060907652514321
v 0.0015792218004728735 0.019088381720248078 0.02060109236338703
v 0.0018151785997432687 0.019399960485657626 0.020304375659230267
v 0.0015792218004728735 0.019088381720248078 0.02060109236338703
v 0.0017567604422520635 0.01844786159399981 0.02059430601662915
v 0.0019763930782638875 0.018771262106797033 0.020297717104836854
v 0.0017567604422520635 0.01844786159399981 0.02059430601662915
v 0.0019673617820585567 0.017817273032554322 0.02058762648139978
v 0.002211087331888683 0.018032133958897363 0.020289778719450036
v 0.0019673617820585567 0.017817273032554322 0.02058762648139978
v 0.0023188606409932358 0.016941649287961498 0.020578352951906576
v 0.002395557755765914 0.017543179391605886 0.020284707079194497
v 0.0027005661816605062 0.01684312709700265 0.02027727414121938
v 0.0025269833811336615 0.017226448877294416 0.02028124333391279
v 0.0023188606409932358 0.016941649287961498 0.020578352951906576
v 0.0025269833811336615 0.017226448877294416 0.02028124333391279
v 0.002395557755765914 0.017543179391605886 0.020284707079194497
v 0.0023188606409932358 0.016941649287961498 0.020578352951906576
v 0.002395557755765914 0.017543179391605886 0.020284707079194497
v 0.0023168722299490843 0.01774473465325444 0.02028684140241599
v 0.0019673617820585567 0.017817273032554322 0.02058762648139978
v 0.0023168722299490843 0.01774473465325444 0.02028684140241599
v 0.002211087331888683 0.018032133958897363 0.020289778719450036
v 0.0019673617820585567 0.017817273032554322 0.02058762648139978
v 0.002211087331888683 0.018032133958897363 0.020289778719450036
v 0.002101910452542293 0.01835714427401714 0.02029333020277302
v 0.0017567604422520635 0.01844786159399981 0.02059430601662915
v 0.002101910452542293 0.01835714427401714 0.02029333020277302
v 0.002037359572858859 0.018563660549695278 0.020295517931758766
v 0.0017567604422520635 0.01844786159399981 0.02059430601662915
v 0.002037359572858859 0.018563660549695278 0.020295517931758766
v 0.0019763930782638875 0.018771262106797033 0.020297717104836854
v 0.0017567604422520635 0.01844786159399981 0.02059430601662915
v 0.0019763930782638875 0.018771262106797033 0.020297717104836854
v 0.0018958546823715635 0.019066708516704008 0.02030073834521473
v 0.0015792218004728735 0.019088381720248078 0.02060109236338703
v 0.0018958546823715635 0.019066708516704008 0.02030073834521473
v 0.0018151785997432687 0.019399960485657626 0.020304375659230267
v 0.0015792218004728735 0.019088381720248078 0.02060109236338703
v 0.0018151785997432687 0.019399960485657626 0.020304375659230267
v 0.0017500834104178927 0.019699200612175456 0.020307438861280058
v 0.001414044089723606 0.01984215639899479 0.02060907652514321
v 0.0017500834104178927 0.019699200612175456 0.020307438861280058
v 0.0016712348062852122 0.020124684335998132 0.02031194592631347
v 0.001414044089723606 0.01984215639899479 0.02060907652514321
v 0.0016712348062852122 0.020124684335998132 0.02031194592631347
v 0.0016071600485268588 0.020552655242556127 0.020316477786880283
v 0.0012958756108671914 0.02061222746523429 0.02061723425563322
v 0.0016071600485268588 0.020552655242556127 0.020316477786880283
v 0.0015673621445293211 0.020893202820376777 0.02032019330219348
v 0.0012958756108671914 0.02061222746523429 0.02061723425563322
v 0.0015673621445293211 0.020893202820376777 0.02032019330219348
v 0.0015389171377613857 0.021198124938741635 0.02032331753940242
v 0.001231316386533093 0.021273690280465562 0.020624241854843017
v 0.0015389171377613857 0.021198124938741635 0.02032331753940242
v 0.0015120810988509391 0.0216300211689724 0.02032789136164115
v 0.001231316386533093 0.021273690280465562 0.020624241854843017
v 0.0015120810988509391 0.0216300211689724 0.02032789136164115
v 0.0015018728492739713 0.021972731680245394 0.020331629765139025
v 0.0012043686485130318 0.021835053527343728 0.0206301889681626
v 0.0015018728492739713 0.021972731680245394 0.020331629765139025
v 0.0015000000712461763 0.022189091782685032 0.02033392239830456
v 0.0012000001046806592 0.022185914139711837 0.020633904483475796
v 0.0039575678797773555 0.012700782425459361 0.020533429167424178
v 0.0021417296950036737 0.012861066475430843 0.020535124800439286
v 0.0022999125619377328 0.012339212050009324 0.02052959539649013
v -0.0022999936242584776 0.012252457246999532 0.02052867796175417
v -0.004141009527436899 0.011488772937960362 0.020520588895818204
v -0.004198410710430643 0.010683262378765606 0.020512055417629682
v -0.0022999936242584776 0.012252457246999532 0.02052867796175417
v -0.004027394486029732 0.012295014011716182 0.02052913000340162
v -0.004141009527436899 0.011488772937960362 0.020520588895818204
v 0.0022999125619377328 0.012339212050009324 0.02052959539649013
v 0.002300000061560419 0.00945844027621712 0.02049908163161307
v 0.004197271546405588 0.010693803341485513 0.020512167951204363
v 0.0021417296950036737 0.012861066475430843 0.020535124800439286
v 0.0039575678797773555 0.012700782425459361 0.020533429167424178
v 0.0036707565143784242 0.013805069625432159 0.020545125029796107
v 0.0013192439705891894 0.013732428249301215 0.020544356368260575
v 0.0018264059695850118 0.013346482910840401 0.02054026701259759
v 0.0031281549032180487 0.015264850387822222 0.02056058981324549
v -0.0005497765206160033 0.013915224736255066 0.020546292327214832
v -0.0012306726563389432 0.021300370274408575 0.02062452414245408
v -0.001265018642429213 0.02088530448931315 0.02062012770364663
v -0.004198410710430643 0.010683262378765606 0.020512055417629682
v -0.002300017942954701 0.009298973525173618 0.02049742414557243
v -0.0022999936242584776 0.012252457246999532 0.02052867796175417
v 0.004197271546405588 0.010693803341485513 0.020512167951204363
v 0.004134424405969337 0.011551894736612783 0.02052125837522012
v 0.0022999125619377328 0.012339212050009324 0.02052959539649013
v -0.0012000001046806592 0.040190217973385976 0.0208246260043754
v -0.0005497765206160033 0.013915224736255066 0.020546292327214832
v -0.0005000000237487254 0.013915660565438364 0.020546298049261003
v -0.001205550608675068 0.021769314846242793 0.020629490878529833
v -0.0012306726563389432 0.021300370274408575 0.02062452414245408
v -0.0005497765206160033 0.013915224736255066 0.020546292327214832
v -0.0005497765206160033 0.013915224736255066 0.020546292327214832
v -0.0012000001046806592 0.022185914139711837 0.020633904483475796
v -0.001205550608675068 0.021769314846242793 0.020629490878529833
v -0.0007528158783853125 0.013899635975138663 0.02054612829522462
v -0.0016213764722367706 0.01892400640726489 0.02059935095400256
v -0.0018729251320652443 0.01807871904411785 0.020590395951746165
v 0.002300000061560419 0.00945844027621712 0.02049908163161307
v 0.004200000008754421 0.00945844027621712 0.02049908163161307
v 0.004197271546405588 0.010693803341485513 0.020512167951204363
v 0.0036707565143784242 0.013805069625432159 0.020545125029796107
v 0.003469180271893911 0.014416702001590072 0.020551606200758243
v 0.0018264059695850118 0.013346482910840401 0.02054026701259759
v 0.003469180271893911 0.014416702001590072 0.020551606200758243
v 0.0031281549032180487 0.015264850387822222 0.02056058981324549
v 0.0018264059695850118 0.013346482910840401 0.02054026701259759
v 0.0031281549032180487 0.015264850387822222 0.02056058981324549
v 0.0023188606409932358 0.016941649287961498 0.020578352951906576
v 0.0013192439705891894 0.013732428249301215 0.020544356368260575
v 0.0019673617820585567 0.017817273032554322 0.02058762648139978
v 0.0017567604422520635 0.01844786159399981 0.02059430601662915
v 0.0008232131395338734 0.013888650600166202 0.020546010039603768
v -0.0005000000237487254 0.013915660565438364 0.020546298049261003
v 0.0012000001046806592 0.040190217973385976 0.0208246260043754
v -0.0012000001046806592 0.040190217973385976 0.0208246260043754
v -0.0005000000237487254 0.013915660565438364 0.020546298049261003
v 0.0005141334777891691 0.013915659611764003 0.020546298049261003
v 0.0012000001046806592 0.040190217973385976 0.0208246260043754
v -0.001265018642429213 0.02088530448931315 0.02062012770364663
v -0.001349812690951343 0.020225337035481027 0.02061313536322662
v -0.0007528158783853125 0.013899635975138663 0.02054612829522462
v -0.0007528158783853125 0.013899635975138663 0.02054612829522462
v -0.001349812690951343 0.020225337035481027 0.02061313536322662
v -0.0014687387448788357 0.01957090661499295 0.02060620405796576
v -0.0007528158783853125 0.013899635975138663 0.02054612829522462
v -0.0014687387448788357 0.01957090661499295 0.02060620405796576
v -0.0016213764722367706 0.01892400640726489 0.02059935095400256
v -0.0022999936242584776 0.012252457246999532 0.02052867796175417
v -0.0038544117850949893 0.013152685790124302 0.020538214705371205
v -0.004027394486029732 0.012295014011716182 0.02052913000340162
v -0.004198410710430643 0.010683262378765606 0.020512055417629682
v -0.004200073918517453 0.009246653996016211 0.02049728490911562
v -0.002300017942954701 0.009298973525173618 0.02049742414557243
v 0.0018264059695850118 0.013346482910840401 0.02054026701259759
v 0.0021417296950036737 0.012861066475430843 0.020535124800439286
v 0.0036707565143784242 0.013805069625432159 0.020545125029796107
v 0.001231316386533093 0.021273690280465562 0.020624241854843017
v 0.0012043686485130318 0.021835053527343728 0.0206301889681626
v 0.0006301654876567777 0.013911138241615167 0.020546250365542917
v 0.0005141334777891691 0.013915659611764003 0.020546298049261003
v 0.0006301654876567777 0.013911138241615167 0.020546250365542917
v 0.0012000001046806592 0.022185914139711837 0.020633904483475796
v -0.0005497765206160033 0.013915224736255066 0.020546292327214832
v -0.0012000001046806592 0.040190217973385976 0.0208246260043754
v -0.0012000001046806592 0.022185914139711837 0.020633904483475796
v -0.0010006807325731166 0.013843311013662101 0.020545531295074193
v -0.0018729251320652443 0.01807871904411785 0.020590395951746165
v -0.0022314523326270866 0.017146216253244313 0.020580517792707642
v -0.00156104047560418 0.013588848759449329 0.020542834303979296
v -0.003139997631441681 0.015240213164361978 0.020560328506470382
v -0.003559528519898601 0.01416639490657124 0.020548953078683985
v 0.0023188606409932358 0.016941649287961498 0.020578352951906576
v 0.0019673617820585567 0.017817273032554322 0.02058762648139978
v 0.0013192439705891894 0.013732428249301215 0.020544356368260575
v 0.0008232131395338734 0.013888650600166202 0.020546010039603768
v 0.0013192439705891894 0.013732428249301215 0.020544356368260575
v 0.0019673617820585567 0.017817273032554322 0.02058762648139978
v 0.0017567604422520635 0.01844786159399981 0.02059430601662915
v 0.0015792218004728735 0.019088381720248078 0.02060109236338703
v 0.0008232131395338734 0.013888650600166202 0.020546010039603768
v 0.0015792218004728735 0.019088381720248078 0.02060109236338703
v 0.001414044089723606 0.01984215639899479 0.02060907652514321
v 0.0008232131395338734 0.013888650600166202 0.020546010039603768
v 0.0006301654876567777 0.013911138241615167 0.020546250365542917
v 0.001414044089723606 0.01984215639899479 0.02060907652514321
v 0.0012958756108671914 0.02061222746523429 0.02061723425563322
v 0.0006301654876567777 0.013911138241615167 0.020546250365542917
v 0.0008232131395338734 0.013888650600166202 0.020546010039603768
v 0.001414044089723606 0.01984215639899479 0.02060907652514321
v 0.0012000001046806592 0.022185914139711837 0.020633904483475796
v 0.0012000001046806592 0.040190217973385976 0.0208246260043754
v 0.0005141334777891691 0.013915659611764003 0.020546298049261003
v -0.0018729251320652443 0.01807871904411785 0.020590395951746165
v -0.0010006807325731166 0.013843311013662101 0.020545531295074193
v -0.0007528158783853125 0.013899635975138663 0.02054612829522462
v -0.003559528519898601 0.01416639490657124 0.020548953078683985
v -0.00200385103206746 0.013111879017861377 0.020537783644559715
v -0.00156104047560418 0.013588848759449329 0.020542834303979296
v -0.00156104047560418 0.013588848759449329 0.020542834303979296
v -0.0024746958000673716 0.016617800548214275 0.020574921631553167
v -0.003139997631441681 0.015240213164361978 0.020560328506470382
v -0.002191101893546237 0.01274274505104867 0.020533871672328008
v -0.003559528519898601 0.01416639490657124 0.020548953078683985
v -0.0038544117850949893 0.013152685790124302 0.020538214705371205
v -0.001265018642429213 0.02088530448931315 0.02062012770364663
v -0.0007528158783853125 0.013899635975138663 0.02054612829522462
v -0.0005497765206160033 0.013915224736255066 0.020546292327214832
v -0.003559528519898601 0.01416639490657124 0.020548953078683985
v -0.002191101893546237 0.01274274505104867 0.020533871672328008
v -0.00200385103206746 0.013111879017861377 0.020537783644559715
v -0.0022999936242584776 0.012252457246999532 0.02052867796175417
v -0.002191101893546237 0.01274274505104867 0.020533871672328008
v -0.0038544117850949893 0.013152685790124302 0.020538214705371205
v 0.0012958756108671914 0.02061222746523429 0.02061723425563322
v 0.001231316386533093 0.021273690280465562 0.020624241854843017
v 0.0006301654876567777 0.013911138241615167 0.020546250365542917
v -0.0010006807325731166 0.013843311013662101 0.020545531295074193
v -0.0022314523326270866 0.017146216253244313 0.020580517792707642
v -0.0024746958000673716 0.016617800548214275 0.020574921631553167
v 0.0012043686485130318 0.021835053527343728 0.0206301889681626
v 0.0012000001046806592 0.022185914139711837 0.020633904483475796
v 0.0006301654876567777 0.013911138241615167 0.020546250365542917
v -0.0024746958000673716 0.016617800548214275 0.020574921631553167
v -0.00156104047560418 0.013588848759449329 0.020542834303979296
v -0.0010006807325731166 0.013843311013662101 0.020545531295074193
v 0.004134424405969337 0.011551894736612783 0.02052125837522012
v 0.0039575678797773555 0.012700782425459361 0.020533429167424178
v 0.0022999125619377328 0.012339212050009324 0.02052959539649013
v 0.0032551802750808976 0.015720639975511104 0.017865265741132674
v 0.003057287361399873 0.015443896073511494 0.01756231772869654
v 0.0024746958000673716 0.016649578885294954 0.017575089335748473
v 0.0024746958000673716 0.016649578885294954 0.017575089335748473
v 0.002690787681592781 0.016888878670831005 0.017877621546162903
v 0.0032551802750808976 0.015720639975511104 0.017865265741132674
v 0.0025269833811336615 0.017226448877294416 0.02028124333391279
v 0.0027005661816605062 0.01684312709700265 0.02027727414121938
v 0.002690787681592781 0.016888878670831005 0.017877621546162903
v 0.002395557755765914 0.017543179391605886 0.020284707079194497
v 0.0025269833811336615 0.017226448877294416 0.02028124333391279
v 0.0025124627353023663 0.017285570965673853 0.017881951227765036
v 0.0023168722299490843 0.01774473465325444 0.02028684140241599
v 0.002395557755765914 0.017543179391605886 0.020284707079194497
v 0.002395557755765914 0.017568602442740174 0.017884840861080997
v 0.002211087331888683 0.018032133958897363 0.020289778719450036
v 0.0023168722299490843 0.01774473465325444 0.02028684140241599
v 0.0022720974570857025 0.017888436213424626 0.017888337031291
v 0.002101910452542293 0.01835714427401714 0.02029333020277302
v 0.002211087331888683 0.018032133958897363 0.020289778719450036
v 0.0021700266438269547 0.018177199273404783 0.017891287699766112
v 0.002037359572858859 0.018563660549695278 0.020295517931758766
v 0.002101910452542293 0.01835714427401714 0.02029333020277302
v 0.002101910452542293 0.01838256732515143 0.01789346398465952
v 0.0019763930782638875 0.018771262106797033 0.020297717104836854
v 0.002037359572858859 0.018563660549695278 0.020295517931758766
v 0.002037359572858859 0.018589081693480843 0.017895651713645266
v 0.0018958546823715635 0.019066708516704008 0.02030073834521473
v 0.0019763930782638875 0.018771262106797033 0.020297717104836854
v 0.0019420072762690163 0.018918406431412967 0.01789924897333761
v 0.0018151785997432687 0.019399960485657626 0.020304375659230267
v 0.0018958546823715635 0.019066708516704008 0.02030073834521473
v 0.00186528596200941 0.019214896161071644 0.017902281657807828
v 0.0017500834104178927 0.019699200612175456 0.020307438861280058
v 0.0018151785997432687 0.019399960485657626 0.020304375659230267
v 0.001787151063927169 0.019548760388965476 0.017905924693869535
v 0.0016712348062852122 0.020124684335998132 0.02031194592631347
v 0.0017500834104178927 0.019699200612175456 0.020307438861280058
v 0.001702195009972845 0.019973053927184743 0.017910420314810604
v 0.0016071600485268588 0.020552655242556127 0.020316477786880283
v 0.0016712348062852122 0.020124684335998132 0.02031194592631347
v 0.0016319742977904943 0.020400046363847634 0.017914942638633802
v 0.0015673621445293211 0.020893202820376777 0.02032019330219348
v 0.0016071600485268588 0.020552655242556127 0.020316477786880283
v 0.00159165759494019 0.020703625708711215 0.017918051617052955
v 0.0015389171377613857 0.021198124938741635 0.02032331753940242
v 0.0015673621445293211 0.020893202820376777 0.02032019330219348
v 0.0015544564270202753 0.021044467018235268 0.017921769039714874
v 0.0015120810988509391 0.0216300211689724 0.02032789136164115
v 0.0015389171377613857 0.021198124938741635 0.02032331753940242
v 0.0015299537908543264 0.021349724829975446 0.017924895184272538
v 0.0015018728492739713 0.021972731680245394 0.020331629765139025
v 0.0015120810988509391 0.0216300211689724 0.02032789136164115
v 0.0015104962112710834 0.02169203861271397 0.017928629773072968
v 0.0015000000712461763 0.022189091782685032 0.02033392239830456
v 0.0015018728492739713 0.021972731680245394 0.020331629765139025
v 0.0015018728492739713 0.02199815473137968 0.017931763547025525
v 0.0015018728492739713 0.02199815473137968 0.017931763547025525
v 0.0015000000712461763 0.022214512926470597 0.01793405618019106
v 0.0015000000712461763 0.022189091782685032 0.02033392239830456
v 0.0015104962112710834 0.02169203861271397 0.017928629773072968
v 0.0015018728492739713 0.02199815473137968 0.017931763547025525
v 0.0015018728492739713 0.021972731680245394 0.020331629765139025
v 0.0015299537908543264 0.021349724829975446 0.017924895184272538
v 0.0015104962112710834 0.02169203861271397 0.017928629773072968
v 0.0015120810988509391 0.0216300211689724 0.02032789136164115
v 0.0015544564270202753 0.021044467018235268 0.017921769039714874
v 0.0015299537908543264 0.021349724829975446 0.017924895184272538
v 0.0015389171377613857 0.021198124938741635 0.02032331753940242
v 0.00159165759494019 0.020703625708711215 0.017918051617052955
v 0.0015544564270202753 0.021044467018235268 0.017921769039714874
v 0.0015673621445293211 0.020893202820376777 0.02032019330219348
v 0.0016319742977904943 0.020400046363847634 0.017914942638633802
v 0.00159165759494019 0.020703625708711215 0.017918051617052955
v 0.0016071600485268588 0.020552655242556127 0.020316477786880283
v 0.001702195009972845 0.019973053927184743 0.017910420314810604
v 0.0016319742977904943 0.020400046363847634 0.017914942638633802
v 0.0016712348062852122 0.020124684335998132 0.02031194592631347
v 0.001787151063927169 0.019548760388965476 0.017905924693869535
v 0.001702195009972845 0.019973053927184743 0.017910420314810604
v 0.0017500834104178927 0.019699200612175456 0.020307438861280058
v 0.00186528596200941 0.019214896161071644 0.017902281657807828
v 0.001787151063927169 0.019548760388965476 0.017905924693869535
v 0.0018151785997432687 0.019399960485657626 0.020304375659230267
v 0.0019420072762690163 0.018918406431412967 0.01789924897333761
v 0.00186528596200941 0.019214896161071644 0.017902281657807828
v 0.0018958546823715635 0.019066708516704008 0.02030073834521473
v 0.002037359572858859 0.018589081693480843 0.017895651713645266
v 0.0019420072762690163 0.018918406431412967 0.01789924897333761
v 0.0019763930782638875 0.018771262106797033 0.020297717104836854
v 0.002101910452542293 0.01838256732515143 0.01789346398465952
v 0.002037359572858859 0.018589081693480843 0.017895651713645266
v 0.002037359572858859 0.018563660549695278 0.020295517931758766
v 0.0021700266438269547 0.018177199273404783 0.017891287699766112
v 0.002101910452542293 0.01838256732515143 0.01789346398465952
v 0.002101910452542293 0.01835714427401714 0.02029333020277302
v 0.0022720974570857025 0.017888436213424626 0.017888337031291
v 0.0021700266438269547 0.018177199273404783 0.017891287699766112
v 0.002211087331888683 0.018032133958897363 0.020289778719450036
v 0.002395557755765914 0.017568602442740174 0.017884840861080997
v 0.0022720974570857025 0.017888436213424626 0.017888337031291
v 0.0023168722299490843 0.01774473465325444 0.02028684140241599
v 0.0025124627353023663 0.017285570965673853 0.017881951227765036
v 0.002395557755765914 0.017568602442740174 0.017884840861080997
v 0.002395557755765914 0.017543179391605886 0.020284707079194497
v 0.002690787681592781 0.016888878670831005 0.017877621546162903
v 0.0025124627353023663 0.017285570965673853 0.017881951227765036
v 0.0025269833811336615 0.017226448877294416 0.02028124333391279
v 0.0012000001046806592 0.022185914139711837 0.020633904483475796
v 0.0015000000712461763 0.022189091782685032 0.02033392239830456
v 0.0015000000712461763 0.04019339561635917 0.020524642011855443
v 0.0015000000712461763 0.04019339561635917 0.020524642011855443
v 0.0012000001046806592 0.040190217973385976 0.0208246260043754
v 0.0012000001046806592 0.022185914139711837 0.020633904483475796
v 0.0015000009057112428 0.04062136652291717 0.020533333799988007
v 0.0014999994751997002 0.04158614165419074 0.02058369734302956
v 0.0011998643252934117 0.04118480115050895 0.020858605421882892
v 0.0014999994751997002 0.04158614165419074 0.02058369734302956
v 0.0012000468347243827 0.0419754925637972 0.020923249284816592
v 0.0011998643252934117 0.04118480115050895 0.020858605421882892
v 0.0014999994751997002 0.04158614165419074 0.02058369734302956
v 0.0014987699505288742 0.04292744268225459 0.02073641494061529
v 0.0012000036809595156 0.042327375515081055 0.02096180252456281
v 0.00120000332333163 0.04055636026372602 0.020831307446953495
v 0.0015000000712461763 0.04019339561635917 0.020524642011855443
v 0.0015000009057112428 0.04062136652291717 0.020533333799988007
v 0.00120000332333163 0.04055636026372602 0.020831307446953495
v 0.0012000001046806592 0.040190217973385976 0.0208246260043754
v 0.0015000000712461763 0.04019339561635917 0.020524642011855443
v 0.0011998332116673611 0.04269877064380536 0.02100908379206734
v 0.0012000036809595156 0.042327375515081055 0.02096180252456281
v 0.0014987699505288742 0.04292744268225459 0.02073641494061529
v 0.0012000036809595156 0.042327375515081055 0.02096180252456281
v 0.0012000468347243827 0.0419754925637972 0.020923249284816592
v 0.0014999994751997002 0.04158614165419074 0.02058369734302956
v 0.0011998643252934117 0.04118480115050895 0.020858605421882892
v 0.00120000332333163 0.04055636026372602 0.020831307446953495
v 0.0015000009057112428 0.04062136652291717 0.020533333799988007
v 0.0024746958000673716 0.016649578885294954 0.017575089335748473
v 0.0022779503950620663 0.017073555803626135 0.017579581141992096
v 0.002690787681592781 0.016888878670831005 0.017877621546162903
v 0.0022779503950620663 0.017073555803626135 0.017579581141992096
v 0.002026285029333579 0.017690064316795436 0.01758611190402104
v 0.002395557755765914 0.017568602442740174 0.017884840861080997
v 0.002026285029333579 0.017690064316795436 0.01758611190402104
v 0.0018451175373988124 0.018204165369656307 0.017591557384626366
v 0.0021700266438269547 0.018177199273404783 0.017891287699766112
v 0.0018451175373988124 0.018204165369656307 0.017591557384626366
v 0.0016482046433337332 0.01885138982666735 0.017598414303287013
v 0.002037359572858859 0.018589081693480843 0.017895651713645266
v 0.0016482046433337332 0.01885138982666735 0.017598414303287013
v 0.0014446659774314246 0.019715094549087604 0.017607561947764472
v 0.001787151063927169 0.019548760388965476 0.017905924693869535
v 0.0014446659774314246 0.019715094549087604 0.017607561947764472
v 0.0013177155882152646 0.020476758022154328 0.017615631940213206
v 0.0016319742977904943 0.020400046363847634 0.017914942638633802
v 0.0013177155882152646 0.020476758022154328 0.017615631940213206
v 0.0012584469916120105 0.02100098137469032 0.017621184232347042
v 0.0015544564270202753 0.021044467018235268 0.017921769039714874
v 0.0012584469916120105 0.02100098137469032 0.017621184232347042
v 0.0012146790604559972 0.021579693865556592 0.017627316358492795
v 0.0015299537908543264 0.021349724829975446 0.017924895184272538
v 0.0012146790604559972 0.021579693865556592 0.017627316358492795
v 0.0012019178246127494 0.02199613866377904 0.01763172614874131
v 0.0015018728492739713 0.02199815473137968 0.017931763547025525
v 0.0012019178246127494 0.02199613866377904 0.01763172614874131
v 0.0012000001046806592 0.022217692476792516 0.0176340721876711
v 0.0015000000712461763 0.022214512926470597 0.01793405618019106
v 0.0015000000712461763 0.022214512926470597 0.01793405618019106
v 0.0015018728492739713 0.02199815473137968 0.017931763547025525
v 0.0012019178246127494 0.02199613866377904 0.01763172614874131
v 0.0015018728492739713 0.02199815473137968 0.017931763547025525
v 0.0015104962112710834 0.02169203861271397 0.017928629773072968
v 0.0012146790604559972 0.021579693865556592 0.017627316358492795
v 0.0015104962112710834 0.02169203861271397 0.017928629773072968
v 0.0015299537908543264 0.021349724829975446 0.017924895184272538
v 0.0012146790604559972 0.021579693865556592 0.017627316358492795
v 0.0015299537908543264 0.021349724829975446 0.017924895184272538
v 0.0015544564270202753 0.021044467018235268 0.017921769039714874
v 0.0012584469916120105 0.02100098137469032 0.017621184232347042
v 0.0015544564270202753 0.021044467018235268 0.017921769039714874
v 0.00159165759494019 0.020703625708711215 0.017918051617052955
v 0.0013177155882152646 0.020476758022154328 0.017615631940213206
v 0.00159165759494019 0.020703625708711215 0.017918051617052955
v 0.0016319742977904943 0.020400046363847634 0.017914942638633802
v 0.0013177155882152646 0.020476758022154328 0.017615631940213206
v 0.0016319742977904943 0.020400046363847634 0.017914942638633802
v 0.001702195009972845 0.019973053927184743 0.017910420314810604
v 0.0014446659774314246 0.019715094549087604 0.017607561947764472
v 0.001702195009972845 0.019973053927184743 0.017910420314810604
v 0.001787151063927169 0.019548760388965476 0.017905924693869535
v 0.0014446659774314246 0.019715094549087604 0.017607561947764472
v 0.001787151063927169 0.019548760388965476 0.017905924693869535
v 0.00186528596200941 0.019214896161071644 0.017902281657807828
v 0.0016482046433337332 0.01885138982666735 0.017598414303287013
v 0.00186528596200941 0.019214896161071644 0.017902281657807828
v 0.0019420072762690163 0.018918406431412967 0.01789924897333761
v 0.0016482046433337332 0.01885138982666735 0.017598414303287013
v 0.0019420072762690163 0.018918406431412967 0.01789924897333761
v 0.002037359572858859 0.018589081693480843 0.017895651713645266
v 0.0016482046433337332 0.01885138982666735 0.017598414303287013
v 0.002037359572858859 0.018589081693480843 0.017895651713645266
v 0.002101910452542293 0.01838256732515143 0.01789346398465952
v 0.0018451175373988124 0.018204165369656307 0.017591557384626366
v 0.002101910452542293 0.01838256732515143 0.01789346398465952
v 0.0021700266438269547 0.018177199273404783 0.017891287699766112
v 0.0018451175373988124 0.018204165369656307 0.017591557384626366
v 0.0021700266438269547 0.018177199273404783 0.017891287699766112
v 0.0022720974570857025 0.017888436213424626 0.017888337031291
v 0.002026285029333579 0.017690064316795436 0.01758611190402104
v 0.0022720974570857025 0.017888436213424626 0.017888337031291
v 0.002395557755765914 0.017568602442740174 0.017884840861080997
v 0.002026285029333579 0.017690064316795436 0.01758611190402104
v 0.002395557755765914 0.017568602442740174 0.017884840861080997
v 0.0025124627353023663 0.017285570965673853 0.017881951227765036
v 0.0022779503950620663 0.017073555803626135 0.017579581141992096
v 0.0025124627353023663 0.017285570965673853 0.017881951227765036
v 0.002690787681592781 0.016888878670831005 0.017877621546162903
v 0.0022779503950620663 0.017073555803626135 0.017579581141992096
v -0.002300000061560419 0.012147538762096738 0.017527399895617135
v -0.002300000061560419 0.009490217659623438 0.017499249335808376
v -0.004177159507791626 0.011024847554291789 0.017515507576326694
v 0.0007673396832629308 0.013929450696708595 0.017546275018583968
v 0.0013177155882152646 0.020476758022154328 0.017615631940213206
v 0.0014446659774314246 0.019715094549087604 0.017607561947764472
v -0.0012000001046806592 0.04022199440311793 0.017824793708570708
v 0.0005000000237487254 0.013947437948844682 0.01754646575345631
v -0.0005000000237487254 0.013947437948844682 0.01754646575345631
v 0.0012000001046806592 0.04022199440311793 0.017824793708570708
v 0.0005497566722683503 0.013947266287459575 0.017546463846107585
v 0.0005000000237487254 0.013947437948844682 0.01754646575345631
v 0.0012146790604559972 0.021579693865556592 0.017627316358492795
v 0.0007673396832629308 0.013929450696708595 0.017546275018583968
v 0.0005497566722683503 0.013947266287459575 0.017546463846107585
v 0.0012146790604559972 0.021579693865556592 0.017627316358492795
v 0.0012584469916120105 0.02100098137469032 0.017621184232347042
v 0.0007673396832629308 0.013929450696708595 0.017546275018583968
v 0.0005497566722683503 0.013947266287459575 0.017546463846107585
v 0.0012000001046806592 0.022217692476792516 0.0176340721876711
v 0.0012019178246127494 0.02199613866377904 0.01763172614874131
v -0.004197937211110057 0.01045268299159297 0.017509446022083708
v -0.004177159507791626 0.011024847554291789 0.017515507576326694
v -0.002300000061560419 0.009490217659623438 0.017499249335808376
v 0.0005000000237487254 0.013947437948844682 0.01754646575345631
v -0.0012000001046806592 0.04022199440311793 0.017824793708570708
v 0.0012000001046806592 0.04022199440311793 0.017824793708570708
v -0.0005000000237487254 0.013947437948844682 0.01754646575345631
v -0.0005495978258824791 0.013946755118001702 0.017546458124061415
v -0.0012000001046806592 0.04022199440311793 0.017824793708570708
v 0.0005497566722683503 0.013947266287459575 0.017546463846107585
v 0.0012000001046806592 0.04022199440311793 0.017824793708570708
v 0.0012000001046806592 0.022217692476792516 0.0176340721876711
v 0.0012019178246127494 0.02199613866377904 0.01763172614874131
v 0.0012146790604559972 0.021579693865556592 0.017627316358492795
v 0.0005497566722683503 0.013947266287459575 0.017546463846107585
v 0.0012584469916120105 0.02100098137469032 0.017621184232347042
v 0.0013177155882152646 0.020476758022154328 0.017615631940213206
v 0.0007673396832629308 0.013929450696708595 0.017546275018583968
v 0.002299969782399435 0.012307563412641836 0.017529095528632244
v 0.003970626304393569 0.012667850142401021 0.017532910226079057
v 0.004141011911622803 0.011520531247879445 0.017520758507362233
v -0.0005991580174835932 0.01394470471812404 0.017546437143225457
v -0.0007198361500274777 0.013934941953683283 0.017546334146394393
v -0.0012479150887985398 0.021111258555831524 0.017622351529765767
v -0.0005495978258824791 0.013946755118001702 0.017546458124061415
v -0.0005991580174835932 0.01394470471812404 0.017546437143225457
v -0.0012000001046806592 0.022217692476792516 0.0176340721876711
v 0.002299969782399435 0.012307563412641836 0.017529095528632244
v 0.004141011911622803 0.011520531247879445 0.017520758507362233
v 0.0041835529407124854 0.010919454139556866 0.017514389869974778
v -0.004177159507791626 0.011024847554291789 0.017515507576326694
v -0.004131444650426195 0.011563669753956734 0.017521214363707127
v -0.002300000061560419 0.012147538762096738 0.017527399895617135
v -0.0012479150887985398 0.021111258555831524 0.017622351529765767
v -0.001224180756540238 0.021424178187393627 0.017625666501847048
v -0.0005991580174835932 0.01394470471812404 0.017546437143225457
v 0.0010793524301117015 0.013854592981361052 0.01754548156151503
v 0.002026285029333579 0.017690064316795436 0.01758611190402104
v 0.0022779503950620663 0.017073555803626135 0.017579581141992096
v 0.002300000061560419 0.009490217659623438 0.017499249335808376
v 0.0041835529407124854 0.010919454139556866 0.017514389869974778
v 0.004198367318247185 0.01043607665993263 0.017509270546001154
v -0.002300000061560419 0.009490217659623438 0.017499249335808376
v -0.004200000008754421 0.009490217659623438 0.017499249335808376
v -0.004197937211110057 0.01045268299159297 0.017509446022083708
v -0.004024408531603239 0.01234305058931518 0.01752946936898203
v -0.003863391106047607 0.013141639379992692 0.017537930367919063
v -0.002269970286421923 0.012525615333399137 0.01753140532793629
v -0.0007198361500274777 0.013934941953683283 0.017546334146394393
v -0.0011096662810006898 0.013848186196999129 0.01754541480430971
v -0.0017567295670446034 0.018479739113214107 0.017594477535521902
v -0.001522742820586897 0.019361620868968428 0.017603817822220424
v -0.001453262636546409 0.019686608295903525 0.017607260586666174
v -0.0007198361500274777 0.013934941953683283 0.017546334146394393
v 0.0007673396832629308 0.013929450696708595 0.017546275018583968
v 0.0014446659774314246 0.019715094549087604 0.017607561947764472
v 0.0016482046433337332 0.01885138982666735 0.017598414303287013
v 0.0007673396832629308 0.013929450696708595 0.017546275018583968
v 0.0016482046433337332 0.01885138982666735 0.017598414303287013
v 0.0018451175373988124 0.018204165369656307 0.017591557384626366
v 0.0020225816733684945 0.013112610486096804 0.017537623284774595
v 0.003377486150946267 0.014695864421770961 0.017554392694750787
v 0.003687887128519111 0.013796164214242573 0.017544863580528647
v 0.0041835529407124854 0.010919454139556866 0.017514389869974778
v 0.002300000061560419 0.009490217659623438 0.017499249335808376
v 0.002299969782399435 0.012307563412641836 0.017529095528632244
v -0.004024408531603239 0.01234305058931518 0.01752946936898203
v -0.002269970286421923 0.012525615333399137 0.01753140532793629
v -0.002300000061560419 0.012147538762096738 0.017527399895617135
v -0.00204453764136081 0.0176349514754326 0.017585528255311678
v -0.0017567295670446034 0.018479739113214107 0.017594477535521902
v -0.0011096662810006898 0.013848186196999129 0.01754541480430971
v -0.0013580078531600503 0.020204955107022703 0.01761275184364086
v -0.001281418145962359 0.020780621561977696 0.017618851544858316
v -0.0007198361500274777 0.013934941953683283 0.017546334146394393
v -0.001224180756540238 0.021424178187393627 0.017625666501847048
v -0.001204794225696942 0.021885396089549324 0.017630553129276416
v -0.0005991580174835932 0.01394470471812404 0.017546437143225457
v 0.0007673396832629308 0.013929450696708595 0.017546275018583968
v 0.0018451175373988124 0.018204165369656307 0.017591557384626366
v 0.002026285029333579 0.017690064316795436 0.01758611190402104
v 0.0010793524301117015 0.013854592981361052 0.01754548156151503
v 0.0022779503950620663 0.017073555803626135 0.017579581141992096
v 0.0024746958000673716 0.016649578885294954 0.017575089335748473
v 0.0015048447370036293 0.013634917906840132 0.017543156503421198
v 0.0024746958000673716 0.016649578885294954 0.017575089335748473
v 0.003057287361399873 0.015443896073511494 0.01756231772869654
v 0.003377486150946267 0.014695864421770961 0.017554392694750787
v 0.0020225816733684945 0.013112610486096804 0.017537623284774595
v 0.0018103915120754035 0.01338388792665513 0.017540495751952045
v -0.003863391106047607 0.013141639379992692 0.017537930367919063
v -0.0020151117805118626 0.013148461966376318 0.017538004754519276
v -0.002269970286421923 0.012525615333399137 0.01753140532793629
v -0.0024045704553211913 0.016800223194818338 0.017576685786629964
v -0.0011096662810006898 0.013848186196999129 0.01754541480430971
v -0.0015230489500570037 0.013632193259188746 0.017543127893190347
v -0.0017567295670446034 0.018479739113214107 0.017594477535521902
v -0.0016053337621241969 0.019020445773417778 0.01760020339638957
v -0.0007198361500274777 0.013934941953683283 0.017546334146394393
v -0.001453262636546409 0.019686608295903525 0.017607260586666174
v -0.0013580078531600503 0.020204955107022703 0.01761275184364086
v -0.0007198361500274777 0.013934941953683283 0.017546334146394393
v -0.001204794225696942 0.021885396089549324 0.017630553129276416
v -0.0012000001046806592 0.022217692476792516 0.0176340721876711
v -0.0005991580174835932 0.01394470471812404 0.017546437143225457
v -0.003863391106047607 0.013141639379992692 0.017537930367919063
v -0.0035419372810412113 0.01426100321794966 0.01754978644758376
v -0.0020151117805118626 0.013148461966376318 0.017538004754519276
v -0.00308760896089305 0.015380941167872371 0.017561652063992073
v -0.0015230489500570037 0.013632193259188746 0.017543127893190347
v -0.0020151117805118626 0.013148461966376318 0.017538004754519276
v -0.0024045704553211913 0.016800223194818338 0.017576685786629964
v -0.00204453764136081 0.0176349514754326 0.017585528255311678
v -0.0011096662810006898 0.013848186196999129 0.01754541480430971
v -0.001281418145962359 0.020780621561977696 0.017618851544858316
v -0.0012479150887985398 0.021111258555831524 0.017622351529765767
v -0.0007198361500274777 0.013934941953683283 0.017546334146394393
v 0.002026285029333579 0.017690064316795436 0.01758611190402104
v 0.0010793524301117015 0.013854592981361052 0.01754548156151503
v 0.0007673396832629308 0.013929450696708595 0.017546275018583968
v 0.0024746958000673716 0.016649578885294954 0.017575089335748473
v 0.0015048447370036293 0.013634917906840132 0.017543156503421198
v 0.0010793524301117015 0.013854592981361052 0.01754548156151503
v 0.003687887128519111 0.013796164214242573 0.017544863580528647
v 0.003970626304393569 0.012667850142401021 0.017532910226079057
v 0.0021950722783325985 0.012763175616899441 0.017533921120902463
v 0.002299969782399435 0.012307563412641836 0.017529095528632244
v 0.0021950722783325985 0.012763175616899441 0.017533921120902463
v 0.003970626304393569 0.012667850142401021 0.017532910226079057
v 0.004198367318247185 0.01043607665993263 0.017509270546001154
v 0.004200000008754421 0.009490217659623438 0.017499249335808376
v 0.002300000061560419 0.009490217659623438 0.017499249335808376
v -0.0035419372810412113 0.01426100321794966 0.01754978644758376
v -0.00308760896089305 0.015380941167872371 0.017561652063992073
v -0.0020151117805118626 0.013148461966376318 0.017538004754519276
v -0.0012000001046806592 0.022217692476792516 0.0176340721876711
v -0.0012000001046806592 0.04022199440311793 0.017824793708570708
v -0.0005495978258824791 0.013946755118001702 0.017546458124061415
v 0.0015048447370036293 0.013634917906840132 0.017543156503421198
v 0.003057287361399873 0.015443896073511494 0.01756231772869654
v 0.003377486150946267 0.014695864421770961 0.017554392694750787
v 0.003377486150946267 0.014695864421770961 0.017554392694750787
v 0.0018103915120754035 0.01338388792665513 0.017540495751952045
v 0.0015048447370036293 0.013634917906840132 0.017543156503421198
v 0.0021950722783325985 0.012763175616899441 0.017533921120902463
v 0.0020225816733684945 0.013112610486096804 0.017537623284774595
v 0.003687887128519111 0.013796164214242573 0.017544863580528647
v -0.0016053337621241969 0.019020445773417778 0.01760020339638957
v -0.001522742820586897 0.019361620868968428 0.017603817822220424
v -0.0007198361500274777 0.013934941953683283 0.017546334146394393
v -0.00308760896089305 0.015380941167872371 0.017561652063992073
v -0.0024045704553211913 0.016800223194818338 0.017576685786629964
v -0.0015230489500570037 0.013632193259188746 0.017543127893190347
v -0.004131444650426195 0.011563669753956734 0.017521214363707127
v -0.004024408531603239 0.01234305058931518 0.01752946936898203
v -0.002300000061560419 0.012147538762096738 0.017527399895617135
v 0.0012000001046806592 0.04022199440311793 0.017824793708570708
v 0.0015000000712461763 0.040218816760144736 0.018124777701090666
v 0.0015000000712461763 0.022214512926470597 0.01793405618019106
v 0.0015000000712461763 0.022214512926470597 0.01793405618019106
v 0.0012000001046806592 0.022217692476792516 0.0176340721876711
v 0.0012000001046806592 0.04022199440311793 0.017824793708570708
v 0.0015000000712461763 0.022214512926470597 0.01793405618019106
v 0.0015000000712461763 0.042730249527136464 0.018811795174518142
v 0.0015000000712461763 0.04268883335695641 0.01909849829787702
v 0.0015000000712461763 0.022214512926470597 0.01793405618019106
v 0.0015000000712461763 0.04268883335695641 0.01909849829787702
v 0.0015000000712461763 0.04268068134851257 0.01938704392010271
v 0.0015000000712461763 0.042730249527136464 0.018811795174518142
v 0.0015000000712461763 0.022214512926470597 0.01793405618019106
v 0.0015000000712461763 0.040218816760144736 0.018124777701090666
v 0.0015000000712461763 0.042730249527136464 0.018811795174518142
v 0.0015000000712461763 0.040218816760144736 0.018124777701090666
v 0.0014999994751997002 0.04116168026928382 0.018117779638624487
v 0.0015000000712461763 0.04268068134851257 0.01938704392010271
v 0.0015000000712461763 0.022189091782685032 0.02033392239830456
v 0.0015000000712461763 0.022214512926470597 0.01793405618019106
v 0.001499999952036881 0.04271007359234027 0.01981323717765049
v 0.001500008892734022 0.04277263081577056 0.020164113048808385
v 0.0015000000712461763 0.04019339561635917 0.020524642011855443
v 0.0015000000712461763 0.04268355763038747 0.019495093317934975
v 0.001499999952036881 0.04271007359234027 0.01981323717765049
v 0.0015000000712461763 0.022189091782685032 0.02033392239830456
v 0.0014987699505288742 0.04292744268225459 0.02073641494061529
v 0.0014999994751997002 0.04158614165419074 0.02058369734302956
v 0.001500008892734022 0.04277263081577056 0.020164113048808385
v 0.0014999994751997002 0.04158614165419074 0.02058369734302956
v 0.0015000009057112428 0.04062136652291717 0.020533333799988007
v 0.001500008892734022 0.04277263081577056 0.020164113048808385
v 0.0015000009057112428 0.04062136652291717 0.020533333799988007
v 0.0015000000712461763 0.04019339561635917 0.020524642011855443
v 0.001500008892734022 0.04277263081577056 0.020164113048808385
v 0.0015000000712461763 0.04019339561635917 0.020524642011855443
v 0.0015000000712461763 0.022189091782685032 0.02033392239830456
v 0.001499999952036881 0.04271007359234027 0.01981323717765049
v 0.0015000000712461763 0.04268068134851257 0.01938704392010271
v 0.0015000000712461763 0.04268355763038747 0.019495093317934975
v 0.0015000000712461763 0.022189091782685032 0.02033392239830456
v 0.0014999994751997002 0.04116168026928382 0.018117779638624487
v 0.0015000106808734503 0.04234129153136703 0.01803711404641417
v 0.0015000000712461763 0.042730249527136464 0.018811795174518142
v 0.001227990208778062 0.043373369369694735 0.021111937571977046
v 0.0014987699505288742 0.04292744268225459 0.02073641494061529
v 0.0015283194314169573 0.043390920792647523 0.0208359117867718
v 0.0015283194314169573 0.043390920792647523 0.0208359117867718
v 0.0015819074666847254 0.04373067682074796 0.020913638154599345
v 0.001227990208778062 0.043373369369694735 0.021111937571977046
v 0.0015424167650409514 0.044669809555784055 0.021381245674978455
v 0.0014661133985703616 0.0444214727519965 0.021323296606063913
v 0.001878737062044055 0.04486931441755495 0.02124309259224466
v 0.001878737062044055 0.04486931441755495 0.02124309259224466
v 0.0017000071617778022 0.04533410478386959 0.021553734849431017
v 0.0016273868856921108 0.04494169448691079 0.021448823040248755
v 0.0017262136564002294 0.04432781430028234 0.021073462533528486
v 0.0014661133985703616 0.0444214727519965 0.021323296606063913
v 0.0015819074666847254 0.04373067682074796 0.020913638154599345
v 0.0017262136564002294 0.04432781430028234 0.021073462533528486
v 0.001878737062044055 0.04486931441755495 0.02124309259224466
v 0.0014661133985703616 0.0444214727519965 0.021323296606063913
v 0.0013735072073050435 0.044099558063854814 0.021252141054588503
v 0.0015819074666847254 0.04373067682074796 0.020913638154599345
v 0.0014661133985703616 0.0444214727519965 0.021323296606063913
v 0.0016273868856921108 0.04494169448691079 0.021448823040248755
v 0.0015424167650409514 0.044669809555784055 0.021381245674978455
v 0.001878737062044055 0.04486931441755495 0.02124309259224466
v 0.001227990208778062 0.043373369369694735 0.021111937571977046
v 0.0011998332116673611 0.04269877064380536 0.02100908379206734
v 0.0014987699505288742 0.04292744268225459 0.02073641494061529
v 0.0013735072073050435 0.044099558063854814 0.021252141054588503
v 0.001227990208778062 0.043373369369694735 0.021111937571977046
v 0.0015819074666847254 0.04373067682074796 0.020913638154599345
v 0.0015000106808734503 0.04234129153136703 0.01803711404641417
v 0.0012000034425409252 0.042362104520636844 0.017732870944194845
v 0.00119595819431717 0.042924265039281394 0.017671641235476043
v 0.0015000106808734503 0.04234129153136703 0.01803711404641417
v 0.0012003033731276809 0.04183965500241362 0.01777784431974405
v 0.0012000034425409252 0.042362104520636844 0.017732870944194845
v 0.0012003033731276809 0.04183965500241362 0.01777784431974405
v 0.0015000106808734503 0.04234129153136703 0.01803711404641417
v 0.0014999994751997002 0.04116168026928382 0.018117779638624487
v 0.0014999994751997002 0.04116168026928382 0.018117779638624487
v 0.0012000001046806592 0.040342370995749575 0.01782557381419858
v 0.001199620423075406 0.04091245082629371 0.017821288001617086
v 0.0014999994751997002 0.04116168026928382 0.018117779638624487
v 0.0015000000712461763 0.040218816760144736 0.018124777701090666
v 0.0012000001046806592 0.040342370995749575 0.01782557381419858
v 0.0015000000712461763 0.040218816760144736 0.018124777701090666
v 0.0012000001046806592 0.04022199440311793 0.017824793708570708
v 0.0012000001046806592 0.040342370995749575 0.01782557381419858
v 0.0014992993590089148 0.043019792692744495 0.017957842726120665
v 0.0015000106808734503 0.04234129153136703 0.01803711404641417
v 0.00119595819431717 0.042924265039281394 0.017671641235476043
v 0.001199620423075406 0.04091245082629371 0.017821288001617086
v 0.0012003033731276809 0.04183965500241362 0.01777784431974405
v 0.0014999994751997002 0.04116168026928382 0.018117779638624487
v 0.0017513749239222295 0.044480440345129345 0.017625798108908963
v 0.0013579594541861938 0.04408685130665948 0.017489769812653044
v 0.0014792295204854582 0.04451596662245152 0.017405714861761235
v 0.0014792295204854582 0.04451596662245152 0.017405714861761235
v 0.0016134250930367737 0.04494430373996441 0.017310765134961326
v 0.0018813622891432338 0.04490239165911627 0.017508963462856686
v 0.0016134250930367737 0.04494430373996441 0.017310765134961326
v 0.0017000085922893448 0.045214731456666456 0.017246098383842945
v 0.0018813622891432338 0.04490239165911627 0.017508963462856686
v 0.0017000085922893448 0.045214731456666456 0.017246098383842945
v 0.0016134250930367737 0.04494430373996441 0.017310765134961326
v 0.0016580202174922697 0.04508965515678034 0.017276543484165963
v 0.0012597426774416797 0.043624090359386546 0.017570635676479318
v 0.001533746792209411 0.04348061577371445 0.01787167443284332
v 0.00119595819431717 0.042924265039281394 0.017671641235476043
v 0.0013579594541861938 0.04408685130665948 0.017489769812653044
v 0.0015933110278647932 0.04382731455116808 0.017794566046002158
v 0.0012597426774416797 0.043624090359386546 0.017570635676479318
v 0.0014992993590089148 0.043019792692744495 0.017957842726120665
v 0.00119595819431717 0.042924265039281394 0.017671641235476043
v 0.001533746792209411 0.04348061577371445 0.01787167443284332
v 0.001533746792209411 0.04348061577371445 0.01787167443284332
v 0.0012597426774416797 0.043624090359386546 0.017570635676479318
v 0.0015933110278647932 0.04382731455116808 0.017794566046002158
v 0.0013579594541861938 0.04408685130665948 0.017489769812653044
v 0.0017513749239222295 0.044480440345129345 0.017625798108908963
v 0.0015933110278647932 0.04382731455116808 0.017794566046002158
v 0.0018813622891432338 0.04490239165911627 0.017508963462856686
v 0.0017513749239222295 0.044480440345129345 0.017625798108908963
v 0.0014792295204854582 0.04451596662245152 0.017405714861761235
v 0.002000000810250673 0.04509938263526971 0.017584626079365506
v 0.0020000000949949017 0.044698396898450475 0.01809228410823871
v 0.0018813622891432338 0.04490239165911627 0.017508963462856686
v 0.0020000000949949017 0.044698396898450475 0.01809228410823871
v 0.0020000000949949017 0.044470766272404226 0.018583270001920615
v 0.0018373412766534833 0.044338117798086184 0.01818683138445798
v 0.0020000000949949017 0.044470766272404226 0.018583270001920615
v 0.0019999992605298353 0.044353929719003225 0.019108517600721076
v 0.0018530106232534501 0.04417239589690427 0.01874378484108763
v 0.001999994611367322 0.04436393567040622 0.01985278796077905
v 0.0019999199863485187 0.04458057996780564 0.02045467664598344
v 0.0018573922801082962 0.04420203609606601 0.020154408458503692
v 0.001999994611367322 0.04436393567040622 0.01985278796077905
v 0.0018573922801082962 0.04420203609606601 0.020154408458503692
v 0.001810386743703595 0.04403228968907771 0.019747561439057426
v 0.0019999199863485187 0.04458057996780564 0.02045467664598344
v 0.00199989829025679 0.04483397887510512 0.02087436012233823
v 0.0017262136564002294 0.04432781430028234 0.021073462533528486
v 0.001810386743703595 0.04403228968907771 0.019747561439057426
v 0.0018573922801082962 0.04420203609606601 0.020154408458503692
v 0.0017469741935801496 0.04401747721889173 0.02032129765710433
v 0.0018373412766534833 0.044338117798086184 0.01818683138445798
v 0.001648347813697284 0.0438676359031809 0.018148085502490696
v 0.0017513749239222295 0.044480440345129345 0.017625798108908963
v 0.0018373412766534833 0.044338117798086184 0.01818683138445798
v 0.0018530106232534501 0.04417239589690427 0.01874378484108763
v 0.0016889654008087056 0.04381138437463019 0.018700480395671404
v 0.0016889654008087056 0.04381138437463019 0.018700480395671404
v 0.001833008257191084 0.04407459086906542 0.019070433568760814
v 0.0016701027948178703 0.04369503991719983 0.019121298744516624
v 0.001810386743703595 0.04403228968907771 0.019747561439057426
v 0.0017469741935801496 0.04401747721889173 0.02032129765710433
v 0.001702421865261635 0.0437765332987561 0.019712717992578233
v 0.0016701027948178703 0.04369503991719983 0.019121298744516624
v 0.001702421865261635 0.0437765332987561 0.019712717992578233
v 0.0016212218577808795 0.04353450600454558 0.019614869095718745
v 0.0017469741935801496 0.04401747721889173 0.02032129765710433
v 0.0016560800862126795 0.043883119760117516 0.020628821399127917
v 0.0016268275556789718 0.04365925805514872 0.02026604748663341
v 0.0017513749239222295 0.044480440345129345 0.017625798108908963
v 0.001648347813697284 0.0438676359031809 0.018148085502490696
v 0.0015933110278647932 0.04382731455116808 0.017794566046002158
v 0.001648347813697284 0.0438676359031809 0.018148085502490696
v 0.0016889654008087056 0.04381138437463019 0.018700480395671404
v 0.0015963327450798503 0.043520841758291094 0.018620837142376834
v 0.0016889654008087056 0.04381138437463019 0.018700480395671404
v 0.0016701027948178703 0.04369503991719983 0.019121298744516624
v 0.0015963327450798503 0.043520841758291094 0.018620837142376834
v 0.0016212218577808795 0.04353450600454558 0.019614869095718745
v 0.001702421865261635 0.0437765332987561 0.019712717992578233
v 0.0016268275556789718 0.04365925805514872 0.02026604748663341
v 0.0016701027948178703 0.04369503991719983 0.019121298744516624
v 0.0016212218577808795 0.04353450600454558 0.019614869095718745
v 0.0015728839190835835 0.043348001631673426 0.01923542304803294
v 0.0016212218577808795 0.04353450600454558 0.019614869095718745
v 0.0016268275556789718 0.04365925805514872 0.02026604748663341
v 0.0015535668872593965 0.0433826886755573 0.020365111364629707
v 0.0015933110278647932 0.04382731455116808 0.017794566046002158
v 0.001648347813697284 0.0438676359031809 0.018148085502490696
v 0.001533746792209411 0.04348061577371445 0.01787167443284332
v 0.0016212218577808795 0.04353450600454558 0.019614869095718745
v 0.0015535668872593965 0.0433826886755573 0.020365111364629707
v 0.0015389134422732341 0.04320178427853707 0.019895127287741232
v 0.0015963327450798503 0.043520841758291094 0.018620837142376834
v 0.0015728839190835835 0.043348001631673426 0.01923542304803294
v 0.0015316224825687168 0.04316359152769957 0.018783003745538318
v 0.0015535668872593965 0.0433826886755573 0.020365111364629707
v 0.0015819074666847254 0.04373067682074796 0.020913638154599345
v 0.0015283194314169573 0.043390920792647523 0.0208359117867718
v 0.0015316224825687168 0.04316359152769957 0.018783003745538318
v 0.0015108569385983977 0.042980203762641465 0.01997648906223559
v 0.0015044601678172724 0.04284300053957193 0.01903513617328545
v 0.0015085546494799506 0.043073675294180734 0.020479449291203045
v 0.0015283194314169573 0.043390920792647523 0.0208359117867718
v 0.0014987699505288742 0.04292744268225459 0.02073641494061529
v 0.001533746792209411 0.04348061577371445 0.01787167443284332
v 0.0015316224825687168 0.04316359152769957 0.018783003745538318
v 0.0014992993590089148 0.043019792692744495 0.017957842726120665
v 0.0015044601678172724 0.04284300053957193 0.01903513617328545
v 0.0015108569385983977 0.042980203762641465 0.01997648906223559
v 0.001500008892734022 0.04277263081577056 0.020164113048808385
v 0.0015085546494799506 0.043073675294180734 0.020479449291203045
v 0.0014987699505288742 0.04292744268225459 0.02073641494061529
v 0.001500008892734022 0.04277263081577056 0.020164113048808385
v 0.0015044601678172724 0.04284300053957193 0.01903513617328545
v 0.001500008892734022 0.04277263081577056 0.020164113048808385
v 0.0015000000712461763 0.04268355763038747 0.019495093317934975
v 0.0015000000712461763 0.04268883335695641 0.01909849829787702
v 0.0015000000712461763 0.042730249527136464 0.018811795174518142
v 0.0015044601678172724 0.04284300053957193 0.01903513617328545
v 0.0015000000712461763 0.04268068134851257 0.01938704392010271
v 0.0015000000712461763 0.04268883335695641 0.01909849829787702
v 0.0015044601678172724 0.04284300053957193 0.01903513617328545
v 0.0015000000712461763 0.04268355763038747 0.019495093317934975
v 0.0015000000712461763 0.04268068134851257 0.01938704392010271
v 0.0015044601678172724 0.04284300053957193 0.01903513617328545
v 0.001499999952036881 0.04271007359234027 0.01981323717765049
v 0.0015000000712461763 0.04268355763038747 0.019495093317934975
v 0.001500008892734022 0.04277263081577056 0.020164113048808385
v 0.0015000000712461763 0.042730249527136464 0.018811795174518142
v 0.0015000106808734503 0.04234129153136703 0.01803711404641417
v 0.0014992993590089148 0.043019792692744495 0.017957842726120665
v 0.0015000000712461763 0.042730249527136464 0.018811795174518142
v 0.0014992993590089148 0.043019792692744495 0.017957842726120665
v 0.0015044601678172724 0.04284300053957193 0.01903513617328545
v 0.0015085546494799506 0.043073675294180734 0.020479449291203045
v 0.001500008892734022 0.04277263081577056 0.020164113048808385
v 0.0015108569385983977 0.042980203762641465 0.01997648906223559
v 0.0015044601678172724 0.04284300053957193 0.01903513617328545
v 0.0014992993590089148 0.043019792692744495 0.017957842726120665
v 0.0015316224825687168 0.04316359152769957 0.018783003745538318
v 0.0015085546494799506 0.043073675294180734 0.020479449291203045
v 0.0015108569385983977 0.042980203762641465 0.01997648906223559
v 0.0015389134422732341 0.04320178427853707 0.019895127287741232
v 0.0015283194314169573 0.043390920792647523 0.0208359117867718
v 0.0015085546494799506 0.043073675294180734 0.020479449291203045
v 0.0015535668872593965 0.0433826886755573 0.020365111364629707
v 0.0015085546494799506 0.043073675294180734 0.020479449291203045
v 0.0015389134422732341 0.04320178427853707 0.019895127287741232
v 0.0015535668872593965 0.0433826886755573 0.020365111364629707
v 0.0015389134422732341 0.04320178427853707 0.019895127287741232
v 0.0015108569385983977 0.042980203762641465 0.01997648906223559
v 0.0015728839190835835 0.043348001631673426 0.01923542304803294
v 0.0015108569385983977 0.042980203762641465 0.01997648906223559
v 0.0015316224825687168 0.04316359152769957 0.018783003745538318
v 0.0015728839190835835 0.043348001631673426 0.01923542304803294
v 0.0015316224825687168 0.04316359152769957 0.018783003745538318
v 0.001533746792209411 0.04348061577371445 0.01787167443284332
v 0.0015963327450798503 0.043520841758291094 0.018620837142376834
v 0.0015963327450798503 0.043520841758291094 0.018620837142376834
v 0.001533746792209411 0.04348061577371445 0.01787167443284332
v 0.001648347813697284 0.0438676359031809 0.018148085502490696
v 0.0015819074666847254 0.04373067682074796 0.020913638154599345
v 0.0015535668872593965 0.0433826886755573 0.020365111364629707
v 0.0016268275556789718 0.04365925805514872 0.02026604748663341
v 0.0016212218577808795 0.04353450600454558 0.019614869095718745
v 0.0015389134422732341 0.04320178427853707 0.019895127287741232
v 0.0015728839190835835 0.043348001631673426 0.01923542304803294
v 0.0015728839190835835 0.043348001631673426 0.01923542304803294
v 0.0015963327450798503 0.043520841758291094 0.018620837142376834
v 0.0016701027948178703 0.04369503991719983 0.019121298744516624
v 0.0015819074666847254 0.04373067682074796 0.020913638154599345
v 0.0016268275556789718 0.04365925805514872 0.02026604748663341
v 0.0016560800862126795 0.043883119760117516 0.020628821399127917
v 0.0017262136564002294 0.04432781430028234 0.021073462533528486
v 0.0015819074666847254 0.04373067682074796 0.020913638154599345
v 0.0016560800862126795 0.043883119760117516 0.020628821399127917
v 0.0016268275556789718 0.04365925805514872 0.02026604748663341
v 0.001702421865261635 0.0437765332987561 0.019712717992578233
v 0.0017469741935801496 0.04401747721889173 0.02032129765710433
v 0.0016889654008087056 0.04381138437463019 0.018700480395671404
v 0.001648347813697284 0.0438676359031809 0.018148085502490696
v 0.0018373412766534833 0.044338117798086184 0.01818683138445798
v 0.0016560800862126795 0.043883119760117516 0.020628821399127917
v 0.0017469741935801496 0.04401747721889173 0.02032129765710433
v 0.0017262136564002294 0.04432781430028234 0.021073462533528486
v 0.001702421865261635 0.0437765332987561 0.019712717992578233
v 0.0016701027948178703 0.04369503991719983 0.019121298744516624
v 0.001833008257191084 0.04407459086906542 0.019070433568760814
v 0.001810386743703595 0.04403228968907771 0.019747561439057426
v 0.001702421865261635 0.0437765332987561 0.019712717992578233
v 0.0018354203380704223 0.044060159868624126 0.019345290149198613
v 0.001702421865261635 0.0437765332987561 0.019712717992578233
v 0.001833008257191084 0.04407459086906542 0.019070433568760814
v 0.0018354203380704223 0.044060159868624126 0.019345290149198613
v 0.0016889654008087056 0.04381138437463019 0.018700480395671404
v 0.0018530106232534501 0.04417239589690427 0.01874378484108763
v 0.001833008257191084 0.04407459086906542 0.019070433568760814
v 0.001878737062044055 0.04486931441755495 0.02124309259224466
v 0.0017262136564002294 0.04432781430028234 0.021073462533528486
v 0.00199989829025679 0.04483397887510512 0.02087436012233823
v 0.0017262136564002294 0.04432781430028234 0.021073462533528486
v 0.0017469741935801496 0.04401747721889173 0.02032129765710433
v 0.0018573922801082962 0.04420203609606601 0.020154408458503692
v 0.0017262136564002294 0.04432781430028234 0.021073462533528486
v 0.0018573922801082962 0.04420203609606601 0.020154408458503692
v 0.0019999199863485187 0.04458057996780564 0.02045467664598344
v 0.0018354203380704223 0.044060159868624126 0.019345290149198613
v 0.001833008257191084 0.04407459086906542 0.019070433568760814
v 0.0019999992605298353 0.044353929719003225 0.019108517600721076
v 0.001810386743703595 0.04403228968907771 0.019747561439057426
v 0.0018354203380704223 0.044060159868624126 0.019345290149198613
v 0.0019999992605298353 0.044353929719003225 0.019108517600721076
v 0.0019999992605298353 0.044353929719003225 0.019108517600721076
v 0.001833008257191084 0.04407459086906542 0.019070433568760814
v 0.0018530106232534501 0.04417239589690427 0.01874378484108763
v 0.0020000017639250347 0.04508326935325437 0.021174214415145
v 0.001878737062044055 0.04486931441755495 0.02124309259224466
v 0.00199989829025679 0.04483397887510512 0.02087436012233823
v 0.001810386743703595 0.04403228968907771 0.019747561439057426
v 0.0019999992605298353 0.044353929719003225 0.019108517600721076
v 0.001999994611367322 0.04436393567040622 0.01985278796077905
v 0.0018530106232534501 0.04417239589690427 0.01874378484108763
v 0.0018373412766534833 0.044338117798086184 0.01818683138445798
v 0.0020000000949949017 0.044470766272404226 0.018583270001920615
v 0.0018373412766534833 0.044338117798086184 0.01818683138445798
v 0.0017513749239222295 0.044480440345129345 0.017625798108908963
v 0.0020000000949949017 0.044698396898450475 0.01809228410823871
v 0.0017513749239222295 0.044480440345129345 0.017625798108908963
v 0.0018813622891432338 0.04490239165911627 0.017508963462856686
v 0.0020000000949949017 0.044698396898450475 0.01809228410823871
v 0.0019999999757856065 0.04580608585487147 0.02137735086888526
v 0.0017000001284293847 0.0455905134874546 0.021627049519661323
v 0.0017000071617778022 0.04533410478386959 0.021553734849431017
v 0.0017000071617778022 0.04533410478386959 0.021553734849431017
v 0.0020000017639250347 0.04508326935325437 0.021174214415145
v 0.0019999999757856065 0.04580608585487147 0.02137735086888526
v 0.0019999999757856065 0.04580608585487147 0.02137735086888526
v 0.0017000001284293847 0.04586523655348176 0.02170950801967164
v 0.0017000001284293847 0.045700529361820695 0.021659556463954344
v 0.0019999999757856065 0.04580608585487147 0.02137735086888526
v 0.0020000000949949017 0.04637908011426497 0.021551438401568035
v 0.0017001161190736268 0.046154245661447234 0.021800047956223034
v 0.0017000071617778022 0.04533410478386959 0.021553734849431017
v 0.001878737062044055 0.04486931441755495 0.02124309259224466
v 0.0020000017639250347 0.04508326935325437 0.021174214415145
v 0.0017001161190736268 0.046154245661447234 0.021800047956223034
v 0.0017000001284293847 0.04586523655348176 0.02170950801967164
v 0.0019999999757856065 0.04580608585487147 0.02137735086888526
v 0.0017000001284293847 0.045700529361820695 0.021659556463954344
v 0.0017000001284293847 0.0455905134874546 0.021627049519661323
v 0.0019999999757856065 0.04580608585487147 0.02137735086888526
v 0.0019999999757856065 0.04583343723556512 0.017395150057182285
v 0.0017000034662896506 0.04546399904663103 0.01718298612193414
v 0.0016999760481517516 0.04584810093255067 0.017079201555847412
v 0.0019999999757856065 0.04583343723556512 0.017395150057182285
v 0.002000000810250673 0.04509938263526971 0.017584626079365506
v 0.0017000034662896506 0.04546399904663103 0.01718298612193414
v 0.0019999999757856065 0.04583343723556512 0.017395150057182285
v 0.0016999760481517516 0.04584810093255067 0.017079201555847412
v 0.001700023255032656 0.046195066738825584 0.016979018064150475
v 0.001700023255032656 0.046195066738825584 0.016979018064150475
v 0.0020000017639250347 0.046448923409818675 0.017223496301470576
v 0.0019999999757856065 0.04583343723556512 0.017395150057182285
v 0.002000000810250673 0.04509938263526971 0.017584626079365506
v 0.0018813622891432338 0.04490239165911627 0.017508963462856686
v 0.0017000085922893448 0.045214731456666456 0.017246098383842945
v 0.0017000085922893448 0.045214731456666456 0.017246098383842945
v 0.0017000034662896506 0.04546399904663103 0.01718298612193414
v 0.002000000810250673 0.04509938263526971 0.017584626079365506
v 0.00200000462494812 0.04693860849167122 0.02159769923750554
v 0.001999997472390407 0.0465459197217988 0.020923098604267443
v 0.001999999022111245 0.04692640908923631 0.0209456835205013
v 0.001999997472390407 0.0465459197217988 0.020923098604267443
v 0.00200000462494812 0.04693860849167122 0.02159769923750554
v 0.0020000000949949017 0.04637908011426497 0.021551438401568035
v 0.0020000000949949017 0.04637908011426497 0.021551438401568035
v 0.0019999994989484257 0.04615900258916341 0.020793879542954086
v 0.001999997472390407 0.0465459197217988 0.020923098604267443
v 0.001999999022111245 0.04692640908923631 0.0209456835205013
v 0.0020000167842962316 0.047567018860874576 0.021485041685157524
v 0.00200000462494812 0.04693860849167122 0.02159769923750554
v 0.002000001287087854 0.04810438384611484 0.021198422485142476
v 0.0020000167842962316 0.047567018860874576 0.021485041685157524
v 0.001999982928856391 0.04788188017343711 0.020563900970629323
v 0.0019999937769022555 0.047367666587001554 0.020859417952439063
v 0.001999982928856391 0.04788188017343711 0.020563900970629323
v 0.0020000167842962316 0.047567018860874576 0.021485041685157524
v 0.0019999960418788645 0.0457234442493837 0.02048717214618412
v 0.0020000017639250347 0.04508326935325437 0.021174214415145
v 0.00199989829025679 0.04483397887510512 0.02087436012233823
v 0.0019999999757856065 0.04580608585487147 0.02137735086888526
v 0.0020000017639250347 0.04508326935325437 0.021174214415145
v 0.0019999960418788645 0.0457234442493837 0.02048717214618412
v 0.0019999994989484257 0.04615900258916341 0.020793879542954086
v 0.0020000000949949017 0.04637908011426497 0.021551438401568035
v 0.0019999999757856065 0.04580608585487147 0.02137735086888526
v 0.0019999960418788645 0.0457234442493837 0.02048717214618412
v 0.0019999994989484257 0.04615900258916341 0.020793879542954086
v 0.0019999999757856065 0.04580608585487147 0.02137735086888526
v 0.0020000017639250347 0.046448923409818675 0.017223496301470576
v 0.0020000005718320826 0.04696349176311678 0.01719638906141352
v 0.0019999892469490374 0.04662562019555507 0.017852589501516913
v 0.001999992465600008 0.04720559535127624 0.01787855423968865
v 0.0019999892469490374 0.04662562019555507 0.017852589501516913
v 0.0020000005718320826 0.04696349176311678 0.01719638906141352
v 0.001999997353181112 0.04816244354125534 0.018578074383998056
v 0.0019999911542977608 0.04777960813488804 0.018152327446051553
v 0.0020000055786224815 0.04840720978823267 0.01784384240027137
v 0.002000009154901338 0.04889475482481755 0.020204066282517585
v 0.0019999987836926544 0.048207735444041354 0.02013077450047196
v 0.0020000000949949017 0.04832183304467554 0.019843171108515634
v 0.002000009154901338 0.04889475482481755 0.020204066282517585
v 0.00200000462494812 0.04856439439652862 0.020770800623400865
v 0.0019999987836926544 0.048207735444041354 0.02013077450047196
v 0.001999982928856391 0.04788188017343711 0.020563900970629323
v 0.0019999987836926544 0.048207735444041354 0.02013077450047196
v 0.00200000462494812 0.04856439439652862 0.020770800623400865
v 0.001999994611367322 0.04436393567040622 0.01985278796077905
v 0.0019999992605298353 0.044353929719003225 0.019108517600721076
v 0.0019999954458323884 0.04527515244952653 0.019465777368056214
v 0.002000002002343625 0.04872724764523053 0.0182587536901202
v 0.002000004148110939 0.048921926914731205 0.018672997407915837
v 0.001999997353181112 0.04816244354125534 0.018578074383998056
v 0.0020000167842962316 0.047567018860874576 0.021485041685157524
v 0.001999999022111245 0.04692640908923631 0.0209456835205013
v 0.0019999937769022555 0.047367666587001554 0.020859417952439063
v 0.00199989829025679 0.04483397887510512 0.02087436012233823
v 0.0019999199863485187 0.04458057996780564 0.02045467664598344
v 0.0019999998565763113 0.0454407484656927 0.02007466983777295
v 0.001999994611367322 0.04436393567040622 0.01985278796077905
v 0.0019999954458323884 0.04527515244952653 0.019465777368056214
v 0.0019999998565763113 0.0454407484656927 0.02007466983777295
v 0.001999992465600008 0.04720559535127624 0.01787855423968865
v 0.0020000022407622156 0.04743881832377952 0.017273665294942342
v 0.0020000122543430135 0.04796139754171593 0.0174932945930939
v 0.0020000055786224815 0.04840720978823267 0.01784384240027137
v 0.002000002002343625 0.04872724764523053 0.0182587536901202
v 0.001999997353181112 0.04816244354125534 0.018578074383998056
v 0.0019999944921580267 0.048348551185593024 0.019021410891871815
v 0.002000004148110939 0.048921926914731205 0.018672997407915837
v 0.0020000010486692634 0.04902275318294793 0.01911086554699959
v 0.0019999961610881597 0.04839222184196414 0.019476538629553675
v 0.0019999944921580267 0.048348551185593024 0.019021410891871815
v 0.0020000010486692634 0.04902275318294793 0.01911086554699959
v 0.0019999961610881597 0.04839222184196414 0.019476538629553675
v 0.0020000010486692634 0.04902275318294793 0.01911086554699959
v 0.002000007009134024 0.04903731769779986 0.019595198608334252
v 0.0019999199863485187 0.04458057996780564 0.02045467664598344
v 0.001999994611367322 0.04436393567040622 0.01985278796077905
v 0.0019999998565763113 0.0454407484656927 0.02007466983777295
v 0.0019999992605298353 0.044353929719003225 0.019108517600721076
v 0.0019999994989484257 0.04537024141278325 0.018879671993538016
v 0.0019999954458323884 0.04527515244952653 0.019465777368056214
v 0.0019999911542977608 0.04777960813488804 0.018152327446051553
v 0.001999992465600008 0.04720559535127624 0.01787855423968865
v 0.0020000122543430135 0.04796139754171593 0.0174932945930939
v 0.0019999911542977608 0.04777960813488804 0.018152327446051553
v 0.0020000122543430135 0.04796139754171593 0.0174932945930939
v 0.0020000055786224815 0.04840720978823267 0.01784384240027137
v 0.002000007009134024 0.04903731769779986 0.019595198608334252
v 0.0020000000949949017 0.04832183304467554 0.019843171108515634
v 0.0019999961610881597 0.04839222184196414 0.019476538629553675
v 0.00200000462494812 0.04856439439652862 0.020770800623400865
v 0.002000001287087854 0.04810438384611484 0.021198422485142476
v 0.001999982928856391 0.04788188017343711 0.020563900970629323
v 0.0019999998565763113 0.0454407484656927 0.02007466983777295
v 0.0019999960418788645 0.0457234442493837 0.02048717214618412
v 0.00199989829025679 0.04483397887510512 0.02087436012233823
v 0.0019999993797391305 0.04554678179592433 0.018537962840344813
v 0.0019999994989484257 0.04537024141278325 0.018879671993538016
v 0.0020000000949949017 0.044698396898450475 0.01809228410823871
v 0.0019999992605298353 0.0457928221518489 0.01824325075969635
v 0.002000000810250673 0.04509938263526971 0.017584626079365506
v 0.0019999999757856065 0.04583343723556512 0.017395150057182285
v 0.0019999999757856065 0.04583343723556512 0.017395150057182285
v 0.0020000017639250347 0.046448923409818675 0.017223496301470576
v 0.0019999892469490374 0.04662562019555507 0.017852589501516913
v 0.002000004148110939 0.048921926914731205 0.018672997407915837
v 0.0019999944921580267 0.048348551185593024 0.019021410891871815
v 0.001999997353181112 0.04816244354125534 0.018578074383998056
v 0.002000007009134024 0.04903731769779986 0.019595198608334252
v 0.002000009154901338 0.04889475482481755 0.020204066282517585
v 0.0020000000949949017 0.04832183304467554 0.019843171108515634
v 0.0019999994989484257 0.04537024141278325 0.018879671993538016
v 0.0019999992605298353 0.044353929719003225 0.019108517600721076
v 0.0020000000949949017 0.044470766272404226 0.018583270001920615
v 0.0019999992605298353 0.0457928221518489 0.01824325075969635
v 0.0019999993797391305 0.04554678179592433 0.018537962840344813
v 0.002000000810250673 0.04509938263526971 0.017584626079365506
v 0.0019999999757856065 0.04583343723556512 0.017395150057182285
v 0.0019999992605298353 0.046143301294472326 0.018005896469858174
v 0.0019999992605298353 0.0457928221518489 0.01824325075969635
v 0.0019999892469490374 0.04662562019555507 0.017852589501516913
v 0.0019999992605298353 0.046143301294472326 0.018005896469858174
v 0.0019999999757856065 0.04583343723556512 0.017395150057182285
v 0.0019999993797391305 0.04554678179592433 0.018537962840344813
v 0.0020000000949949017 0.044698396898450475 0.01809228410823871
v 0.002000000810250673 0.04509938263526971 0.017584626079365506
v 0.0020000000949949017 0.044470766272404226 0.018583270001920615
v 0.0020000000949949017 0.044698396898450475 0.01809228410823871
v 0.0019999994989484257 0.04537024141278325 0.018879671993538016
v 0.0020000005718320826 0.04696349176311678 0.01719638906141352
v 0.0020000022407622156 0.04743881832377952 0.017273665294942342
v 0.001999992465600008 0.04720559535127624 0.01787855423968865
v 0.0017000704619135603 0.04656332618624861 0.021880818452613138
v 0.0020000000949949017 0.04637908011426497 0.021551438401568035
v 0.00200000462494812 0.04693860849167122 0.02159769923750554
v 0.00200000462494812 0.04693860849167122 0.02159769923750554
v 0.001699949345269624 0.04685981591590729 0.021896931734628478
v 0.0017000704619135603 0.04656332618624861 0.021880818452613138
v 0.00200000462494812 0.04693860849167122 0.02159769923750554
v 0.0017006114336952365 0.047138086650559984 0.02187771328889143
v 0.001699949345269624 0.04685981591590729 0.021896931734628478
v 0.00200000462494812 0.04693860849167122 0.02159769923750554
v 0.0020000167842962316 0.047567018860874576 0.021485041685157524
v 0.0017006114336952365 0.047138086650559984 0.02187771328889143
v 0.0020000167842962316 0.047567018860874576 0.021485041685157524
v 0.0016990782829495032 0.047396948204603294 0.021834227645346482
v 0.0017006114336952365 0.047138086650559984 0.02187771328889143
v 0.0020000167842962316 0.047567018860874576 0.021485041685157524
v 0.0016993175360049955 0.04793892134435931 0.021642104223135172
v 0.0017005079600269917 0.04770274961072964 0.02174245556151977
v 0.0017000140759169246 0.04809358443764291 0.02155738742223634
v 0.0020000167842962316 0.047567018860874576 0.021485041685157524
v 0.002000001287087854 0.04810438384611484 0.021198422485142476
v 0.002000001287087854 0.04810438384611484 0.021198422485142476
v 0.0016992542358692374 0.048255224612556734 0.021457177227657276
v 0.0017000140759169246 0.04809358443764291 0.02155738742223634
v 0.002000001287087854 0.04810438384611484 0.021198422485142476
v 0.0016994670244611925 0.04846238557210338 0.0212979040725092
v 0.0016992542358692374 0.048255224612556734 0.021457177227657276
v 0.002000001287087854 0.04810438384611484 0.021198422485142476
v 0.00200000462494812 0.04856439439652862 0.020770800623400865
v 0.0016994670244611925 0.04846238557210338 0.0212979040725092
v 0.00200000462494812 0.04856439439652862 0.020770800623400865
v 0.0016991519542939447 0.04864621584206532 0.02112382035452387
v 0.0016994670244611925 0.04846238557210338 0.0212979040725092
v 0.00200000462494812 0.04856439439652862 0.020770800623400865
v 0.0016999960753133474 0.04878563158965401 0.020962655109442174
v 0.0016991519542939447 0.04864621584206532 0.02112382035452387
v 0.00200000462494812 0.04856439439652862 0.020770800623400865
v 0.0017002114865097972 0.04893215411858611 0.020764502557916176
v 0.0016999960753133474 0.04878563158965401 0.020962655109442174
v 0.0017002114865097972 0.04893215411858611 0.020764502557916176
v 0.00200000462494812 0.04856439439652862 0.020770800623400865
v 0.002000009154901338 0.04889475482481755 0.020204066282517585
v 0.002000009154901338 0.04889475482481755 0.020204066282517585
v 0.0016997519346767514 0.04905533451384116 0.02055279638636165
v 0.0017002114865097972 0.04893215411858611 0.020764502557916176
v 0.002000007009134024 0.04903731769779986 0.019595198608334252
v 0.001701098284456886 0.049300665336040626 0.019838475215958606
v 0.0017007916781495984 0.0492489189651746 0.020061347006939956
v 0.0017007916781495984 0.0492489189651746 0.020061347006939956
v 0.002000009154901338 0.04889475482481755 0.020204066282517585
v 0.002000007009134024 0.04903731769779986 0.019595198608334252
v 0.002000007009134024 0.04903731769779986 0.019595198608334252
v 0.0017000118109403155 0.04932967611012364 0.019613837220059382
v 0.001701098284456886 0.049300665336040626 0.019838475215958606
v 0.002000007009134024 0.04903731769779986 0.019595198608334252
v 0.0017000903698658608 0.04933920903904323 0.019354641879989476
v 0.0016999774786632942 0.049336710412215566 0.0195038633073652
v 0.002000007009134024 0.04903731769779986 0.019595198608334252
v 0.0020000010486692634 0.04902275318294793 0.01911086554699959
v 0.0017007995459630825 0.04932678075476151 0.019139573052635583
v 0.0017007995459630825 0.04932678075476151 0.019139573052635583
v 0.0017000903698658608 0.04933920903904323 0.019354641879989476
v 0.002000007009134024 0.04903731769779986 0.019595198608334252
v 0.0020000010486692634 0.04902275318294793 0.01911086554699959
v 0.002000004148110939 0.048921926914731205 0.018672997407915837
v 0.001700014314335515 0.04927996297299677 0.018855381907545432
v 0.001700014314335515 0.04927996297299677 0.018855381907545432
v 0.001700031718892616 0.04929970403228403 0.01895295614618875
v 0.0020000010486692634 0.04902275318294793 0.01911086554699959
v 0.002000004148110939 0.048921926914731205 0.018672997407915837
v 0.0016996446463110597 0.0492453903700363 0.018714812213979082
v 0.001700014314335515 0.04927996297299677 0.018855381907545432
v 0.002000004148110939 0.048921926914731205 0.018672997407915837
v 0.0017000245663349033 0.049186880540597076 0.01853759090734375
v 0.0016996446463110597 0.0492453903700363 0.018714812213979082
v 0.002000002002343625 0.04872724764523053 0.0182587536901202
v 0.0016996618124495704 0.04902214664605389 0.018174935250470092
v 0.001699987492244092 0.049118921705582096 0.018369759478473746
v 0.001699987492244092 0.049118921705582096 0.018369759478473746
v 0.002000004148110939 0.048921926914731205 0.018672997407915837
v 0.002000002002343625 0.04872724764523053 0.0182587536901202
v 0.002000002002343625 0.04872724764523053 0.0182587536901202
v 0.001699784240395754 0.04889825290237628 0.017975737471843667
v 0.0016996618124495704 0.04902214664605389 0.018174935250470092
v 0.002000002002343625 0.04872724764523053 0.0182587536901202
v 0.0020000055786224815 0.04840720978823267 0.01784384240027137
v 0.001700073084518055 0.04879091876031529 0.01783309258286625
v 0.0020000055786224815 0.04840720978823267 0.01784384240027137
v 0.0017000225397768847 0.04869916765732454 0.017725016482151856
v 0.001700073084518055 0.04879091876031529 0.01783309258286625
v 0.0020000055786224815 0.04840720978823267 0.01784384240027137
v 0.001699555716176831 0.04857085649400352 0.017590281368330407
v 0.0017000225397768847 0.04869916765732454 0.017725016482151856
v 0.0020000055786224815 0.04840720978823267 0.01784384240027137
v 0.0017000004860572703 0.048438166058013564 0.017473231191872385
v 0.001699555716176831 0.04857085649400352 0.017590281368330407
v 0.0020000055786224815 0.04840720978823267 0.01784384240027137
v 0.0020000122543430135 0.04796139754171593 0.0174932945930939
v 0.001701984486357499 0.04828290787192826 0.017352442611916485
v 0.001701984486357499 0.04828290787192826 0.017352442611916485
v 0.0017000004860572703 0.048438166058013564 0.017473231191872385
v 0.0020000055786224815 0.04840720978823267 0.01784384240027137
v 0.0020000122543430135 0.04796139754171593 0.0174932945930939
v 0.0016993909689308466 0.04778351057037613 0.017079064226739327
v 0.0017006440970421248 0.04805071486773562 0.017206168038318426
v 0.0020000122543430135 0.04796139754171593 0.0174932945930939
v 0.0020000022407622156 0.04743881832377952 0.017273665294942342
v 0.0016993909689308466 0.04778351057037613 0.017079064226739327
v 0.0020000022407622156 0.04743881832377952 0.017273665294942342
v 0.001700217566183853 0.04754619442751242 0.016995972486952837
v 0.0016993909689308466 0.04778351057037613 0.017079064226739327
v 0.0020000022407622156 0.04743881832377952 0.017273665294942342
v 0.0017005979630448774 0.04719093928368558 0.01691859897863912
v 0.001700074753448188 0.04738355480186753 0.016954960674702146
v 0.0017005979630448774 0.04719093928368558 0.01691859897863912
v 0.0020000022407622156 0.04743881832377952 0.017273665294942342
v 0.0020000005718320826 0.04696349176311678 0.01719638906141352
v 0.0020000005718320826 0.04696349176311678 0.01719638906141352
v 0.0017000296923345975 0.04698539194115894 0.016899498788522926
v 0.0017005979630448774 0.04719093928368558 0.01691859897863912
v 0.0020000005718320826 0.04696349176311678 0.01719638906141352
v 0.0017003823134298373 0.04678900368720209 0.016894856301730155
v 0.0017000296923345975 0.04698539194115894 0.016899498788522926
v 0.0020000005718320826 0.04696349176311678 0.01719638906141352
v 0.0020000017639250347 0.046448923409818675 0.017223496301470576
v 0.0017003823134298373 0.04678900368720209 0.016894856301730155
v 0.0020000017639250347 0.046448923409818675 0.017223496301470576
v 0.0016995393845033867 0.04656884605345415 0.016908697931415917
v 0.0017003823134298373 0.04678900368720209 0.016894856301730155
v 0.0020000017639250347 0.046448923409818675 0.017223496301470576
v 0.001700023255032656 0.046195066738825584 0.016979018064150475
v 0.0017000027510338793 0.046366396245254314 0.016940621226999575
v 0.0017000027510338793 0.046366396245254314 0.016940621226999575
v 0.0016995393845033867 0.04656884605345415 0.016908697931415917
v 0.0020000017639250347 0.046448923409818675 0.017223496301470576
v 0.001700074753448188 0.04738355480186753 0.016954960674702146
v 0.001700217566183853 0.04754619442751242 0.016995972486952837
v 0.0020000022407622156 0.04743881832377952 0.017273665294942342
v 0.0017006440970421248 0.04805071486773562 0.017206168038318426
v 0.001701984486357499 0.04828290787192826 0.017352442611916485
v 0.0020000122543430135 0.04796139754171593 0.0174932945930939
v 0.001700073084518055 0.04879091876031529 0.01783309258286625
v 0.001699784240395754 0.04889825290237628 0.017975737471843667
v 0.002000002002343625 0.04872724764523053 0.0182587536901202
v 0.001699987492244092 0.049118921705582096 0.018369759478473746
v 0.0017000245663349033 0.049186880540597076 0.01853759090734375
v 0.002000004148110939 0.048921926914731205 0.018672997407915837
v 0.001700031718892616 0.04929970403228403 0.01895295614618875
v 0.0017007995459630825 0.04932678075476151 0.019139573052635583
v 0.0020000010486692634 0.04902275318294793 0.01911086554699959
v 0.0016999774786632942 0.049336710412215566 0.0195038633073652
v 0.0017000118109403155 0.04932967611012364 0.019613837220059382
v 0.002000007009134024 0.04903731769779986 0.019595198608334252
v 0.0017007916781495984 0.0492489189651746 0.020061347006939956
v 0.0017005245301190263 0.049172983597798335 0.020294737826130893
v 0.002000009154901338 0.04889475482481755 0.020204066282517585
v 0.0017005245301190263 0.049172983597798335 0.020294737826130893
v 0.0016997519346767514 0.04905533451384116 0.02055279638636165
v 0.002000009154901338 0.04889475482481755 0.020204066282517585
v 0.0017000140759169246 0.04809358443764291 0.02155738742223634
v 0.0016993175360049955 0.04793892134435931 0.021642104223135172
v 0.0020000167842962316 0.047567018860874576 0.021485041685157524
v 0.0017005079600269917 0.04770274961072964 0.02174245556151977
v 0.0016990782829495032 0.047396948204603294 0.021834227645346482
v 0.0020000167842962316 0.047567018860874576 0.021485041685157524
v 0.0017000704619135603 0.04656332618624861 0.021880818452613138
v 0.0016997540804440652 0.04633444052474236 0.021843936050348622
v 0.0020000000949949017 0.04637908011426497 0.021551438401568035
v 0.0016997540804440652 0.04633444052474236 0.021843936050348622
v 0.0017001161190736268 0.046154245661447234 0.021800047956223034
v 0.0020000000949949017 0.04637908011426497 0.021551438401568035
v 0.0017000027510338793 0.046366396245254314 0.016940621226999575
v 0.001700023255032656 0.046195066738825584 0.016979018064150475
v -0.0017001949164177626 0.046260629943843966 0.01696045574637428
v 0.0017000027510338793 0.046366396245254314 0.016940621226999575
v -0.0017001949164177626 0.046260629943843966 0.01696045574637428
v -0.0017002638193903956 0.046505678478432365 0.016917155115655502
v -0.0017002638193903956 0.046505678478432365 0.016917155115655502
v 0.0016995393845033867 0.04656884605345415 0.016908697931415917
v 0.0017000027510338793 0.046366396245254314 0.016940621226999575
v -0.0017002638193903956 0.046505678478432365 0.016917155115655502
v -0.0017003702732910208 0.04667016441764151 0.016900019494724416
v 0.0016995393845033867 0.04656884605345415 0.016908697931415917
v -0.0017003702732910208 0.04667016441764151 0.016900019494724416
v 0.0017003823134298373 0.04678900368720209 0.016894856301730155
v 0.0016995393845033867 0.04656884605345415 0.016908697931415917
v 0.0017003823134298373 0.04678900368720209 0.016894856301730155
v -0.0017003702732910208 0.04667016441764151 0.016900019494724416
v -0.0016997137877022832 0.04691263040205842 0.01689495548386377
v 0.0017000296923345975 0.04698539194115894 0.016899498788522926
v -0.0016997137877022832 0.04691263040205842 0.01689495548386377
v -0.0017003613325938798 0.04717606196364301 0.016916497080345927
v -0.0017003613325938798 0.04717606196364301 0.016916497080345927
v 0.0017005979630448774 0.04719093928368558 0.01691859897863912
v 0.0017000296923345975 0.04698539194115894 0.016899498788522926
v -0.0017000079962428687 0.04737471996258071 0.01695324406085108
v 0.001700074753448188 0.04738355480186753 0.016954960674702146
v 0.0017005979630448774 0.04719093928368558 0.01691859897863912
v 0.0017005979630448774 0.04719093928368558 0.01691859897863912
v -0.0017003613325938798 0.04717606196364301 0.016916497080345927
v -0.0017000079962428687 0.04737471996258071 0.01695324406085108
v -0.0017000079962428687 0.04737471996258071 0.01695324406085108
v -0.0017000026318245841 0.0475475944214754 0.016996676298631774
v 0.001700217566183853 0.04754619442751242 0.016995972486952837
v 0.001700217566183853 0.04754619442751242 0.016995972486952837
v -0.0017000026318245841 0.0475475944214754 0.016996676298631774
v -0.0017000598522862863 0.04776428068054674 0.01707141766570719
v -0.0017000598522862863 0.04776428068054674 0.01707141766570719
v 0.0016993909689308466 0.04778351057037613 0.017079064226739327
v 0.001700217566183853 0.04754619442751242 0.016995972486952837
v -0.0017000598522862863 0.04776428068054674 0.01707141766570719
v -0.0017001946779991721 0.04801281584860153 0.01718585858911159
v 0.0016993909689308466 0.04778351057037613 0.017079064226739327
v -0.0017001946779991721 0.04801281584860153 0.01718585858911159
v 0.0017006440970421248 0.04805071486773562 0.017206168038318426
v 0.0016993909689308466 0.04778351057037613 0.017079064226739327
v 0.0017000004860572703 0.048438166058013564 0.017473231191872385
v -0.0017009601208837343 0.048294199376370826 0.017359457840521175
v -0.001699912986434584 0.048463243879028915 0.017494271155640284
v 0.001699555716176831 0.04857085649400352 0.017590281368330407
v 0.0017000004860572703 0.048438166058013564 0.017473231191872385
v -0.001699912986434584 0.048463243879028915 0.017494271155640284
v 0.001699555716176831 0.04857085649400352 0.017590281368330407
v -0.001699912986434584 0.048463243879028915 0.017494271155640284
v -0.0016998533817869776 0.048593595905483976 0.01761295211525682
v -0.0016998533817869776 0.048593595905483976 0.01761295211525682
v 0.0017000225397768847 0.04869916765732454 0.017725016482151856
v 0.001699555716176831 0.04857085649400352 0.017590281368330407
v 0.0017000225397768847 0.04869916765732454 0.017725016482151856
v -0.0016998533817869776 0.048593595905483976 0.01761295211525682
v -0.0016995719286409798 0.04874286883127523 0.017774021992902345
v 0.001700073084518055 0.04879091876031529 0.01783309258286625
v 0.0017000225397768847 0.04869916765732454 0.017725016482151856
v -0.0016995719286409798 0.04874286883127523 0.017774021992902345
v -0.0016995719286409798 0.04874286883127523 0.017774021992902345
v -0.0016999451729442915 0.04884946292203154 0.017908198253547836
v 0.001700073084518055 0.04879091876031529 0.01783309258286625
v 0.001699784240395754 0.04889825290237628 0.017975737471843667
v -0.0016999451729442915 0.04884946292203154 0.017908198253547836
v -0.001700421890915848 0.0490013031392045 0.018135855582476212
v -0.001700421890915848 0.0490013031392045 0.018135855582476212
v 0.0016996618124495704 0.04902214664605389 0.018174935250470092
v 0.001699784240395754 0.04889825290237628 0.017975737471843667
v 0.001699987492244092 0.049118921705582096 0.018369759478473746
v 0.0016996618124495704 0.04902214664605389 0.018174935250470092
v -0.001700421890915848 0.0490013031392045 0.018135855582476212
v -0.001700421890915848 0.0490013031392045 0.018135855582476212
v -0.0016995387884569107 0.04913591618270765 0.01840545932452975
v 0.001699987492244092 0.049118921705582096 0.018369759478473746
v 0.0017000245663349033 0.049186880540597076 0.01853759090734375
v 0.001699987492244092 0.049118921705582096 0.018369759478473746
v -0.0016995387884569107 0.04913591618270765 0.01840545932452975
v -0.0016995387884569107 0.04913591618270765 0.01840545932452975
v -0.0016995908829189187 0.04921515126337541 0.018614375044901932
v 0.0017000245663349033 0.049186880540597076 0.01853759090734375
v -0.0016995908829189187 0.04921515126337541 0.018614375044901932
v 0.0016996446463110597 0.0492453903700363 0.018714812213979082
v 0.0017000245663349033 0.049186880540597076 0.01853759090734375
v -0.0016995908829189187 0.04921515126337541 0.018614375044901932
v -0.0016999965521505283 0.049271852926224845 0.018818694054850704
v 0.0016996446463110597 0.0492453903700363 0.018714812213979082
v -0.0016999965521505283 0.049271852926224845 0.018818694054850704
v 0.001700014314335515 0.04927996297299677 0.018855381907545432
v 0.0016996446463110597 0.0492453903700363 0.018714812213979082
v 0.001700031718892616 0.04929970403228403 0.01895295614618875
v -0.0017000019165688128 0.04929443212041253 0.01892505735641148
v -0.00170010109870243 0.0493162025987415 0.019051371525619087
v 0.0017007995459630825 0.04932678075476151 0.019139573052635583
v 0.001700031718892616 0.04929970403228403 0.01895295614618875
v -0.00170010109870243 0.0493162025987415 0.019051371525619087
v -0.00170010109870243 0.0493162025987415 0.019051371525619087
v -0.001699892840063693 0.04933354421333471 0.019227585752128462
v 0.0017007995459630825 0.04932678075476151 0.019139573052635583
v 0.0017000903698658608 0.04933920903904323 0.019354641879989476
v -0.001699892840063693 0.04933354421333471 0.019227585752128462
v -0.0016999998900107942 0.04933829732635344 0.019341196978838182
v 0.0016999774786632942 0.049336710412215566 0.0195038633073652
v 0.0017000903698658608 0.04933920903904323 0.019354641879989476
v -0.0016996636005889986 0.04933776326871089 0.01948882577002986
v 0.0017000118109403155 0.04932967611012364 0.019613837220059382
v -0.0016996636005889986 0.04933776326871089 0.01948882577002986
v -0.001700000366847975 0.0493302025383713 0.01960341737398341
v 0.001701098284456886 0.049300665336040626 0.019838475215958606
v 0.0017000118109403155 0.04932967611012364 0.019613837220059382
v -0.0016994770380419904 0.04931375356298064 0.019757906898533184
v 0.0017007916781495984 0.0492489189651746 0.020061347006939956
v 0.001701098284456886 0.049300665336040626 0.019838475215958606
v -0.0017000032278710602 0.04927498097813123 0.019955578798180884
v 0.0017005245301190263 0.049172983597798335 0.020294737826130893
v -0.0017000183674515522 0.04923897023423331 0.020096631050974256
v -0.0017005332323975768 0.049168974350781734 0.020302992831405797
v -0.0017003002974347308 0.049011003914811745 0.020633854892408987
v 0.0017002114865097972 0.04893215411858611 0.020764502557916176
v 0.0016997519346767514 0.04905533451384116 0.02055279638636165
v 0.0017002114865097972 0.04893215411858611 0.020764502557916176
v -0.0017003002974347308 0.049011003914811745 0.020633854892408987
v -0.0016998622032748233 0.0488972114899733 0.020816229855294965
v -0.001700101694748906 0.04872901766484585 0.021030457541861836
v 0.0016991519542939447 0.04864621584206532 0.02112382035452387
v 0.0016999960753133474 0.04878563158965401 0.020962655109442174
v 0.0016991519542939447 0.04864621584206532 0.02112382035452387
v -0.001700101694748906 0.04872901766484585 0.021030457541861836
v -0.0017007075163871781 0.04853312532155709 0.02123481088408763
v -0.0016998779389017914 0.04833681336154918 0.02139714914863422
v 0.0016992542358692374 0.048255224612556734 0.021457177227657276
v 0.0016994670244611925 0.04846238557210338 0.0212979040725092
v 0.0016992542358692374 0.048255224612556734 0.021457177227657276
v -0.0016998779389017914 0.04833681336154918 0.02139714914863422
v -0.0016999946448018049 0.04819784011886432 0.021493176527462854
v -0.0016999946448018049 0.04819784011886432 0.021493176527462854
v -0.0016997924658371237 0.04804545058525902 0.021585024905238503
v 0.0017000140759169246 0.04809358443764291 0.02155738742223634
v -0.0016997924658371237 0.04804545058525902 0.021585024905238503
v -0.001699960550943374 0.04786557997124687 0.0216748724742033
v 0.0016993175360049955 0.04793892134435931 0.021642104223135172
v -0.001699960550943374 0.04786557997124687 0.0216748724742033
v 0.0017005079600269917 0.04770274961072964 0.02174245556151977
v 0.0016993175360049955 0.04793892134435931 0.021642104223135172
v 0.0017005079600269917 0.04770274961072964 0.02174245556151977
v -0.001699960550943374 0.04786557997124687 0.0216748724742033
v -0.001700862488470955 0.04766093671201512 0.021756815990058298
v -0.001700862488470955 0.04766093671201512 0.021756815990058298
v -0.0016989489408641971 0.04736909709854411 0.021840579116595427
v 0.0016990782829495032 0.047396948204603294 0.021834227645346482
v -0.0016989489408641971 0.04736909709854411 0.021840579116595427
v 0.0017006114336952365 0.047138086650559984 0.02187771328889143
v 0.0016990782829495032 0.047396948204603294 0.021834227645346482
v 0.0017006114336952365 0.047138086650559984 0.02187771328889143
v -0.0016989489408641971 0.04736909709854411 0.021840579116595427
v -0.001699321708330328 0.04707609018765437 0.021884562578157185
v -0.001699321708330328 0.04707609018765437 0.021884562578157185
v 0.001699949345269624 0.04685981591590729 0.021896931734628478
v 0.0017006114336952365 0.047138086650559984 0.02187771328889143
v 0.001699949345269624 0.04685981591590729 0.021896931734628478
v -0.001699321708330328 0.04707609018765437 0.021884562578157185
v -0.0016998819920178287 0.046761560753769714 0.021896041002774647
v -0.0016998819920178287 0.046761560753769714 0.021896041002774647
v 0.0017000704619135603 0.04656332618624861 0.021880818452613138
v 0.001699949345269624 0.04685981591590729 0.021896931734628478
v 0.0017000704619135603 0.04656332618624861 0.021880818452613138
v -0.0016998819920178287 0.046761560753769714 0.021896041002774647
v -0.001700288138086619 0.04643008643382631 0.021862286652416518
v 0.0016997540804440652 0.04633444052474236 0.021843936050348622
v -0.001700288138086619 0.04643008643382631 0.021862286652416518
v -0.0017005914065336407 0.04617353277173832 0.021806096159024957
v 0.0017001161190736268 0.046154245661447234 0.021800047956223034
v 0.0016997540804440652 0.04633444052474236 0.021843936050348622
v -0.0017005914065336407 0.04617353277173832 0.021806096159024957
v 0.0016997540804440652 0.04633444052474236 0.021843936050348622
v 0.0017000704619135603 0.04656332618624861 0.021880818452613138
v -0.001700288138086619 0.04643008643382631 0.021862286652416518
v 0.0016990782829495032 0.047396948204603294 0.021834227645346482
v 0.0017005079600269917 0.04770274961072964 0.02174245556151977
v -0.001700862488470955 0.04766093671201512 0.021756815990058298
v 0.0016993175360049955 0.04793892134435931 0.021642104223135172
v 0.0017000140759169246 0.04809358443764291 0.02155738742223634
v -0.0016997924658371237 0.04804545058525902 0.021585024905238503
v 0.0017000140759169246 0.04809358443764291 0.02155738742223634
v 0.0016992542358692374 0.048255224612556734 0.021457177227657276
v -0.0016999946448018049 0.04819784011886432 0.021493176527462854
v -0.0017007075163871781 0.04853312532155709 0.02123481088408763
v -0.0016998779389017914 0.04833681336154918 0.02139714914863422
v 0.0016994670244611925 0.04846238557210338 0.0212979040725092
v 0.0016994670244611925 0.04846238557210338 0.0212979040725092
v 0.0016991519542939447 0.04864621584206532 0.02112382035452387
v -0.0017007075163871781 0.04853312532155709 0.02123481088408763
v -0.0016998622032748233 0.0488972114899733 0.020816229855294965
v -0.001700101694748906 0.04872901766484585 0.021030457541861836
v 0.0016999960753133474 0.04878563158965401 0.020962655109442174
v -0.0016998622032748233 0.0488972114899733 0.020816229855294965
v 0.0016999960753133474 0.04878563158965401 0.020962655109442174
v 0.0017002114865097972 0.04893215411858611 0.020764502557916176
v -0.0016998207184400892 0.04908842701419227 0.020486693401654543
v -0.0017003002974347308 0.049011003914811745 0.020633854892408987
v 0.0016997519346767514 0.04905533451384116 0.02055279638636165
v 0.0016997519346767514 0.04905533451384116 0.02055279638636165
v 0.0017005245301190263 0.049172983597798335 0.020294737826130893
v -0.0016998207184400892 0.04908842701419227 0.020486693401654543
v 0.0017005245301190263 0.049172983597798335 0.020294737826130893
v -0.0017005332323975768 0.049168974350781734 0.020302992831405797
v -0.0016998207184400892 0.04908842701419227 0.020486693401654543
v 0.0017005245301190263 0.049172983597798335 0.020294737826130893
v 0.0017007916781495984 0.0492489189651746 0.020061347006939956
v -0.0017000183674515522 0.04923897023423331 0.020096631050974256
v -0.0017000032278710602 0.04927498097813123 0.019955578798180884
v -0.0017000183674515522 0.04923897023423331 0.020096631050974256
v 0.0017007916781495984 0.0492489189651746 0.020061347006939956
v -0.0016994770380419904 0.04931375356298064 0.019757906898533184
v -0.0017000032278710602 0.04927498097813123 0.019955578798180884
v 0.001701098284456886 0.049300665336040626 0.019838475215958606
v -0.001700000366847975 0.0493302025383713 0.01960341737398341
v -0.0016994770380419904 0.04931375356298064 0.019757906898533184
v 0.0017000118109403155 0.04932967611012364 0.019613837220059382
v 0.0017000118109403155 0.04932967611012364 0.019613837220059382
v 0.0016999774786632942 0.049336710412215566 0.0195038633073652
v -0.0016996636005889986 0.04933776326871089 0.01948882577002986
v -0.0016999998900107942 0.04933829732635344 0.019341196978838182
v -0.0016996636005889986 0.04933776326871089 0.01948882577002986
v 0.0017000903698658608 0.04933920903904323 0.019354641879989476
v -0.001699892840063693 0.04933354421333471 0.019227585752128462
v 0.0017000903698658608 0.04933920903904323 0.019354641879989476
v 0.0017007995459630825 0.04932678075476151 0.019139573052635583
v -0.0017000019165688128 0.04929443212041253 0.01892505735641148
v 0.001700031718892616 0.04929970403228403 0.01895295614618875
v 0.001700014314335515 0.04927996297299677 0.018855381907545432
v -0.0016999965521505283 0.049271852926224845 0.018818694054850704
v -0.0017000019165688128 0.04929443212041253 0.01892505735641148
v 0.001700014314335515 0.04927996297299677 0.018855381907545432
v 0.001699784240395754 0.04889825290237628 0.017975737471843667
v 0.001700073084518055 0.04879091876031529 0.01783309258286625
v -0.0016999451729442915 0.04884946292203154 0.017908198253547836
v -0.0017009601208837343 0.048294199376370826 0.017359457840521175
v 0.0017000004860572703 0.048438166058013564 0.017473231191872385
v 0.001701984486357499 0.04828290787192826 0.017352442611916485
v 0.001701984486357499 0.04828290787192826 0.017352442611916485
v 0.0017006440970421248 0.04805071486773562 0.017206168038318426
v -0.0017009601208837343 0.048294199376370826 0.017359457840521175
v -0.0017001946779991721 0.04801281584860153 0.01718585858911159
v -0.0017009601208837343 0.048294199376370826 0.017359457840521175
v 0.0017006440970421248 0.04805071486773562 0.017206168038318426
v 0.001700217566183853 0.04754619442751242 0.016995972486952837
v 0.001700074753448188 0.04738355480186753 0.016954960674702146
v -0.0017000079962428687 0.04737471996258071 0.01695324406085108
v -0.0016997137877022832 0.04691263040205842 0.01689495548386377
v 0.0017000296923345975 0.04698539194115894 0.016899498788522926
v 0.0017003823134298373 0.04678900368720209 0.016894856301730155
v -0.0014999992367811098 0.04142156797694032 0.020569138550223798
v -0.0012000276420278534 0.041984293070807 0.020924130479926806
v -0.0011999760244030262 0.04232980166265723 0.02096209816361494
v -0.0011999760244030262 0.04232980166265723 0.02096209816361494
v -0.0015004786965664562 0.043000578061704896 0.02074544051477445
v -0.0014999992367811098 0.04142156797694032 0.020569138550223798
v -0.0014999992367811098 0.04142156797694032 0.020569138550223798
v -0.001200115260859835 0.04057091714918306 0.020831591641913283
v -0.0011996677491656056 0.04121711545258091 0.020860817946402044
v -0.001200115260859835 0.04057091714918306 0.020831591641913283
v -0.0014999992367811098 0.04142156797694032 0.020569138550223798
v -0.0015000001904554715 0.04020130729886386 0.020524725935199273
v -0.0015000001904554715 0.04020130729886386 0.020524725935199273
v -0.0012000001046806592 0.040190217973385976 0.0208246260043754
v -0.001200115260859835 0.04057091714918306 0.020831591641913283
v -0.0011996677491656056 0.04121711545258091 0.020860817946402044
v -0.0012000276420278534 0.041984293070807 0.020924130479926806
v -0.0014999992367811098 0.04142156797694032 0.020569138550223798
v -0.0011999760244030262 0.04232980166265723 0.02096209816361494
v -0.0012015433882164857 0.043084219117923726 0.021064816521765284
v -0.0015004786965664562 0.043000578061704896 0.02074544051477445
v 0.0017000001284293847 0.045700529361820695 0.021659556463954344
v 0.0017000001284293847 0.04586523655348176 0.02170950801967164
v -0.0017000001284293847 0.04586522510938942 0.021709504204974195
v 0.0017000071617778022 0.04533410478386959 0.021553734849431017
v 0.0017000001284293847 0.0455905134874546 0.021627049519661323
v -0.0017004419180774437 0.04531019807497041 0.021546774933939306
v -0.0017000001284293847 0.045700529361820695 0.021659556463954344
v -0.0017004419180774437 0.04531019807497041 0.021546774933939306
v 0.0017000001284293847 0.0455905134874546 0.021627049519661323
v 0.0017000001284293847 0.0455905134874546 0.021627049519661323
v 0.0017000001284293847 0.045700529361820695 0.021659556463954344
v -0.0017000001284293847 0.045700529361820695 0.021659556463954344
v -0.0017005914065336407 0.04617353277173832 0.021806096159024957
v -0.0017000001284293847 0.04586522510938942 0.021709504204974195
v 0.0017000001284293847 0.04586523655348176 0.02170950801967164
v -0.0016590042902242523 0.04504825424539007 0.021476658887518152
v 0.0016273868856921108 0.04494169448691079 0.021448823040248755
v 0.0017000071617778022 0.04533410478386959 0.021553734849431017
v -0.0017004419180774437 0.04531019807497041 0.021546774933939306
v -0.0016590042902242523 0.04504825424539007 0.021476658887518152
v 0.0017000071617778022 0.04533410478386959 0.021553734849431017
v -0.0016590042902242523 0.04504825424539007 0.021476658887518152
v 0.0015424167650409514 0.044669809555784055 0.021381245674978455
v 0.0016273868856921108 0.04494169448691079 0.021448823040248755
v 0.0015424167650409514 0.044669809555784055 0.021381245674978455
v -0.0016590042902242523 0.04504825424539007 0.021476658887518152
v -0.0015651310233601161 0.044741144398039466 0.0213983698518172
v -0.0015651310233601161 0.044741144398039466 0.0213983698518172
v 0.0014661133985703616 0.0444214727519965 0.021323296606063913
v 0.0015424167650409514 0.044669809555784055 0.021381245674978455
v -0.0015651310233601161 0.044741144398039466 0.0213983698518172
v -0.0014343087162354406 0.044323007781499356 0.021300728855968565
v 0.0014661133985703616 0.0444214727519965 0.021323296606063913
v -0.0014343087162354406 0.044323007781499356 0.021300728855968565
v 0.0013735072073050435 0.044099558063854814 0.021252141054588503
v 0.0014661133985703616 0.0444214727519965 0.021323296606063913
v 0.0013735072073050435 0.044099558063854814 0.021252141054588503
v -0.0014343087162354406 0.044323007781499356 0.021300728855968565
v -0.001300721111089711 0.04381692331532296 0.021194428496915663
v 0.001227990208778062 0.043373369369694735 0.021111937571977046
v 0.0013735072073050435 0.044099558063854814 0.021252141054588503
v -0.001300721111089711 0.04381692331532296 0.021194428496915663
v -0.001300721111089711 0.04381692331532296 0.021194428496915663
v -0.0012015433882164857 0.043084219117923726 0.021064816521765284
v 0.001227990208778062 0.043373369369694735 0.021111937571977046
v 0.0012000001046806592 0.040190217973385976 0.0208246260043754
v 0.00120000332333163 0.04055636026372602 0.020831307446953495
v -0.001200115260859835 0.04057091714918306 0.020831591641913283
v 0.0011998643252934117 0.04118480115050895 0.020858605421882892
v -0.0011996677491656056 0.04121711545258091 0.020860817946402044
v -0.001200115260859835 0.04057091714918306 0.020831591641913283
v -0.001200115260859835 0.04057091714918306 0.020831591641913283
v 0.00120000332333163 0.04055636026372602 0.020831307446953495
v 0.0011998643252934117 0.04118480115050895 0.020858605421882892
v -0.0011996677491656056 0.04121711545258091 0.020860817946402044
v 0.0011998643252934117 0.04118480115050895 0.020858605421882892
v 0.0012000468347243827 0.0419754925637972 0.020923249284816592
v 0.0012000036809595156 0.042327375515081055 0.02096180252456281
v -0.0011999760244030262 0.04232980166265723 0.02096209816361494
v -0.0012000276420278534 0.041984293070807 0.020924130479926806
v -0.0012000276420278534 0.041984293070807 0.020924130479926806
v 0.0012000468347243827 0.0419754925637972 0.020923249284816592
v 0.0012000036809595156 0.042327375515081055 0.02096180252456281
v -0.0011999760244030262 0.04232980166265723 0.02096209816361494
v 0.0012000036809595156 0.042327375515081055 0.02096180252456281
v 0.0011998332116673611 0.04269877064380536 0.02100908379206734
v -0.0012015433882164857 0.043084219117923726 0.021064816521765284
v -0.0011999760244030262 0.04232980166265723 0.02096209816361494
v 0.0011998332116673611 0.04269877064380536 0.02100908379206734
v -0.0012015433882164857 0.043084219117923726 0.021064816521765284
v 0.0011998332116673611 0.04269877064380536 0.02100908379206734
v 0.001227990208778062 0.043373369369694735 0.021111937571977046
v 0.0012000468347243827 0.0419754925637972 0.020923249284816592
v -0.0012000276420278534 0.041984293070807 0.020924130479926806
v -0.0011996677491656056 0.04121711545258091 0.020860817946402044
v -0.001200115260859835 0.04057091714918306 0.020831591641913283
v -0.0012000001046806592 0.040190217973385976 0.0208246260043754
v 0.0012000001046806592 0.040190217973385976 0.0208246260043754
v 0.0017000001284293847 0.04586523655348176 0.02170950801967164
v 0.0017001161190736268 0.046154245661447234 0.021800047956223034
v -0.0017005914065336407 0.04617353277173832 0.021806096159024957
v -0.0017000001284293847 0.04586522510938942 0.021709504204974195
v -0.0017000001284293847 0.045700529361820695 0.021659556463954344
v 0.0017000001284293847 0.045700529361820695 0.021659556463954344
v -0.0014343087162354406 0.044323007781499356 0.021300728855968565
v -0.0015651310233601161 0.044741144398039466 0.0213983698518172
v -0.001774347747202711 0.044515516488152794 0.021137030651782185
v -0.0018745879825241693 0.04488081954505454 0.021253289278519993
v -0.0015651310233601161 0.044741144398039466 0.0213983698518172
v -0.0016590042902242523 0.04504825424539007 0.021476658887518152
v -0.0016590042902242523 0.04504825424539007 0.021476658887518152
v -0.0017004419180774437 0.04531019807497041 0.021546774933939306
v -0.0018745879825241693 0.04488081954505454 0.021253289278519993
v -0.001774347747202711 0.044515516488152794 0.021137030651782185
v -0.0015651310233601161 0.044741144398039466 0.0213983698518172
v -0.0018745879825241693 0.04488081954505454 0.021253289278519993
v -0.0012015433882164857 0.043084219117923726 0.021064816521765284
v -0.001300721111089711 0.04381692331532296 0.021194428496915663
v -0.0015138072494456222 0.04324782386202266 0.02080507377261176
v -0.001595473246061365 0.04381169717982083 0.02093107513662873
v -0.0015138072494456222 0.04324782386202266 0.02080507377261176
v -0.001300721111089711 0.04381692331532296 0.021194428496915663
v -0.0012015433882164857 0.043084219117923726 0.021064816521765284
v -0.0015138072494456222 0.04324782386202266 0.02080507377261176
v -0.0015004786965664562 0.043000578061704896 0.02074544051477445
v -0.0014343087162354406 0.044323007781499356 0.021300728855968565
v -0.001595473246061365 0.04381169717982083 0.02093107513662873
v -0.001300721111089711 0.04381692331532296 0.021194428496915663
v -0.001774347747202711 0.044515516488152794 0.021137030651782185
v -0.001595473246061365 0.04381169717982083 0.02093107513662873
v -0.0014343087162354406 0.044323007781499356 0.021300728855968565
v -0.0020000000949949017 0.04581409671950978 0.021380944313880157
v -0.0017004419180774437 0.04531019807497041 0.021546774933939306
v -0.0017000001284293847 0.045700529361820695 0.021659556463954344
v -0.0020000000949949017 0.04581409671950978 0.021380944313880157
v -0.0020000017639250347 0.045076383824362874 0.021172450117575847
v -0.0017004419180774437 0.04531019807497041 0.021546774933939306
v -0.0017004419180774437 0.04531019807497041 0.021546774933939306
v -0.0020000017639250347 0.045076383824362874 0.021172450117575847
v -0.0018745879825241693 0.04488081954505454 0.021253289278519993
v -0.0020000077243897954 0.04646961814346764 0.02157609279116679
v -0.0020000000949949017 0.04581409671950978 0.021380944313880157
v -0.0017000001284293847 0.04586522510938942 0.021709504204974195
v -0.0017000001284293847 0.04586522510938942 0.021709504204974195
v -0.0017005914065336407 0.04617353277173832 0.021806096159024957
v -0.0020000077243897954 0.04646961814346764 0.02157609279116679
v -0.0017000001284293847 0.045700529361820695 0.021659556463954344
v -0.0017000001284293847 0.04586522510938942 0.021709504204974195
v -0.0020000000949949017 0.04581409671950978 0.021380944313880157
v -0.002000000810250673 0.04638499289530753 0.01723833547453868
v -0.0017002638193903956 0.046505678478432365 0.016917155115655502
v -0.0017001949164177626 0.046260629943843966 0.01696045574637428
v -0.002000000810250673 0.04638499289530753 0.01723833547453868
v -0.002000009154901338 0.04693330606222015 0.01718747602082904
v -0.0017002638193903956 0.046505678478432365 0.016917155115655502
v -0.002000009154901338 0.04693330606222015 0.01718747602082904
v -0.0017003702732910208 0.04667016441764151 0.016900019494724416
v -0.0017002638193903956 0.046505678478432365 0.016917155115655502
v -0.002000009154901338 0.04693330606222015 0.01718747602082904
v -0.0016997137877022832 0.04691263040205842 0.01689495548386377
v -0.0017003702732910208 0.04667016441764151 0.016900019494724416
v -0.0017000079962428687 0.04737471996258071 0.01695324406085108
v -0.002000009154901338 0.04693330606222015 0.01718747602082904
v -0.0020000077243897954 0.04768502652639175 0.01735489164767734
v -0.0020000077243897954 0.04768502652639175 0.01735489164767734
v -0.0017000026318245841 0.0475475944214754 0.016996676298631774
v -0.0017000079962428687 0.04737471996258071 0.01695324406085108
v -0.0020000077243897954 0.04768502652639175 0.01735489164767734
v -0.0017001946779991721 0.04801281584860153 0.01718585858911159
v -0.0017000598522862863 0.04776428068054674 0.01707141766570719
v -0.0020000077243897954 0.04768502652639175 0.01735489164767734
v -0.002000004148110939 0.048207411194758375 0.017664324645773055
v -0.0017009601208837343 0.048294199376370826 0.017359457840521175
v -0.002000004148110939 0.048207411194758375 0.017664324645773055
v -0.001699912986434584 0.048463243879028915 0.017494271155640284
v -0.0017009601208837343 0.048294199376370826 0.017359457840521175
v -0.0016998533817869776 0.048593595905483976 0.01761295211525682
v -0.002000004148110939 0.048207411194758375 0.017664324645773055
v -0.002000002956017987 0.048578272265840126 0.018039915941688855
v -0.002000002956017987 0.048578272265840126 0.018039915941688855
v -0.0016999451729442915 0.04884946292203154 0.017908198253547836
v -0.0016995719286409798 0.04874286883127523 0.017774021992902345
v -0.002000002956017987 0.048578272265840126 0.018039915941688855
v -0.002000009154901338 0.04888936847202265 0.018574744153126987
v -0.001700421890915848 0.0490013031392045 0.018135855582476212
v -0.0016999965521505283 0.049271852926224845 0.018818694054850704
v -0.002000009154901338 0.04888936847202265 0.018574744153126987
v -0.0020000017639250347 0.04902181858207346 0.019094443274491057
v -0.0020000017639250347 0.04902181858207346 0.019094443274491057
v -0.001699892840063693 0.04933354421333471 0.019227585752128462
v -0.00170010109870243 0.0493162025987415 0.019051371525619087
v -0.001699892840063693 0.04933354421333471 0.019227585752128462
v -0.0020000017639250347 0.04902181858207346 0.019094443274491057
v -0.0020000000949949017 0.04903758472662114 0.01951104066061138
v -0.0020000000949949017 0.04903758472662114 0.01951104066061138
v -0.0016996636005889986 0.04933776326871089 0.01948882577002986
v -0.0016999998900107942 0.04933829732635344 0.019341196978838182
v -0.0020000000949949017 0.04903758472662114 0.01951104066061138
v -0.0016994770380419904 0.04931375356298064 0.019757906898533184
v -0.001700000366847975 0.0493302025383713 0.01960341737398341
v -0.0020000000949949017 0.04903758472662114 0.01951104066061138
v -0.0020000043865295294 0.048974348487045315 0.019946709626617043
v -0.0016994770380419904 0.04931375356298064 0.019757906898533184
v -0.0020000043865295294 0.048974348487045315 0.019946709626617043
v -0.0017000032278710602 0.04927498097813123 0.019955578798180884
v -0.0016994770380419904 0.04931375356298064 0.019757906898533184
v -0.0020000043865295294 0.048974348487045315 0.019946709626617043
v -0.0017000183674515522 0.04923897023423331 0.020096631050974256
v -0.0017000032278710602 0.04927498097813123 0.019955578798180884
v -0.0020000043865295294 0.048974348487045315 0.019946709626617043
v -0.0017005332323975768 0.049168974350781734 0.020302992831405797
v -0.0017000183674515522 0.04923897023423331 0.020096631050974256
v -0.0020000043865295294 0.048974348487045315 0.019946709626617043
v -0.002000008678064157 0.0487083076724071 0.020572772049541888
v -0.0017005332323975768 0.049168974350781734 0.020302992831405797
v -0.002000008678064157 0.0487083076724071 0.020572772049541888
v -0.0016998207184400892 0.04908842701419227 0.020486693401654543
v -0.0017005332323975768 0.049168974350781734 0.020302992831405797
v -0.002000008678064157 0.0487083076724071 0.020572772049541888
v -0.0017003002974347308 0.049011003914811745 0.020633854892408987
v -0.0016998207184400892 0.04908842701419227 0.020486693401654543
v -0.001700101694748906 0.04872901766484585 0.021030457541861836
v -0.002000008678064157 0.0487083076724071 0.020572772049541888
v -0.002000014161691737 0.0482261795061967 0.021117323924771947
v -0.0017007075163871781 0.04853312532155709 0.02123481088408763
v -0.001700101694748906 0.04872901766484585 0.021030457541861836
v -0.002000014161691737 0.0482261795061967 0.021117323924771947
v -0.002000014161691737 0.0482261795061967 0.021117323924771947
v -0.0016998779389017914 0.04833681336154918 0.02139714914863422
v -0.0017007075163871781 0.04853312532155709 0.02123481088408763
v -0.002000014161691737 0.0482261795061967 0.021117323924771947
v -0.0020000105854128805 0.04756549298189585 0.021481118268833477
v -0.0016997924658371237 0.04804545058525902 0.021585024905238503
v -0.001700862488470955 0.04766093671201512 0.021756815990058298
v -0.001699960550943374 0.04786557997124687 0.0216748724742033
v -0.0020000105854128805 0.04756549298189585 0.021481118268833477
v -0.0020000105854128805 0.04756549298189585 0.021481118268833477
v -0.0016989489408641971 0.04736909709854411 0.021840579116595427
v -0.001700862488470955 0.04766093671201512 0.021756815990058298
v -0.0020000105854128805 0.04756549298189585 0.021481118268833477
v -0.002000002002343625 0.04707924112774544 0.021585032534633397
v -0.0016989489408641971 0.04736909709854411 0.021840579116595427
v -0.002000002002343625 0.04707924112774544 0.021585032534633397
v -0.001699321708330328 0.04707609018765437 0.021884562578157185
v -0.0016989489408641971 0.04736909709854411 0.021840579116595427
v -0.0016998819920178287 0.046761560753769714 0.021896041002774647
v -0.002000002002343625 0.04707924112774544 0.021585032534633397
v -0.0020000077243897954 0.04646961814346764 0.02157609279116679
v -0.0017005914065336407 0.04617353277173832 0.021806096159024957
v -0.001700288138086619 0.04643008643382631 0.021862286652416518
v -0.0020000077243897954 0.04646961814346764 0.02157609279116679
v -0.001700288138086619 0.04643008643382631 0.021862286652416518
v -0.0016998819920178287 0.046761560753769714 0.021896041002774647
v -0.0020000077243897954 0.04646961814346764 0.02157609279116679
v -0.0016998819920178287 0.046761560753769714 0.021896041002774647
v -0.001699321708330328 0.04707609018765437 0.021884562578157185
v -0.002000002002343625 0.04707924112774544 0.021585032534633397
v -0.001699960550943374 0.04786557997124687 0.0216748724742033
v -0.0016997924658371237 0.04804545058525902 0.021585024905238503
v -0.0020000105854128805 0.04756549298189585 0.021481118268833477
v -0.0016997924658371237 0.04804545058525902 0.021585024905238503
v -0.0016999946448018049 0.04819784011886432 0.021493176527462854
v -0.002000014161691737 0.0482261795061967 0.021117323924771947
v -0.0016999946448018049 0.04819784011886432 0.021493176527462854
v -0.0016998779389017914 0.04833681336154918 0.02139714914863422
v -0.002000014161691737 0.0482261795061967 0.021117323924771947
v -0.001700101694748906 0.04872901766484585 0.021030457541861836
v -0.0016998622032748233 0.0488972114899733 0.020816229855294965
v -0.002000008678064157 0.0487083076724071 0.020572772049541888
v -0.0016998622032748233 0.0488972114899733 0.020816229855294965
v -0.0017003002974347308 0.049011003914811745 0.020633854892408987
v -0.002000008678064157 0.0487083076724071 0.020572772049541888
v -0.001700000366847975 0.0493302025383713 0.01960341737398341
v -0.0016996636005889986 0.04933776326871089 0.01948882577002986
v -0.0020000000949949017 0.04903758472662114 0.01951104066061138
v -0.0016999998900107942 0.04933829732635344 0.019341196978838182
v -0.001699892840063693 0.04933354421333471 0.019227585752128462
v -0.0020000000949949017 0.04903758472662114 0.01951104066061138
v -0.00170010109870243 0.0493162025987415 0.019051371525619087
v -0.0017000019165688128 0.04929443212041253 0.01892505735641148
v -0.0020000017639250347 0.04902181858207346 0.019094443274491057
v -0.0017000019165688128 0.04929443212041253 0.01892505735641148
v -0.0016999965521505283 0.049271852926224845 0.018818694054850704
v -0.0020000017639250347 0.04902181858207346 0.019094443274491057
v -0.0016999965521505283 0.049271852926224845 0.018818694054850704
v -0.0016995908829189187 0.04921515126337541 0.018614375044901932
v -0.002000009154901338 0.04888936847202265 0.018574744153126987
v -0.0016995908829189187 0.04921515126337541 0.018614375044901932
v -0.0016995387884569107 0.04913591618270765 0.01840545932452975
v -0.002000009154901338 0.04888936847202265 0.018574744153126987
v -0.0016995387884569107 0.04913591618270765 0.01840545932452975
v -0.001700421890915848 0.0490013031392045 0.018135855582476212
v -0.002000009154901338 0.04888936847202265 0.018574744153126987
v -0.001700421890915848 0.0490013031392045 0.018135855582476212
v -0.0016999451729442915 0.04884946292203154 0.017908198253547836
v -0.002000002956017987 0.048578272265840126 0.018039915941688855
v -0.0016995719286409798 0.04874286883127523 0.017774021992902345
v -0.0016998533817869776 0.048593595905483976 0.01761295211525682
v -0.002000002956017987 0.048578272265840126 0.018039915941688855
v -0.0016998533817869776 0.048593595905483976 0.01761295211525682
v -0.001699912986434584 0.048463243879028915 0.017494271155640284
v -0.002000004148110939 0.048207411194758375 0.017664324645773055
v -0.0017009601208837343 0.048294199376370826 0.017359457840521175
v -0.0017001946779991721 0.04801281584860153 0.01718585858911159
v -0.0020000077243897954 0.04768502652639175 0.01735489164767734
v -0.0017000598522862863 0.04776428068054674 0.01707141766570719
v -0.0017000026318245841 0.0475475944214754 0.016996676298631774
v -0.0020000077243897954 0.04768502652639175 0.01735489164767734
v -0.0017000079962428687 0.04737471996258071 0.01695324406085108
v -0.0017003613325938798 0.04717606196364301 0.016916497080345927
v -0.002000009154901338 0.04693330606222015 0.01718747602082904
v -0.0017003613325938798 0.04717606196364301 0.016916497080345927
v -0.0016997137877022832 0.04691263040205842 0.01689495548386377
v -0.002000009154901338 0.04693330606222015 0.01718747602082904
v -0.0017001975390222572 0.045443296683587174 0.017188603263924573
v -0.0016999148937833074 0.0458748801086273 0.017071644640205275
v 0.0016999760481517516 0.04584810093255067 0.017079201555847412
v 0.0016999760481517516 0.04584810093255067 0.017079201555847412
v 0.0017000034662896506 0.04546399904663103 0.01718298612193414
v -0.0017001975390222572 0.045443296683587174 0.017188603263924573
v -0.0016999148937833074 0.0458748801086273 0.017071644640205275
v -0.0017001949164177626 0.046260629943843966 0.01696045574637428
v 0.001700023255032656 0.046195066738825584 0.016979018064150475
v 0.0016580202174922697 0.04508965515678034 0.017276543484165963
v -0.001629664021649268 0.044996523133313836 0.01729841695932599
v -0.001699901184714358 0.045234663250826056 0.017241171702090385
v -0.0017001975390222572 0.045443296683587174 0.017188603263924573
v 0.0017000034662896506 0.04546399904663103 0.01718298612193414
v 0.0017000085922893448 0.045214731456666456 0.017246098383842945
v 0.0017000085922893448 0.045214731456666456 0.017246098383842945
v 0.0016580202174922697 0.04508965515678034 0.017276543484165963
v -0.0017001975390222572 0.045443296683587174 0.017188603263924573
v 0.0016580202174922697 0.04508965515678034 0.017276543484165963
v -0.0015502930423849641 0.04474256346548968 0.017356276382850533
v -0.001629664021649268 0.044996523133313836 0.01729841695932599
v -0.0015502930423849641 0.04474256346548968 0.017356276382850533
v 0.0016580202174922697 0.04508965515678034 0.017276543484165963
v 0.0016134250930367737 0.04494430373996441 0.017310765134961326
v 0.0016134250930367737 0.04494430373996441 0.017310765134961326
v 0.0014792295204854582 0.04451596662245152 0.017405714861761235
v -0.0015502930423849641 0.04474256346548968 0.017356276382850533
v 0.0014792295204854582 0.04451596662245152 0.017405714861761235
v -0.0013735409435355888 0.04412967128549996 0.017481823797871332
v -0.0014619423845401568 0.0444514028681642 0.017418507449649123
v -0.0013735409435355888 0.04412967128549996 0.017481823797871332
v 0.0014792295204854582 0.04451596662245152 0.017405714861761235
v 0.0013579594541861938 0.04408685130665948 0.017489769812653044
v 0.0013579594541861938 0.04408685130665948 0.017489769812653044
v 0.0012597426774416797 0.043624090359386546 0.017570635676479318
v -0.0013735409435355888 0.04412967128549996 0.017481823797871332
v 0.0012597426774416797 0.043624090359386546 0.017570635676479318
v -0.001221350489453293 0.043323606641501054 0.017616589429272356
v -0.001283797563494809 0.04374803369413096 0.017549784540235036
v 0.0012597426774416797 0.043624090359386546 0.017570635676479318
v 0.00119595819431717 0.042924265039281394 0.017671641235476043
v -0.001221350489453293 0.043323606641501054 0.017616589429272356
v 0.00119595819431717 0.042924265039281394 0.017671641235476043
v -0.0011989337775349797 0.0427604924484948 0.017690644150807344
v -0.001221350489453293 0.043323606641501054 0.017616589429272356
v -0.0011989337775349797 0.0427604924484948 0.017690644150807344
v 0.00119595819431717 0.042924265039281394 0.017671641235476043
v 0.0012000034425409252 0.042362104520636844 0.017732870944194845
v -0.0011999514672882123 0.0418836727962524 0.017774542699103835
v 0.0012000034425409252 0.042362104520636844 0.017732870944194845
v 0.0012003033731276809 0.04183965500241362 0.01777784431974405
v 0.0012003033731276809 0.04183965500241362 0.01777784431974405
v 0.001199620423075406 0.04091245082629371 0.017821288001617086
v -0.001200038609283013 0.04132754712896871 0.01780625237163047
v 0.0012003033731276809 0.04183965500241362 0.01777784431974405
v -0.001200038609283013 0.04132754712896871 0.01780625237163047
v -0.0011999514672882123 0.0418836727962524 0.017774542699103835
v -0.0011998988959890234 0.04064596369205422 0.017825671088983475
v 0.001199620423075406 0.04091245082629371 0.017821288001617086
v 0.0012000001046806592 0.040342370995749575 0.01782557381419858
v 0.0012000001046806592 0.040342370995749575 0.01782557381419858
v 0.0012000001046806592 0.04022199440311793 0.017824793708570708
v -0.0012000001046806592 0.04022199440311793 0.017824793708570708
v -0.0012000001046806592 0.04022199440311793 0.017824793708570708
v -0.0011998988959890234 0.04064596369205422 0.017825671088983475
v 0.0012000001046806592 0.040342370995749575 0.01782557381419858
v -0.0011998988959890234 0.04064596369205422 0.017825671088983475
v -0.001200038609283013 0.04132754712896871 0.01780625237163047
v 0.001199620423075406 0.04091245082629371 0.017821288001617086
v -0.0011999514672882123 0.0418836727962524 0.017774542699103835
v -0.0011989337775349797 0.0427604924484948 0.017690644150807344
v 0.0012000034425409252 0.042362104520636844 0.017732870944194845
v -0.001283797563494809 0.04374803369413096 0.017549784540235036
v -0.0013735409435355888 0.04412967128549996 0.017481823797871332
v 0.0012597426774416797 0.043624090359386546 0.017570635676479318
v -0.0014619423845401568 0.0444514028681642 0.017418507449649123
v -0.0015502930423849641 0.04474256346548968 0.017356276382850533
v 0.0014792295204854582 0.04451596662245152 0.017405714861761235
v -0.001699901184714358 0.045234663250826056 0.017241171702090385
v -0.0017001975390222572 0.045443296683587174 0.017188603263924573
v 0.0016580202174922697 0.04508965515678034 0.017276543484165963
v 0.001700023255032656 0.046195066738825584 0.016979018064150475
v 0.0016999760481517516 0.04584810093255067 0.017079201555847412
v -0.0016999148937833074 0.0458748801086273 0.017071644640205275
v -0.0020000017639250347 0.045076383824362874 0.021172450117575847
v -0.0020000000949949017 0.04475446150682629 0.020784087214608116
v -0.0018829182088643528 0.04467568418985215 0.02099897293648456
v -0.0020000005718320826 0.04435046215902407 0.019752034171813815
v -0.0020000015255064443 0.04437560101519857 0.018932600920612552
v -0.001758511507589446 0.04392663019919587 0.01907869048138444
v -0.0020000015255064443 0.04437560101519857 0.018932600920612552
v -0.002000003671273758 0.044613691541643984 0.01822554674884569
v -0.0018570029425501308 0.0442208425544788 0.01858366482310636
v -0.001758511507589446 0.04392663019919587 0.01907869048138444
v -0.0020000015255064443 0.04437560101519857 0.018932600920612552
v -0.0018570029425501308 0.0442208425544788 0.01858366482310636
v -0.0018884104195134024 0.04440667935529776 0.02053161718613694
v -0.001999946450812056 0.04450241300242299 0.02026568318302724
v -0.001790470089124487 0.0440396634992424 0.02005055522786292
v -0.001758511507589446 0.04392663019919587 0.01907869048138444
v -0.0018570029425501308 0.0442208425544788 0.01858366482310636
v -0.0016923127978182844 0.04388256662898773 0.018472788734466006
v -0.0017260864600822372 0.04412919063362166 0.020721613914521653
v -0.0018884104195134024 0.04440667935529776 0.02053161718613694
v -0.001790470089124487 0.0440396634992424 0.02005055522786292
v -0.001774347747202711 0.044515516488152794 0.021137030651782185
v -0.0017260864600822372 0.04412919063362166 0.020721613914521653
v -0.001595473246061365 0.04381169717982083 0.02093107513662873
v -0.001790470089124487 0.0440396634992424 0.02005055522786292
v -0.0017789115558606424 0.04395540827673463 0.019510809871415846
v -0.0016516698191269823 0.04370419900576963 0.02007555866227806
v -0.0016516698191269823 0.04370419900576963 0.02007555866227806
v -0.0017789115558606424 0.04395540827673463 0.019510809871415846
v -0.0016327935040671975 0.043557100457523056 0.019389101949375265
v -0.0017789115558606424 0.04395540827673463 0.019510809871415846
v -0.001758511507589446 0.04392663019919587 0.01907869048138444
v -0.0016327935040671975 0.043557100457523056 0.019389101949375265
v -0.001758511507589446 0.04392663019919587 0.01907869048138444
v -0.0016923127978182844 0.04388256662898773 0.018472788734466006
v -0.0015955574078237854 0.04354344002596602 0.018504240914914982
v -0.0016516698191269823 0.04370419900576963 0.02007555866227806
v -0.0016327935040671975 0.043557100457523056 0.019389101949375265
v -0.0015411804454402982 0.04321003165441708 0.01973896311101231
v -0.0016327935040671975 0.043557100457523056 0.019389101949375265
v -0.0015955574078237854 0.04354344002596602 0.018504240914914982
v -0.0015502337953652433 0.04325237098137926 0.018982632584976233
v -0.001595473246061365 0.04381169717982083 0.02093107513662873
v -0.0016353509010774002 0.04376167886689821 0.020489333172287738
v -0.0015467330952020208 0.043342760237381504 0.020350033772971177
v -0.0016353509010774002 0.04376167886689821 0.020489333172287738
v -0.0016516698191269823 0.04370419900576963 0.02007555866227806
v -0.0015467330952020208 0.043342760237381504 0.020350033772971177
v -0.0015955574078237854 0.04354344002596602 0.018504240914914982
v -0.0015976230664912349 0.043843866523389806 0.017790644537026834
v -0.0015343695415676033 0.043443617023177804 0.01788177384433376
v -0.0015502337953652433 0.04325237098137926 0.018982632584976233
v -0.0015955574078237854 0.04354344002596602 0.018504240914914982
v -0.0015343695415676033 0.043443617023177804 0.01788177384433376
v -0.001595473246061365 0.04381169717982083 0.02093107513662873
v -0.0015467330952020208 0.043342760237381504 0.020350033772971177
v -0.0015138072494456222 0.04324782386202266 0.02080507377261176
v -0.0015411804454402982 0.04321003165441708 0.01973896311101231
v -0.0015502337953652433 0.04325237098137926 0.018982632584976233
v -0.001508329224702703 0.04292041219486011 0.019356108631157776
v -0.0015138072494456222 0.04324782386202266 0.02080507377261176
v -0.0015467330952020208 0.043342760237381504 0.020350033772971177
v -0.0015004786965664562 0.043000578061704896 0.02074544051477445
v -0.001508329224702703 0.04292041219486011 0.019356108631157776
v -0.0015502337953652433 0.04325237098137926 0.018982632584976233
v -0.0015021265266541844 0.04306211294621944 0.017956034559530876
v -0.0015502337953652433 0.04325237098137926 0.018982632584976233
v -0.0015343695415676033 0.043443617023177804 0.01788177384433376
v -0.0015021265266541844 0.04306211294621944 0.017956034559530876
v -0.0015411804454402982 0.04321003165441708 0.01973896311101231
v -0.001508329224702703 0.04292041219486011 0.019356108631157776
v -0.0015004786965664562 0.043000578061704896 0.02074544051477445
v -0.001508329224702703 0.04292041219486011 0.019356108631157776
v -0.0015021265266541844 0.04306211294621944 0.017956034559530876
v -0.001499999952036881 0.04279985249675102 0.01853787700965226
v -0.0015004786965664562 0.043000578061704896 0.02074544051477445
v -0.001508329224702703 0.04292041219486011 0.019356108631157776
v -0.0015000001904554715 0.04271517384282666 0.019892245283820165
v -0.001508329224702703 0.04292041219486011 0.019356108631157776
v -0.001499999952036881 0.04279985249675102 0.01853787700965226
v -0.0015000001904554715 0.042681802869561934 0.01920593925146652
v -0.0015000001904554715 0.04271517384282666 0.019892245283820165
v -0.001508329224702703 0.04292041219486011 0.019356108631157776
v -0.0015000001904554715 0.042681802869561934 0.01920593925146652
v -0.001774347747202711 0.044515516488152794 0.021137030651782185
v -0.0018745879825241693 0.04488081954505454 0.021253289278519993
v -0.0018829182088643528 0.04467568418985215 0.02099897293648456
v -0.0015000000712461763 0.04268068134851257 0.01938704392010271
v -0.0015000000712461763 0.042685297132423215 0.0196395559102458
v -0.0015000001904554715 0.04271517384282666 0.019892245283820165
v -0.0015000001904554715 0.042681802869561934 0.01920593925146652
v -0.0015000000712461763 0.04268068134851257 0.01938704392010271
v -0.0015000001904554715 0.04271517384282666 0.019892245283820165
v -0.0015000000712461763 0.042703470351059834 0.018954554504418963
v -0.0015000001904554715 0.042681802869561934 0.01920593925146652
v -0.001499999952036881 0.04279985249675102 0.01853787700965226
v -0.0015000000712461763 0.04272187245154326 0.018811079918746865
v -0.0015000000712461763 0.042703470351059834 0.018954554504418963
v -0.001499999952036881 0.04279985249675102 0.01853787700965226
v -0.0015411804454402982 0.04321003165441708 0.01973896311101231
v -0.0015004786965664562 0.043000578061704896 0.02074544051477445
v -0.0015467330952020208 0.043342760237381504 0.020350033772971177
v -0.0015502337953652433 0.04325237098137926 0.018982632584976233
v -0.0015411804454402982 0.04321003165441708 0.01973896311101231
v -0.0016327935040671975 0.043557100457523056 0.019389101949375265
v -0.0015976230664912349 0.043843866523389806 0.017790644537026834
v -0.0015955574078237854 0.04354344002596602 0.018504240914914982
v -0.0016607451035622466 0.043946771801715044 0.01805938615745739
v -0.0015467330952020208 0.043342760237381504 0.020350033772971177
v -0.0016516698191269823 0.04370419900576963 0.02007555866227806
v -0.0015411804454402982 0.04321003165441708 0.01973896311101231
v -0.0016607451035622466 0.043946771801715044 0.01805938615745739
v -0.0015955574078237854 0.04354344002596602 0.018504240914914982
v -0.0016923127978182844 0.04388256662898773 0.018472788734466006
v -0.0015976230664912349 0.043843866523389806 0.017790644537026834
v -0.0016607451035622466 0.043946771801715044 0.01805938615745739
v -0.0017321253645591333 0.0444015409578369 0.01764926040555559
v -0.0015955574078237854 0.04354344002596602 0.018504240914914982
v -0.0016327935040671975 0.043557100457523056 0.019389101949375265
v -0.001758511507589446 0.04392663019919587 0.01907869048138444
v -0.0016353509010774002 0.04376167886689821 0.020489333172287738
v -0.001595473246061365 0.04381169717982083 0.02093107513662873
v -0.0017260864600822372 0.04412919063362166 0.020721613914521653
v -0.0016353509010774002 0.04376167886689821 0.020489333172287738
v -0.0017260864600822372 0.04412919063362166 0.020721613914521653
v -0.001790470089124487 0.0440396634992424 0.02005055522786292
v -0.0016516698191269823 0.04370419900576963 0.02007555866227806
v -0.0016353509010774002 0.04376167886689821 0.020489333172287738
v -0.001790470089124487 0.0440396634992424 0.02005055522786292
v -0.0016607451035622466 0.043946771801715044 0.01805938615745739
v -0.0016923127978182844 0.04388256662898773 0.018472788734466006
v -0.0018396600166546697 0.04449349805448979 0.017911848919004436
v -0.0017321253645591333 0.0444015409578369 0.01764926040555559
v -0.0016607451035622466 0.043946771801715044 0.01805938615745739
v -0.0018396600166546697 0.04449349805448979 0.017911848919004436
v -0.0018396600166546697 0.04449349805448979 0.017911848919004436
v -0.0016923127978182844 0.04388256662898773 0.018472788734466006
v -0.0018570029425501308 0.0442208425544788 0.01858366482310636
v -0.0017260864600822372 0.04412919063362166 0.020721613914521653
v -0.001774347747202711 0.044515516488152794 0.021137030651782185
v -0.0018829182088643528 0.04467568418985215 0.02099897293648456
v -0.00187273797347176 0.04490880798022181 0.017498618003380928
v -0.0017321253645591333 0.0444015409578369 0.01764926040555559
v -0.0018396600166546697 0.04449349805448979 0.017911848919004436
v -0.0018884104195134024 0.04440667935529776 0.02053161718613694
v -0.0017260864600822372 0.04412919063362166 0.020721613914521653
v -0.0018829182088643528 0.04467568418985215 0.02099897293648456
v -0.00187273797347176 0.04490880798022181 0.017498618003380928
v -0.0018396600166546697 0.04449349805448979 0.017911848919004436
v -0.0019999999757856065 0.04510680985119866 0.017581135631201672
v -0.0018396600166546697 0.04449349805448979 0.017911848919004436
v -0.002000003671273758 0.044613691541643984 0.01822554674884569
v -0.0019999999757856065 0.04510680985119866 0.017581135631201672
v -0.0018396600166546697 0.04449349805448979 0.017911848919004436
v -0.0018570029425501308 0.0442208425544788 0.01858366482310636
v -0.002000003671273758 0.044613691541643984 0.01822554674884569
v -0.001758511507589446 0.04392663019919587 0.01907869048138444
v -0.0017789115558606424 0.04395540827673463 0.019510809871415846
v -0.0020000005718320826 0.04435046215902407 0.019752034171813815
v -0.0017789115558606424 0.04395540827673463 0.019510809871415846
v -0.001790470089124487 0.0440396634992424 0.02005055522786292
v -0.0020000005718320826 0.04435046215902407 0.019752034171813815
v -0.001790470089124487 0.0440396634992424 0.02005055522786292
v -0.001999946450812056 0.04450241300242299 0.02026568318302724
v -0.0020000005718320826 0.04435046215902407 0.019752034171813815
v -0.001999946450812056 0.04450241300242299 0.02026568318302724
v -0.0018884104195134024 0.04440667935529776 0.02053161718613694
v -0.0020000000949949017 0.04475446150682629 0.020784087214608116
v -0.0018884104195134024 0.04440667935529776 0.02053161718613694
v -0.0018829182088643528 0.04467568418985215 0.02099897293648456
v -0.0020000000949949017 0.04475446150682629 0.020784087214608116
v -0.0018829182088643528 0.04467568418985215 0.02099897293648456
v -0.0018745879825241693 0.04488081954505454 0.021253289278519993
v -0.0020000017639250347 0.045076383824362874 0.021172450117575847
v -0.0016999148937833074 0.0458748801086273 0.017071644640205275
v -0.002000000333413492 0.04554085757078943 0.017473708029053237
v -0.002000000810250673 0.04638499289530753 0.01723833547453868
v -0.002000000333413492 0.04554085757078943 0.017473708029053237
v -0.0017001975390222572 0.045443296683587174 0.017188603263924573
v -0.001699901184714358 0.045234663250826056 0.017241171702090385
v -0.001699901184714358 0.045234663250826056 0.017241171702090385
v -0.00187273797347176 0.04490880798022181 0.017498618003380928
v -0.002000000333413492 0.04554085757078943 0.017473708029053237
v -0.00187273797347176 0.04490880798022181 0.017498618003380928
v -0.0019999999757856065 0.04510680985119866 0.017581135631201672
v -0.002000000333413492 0.04554085757078943 0.017473708029053237
v -0.0017001949164177626 0.046260629943843966 0.01696045574637428
v -0.0016999148937833074 0.0458748801086273 0.017071644640205275
v -0.002000000810250673 0.04638499289530753 0.01723833547453868
v -0.0016999148937833074 0.0458748801086273 0.017071644640205275
v -0.0017001975390222572 0.045443296683587174 0.017188603263924573
v -0.002000000333413492 0.04554085757078943 0.017473708029053237
v -0.0014999989983625194 0.040991670648171684 0.01812116327525981
v -0.001200038609283013 0.04132754712896871 0.01780625237163047
v -0.0011998988959890234 0.04064596369205422 0.017825671088983475
v -0.0014999989983625194 0.040991670648171684 0.01812116327525981
v -0.0015000000712461763 0.0421093846294829 0.018058510684393347
v -0.0011999514672882123 0.0418836727962524 0.017774542699103835
v -0.0015000000712461763 0.0421093846294829 0.018058510684393347
v -0.0011989337775349797 0.0427604924484948 0.017690644150807344
v -0.0011999514672882123 0.0418836727962524 0.017774542699103835
v -0.0015000000712461763 0.0421093846294829 0.018058510684393347
v -0.0015021265266541844 0.04306211294621944 0.017956034559530876
v -0.0011989337775349797 0.0427604924484948 0.017690644150807344
v -0.0011998988959890234 0.04064596369205422 0.017825671088983475
v -0.0015000000712461763 0.040218816760144736 0.018124777701090666
v -0.0014999989983625194 0.040991670648171684 0.01812116327525981
v -0.0011998988959890234 0.04064596369205422 0.017825671088983475
v -0.0012000001046806592 0.04022199440311793 0.017824793708570708
v -0.0015000000712461763 0.040218816760144736 0.018124777701090666
v -0.0011999514672882123 0.0418836727962524 0.017774542699103835
v -0.001200038609283013 0.04132754712896871 0.01780625237163047
v -0.0014999989983625194 0.040991670648171684 0.01812116327525981
v -0.001283797563494809 0.04374803369413096 0.017549784540235036
v -0.001221350489453293 0.043323606641501054 0.017616589429272356
v -0.0015343695415676033 0.043443617023177804 0.01788177384433376
v -0.0015343695415676033 0.043443617023177804 0.01788177384433376
v -0.0015976230664912349 0.043843866523389806 0.017790644537026834
v -0.001283797563494809 0.04374803369413096 0.017549784540235036
v -0.0015021265266541844 0.04306211294621944 0.017956034559530876
v -0.0015343695415676033 0.043443617023177804 0.01788177384433376
v -0.001221350489453293 0.043323606641501054 0.017616589429272356
v -0.0017321253645591333 0.0444015409578369 0.01764926040555559
v -0.001629664021649268 0.044996523133313836 0.01729841695932599
v -0.0015502930423849641 0.04474256346548968 0.017356276382850533
v -0.0014619423845401568 0.0444514028681642 0.017418507449649123
v -0.0015976230664912349 0.043843866523389806 0.017790644537026834
v -0.0017321253645591333 0.0444015409578369 0.01764926040555559
v -0.00187273797347176 0.04490880798022181 0.017498618003380928
v -0.001699901184714358 0.045234663250826056 0.017241171702090385
v -0.001629664021649268 0.044996523133313836 0.01729841695932599
v -0.00187273797347176 0.04490880798022181 0.017498618003380928
v -0.001629664021649268 0.044996523133313836 0.01729841695932599
v -0.0017321253645591333 0.0444015409578369 0.01764926040555559
v -0.0015502930423849641 0.04474256346548968 0.017356276382850533
v -0.0014619423845401568 0.0444514028681642 0.017418507449649123
v -0.0017321253645591333 0.0444015409578369 0.01764926040555559
v -0.0014619423845401568 0.0444514028681642 0.017418507449649123
v -0.0013735409435355888 0.04412967128549996 0.017481823797871332
v -0.0015976230664912349 0.043843866523389806 0.017790644537026834
v -0.001221350489453293 0.043323606641501054 0.017616589429272356
v -0.0011989337775349797 0.0427604924484948 0.017690644150807344
v -0.0015021265266541844 0.04306211294621944 0.017956034559530876
v -0.0015976230664912349 0.043843866523389806 0.017790644537026834
v -0.0013735409435355888 0.04412967128549996 0.017481823797871332
v -0.001283797563494809 0.04374803369413096 0.017549784540235036
v -0.0019999911542977608 0.04721882090732434 0.017881165400090993
v -0.0020000077243897954 0.04768502652639175 0.01735489164767734
v -0.002000009154901338 0.04693330606222015 0.01718747602082904
v -0.001999993061646484 0.04811989440593358 0.02028375721953024
v -0.002000014161691737 0.0482261795061967 0.021117323924771947
v -0.002000008678064157 0.0487083076724071 0.020572772049541888
v -0.002000008678064157 0.0487083076724071 0.020572772049541888
v -0.001999987816437495 0.04837168732560795 0.01968603799863522
v -0.001999993061646484 0.04811989440593358 0.02028375721953024
v -0.0020000077243897954 0.04646961814346764 0.02157609279116679
v -0.0019999953266230932 0.04701236185210791 0.02094177536296704
v -0.001999994134530141 0.0465245536013992 0.020918536226121054
v -0.0019999953266230932 0.04701236185210791 0.02094177536296704
v -0.0020000077243897954 0.04646961814346764 0.02157609279116679
v -0.002000002002343625 0.04707924112774544 0.021585032534633397
v -0.001999993061646484 0.04811989440593358 0.02028375721953024
v -0.0019999813791355533 0.04763663708927892 0.02074259093578168
v -0.002000014161691737 0.0482261795061967 0.021117323924771947
v -0.002000008678064157 0.0487083076724071 0.020572772049541888
v -0.0020000043865295294 0.048974348487045315 0.019946709626617043
v -0.001999987816437495 0.04837168732560795 0.01968603799863522
v -0.002000004148110939 0.048207411194758375 0.017664324645773055
v -0.0020000077243897954 0.04768502652639175 0.01735489164767734
v -0.0019999910350884656 0.04775688779689482 0.01813513841935621
v -0.0019999813791355533 0.04763663708927892 0.02074259093578168
v -0.0019999953266230932 0.04701236185210791 0.02094177536296704
v -0.0020000105854128805 0.04756549298189585 0.021481118268833477
v -0.0020000105854128805 0.04756549298189585 0.021481118268833477
v -0.002000014161691737 0.0482261795061967 0.021117323924771947
v -0.0019999813791355533 0.04763663708927892 0.02074259093578168
v -0.0019999910350884656 0.04775688779689482 0.01813513841935621
v -0.001999989008530447 0.04818968429572303 0.018609040190522563
v -0.002000002956017987 0.048578272265840126 0.018039915941688855
v -0.0019999911542977608 0.04721882090732434 0.017881165400090993
v -0.0019999910350884656 0.04775688779689482 0.01813513841935621
v -0.0020000077243897954 0.04768502652639175 0.01735489164767734
v -0.002000009154901338 0.04693330606222015 0.01718747602082904
v -0.0019999987836926544 0.046660978626189585 0.01785122193248223
v -0.0019999911542977608 0.04721882090732434 0.017881165400090993
v -0.001999998068436883 0.04545047212948463 0.018682272844757764
v -0.002000003671273758 0.044613691541643984 0.01822554674884569
v -0.0020000015255064443 0.04437560101519857 0.018932600920612552
v -0.0019999910350884656 0.04775688779689482 0.01813513841935621
v -0.002000002956017987 0.048578272265840126 0.018039915941688855
v -0.002000004148110939 0.048207411194758375 0.017664324645773055
v -0.002000009154901338 0.04693330606222015 0.01718747602082904
v -0.002000000810250673 0.04638499289530753 0.01723833547453868
v -0.0019999987836926544 0.046660978626189585 0.01785122193248223
v -0.0019999954458323884 0.04621646337680476 0.017962960142745565
v -0.002000000810250673 0.04638499289530753 0.01723833547453868
v -0.002000000333413492 0.04554085757078943 0.017473708029053237
v -0.0020000015255064443 0.04437560101519857 0.018932600920612552
v -0.0019999994989484257 0.045294100051744855 0.01921444411942419
v -0.001999998068436883 0.04545047212948463 0.018682272844757764
v -0.001999997472390407 0.048372587594205395 0.01914246650064899
v -0.001999987816437495 0.04837168732560795 0.01968603799863522
v -0.0020000000949949017 0.04903758472662114 0.01951104066061138
v -0.001999997472390407 0.048372587594205395 0.01914246650064899
v -0.0020000000949949017 0.04903758472662114 0.01951104066061138
v -0.0020000017639250347 0.04902181858207346 0.019094443274491057
v -0.002000009154901338 0.04888936847202265 0.018574744153126987
v -0.002000002956017987 0.048578272265840126 0.018039915941688855
v -0.001999989008530447 0.04818968429572303 0.018609040190522563
v -0.002000000333413492 0.04554085757078943 0.017473708029053237
v -0.001999999022111245 0.0457445166380799 0.01829145709133173
v -0.0019999954458323884 0.04621646337680476 0.017962960142745565
v -0.002000000333413492 0.04554085757078943 0.017473708029053237
v -0.0019999999757856065 0.04510680985119866 0.017581135631201672
v -0.001999999022111245 0.0457445166380799 0.01829145709133173
v -0.001999998068436883 0.04545047212948463 0.018682272844757764
v -0.0019999999757856065 0.04510680985119866 0.017581135631201672
v -0.002000003671273758 0.044613691541643984 0.01822554674884569
v -0.001999999022111245 0.04530628038069253 0.019662592868127104
v -0.0019999994989484257 0.045294100051744855 0.01921444411942419
v -0.0020000005718320826 0.04435046215902407 0.019752034171813815
v -0.002000002002343625 0.04707924112774544 0.021585032534633397
v -0.0020000105854128805 0.04756549298189585 0.021481118268833477
v -0.0019999953266230932 0.04701236185210791 0.02094177536296704
v -0.002000000810250673 0.04638499289530753 0.01723833547453868
v -0.0019999954458323884 0.04621646337680476 0.017962960142745565
v -0.0019999987836926544 0.046660978626189585 0.01785122193248223
v -0.0019999954458323884 0.04604770497645518 0.02073701957016061
v -0.0020000017639250347 0.045076383824362874 0.021172450117575847
v -0.0020000000949949017 0.04581409671950978 0.021380944313880157
v -0.001999994134530141 0.0465245536013992 0.020918536226121054
v -0.0020000000949949017 0.04581409671950978 0.021380944313880157
v -0.0020000077243897954 0.04646961814346764 0.02157609279116679
v -0.0020000017639250347 0.04902181858207346 0.019094443274491057
v -0.002000009154901338 0.04888936847202265 0.018574744153126987
v -0.001999997472390407 0.048372587594205395 0.01914246650064899
v -0.0020000005718320826 0.04435046215902407 0.019752034171813815
v -0.001999946450812056 0.04450241300242299 0.02026568318302724
v -0.0019999992605298353 0.04545964266214677 0.02011244487924002
v -0.0020000000949949017 0.04475446150682629 0.020784087214608116
v -0.0019999998565763113 0.045691885257406216 0.02044552327945981
v -0.0019999992605298353 0.04545964266214677 0.02011244487924002
v -0.0020000000949949017 0.04475446150682629 0.020784087214608116
v -0.0020000017639250347 0.045076383824362874 0.021172450117575847
v -0.0019999998565763113 0.045691885257406216 0.02044552327945981
v -0.0020000017639250347 0.045076383824362874 0.021172450117575847
v -0.0019999954458323884 0.04604770497645518 0.02073701957016061
v -0.0019999998565763113 0.045691885257406216 0.02044552327945981
v -0.001999994134530141 0.0465245536013992 0.020918536226121054
v -0.0019999954458323884 0.04604770497645518 0.02073701957016061
v -0.0020000000949949017 0.04581409671950978 0.021380944313880157
v -0.0020000043865295294 0.048974348487045315 0.019946709626617043
v -0.0020000000949949017 0.04903758472662114 0.01951104066061138
v -0.001999987816437495 0.04837168732560795 0.01968603799863522
v -0.001999989008530447 0.04818968429572303 0.018609040190522563
v -0.001999997472390407 0.048372587594205395 0.01914246650064899
v -0.002000009154901338 0.04888936847202265 0.018574744153126987
v -0.0019999999757856065 0.04510680985119866 0.017581135631201672
v -0.001999998068436883 0.04545047212948463 0.018682272844757764
v -0.001999999022111245 0.0457445166380799 0.01829145709133173
v -0.0020000015255064443 0.04437560101519857 0.018932600920612552
v -0.0020000005718320826 0.04435046215902407 0.019752034171813815
v -0.0019999994989484257 0.045294100051744855 0.01921444411942419
v -0.0019999992605298353 0.04545964266214677 0.02011244487924002
v -0.001999999022111245 0.04530628038069253 0.019662592868127104
v -0.0020000005718320826 0.04435046215902407 0.019752034171813815
v -0.001999946450812056 0.04450241300242299 0.02026568318302724
v -0.0020000000949949017 0.04475446150682629 0.020784087214608116
v -0.0019999992605298353 0.04545964266214677 0.02011244487924002
v 0.0019999954458323884 0.04527515244952653 0.019465777368056214
v 0.0016994926544596633 0.04560110308756695 0.019217213589770576
v 0.0016993506761890647 0.04558776690529289 0.019380860295541424
v 0.0019999994989484257 0.04537024141278325 0.018879671993538016
v 0.0017001494976762864 0.04562775256393039 0.01908288283387849
v 0.0016994926544596633 0.04560110308756695 0.019217213589770576
v 0.0016994926544596633 0.04560110308756695 0.019217213589770576
v 0.0019999954458323884 0.04527515244952653 0.019465777368056214
v 0.0019999994989484257 0.04537024141278325 0.018879671993538016
v 0.0017000525805192783 0.04572373416638966 0.018831828058160083
v 0.0019999994989484257 0.04537024141278325 0.018879671993538016
v 0.0019999993797391305 0.04554678179592433 0.018537962840344813
v 0.0019999993797391305 0.04554678179592433 0.018537962840344813
v 0.001699957213083108 0.04581875065039489 0.018673701219594774
v 0.0017000525805192783 0.04572373416638966 0.018831828058160083
v 0.0019999993797391305 0.04554678179592433 0.018537962840344813
v 0.0019999992605298353 0.0457928221518489 0.01824325075969635
v 0.0016995204302254479 0.04592323521346311 0.018543400691555245
v 0.0019999992605298353 0.0457928221518489 0.01824325075969635
v 0.0017001058670742385 0.046151647852485954 0.018350722230865424
v 0.0016999121519695175 0.046043737691110496 0.01842895786080212
v 0.0017001058670742385 0.046151647852485954 0.018350722230865424
v 0.0019999992605298353 0.0457928221518489 0.01824325075969635
v 0.0019999992605298353 0.046143301294472326 0.018005896469858174
v 0.0019999992605298353 0.046143301294472326 0.018005896469858174
v 0.0019999892469490374 0.04662562019555507 0.017852589501516913
v 0.001700188479115821 0.04649024421256256 0.01819376841176501
v 0.0019999892469490374 0.04662562019555507 0.017852589501516913
v 0.0017000767800062066 0.04659363395746354 0.018169163613233064
v 0.001700188479115821 0.04649024421256256 0.01819376841176501
v 0.0019999892469490374 0.04662562019555507 0.017852589501516913
v 0.001999992465600008 0.04720559535127624 0.01787855423968865
v 0.0017003324839444383 0.04692277749726694 0.01814709749585197
v 0.001999992465600008 0.04720559535127624 0.01787855423968865
v 0.0017000395867061001 0.04719766078058687 0.018195609003283097
v 0.0017000001284293847 0.04704508432680667 0.018162260918203055
v 0.001999992465600008 0.04720559535127624 0.01787855423968865
v 0.0019999911542977608 0.04777960813488804 0.018152327446051553
v 0.0017003665778028692 0.04736615215211517 0.01826099291752148
v 0.0019999911542977608 0.04777960813488804 0.018152327446051553
v 0.0017001193377245976 0.04780870664701233 0.01860540478385575
v 0.0017000144335448102 0.047722055794507966 0.018510682031553927
v 0.0017001193377245976 0.04780870664701233 0.01860540478385575
v 0.0019999911542977608 0.04777960813488804 0.018152327446051553
v 0.001999997353181112 0.04816244354125534 0.018578074383998056
v 0.001999997353181112 0.04816244354125534 0.018578074383998056
v 0.0017002245995322706 0.04791703642510694 0.01875847714830403
v 0.0017001193377245976 0.04780870664701233 0.01860540478385575
v 0.001699995836894757 0.047995428457638954 0.01891930288531296
v 0.0017002245995322706 0.04791703642510694 0.01875847714830403
v 0.001999997353181112 0.04816244354125534 0.018578074383998056
v 0.001999997353181112 0.04816244354125534 0.018578074383998056
v 0.0019999944921580267 0.048348551185593024 0.019021410891871815
v 0.001699995836894757 0.047995428457638954 0.01891930288531296
v 0.0019999944921580267 0.048348551185593024 0.019021410891871815
v 0.0017000220629397038 0.04803396453124666 0.019028908679703527
v 0.001699995836894757 0.047995428457638954 0.01891930288531296
v 0.0019999944921580267 0.048348551185593024 0.019021410891871815
v 0.0017002212616720046 0.04806399001485053 0.019144444421275164
v 0.0017000220629397038 0.04803396453124666 0.019028908679703527
v 0.0019999944921580267 0.048348551185593024 0.019021410891871815
v 0.0019999961610881597 0.04839222184196414 0.019476538629553675
v 0.0017003550145012335 0.04808738555429184 0.01930697532804282
v 0.0019999961610881597 0.04839222184196414 0.019476538629553675
v 0.0017001348349329753 0.048063421624930956 0.019647303560760276
v 0.0017009384247920055 0.04808471526607907 0.01951305100616585
v 0.0017001348349329753 0.048063421624930956 0.019647303560760276
v 0.0019999961610881597 0.04839222184196414 0.019476538629553675
v 0.0020000000949949017 0.04832183304467554 0.019843171108515634
v 0.0020000000949949017 0.04832183304467554 0.019843171108515634
v 0.0019999987836926544 0.048207735444041354 0.02013077450047196
v 0.0016997378679799162 0.04797604216521425 0.01991618251029892
v 0.0019999987836926544 0.048207735444041354 0.02013077450047196
v 0.0016999972674062995 0.047927912127527804 0.02000886630681542
v 0.0016997378679799162 0.04797604216521425 0.01991618251029892
v 0.0019999987836926544 0.048207735444041354 0.02013077450047196
v 0.0016995281788296367 0.04789739073325585 0.02006050395880421
v 0.0016999972674062995 0.047927912127527804 0.02000886630681542
v 0.001999982928856391 0.04788188017343711 0.020563900970629323
v 0.001700916251863096 0.04780307233888339 0.020193238263814806
v 0.0016995281788296367 0.04789739073325585 0.02006050395880421
v 0.0016995281788296367 0.04789739073325585 0.02006050395880421
v 0.0019999987836926544 0.048207735444041354 0.02013077450047196
v 0.001999982928856391 0.04788188017343711 0.020563900970629323
v 0.001999982928856391 0.04788188017343711 0.020563900970629323
v 0.0017006036850910477 0.04741739116822077 0.020506129285146057
v 0.0016995184036674292 0.04763673627141254 0.02035972691918353
v 0.001999982928856391 0.04788188017343711 0.020563900970629323
v 0.0019999937769022555 0.047367666587001554 0.020859417952439063
v 0.0017006036850910477 0.04741739116822077 0.020506129285146057
v 0.0019999937769022555 0.047367666587001554 0.020859417952439063
v 0.0017001893135808876 0.047098604531985465 0.02061862280550386
v 0.0017000121685682012 0.047232656814963934 0.020580731415764664
v 0.0017001893135808876 0.047098604531985465 0.02061862280550386
v 0.0019999937769022555 0.047367666587001554 0.020859417952439063
v 0.001999999022111245 0.04692640908923631 0.0209456835205013
v 0.001999999022111245 0.04692640908923631 0.0209456835205013
v 0.001999997472390407 0.0465459197217988 0.020923098604267443
v 0.0017001881214879354 0.04678555901540762 0.020644183185746234
v 0.001999997472390407 0.0465459197217988 0.020923098604267443
v 0.001700082621261672 0.04650509864442045 0.02059913351624809
v 0.0017001030060511534 0.046636473009791256 0.020629038836882385
v 0.001999997472390407 0.0465459197217988 0.020923098604267443
v 0.0019999994989484257 0.04615900258916341 0.020793879542954086
v 0.0016997823330470307 0.04639444953027818 0.02056360723892592
v 0.0016998929592729882 0.04613171224362891 0.02042671109900085
v 0.0019999994989484257 0.04615900258916341 0.020793879542954086
v 0.0019999960418788645 0.0457234442493837 0.02048717214618412
v 0.0019999960418788645 0.0457234442493837 0.02048717214618412
v 0.0017000001284293847 0.04599341801708958 0.020314833652280706
v 0.0016998929592729882 0.04613171224362891 0.02042671109900085
v 0.0019999960418788645 0.0457234442493837 0.02048717214618412
v 0.0017000436398221374 0.045803312569827635 0.02009538936695532
v 0.001700124582933587 0.045873354229648576 0.020189890866805227
v 0.0019999998565763113 0.0454407484656927 0.02007466983777295
v 0.0017007106158288536 0.045716284062276034 0.019948351853867896
v 0.0017000436398221374 0.045803312569827635 0.02009538936695532
v 0.0017000436398221374 0.045803312569827635 0.02009538936695532
v 0.0019999960418788645 0.0457234442493837 0.02048717214618412
v 0.0019999998565763113 0.0454407484656927 0.02007466983777295
v 0.0019999998565763113 0.0454407484656927 0.02007466983777295
v 0.0019999954458323884 0.04527515244952653 0.019465777368056214
v 0.001699452719345767 0.04562171008317464 0.019681988697295427
v 0.0019999954458323884 0.04527515244952653 0.019465777368056214
v 0.0016999188276900494 0.0455988257131912 0.019548871015191427
v 0.001699452719345767 0.04562171008317464 0.019681988697295427
v 0.0019999954458323884 0.04527515244952653 0.019465777368056214
v 0.0016993506761890647 0.04558776690529289 0.019380860295541424
v 0.0016999188276900494 0.0455988257131912 0.019548871015191427
v 0.001699452719345767 0.04562171008317464 0.019681988697295427
v 0.0016997121187721502 0.04565655352965383 0.019800946222476856
v 0.0019999998565763113 0.0454407484656927 0.02007466983777295
v 0.0016997121187721502 0.04565655352965383 0.019800946222476856
v 0.0017007106158288536 0.045716284062276034 0.019948351853867896
v 0.0019999998565763113 0.0454407484656927 0.02007466983777295
v 0.001700124582933587 0.045873354229648576 0.020189890866805227
v 0.0017000001284293847 0.04599341801708958 0.020314833652280706
v 0.0019999960418788645 0.0457234442493837 0.02048717214618412
v 0.0016998929592729882 0.04613171224362891 0.02042671109900085
v 0.0016999276491778952 0.04627581243968228 0.020510081311700956
v 0.0019999994989484257 0.04615900258916341 0.020793879542954086
v 0.0016999276491778952 0.04627581243968228 0.020510081311700956
v 0.0016997823330470307 0.04639444953027818 0.02056360723892592
v 0.0019999994989484257 0.04615900258916341 0.020793879542954086
v 0.0016997823330470307 0.04639444953027818 0.02056360723892592
v 0.001700082621261672 0.04650509864442045 0.02059913351624809
v 0.001999997472390407 0.0465459197217988 0.020923098604267443
v 0.0017001030060511534 0.046636473009791256 0.020629038836882385
v 0.0017001881214879354 0.04678555901540762 0.020644183185746234
v 0.001999997472390407 0.0465459197217988 0.020923098604267443
v 0.0017001881214879354 0.04678555901540762 0.020644183185746234
v 0.0017000712963786268 0.046950582826956765 0.02064110663225538
v 0.001999999022111245 0.04692640908923631 0.0209456835205013
v 0.0017000712963786268 0.046950582826956765 0.02064110663225538
v 0.0017001893135808876 0.047098604531985465 0.02061862280550386
v 0.001999999022111245 0.04692640908923631 0.0209456835205013
v 0.0017000121685682012 0.047232656814963934 0.020580731415764664
v 0.0017006036850910477 0.04741739116822077 0.020506129285146057
v 0.0019999937769022555 0.047367666587001554 0.020859417952439063
v 0.0016995184036674292 0.04763673627141254 0.02035972691918353
v 0.001700916251863096 0.04780307233888339 0.020193238263814806
v 0.001999982928856391 0.04788188017343711 0.020563900970629323
v 0.0016997378679799162 0.04797604216521425 0.01991618251029892
v 0.0017006058308583615 0.04803395690185177 0.01976496981085596
v 0.0020000000949949017 0.04832183304467554 0.019843171108515634
v 0.0017006058308583615 0.04803395690185177 0.01976496981085596
v 0.0017001348349329753 0.048063421624930956 0.019647303560760276
v 0.0020000000949949017 0.04832183304467554 0.019843171108515634
v 0.0017009384247920055 0.04808471526607907 0.01951305100616585
v 0.0017003550145012335 0.04808738555429184 0.01930697532804282
v 0.0019999961610881597 0.04839222184196414 0.019476538629553675
v 0.0017003550145012335 0.04808738555429184 0.01930697532804282
v 0.0017002212616720046 0.04806399001485053 0.019144444421275164
v 0.0019999944921580267 0.048348551185593024 0.019021410891871815
v 0.0017000144335448102 0.047722055794507966 0.018510682031553927
v 0.0017000637861930284 0.047640783665403606 0.018435427587671915
v 0.0019999911542977608 0.04777960813488804 0.018152327446051553
v 0.0017000637861930284 0.047640783665403606 0.018435427587671915
v 0.001699490866320235 0.047509523740956204 0.018338478959409876
v 0.0019999911542977608 0.04777960813488804 0.018152327446051553
v 0.001699490866320235 0.047509523740956204 0.018338478959409876
v 0.0017003665778028692 0.04736615215211517 0.01826099291752148
v 0.0019999911542977608 0.04777960813488804 0.018152327446051553
v 0.0017003665778028692 0.04736615215211517 0.01826099291752148
v 0.0017000395867061001 0.04719766078058687 0.018195609003283097
v 0.001999992465600008 0.04720559535127624 0.01787855423968865
v 0.0017000001284293847 0.04704508432680667 0.018162260918203055
v 0.0017003324839444383 0.04692277749726694 0.01814709749585197
v 0.001999992465600008 0.04720559535127624 0.01787855423968865
v 0.0017003324839444383 0.04692277749726694 0.01814709749585197
v 0.0017004620644483347 0.046723169638664984 0.018148592857251122
v 0.0019999892469490374 0.04662562019555507 0.017852589501516913
v 0.0017004620644483347 0.046723169638664984 0.018148592857251122
v 0.0017000767800062066 0.04659363395746354 0.018169163613233064
v 0.0019999892469490374 0.04662562019555507 0.017852589501516913
v 0.001700188479115821 0.04649024421256256 0.01819376841176501
v 0.0017001746508375764 0.0462939284378572 0.018267630491078934
v 0.0019999992605298353 0.046143301294472326 0.018005896469858174
v 0.0017001746508375764 0.0462939284378572 0.018267630491078934
v 0.0017001058670742385 0.046151647852485954 0.018350722230865424
v 0.0019999992605298353 0.046143301294472326 0.018005896469858174
v 0.0016999121519695175 0.046043737691110496 0.01842895786080212
v 0.0016995204302254479 0.04592323521346311 0.018543400691555245
v 0.0019999992605298353 0.0457928221518489 0.01824325075969635
v 0.0016995204302254479 0.04592323521346311 0.018543400691555245
v 0.001699957213083108 0.04581875065039489 0.018673701219594774
v 0.0019999993797391305 0.04554678179592433 0.018537962840344813
v 0.0017000525805192783 0.04572373416638966 0.018831828058160083
v 0.0017001971813943716 0.04567256000014066 0.01894425100661512
v 0.0019999994989484257 0.04537024141278325 0.018879671993538016
v 0.0017001971813943716 0.04567256000014066 0.01894425100661512
v 0.0017001494976762864 0.04562775256393039 0.01908288283387849
v 0.0019999994989484257 0.04537024141278325 0.018879671993538016
v -0.0016993821474430009 0.045587400694338 0.01942214867335701
v 0.0016999188276900494 0.0455988257131912 0.019548871015191427
v 0.0016993506761890647 0.04558776690529289 0.019380860295541424
v 0.0016999188276900494 0.0455988257131912 0.019548871015191427
v -0.0016993821474430009 0.045587400694338 0.01942214867335701
v -0.0017001497360948769 0.045605833312401 0.01960212228420022
v -0.0017001497360948769 0.045605833312401 0.01960212228420022
v 0.001699452719345767 0.04562171008317464 0.019681988697295427
v 0.0016999188276900494 0.0455988257131912 0.019548871015191427
v 0.0016997121187721502 0.04565655352965383 0.019800946222476856
v 0.001699452719345767 0.04562171008317464 0.019681988697295427
v -0.0017000428053570709 0.04563559176718359 0.019730736715968256
v -0.0017000428053570709 0.04563559176718359 0.019730736715968256
v -0.0017000084730800496 0.04567633273591556 0.019853529919432455
v 0.0016997121187721502 0.04565655352965383 0.019800946222476856
v -0.0017000084730800496 0.04567633273591556 0.019853529919432455
v 0.0017007106158288536 0.045716284062276034 0.019948351853867896
v 0.0016997121187721502 0.04565655352965383 0.019800946222476856
v -0.0017000084730800496 0.04567633273591556 0.019853529919432455
v -0.0017003622862682415 0.04573903110315138 0.019991887088479654
v 0.0017007106158288536 0.045716284062276034 0.019948351853867896
v -0.0017003622862682415 0.04573903110315138 0.019991887088479654
v 0.0017000436398221374 0.045803312569827635 0.02009538936695532
v 0.0017007106158288536 0.045716284062276034 0.019948351853867896
v 0.0017000436398221374 0.045803312569827635 0.02009538936695532
v -0.0017003622862682415 0.04573903110315138 0.019991887088479654
v -0.0017000819060059007 0.04580768421310168 0.02010158825030639
v -0.0017004148575674304 0.04585993793872813 0.020173228268357546
v 0.001700124582933587 0.045873354229648576 0.020189890866805227
v 0.0017000436398221374 0.045803312569827635 0.02009538936695532
v -0.0017004148575674304 0.04585993793872813 0.020173228268357546
v -0.0017003326031537335 0.04599280766549809 0.020317496311098582
v 0.001700124582933587 0.045873354229648576 0.020189890866805227
v 0.0017000001284293847 0.04599341801708958 0.020314833652280706
v 0.001700124582933587 0.045873354229648576 0.020189890866805227
v -0.0017003326031537335 0.04599280766549809 0.020317496311098582
v -0.0017003326031537335 0.04599280766549809 0.020317496311098582
v 0.0016998929592729882 0.04613171224362891 0.02042671109900085
v 0.0017000001284293847 0.04599341801708958 0.020314833652280706
v 0.0016998929592729882 0.04613171224362891 0.02042671109900085
v -0.0017002678725064329 0.046133856103594016 0.020427670495408723
v -0.00170004507033368 0.04624184637361586 0.02049281026901051
v -0.00170004507033368 0.04624184637361586 0.02049281026901051
v 0.0016999276491778952 0.04627581243968228 0.020510081311700956
v 0.0016998929592729882 0.04613171224362891 0.02042671109900085
v -0.00170004507033368 0.04624184637361586 0.02049281026901051
v -0.0016997464510491716 0.04634469443147939 0.020543528578914616
v 0.0016999276491778952 0.04627581243968228 0.020510081311700956
v 0.0016997823330470307 0.04639444953027818 0.02056360723892592
v 0.0016999276491778952 0.04627581243968228 0.020510081311700956
v -0.0016997464510491716 0.04634469443147939 0.020543528578914616
v -0.0016997464510491716 0.04634469443147939 0.020543528578914616
v -0.0016993406626082668 0.04647454673256892 0.02059152891688787
v 0.0016997823330470307 0.04639444953027818 0.02056360723892592
v 0.001700082621261672 0.04650509864442045 0.02059913351624809
v -0.0016993406626082668 0.04647454673256892 0.02059152891688787
v -0.0017003842207785607 0.0466246855946806 0.020627062823604936
v -0.0017003842207785607 0.0466246855946806 0.020627062823604936
v 0.0017001030060511534 0.046636473009791256 0.020629038836882385
v 0.001700082621261672 0.04650509864442045 0.02059913351624809
v 0.0017001030060511534 0.046636473009791256 0.020629038836882385
v -0.0017003842207785607 0.0466246855946806 0.020627062823604936
v -0.001700752815919359 0.04678249962805527 0.020644770649153044
v -0.001700752815919359 0.04678249962805527 0.020644770649153044
v 0.0017001881214879354 0.04678555901540762 0.020644183185746234
v 0.0017001030060511534 0.046636473009791256 0.020629038836882385
v -0.001700752815919359 0.04678249962805527 0.020644770649153044
v -0.0016997379871892114 0.04693756326457079 0.02064153769306687
v 0.0017000712963786268 0.046950582826956765 0.02064110663225538
v 0.0017000712963786268 0.046950582826956765 0.02064110663225538
v 0.0017001881214879354 0.04678555901540762 0.020644183185746234
v -0.001700752815919359 0.04678249962805527 0.020644770649153044
v -0.0016997379871892114 0.04693756326457079 0.02064153769306687
v -0.0016995372387360729 0.047109808298386756 0.020616963412114497
v 0.0017000712963786268 0.046950582826956765 0.02064110663225538
v -0.0016995372387360729 0.047109808298386756 0.020616963412114497
v 0.0017000121685682012 0.047232656814963934 0.020580731415764664
v 0.0017001893135808876 0.047098604531985465 0.02061862280550386
v 0.0017000121685682012 0.047232656814963934 0.020580731415764664
v -0.0016995372387360729 0.047109808298386756 0.020616963412114497
v -0.0017000563952167252 0.047260500291628225 0.020572018646796142
v 0.0017006036850910477 0.04741739116822077 0.020506129285146057
v 0.0017000121685682012 0.047232656814963934 0.020580731415764664
v -0.0017000563952167252 0.047260500291628225 0.020572018646796142
v -0.0017000563952167252 0.047260500291628225 0.020572018646796142
v -0.001699690184261831 0.0474205802552863 0.020503691693477544
v 0.0017006036850910477 0.04741739116822077 0.020506129285146057
v -0.0016997704121175094 0.04758767163285162 0.02039707662188528
v 0.0016995184036674292 0.04763673627141254 0.02035972691918353
v 0.0017006036850910477 0.04741739116822077 0.020506129285146057
v 0.0017006036850910477 0.04741739116822077 0.020506129285146057
v -0.001699690184261831 0.0474205802552863 0.020503691693477544
v -0.0016997704121175094 0.04758767163285162 0.02039707662188528
v -0.0016997704121175094 0.04758767163285162 0.02039707662188528
v -0.0017001504513506481 0.047697550178109636 0.020304034243808777
v 0.0016995184036674292 0.04763673627141254 0.02035972691918353
v 0.001700916251863096 0.04780307233888339 0.020193238263814806
v 0.0016995184036674292 0.04763673627141254 0.02035972691918353
v -0.0017001504513506481 0.047697550178109636 0.020304034243808777
v -0.0017001504513506481 0.047697550178109636 0.020304034243808777
v -0.0016993790480013253 0.04781720960762128 0.020176121716370954
v 0.001700916251863096 0.04780307233888339 0.020193238263814806
v -0.0016993790480013253 0.04781720960762128 0.020176121716370954
v 0.0016995281788296367 0.04789739073325585 0.02006050395880421
v 0.001700916251863096 0.04780307233888339 0.020193238263814806
v 0.0016995281788296367 0.04789739073325585 0.02006050395880421
v -0.0016993790480013253 0.04781720960762128 0.020176121716370954
v -0.0016999859425232543 0.047910696397950335 0.020038672445316097
v -0.0016999859425232543 0.047910696397950335 0.020038672445316097
v 0.0016999972674062995 0.047927912127527804 0.02000886630681542
v 0.0016995281788296367 0.04789739073325585 0.02006050395880421
v 0.0016999972674062995 0.047927912127527804 0.02000886630681542
v -0.0016999859425232543 0.047910696397950335 0.020038672445316097
v -0.0017001202913989593 0.047972635640394244 0.019924445144968717
v -0.0017001202913989593 0.047972635640394244 0.019924445144968717
v 0.0016997378679799162 0.04797604216521425 0.01991618251029892
v 0.0016999972674062995 0.047927912127527804 0.02000886630681542
v 0.0017006058308583615 0.04803395690185177 0.01976496981085596
v -0.0017001202913989593 0.047972635640394244 0.019924445144968717
v -0.0017000437590314326 0.04803820266011007 0.019751137717913814
v 0.0017006058308583615 0.04803395690185177 0.01976496981085596
v 0.0016997378679799162 0.04797604216521425 0.01991618251029892
v -0.0017001202913989593 0.047972635640394244 0.019924445144968717
v 0.0017001348349329753 0.048063421624930956 0.019647303560760276
v -0.0017000437590314326 0.04803820266011007 0.019751137717913814
v -0.001699597797058041 0.04807779540491055 0.019570857023926136
v -0.001699597797058041 0.04807779540491055 0.019570857023926136
v 0.0017009384247920055 0.04808471526607907 0.01951305100616585
v 0.0017001348349329753 0.048063421624930956 0.019647303560760276
v 0.0017009384247920055 0.04808471526607907 0.01951305100616585
v -0.001699597797058041 0.04807779540491055 0.019570857023926136
v -0.001700339636502151 0.048089891810514394 0.019343157733325844
v 0.0017003550145012335 0.04808738555429184 0.01930697532804282
v 0.0017009384247920055 0.04808471526607907 0.01951305100616585
v -0.001700339636502151 0.048089891810514394 0.019343157733325844
v -0.001700339636502151 0.048089891810514394 0.019343157733325844
v -0.0017000045391733075 0.04807498397289225 0.019208098370221416
v 0.0017003550145012335 0.04808738555429184 0.01930697532804282
v -0.0017000045391733075 0.04807498397289225 0.019208098370221416
v 0.0017002212616720046 0.04806399001485053 0.019144444421275164
v 0.0017003550145012335 0.04808738555429184 0.01930697532804282
v 0.0017002212616720046 0.04806399001485053 0.019144444421275164
v -0.0017000045391733075 0.04807498397289225 0.019208098370221416
v -0.0016999804588956745 0.04805863799433265 0.01911995787836407
v -0.0016999804588956745 0.04805863799433265 0.01911995787836407
v 0.0017000220629397038 0.04803396453124666 0.019028908679703527
v 0.0017002212616720046 0.04806399001485053 0.019144444421275164
v 0.0017000220629397038 0.04803396453124666 0.019028908679703527
v -0.0016999804588956745 0.04805863799433265 0.01911995787836407
v -0.001700202426603361 0.048034716026643685 0.019030022571357996
v 0.0017000220629397038 0.04803396453124666 0.019028908679703527
v -0.001700202426603361 0.048034716026643685 0.019030022571357996
v -0.001700533947653348 0.04799512328184321 0.018917548124487427
v -0.001700533947653348 0.04799512328184321 0.018917548124487427
v 0.001699995836894757 0.047995428457638954 0.01891930288531296
v 0.0017000220629397038 0.04803396453124666 0.019028908679703527
v 0.0017002245995322706 0.04791703642510694 0.01875847714830403
v -0.001700533947653348 0.04799512328184321 0.018917548124487427
v -0.001699804386766645 0.04792344130212014 0.018774357733775116
v 0.0017002245995322706 0.04791703642510694 0.01875847714830403
v 0.001699995836894757 0.047995428457638954 0.01891930288531296
v -0.001700533947653348 0.04799512328184321 0.018917548124487427
v -0.001699804386766645 0.04792344130212014 0.018774357733775116
v -0.0016994741770189053 0.04784639585778685 0.018654211930339004
v 0.0017002245995322706 0.04791703642510694 0.01875847714830403
v -0.0016994741770189053 0.04784639585778685 0.018654211930339004
v 0.0017001193377245976 0.04780870664701233 0.01860540478385575
v 0.0017002245995322706 0.04791703642510694 0.01875847714830403
v 0.0017001193377245976 0.04780870664701233 0.01860540478385575
v -0.0016994741770189053 0.04784639585778685 0.018654211930339004
v -0.0017003829094763133 0.04775821912630376 0.01854676906940078
v -0.0017003829094763133 0.04775821912630376 0.01854676906940078
v 0.0017000144335448102 0.047722055794507966 0.018510682031553927
v 0.0017001193377245976 0.04780870664701233 0.01860540478385575
v 0.0017000637861930284 0.047640783665403606 0.018435427587671915
v 0.0017000144335448102 0.047722055794507966 0.018510682031553927
v -0.0016997928234650094 0.04765960156790874 0.018451407355276617
v -0.0016997928234650094 0.04765960156790874 0.018451407355276617
v -0.0017007689091742128 0.04751422344821068 0.018340756333785624
v 0.0017000637861930284 0.047640783665403606 0.018435427587671915
v 0.001699490866320235 0.047509523740956204 0.018338478959409876
v 0.0017000637861930284 0.047640783665403606 0.018435427587671915
v -0.0017007689091742128 0.04751422344821068 0.018340756333785624
v 0.0017003665778028692 0.04736615215211517 0.01826099291752148
v 0.001699490866320235 0.047509523740956204 0.018338478959409876
v -0.0017007689091742128 0.04751422344821068 0.018340756333785624
v -0.0017007689091742128 0.04751422344821068 0.018340756333785624
v -0.001700081548378015 0.04734200511727684 0.018250885876636147
v 0.0017003665778028692 0.04736615215211517 0.01826099291752148
v -0.001700081548378015 0.04734200511727684 0.018250885876636147
v -0.0016995622726880676 0.047200273848337936 0.01819696512822544
v 0.0017000395867061001 0.04719766078058687 0.018195609003283097
v 0.0017000395867061001 0.04719766078058687 0.018195609003283097
v 0.0017003665778028692 0.04736615215211517 0.01826099291752148
v -0.001700081548378015 0.04734200511727684 0.018250885876636147
v 0.0017000395867061001 0.04719766078058687 0.018195609003283097
v -0.0016995622726880676 0.047200273848337936 0.01819696512822544
v -0.001700405082405223 0.04705367121075945 0.018163235573400716
v -0.001700405082405223 0.04705367121075945 0.018163235573400716
v 0.0017000001284293847 0.04704508432680667 0.018162260918203055
v 0.0017000395867061001 0.04719766078058687 0.018195609003283097
v 0.0017000001284293847 0.04704508432680667 0.018162260918203055
v -0.001700405082405223 0.04705367121075945 0.018163235573400716
v -0.001700318298038308 0.04696402963545678 0.01815088167571921
v -0.001700318298038308 0.04696402963545678 0.01815088167571921
v 0.0017003324839444383 0.04692277749726694 0.01814709749585197
v 0.0017000001284293847 0.04704508432680667 0.018162260918203055
v -0.001700318298038308 0.04696402963545678 0.01815088167571921
v -0.001700159272838494 0.04684484704312599 0.01814443674438282
v 0.0017003324839444383 0.04692277749726694 0.01814709749585197
v 0.0017004620644483347 0.046723169638664984 0.018148592857251122
v 0.0017003324839444383 0.04692277749726694 0.01814709749585197
v -0.001700159272838494 0.04684484704312599 0.01814443674438282
v -0.001700159272838494 0.04684484704312599 0.01814443674438282
v -0.0017002918335747707 0.046682154011716846 0.018153628257880916
v 0.0017004620644483347 0.046723169638664984 0.018148592857251122
v 0.0017000767800062066 0.04659363395746354 0.018169163613233064
v 0.0017004620644483347 0.046723169638664984 0.018148592857251122
v -0.0017002918335747707 0.046682154011716846 0.018153628257880916
v 0.0017000767800062066 0.04659363395746354 0.018169163613233064
v -0.0017002918335747707 0.046682154011716846 0.018153628257880916
v -0.0016999945255925096 0.04655622321960264 0.01817731371432818
v -0.0016999945255925096 0.04655622321960264 0.01817731371432818
v 0.001700188479115821 0.04649024421256256 0.01819376841176501
v 0.0017000767800062066 0.04659363395746354 0.018169163613233064
v 0.001700188479115821 0.04649024421256256 0.01819376841176501
v -0.0016999945255925096 0.04655622321960264 0.01817731371432818
v -0.001700711331084625 0.046427076637540775 0.018212830454906737
v 0.0017001746508375764 0.0462939284378572 0.018267630491078934
v 0.001700188479115821 0.04649024421256256 0.01819376841176501
v -0.001700711331084625 0.046427076637540775 0.018212830454906737
v -0.001700711331084625 0.046427076637540775 0.018212830454906737
v -0.001699877104436725 0.04622514562819371 0.018306631957775155
v 0.0017001746508375764 0.0462939284378572 0.018267630491078934
v 0.0017001058670742385 0.046151647852485954 0.018350722230865424
v -0.001699877104436725 0.04622514562819371 0.018306631957775155
v -0.0016999995323829086 0.04615374975077915 0.018349474824800316
v -0.0017010126921829232 0.04604333714787858 0.01842850391180595
v 0.0016999121519695175 0.046043737691110496 0.01842895786080212
v 0.0017001058670742385 0.046151647852485954 0.018350722230865424
v 0.0017001058670742385 0.046151647852485954 0.018350722230865424
v -0.0016999995323829086 0.04615374975077915 0.018349474824800316
v -0.0017010126921829232 0.04604333714787858 0.01842850391180595
v 0.0016995204302254479 0.04592323521346311 0.018543400691555245
v 0.0016999121519695175 0.046043737691110496 0.01842895786080212
v -0.0017010126921829232 0.04604333714787858 0.01842850391180595
v -0.0017010126921829232 0.04604333714787858 0.01842850391180595
v -0.0017001288744682146 0.04591042545943671 0.01855745022225186
v 0.0016995204302254479 0.04592323521346311 0.018543400691555245
v -0.0017001288744682146 0.04591042545943671 0.01855745022225186
v -0.0016990505071837185 0.04581052234800211 0.01868225377127053
v 0.001699957213083108 0.04581875065039489 0.018673701219594774
v 0.001699957213083108 0.04581875065039489 0.018673701219594774
v 0.0016995204302254479 0.04592323521346311 0.018543400691555245
v -0.0017001288744682146 0.04591042545943671 0.01855745022225186
v -0.0016990505071837185 0.04581052234800211 0.01868225377127053
v 0.0017000525805192783 0.04572373416638966 0.018831828058160083
v 0.001699957213083108 0.04581875065039489 0.018673701219594774
v 0.0017000525805192783 0.04572373416638966 0.018831828058160083
v -0.0016990505071837185 0.04581052234800211 0.01868225377127053
v -0.0017001778694885471 0.045710272099099857 0.018855439128007134
v 0.0017001971813943716 0.04567256000014066 0.01894425100661512
v 0.0017000525805192783 0.04572373416638966 0.018831828058160083
v -0.0017001778694885471 0.045710272099099857 0.018855439128007134
v -0.0017001778694885471 0.045710272099099857 0.018855439128007134
v -0.0017000987145165257 0.045658331178664045 0.018983797975046235
v 0.0017001971813943716 0.04567256000014066 0.01894425100661512
v -0.0017000987145165257 0.045658331178664045 0.018983797975046235
v -0.0017000101420101825 0.04562290408347549 0.019102610541724685
v 0.0017001494976762864 0.04562775256393039 0.01908288283387849
v 0.0017001494976762864 0.04562775256393039 0.01908288283387849
v 0.0017001971813943716 0.04567256000014066 0.01894425100661512
v -0.0017000987145165257 0.045658331178664045 0.018983797975046235
v -0.0017000101420101825 0.04562290408347549 0.019102610541724685
v 0.0016994926544596633 0.04560110308756695 0.019217213589770576
v 0.0017001494976762864 0.04562775256393039 0.01908288283387849
v 0.0016994926544596633 0.04560110308756695 0.019217213589770576
v -0.0017000101420101825 0.04562290408347549 0.019102610541724685
v -0.0017001686903728157 0.04559782626246014 0.019242682417274226
v -0.0017001686903728157 0.04559782626246014 0.019242682417274226
v 0.0016993506761890647 0.04558776690529289 0.019380860295541424
v 0.0016994926544596633 0.04560110308756695 0.019217213589770576
v 0.0016993506761890647 0.04558776690529289 0.019380860295541424
v -0.0017001686903728157 0.04559782626246014 0.019242682417274226
v -0.0016993821474430009 0.045587400694338 0.01942214867335701
v 0.0017001058670742385 0.046151647852485954 0.018350722230865424
v 0.0017001746508375764 0.0462939284378572 0.018267630491078934
v -0.001699877104436725 0.04622514562819371 0.018306631957775155
v -0.0017003829094763133 0.04775821912630376 0.01854676906940078
v -0.0016997928234650094 0.04765960156790874 0.018451407355276617
v 0.0017000144335448102 0.047722055794507966 0.018510682031553927
v -0.0017000437590314326 0.04803820266011007 0.019751137717913814
v 0.0017001348349329753 0.048063421624930956 0.019647303560760276
v 0.0017006058308583615 0.04803395690185177 0.01976496981085596
v 0.0017001893135808876 0.047098604531985465 0.02061862280550386
v 0.0017000712963786268 0.046950582826956765 0.02064110663225538
v -0.0016995372387360729 0.047109808298386756 0.020616963412114497
v -0.0016993406626082668 0.04647454673256892 0.02059152891688787
v 0.001700082621261672 0.04650509864442045 0.02059913351624809
v 0.0016997823330470307 0.04639444953027818 0.02056360723892592
v -0.0017003326031537335 0.04599280766549809 0.020317496311098582
v -0.0017002678725064329 0.046133856103594016 0.020427670495408723
v 0.0016998929592729882 0.04613171224362891 0.02042671109900085
v -0.0017000819060059007 0.04580768421310168 0.02010158825030639
v -0.0017004148575674304 0.04585993793872813 0.020173228268357546
v 0.0017000436398221374 0.045803312569827635 0.02009538936695532
v 0.001699452719345767 0.04562171008317464 0.019681988697295427
v -0.0017001497360948769 0.045605833312401 0.01960212228420022
v -0.0017000428053570709 0.04563559176718359 0.019730736715968256
v -0.001999987816437495 0.04837168732560795 0.01968603799863522
v -0.001999997472390407 0.048372587594205395 0.01914246650064899
v -0.001700339636502151 0.048089891810514394 0.019343157733325844
v -0.001999997472390407 0.048372587594205395 0.01914246650064899
v -0.0016999804588956745 0.04805863799433265 0.01911995787836407
v -0.0017000045391733075 0.04807498397289225 0.019208098370221416
v -0.001999997472390407 0.048372587594205395 0.01914246650064899
v -0.001700202426603361 0.048034716026643685 0.019030022571357996
v -0.0016999804588956745 0.04805863799433265 0.01911995787836407
v -0.001700202426603361 0.048034716026643685 0.019030022571357996
v -0.001999997472390407 0.048372587594205395 0.01914246650064899
v -0.001999989008530447 0.04818968429572303 0.018609040190522563
v -0.001999989008530447 0.04818968429572303 0.018609040190522563
v -0.001700533947653348 0.04799512328184321 0.018917548124487427
v -0.001700202426603361 0.048034716026643685 0.019030022571357996
v -0.0016994741770189053 0.04784639585778685 0.018654211930339004
v -0.001699804386766645 0.04792344130212014 0.018774357733775116
v -0.001999989008530447 0.04818968429572303 0.018609040190522563
v -0.001999989008530447 0.04818968429572303 0.018609040190522563
v -0.0017003829094763133 0.04775821912630376 0.01854676906940078
v -0.0016994741770189053 0.04784639585778685 0.018654211930339004
v -0.0017003829094763133 0.04775821912630376 0.01854676906940078
v -0.001999989008530447 0.04818968429572303 0.018609040190522563
v -0.0019999910350884656 0.04775688779689482 0.01813513841935621
v -0.0019999910350884656 0.04775688779689482 0.01813513841935621
v -0.0019999911542977608 0.04721882090732434 0.017881165400090993
v -0.001700081548378015 0.04734200511727684 0.018250885876636147
v -0.0019999911542977608 0.04721882090732434 0.017881165400090993
v -0.001700405082405223 0.04705367121075945 0.018163235573400716
v -0.0016995622726880676 0.047200273848337936 0.01819696512822544
v -0.0019999911542977608 0.04721882090732434 0.017881165400090993
v -0.001700318298038308 0.04696402963545678 0.01815088167571921
v -0.001700405082405223 0.04705367121075945 0.018163235573400716
v -0.0019999911542977608 0.04721882090732434 0.017881165400090993
v -0.0019999987836926544 0.046660978626189585 0.01785122193248223
v -0.001700159272838494 0.04684484704312599 0.01814443674438282
v -0.0019999987836926544 0.046660978626189585 0.01785122193248223
v -0.0016999945255925096 0.04655622321960264 0.01817731371432818
v -0.0017002918335747707 0.046682154011716846 0.018153628257880916
v -0.0019999954458323884 0.04621646337680476 0.017962960142745565
v -0.001700711331084625 0.046427076637540775 0.018212830454906737
v -0.0016999945255925096 0.04655622321960264 0.01817731371432818
v -0.0016999945255925096 0.04655622321960264 0.01817731371432818
v -0.0019999987836926544 0.046660978626189585 0.01785122193248223
v -0.0019999954458323884 0.04621646337680476 0.017962960142745565
v -0.0019999954458323884 0.04621646337680476 0.017962960142745565
v -0.0016999995323829086 0.04615374975077915 0.018349474824800316
v -0.001699877104436725 0.04622514562819371 0.018306631957775155
v -0.0019999954458323884 0.04621646337680476 0.017962960142745565
v -0.0017010126921829232 0.04604333714787858 0.01842850391180595
v -0.0016999995323829086 0.04615374975077915 0.018349474824800316
v -0.0017010126921829232 0.04604333714787858 0.01842850391180595
v -0.0019999954458323884 0.04621646337680476 0.017962960142745565
v -0.001999999022111245 0.0457445166380799 0.01829145709133173
v -0.001999999022111245 0.0457445166380799 0.01829145709133173
v -0.001999998068436883 0.04545047212948463 0.018682272844757764
v -0.0016990505071837185 0.04581052234800211 0.01868225377127053
v -0.001999998068436883 0.04545047212948463 0.018682272844757764
v -0.0017001778694885471 0.045710272099099857 0.018855439128007134
v -0.0016990505071837185 0.04581052234800211 0.01868225377127053
v -0.001999998068436883 0.04545047212948463 0.018682272844757764
v -0.0019999994989484257 0.045294100051744855 0.01921444411942419
v -0.0017000101420101825 0.04562290408347549 0.019102610541724685
v -0.0019999994989484257 0.045294100051744855 0.01921444411942419
v -0.0017001686903728157 0.04559782626246014 0.019242682417274226
v -0.0017000101420101825 0.04562290408347549 0.019102610541724685
v -0.0019999994989484257 0.045294100051744855 0.01921444411942419
v -0.0016993821474430009 0.045587400694338 0.01942214867335701
v -0.0017001686903728157 0.04559782626246014 0.019242682417274226
v -0.0016993821474430009 0.045587400694338 0.01942214867335701
v -0.0019999994989484257 0.045294100051744855 0.01921444411942419
v -0.001999999022111245 0.04530628038069253 0.019662592868127104
v -0.001999999022111245 0.04530628038069253 0.019662592868127104
v -0.0017001497360948769 0.045605833312401 0.01960212228420022
v -0.0016993821474430009 0.045587400694338 0.01942214867335701
v -0.001999999022111245 0.04530628038069253 0.019662592868127104
v -0.0019999992605298353 0.04545964266214677 0.02011244487924002
v -0.0017000428053570709 0.04563559176718359 0.019730736715968256
v -0.0019999992605298353 0.04545964266214677 0.02011244487924002
v -0.0017000819060059007 0.04580768421310168 0.02010158825030639
v -0.0017003622862682415 0.04573903110315138 0.019991887088479654
v -0.0017000819060059007 0.04580768421310168 0.02010158825030639
v -0.0019999992605298353 0.04545964266214677 0.02011244487924002
v -0.0019999998565763113 0.045691885257406216 0.02044552327945981
v -0.0017003326031537335 0.04599280766549809 0.020317496311098582
v -0.0019999998565763113 0.045691885257406216 0.02044552327945981
v -0.0019999954458323884 0.04604770497645518 0.02073701957016061
v -0.0019999954458323884 0.04604770497645518 0.02073701957016061
v -0.00170004507033368 0.04624184637361586 0.02049281026901051
v -0.0017002678725064329 0.046133856103594016 0.020427670495408723
v -0.0019999954458323884 0.04604770497645518 0.02073701957016061
v -0.001999994134530141 0.0465245536013992 0.020918536226121054
v -0.0016997464510491716 0.04634469443147939 0.020543528578914616
v -0.0016993406626082668 0.04647454673256892 0.02059152891688787
v -0.0016997464510491716 0.04634469443147939 0.020543528578914616
v -0.001999994134530141 0.0465245536013992 0.020918536226121054
v -0.001999994134530141 0.0465245536013992 0.020918536226121054
v -0.0017003842207785607 0.0466246855946806 0.020627062823604936
v -0.0016993406626082668 0.04647454673256892 0.02059152891688787
v -0.001999994134530141 0.0465245536013992 0.020918536226121054
v -0.001700752815919359 0.04678249962805527 0.020644770649153044
v -0.0017003842207785607 0.0466246855946806 0.020627062823604936
v -0.001999994134530141 0.0465245536013992 0.020918536226121054
v -0.0019999953266230932 0.04701236185210791 0.02094177536296704
v -0.001700752815919359 0.04678249962805527 0.020644770649153044
v -0.0016995372387360729 0.047109808298386756 0.020616963412114497
v -0.0019999953266230932 0.04701236185210791 0.02094177536296704
v -0.0019999813791355533 0.04763663708927892 0.02074259093578168
v -0.0019999813791355533 0.04763663708927892 0.02074259093578168
v -0.0016997704121175094 0.04758767163285162 0.02039707662188528
v -0.001699690184261831 0.0474205802552863 0.020503691693477544
v -0.0019999813791355533 0.04763663708927892 0.02074259093578168
v -0.0017001504513506481 0.047697550178109636 0.020304034243808777
v -0.0016997704121175094 0.04758767163285162 0.02039707662188528
v -0.0019999813791355533 0.04763663708927892 0.02074259093578168
v -0.001999993061646484 0.04811989440593358 0.02028375721953024
v -0.0017001504513506481 0.047697550178109636 0.020304034243808777
v -0.001999993061646484 0.04811989440593358 0.02028375721953024
v -0.0016999859425232543 0.047910696397950335 0.020038672445316097
v -0.0016993790480013253 0.04781720960762128 0.020176121716370954
v -0.001999993061646484 0.04811989440593358 0.02028375721953024
v -0.0017001202913989593 0.047972635640394244 0.019924445144968717
v -0.0016999859425232543 0.047910696397950335 0.020038672445316097
v -0.001999993061646484 0.04811989440593358 0.02028375721953024
v -0.001999987816437495 0.04837168732560795 0.01968603799863522
v -0.0017001202913989593 0.047972635640394244 0.019924445144968717
v -0.001999987816437495 0.04837168732560795 0.01968603799863522
v -0.0017000437590314326 0.04803820266011007 0.019751137717913814
v -0.0017001202913989593 0.047972635640394244 0.019924445144968717
v -0.001999987816437495 0.04837168732560795 0.01968603799863522
v -0.001700339636502151 0.048089891810514394 0.019343157733325844
v -0.001699597797058041 0.04807779540491055 0.019570857023926136
v -0.001699597797058041 0.04807779540491055 0.019570857023926136
v -0.0017000437590314326 0.04803820266011007 0.019751137717913814
v -0.001999987816437495 0.04837168732560795 0.01968603799863522
v -0.0016993790480013253 0.04781720960762128 0.020176121716370954
v -0.0017001504513506481 0.047697550178109636 0.020304034243808777
v -0.001999993061646484 0.04811989440593358 0.02028375721953024
v -0.001699690184261831 0.0474205802552863 0.020503691693477544
v -0.0017000563952167252 0.047260500291628225 0.020572018646796142
v -0.0019999813791355533 0.04763663708927892 0.02074259093578168
v -0.0017000563952167252 0.047260500291628225 0.020572018646796142
v -0.0016995372387360729 0.047109808298386756 0.020616963412114497
v -0.0019999813791355533 0.04763663708927892 0.02074259093578168
v -0.0016995372387360729 0.047109808298386756 0.020616963412114497
v -0.0016997379871892114 0.04693756326457079 0.02064153769306687
v -0.0019999953266230932 0.04701236185210791 0.02094177536296704
v -0.0016997379871892114 0.04693756326457079 0.02064153769306687
v -0.001700752815919359 0.04678249962805527 0.020644770649153044
v -0.0019999953266230932 0.04701236185210791 0.02094177536296704
v -0.0016997464510491716 0.04634469443147939 0.020543528578914616
v -0.00170004507033368 0.04624184637361586 0.02049281026901051
v -0.0019999954458323884 0.04604770497645518 0.02073701957016061
v -0.0017002678725064329 0.046133856103594016 0.020427670495408723
v -0.0017003326031537335 0.04599280766549809 0.020317496311098582
v -0.0019999954458323884 0.04604770497645518 0.02073701957016061
v -0.0017003326031537335 0.04599280766549809 0.020317496311098582
v -0.0017004148575674304 0.04585993793872813 0.020173228268357546
v -0.0019999998565763113 0.045691885257406216 0.02044552327945981
v -0.0017004148575674304 0.04585993793872813 0.020173228268357546
v -0.0017000819060059007 0.04580768421310168 0.02010158825030639
v -0.0019999998565763113 0.045691885257406216 0.02044552327945981
v -0.0017003622862682415 0.04573903110315138 0.019991887088479654
v -0.0017000084730800496 0.04567633273591556 0.019853529919432455
v -0.0019999992605298353 0.04545964266214677 0.02011244487924002
v -0.0017000084730800496 0.04567633273591556 0.019853529919432455
v -0.0017000428053570709 0.04563559176718359 0.019730736715968256
v -0.0019999992605298353 0.04545964266214677 0.02011244487924002
v -0.0017000428053570709 0.04563559176718359 0.019730736715968256
v -0.0017001497360948769 0.045605833312401 0.01960212228420022
v -0.001999999022111245 0.04530628038069253 0.019662592868127104
v -0.0017000101420101825 0.04562290408347549 0.019102610541724685
v -0.0017000987145165257 0.045658331178664045 0.018983797975046235
v -0.001999998068436883 0.04545047212948463 0.018682272844757764
v -0.0017000987145165257 0.045658331178664045 0.018983797975046235
v -0.0017001778694885471 0.045710272099099857 0.018855439128007134
v -0.001999998068436883 0.04545047212948463 0.018682272844757764
v -0.0016990505071837185 0.04581052234800211 0.01868225377127053
v -0.0017001288744682146 0.04591042545943671 0.01855745022225186
v -0.001999999022111245 0.0457445166380799 0.01829145709133173
v -0.0017001288744682146 0.04591042545943671 0.01855745022225186
v -0.0017010126921829232 0.04604333714787858 0.01842850391180595
v -0.001999999022111245 0.0457445166380799 0.01829145709133173
v -0.001699877104436725 0.04622514562819371 0.018306631957775155
v -0.001700711331084625 0.046427076637540775 0.018212830454906737
v -0.0019999954458323884 0.04621646337680476 0.017962960142745565
v -0.0017002918335747707 0.046682154011716846 0.018153628257880916
v -0.001700159272838494 0.04684484704312599 0.01814443674438282
v -0.0019999987836926544 0.046660978626189585 0.01785122193248223
v -0.001700159272838494 0.04684484704312599 0.01814443674438282
v -0.001700318298038308 0.04696402963545678 0.01815088167571921
v -0.0019999911542977608 0.04721882090732434 0.017881165400090993
v -0.0016995622726880676 0.047200273848337936 0.01819696512822544
v -0.001700081548378015 0.04734200511727684 0.018250885876636147
v -0.0019999911542977608 0.04721882090732434 0.017881165400090993
v -0.001700081548378015 0.04734200511727684 0.018250885876636147
v -0.0017007689091742128 0.04751422344821068 0.018340756333785624
v -0.0019999910350884656 0.04775688779689482 0.01813513841935621
v -0.0017007689091742128 0.04751422344821068 0.018340756333785624
v -0.0016997928234650094 0.04765960156790874 0.018451407355276617
v -0.0019999910350884656 0.04775688779689482 0.01813513841935621
v -0.0016997928234650094 0.04765960156790874 0.018451407355276617
v -0.0017003829094763133 0.04775821912630376 0.01854676906940078
v -0.0019999910350884656 0.04775688779689482 0.01813513841935621
v -0.001699804386766645 0.04792344130212014 0.018774357733775116
v -0.001700533947653348 0.04799512328184321 0.018917548124487427
v -0.001999989008530447 0.04818968429572303 0.018609040190522563
v -0.0017000045391733075 0.04807498397289225 0.019208098370221416
v -0.001700339636502151 0.048089891810514394 0.019343157733325844
v -0.001999997472390407 0.048372587594205395 0.01914246650064899
usemtl DefaultMaterial
f 1 2 3
f 4 5 6
f 7 8 9
f 10 11 12
f 13 14 15
f 16 17 18
f 19 20 21
f 22 23 24
f 25 26 27
f 28 29 30
f 31 32 33
f 34 35 36
f 37 38 39
f 40 41 42
f 43 44 45
f 46 47 48
f 49 50 51
f 52 53 54
f 55 56 57
f 58 59 60
f 61 62 63
f 64 65 66
f 67 68 69
f 70 71 72
f 73 74 75
f 76 77 78
f 79 80 81
f 82 83 84
f 85 86 87
f 88 89 90
f 91 92 93
f 94 95 96
f 97 98 99
f 100 101 102
f 103 104 105
f 106 107 108
f 109 110 111
f 112 113 114
f 115 116 117
f 118 119 120
f 121 122 123
f 124 125 126
f 127 128 129
f 130 131 132
f 133 134 135
f 136 137 138
f 139 140 141
f 142 143 144
f 145 146 147
f 148 149 150
f 151 152 153
f 154 155 156
f 157 158 159
f 160 161 162
f 163 164 165
f 166 167 168
f 169 170 171
f 172 173 174
f 175 176 177
f 178 179 180
f 181 182 183
f 184 185 186
f 187 188 189
f 190 191 192
f 193 194 195
f 196 197 198
f 199 200 201
f 202 203 204
f 205 206 207
f 208 209 210
f 211 212 213
f 214 215 216
f 217 218 219
f 220 221 222
f 223 224 225
f 226 227 228
f 229 230 231
f 232 233 234
f 235 236 237
f 238 239 240
f 241 242 243
f 244 245 246
f 247 248 249
f 250 251 252
f 253 254 255
f 256 257 258
f 259 260 261
f 262 263 264
f 265 266 267
f 268 269 270
f 271 272 273
f 274 275 276
f 277 278 279
f 280 281 282
f 283 284 285
f 286 287 288
f 289 290 291
f 292 293 294
f 295 296 297
f 298 299 300
f 301 302 303
f 304 305 306
f 307 308 309
f 310 311 312
f 313 314 315
f 316 317 318
f 319 320 321
f 322 323 324
f 325 326 327
f 328 329 330
f 331 332 333
f 334 335 336
f 337 338 339
f 340 341 342
f 343 344 345
f 346 347 348
f 349 350 351
f 352 353 354
f 355 356 357
f 358 359 360
f 361 362 363
f 364 365 366
f 367 368 369
f 370 371 372
f 373 374 375
f 376 377 378
f 379 380 381
f 382 383 384
f 385 386 387
f 388 389 390
f 391 392 393
f 394 395 396
f 397 398 399
f 400 401 402
f 403 404 405
f 406 407 408
f 409 410 411
f 412 413 414
f 415 416 417
f 418 419 420
f 421 422 423
f 424 425 426
f 427 428 429
f 430 431 432
f 433 434 435
f 436 437 438
f 439 440 441
f 442 443 444
f 445 446 447
f 448 449 450
f 451 452 453
f 454 455 456
f 457 458 459
f 460 461 462
f 463 464 465
f 466 467 468
f 469 470 471
f 472 473 474
f 475 476 477
f 478 479 480
f 481 482 483
f 484 485 486
f 487 488 489
f 490 491 492
f 493 494 495
f 496 497 498
f 499 500 501
f 502 503 504
f 505 506 507
f 508 509 510
f 511 512 513
f 514 515 516
f 517 518 519
f 520 521 522
f 523 524 525
f 526 527 528
f 529 530 531
f 532 533 534
f 535 536 537
f 538 539 540
f 541 542 543
f 544 545 546
f 547 548 549
f 550 551 552
f 553 554 555
f 556 557 558
f 559 560 561
f 562 563 564
f 565 566 567
f 568 569 570
f 571 572 573
f 574 575 576
f 577 578 579
f 580 581 582
f 583 584 585
f 586 587 588
f 589 590 591
f 592 593 594
f 595 596 597
f 598 599 600
f 601 602 603
f 604 605 606
f 607 608 609
f 610 611 612
f 613 614 615
f 616 617 618
f 619 620 621
f 622 623 624
f 625 626 627
f 628 629 630
f 631 632 633
f 634 635 636
f 637 638 639
f 640 641 642
f 643 644 645
f 646 647 648
f 649 650 651
f 652 653 654
f 655 656 657
f 658 659 660
f 661 662 663
f 664 665 666
f 667 668 669
f 670 671 672
f 673 674 675
f 676 677 678
f 679 680 681
f 682 683 684
f 685 686 687
f 688 689 690
f 691 692 693
f 694 695 696
f 697 698 699
f 700 701 702
f 703 704 705
f 706 707 708
f 709 710 711
f 712 713 714
f 715 716 717
f 718 719 720
f 721 722 723
f 724 725 726
f 727 728 729
f 730 731 732
f 733 734 735
f 736 737 738
f 739 740 741
f 742 743 744
f 745 746 747
f 748 749 750
f 751 752 753
f 754 755 756
f 757 758 759
f 760 761 762
f 763 764 765
f 766 767 768
f 769 770 771
f 772 773 774
f 775 776 777
f 778 779 780
f 781 782 783
f 784 785 786
f 787 788 789
f 790 791 792
f 793 794 795
f 796 797 798
f 799 800 801
f 802 803 804
f 805 806 807
f 808 809 810
f 811 812 813
f 814 815 816
f 817 818 819
f 820 821 822
f 823 824 825
f 826 827 828
f 829 830 831
f 832 833 834
f 835 836 837
f 838 839 840
f 841 842 843
f 844 845 846
f 847 848 849
f 850 851 852
f 853 854 855
f 856 857 858
f 859 860 861
f 862 863 864
f 865 866 867
f 868 869 870
f 871 872 873
f 874 875 876
f 877 878 879
f 880 881 882
f 883 884 885
f 886 887 888
f 889 890 891
f 892 893 894
f 895 896 897
f 898 899 900
f 901 902 903
f 904 905 906
f 907 908 909
f 910 911 912
f 913 914 915
f 916 917 918
f 919 920 921
f 922 923 924
f 925 926 927
f 928 929 930
f 931 932 933
f 934 935 936
f 937 938 939
f 940 941 942
f 943 944 945
f 946 947 948
f 949 950 951
f 952 953 954
f 955 956 957
f 958 959 960
f 961 962 963
f 964 965 966
f 967 968 969
f 970 971 972
f 973 974 975
f 976 977 978
f 979 980 981
f 982 983 984
f 985 986 987
f 988 989 990
f 991 992 993
f 994 995 996
f 997 998 999
f 1000 1001 1002
f 1003 1004 1005
f 1006 1007 1008
f 1009 1010 1011
f 1012 1013 1014
f 1015 1016 1017
f 1018 1019 1020
f 1021 1022 1023
f 1024 1025 1026
f 1027 1028 1029
f 1030 1031 1032
f 1033 1034 1035
f 1036 1037 1038
f 1039 1040 1041
f 1042 1043 1044
f 1045 1046 1047
f 1048 1049 1050
f 1051 1052 1053
f 1054 1055 1056
f 1057 1058 1059
f 1060 1061 1062
f 1063 1064 1065
f 1066 1067 1068
f 1069 1070 1071
f 1072 1073 1074
f 1075 1076 1077
f 1078 1079 1080
f 1081 1082 1083
f 1084 1085 1086
f 1087 1088 1089
f 1090 1091 1092
f 1093 1094 1095
f 1096 1097 1098
f 1099 1100 1101
f 1102 1103 1104
f 1105 1106 1107
f 1108 1109 1110
f 1111 1112 1113
f 1114 1115 1116
f 1117 1118 1119
f 1120 1121 1122
f 1123 1124 1125
f 1126 1127 1128
f 1129 1130 1131
f 1132 1133 1134
f 1135 1136 1137
f 1138 1139 1140
f 1141 1142 1143
f 1144 1145 1146
f 1147 1148 1149
f 1150 1151 1152
f 1153 1154 1155
f 1156 1157 1158
f 1159 1160 1161
f 1162 1163 1164
f 1165 1166 1167
f 1168 1169 1170
f 1171 1172 1173
f 1174 1175 1176
f 1177 1178 1179
f 1180 1181 1182
f 1183 1184 1185
f 1186 1187 1188
f 1189 1190 1191
f 1192 1193 1194
f 1195 1196 1197
f 1198 1199 1200
f 1201 1202 1203
f 1204 1205 1206
f 1207 1208 1209
f 1210 1211 1212
f 1213 1214 1215
f 1216 1217 1218
f 1219 1220 1221
f 1222 1223 1224
f 1225 1226 1227
f 1228 1229 1230
f 1231 1232 1233
f 1234 1235 1236
f 1237 1238 1239
f 1240 1241 1242
f 1243 1244 1245
f 1246 1247 1248
f 1249 1250 1251
f 1252 1253 1254
f 1255 1256 1257
f 1258 1259 1260
f 1261 1262 1263
f 1264 1265 1266
f 1267 1268 1269
f 1270 1271 1272
f 1273 1274 1275
f 1276 1277 1278
f 1279 1280 1281
f 1282 1283 1284
f 1285 1286 1287
f 1288 1289 1290
f 1291 1292 1293
f 1294 1295 1296
f 1297 1298 1299
f 1300 1301 1302
f 1303 1304 1305
f 1306 1307 1308
f 1309 1310 1311
f 1312 1313 1314
f 1315 1316 1317
f 1318 1319 1320
f 1321 1322 1323
f 1324 1325 1326
f 1327 1328 1329
f 1330 1331 1332
f 1333 1334 1335
f 1336 1337 1338
f 1339 1340 1341
f 1342 1343 1344
f 1345 1346 1347
f 1348 1349 1350
f 1351 1352 1353
f 1354 1355 1356
f 1357 1358 1359
f 1360 1361 1362
f 1363 1364 1365
f 1366 1367 1368
f 1369 1370 1371
f 1372 1373 1374
f 1375 1376 1377
f 1378 1379 1380
f 1381 1382 1383
f 1384 1385 1386
f 1387 1388 1389
f 1390 1391 1392
f 1393 1394 1395
f 1396 1397 1398
f 1399 1400 1401
f 1402 1403 1404
f 1405 1406 1407
f 1408 1409 1410
f 1411 1412 1413
f 1414 1415 1416
f 1417 1418 1419
f 1420 1421 1422
f 1423 1424 1425
f 1426 1427 1428
f 1429 1430 1431
f 1432 1433 1434
f 1435 1436 1437
f 1438 1439 1440
f 1441 1442 1443
f 1444 1445 1446
f 1447 1448 1449
f 1450 1451 1452
f 1453 1454 1455
f 1456 1457 1458
f 1459 1460 1461
f 1462 1463 1464
f 1465 1466 1467
f 1468 1469 1470
f 1471 1472 1473
f 1474 1475 1476
f 1477 1478 1479
f 1480 1481 1482
f 1483 1484 1485
f 1486 1487 1488
f 1489 1490 1491
f 1492 1493 1494
f 1495 1496 1497
f 1498 1499 1500
f 1501 1502 1503
f 1504 1505 1506
f 1507 1508 1509
f 1510 1511 1512
f 1513 1514 1515
f 1516 1517 1518
f 1519 1520 1521
f 1522 1523 1524
f 1525 1526 1527
f 1528 1529 1530
f 1531 1532 1533
f 1534 1535 1536
f 1537 1538 1539
f 1540 1541 1542
f 1543 1544 1545
f 1546 1547 1548
f 1549 1550 1551
f 1552 1553 1554
f 1555 1556 1557
f 1558 1559 1560
f 1561 1562 1563
f 1564 1565 1566
f 1567 1568 1569
f 1570 1571 1572
f 1573 1574 1575
f 1576 1577 1578
f 1579 1580 1581
f 1582 1583 1584
f 1585 1586 1587
f 1588 1589 1590
f 1591 1592 1593
f 1594 1595 1596
f 1597 1598 1599
f 1600 1601 1602
f 1603 1604 1605
f 1606 1607 1608
f 1609 1610 1611
f 1612 1613 1614
f 1615 1616 1617
f 1618 1619 1620
f 1621 1622 1623
f 1624 1625 1626
f 1627 1628 1629
f 1630 1631 1632
f 1633 1634 1635
f 1636 1637 1638
f 1639 1640 1641
f 1642 1643 1644
f 1645 1646 1647
f 1648 1649 1650
f 1651 1652 1653
f 1654 1655 1656
f 1657 1658 1659
f 1660 1661 1662
f 1663 1664 1665
f 1666 1667 1668
f 1669 1670 1671
f 1672 1673 1674
f 1675 1676 1677
f 1678 1679 1680
f 1681 1682 1683
f 1684 1685 1686
f 1687 1688 1689
f 1690 1691 1692
f 1693 1694 1695
f 1696 1697 1698
f 1699 1700 1701
f 1702 1703 1704
f 1705 1706 1707
f 1708 1709 1710
f 1711 1712 1713
f 1714 1715 1716
f 1717 1718 1719
f 1720 1721 1722
f 1723 1724 1725
f 1726 1727 1728
f 1729 1730 1731
f 1732 1733 1734
f 1735 1736 1737
f 1738 1739 1740
f 1741 1742 1743
f 1744 1745 1746
f 1747 1748 1749
f 1750 1751 1752
f 1753 1754 1755
f 1756 1757 1758
f 1759 1760 1761
f 1762 1763 1764
f 1765 1766 1767
f 1768 1769 1770
f 1771 1772 1773
f 1774 1775 1776
f 1777 1778 1779
f 1780 1781 1782
f 1783 1784 1785
f 1786 1787 1788
f 1789 1790 1791
f 1792 1793 1794
f 1795 1796 1797
f 1798 1799 1800
f 1801 1802 1803
f 1804 1805 1806
f 1807 1808 1809
f 1810 1811 1812
f 1813 1814 1815
f 1816 1817 1818
f 1819 1820 1821
f 1822 1823 1824
f 1825 1826 1827
f 1828 1829 1830
f 1831 1832 1833
f 1834 1835 1836
f 1837 1838 1839
f 1840 1841 1842
f 1843 1844 1845
f 1846 1847 1848
f 1849 1850 1851
f 1852 1853 1854
f 1855 1856 1857
f 1858 1859 1860
f 1861 1862 1863
f 1864 1865 1866
f 1867 1868 1869
f 1870 1871 1872
f 1873 1874 1875
f 1876 1877 1878
f 1879 1880 1881
f 1882 1883 1884
f 1885 1886 1887
f 1888 1889 1890
f 1891 1892 1893
f 1894 1895 1896
f 1897 1898 1899
f 1900 1901 1902
f 1903 1904 1905
f 1906 1907 1908
f 1909 1910 1911
f 1912 1913 1914
f 1915 1916 1917
f 1918 1919 1920
f 1921 1922 1923
f 1924 1925 1926
f 1927 1928 1929
f 1930 1931 1932
f 1933 1934 1935
f 1936 1937 1938
f 1939 1940 1941
f 1942 1943 1944
f 1945 1946 1947
f 1948 1949 1950
f 1951 1952 1953
f 1954 1955 1956
f 1957 1958 1959
f 1960 1961 1962
f 1963 1964 1965
f 1966 1967 1968
f 1969 1970 1971
f 1972 1973 1974
f 1975 1976 1977
f 1978 1979 1980
f 1981 1982 1983
f 1984 1985 1986
f 1987 1988 1989
f 1990 1991 1992
f 1993 1994 1995
f 1996 1997 1998
f 1999 2000 2001
f 2002 2003 2004
f 2005 2006 2007
f 2008 2009 2010
f 2011 2012 2013
f 2014 2015 2016
f 2017 2018 2019
f 2020 2021 2022
f 2023 2024 2025
f 2026 2027 2028
f 2029 2030 2031
f 2032 2033 2034
f 2035 2036 2037
f 2038 2039 2040
f 2041 2042 2043
f 2044 2045 2046
f 2047 2048 2049
f 2050 2051 2052
f 2053 2054 2055
f 2056 2057 2058
f 2059 2060 2061
f 2062 2063 2064
f 2065 2066 2067
f 2068 2069 2070
f 2071 2072 2073
f 2074 2075 2076
f 2077 2078 2079
f 2080 2081 2082
f 2083 2084 2085
f 2086 2087 2088
f 2089 2090 2091
f 2092 2093 2094
f 2095 2096 2097
f 2098 2099 2100
f 2101 2102 2103
f 2104 2105 2106
f 2107 2108 2109
f 2110 2111 2112
f 2113 2114 2115
f 2116 2117 2118
f 2119 2120 2121
f 2122 2123 2124
f 2125 2126 2127
f 2128 2129 2130
f 2131 2132 2133
f 2134 2135 2136
f 2137 2138 2139
f 2140 2141 2142
f 2143 2144 2145
f 2146 2147 2148
f 2149 2150 2151
f 2152 2153 2154
f 2155 2156 2157
f 2158 2159 2160
f 2161 2162 2163
f 2164 2165 2166
f 2167 2168 2169
f 2170 2171 2172
f 2173 2174 2175
f 2176 2177 2178
f 2179 2180 2181
f 2182 2183 2184
f 2185 2186 2187
f 2188 2189 2190
f 2191 2192 2193
f 2194 2195 2196
f 2197 2198 2199
f 2200 2201 2202
f 2203 2204 2205
f 2206 2207 2208
f 2209 2210 2211
f 2212 2213 2214
f 2215 2216 2217
f 2218 2219 2220
f 2221 2222 2223
f 2224 2225 2226
f 2227 2228 2229
f 2230 2231 2232
f 2233 2234 2235
f 2236 2237 2238
f 2239 2240 2241
f 2242 2243 2244
f 2245 2246 2247
f 2248 2249 2250
f 2251 2252 2253
f 2254 2255 2256
f 2257 2258 2259
f 2260 2261 2262
f 2263 2264 2265
f 2266 2267 2268
f 2269 2270 2271
f 2272 2273 2274
f 2275 2276 2277
f 2278 2279 2280
f 2281 2282 2283
f 2284 2285 2286
f 2287 2288 2289
f 2290 2291 2292
f 2293 2294 2295
f 2296 2297 2298
f 2299 2300 2301
f 2302 2303 2304
f 2305 2306 2307
f 2308 2309 2310
f 2311 2312 2313
f 2314 2315 2316
f 2317 2318 2319
f 2320 2321 2322
f 2323 2324 2325
f 2326 2327 2328
f 2329 2330 2331
f 2332 2333 2334
f 2335 2336 2337
f 2338 2339 2340
f 2341 2342 2343
f 2344 2345 2346
f 2347 2348 2349
f 2350 2351 2352
f 2353 2354 2355
f 2356 2357 2358
f 2359 2360 2361
f 2362 2363 2364
f 2365 2366 2367
f 2368 2369 2370
f 2371 2372 2373
f 2374 2375 2376
f 2377 2378 2379
f 2380 2381 2382
f 2383 2384 2385
f 2386 2387 2388
f 2389 2390 2391
f 2392 2393 2394
f 2395 2396 2397
f 2398 2399 2400
f 2401 2402 2403
f 2404 2405 2406
f 2407 2408 2409
f 2410 2411 2412
f 2413 2414 2415
f 2416 2417 2418
f 2419 2420 2421
f 2422 2423 2424
f 2425 2426 2427
f 2428 2429 2430
f 2431 2432 2433
f 2434 2435 2436
f 2437 2438 2439
f 2440 2441 2442
f 2443 2444 2445
f 2446 2447 2448
f 2449 2450 2451
f 2452 2453 2454
f 2455 2456 2457
f 2458 2459 2460
f 2461 2462 2463
f 2464 2465 2466
f 2467 2468 2469
f 2470 2471 2472
f 2473 2474 2475
f 2476 2477 2478
f 2479 2480 2481
f 2482 2483 2484
f 2485 2486 2487
f 2488 2489 2490
f 2491 2492 2493
f 2494 2495 2496
f 2497 2498 2499
f 2500 2501 2502
f 2503 2504 2505
f 2506 2507 2508
f 2509 2510 2511
f 2512 2513 2514
f 2515 2516 2517
f 2518 2519 2520
f 2521 2522 2523
f 2524 2525 2526
f 2527 2528 2529
f 2530 2531 2532
f 2533 2534 2535
f 2536 2537 2538
f 2539 2540 2541
f 2542 2543 2544
f 2545 2546 2547
f 2548 2549 2550
f 2551 2552 2553
f 2554 2555 2556
f 2557 2558 2559
f 2560 2561 2562
f 2563 2564 2565
f 2566 2567 2568
f 2569 2570 2571
f 2572 2573 2574
f 2575 2576 2577
f 2578 2579 2580
f 2581 2582 2583
f 2584 2585 2586
f 2587 2588 2589
f 2590 2591 2592
f 2593 2594 2595
f 2596 2597 2598
f 2599 2600 2601
f 2602 2603 2604
f 2605 2606 2607
f 2608 2609 2610
f 2611 2612 2613
f 2614 2615 2616
f 2617 2618 2619
f 2620 2621 2622
f 2623 2624 2625
f 2626 2627 2628
f 2629 2630 2631
f 2632 2633 2634
f 2635 2636 2637
f 2638 2639 2640
f 2641 2642 2643
f 2644 2645 2646
f 2647 2648 2649
f 2650 2651 2652
f 2653 2654 2655
f 2656 2657 2658
f 2659 2660 2661
f 2662 2663 2664
f 2665 2666 2667
f 2668 2669 2670
f 2671 2672 2673
f 2674 2675 2676
f 2677 2678 2679
f 2680 2681 2682
f 2683 2684 2685
f 2686 2687 2688
f 2689 2690 2691
f 2692 2693 2694
f 2695 2696 2697
f 2698 2699 2700
f 2701 2702 2703
f 2704 2705 2706
f 2707 2708 2709
f 2710 2711 2712
f 2713 2714 2715
f 2716 2717 2718
f 2719 2720 2721
f 2722 2723 2724
f 2725 2726 2727
f 2728 2729 2730
f 2731 2732 2733
f 2734 2735 2736
f 2737 2738 2739
f 2740 2741 2742
f 2743 2744 2745
f 2746 2747 2748
f 2749 2750 2751
f 2752 2753 2754
f 2755 2756 2757
f 2758 2759 2760
f 2761 2762 2763
f 2764 2765 2766
f 2767 2768 2769
f 2770 2771 2772
f 2773 2774 2775
f 2776 2777 2778
f 2779 2780 2781
f 2782 2783 2784
f 2785 2786 2787
f 2788 2789 2790
f 2791 2792 2793
f 2794 2795 2796
f 2797 2798 2799
f 2800 2801 2802
f 2803 2804 2805
f 2806 2807 2808
f 2809 2810 2811
f 2812 2813 2814
f 2815 2816 2817
f 2818 2819 2820
f 2821 2822 2823
f 2824 2825 2826
f 2827 2828 2829
f 2830 2831 2832
f 2833 2834 2835
f 2836 2837 2838
f 2839 2840 2841
f 2842 2843 2844
f 2845 2846 2847
f 2848 2849 2850
f 2851 2852 2853
f 2854 2855 2856
f 2857 2858 2859
f 2860 2861 2862
f 2863 2864 2865
f 2866 2867 2868
f 2869 2870 2871
f 2872 2873 2874
f 2875 2876 2877
f 2878 2879 2880
f 2881 2882 2883
f 2884 2885 2886
f 2887 2888 2889
f 2890 2891 2892
f 2893 2894 2895
f 2896 2897 2898
f 2899 2900 2901
f 2902 2903 2904
f 2905 2906 2907
f 2908 2909 2910
f 2911 2912 2913
f 2914 2915 2916
f 2917 2918 2919
f 2920 2921 2922
f 2923 2924 2925
f 2926 2927 2928
f 2929 2930 2931
f 2932 2933 2934
f 2935 2936 2937
f 2938 2939 2940
f 2941 2942 2943
f 2944 2945 2946
f 2947 2948 2949
f 2950 2951 2952
f 2953 2954 2955
f 2956 2957 2958
f 2959 2960 2961
f 2962 2963 2964
f 2965 2966 2967
f 2968 2969 2970
f 2971 2972 2973
f 2974 2975 2976
f 2977 2978 2979
f 2980 2981 2982
f 2983 2984 2985
f 2986 2987 2988
f 2989 2990 2991
f 2992 2993 2994
f 2995 2996 2997
f 2998 2999 3000
f 3001 3002 3003
f 3004 3005 3006
f 3007 3008 3009
f 3010 3011 3012
f 3013 3014 3015
f 3016 3017 3018
f 3019 3020 3021
f 3022 3023 3024
f 3025 3026 3027
f 3028 3029 3030
f 3031 3032 3033
f 3034 3035 3036
f 3037 3038 3039
f 3040 3041 3042
f 3043 3044 3045
f 3046 3047 3048
f 3049 3050 3051
f 3052 3053 3054
f 3055 3056 3057
f 3058 3059 3060
f 3061 3062 3063
f 3064 3065 3066
f 3067 3068 3069
f 3070 3071 3072
f 3073 3074 3075
f 3076 3077 3078
f 3079 3080 3081
f 3082 3083 3084
f 3085 3086 3087
f 3088 3089 3090
f 3091 3092 3093
f 3094 3095 3096
f 3097 3098 3099
f 3100 3101 3102
f 3103 3104 3105
f 3106 3107 3108
f 3109 3110 3111
f 3112 3113 3114
f 3115 3116 3117
f 3118 3119 3120
f 3121 3122 3123
f 3124 3125 3126
f 3127 3128 3129
f 3130 3131 3132
f 3133 3134 3135
f 3136 3137 3138
f 3139 3140 3141
f 3142 3143 3144
f 3145 3146 3147
f 3148 3149 3150
f 3151 3152 3153
f 3154 3155 3156
f 3157 3158 3159
f 3160 3161 3162
f 3163 3164 3165
f 3166 3167 3168
f 3169 3170 3171
f 3172 3173 3174
f 3175 3176 3177
f 3178 3179 3180
f 3181 3182 3183
f 3184 3185 3186
f 3187 3188 3189
f 3190 3191 3192
f 3193 3194 3195
f 3196 3197 3198
f 3199 3200 3201
f 3202 3203 3204
f 3205 3206 3207
f 3208 3209 3210
f 3211 3212 3213
f 3214 3215 3216
f 3217 3218 3219
f 3220 3221 3222
f 3223 3224 3225
f 3226 3227 3228
f 3229 3230 3231
f 3232 3233 3234
f 3235 3236 3237
f 3238 3239 3240
f 3241 3242 3243
f 3244 3245 3246
f 3247 3248 3249
f 3250 3251 3252
f 3253 3254 3255
f 3256 3257 3258
f 3259 3260 3261
f 3262 3263 3264
f 3265 3266 3267
f 3268 3269 3270
f 3271 3272 3273
f 3274 3275 3276
f 3277 3278 3279
f 3280 3281 3282
f 3283 3284 3285
f 3286 3287 3288
f 3289 3290 3291
f 3292 3293 3294
f 3295 3296 3297
f 3298 3299 3300
f 3301 3302 3303
f 3304 3305 3306
f 3307 3308 3309
f 3310 3311 3312
f 3313 3314 3315
f 3316 3317 3318
f 3319 3320 3321
f 3322 3323 3324
f 3325 3326 3327
f 3328 3329 3330
f 3331 3332 3333
f 3334 3335 3336
f 3337 3338 3339
f 3340 3341 3342
f 3343 3344 3345
f 3346 3347 3348
f 3349 3350 3351
f 3352 3353 3354
f 3355 3356 3357
f 3358 3359 3360
f 3361 3362 3363
f 3364 3365 3366
f 3367 3368 3369
f 3370 3371 3372
f 3373 3374 3375
f 3376 3377 3378
f 3379 3380 3381
f 3382 3383 3384
f 3385 3386 3387
f 3388 3389 3390
f 3391 3392 3393
f 3394 3395 3396
f 3397 3398 3399
f 3400 3401 3402
f 3403 3404 3405
f 3406 3407 3408
f 3409 3410 3411
f 3412 3413 3414
f 3415 3416 3417
f 3418 3419 3420
f 3421 3422 3423
f 3424 3425 3426
f 3427 3428 3429
f 3430 3431 3432
f 3433 3434 3435
f 3436 3437 3438
f 3439 3440 3441
f 3442 3443 3444
f 3445 3446 3447
f 3448 3449 3450
f 3451 3452 3453
f 3454 3455 3456
f 3457 3458 3459
f 3460 3461 3462
f 3463 3464 3465
f 3466 3467 3468
f 3469 3470 3471
f 3472 3473 3474
f 3475 3476 3477
f 3478 3479 3480
f 3481 3482 3483
f 3484 3485 3486
f 3487 3488 3489
f 3490 3491 3492
f 3493 3494 3495
f 3496 3497 3498
f 3499 3500 3501
f 3502 3503 3504
f 3505 3506 3507
f 3508 3509 3510
f 3511 3512 3513
f 3514 3515 3516
f 3517 3518 3519
f 3520 3521 3522
f 3523 3524 3525
f 3526 3527 3528
f 3529 3530 3531
f 3532 3533 3534
f 3535 3536 3537
f 3538 3539 3540
f 3541 3542 3543
f 3544 3545 3546
f 3547 3548 3549
f 3550 3551 3552
f 3553 3554 3555
f 3556 3557 3558
f 3559 3560 3561
f 3562 3563 3564
f 3565 3566 3567
f 3568 3569 3570
f 3571 3572 3573
f 3574 3575 3576
f 3577 3578 3579
f 3580 3581 3582
f 3583 3584 3585
f 3586 3587 3588
f 3589 3590 3591
f 3592 3593 3594
f 3595 3596 3597
f 3598 3599 3600
f 3601 3602 3603
f 3604 3605 3606
f 3607 3608 3609
f 3610 3611 3612
f 3613 3614 3615
f 3616 3617 3618
f 3619 3620 3621
f 3622 3623 3624
f 3625 3626 3627
f 3628 3629 3630
f 3631 3632 3633
f 3634 3635 3636
f 3637 3638 3639
f 3640 3641 3642
f 3643 3644 3645
f 3646 3647 3648
f 3649 3650 3651
f 3652 3653 3654
f 3655 3656 3657
f 3658 3659 3660
f 3661 3662 3663
f 3664 3665 3666
f 3667 3668 3669
f 3670 3671 3672
f 3673 3674 3675
f 3676 3677 3678
f 3679 3680 3681
f 3682 3683 3684
f 3685 3686 3687
f 3688 3689 3690
f 3691 3692 3693
f 3694 3695 3696
f 3697 3698 3699
f 3700 3701 3702
f 3703 3704 3705
f 3706 3707 3708
f 3709 3710 3711
f 3712 3713 3714
f 3715 3716 3717
f 3718 3719 3720
f 3721 3722 3723
f 3724 3725 3726
f 3727 3728 3729
f 3730 3731 3732
f 3733 3734 3735
f 3736 3737 3738
f 3739 3740 3741
f 3742 3743 3744
f 3745 3746 3747
f 3748 3749 3750
f 3751 3752 3753
f 3754 3755 3756
f 3757 3758 3759
f 3760 3761 3762
f 3763 3764 3765
f 3766 3767 3768
f 3769 3770 3771
f 3772 3773 3774
f 3775 3776 3777
f 3778 3779 3780
f 3781 3782 3783
f 3784 3785 3786
f 3787 3788 3789
f 3790 3791 3792
f 3793 3794 3795
f 3796 3797 3798
f 3799 3800 3801
f 3802 3803 3804
f 3805 3806 3807
f 3808 3809 3810
f 3811 3812 3813
f 3814 3815 3816
f 3817 3818 3819
f 3820 3821 3822
f 3823 3824 3825
f 3826 3827 3828
f 3829 3830 3831
f 3832 3833 3834
f 3835 3836 3837
f 3838 3839 3840
f 3841 3842 3843
f 3844 3845 3846
f 3847 3848 3849
f 3850 3851 3852
f 3853 3854 3855
f 3856 3857 3858
f 3859 3860 3861
f 3862 3863 3864
f 3865 3866 3867
f 3868 3869 3870
f 3871 3872 3873
f 3874 3875 3876
f 3877 3878 3879
f 3880 3881 3882
f 3883 3884 3885
f 3886 3887 3888
f 3889 3890 3891
f 3892 3893 3894
f 3895 3896 3897
f 3898 3899 3900
f 3901 3902 3903
f 3904 3905 3906
f 3907 3908 3909
f 3910 3911 3912
f 3913 3914 3915
f 3916 3917 3918
f 3919 3920 3921
f 3922 3923 3924
f 3925 3926 3927
f 3928 3929 3930
f 3931 3932 3933
f 3934 3935 3936
f 3937 3938 3939
f 3940 3941 3942
f 3943 3944 3945
f 3946 3947 3948
f 3949 3950 3951
f 3952 3953 3954
f 3955 3956 3957
f 3958 3959 3960
f 3961 3962 3963
f 3964 3965 3966
f 3967 3968 3969
f 3970 3971 3972
f 3973 3974 3975
f 3976 3977 3978
f 3979 3980 3981
f 3982 3983 3984
f 3985 3986 3987
f 3988 3989 3990
f 3991 3992 3993
f 3994 3995 3996
f 3997 3998 3999
f 4000 4001 4002
f 4003 4004 4005
f 4006 4007 4008
f 4009 4010 4011
f 4012 4013 4014
f 4015 4016 4017
f 4018 4019 4020
f 4021 4022 4023
f 4024 4025 4026
f 4027 4028 4029
f 4030 4031 4032
f 4033 4034 4035
f 4036 4037 4038
f 4039 4040 4041
f 4042 4043 4044
f 4045 4046 4047
f 4048 4049 4050
f 4051 4052 4053
f 4054 4055 4056
f 4057 4058 4059
f 4060 4061 4062
f 4063 4064 4065
f 4066 4067 4068
f 4069 4070 4071
f 4072 4073 4074
f 4075 4076 4077
f 4078 4079 4080
f 4081 4082 4083
f 4084 4085 4086
f 4087 4088 4089
f 4090 4091 4092
f 4093 4094 4095
f 4096 4097 4098
f 4099 4100 4101
f 4102 4103 4104
f 4105 4106 4107
f 4108 4109 4110
f 4111 4112 4113
f 4114 4115 4116
f 4117 4118 4119
f 4120 4121 4122
f 4123 4124 4125
f 4126 4127 4128
f 4129 4130 4131
f 4132 4133 4134
f 4135 4136 4137
f 4138 4139 4140
f 4141 4142 4143
f 4144 4145 4146
f 4147 4148 4149
f 4150 4151 4152
f 4153 4154 4155
f 4156 4157 4158
f 4159 4160 4161
f 4162 4163 4164
f 4165 4166 4167
f 4168 4169 4170
f 4171 4172 4173
f 4174 4175 4176
f 4177 4178 4179
f 4180 4181 4182
f 4183 4184 4185
f 4186 4187 4188
f 4189 4190 4191
f 4192 4193 4194
f 4195 4196 4197
f 4198 4199 4200
f 4201 4202 4203
f 4204 4205 4206
f 4207 4208 4209
f 4210 4211 4212
f 4213 4214 4215
f 4216 4217 4218
f 4219 4220 4221
f 4222 4223 4224
f 4225 4226 4227
f 4228 4229 4230
f 4231 4232 4233
f 4234 4235 4236
f 4237 4238 4239
f 4240 4241 4242
f 4243 4244 4245
f 4246 4247 4248
f 4249 4250 4251
f 4252 4253 4254
f 4255 4256 4257
f 4258 4259 4260
f 4261 4262 4263
f 4264 4265 4266
f 4267 4268 4269
f 4270 4271 4272
f 4273 4274 4275
f 4276 4277 4278
f 4279 4280 4281
f 4282 4283 4284
f 4285 4286 4287
f 4288 4289 4290
f 4291 4292 4293
f 4294 4295 4296
f 4297 4298 4299
f 4300 4301 4302
f 4303 4304 4305
f 4306 4307 4308
f 4309 4310 4311
f 4312 4313 4314
f 4315 4316 4317
f 4318 4319 4320
f 4321 4322 4323
f 4324 4325 4326
f 4327 4328 4329
f 4330 4331 4332
f 4333 4334 4335
f 4336 4337 4338
f 4339 4340 4341
f 4342 4343 4344
f 4345 4346 4347
f 4348 4349 4350
f 4351 4352 4353
f 4354 4355 4356
f 4357 4358 4359
f 4360 4361 4362
f 4363 4364 4365
f 4366 4367 4368
f 4369 4370 4371
f 4372 4373 4374
f 4375 4376 4377
f 4378 4379 4380
f 4381 4382 4383
f 4384 4385 4386
f 4387 4388 4389
f 4390 4391 4392
f 4393 4394 4395
f 4396 4397 4398
f 4399 4400 4401
f 4402 4403 4404
f 4405 4406 4407
f 4408 4409 4410
f 4411 4412 4413
f 4414 4415 4416
f 4417 4418 4419
f 4420 4421 4422
f 4423 4424 4425
f 4426 4427 4428
f 4429 4430 4431
f 4432 4433 4434
f 4435 4436 4437
f 4438 4439 4440
f 4441 4442 4443
f 4444 4445 4446
f 4447 4448 4449
f 4450 4451 4452
f 4453 4454 4455
f 4456 4457 4458
f 4459 4460 4461
f 4462 4463 4464
f 4465 4466 4467
f 4468 4469 4470
f 4471 4472 4473
f 4474 4475 4476
f 4477 4478 4479
f 4480 4481 4482
f 4483 4484 4485
f 4486 4487 4488
f 4489 4490 4491
f 4492 4493 4494
f 4495 4496 4497
f 4498 4499 4500
f 4501 4502 4503
f 4504 4505 4506
f 4507 4508 4509
f 4510 4511 4512
f 4513 4514 4515
f 4516 4517 4518
f 4519 4520 4521
f 4522 4523 4524
f 4525 4526 4527
f 4528 4529 4530
f 4531 4532 4533
f 4534 4535 4536
f 4537 4538 4539
f 4540 4541 4542
f 4543 4544 4545
f 4546 4547 4548
f 4549 4550 4551
f 4552 4553 4554
f 4555 4556 4557
f 4558 4559 4560
f 4561 4562 4563
f 4564 4565 4566
f 4567 4568 4569
f 4570 4571 4572
f 4573 4574 4575
f 4576 4577 4578
f 4579 4580 4581
f 4582 4583 4584
f 4585 4586 4587
f 4588 4589 4590
f 4591 4592 4593
f 4594 4595 4596
f 4597 4598 4599
f 4600 4601 4602
f 4603 4604 4605
f 4606 4607 4608
f 4609 4610 4611
f 4612 4613 4614
f 4615 4616 4617
f 4618 4619 4620
f 4621 4622 4623
f 4624 4625 4626
f 4627 4628 4629
f 4630 4631 4632
f 4633 4634 4635
f 4636 4637 4638
f 4639 4640 4641
f 4642 4643 4644
f 4645 4646 4647
f 4648 4649 4650
f 4651 4652 4653
f 4654 4655 4656
f 4657 4658 4659
f 4660 4661 4662
f 4663 4664 4665
f 4666 4667 4668
f 4669 4670 4671
f 4672 4673 4674
f 4675 4676 4677
f 4678 4679 4680
f 4681 4682 4683
f 4684 4685 4686
f 4687 4688 4689
f 4690 4691 4692
f 4693 4694 4695
f 4696 4697 4698
f 4699 4700 4701
f 4702 4703 4704
f 4705 4706 4707
f 4708 4709 4710
f 4711 4712 4713
f 4714 4715 4716
f 4717 4718 4719
f 4720 4721 4722
f 4723 4724 4725
f 4726 4727 4728
f 4729 4730 4731
f 4732 4733 4734
f 4735 4736 4737
f 4738 4739 4740
f 4741 4742 4743
f 4744 4745 4746
f 4747 4748 4749
f 4750 4751 4752
f 4753 4754 4755
f 4756 4757 4758
f 4759 4760 4761
f 4762 4763 4764
f 4765 4766 4767
f 4768 4769 4770
f 4771 4772 4773
f 4774 4775 4776
f 4777 4778 4779
f 4780 4781 4782
f 4783 4784 4785
f 4786 4787 4788
f 4789 4790 4791
f 4792 4793 4794
f 4795 4796 4797
f 4798 4799 4800
f 4801 4802 4803
f 4804 4805 4806
f 4807 4808 4809
f 4810 4811 4812
f 4813 4814 4815
f 4816 4817 4818
f 4819 4820 4821
f 4822 4823 4824
f 4825 4826 4827
f 4828 4829 4830
f 4831 4832 4833
f 4834 4835 4836
f 4837 4838 4839
f 4840 4841 4842
f 4843 4844 4845
f 4846 4847 4848
f 4849 4850 4851
f 4852 4853 4854
f 4855 4856 4857
f 4858 4859 4860
f 4861 4862 4863
f 4864 4865 4866
f 4867 4868 4869
f 4870 4871 4872
f 4873 4874 4875
f 4876 4877 4878
f 4879 4880 4881
f 4882 4883 4884
f 4885 4886 4887
f 4888 4889 4890
f 4891 4892 4893
f 4894 4895 4896
f 4897 4898 4899
f 4900 4901 4902
f 4903 4904 4905
f 4906 4907 4908
f 4909 4910 4911
f 4912 4913 4914
f 4915 4916 4917
f 4918 4919 4920
f 4921 4922 4923
f 4924 4925 4926
f 4927 4928 4929
f 4930 4931 4932
f 4933 4934 4935
f 4936 4937 4938
f 4939 4940 4941
f 4942 4943 4944
f 4945 4946 4947
f 4948 4949 4950
f 4951 4952 4953
f 4954 4955 4956
f 4957 4958 4959
f 4960 4961 4962
f 4963 4964 4965
f 4966 4967 4968
f 4969 4970 4971
f 4972 4973 4974
f 4975 4976 4977
f 4978 4979 4980
f 4981 4982 4983
f 4984 4985 4986
f 4987 4988 4989
f 4990 4991 4992
f 4993 4994 4995
f 4996 4997 4998
f 4999 5000 5001
f 5002 5003 5004
f 5005 5006 5007
f 5008 5009 5010
f 5011 5012 5013
f 5014 5015 5016
f 5017 5018 5019
f 5020 5021 5022
f 5023 5024 5025
f 5026 5027 5028
f 5029 5030 5031
f 5032 5033 5034
f 5035 5036 5037
f 5038 5039 5040
f 5041 5042 5043
f 5044 5045 5046
f 5047 5048 5049
f 5050 5051 5052
f 5053 5054 5055
f 5056 5057 5058
f 5059 5060 5061
f 5062 5063 5064
f 5065 5066 5067
f 5068 5069 5070
f 5071 5072 5073
f 5074 5075 5076
f 5077 5078 5079
f 5080 5081 5082
f 5083 5084 5085
f 5086 5087 5088
f 5089 5090 5091
f 5092 5093 5094
f 5095 5096 5097
f 5098 5099 5100
f 5101 5102 5103
f 5104 5105 5106
f 5107 5108 5109
f 5110 5111 5112
f 5113 5114 5115
f 5116 5117 5118
f 5119 5120 5121
f 5122 5123 5124
f 5125 5126 5127
f 5128 5129 5130
f 5131 5132 5133
f 5134 5135 5136
f 5137 5138 5139
f 5140 5141 5142
f 5143 5144 5145
f 5146 5147 5148
f 5149 5150 5151
f 5152 5153 5154
f 5155 5156 5157
f 5158 5159 5160
f 5161 5162 5163
f 5164 5165 5166
f 5167 5168 5169
f 5170 5171 5172
f 5173 5174 5175
f 5176 5177 5178
f 5179 5180 5181
f 5182 5183 5184
f 5185 5186 5187
f 5188 5189 5190
f 5191 5192 5193
f 5194 5195 5196
f 5197 5198 5199
f 5200 5201 5202
f 5203 5204 5205
f 5206 5207 5208
f 5209 5210 5211
f 5212 5213 5214
f 5215 5216 5217
f 5218 5219 5220
f 5221 5222 5223
f 5224 5225 5226
f 5227 5228 5229
f 5230 5231 5232
f 5233 5234 5235
f 5236 5237 5238
f 5239 5240 5241
f 5242 5243 5244
f 5245 5246 5247
f 5248 5249 5250
f 5251 5252 5253
f 5254 5255 5256
f 5257 5258 5259
f 5260 5261 5262
f 5263 5264 5265
f 5266 5267 5268
f 5269 5270 5271
f 5272 5273 5274
f 5275 5276 5277
f 5278 5279 5280
f 5281 5282 5283
f 5284 5285 5286
f 5287 5288 5289
f 5290 5291 5292
f 5293 5294 5295
f 5296 5297 5298
f 5299 5300 5301
f 5302 5303 5304
f 5305 5306 5307
f 5308 5309 5310
f 5311 5312 5313
f 5314 5315 5316
f 5317 5318 5319
f 5320 5321 5322
f 5323 5324 5325
f 5326 5327 5328
f 5329 5330 5331
f 5332 5333 5334
f 5335 5336 5337
f 5338 5339 5340
f 5341 5342 5343
f 5344 5345 5346
f 5347 5348 5349
f 5350 5351 5352
f 5353 5354 5355
f 5356 5357 5358
f 5359 5360 5361
f 5362 5363 5364
f 5365 5366 5367
f 5368 5369 5370
f 5371 5372 5373
f 5374 5375 5376
f 5377 5378 5379
f 5380 5381 5382
f 5383 5384 5385
f 5386 5387 5388
f 5389 5390 5391
f 5392 5393 5394
f 5395 5396 5397
f 5398 5399 5400
f 5401 5402 5403
f 5404 5405 5406
f 5407 5408 5409
f 5410 5411 5412
f 5413 5414 5415
f 5416 5417 5418
f 5419 5420 5421
f 5422 5423 5424
f 5425 5426 5427
f 5428 5429 5430
f 5431 5432 5433
f 5434 5435 5436
f 5437 5438 5439
f 5440 5441 5442
f 5443 5444 5445
f 5446 5447 5448
f 5449 5450 5451
f 5452 5453 5454
f 5455 5456 5457
f 5458 5459 5460
f 5461 5462 5463
f 5464 5465 5466
f 5467 5468 5469
f 5470 5471 5472
f 5473 5474 5475
f 5476 5477 5478
f 5479 5480 5481
f 5482 5483 5484
f 5485 5486 5487
f 5488 5489 5490
f 5491 5492 5493
f 5494 5495 5496
f 5497 5498 5499
f 5500 5501 5502
f 5503 5504 5505
f 5506 5507 5508
f 5509 5510 5511
f 5512 5513 5514
f 5515 5516 5517
f 5518 5519 5520
f 5521 5522 5523
f 5524 5525 5526
f 5527 5528 5529
f 5530 5531 5532
f 5533 5534 5535
f 5536 5537 5538
f 5539 5540 5541
f 5542 5543 5544
f 5545 5546 5547
f 5548 5549 5550
f 5551 5552 5553
f 5554 5555 5556
f 5557 5558 5559
f 5560 5561 5562
f 5563 5564 5565
f 5566 5567 5568
f 5569 5570 5571
f 5572 5573 5574
f 5575 5576 5577
f 5578 5579 5580
f 5581 5582 5583
f 5584 5585 5586
f 5587 5588 5589
f 5590 5591 5592
f 5593 5594 5595
f 5596 5597 5598
f 5599 5600 5601
f 5602 5603 5604
f 5605 5606 5607
f 5608 5609 5610
f 5611 5612 5613
f 5614 5615 5616
f 5617 5618 5619
f 5620 5621 5622
f 5623 5624 5625
f 5626 5627 5628
f 5629 5630 5631
f 5632 5633 5634
f 5635 5636 5637
f 5638 5639 5640
f 5641 5642 5643
f 5644 5645 5646
f 5647 5648 5649
f 5650 5651 5652
f 5653 5654 5655
f 5656 5657 5658
f 5659 5660 5661
f 5662 5663 5664
f 5665 5666 5667
f 5668 5669 5670
f 5671 5672 5673
f 5674 5675 5676
f 5677 5678 5679
f 5680 5681 5682
f 5683 5684 5685
f 5686 5687 5688
f 5689 5690 5691
f 5692 5693 5694
f 5695 5696 5697
f 5698 5699 5700
f 5701 5702 5703
f 5704 5705 5706
f 5707 5708 5709
f 5710 5711 5712
f 5713 5714 5715
f 5716 5717 5718
f 5719 5720 5721
f 5722 5723 5724
f 5725 5726 5727
f 5728 5729 5730
f 5731 5732 5733
f 5734 5735 5736
f 5737 5738 5739
f 5740 5741 5742
f 5743 5744 5745
f 5746 5747 5748
f 5749 5750 5751
f 5752 5753 5754
f 5755 5756 5757
f 5758 5759 5760
f 5761 5762 5763
f 5764 5765 5766
f 5767 5768 5769
f 5770 5771 5772
f 5773 5774 5775
f 5776 5777 5778
f 5779 5780 5781
f 5782 5783 5784
f 5785 5786 5787
f 5788 5789 5790
f 5791 5792 5793
f 5794 5795 5796
f 5797 5798 5799
f 5800 5801 5802
f 5803 5804 5805
f 5806 5807 5808
f 5809 5810 5811
f 5812 5813 5814
f 5815 5816 5817
f 5818 5819 5820
f 5821 5822 5823
f 5824 5825 5826
f 5827 5828 5829
f 5830 5831 5832
f 5833 5834 5835
f 5836 5837 5838
f 5839 5840 5841
f 5842 5843 5844
f 5845 5846 5847
f 5848 5849 5850
f 5851 5852 5853
f 5854 5855 5856
f 5857 5858 5859
f 5860 5861 5862
f 5863 5864 5865
f 5866 5867 5868
f 5869 5870 5871
f 5872 5873 5874
f 5875 5876 5877
f 5878 5879 5880
f 5881 5882 5883
f 5884 5885 5886
f 5887 5888 5889
f 5890 5891 5892
f 5893 5894 5895
f 5896 5897 5898
f 5899 5900 5901
f 5902 5903 5904
f 5905 5906 5907
f 5908 5909 5910
f 5911 5912 5913
f 5914 5915 5916
f 5917 5918 5919
f 5920 5921 5922
f 5923 5924 5925
f 5926 5927 5928
f 5929 5930 5931
f 5932 5933 5934
f 5935 5936 5937
f 5938 5939 5940
f 5941 5942 5943
f 5944 5945 5946
f 5947 5948 5949
f 5950 5951 5952
f 5953 5954 5955
f 5956 5957 5958
f 5959 5960 5961
f 5962 5963 5964
f 5965 5966 5967
f 5968 5969 5970
f 5971 5972 5973
f 5974 5975 5976
f 5977 5978 5979
f 5980 5981 5982
f 5983 5984 5985
f 5986 5987 5988
f 5989 5990 5991
f 5992 5993 5994
f 5995 5996 5997
f 5998 5999 6000
f 6001 6002 6003
f 6004 6005 6006
f 6007 6008 6009
f 6010 6011 6012
f 6013 6014 6015
f 6016 6017 6018
f 6019 6020 6021
f 6022 6023 6024
f 6025 6026 6027
f 6028 6029 6030
f 6031 6032 6033
f 6034 6035 6036
f 6037 6038 6039
f 6040 6041 6042
f 6043 6044 6045
f 6046 6047 6048
f 6049 6050 6051
f 6052 6053 6054
f 6055 6056 6057
f 6058 6059 6060
f 6061 6062 6063
f 6064 6065 6066
f 6067 6068 6069
f 6070 6071 6072
f 6073 6074 6075
f 6076 6077 6078
f 6079 6080 6081
f 6082 6083 6084
f 6085 6086 6087
f 6088 6089 6090
f 6091 6092 6093
f 6094 6095 6096
f 6097 6098 6099
f 6100 6101 6102
f 6103 6104 6105
f 6106 6107 6108
f 6109 6110 6111
f 6112 6113 6114
f 6115 6116 6117
f 6118 6119 6120
f 6121 6122 6123
f 6124 6125 6126
f 6127 6128 6129
f 6130 6131 6132
f 6133 6134 6135
f 6136 6137 6138
f 6139 6140 6141
f 6142 6143 6144
f 6145 6146 6147
f 6148 6149 6150
f 6151 6152 6153
f 6154 6155 6156
f 6157 6158 6159
f 6160 6161 6162
f 6163 6164 6165
f 6166 6167 6168
f 6169 6170 6171
f 6172 6173 6174
f 6175 6176 6177
f 6178 6179 6180
f 6181 6182 6183
f 6184 6185 6186
f 6187 6188 6189
f 6190 6191 6192
f 6193 6194 6195
f 6196 6197 6198
f 6199 6200 6201
f 6202 6203 6204
f 6205 6206 6207
f 6208 6209 6210
f 6211 6212 6213
f 6214 6215 6216
f 6217 6218 6219
f 6220 6221 6222
f 6223 6224 6225
f 6226 6227 6228
f 6229 6230 6231
f 6232 6233 6234
f 6235 6236 6237
f 6238 6239 6240
f 6241 6242 6243
f 6244 6245 6246
f 6247 6248 6249
f 6250 6251 6252
f 6253 6254 6255
f 6256 6257 6258
f 6259 6260 6261
f 6262 6263 6264
f 6265 6266 6267
f 6268 6269 6270
f 6271 6272 6273
f 6274 6275 6276
f 6277 6278 6279
f 6280 6281 6282
f 6283 6284 6285
f 6286 6287 6288
f 6289 6290 6291
f 6292 6293 6294
f 6295 6296 6297
f 6298 6299 6300
f 6301 6302 6303
f 6304 6305 6306
f 6307 6308 6309
f 6310 6311 6312
f 6313 6314 6315
f 6316 6317 6318
f 6319 6320 6321
f 6322 6323 6324
f 6325 6326 6327
f 6328 6329 6330
f 6331 6332 6333
f 6334 6335 6336
f 6337 6338 6339
f 6340 6341 6342
f 6343 6344 6345
f 6346 6347 6348
f 6349 6350 6351
f 6352 6353 6354
f 6355 6356 6357
f 6358 6359 6360
f 6361 6362 6363
f 6364 6365 6366
f 6367 6368 6369
f 6370 6371 6372
f 6373 6374 6375
f 6376 6377 6378
f 6379 6380 6381
f 6382 6383 6384
f 6385 6386 6387
f 6388 6389 6390
f 6391 6392 6393
f 6394 6395 6396
f 6397 6398 6399
f 6400 6401 6402
f 6403 6404 6405
f 6406 6407 6408
f 6409 6410 6411
f 6412 6413 6414
f 6415 6416 6417
f 6418 6419 6420
f 6421 6422 6423
f 6424 6425 6426
f 6427 6428 6429
f 6430 6431 6432
f 6433 6434 6435
f 6436 6437 6438
f 6439 6440 6441
f 6442 6443 6444
f 6445 6446 6447
f 6448 6449 6450
f 6451 6452 6453
f 6454 6455 6456
f 6457 6458 6459
f 6460 6461 6462
f 6463 6464 6465
f 6466 6467 6468
f 6469 6470 6471
f 6472 6473 6474
f 6475 6476 6477
f 6478 6479 6480
f 6481 6482 6483
f 6484 6485 6486
f 6487 6488 6489
f 6490 6491 6492
f 6493 6494 6495
f 6496 6497 6498
f 6499 6500 6501
f 6502 6503 6504
f 6505 6506 6507
f 6508 6509 6510
f 6511 6512 6513
f 6514 6515 6516
f 6517 6518 6519
f 6520 6521 6522
f 6523 6524 6525
f 6526 6527 6528
f 6529 6530 6531
f 6532 6533 6534
f 6535 6536 6537
f 6538 6539 6540
f 6541 6542 6543
f 6544 6545 6546
f 6547 6548 6549
f 6550 6551 6552
f 6553 6554 6555
f 6556 6557 6558
f 6559 6560 6561
f 6562 6563 6564
f 6565 6566 6567
f 6568 6569 6570
f 6571 6572 6573
f 6574 6575 6576
f 6577 6578 6579
f 6580 6581 6582
f 6583 6584 6585
f 6586 6587 6588
f 6589 6590 6591
f 6592 6593 6594
f 6595 6596 6597
f 6598 6599 6600
f 6601 6602 6603
f 6604 6605 6606
f 6607 6608 6609
f 6610 6611 6612
f 6613 6614 6615
f 6616 6617 6618
f 6619 6620 6621
f 6622 6623 6624
f 6625 6626 6627
f 6628 6629 6630
f 6631 6632 6633
f 6634 6635 6636
f 6637 6638 6639
f 6640 6641 6642
f 6643 6644 6645
f 6646 6647 6648
f 6649 6650 6651
f 6652 6653 6654
f 6655 6656 6657
f 6658 6659 6660
f 6661 6662 6663
f 6664 6665 6666
f 6667 6668 6669
f 6670 6671 6672
f 6673 6674 6675
f 6676 6677 6678
f 6679 6680 6681
f 6682 6683 6684
f 6685 6686 6687
f 6688 6689 6690
f 6691 6692 6693
f 6694 6695 6696
f 6697 6698 6699
f 6700 6701 6702
f 6703 6704 6705
f 6706 6707 6708
f 6709 6710 6711
f 6712 6713 6714
f 6715 6716 6717
f 6718 6719 6720
f 6721 6722 6723
f 6724 6725 6726
f 6727 6728 6729
f 6730 6731 6732
f 6733 6734 6735
f 6736 6737 6738
f 6739 6740 6741
f 6742 6743 6744
f 6745 6746 6747
f 6748 6749 6750
f 6751 6752 6753
f 6754 6755 6756
f 6757 6758 6759
f 6760 6761 6762
f 6763 6764 6765
f 6766 6767 6768
f 6769 6770 6771
f 6772 6773 6774
f 6775 6776 6777
f 6778 6779 6780
f 6781 6782 6783
f 6784 6785 6786
f 6787 6788 6789
f 6790 6791 6792
f 6793 6794 6795
f 6796 6797 6798
f 6799 6800 6801
f 6802 6803 6804
f 6805 6806 6807
f 6808 6809 6810
f 6811 6812 6813
f 6814 6815 6816
f 6817 6818 6819
f 6820 6821 6822
f 6823 6824 6825
f 6826 6827 6828
f 6829 6830 6831
f 6832 6833 6834
f 6835 6836 6837
f 6838 6839 6840
f 6841 6842 6843
f 6844 6845 6846
f 6847 6848 6849
f 6850 6851 6852
f 6853 6854 6855
f 6856 6857 6858
f 6859 6860 6861
f 6862 6863 6864
f 6865 6866 6867
f 6868 6869 6870
f 6871 6872 6873
f 6874 6875 6876
f 6877 6878 6879
f 6880 6881 6882
f 6883 6884 6885
f 6886 6887 6888
f 6889 6890 6891
f 6892 6893 6894
f 6895 6896 6897
f 6898 6899 6900
f 6901 6902 6903
f 6904 6905 6906
f 6907 6908 6909
f 6910 6911 6912
f 6913 6914 6915
f 6916 6917 6918
f 6919 6920 6921
f 6922 6923 6924
f 6925 6926 6927
f 6928 6929 6930
f 6931 6932 6933
f 6934 6935 6936
f 6937 6938 6939
f 6940 6941 6942
f 6943 6944 6945
f 6946 6947 6948
f 6949 6950 6951
f 6952 6953 6954
f 6955 6956 6957
f 6958 6959 6960
f 6961 6962 6963
f 6964 6965 6966
f 6967 6968 6969
f 6970 6971 6972
f 6973 6974 6975
f 6976 6977 6978
f 6979 6980 6981
f 6982 6983 6984
f 6985 6986 6987
f 6988 6989 6990
f 6991 6992 6993
f 6994 6995 6996
f 6997 6998 6999
f 7000 7001 7002
f 7003 7004 7005
f 7006 7007 7008
f 7009 7010 7011
f 7012 7013 7014
f 7015 7016 7017
f 7018 7019 7020
f 7021 7022 7023
f 7024 7025 7026
f 7027 7028 7029
f 7030 7031 7032
f 7033 7034 7035
f 7036 7037 7038
f 7039 7040 7041
f 7042 7043 7044
f 7045 7046 7047
f 7048 7049 7050
f 7051 7052 7053
f 7054 7055 7056
f 7057 7058 7059
f 7060 7061 7062
f 7063 7064 7065
f 7066 7067 7068
f 7069 7070 7071
f 7072 7073 7074
f 7075 7076 7077
f 7078 7079 7080
f 7081 7082 7083
f 7084 7085 7086
f 7087 7088 7089
f 7090 7091 7092
f 7093 7094 7095
f 7096 7097 7098
f 7099 7100 7101
f 7102 7103 7104
f 7105 7106 7107
f 7108 7109 7110
f 7111 7112 7113
f 7114 7115 7116
f 7117 7118 7119
f 7120 7121 7122
f 7123 7124 7125
f 7126 7127 7128
f 7129 7130 7131
f 7132 7133 7134
f 7135 7136 7137
f 7138 7139 7140
f 7141 7142 7143
f 7144 7145 7146
f 7147 7148 7149
f 7150 7151 7152
f 7153 7154 7155
f 7156 7157 7158
f 7159 7160 7161
f 7162 7163 7164
f 7165 7166 7167
f 7168 7169 7170
f 7171 7172 7173
f 7174 7175 7176
f 7177 7178 7179
f 7180 7181 7182
f 7183 7184 7185
f 7186 7187 7188
f 7189 7190 7191
f 7192 7193 7194
f 7195 7196 7197
f 7198 7199 7200
f 7201 7202 7203
f 7204 7205 7206
f 7207 7208 7209
f 7210 7211 7212
f 7213 7214 7215
f 7216 7217 7218
f 7219 7220 7221
f 7222 7223 7224
f 7225 7226 7227
f 7228 7229 7230
f 7231 7232 7233
f 7234 7235 7236
f 7237 7238 7239
f 7240 7241 7242
f 7243 7244 7245
f 7246 7247 7248
f 7249 7250 7251
f 7252 7253 7254
f 7255 7256 7257
f 7258 7259 7260
f 7261 7262 7263
f 7264 7265 7266
f 7267 7268 7269
f 7270 7271 7272
f 7273 7274 7275
f 7276 7277 7278
f 7279 7280 7281
f 7282 7283 7284
f 7285 7286 7287
f 7288 7289 7290
f 7291 7292 7293
f 7294 7295 7296
f 7297 7298 7299
f 7300 7301 7302
f 7303 7304 7305
f 7306 7307 7308
f 7309 7310 7311
f 7312 7313 7314
f 7315 7316 7317
f 7318 7319 7320
f 7321 7322 7323
f 7324 7325 7326
f 7327 7328 7329
f 7330 7331 7332
f 7333 7334 7335
f 7336 7337 7338
f 7339 7340 7341
f 7342 7343 7344
f 7345 7346 7347
f 7348 7349 7350
f 7351 7352 7353
f 7354 7355 7356
f 7357 7358 7359
f 7360 7361 7362
f 7363 7364 7365
f 7366 7367 7368
f 7369 7370 7371
f 7372 7373 7374
f 7375 7376 7377
f 7378 7379 7380
f 7381 7382 7383
f 7384 7385 7386
f 7387 7388 7389
f 7390 7391 7392
f 7393 7394 7395
f 7396 7397 7398
f 7399 7400 7401
f 7402 7403 7404
f 7405 7406 7407
f 7408 7409 7410
f 7411 7412 7413
f 7414 7415 7416
f 7417 7418 7419
f 7420 7421 7422
f 7423 7424 7425
f 7426 7427 7428
f 7429 7430 7431
f 7432 7433 7434
f 7435 7436 7437
f 7438 7439 7440
f 7441 7442 7443
f 7444 7445 7446
f 7447 7448 7449
f 7450 7451 7452
f 7453 7454 7455
f 7456 7457 7458
f 7459 7460 7461
f 7462 7463 7464
f 7465 7466 7467
f 7468 7469 7470
f 7471 7472 7473
f 7474 7475 7476
f 7477 7478 7479
f 7480 7481 7482
f 7483 7484 7485
f 7486 7487 7488
f 7489 7490 7491
f 7492 7493 7494
f 7495 7496 7497
f 7498 7499 7500
f 7501 7502 7503
f 7504 7505 7506
f 7507 7508 7509
f 7510 7511 7512
f 7513 7514 7515
f 7516 7517 7518
f 7519 7520 7521
f 7522 7523 7524
f 7525 7526 7527
f 7528 7529 7530
f 7531 7532 7533
f 7534 7535 7536
f 7537 7538 7539
f 7540 7541 7542
