mtllib ALLEX_Right_Hand_Palm_collisions_ALLEX_Right_Hand_Palm_Thumb3_ALLEX_Right_Hand_Palm_Thumb3.mtl
v 0.006773520314553307 -0.030888398683917018 -0.11204306562449412
v 0.007664988881828651 -0.03148133045951629 -0.11204928358133243
v 0.008926001972729415 -0.02856446020378489 -0.11258327255933226
v 0.007664988881828651 -0.03148133045951629 -0.11204928358133243
v 0.008692481453825287 -0.03172995336561235 -0.11211723860164996
v 0.008926001972729415 -0.02856446020378489 -0.11258327255933226
v 0.008692481453825287 -0.03172995336561235 -0.11211723860164996
v 0.009196347673436358 -0.031726478176238304 -0.11216808851861598
v 0.008926001972729415 -0.02856446020378489 -0.11258327255933226
v 0.009196347673436358 -0.031726478176238304 -0.11216808851861598
v 0.009695800288101466 -0.031659314705640984 -0.11222742232270372
v 0.008926001972729415 -0.02856446020378489 -0.11258327255933226
v 0.009695800288101466 -0.031659314705640984 -0.11222742232270372
v 0.010188927180725395 -0.031492084091618855 -0.1123001075678553
v 0.008926001972729415 -0.02856446020378489 -0.11258327255933226
v 0.010188927180725395 -0.031492084091618855 -0.1123001075678553
v 0.010791604554626912 -0.031179923584848668 -0.1124040199263065
v 0.008926001972729415 -0.02856446020378489 -0.11258327255933226
v 0.010791604554626912 -0.031179923584848668 -0.1124040199263065
v 0.01136699921238882 -0.03063745453442457 -0.11253741226662667
v 0.008926001972729415 -0.02856446020378489 -0.11258327255933226
v 0.01136699921238882 -0.03063745453442457 -0.11253741226662667
v 0.011675695020202938 -0.030213860993186792 -0.11262750779092551
v 0.008926001972729415 -0.02856446020378489 -0.11258327255933226
v 0.011675695020202938 -0.030213860993186792 -0.11262750779092551
v 0.012024918173692004 -0.029399295295927663 -0.11277634965590527
v 0.008926001972729415 -0.02856446020378489 -0.11258327255933226
v 0.012024918173692004 -0.029399295295927663 -0.11277634965590527
v 0.012112323382616478 -0.028655600955184157 -0.1128890892242484
v 0.008926001972729415 -0.02856446020378489 -0.11258327255933226
v 0.012112323382616478 -0.028655600955184157 -0.1128890892242484
v 0.012063252068335032 -0.028017836947841213 -0.11297337114963829
v 0.008926001972729415 -0.02856446020378489 -0.11258327255933226
v 0.012063252068335032 -0.028017836947841213 -0.11297337114963829
v 0.01173775919398823 -0.027075709675309367 -0.11307258380083501
v 0.008926001972729415 -0.02856446020378489 -0.11258327255933226
v 0.01173775919398823 -0.027075709675309367 -0.11307258380083501
v 0.011075427581413446 -0.026239798838486594 -0.11312327350050827
v 0.008926001972729415 -0.02856446020378489 -0.11258327255933226
v 0.011075427581413446 -0.026239798838486594 -0.11312327350050827
v 0.010371756092607544 -0.02576501587221003 -0.11311931384455848
v 0.008926001972729415 -0.02856446020378489 -0.11258327255933226
v 0.010371756092607544 -0.02576501587221003 -0.11311931384455848
v 0.009925338262871121 -0.0255653126461719 -0.11310262072853122
v 0.008926001972729415 -0.02856446020378489 -0.11258327255933226
v 0.009925338262871121 -0.0255653126461719 -0.11310262072853122
v 0.009595336416142188 -0.02547467352748689 -0.1130822960205346
v 0.008926001972729415 -0.02856446020378489 -0.11258327255933226
v 0.009595336416142188 -0.02547467352748689 -0.1130822960205346
v 0.009348669496161978 -0.025427277819058958 -0.11306426776040096
v 0.008926001972729415 -0.02856446020378489 -0.11258327255933226
v 0.009348669496161978 -0.025427277819058958 -0.11306426776040096
v 0.008734331545839915 -0.025385682358098904 -0.11300866473041621
v 0.008926001972729415 -0.02856446020378489 -0.11258327255933226
v 0.008734331545839915 -0.025385682358098904 -0.11300866473041621
v 0.00799256410414423 -0.02551651312908354 -0.11291620409370035
v 0.008926001972729415 -0.02856446020378489 -0.11258327255933226
v 0.00799256410414423 -0.02551651312908354 -0.11291620409370035
v 0.007482474682485864 -0.02571401145999741 -0.11283759080871641
v 0.008926001972729415 -0.02856446020378489 -0.11258327255933226
v 0.007482474682485864 -0.02571401145999741 -0.11283759080871641
v 0.007054279185615688 -0.025971080106240718 -0.1127588325652295
v 0.008926001972729415 -0.02856446020378489 -0.11258327255933226
v 0.007054279185615688 -0.025971080106240718 -0.1127588325652295
v 0.006443169899845171 -0.026523272820456745 -0.11262051163580805
v 0.008926001972729415 -0.02856446020378489 -0.11258327255933226
v 0.006443169899845171 -0.026523272820456745 -0.11262051163580805
v 0.005978110120523351 -0.027309258804444347 -0.11246409378169892
v 0.008926001972729415 -0.02856446020378489 -0.11258327255933226
v 0.005978110120523351 -0.027309258804444347 -0.11246409378169892
v 0.005784634864904326 -0.027968312638237958 -0.11235259017532856
v 0.008926001972729415 -0.02856446020378489 -0.11258327255933226
v 0.005784634864904326 -0.027968312638237958 -0.11235259017532856
v 0.005744264875499062 -0.02851142255783312 -0.11227258834047399
v 0.008926001972729415 -0.02856446020378489 -0.11258327255933226
v 0.005744264875499062 -0.02851142255783312 -0.11227258834047399
v 0.005818081178443625 -0.029246062714186616 -0.11217723616309344
v 0.008926001972729415 -0.02856446020378489 -0.11258327255933226
v 0.005818081178443625 -0.029246062714186616 -0.11217723616309344
v 0.0060033858289687565 -0.029788527949913268 -0.11211990126046784
v 0.008926001972729415 -0.02856446020378489 -0.11258327255933226
v 0.0060033858289687565 -0.029788527949913268 -0.11211990126046784
v 0.00622914916061479 -0.03022162008779361 -0.11208190687389757
v 0.008926001972729415 -0.02856446020378489 -0.11258327255933226
v 0.00622914916061479 -0.03022162008779361 -0.11208190687389757
v 0.006773520314553307 -0.030888398683917018 -0.11204306562449412
v 0.008926001972729415 -0.02856446020378489 -0.11258327255933226
v 0.009614405135004446 -0.02539644171224764 -0.11258780441989907
v 0.009025665711899224 -0.02532324720498691 -0.11253918991563688
v 0.009348669496161978 -0.025427277819058958 -0.11306426776040096
v 0.010116494659279664 -0.025548686287349964 -0.11261671219715103
v 0.009614405135004446 -0.02539644171224764 -0.11258780441989907
v 0.009925338262871121 -0.0255653126461719 -0.11310262072853122
v 0.010739821944135143 -0.02587118653154974 -0.11263393174142594
v 0.010116494659279664 -0.025548686287349964 -0.11261671219715103
v 0.010371756092607544 -0.02576501587221003 -0.11311931384455848
v 0.011427514619010705 -0.02648333866023478 -0.11261707840810592
v 0.010739821944135143 -0.02587118653154974 -0.11263393174142594
v 0.011075427581413446 -0.026239798838486594 -0.11312327350050827
v 0.011841044988383788 -0.02715652976276628 -0.11256427536604713
v 0.011427514619010705 -0.02648333866023478 -0.11261707840810592
v 0.01173775919398823 -0.027075709675309367 -0.11307258380083501
v 0.012114477732999566 -0.027938941375246218 -0.1124821907063866
v 0.011841044988383788 -0.02715652976276628 -0.11256427536604713
v 0.01173775919398823 -0.027075709675309367 -0.11307258380083501
v 0.012146341900772798 -0.028942061845255163 -0.11234509810954302
v 0.012114477732999566 -0.027938941375246218 -0.1124821907063866
v 0.012112323382616478 -0.028655600955184157 -0.1128890892242484
v 0.01185249575644476 -0.02993544720737984 -0.11217678602879472
v 0.012146341900772798 -0.028942061845255163 -0.11234509810954302
v 0.012024918173692004 -0.029399295295927663 -0.11277634965590527
v 0.011405989234992699 -0.030577773592869173 -0.11204231794379454
v 0.01185249575644476 -0.02993544720737984 -0.11217678602879472
v 0.01136699921238882 -0.03063745453442457 -0.11253741226662667
v 0.011051669645714692 -0.03093307832776282 -0.11195721204375615
v 0.011405989234992699 -0.030577773592869173 -0.11204231794379454
v 0.01136699921238882 -0.03063745453442457 -0.11253741226662667
v 0.010488087198596842 -0.031300447043332014 -0.11184949261725304
v 0.011051669645714692 -0.03093307832776282 -0.11195721204375615
v 0.010791604554626912 -0.031179923584848668 -0.1124040199263065
v 0.009993924615616103 -0.03151430279689782 -0.111770169798544
v 0.010488087198596842 -0.031300447043332014 -0.11184949261725304
v 0.010188927180725395 -0.031492084091618855 -0.1123001075678553
v 0.009313950027349806 -0.03166296346374886 -0.11168140178895665
v 0.009993924615616103 -0.03151430279689782 -0.111770169798544
v 0.009695800288101466 -0.031659314705640984 -0.11222742232270372
v 0.008438061161284429 -0.03161699063746859 -0.11160026317426293
v 0.009313950027349806 -0.03166296346374886 -0.11168140178895665
v 0.008692481453825287 -0.03172995336561235 -0.11211723860164996
v 0.00770680035003163 -0.031378091395164454 -0.11156056743263139
v 0.008438061161284429 -0.03161699063746859 -0.11160026317426293
v 0.007664988881828651 -0.03148133045951629 -0.11204928358133243
v 0.007123297552846521 -0.031051475092419567 -0.11154790263710797
v 0.00770680035003163 -0.031378091395164454 -0.11156056743263139
v 0.007664988881828651 -0.03148133045951629 -0.11204928358133243
v 0.006720375857073026 -0.030695592430862728 -0.11155739360435564
v 0.007123297552846521 -0.031051475092419567 -0.11154790263710797
v 0.006773520314553307 -0.030888398683917018 -0.11204306562449412
v 0.00630041629199052 -0.030187928679943354 -0.1115864081931361
v 0.006720375857073026 -0.030695592430862728 -0.11155739360435564
v 0.006773520314553307 -0.030888398683917018 -0.11204306562449412
v 0.005963469788559662 -0.029514676542252705 -0.1116468711476681
v 0.00630041629199052 -0.030187928679943354 -0.1115864081931361
v 0.00622914916061479 -0.03022162008779361 -0.11208190687389757
v 0.005783144271876984 -0.02854229299692146 -0.11176482922211846
v 0.005963469788559662 -0.029514676542252705 -0.1116468711476681
v 0.005818081178443625 -0.029246062714186616 -0.11217723616309344
v 0.0058390772731908855 -0.027884784115593808 -0.11186237103583348
v 0.005783144271876984 -0.02854229299692146 -0.11176482922211846
v 0.005784634864904326 -0.027968312638237958 -0.11235259017532856
v 0.005952372833686882 -0.02744604431814346 -0.11193505628098506
v 0.0058390772731908855 -0.027884784115593808 -0.11186237103583348
v 0.005784634864904326 -0.027968312638237958 -0.11235259017532856
v 0.006135089211994351 -0.02701534971760844 -0.11201356275444047
v 0.005952372833686882 -0.02744604431814346 -0.11193505628098506
v 0.005978110120523351 -0.027309258804444347 -0.11246409378169892
v 0.0064914482338948604 -0.026466245000975608 -0.11212597425880316
v 0.006135089211994351 -0.02701534971760844 -0.11201356275444047
v 0.006443169899845171 -0.026523272820456745 -0.11262051163580805
v 0.006971839282255423 -0.026008069320033744 -0.11223807295797522
v 0.0064914482338948604 -0.026466245000975608 -0.11212597425880316
v 0.006443169899845171 -0.026523272820456745 -0.11262051163580805
v 0.007552747131502337 -0.02563147857338688 -0.11234882125425111
v 0.006971839282255423 -0.026008069320033744 -0.11223807295797522
v 0.007054279185615688 -0.025971080106240718 -0.1127588325652295
v 0.008053010369374893 -0.025447394626044728 -0.11242458114554482
v 0.007552747131502337 -0.02563147857338688 -0.11234882125425111
v 0.00799256410414423 -0.02551651312908354 -0.11291620409370035
v 0.008472314283333728 -0.02536022688203632 -0.11247868881413042
v 0.008053010369374893 -0.025447394626044728 -0.11242458114554482
v 0.00799256410414423 -0.02551651312908354 -0.11291620409370035
v 0.009025665711899224 -0.02532324720498691 -0.11253918991563688
v 0.008472314283333728 -0.02536022688203632 -0.11247868881413042
v 0.008734331545839915 -0.025385682358098904 -0.11300866473041621
v 0.00799256410414423 -0.02551651312908354 -0.11291620409370035
v 0.008734331545839915 -0.025385682358098904 -0.11300866473041621
v 0.008472314283333728 -0.02536022688203632 -0.11247868881413042
v 0.007482474682485864 -0.02571401145999741 -0.11283759080871641
v 0.00799256410414423 -0.02551651312908354 -0.11291620409370035
v 0.007552747131502337 -0.02563147857338688 -0.11234882125425111
v 0.007054279185615688 -0.025971080106240718 -0.1127588325652295
v 0.007482474682485864 -0.02571401145999741 -0.11283759080871641
v 0.007552747131502337 -0.02563147857338688 -0.11234882125425111
v 0.006443169899845171 -0.026523272820456745 -0.11262051163580805
v 0.007054279185615688 -0.025971080106240718 -0.1127588325652295
v 0.006971839282255423 -0.026008069320033744 -0.11223807295797522
v 0.005978110120523351 -0.027309258804444347 -0.11246409378169892
v 0.006443169899845171 -0.026523272820456745 -0.11262051163580805
v 0.006135089211994351 -0.02701534971760844 -0.11201356275444047
v 0.005784634864904326 -0.027968312638237958 -0.11235259017532856
v 0.005978110120523351 -0.027309258804444347 -0.11246409378169892
v 0.005952372833686882 -0.02744604431814346 -0.11193505628098506
v 0.005744264875499062 -0.02851142255783312 -0.11227258834047399
v 0.005784634864904326 -0.027968312638237958 -0.11235259017532856
v 0.005783144271876984 -0.02854229299692146 -0.11176482922211846
v 0.005818081178443625 -0.029246062714186616 -0.11217723616309344
v 0.005744264875499062 -0.02851142255783312 -0.11227258834047399
v 0.005783144271876984 -0.02854229299692146 -0.11176482922211846
v 0.0060033858289687565 -0.029788527949913268 -0.11211990126046784
v 0.005818081178443625 -0.029246062714186616 -0.11217723616309344
v 0.005963469788559662 -0.029514676542252705 -0.1116468711476681
v 0.00622914916061479 -0.03022162008779361 -0.11208190687389757
v 0.0060033858289687565 -0.029788527949913268 -0.11211990126046784
v 0.005963469788559662 -0.029514676542252705 -0.1116468711476681
v 0.006773520314553307 -0.030888398683917018 -0.11204306562449412
v 0.00622914916061479 -0.03022162008779361 -0.11208190687389757
v 0.00630041629199052 -0.030187928679943354 -0.1115864081931361
v 0.007664988881828651 -0.03148133045951629 -0.11204928358133243
v 0.006773520314553307 -0.030888398683917018 -0.11204306562449412
v 0.007123297552846521 -0.031051475092419567 -0.11154790263710797
v 0.008692481453825287 -0.03172995336561235 -0.11211723860164996
v 0.007664988881828651 -0.03148133045951629 -0.11204928358133243
v 0.008438061161284429 -0.03161699063746859 -0.11160026317426293
v 0.009196347673436358 -0.031726478176238304 -0.11216808851861598
v 0.008692481453825287 -0.03172995336561235 -0.11211723860164996
v 0.009313950027349806 -0.03166296346374886 -0.11168140178895665
v 0.009695800288101466 -0.031659314705640984 -0.11222742232270372
v 0.009196347673436358 -0.031726478176238304 -0.11216808851861598
v 0.009313950027349806 -0.03166296346374886 -0.11168140178895665
v 0.010188927180725395 -0.031492084091618855 -0.1123001075678553
v 0.009695800288101466 -0.031659314705640984 -0.11222742232270372
v 0.009993924615616103 -0.03151430279689782 -0.111770169798544
v 0.010791604554626912 -0.031179923584848668 -0.1124040199263065
v 0.010188927180725395 -0.031492084091618855 -0.1123001075678553
v 0.010488087198596842 -0.031300447043332014 -0.11184949261725304
v 0.01136699921238882 -0.03063745453442457 -0.11253741226662667
v 0.010791604554626912 -0.031179923584848668 -0.1124040199263065
v 0.011051669645714692 -0.03093307832776282 -0.11195721204375615
v 0.011675695020202938 -0.030213860993186792 -0.11262750779092551
v 0.01136699921238882 -0.03063745453442457 -0.11253741226662667
v 0.01185249575644476 -0.02993544720737984 -0.11217678602879472
v 0.012024918173692004 -0.029399295295927663 -0.11277634965590527
v 0.011675695020202938 -0.030213860993186792 -0.11262750779092551
v 0.01185249575644476 -0.02993544720737984 -0.11217678602879472
v 0.012112323382616478 -0.028655600955184157 -0.1128890892242484
v 0.012024918173692004 -0.029399295295927663 -0.11277634965590527
v 0.012146341900772798 -0.028942061845255163 -0.11234509810954302
v 0.012063252068335032 -0.028017836947841213 -0.11297337114963829
v 0.012112323382616478 -0.028655600955184157 -0.1128890892242484
v 0.012114477732999566 -0.027938941375246218 -0.1124821907063866
v 0.01173775919398823 -0.027075709675309367 -0.11307258380083501
v 0.012063252068335032 -0.028017836947841213 -0.11297337114963829
v 0.012114477732999566 -0.027938941375246218 -0.1124821907063866
v 0.011075427581413446 -0.026239798838486594 -0.11312327350050827
v 0.01173775919398823 -0.027075709675309367 -0.11307258380083501
v 0.011427514619010705 -0.02648333866023478 -0.11261707840810592
v 0.010371756092607544 -0.02576501587221003 -0.11311931384455848
v 0.011075427581413446 -0.026239798838486594 -0.11312327350050827
v 0.010739821944135143 -0.02587118653154974 -0.11263393174142594
v 0.009925338262871121 -0.0255653126461719 -0.11310262072853122
v 0.010371756092607544 -0.02576501587221003 -0.11311931384455848
v 0.010116494659279664 -0.025548686287349964 -0.11261671219715103
v 0.009595336416142188 -0.02547467352748689 -0.1130822960205346
v 0.009925338262871121 -0.0255653126461719 -0.11310262072853122
v 0.009614405135004446 -0.02539644171224764 -0.11258780441989907
v 0.009348669496161978 -0.025427277819058958 -0.11306426776040096
v 0.009595336416142188 -0.02547467352748689 -0.1130822960205346
v 0.009614405135004446 -0.02539644171224764 -0.11258780441989907
v 0.008734331545839915 -0.025385682358098904 -0.11300866473041621
v 0.009348669496161978 -0.025427277819058958 -0.11306426776040096
v 0.009025665711899224 -0.02532324720498691 -0.11253918991563688
v 0.00500907158801578 -0.028085236929680235 -0.11175136334013121
v 0.005783144271876984 -0.02854229299692146 -0.11176482922211846
v 0.0058390772731908855 -0.027884784115593808 -0.11186237103583348
v 0.005102509264115208 -0.029352450811280795 -0.11158347850549695
v 0.005963469788559662 -0.029514676542252705 -0.1116468711476681
v 0.005783144271876984 -0.02854229299692146 -0.11176482922211846
v 0.005141394859376481 -0.0273761151918972 -0.11186375958570412
v 0.0058390772731908855 -0.027884784115593808 -0.11186237103583348
v 0.005952372833686882 -0.02744604431814346 -0.11193505628098506
v 0.005783144271876984 -0.02854229299692146 -0.11176482922211846
v 0.00500907158801578 -0.028085236929680235 -0.11175136334013121
v 0.004994032143331718 -0.028602914261397494 -0.11167745739179664
v 0.005286653769779327 -0.026955510466109 -0.11193710095881655
v 0.005952372833686882 -0.02744604431814346 -0.11193505628098506
v 0.006135089211994351 -0.02701534971760844 -0.11201356275444047
v 0.005783144271876984 -0.02854229299692146 -0.11176482922211846
v 0.00503682494245289 -0.02901878685500292 -0.11162357860505785
v 0.005102509264115208 -0.029352450811280795 -0.11158347850549695
v 0.005952372833686882 -0.02744604431814346 -0.11193505628098506
v 0.005214059123692106 -0.027144898750250945 -0.11190335614520204
v 0.005141394859376481 -0.0273761151918972 -0.11186375958570412
v 0.0058390772731908855 -0.027884784115593808 -0.11186237103583348
v 0.005141394859376481 -0.0273761151918972 -0.11186375958570412
v 0.005068182232302877 -0.02767540109478439 -0.11181458813561469
v 0.005783144271876984 -0.02854229299692146 -0.11176482922211846
v 0.004994032143331718 -0.028602914261397494 -0.11167745739179664
v 0.00503682494245289 -0.02901878685500292 -0.11162357860505785
v 0.005952372833686882 -0.02744604431814346 -0.11193505628098506
v 0.005286653769779327 -0.026955510466109 -0.11193710095881655
v 0.005214059123692106 -0.027144898750250945 -0.11190335614520204
v 0.00630041629199052 -0.030187928679943354 -0.1115864081931361
v 0.005963469788559662 -0.029514676542252705 -0.1116468711476681
v 0.005469832680152221 -0.030329375753922472 -0.1114835792087598
v 0.0058390772731908855 -0.027884784115593808 -0.11186237103583348
v 0.005068182232302877 -0.02767540109478439 -0.11181458813561469
v 0.00500907158801578 -0.028085236929680235 -0.11175136334013121
v 0.012347813239077524 -0.0306519618288148 -0.11212610395851635
v 0.012639589910040664 -0.030105800151262185 -0.11223165663686968
v 0.01185249575644476 -0.02993544720737984 -0.11217678602879472
v 0.012957115788769794 -0.028457162301349648 -0.11249397049210236
v 0.012920262950410492 -0.02800853671546588 -0.11255301437918414
v 0.012114477732999566 -0.027938941375246218 -0.1124821907063866
v 0.005963469788559662 -0.029514676542252705 -0.1116468711476681
v 0.005252247582994974 -0.029855084883616545 -0.11152815776312326
v 0.005469832680152221 -0.030329375753922472 -0.1114835792087598
v 0.012957115788769794 -0.028457162301349648 -0.11249397049210236
v 0.012114477732999566 -0.027938941375246218 -0.1124821907063866
v 0.012146341900772798 -0.028942061845255163 -0.11234509810954302
v 0.007821031941913638 -0.02468517802184822 -0.11250798569052195
v 0.007552747131502337 -0.02563147857338688 -0.11234882125425111
v 0.008053010369374893 -0.025447394626044728 -0.11242458114554482
v 0.007821031941913638 -0.02468517802184822 -0.11250798569052195
v 0.007333393445241311 -0.024861644018389084 -0.11243456039406569
v 0.007552747131502337 -0.02563147857338688 -0.11234882125425111
v 0.005963469788559662 -0.029514676542252705 -0.1116468711476681
v 0.005102509264115208 -0.029352450811280795 -0.11158347850549695
v 0.005252247582994974 -0.029855084883616545 -0.11152815776312326
v 0.005469832680152221 -0.030329375753922472 -0.1114835792087598
v 0.005688015731134256 -0.03068650582154442 -0.111455449629787
v 0.00630041629199052 -0.030187928679943354 -0.1115864081931361
v 0.012639589910040664 -0.030105800151262185 -0.11223165663686968
v 0.012828622473645693 -0.029551276656906156 -0.11232809981772002
v 0.01185249575644476 -0.02993544720737984 -0.11217678602879472
v 0.012920262950410492 -0.02800853671546588 -0.11255301437918414
v 0.012817861212148233 -0.027499162072741612 -0.11261401902075358
v 0.012114477732999566 -0.027938941375246218 -0.1124821907063866
v 0.0064914482338948604 -0.026466245000975608 -0.11212597425880316
v 0.005884149830873709 -0.02595831612858368 -0.11213629683009424
v 0.005699628146999537 -0.02619777231671505 -0.11208435590965843
v 0.005699628146999537 -0.02619777231671505 -0.11208435590965843
v 0.005446041842687988 -0.026606347394104723 -0.11200186689206854
v 0.006135089211994351 -0.02701534971760844 -0.11201356275444047
v 0.012828622473645693 -0.029551276656906156 -0.11232809981772002
v 0.012146341900772798 -0.028942061845255163 -0.11234509810954302
v 0.01185249575644476 -0.02993544720737984 -0.11217678602879472
v 0.012932944912072423 -0.02900967163545376 -0.11241428146243843
v 0.012957115788769794 -0.028457162301349648 -0.11249397049210236
v 0.012146341900772798 -0.028942061845255163 -0.11234509810954302
v 0.006971839282255423 -0.026008069320033744 -0.11223807295797522
v 0.006903419345686558 -0.02508178639334724 -0.11236078414544431
v 0.006421970195621686 -0.025414969697746814 -0.11226604994905015
v 0.0064914482338948604 -0.026466245000975608 -0.11212597425880316
v 0.006971839282255423 -0.026008069320033744 -0.11223807295797522
v 0.006421970195621686 -0.025414969697746814 -0.11226604994905015
v 0.006135089211994351 -0.02701534971760844 -0.11201356275444047
v 0.0064914482338948604 -0.026466245000975608 -0.11212597425880316
v 0.005699628146999537 -0.02619777231671505 -0.11208435590965843
v 0.012817861212148233 -0.027499162072741612 -0.11261401902075358
v 0.012673213607011239 -0.027081117008940225 -0.11265802537050001
v 0.012114477732999566 -0.027938941375246218 -0.1124821907063866
v 0.010116494659279664 -0.025548686287349964 -0.11261671219715103
v 0.010475679895151082 -0.024846078145457362 -0.11275088273575035
v 0.010214753636114684 -0.02474726985219 -0.1127386146687614
v 0.006903419345686558 -0.02508178639334724 -0.11236078414544431
v 0.006971839282255423 -0.026008069320033744 -0.11223807295797522
v 0.007552747131502337 -0.02563147857338688 -0.11234882125425111
v 0.0064914482338948604 -0.026466245000975608 -0.11212597425880316
v 0.006421970195621686 -0.025414969697746814 -0.11226604994905015
v 0.006070133497544374 -0.02574648979405958 -0.11218451460582196
v 0.006135089211994351 -0.02701534971760844 -0.11201356275444047
v 0.005446041842687988 -0.026606347394104723 -0.11200186689206854
v 0.005286653769779327 -0.026955510466109 -0.11193710095881655
v 0.01208503017605889 -0.03101294664820675 -0.11204934461649158
v 0.01185249575644476 -0.02993544720737984 -0.11217678602879472
v 0.011405989234992699 -0.030577773592869173 -0.11204231794379454
v 0.01208503017605889 -0.03101294664820675 -0.11204934461649158
v 0.012347813239077524 -0.0306519618288148 -0.11212610395851635
v 0.01185249575644476 -0.02993544720737984 -0.11217678602879472
v 0.010773109947730399 -0.024986563915679882 -0.11276097642519461
v 0.010475679895151082 -0.024846078145457362 -0.11275088273575035
v 0.010116494659279664 -0.025548686287349964 -0.11261671219715103
v 0.00995784425348978 -0.024670479992585648 -0.11272366868416478
v 0.009614405135004446 -0.02539644171224764 -0.11258780441989907
v 0.010116494659279664 -0.025548686287349964 -0.11261671219715103
v 0.009995701310951956 -0.03234040986128228 -0.11165482097714725
v 0.009993924615616103 -0.03151430279689782 -0.111770169798544
v 0.009313950027349806 -0.03166296346374886 -0.11168140178895665
v 0.011405989234992699 -0.030577773592869173 -0.11204231794379454
v 0.011051669645714692 -0.03093307832776282 -0.11195721204375615
v 0.011856412497048276 -0.031270186955835166 -0.11199052198186173
v 0.012146341900772798 -0.028942061845255163 -0.11234509810954302
v 0.012828622473645693 -0.029551276656906156 -0.11232809981772002
v 0.012932944912072423 -0.02900967163545376 -0.11241428146243843
v 0.011841044988383788 -0.02715652976276628 -0.11256427536604713
v 0.012114477732999566 -0.027938941375246218 -0.1124821907063866
v 0.012673213607011239 -0.027081117008940225 -0.11265802537050001
v 0.012129771808738202 -0.026125308324015384 -0.11273735581860395
v 0.011777372919624664 -0.025722842484586783 -0.11275841294851036
v 0.011427514619010705 -0.02648333866023478 -0.11261707840810592
v 0.008259761248946009 -0.024587599968507456 -0.112565503698625
v 0.007821031941913638 -0.02468517802184822 -0.11250798569052195
v 0.008053010369374893 -0.025447394626044728 -0.11242458114554482
v 0.0064914482338948604 -0.026466245000975608 -0.11212597425880316
v 0.006070133497544374 -0.02574648979405958 -0.11218451460582196
v 0.005884149830873709 -0.02595831612858368 -0.11213629683009424
v 0.01152753503239179 -0.031574605534137046 -0.11191506726636376
v 0.011856412497048276 -0.031270186955835166 -0.11199052198186173
v 0.011051669645714692 -0.03093307832776282 -0.11195721204375615
v 0.011856412497048276 -0.031270186955835166 -0.11199052198186173
v 0.01208503017605889 -0.03101294664820675 -0.11204934461649158
v 0.011405989234992699 -0.030577773592869173 -0.11204231794379454
v 0.011841044988383788 -0.02715652976276628 -0.11256427536604713
v 0.012673213607011239 -0.027081117008940225 -0.11265802537050001
v 0.012601245524979657 -0.026909972515337666 -0.11267476426289663
v 0.012601245524979657 -0.026909972515337666 -0.11267476426289663
v 0.01243071805868912 -0.02657008106547787 -0.11270524369549667
v 0.011841044988383788 -0.02715652976276628 -0.11256427536604713
v 0.010739821944135143 -0.02587118653154974 -0.11263393174142594
v 0.011427514619010705 -0.02648333866023478 -0.11261707840810592
v 0.011489617893444827 -0.025456687229025166 -0.1127668663180525
v 0.011489617893444827 -0.025456687229025166 -0.1127668663180525
v 0.011124409250304891 -0.025187737707583757 -0.11276796495091718
v 0.010739821944135143 -0.02587118653154974 -0.11263393174142594
v 0.010116494659279664 -0.025548686287349964 -0.11261671219715103
v 0.010214753636114684 -0.02474726985219 -0.1127386146687614
v 0.00995784425348978 -0.024670479992585648 -0.11272366868416478
v 0.008053010369374893 -0.025447394626044728 -0.11242458114554482
v 0.008472314283333728 -0.02536022688203632 -0.11247868881413042
v 0.008259761248946009 -0.024587599968507456 -0.112565503698625
v 0.007552747131502337 -0.02563147857338688 -0.11234882125425111
v 0.007333393445241311 -0.024861644018389084 -0.11243456039406569
v 0.006903419345686558 -0.02508178639334724 -0.11236078414544431
v 0.010489864847607057 -0.03218411789218889 -0.11172608715484862
v 0.010488087198596842 -0.031300447043332014 -0.11184949261725304
v 0.009993924615616103 -0.03151430279689782 -0.111770169798544
v 0.010957228227349571 -0.03196021041085073 -0.11180412060582064
v 0.011212990339717345 -0.03180216749562925 -0.11185179669451091
v 0.010488087198596842 -0.031300447043332014 -0.11184949261725304
v 0.011212990339717345 -0.03180216749562925 -0.11185179669451091
v 0.01152753503239179 -0.031574605534137046 -0.11191506726636376
v 0.011051669645714692 -0.03093307832776282 -0.11195721204375615
v 0.011777372919624664 -0.025722842484586783 -0.11275841294851036
v 0.011489617893444827 -0.025456687229025166 -0.1127668663180525
v 0.011427514619010705 -0.02648333866023478 -0.11261707840810592
v 0.010773109947730399 -0.024986563915679882 -0.11276097642519461
v 0.010116494659279664 -0.025548686287349964 -0.11261671219715103
v 0.010739821944135143 -0.02587118653154974 -0.11263393174142594
v 0.009614405135004446 -0.02539644171224764 -0.11258780441989907
v 0.00995784425348978 -0.024670479992585648 -0.11272366868416478
v 0.009777167784641995 -0.024625918604360697 -0.11271183549268476
v 0.009401084392755556 -0.024561927054690402 -0.1126831871148592
v 0.009025665711899224 -0.02532324720498691 -0.11253918991563688
v 0.009614405135004446 -0.02539644171224764 -0.11258780441989907
v 0.00870833915111169 -0.024536196920411646 -0.11261753617179954
v 0.008472314283333728 -0.02536022688203632 -0.11247868881413042
v 0.009025665711899224 -0.02532324720498691 -0.11253918991563688
v 0.005917864126908646 -0.03099303011283694 -0.11143555979729931
v 0.006177110011719724 -0.03127634578486305 -0.11142185740407036
v 0.006720375857073026 -0.030695592430862728 -0.11155739360435564
v 0.008734756884605234 -0.0324450164946688 -0.11151412730591388
v 0.009313950027349806 -0.03166296346374886 -0.11168140178895665
v 0.008438061161284429 -0.03161699063746859 -0.11160026317426293
v 0.011427514619010705 -0.02648333866023478 -0.11261707840810592
v 0.01243071805868912 -0.02657008106547787 -0.11270524369549667
v 0.012129771808738202 -0.026125308324015384 -0.11273735581860395
v 0.009597799757018468 -0.024591534828923844 -0.11269872056286262
v 0.009401084392755556 -0.024561927054690402 -0.1126831871148592
v 0.009614405135004446 -0.02539644171224764 -0.11258780441989907
v 0.009401084392755556 -0.024561927054690402 -0.1126831871148592
v 0.009123876051341797 -0.02453815958224803 -0.11265880356877916
v 0.009025665711899224 -0.02532324720498691 -0.11253918991563688
v 0.00770680035003163 -0.031378091395164454 -0.11156056743263139
v 0.007123297552846521 -0.031051475092419567 -0.11154790263710797
v 0.0067385347705942195 -0.031745565014913435 -0.11141237406621758
v 0.009993924615616103 -0.03151430279689782 -0.111770169798544
v 0.009995701310951956 -0.03234040986128228 -0.11165482097714725
v 0.010489864847607057 -0.03218411789218889 -0.11172608715484862
v 0.011427514619010705 -0.02648333866023478 -0.11261707840810592
v 0.011841044988383788 -0.02715652976276628 -0.11256427536604713
v 0.01243071805868912 -0.02657008106547787 -0.11270524369549667
v 0.010739821944135143 -0.02587118653154974 -0.11263393174142594
v 0.011124409250304891 -0.025187737707583757 -0.11276796495091718
v 0.010773109947730399 -0.024986563915679882 -0.11276097642519461
v 0.005917864126908646 -0.03099303011283694 -0.11143555979729931
v 0.006720375857073026 -0.030695592430862728 -0.11155739360435564
v 0.00630041629199052 -0.030187928679943354 -0.1115864081931361
v 0.006337788882876951 -0.03142641979711813 -0.11141693644436397
v 0.006436552353449311 -0.03151240689226675 -0.11141478495500397
v 0.007123297552846521 -0.031051475092419567 -0.11154790263710797
v 0.007123297552846521 -0.031051475092419567 -0.11154790263710797
v 0.006436552353449311 -0.03151240689226675 -0.11141478495500397
v 0.0067385347705942195 -0.031745565014913435 -0.11141237406621758
v 0.00770680035003163 -0.031378091395164454 -0.11156056743263139
v 0.0067385347705942195 -0.031745565014913435 -0.11141237406621758
v 0.007219105586571963 -0.03203003844761465 -0.11142062907149249
v 0.008342959800261009 -0.03239877091752108 -0.1114814200900049
v 0.008734756884605234 -0.0324450164946688 -0.11151412730591388
v 0.008438061161284429 -0.03161699063746859 -0.11160026317426293
v 0.011051669645714692 -0.03093307832776282 -0.11195721204375615
v 0.010488087198596842 -0.031300447043332014 -0.11184949261725304
v 0.011212990339717345 -0.03180216749562925 -0.11185179669451091
v 0.00630041629199052 -0.030187928679943354 -0.1115864081931361
v 0.005688015731134256 -0.03068650582154442 -0.111455449629787
v 0.005917864126908646 -0.03099303011283694 -0.11143555979729931
v 0.007123297552846521 -0.031051475092419567 -0.11154790263710797
v 0.006720375857073026 -0.030695592430862728 -0.11155739360435564
v 0.006337788882876951 -0.03142641979711813 -0.11141693644436397
v 0.008438061161284429 -0.03161699063746859 -0.11160026317426293
v 0.007933672328123144 -0.0323079467860099 -0.11145320658768827
v 0.008342959800261009 -0.03239877091752108 -0.1114814200900049
v 0.010488087198596842 -0.031300447043332014 -0.11184949261725304
v 0.010489864847607057 -0.03218411789218889 -0.11172608715484862
v 0.010957228227349571 -0.03196021041085073 -0.11180412060582064
v 0.009614405135004446 -0.02539644171224764 -0.11258780441989907
v 0.009777167784641995 -0.024625918604360697 -0.11271183549268476
v 0.009597799757018468 -0.024591534828923844 -0.11269872056286262
v 0.006720375857073026 -0.030695592430862728 -0.11155739360435564
v 0.006177110011719724 -0.03127634578486305 -0.11142185740407036
v 0.006337788882876951 -0.03142641979711813 -0.11141693644436397
v 0.008438061161284429 -0.03161699063746859 -0.11160026317426293
v 0.00770680035003163 -0.031378091395164454 -0.11156056743263139
v 0.007933672328123144 -0.0323079467860099 -0.11145320658768827
v 0.009313950027349806 -0.03166296346374886 -0.11168140178895665
v 0.009587775685802604 -0.03241998063532536 -0.11160291057429102
v 0.009995701310951956 -0.03234040986128228 -0.11165482097714725
v 0.008472314283333728 -0.02536022688203632 -0.11247868881413042
v 0.00870833915111169 -0.024536196920411646 -0.11261753617179954
v 0.008259761248946009 -0.024587599968507456 -0.112565503698625
v 0.00770680035003163 -0.031378091395164454 -0.11156056743263139
v 0.007219105586571963 -0.03203003844761465 -0.11142062907149249
v 0.0075732144138160335 -0.03218430862706123 -0.11143445353503974
v 0.009313950027349806 -0.03166296346374886 -0.11168140178895665
v 0.008734756884605234 -0.0324450164946688 -0.11151412730591388
v 0.009198813875335722 -0.03245165025352881 -0.111559590870085
v 0.009025665711899224 -0.02532324720498691 -0.11253918991563688
v 0.009123876051341797 -0.02453815958224803 -0.11265880356877916
v 0.00870833915111169 -0.024536196920411646 -0.11261753617179954
v 0.00770680035003163 -0.031378091395164454 -0.11156056743263139
v 0.0075732144138160335 -0.03218430862706123 -0.11143445353503974
v 0.007933672328123144 -0.0323079467860099 -0.11145320658768827
v 0.009313950027349806 -0.03166296346374886 -0.11168140178895665
v 0.009198813875335722 -0.03245165025352881 -0.111559590870085
v 0.009587775685802604 -0.03241998063532536 -0.11160291057429102
v 0.00935062452860347 -0.024192641453654185 -0.11019312046826708
v 0.008967338987937447 -0.024191729740964396 -0.1101549200880347
v 0.00870833915111169 -0.024536196920411646 -0.11261753617179954
v 0.00956230971932204 -0.024208604055120375 -0.11021205662639307
v 0.00935062452860347 -0.024192641453654185 -0.11019312046826708
v 0.009123876051341797 -0.02453815958224803 -0.11265880356877916
v 0.009717550739268834 -0.02422679253254678 -0.11022502659771223
v 0.00956230971932204 -0.024208604055120375 -0.11021205662639307
v 0.009401084392755556 -0.024561927054690402 -0.1126831871148592
v 0.009906758778956417 -0.02425790901962044 -0.11023959111256416
v 0.009717550739268834 -0.02422679253254678 -0.11022502659771223
v 0.009597799757018468 -0.024591534828923844 -0.11269872056286262
v 0.010107503417397525 -0.02430027695681347 -0.11025373601069695
v 0.009906758778956417 -0.02425790901962044 -0.11023959111256416
v 0.009777167784641995 -0.024625918604360697 -0.11271183549268476
v 0.010312902940398107 -0.024356137478875883 -0.11026645421198462
v 0.010107503417397525 -0.02430027695681347 -0.11025373601069695
v 0.00995784425348978 -0.024670479992585648 -0.11272366868416478
v 0.010573369528392164 -0.024441636292751312 -0.11028054570435315
v 0.010312902940398107 -0.024356137478875883 -0.11026645421198462
v 0.010214753636114684 -0.02474726985219 -0.1127386146687614
v 0.010988833949370782 -0.02462291453012133 -0.11029672765092254
v 0.010573369528392164 -0.024441636292751312 -0.11028054570435315
v 0.010475679895151082 -0.024846078145457362 -0.11275088273575035
v 0.01141925293801527 -0.024880021323339108 -0.11030380772938382
v 0.010988833949370782 -0.02462291453012133 -0.11029672765092254
v 0.011124409250304891 -0.025187737707583757 -0.11276796495091718
v 0.011852443304354867 -0.02521099591791698 -0.11030082463598041
v 0.01141925293801527 -0.024880021323339108 -0.11030380772938382
v 0.011489617893444827 -0.025456687229025166 -0.1127668663180525
v 0.012126525501210964 -0.02548137976559839 -0.1102904181413455
v 0.011852443304354867 -0.02521099591791698 -0.11030082463598041
v 0.011777372919624664 -0.025722842484586783 -0.11275841294851036
v 0.012396341912647161 -0.025799632344191137 -0.11027288579187995
v 0.012126525501210964 -0.02548137976559839 -0.1102904181413455
v 0.012129771808738202 -0.026125308324015384 -0.11273735581860395
v 0.012682696944864017 -0.0262369473521451 -0.11024035405205353
v 0.012396341912647161 -0.025799632344191137 -0.11027288579187995
v 0.01243071805868912 -0.02657008106547787 -0.11270524369549667
v 0.012840435637964113 -0.026549716303158055 -0.1102123770609786
v 0.012682696944864017 -0.0262369473521451 -0.11024035405205353
v 0.01243071805868912 -0.02657008106547787 -0.11270524369549667
v 0.012912091868479417 -0.026717530565889547 -0.11019608067348581
v 0.012840435637964113 -0.026549716303158055 -0.1102123770609786
v 0.012601245524979657 -0.026909972515337666 -0.11267476426289663
v 0.013049559259347147 -0.02709925970999727 -0.11015643833761853
v 0.012912091868479417 -0.026717530565889547 -0.11019608067348581
v 0.012673213607011239 -0.027081117008940225 -0.11265802537050001
v 0.01316360345421708 -0.027642779709567966 -0.1100918249922644
v 0.013049559259347147 -0.02709925970999727 -0.11015643833761853
v 0.012817861212148233 -0.027499162072741612 -0.11261401902075358
v 0.013202869088711492 -0.028090758704234498 -0.11003310153976815
v 0.01316360345421708 -0.027642779709567966 -0.1100918249922644
v 0.012920262950410492 -0.02800853671546588 -0.11255301437918414
v 0.013195614487842015 -0.028438727775937922 -0.10998370883722682
v 0.013202869088711492 -0.028090758704234498 -0.11003310153976815
v 0.012957115788769794 -0.028457162301349648 -0.11249397049210236
v 0.013157994895295903 -0.0288141054487967 -0.1099274573086761
v 0.013195614487842015 -0.028438727775937922 -0.10998370883722682
v 0.012932944912072423 -0.02900967163545376 -0.11241428146243843
v 0.013005786559819325 -0.029450938669962623 -0.10982317110987512
v 0.013157994895295903 -0.0288141054487967 -0.1099274573086761
v 0.012828622473645693 -0.029551276656906156 -0.11232809981772002
v 0.012744262346958139 -0.03005066060701722 -0.10971315523550902
v 0.013005786559819325 -0.029450938669962623 -0.10982317110987512
v 0.012639589910040664 -0.030105800151262185 -0.11223165663686968
v 0.012484213468334508 -0.030462628857785834 -0.10962954469686977
v 0.012744262346958139 -0.03005066060701722 -0.10971315523550902
v 0.012347813239077524 -0.0306519618288148 -0.11212610395851635
v 0.012208949668944261 -0.030810575041304578 -0.1095533651888569
v 0.012484213468334508 -0.030462628857785834 -0.10962954469686977
v 0.01208503017605889 -0.03101294664820675 -0.11204934461649158
v 0.011921878427281764 -0.031104007290959634 -0.10948363251952915
v 0.012208949668944261 -0.030810575041304578 -0.1095533651888569
v 0.011856412497048276 -0.031270186955835166 -0.11199052198186173
v 0.01155767304957034 -0.031389468730299575 -0.10940729279422352
v 0.011921878427281764 -0.031104007290959634 -0.10948363251952915
v 0.01152753503239179 -0.031574605534137046 -0.11191506726636376
v 0.011309137881515554 -0.03155303151272659 -0.10935957855855878
v 0.01155767304957034 -0.031389468730299575 -0.10940729279422352
v 0.011212990339717345 -0.03180216749562925 -0.11185179669451091
v 0.011128827623622663 -0.03165468938498672 -0.10932733673573831
v 0.011309137881515554 -0.03155303151272659 -0.10935957855855878
v 0.010957228227349571 -0.03196021041085073 -0.11180412060582064
v 0.010819985903631204 -0.031803552230802445 -0.1092756323265442
v 0.011128827623622663 -0.03165468938498672 -0.10932733673573831
v 0.010957228227349571 -0.03196021041085073 -0.11180412060582064
v 0.010363415256640087 -0.03196410712429265 -0.1092075323477237
v 0.010819985903631204 -0.031803552230802445 -0.1092756323265442
v 0.010489864847607057 -0.03218411789218889 -0.11172608715484862
v 0.010055215359494054 -0.03203615340762189 -0.10916664642048875
v 0.010363415256640087 -0.03196410712429265 -0.1092075323477237
v 0.009995701310951956 -0.03234040986128228 -0.11165482097714725
v 0.00982053898726354 -0.03207674178845599 -0.10913750976138999
v 0.010055215359494054 -0.03203615340762189 -0.10916664642048875
v 0.009587775685802604 -0.03241998063532536 -0.11160291057429102
v 0.009371836153756476 -0.03211481628367263 -0.10908732360177971
v 0.00982053898726354 -0.03207674178845599 -0.10913750976138999
v 0.009587775685802604 -0.03241998063532536 -0.11160291057429102
v 0.00888352054828734 -0.03209249267421388 -0.10904163115576178
v 0.009371836153756476 -0.03211481628367263 -0.10908732360177971
v 0.008734756884605234 -0.0324450164946688 -0.11151412730591388
v 0.008438209934484854 -0.03202665099628188 -0.10900631468679918
v 0.00888352054828734 -0.03209249267421388 -0.10904163115576178
v 0.008342959800261009 -0.03239877091752108 -0.1114814200900049
v 0.007968271157128561 -0.03189627035959597 -0.10897756712684
v 0.008438209934484854 -0.03202665099628188 -0.10900631468679918
v 0.007933672328123144 -0.0323079467860099 -0.11145320658768827
v 0.0076213401599678505 -0.03175592001113281 -0.10896251433071487
v 0.007968271157128561 -0.03189627035959597 -0.10897756712684
v 0.0075732144138160335 -0.03218430862706123 -0.11143445353503974
v 0.007392237537544312 -0.03164554555520671 -0.10895503752371911
v 0.0076213401599678505 -0.03175592001113281 -0.10896251433071487
v 0.007219105586571963 -0.03203003844761465 -0.11142062907149249
v 0.0070618093983756975 -0.03145104939118348 -0.10894920103662549
v 0.007392237537544312 -0.03164554555520671 -0.10895503752371911
v 0.007219105586571963 -0.03203003844761465 -0.11142062907149249
v 0.006805153216293826 -0.031266299779136864 -0.10894937651270804
v 0.0070618093983756975 -0.03145104939118348 -0.10894920103662549
v 0.0067385347705942195 -0.031745565014913435 -0.11141237406621758
v 0.00666755326468982 -0.031154611159940337 -0.10895124571445698
v 0.006805153216293826 -0.031266299779136864 -0.10894937651270804
v 0.006436552353449311 -0.03151240689226675 -0.11141478495500397
v 0.006584117248458756 -0.03108184962083982 -0.10895307676923145
v 0.00666755326468982 -0.031154611159940337 -0.10895124571445698
v 0.006436552353449311 -0.03151240689226675 -0.11141478495500397
v 0.006511248897829726 -0.03101526979895186 -0.10895511381766805
v 0.006584117248458756 -0.03108184962083982 -0.10895307676923145
v 0.006337788882876951 -0.03142641979711813 -0.11141693644436397
v 0.006337054076781258 -0.030842650924786108 -0.10896182768517444
v 0.006511248897829726 -0.03101526979895186 -0.10895511381766805
v 0.006177110011719724 -0.03127634578486305 -0.11142185740407036
v 0.006155881697265388 -0.030637536550419675 -0.1089724096558919
v 0.006337054076781258 -0.030842650924786108 -0.10896182768517444
v 0.005917864126908646 -0.03099303011283694 -0.11143555979729931
v 0.0060014794339197115 -0.030435323253461544 -0.10898524992749788
v 0.006155881697265388 -0.030637536550419675 -0.1089724096558919
v 0.005917864126908646 -0.03099303011283694 -0.11143555979729931
v 0.005913831991707364 -0.030308934697653722 -0.10899416106073363
v 0.0060014794339197115 -0.030435323253461544 -0.10898524992749788
v 0.005688015731134256 -0.03068650582154442 -0.111455449629787
v 0.0057788703802250105 -0.030093728541191744 -0.10901076262402216
v 0.005913831991707364 -0.030308934697653722 -0.10899416106073363
v 0.005688015731134256 -0.03068650582154442 -0.111455449629787
v 0.0056322849087850355 -0.029817157254251603 -0.1090347799591473
v 0.0057788703802250105 -0.030093728541191744 -0.10901076262402216
v 0.005469832680152221 -0.030329375753922472 -0.1114835792087598
v 0.005483198903168674 -0.02946535441161413 -0.10906908171858905
v 0.0056322849087850355 -0.029817157254251603 -0.1090347799591473
v 0.005252247582994974 -0.029855084883616545 -0.11152815776312326
v 0.005351309076805367 -0.029033988424328472 -0.10911621612024187
v 0.005483198903168674 -0.02946535441161413 -0.10906908171858905
v 0.005252247582994974 -0.029855084883616545 -0.11152815776312326
v 0.005285696280720177 -0.02869117682357314 -0.1091575979581449
v 0.005351309076805367 -0.029033988424328472 -0.10911621612024187
v 0.005102509264115208 -0.029352450811280795 -0.11158347850549695
v 0.005266662847809301 -0.0285453275887404 -0.10917609924076195
v 0.005285696280720177 -0.02869117682357314 -0.1091575979581449
v 0.00503682494245289 -0.02901878685500292 -0.11162357860505785
v 0.005240729580891502 -0.02824593678167342 -0.10921536773627945
v 0.005266662847809301 -0.0285453275887404 -0.10917609924076195
v 0.004994032143331718 -0.028602914261397494 -0.11167745739179664
v 0.005244842301576348 -0.027923783674941305 -0.10926083892984546
v 0.005240729580891502 -0.02824593678167342 -0.10921536773627945
v 0.004994032143331718 -0.028602914261397494 -0.11167745739179664
v 0.0052600004787184415 -0.027693158511399307 -0.10929460663164466
v 0.005244842301576348 -0.027923783674941305 -0.10926083892984546
v 0.00500907158801578 -0.028085236929680235 -0.11175136334013121
v 0.005307196392367598 -0.02737597595544039 -0.10934367889960046
v 0.0052600004787184415 -0.027693158511399307 -0.10929460663164466
v 0.005068182232302877 -0.02767540109478439 -0.11181458813561469
v 0.005348634020220789 -0.027181449273837588 -0.10937503571261327
v 0.005307196392367598 -0.02737597595544039 -0.10934367889960046
v 0.005068182232302877 -0.02767540109478439 -0.11181458813561469
v 0.00539344765531441 -0.027012358994810137 -0.10940315766219118
v 0.005348634020220789 -0.027181449273837588 -0.10937503571261327
v 0.005141394859376481 -0.0273761151918972 -0.11186375958570412
v 0.0054540269581185305 -0.02681862958497372 -0.10943629975360909
v 0.00539344765531441 -0.027012358994810137 -0.10940315766219118
v 0.005141394859376481 -0.0273761151918972 -0.11186375958570412
v 0.005528515124650913 -0.026621880842108148 -0.10947126527040658
v 0.0054540269581185305 -0.02681862958497372 -0.10943629975360909
v 0.005214059123692106 -0.027144898750250945 -0.11190335614520204
v 0.0055955107485605735 -0.02646618396581646 -0.1094997381721496
v 0.005528515124650913 -0.026621880842108148 -0.10947126527040658
v 0.005286653769779327 -0.026955510466109 -0.11193710095881655
v 0.0057333743911255905 -0.02619117670482951 -0.10955198426838116
v 0.0055955107485605735 -0.02646618396581646 -0.1094997381721496
v 0.005446041842687988 -0.026606347394104723 -0.11200186689206854
v 0.005915468496912047 -0.02589814499840637 -0.10961116548457102
v 0.0057333743911255905 -0.02619117670482951 -0.10955198426838116
v 0.005446041842687988 -0.026606347394104723 -0.11200186689206854
v 0.006058060933799571 -0.02570261314402633 -0.10965276857492597
v 0.005915468496912047 -0.02589814499840637 -0.10961116548457102
v 0.005699628146999537 -0.02619777231671505 -0.11208435590965843
v 0.0062138751120377495 -0.025515591879650135 -0.109694508994389
v 0.006058060933799571 -0.02570261314402633 -0.10965276857492597
v 0.005884149830873709 -0.02595831612858368 -0.11213629683009424
v 0.006358249966307296 -0.025360062850046106 -0.10973068758497458
v 0.0062138751120377495 -0.025515591879650135 -0.109694508994389
v 0.006070133497544374 -0.02574648979405958 -0.11218451460582196
v 0.006431502170866911 -0.025287307032991757 -0.10974818178746566
v 0.006358249966307296 -0.025360062850046106 -0.10973068758497458
v 0.006070133497544374 -0.02574648979405958 -0.11218451460582196
v 0.006656862098257945 -0.02508305859494575 -0.10979928347446317
v 0.006431502170866911 -0.025287307032991757 -0.10974818178746566
v 0.006421970195621686 -0.025414969697746814 -0.11226604994905015
v 0.0069008472859330445 -0.02489918827066062 -0.10984938571072962
v 0.006656862098257945 -0.02508305859494575 -0.10979928347446317
v 0.006421970195621686 -0.025414969697746814 -0.11226604994905015
v 0.0070827377822432775 -0.024780667528336853 -0.10988414523386499
v 0.0069008472859330445 -0.02489918827066062 -0.10984938571072962
v 0.006903419345686558 -0.02508178639334724 -0.11236078414544431
v 0.0072223566624710096 -0.024697161893877384 -0.10990978763010247
v 0.0070827377822432775 -0.024780667528336853 -0.10988414523386499
v 0.006903419345686558 -0.02508178639334724 -0.11236078414544431
v 0.0074272397708047295 -0.024590506767961928 -0.109945180393014
v 0.0072223566624710096 -0.024697161893877384 -0.10990978763010247
v 0.006903419345686558 -0.02508178639334724 -0.11236078414544431
v 0.007847741976599045 -0.024408833709406164 -0.11001263187326855
v 0.0074272397708047295 -0.024590506767961928 -0.109945180393014
v 0.007333393445241311 -0.024861644018389084 -0.11243456039406569
v 0.008323192991765984 -0.024279999932534935 -0.1100781836341946
v 0.007847741976599045 -0.024408833709406164 -0.11001263187326855
v 0.007821031941913638 -0.02468517802184822 -0.11250798569052195
v 0.008588968684931643 -0.024230456549444446 -0.11011168430717251
v 0.008323192991765984 -0.024279999932534935 -0.1100781836341946
v 0.008259761248946009 -0.024587599968507456 -0.112565503698625
v 0.008967338987937447 -0.024191729740964396 -0.1101549200880347
v 0.008588968684931643 -0.024230456549444446 -0.11011168430717251
v 0.00870833915111169 -0.024536196920411646 -0.11261753617179954
v 0.008259761248946009 -0.024587599968507456 -0.112565503698625
v 0.00870833915111169 -0.024536196920411646 -0.11261753617179954
v 0.008588968684931643 -0.024230456549444446 -0.11011168430717251
v 0.007821031941913638 -0.02468517802184822 -0.11250798569052195
v 0.008259761248946009 -0.024587599968507456 -0.112565503698625
v 0.008323192991765984 -0.024279999932534935 -0.1100781836341946
v 0.007333393445241311 -0.024861644018389084 -0.11243456039406569
v 0.007821031941913638 -0.02468517802184822 -0.11250798569052195
v 0.007847741976599045 -0.024408833709406164 -0.11001263187326855
v 0.006903419345686558 -0.02508178639334724 -0.11236078414544431
v 0.007333393445241311 -0.024861644018389084 -0.11243456039406569
v 0.0074272397708047295 -0.024590506767961928 -0.109945180393014
v 0.006421970195621686 -0.025414969697746814 -0.11226604994905015
v 0.006903419345686558 -0.02508178639334724 -0.11236078414544431
v 0.0069008472859330445 -0.02489918827066062 -0.10984938571072962
v 0.006070133497544374 -0.02574648979405958 -0.11218451460582196
v 0.006421970195621686 -0.025414969697746814 -0.11226604994905015
v 0.006431502170866911 -0.025287307032991757 -0.10974818178746566
v 0.005884149830873709 -0.02595831612858368 -0.11213629683009424
v 0.006070133497544374 -0.02574648979405958 -0.11218451460582196
v 0.0062138751120377495 -0.025515591879650135 -0.109694508994389
v 0.005699628146999537 -0.02619777231671505 -0.11208435590965843
v 0.005884149830873709 -0.02595831612858368 -0.11213629683009424
v 0.006058060933799571 -0.02570261314402633 -0.10965276857492597
v 0.005446041842687988 -0.026606347394104723 -0.11200186689206854
v 0.005699628146999537 -0.02619777231671505 -0.11208435590965843
v 0.005915468496912047 -0.02589814499840637 -0.10961116548457102
v 0.005286653769779327 -0.026955510466109 -0.11193710095881655
v 0.005446041842687988 -0.026606347394104723 -0.11200186689206854
v 0.0055955107485605735 -0.02646618396581646 -0.1094997381721496
v 0.005214059123692106 -0.027144898750250945 -0.11190335614520204
v 0.005286653769779327 -0.026955510466109 -0.11193710095881655
v 0.005528515124650913 -0.026621880842108148 -0.10947126527040658
v 0.005141394859376481 -0.0273761151918972 -0.11186375958570412
v 0.005214059123692106 -0.027144898750250945 -0.11190335614520204
v 0.0054540269581185305 -0.02681862958497372 -0.10943629975360909
v 0.005068182232302877 -0.02767540109478439 -0.11181458813561469
v 0.005141394859376481 -0.0273761151918972 -0.11186375958570412
v 0.005348634020220789 -0.027181449273837588 -0.10937503571261327
v 0.00500907158801578 -0.028085236929680235 -0.11175136334013121
v 0.005068182232302877 -0.02767540109478439 -0.11181458813561469
v 0.0052600004787184415 -0.027693158511399307 -0.10929460663164466
v 0.004994032143331718 -0.028602914261397494 -0.11167745739179664
v 0.00500907158801578 -0.028085236929680235 -0.11175136334013121
v 0.005244842301576348 -0.027923783674941305 -0.10926083892984546
v 0.00503682494245289 -0.02901878685500292 -0.11162357860505785
v 0.004994032143331718 -0.028602914261397494 -0.11167745739179664
v 0.005266662847809301 -0.0285453275887404 -0.10917609924076195
v 0.005102509264115208 -0.029352450811280795 -0.11158347850549695
v 0.00503682494245289 -0.02901878685500292 -0.11162357860505785
v 0.005285696280720177 -0.02869117682357314 -0.1091575979581449
v 0.005252247582994974 -0.029855084883616545 -0.11152815776312326
v 0.005102509264115208 -0.029352450811280795 -0.11158347850549695
v 0.005351309076805367 -0.029033988424328472 -0.10911621612024187
v 0.005469832680152221 -0.030329375753922472 -0.1114835792087598
v 0.005252247582994974 -0.029855084883616545 -0.11152815776312326
v 0.0056322849087850355 -0.029817157254251603 -0.1090347799591473
v 0.005688015731134256 -0.03068650582154442 -0.111455449629787
v 0.005469832680152221 -0.030329375753922472 -0.1114835792087598
v 0.0057788703802250105 -0.030093728541191744 -0.10901076262402216
v 0.005917864126908646 -0.03099303011283694 -0.11143555979729931
v 0.005688015731134256 -0.03068650582154442 -0.111455449629787
v 0.0060014794339197115 -0.030435323253461544 -0.10898524992749788
v 0.006177110011719724 -0.03127634578486305 -0.11142185740407036
v 0.005917864126908646 -0.03099303011283694 -0.11143555979729931
v 0.006337054076781258 -0.030842650924786108 -0.10896182768517444
v 0.006337788882876951 -0.03142641979711813 -0.11141693644436397
v 0.006177110011719724 -0.03127634578486305 -0.11142185740407036
v 0.006511248897829726 -0.03101526979895186 -0.10895511381766805
v 0.006436552353449311 -0.03151240689226675 -0.11141478495500397
v 0.006337788882876951 -0.03142641979711813 -0.11141693644436397
v 0.006584117248458756 -0.03108184962083982 -0.10895307676923145
v 0.0067385347705942195 -0.031745565014913435 -0.11141237406621758
v 0.006436552353449311 -0.03151240689226675 -0.11141478495500397
v 0.006805153216293826 -0.031266299779136864 -0.10894937651270804
v 0.007219105586571963 -0.03203003844761465 -0.11142062907149249
v 0.0067385347705942195 -0.031745565014913435 -0.11141237406621758
v 0.0070618093983756975 -0.03145104939118348 -0.10894920103662549
v 0.0075732144138160335 -0.03218430862706123 -0.11143445353503974
v 0.007219105586571963 -0.03203003844761465 -0.11142062907149249
v 0.0076213401599678505 -0.03175592001113281 -0.10896251433071487
v 0.007933672328123144 -0.0323079467860099 -0.11145320658768827
v 0.0075732144138160335 -0.03218430862706123 -0.11143445353503974
v 0.007968271157128561 -0.03189627035959597 -0.10897756712684
v 0.008342959800261009 -0.03239877091752108 -0.1114814200900049
v 0.007933672328123144 -0.0323079467860099 -0.11145320658768827
v 0.008438209934484854 -0.03202665099628188 -0.10900631468679918
v 0.008734756884605234 -0.0324450164946688 -0.11151412730591388
v 0.008342959800261009 -0.03239877091752108 -0.1114814200900049
v 0.00888352054828734 -0.03209249267421388 -0.10904163115576178
v 0.009198813875335722 -0.03245165025352881 -0.111559590870085
v 0.008734756884605234 -0.0324450164946688 -0.11151412730591388
v 0.009371836153756476 -0.03211481628367263 -0.10908732360177971
v 0.009587775685802604 -0.03241998063532536 -0.11160291057429102
v 0.009198813875335722 -0.03245165025352881 -0.111559590870085
v 0.009371836153756476 -0.03211481628367263 -0.10908732360177971
v 0.009995701310951956 -0.03234040986128228 -0.11165482097714725
v 0.009587775685802604 -0.03241998063532536 -0.11160291057429102
v 0.010055215359494054 -0.03203615340762189 -0.10916664642048875
v 0.010489864847607057 -0.03218411789218889 -0.11172608715484862
v 0.009995701310951956 -0.03234040986128228 -0.11165482097714725
v 0.010363415256640087 -0.03196410712429265 -0.1092075323477237
v 0.010957228227349571 -0.03196021041085073 -0.11180412060582064
v 0.010489864847607057 -0.03218411789218889 -0.11172608715484862
v 0.010819985903631204 -0.031803552230802445 -0.1092756323265442
v 0.011212990339717345 -0.03180216749562925 -0.11185179669451091
v 0.010957228227349571 -0.03196021041085073 -0.11180412060582064
v 0.011309137881515554 -0.03155303151272659 -0.10935957855855878
v 0.01152753503239179 -0.031574605534137046 -0.11191506726636376
v 0.011212990339717345 -0.03180216749562925 -0.11185179669451091
v 0.01155767304957034 -0.031389468730299575 -0.10940729279422352
v 0.011856412497048276 -0.031270186955835166 -0.11199052198186173
v 0.01152753503239179 -0.031574605534137046 -0.11191506726636376
v 0.011921878427281764 -0.031104007290959634 -0.10948363251952915
v 0.01208503017605889 -0.03101294664820675 -0.11204934461649158
v 0.011856412497048276 -0.031270186955835166 -0.11199052198186173
v 0.012208949668944261 -0.030810575041304578 -0.1095533651888569
v 0.012347813239077524 -0.0306519618288148 -0.11212610395851635
v 0.01208503017605889 -0.03101294664820675 -0.11204934461649158
v 0.012484213468334508 -0.030462628857785834 -0.10962954469686977
v 0.012639589910040664 -0.030105800151262185 -0.11223165663686968
v 0.012347813239077524 -0.0306519618288148 -0.11212610395851635
v 0.012744262346958139 -0.03005066060701722 -0.10971315523550902
v 0.012828622473645693 -0.029551276656906156 -0.11232809981772002
v 0.012639589910040664 -0.030105800151262185 -0.11223165663686968
v 0.013005786559819325 -0.029450938669962623 -0.10982317110987512
v 0.012932944912072423 -0.02900967163545376 -0.11241428146243843
v 0.012828622473645693 -0.029551276656906156 -0.11232809981772002
v 0.013157994895295903 -0.0288141054487967 -0.1099274573086761
v 0.012957115788769794 -0.028457162301349648 -0.11249397049210236
v 0.012932944912072423 -0.02900967163545376 -0.11241428146243843
v 0.013195614487842015 -0.028438727775937922 -0.10998370883722682
v 0.012920262950410492 -0.02800853671546588 -0.11255301437918414
v 0.012957115788769794 -0.028457162301349648 -0.11249397049210236
v 0.013202869088711492 -0.028090758704234498 -0.11003310153976815
v 0.012817861212148233 -0.027499162072741612 -0.11261401902075358
v 0.012920262950410492 -0.02800853671546588 -0.11255301437918414
v 0.01316360345421708 -0.027642779709567966 -0.1100918249922644
v 0.012673213607011239 -0.027081117008940225 -0.11265802537050001
v 0.012817861212148233 -0.027499162072741612 -0.11261401902075358
v 0.013049559259347147 -0.02709925970999727 -0.11015643833761853
v 0.012601245524979657 -0.026909972515337666 -0.11267476426289663
v 0.012673213607011239 -0.027081117008940225 -0.11265802537050001
v 0.012912091868479417 -0.026717530565889547 -0.11019608067348581
v 0.01243071805868912 -0.02657008106547787 -0.11270524369549667
v 0.012601245524979657 -0.026909972515337666 -0.11267476426289663
v 0.012840435637964113 -0.026549716303158055 -0.1102123770609786
v 0.012129771808738202 -0.026125308324015384 -0.11273735581860395
v 0.01243071805868912 -0.02657008106547787 -0.11270524369549667
v 0.012396341912647161 -0.025799632344191137 -0.11027288579187995
v 0.011777372919624664 -0.025722842484586783 -0.11275841294851036
v 0.012129771808738202 -0.026125308324015384 -0.11273735581860395
v 0.012126525501210964 -0.02548137976559839 -0.1102904181413455
v 0.011489617893444827 -0.025456687229025166 -0.1127668663180525
v 0.011777372919624664 -0.025722842484586783 -0.11275841294851036
v 0.011852443304354867 -0.02521099591791698 -0.11030082463598041
v 0.011124409250304891 -0.025187737707583757 -0.11276796495091718
v 0.011489617893444827 -0.025456687229025166 -0.1127668663180525
v 0.01141925293801527 -0.024880021323339108 -0.11030380772938382
v 0.010773109947730399 -0.024986563915679882 -0.11276097642519461
v 0.011124409250304891 -0.025187737707583757 -0.11276796495091718
v 0.010988833949370782 -0.02462291453012133 -0.11029672765092254
v 0.010475679895151082 -0.024846078145457362 -0.11275088273575035
v 0.010773109947730399 -0.024986563915679882 -0.11276097642519461
v 0.010988833949370782 -0.02462291453012133 -0.11029672765092254
v 0.010214753636114684 -0.02474726985219 -0.1127386146687614
v 0.010475679895151082 -0.024846078145457362 -0.11275088273575035
v 0.010573369528392164 -0.024441636292751312 -0.11028054570435315
v 0.00995784425348978 -0.024670479992585648 -0.11272366868416478
v 0.010214753636114684 -0.02474726985219 -0.1127386146687614
v 0.010312902940398107 -0.024356137478875883 -0.11026645421198462
v 0.009777167784641995 -0.024625918604360697 -0.11271183549268476
v 0.00995784425348978 -0.024670479992585648 -0.11272366868416478
v 0.010107503417397525 -0.02430027695681347 -0.11025373601069695
v 0.009597799757018468 -0.024591534828923844 -0.11269872056286262
v 0.009777167784641995 -0.024625918604360697 -0.11271183549268476
v 0.009906758778956417 -0.02425790901962044 -0.11023959111256416
v 0.009401084392755556 -0.024561927054690402 -0.1126831871148592
v 0.009597799757018468 -0.024591534828923844 -0.11269872056286262
v 0.009717550739268834 -0.02422679253254678 -0.11022502659771223
v 0.009123876051341797 -0.02453815958224803 -0.11265880356877916
v 0.009401084392755556 -0.024561927054690402 -0.1126831871148592
v 0.00956230971932204 -0.024208604055120375 -0.11021205662639307
v 0.00870833915111169 -0.024536196920411646 -0.11261753617179954
v 0.009123876051341797 -0.02453815958224803 -0.11265880356877916
v 0.00935062452860347 -0.024192641453654185 -0.11019312046826708
v 0.0007678788669051794 -0.04180138214292972 -0.10687246448779049
v 0.00014114671125866655 -0.040333211907179756 -0.10701513417230131
v 0.00010821873463611606 -0.04050010873517529 -0.10698849232533277
v 0.0007678788669051794 -0.04180138214292972 -0.10687246448779049
v 0.00019113268865995735 -0.04001515006345935 -0.10706461079818648
v 0.00016799477540676777 -0.04017449379051019 -0.10704001362904943
v 0.0007678788669051794 -0.04180138214292972 -0.10687246448779049
v 0.0002279801327986515 -0.039648492788963985 -0.10711957295900017
v 0.00020961571735367285 -0.03985513876435531 -0.10708884175636864
v -0.00044621472689970406 -0.03281428302221778 -0.10800793207101918
v -4.5597056230017696e-05 -0.03735472284358998 -0.10741299948660905
v 3.4818308684726868e-06 -0.037517167919665084 -0.10739519247892733
v 0.0007678788669051794 -0.04180138214292972 -0.10687246448779049
v 0.00016799477540676777 -0.04017449379051019 -0.10704001362904943
v 0.00014114671125866655 -0.040333211907179756 -0.10701513417230131
v 0.00020961571735367285 -0.03985513876435531 -0.10708884175636864
v 0.00019113268865995735 -0.04001515006345935 -0.10706461079818648
v 0.0007678788669051794 -0.04180138214292972 -0.10687246448779049
v 0.0007678788669051794 -0.04180138214292972 -0.10687246448779049
v 0.00023716242247753127 -0.0394801654494259 -0.10714403279902913
v 0.0002279801327986515 -0.039648492788963985 -0.10711957295900017
v 3.4818308684726868e-06 -0.037517167919665084 -0.10739519247892733
v 4.3848915245658326e-05 -0.03766603267282953 -0.10737840781016135
v -0.00044621472689970406 -0.03281428302221778 -0.10800793207101918
v -0.00044621472689970406 -0.03281428302221778 -0.10800793207101918
v -0.00012937033790898225 -0.03710681328591647 -0.10743929801080739
v -7.900611686456183e-05 -0.037251985411952404 -0.10742403159162524
v 0.0007678788669051794 -0.04180138214292972 -0.10687246448779049
v 0.00024192656235606796 -0.039327009161633786 -0.10716592153297895
v 0.00023716242247753127 -0.0394801654494259 -0.10714403279902913
v 0.0007678788669051794 -0.04180138214292972 -0.10687246448779049
v 0.00022285088465120144 -0.03872773545152919 -0.10724782308716203
v 0.00023426115135412496 -0.038896123826226425 -0.10722542318375435
v 0.0007678788669051794 -0.04180138214292972 -0.10687246448779049
v 0.00020189427798297978 -0.0385133761579004 -0.10727570852549824
v 0.00021330695867413137 -0.038620477603417136 -0.1072618688031612
v -0.00044621472689970406 -0.03281428302221778 -0.10800793207101918
v 0.00015648094562862802 -0.03819333067150765 -0.10731593069537744
v 0.00017347698737618138 -0.03829976835966864 -0.10730273947160636
v -0.00044621472689970406 -0.03281428302221778 -0.10800793207101918
v 9.440656454743314e-05 -0.03787584103240427 -0.10735412344621494
v 0.00011693977374949326 -0.037981332675598445 -0.10734161886798428
v -7.900611686456183e-05 -0.037251985411952404 -0.10742403159162524
v -4.5597056230017696e-05 -0.03735472284358998 -0.10741299948660905
v -0.00044621472689970406 -0.03281428302221778 -0.10800793207101918
v 0.005483198903168674 -0.02946535441161413 -0.10906908171858905
v 0.005351309076805367 -0.029033988424328472 -0.10911621612024187
v 0.0017159515242218264 -0.030324323187154167 -0.10857231655827522
v 0.0007678788669051794 -0.04180138214292972 -0.10687246448779049
v -9.26669284012291e-05 -0.041222013524102596 -0.10686745960474027
v -0.00014440239161674087 -0.04136514478700448 -0.10684226734280151
v 0.0007678788669051794 -0.04180138214292972 -0.10687246448779049
v -2.623993282973442e-05 -0.04101838115969425 -0.10690257770943563
v -9.26669284012291e-05 -0.041222013524102596 -0.10686745960474027
v 0.0007678788669051794 -0.04180138214292972 -0.10687246448779049
v 0.00024228988248555314 -0.03915767092727229 -0.10718964132170324
v 0.00024192656235606796 -0.039327009161633786 -0.10716592153297895
v 0.0007678788669051794 -0.04180138214292972 -0.10687246448779049
v 0.00023426115135412496 -0.038896123826226425 -0.10722542318375435
v 0.00024024413177040424 -0.03905011553275939 -0.10720448049477134
v 0.00021330695867413137 -0.038620477603417136 -0.1072618688031612
v 0.00022285088465120144 -0.03872773545152919 -0.10724782308716203
v 0.0007678788669051794 -0.04180138214292972 -0.10687246448779049
v 0.00017347698737618138 -0.03829976835966864 -0.10730273947160636
v 0.0007678788669051794 -0.04180138214292972 -0.10687246448779049
v -0.00044621472689970406 -0.03281428302221778 -0.10800793207101918
v 0.00017347698737618138 -0.03829976835966864 -0.10730273947160636
v 0.00018861628474614594 -0.038406461632558564 -0.10728933462477826
v 0.0007678788669051794 -0.04180138214292972 -0.10687246448779049
v 0.00011693977374949326 -0.037981332675598445 -0.10734161886798428
v 0.0001376333153055038 -0.03808717145626028 -0.10732888540790682
v -0.00044621472689970406 -0.03281428302221778 -0.10800793207101918
v 0.0001376333153055038 -0.03808717145626028 -0.10732888540790682
v 0.00015648094562862802 -0.03819333067150765 -0.10731593069537744
v -0.00044621472689970406 -0.03281428302221778 -0.10800793207101918
v -0.00044621472689970406 -0.03281428302221778 -0.10800793207101918
v 4.3848915245658326e-05 -0.03766603267282953 -0.10737840781016135
v 7.004049007973153e-05 -0.03777073085895477 -0.107366383883809
v 0.0014525010083592945 -0.020321551334484544 -0.10994485995842847
v 0.0017159515242218264 -0.030324323187154167 -0.10857231655827522
v 0.005307196392367598 -0.02737597595544039 -0.10934367889960046
v 0.0052600004787184415 -0.027693158511399307 -0.10929460663164466
v 0.005307196392367598 -0.02737597595544039 -0.10934367889960046
v 0.0017159515242218264 -0.030324323187154167 -0.10857231655827522
v 0.0017159515242218264 -0.030324323187154167 -0.10857231655827522
v 0.005244842301576348 -0.027923783674941305 -0.10926083892984546
v 0.0052600004787184415 -0.027693158511399307 -0.10929460663164466
v 0.0017159515242218264 -0.030324323187154167 -0.10857231655827522
v 0.0017156959394928899 -0.030503026503747588 -0.10854729977241902
v 0.005483198903168674 -0.02946535441161413 -0.10906908171858905
v 0.0005442810317113357 -0.04229675875337291 -0.10678083545511803
v -0.00035378970396078574 -0.041857809147562985 -0.10675243884732395
v -0.0004286270047165233 -0.04200943192698148 -0.10672375232252392
v 0.000597071914422015 -0.042183923817593616 -0.10680189258502444
v -0.00028665669133839255 -0.04171190078491982 -0.1067795537167759
v -0.00035378970396078574 -0.041857809147562985 -0.10675243884732395
v 0.0007678788669051794 -0.04180138214292972 -0.10687246448779049
v 0.00010821873463611606 -0.04050010873517529 -0.10698849232533277
v 5.989986570076367e-05 -0.04070879938839811 -0.10695448048289698
v 7.004049007973153e-05 -0.03777073085895477 -0.107366383883809
v 9.440656454743314e-05 -0.03787584103240427 -0.10735412344621494
v -0.00044621472689970406 -0.03281428302221778 -0.10800793207101918
v -0.00021010596558023597 -0.03689718040242429 -0.10746054587558614
v -0.00012937033790898225 -0.03710681328591647 -0.10743929801080739
v -0.00044621472689970406 -0.03281428302221778 -0.10800793207101918
v -0.00044621472689970406 -0.03281428302221778 -0.10800793207101918
v -0.0005614208249677539 -0.03616611652492718 -0.10752766166246537
v -0.0004804443647178463 -0.03631406193600695 -0.1075150579021011
v 0.0014525010083592945 -0.020321551334484544 -0.10994485995842847
v 0.005307196392367598 -0.02737597595544039 -0.10934367889960046
v 0.005348634020220789 -0.027181449273837588 -0.10937503571261327
v 0.005240729580891502 -0.02824593678167342 -0.10921536773627945
v 0.005244842301576348 -0.027923783674941305 -0.10926083892984546
v 0.0017159515242218264 -0.030324323187154167 -0.10857231655827522
v 0.0017159515242218264 -0.030324323187154167 -0.10857231655827522
v 0.005285696280720177 -0.02869117682357314 -0.1091575979581449
v 0.005266662847809301 -0.0285453275887404 -0.10917609924076195
v 0.005351309076805367 -0.029033988424328472 -0.10911621612024187
v 0.005285696280720177 -0.02869117682357314 -0.1091575979581449
v 0.0017159515242218264 -0.030324323187154167 -0.10857231655827522
v -0.00043840154107518275 -0.043813387090789746 -0.10647049455902997
v -0.0012285291540017204 -0.043198557044497043 -0.10647748308475254
v -0.0013407601754914652 -0.04332575050146614 -0.10644846849597207
v -0.00043840154107518275 -0.043813387090789746 -0.10647049455902997
v -0.0011311396897659839 -0.04308276571819647 -0.10650340776860108
v -0.0012285291540017204 -0.043198557044497043 -0.10647748308475254
v -0.0001296283515273087 -0.04342236915839903 -0.10655604296397221
v -0.0008718110737040293 -0.042741693619476884 -0.10657703142932458
v -0.0009933659310095574 -0.042907049309703904 -0.10654175310733645
v 0.0004327749815504282 -0.042519510381384684 -0.10673853808982776
v -0.0004286270047165233 -0.04200943192698148 -0.10672375232252392
v -0.0005299062384527335 -0.0421986638085281 -0.10668715411521919
v -0.0004286270047165233 -0.04200943192698148 -0.10672375232252392
v 0.0004895098441885793 -0.042408632385395606 -0.10675971729005247
v 0.0005442810317113357 -0.04229675875337291 -0.10678083545511803
v -0.00028665669133839255 -0.04171190078491982 -0.1067795537167759
v 0.000597071914422015 -0.042183923817593616 -0.10680189258502444
v 0.0006478663990657636 -0.042070165725032194 -0.10682288105037681
v -0.00020570162915697568 -0.04152295119098426 -0.10681407672866956
v 0.0006478663990657636 -0.042070165725032194 -0.10682288105037681
v 0.0007678788669051794 -0.04180138214292972 -0.10687246448779049
v 5.989986570076367e-05 -0.04070879938839811 -0.10695448048289698
v 2.0992246522199852e-05 -0.040855665240100425 -0.10693005878984248
v 0.0007678788669051794 -0.04180138214292972 -0.10687246448779049
v 0.00024024413177040424 -0.03905011553275939 -0.10720448049477134
v 0.00024228988248555314 -0.03915767092727229 -0.10718964132170324
v 0.0007678788669051794 -0.04180138214292972 -0.10687246448779049
v -0.00044621472689970406 -0.03281428302221778 -0.10800793207101918
v -0.0002725386450993552 -0.036747453527636864 -0.10747524009015126
v -0.00021010596558023597 -0.03689718040242429 -0.10746054587558614
v -0.00044621472689970406 -0.03281428302221778 -0.10800793207101918
v -0.0007532524228243828 -0.03584740236794337 -0.10755305228867136
v -0.0006390189831982988 -0.03603178195433765 -0.10753868613808666
v -0.00044621472689970406 -0.03281428302221778 -0.10800793207101918
v -0.0008472280904731069 -0.03570604112465681 -0.1075634282657267
v -0.0007532524228243828 -0.03584740236794337 -0.10755305228867136
v 0.005348634020220789 -0.027181449273837588 -0.10937503571261327
v 0.00539344765531441 -0.027012358994810137 -0.10940315766219118
v 0.0014525010083592945 -0.020321551334484544 -0.10994485995842847
v 0.0056322849087850355 -0.029817157254251603 -0.1090347799591473
v 0.005483198903168674 -0.02946535441161413 -0.10906908171858905
v 0.0017156959394928899 -0.030503026503747588 -0.10854729977241902
v 0.01414606733755153 -0.02895063156306943 -0.11000714633834004
v 0.014193331438917548 -0.028378621495617207 -0.11009187076863376
v 0.013195614487842015 -0.028438727775937922 -0.10998370883722682
v -0.0020769208464054005 -0.04522991395250475 -0.106108578953461
v -0.002603493814150038 -0.044382215700571326 -0.10617448166655215
v -0.002740915190229815 -0.044466287817601646 -0.10614898422881765
v -0.001619344311381277 -0.04491839050020818 -0.1061978886500858
v -0.0022129553415446705 -0.04411524409975609 -0.10625086716822714
v -0.0023872891606313566 -0.04424004574142604 -0.10621597794537858
v -0.000640804023184817 -0.044041353410211315 -0.10641837053311672
v -0.0013407601754914652 -0.04332575050146614 -0.10644846849597207
v -0.0014442661494552813 -0.043436384356818625 -0.10642265062365204
v -0.0004286270047165233 -0.04200943192698148 -0.10672375232252392
v 0.0004327749815504282 -0.042519510381384684 -0.10673853808982776
v 0.0004895098441885793 -0.042408632385395606 -0.10675971729005247
v -0.00020570162915697568 -0.04152295119098426 -0.10681407672866956
v -0.00028665669133839255 -0.04171190078491982 -0.1067795537167759
v 0.0006478663990657636 -0.042070165725032194 -0.10682288105037681
v 2.0992246522199852e-05 -0.040855665240100425 -0.10693005878984248
v -2.623993282973442e-05 -0.04101838115969425 -0.10690257770943563
v 0.0007678788669051794 -0.04180138214292972 -0.10687246448779049
v 0.00018861628474614594 -0.038406461632558564 -0.10728933462477826
v 0.00020189427798297978 -0.0385133761579004 -0.10727570852549824
v 0.0007678788669051794 -0.04180138214292972 -0.10687246448779049
v -0.0003392762702918509 -0.03659953100474178 -0.10748925528857085
v -0.0002725386450993552 -0.036747453527636864 -0.10747524009015126
v -0.00044621472689970406 -0.03281428302221778 -0.10800793207101918
v -0.0004804443647178463 -0.03631406193600695 -0.1075150579021011
v -0.0004094177976998564 -0.03645314199022032 -0.10750271354116321
v -0.00044621472689970406 -0.03281428302221778 -0.10800793207101918
v 0.006656862098257945 -0.02508305859494575 -0.10979928347446317
v 0.0069008472859330445 -0.02489918827066062 -0.10984938571072962
v 0.00426835366495515 -0.02028660679852301 -0.11023126744273522
v 0.0014525010083592945 -0.020321551334484544 -0.10994485995842847
v 0.005915468496912047 -0.02589814499840637 -0.10961116548457102
v 0.006058060933799571 -0.02570261314402633 -0.10965276857492597
v 0.00539344765531441 -0.027012358994810137 -0.10940315766219118
v 0.0054540269581185305 -0.02681862958497372 -0.10943629975360909
v 0.0014525010083592945 -0.020321551334484544 -0.10994485995842847
v 0.013195614487842015 -0.028438727775937922 -0.10998370883722682
v 0.013157994895295903 -0.0288141054487967 -0.1099274573086761
v 0.01414606733755153 -0.02895063156306943 -0.11000714633834004
v -0.0022431379429996294 -0.045331102616978924 -0.106077809603855
v -0.002740915190229815 -0.044466287817601646 -0.10614898422881765
v -0.0028803180632146212 -0.044546278208363876 -0.10612386063143293
v -0.002740915190229815 -0.044466287817601646 -0.10614898422881765
v -0.0022431379429996294 -0.045331102616978924 -0.106077809603855
v -0.0020769208464054005 -0.04522991395250475 -0.106108578953461
v -0.0023872891606313566 -0.04424004574142604 -0.10621597794537858
v -0.0017650721911514904 -0.04502311538921555 -0.1061686756970381
v -0.001619344311381277 -0.04491839050020818 -0.1061978886500858
v -0.0013407601754914652 -0.04332575050146614 -0.10644846849597207
v -0.000640804023184817 -0.044041353410211315 -0.10641837053311672
v -0.0005570016767895634 -0.04394923228156822 -0.10643963365668525
v -0.0011311396897659839 -0.04308276571819647 -0.10650340776860108
v -0.00043840154107518275 -0.043813387090789746 -0.10647049455902997
v -0.0003155692667644768 -0.04366420190303977 -0.10650363665044789
v -0.00023849816263039203 -0.04356640450459581 -0.10652501421493983
v -0.0009933659310095574 -0.042907049309703904 -0.10654175310733645
v -0.0011311396897659839 -0.04308276571819647 -0.10650340776860108
v -0.0008718110737040293 -0.042741693619476884 -0.10657703142932458
v -0.0001296283515273087 -0.04342236915839903 -0.10655604296397221
v -1.783142323550074e-05 -0.043265054850389895 -0.1065892232023646
v 5.2134151252770426e-05 -0.04316205801932593 -0.10661062365504122
v -0.0007513041257080704 -0.04256446277609793 -0.10661386614787101
v -0.0008718110737040293 -0.042741693619476884 -0.10657703142932458
v 0.0002151251239435569 -0.04290620244687071 -0.10666269427519022
v -0.0006374646131980176 -0.042383649931816425 -0.10665053301972978
v -0.0007513041257080704 -0.04256446277609793 -0.10661386614787101
v -0.00035378970396078574 -0.041857809147562985 -0.10675243884732395
v 0.0005442810317113357 -0.04229675875337291 -0.10678083545511803
v 0.000597071914422015 -0.042183923817593616 -0.10680189258502444
v -0.0004094177976998564 -0.03645314199022032 -0.10750271354116321
v -0.0003392762702918509 -0.03659953100474178 -0.10748925528857085
v -0.00044621472689970406 -0.03281428302221778 -0.10800793207101918
v 0.006358249966307296 -0.025360062850046106 -0.10973068758497458
v 0.006431502170866911 -0.025287307032991757 -0.10974818178746566
v 0.0014525010083592945 -0.020321551334484544 -0.10994485995842847
v 0.0014525010083592945 -0.020321551334484544 -0.10994485995842847
v 0.006058060933799571 -0.02570261314402633 -0.10965276857492597
v 0.0062138751120377495 -0.025515591879650135 -0.109694508994389
v 0.005528515124650913 -0.026621880842108148 -0.10947126527040658
v 0.0055955107485605735 -0.02646618396581646 -0.1094997381721496
v 0.0014525010083592945 -0.020321551334484544 -0.10994485995842847
v 0.013202869088711492 -0.028090758704234498 -0.11003310153976815
v 0.013195614487842015 -0.028438727775937922 -0.10998370883722682
v 0.014193331438917548 -0.028378621495617207 -0.11009187076863376
v -0.0019261649569816968 -0.045133245704505054 -0.10613716629612742
v -0.002513218999071199 -0.04432433911090827 -0.10619160202869345
v -0.002603493814150038 -0.044382215700571326 -0.10617448166655215
v -0.0019261649569816968 -0.045133245704505054 -0.10613716629612742
v -0.0023872891606313566 -0.04424004574142604 -0.10621597794537858
v -0.002513218999071199 -0.04432433911090827 -0.10619160202869345
v -0.0013407601754914652 -0.04332575050146614 -0.10644846849597207
v -0.0005570016767895634 -0.04394923228156822 -0.10643963365668525
v -0.00043840154107518275 -0.043813387090789746 -0.10647049455902997
v -0.0009933659310095574 -0.042907049309703904 -0.10654175310733645
v -0.00023849816263039203 -0.04356640450459581 -0.10652501421493983
v -0.0001296283515273087 -0.04342236915839903 -0.10655604296397221
v -0.0007513041257080704 -0.04256446277609793 -0.10661386614787101
v 5.2134151252770426e-05 -0.04316205801932593 -0.10661062365504122
v 0.00012026885723109493 -0.043057836670381544 -0.10663200884892805
v 0.00034112198780963254 -0.04268966114630235 -0.1067055791038873
v -0.0005299062384527335 -0.0421986638085281 -0.10668715411521919
v -0.0006374646131980176 -0.042383649931816425 -0.10665053301972978
v -0.00014440239161674087 -0.04136514478700448 -0.10684226734280151
v -0.00020570162915697568 -0.04152295119098426 -0.10681407672866956
v 0.0007678788669051794 -0.04180138214292972 -0.10687246448779049
v -0.0006390189831982988 -0.03603178195433765 -0.10753868613808666
v -0.0005614208249677539 -0.03616611652492718 -0.10752766166246537
v -0.00044621472689970406 -0.03281428302221778 -0.10800793207101918
v 0.006431502170866911 -0.025287307032991757 -0.10974818178746566
v 0.006656862098257945 -0.02508305859494575 -0.10979928347446317
v 0.0014525010083592945 -0.020321551334484544 -0.10994485995842847
v 0.0057333743911255905 -0.02619117670482951 -0.10955198426838116
v 0.005915468496912047 -0.02589814499840637 -0.10961116548457102
v 0.0014525010083592945 -0.020321551334484544 -0.10994485995842847
v 0.0056322849087850355 -0.029817157254251603 -0.1090347799591473
v 0.0017156959394928899 -0.030503026503747588 -0.10854729977241902
v 0.0016862626876676394 -0.030782523663629435 -0.10850526943595003
v 0.0054540269581185305 -0.02681862958497372 -0.10943629975360909
v 0.005528515124650913 -0.026621880842108148 -0.10947126527040658
v 0.0014525010083592945 -0.020321551334484544 -0.10994485995842847
v 0.013991239258603353 -0.02677637608870409 -0.11029573582958636
v 0.013049559259347147 -0.02709925970999727 -0.11015643833761853
v 0.01316360345421708 -0.027642779709567966 -0.1100918249922644
v 0.013730732616286104 -0.026116570759513458 -0.11036195897726304
v 0.012682696944864017 -0.0262369473521451 -0.11024035405205353
v 0.012840435637964113 -0.026549716303158055 -0.1102123770609786
v -0.010359781757321997 -0.04346748939979994 -0.10552695966314025
v -0.011650048809268012 -0.04464361402841677 -0.105233487359162
v -0.011294769823582131 -0.044710020281570895 -0.1052597095894114
v -0.002844483749073618 -0.04564679553358486 -0.1059735386638438
v -0.0032053920360980434 -0.044715250231770476 -0.10606772354380563
v -0.0033600033925475234 -0.04478685210284716 -0.1060422566236507
v -0.0025091446637794117 -0.045479650750255285 -0.10603043869096047
v -0.002974500082153359 -0.044597719403434155 -0.10610725143874951
v -0.0030695883301543056 -0.04464751264920741 -0.10609077957517417
v -0.0023994260973955743 -0.04542006136143861 -0.10604974106004135
v -0.0028803180632146212 -0.044546278208363876 -0.10612386063143293
v -0.002974500082153359 -0.044597719403434155 -0.10610725143874951
v -0.002603493814150038 -0.044382215700571326 -0.10617448166655215
v -0.0020769208464054005 -0.04522991395250475 -0.106108578953461
v -0.0019261649569816968 -0.045133245704505054 -0.10613716629612742
v -0.0023872891606313566 -0.04424004574142604 -0.10621597794537858
v -0.0019261649569816968 -0.045133245704505054 -0.10613716629612742
v -0.0017650721911514904 -0.04502311538921555 -0.1061686756970381
v -0.001042152096656854 -0.044441629613305444 -0.10632227067503659
v -0.0016723159153834992 -0.04366253106555806 -0.1063682225204809
v -0.0017976023812570773 -0.0437774068644714 -0.10633963517781449
v -0.0011311396897659839 -0.04308276571819647 -0.10650340776860108
v -0.0003155692667644768 -0.04366420190303977 -0.10650363665044789
v -0.00023849816263039203 -0.04356640450459581 -0.10652501421493983
v -0.0007513041257080704 -0.04256446277609793 -0.10661386614787101
v 0.00012026885723109493 -0.043057836670381544 -0.10663200884892805
v 0.0002151251239435569 -0.04290620244687071 -0.10666269427519022
v 0.0014525010083592945 -0.020321551334484544 -0.10994485995842847
v 0.0055955107485605735 -0.02646618396581646 -0.1094997381721496
v 0.0057333743911255905 -0.02619117670482951 -0.10955198426838116
v 0.005266662847809301 -0.0285453275887404 -0.10917609924076195
v 0.005240729580891502 -0.02824593678167342 -0.10921536773627945
v 0.0017159515242218264 -0.030324323187154167 -0.10857231655827522
v 0.014193331438917548 -0.028378621495617207 -0.11009187076863376
v 0.014171850877594542 -0.02766880548289885 -0.11018899296562963
v 0.013202869088711492 -0.028090758704234498 -0.11003310153976815
v 0.013991239258603353 -0.02677637608870409 -0.11029573582958636
v 0.012912091868479417 -0.026717530565889547 -0.11019608067348581
v 0.013049559259347147 -0.02709925970999727 -0.11015643833761853
v 0.012682696944864017 -0.0262369473521451 -0.11024035405205353
v 0.013730732616286104 -0.026116570759513458 -0.11036195897726304
v 0.01347270838833237 -0.02563832023325774 -0.11040305089816012
v -0.011294769823582131 -0.044710020281570895 -0.1052597095894114
v -0.01024313212409589 -0.04358109490446349 -0.10552273297836919
v -0.010359781757321997 -0.04346748939979994 -0.10552695966314025
v -0.00419385596167915 -0.046117887780081634 -0.10577274824903334
v -0.0043748228243700735 -0.0451386358719974 -0.10589160659208115
v -0.004523275113373083 -0.04517426133145319 -0.10587177779475261
v -0.0031306747493002616 -0.04577284076662247 -0.10592729690139353
v -0.00349912660052576 -0.04484734176026128 -0.10601988723782259
v -0.003657527143632878 -0.04491084121396094 -0.10599517562776213
v -0.0032053920360980434 -0.044715250231770476 -0.10606772354380563
v -0.002844483749073618 -0.04564679553358486 -0.1059735386638438
v -0.0026813563189927174 -0.04556852557137114 -0.10600079086240384
v -0.0026813563189927174 -0.04556852557137114 -0.10600079086240384
v -0.0030695883301543056 -0.04464751264920741 -0.10609077957517417
v -0.0032053920360980434 -0.044715250231770476 -0.10606772354380563
v -0.002974500082153359 -0.044597719403434155 -0.10610725143874951
v -0.0025091446637794117 -0.045479650750255285 -0.10603043869096047
v -0.0023994260973955743 -0.04542006136143861 -0.10604974106004135
v -0.0014203789908805167 -0.04476548598244756 -0.10623916367646032
v -0.00195325956085346 -0.04391060084052434 -0.10630544022990125
v -0.0020780635867093116 -0.04401182383727553 -0.1062788136417225
v -0.0008620842508657788 -0.04427015133367629 -0.10636425523513622
v -0.0015631967333359924 -0.043557603997586014 -0.10639380388155924
v -0.0016723159153834992 -0.04366253106555806 -0.1063682225204809
v -0.0007262268411345475 -0.0441319906215476 -0.10639716081531243
v -0.0014442661494552813 -0.043436384356818625 -0.10642265062365204
v -0.0015631967333359924 -0.043557603997586014 -0.10639380388155924
v -0.0008718110737040293 -0.042741693619476884 -0.10657703142932458
v -1.783142323550074e-05 -0.043265054850389895 -0.1065892232023646
v 5.2134151252770426e-05 -0.04316205801932593 -0.10661062365504122
v -0.0005299062384527335 -0.0421986638085281 -0.10668715411521919
v 0.00034112198780963254 -0.04268966114630235 -0.1067055791038873
v 0.0004327749815504282 -0.042519510381384684 -0.10673853808982776
v -0.00044621472689970406 -0.03281428302221778 -0.10800793207101918
v -0.0011038452911154436 -0.035356450806538486 -0.10758665977317779
v -0.001000317263432013 -0.035491113441108446 -0.10757818351545097
v -0.00044621472689970406 -0.03281428302221778 -0.10800793207101918
v -0.0014165524917134772 -0.03498911070120014 -0.10760677085811739
v -0.0013118211654041675 -0.03510614180417093 -0.10760087333586461
v 0.004379898279323059 -0.020407639519115506 -0.11022549199080074
v 0.00426835366495515 -0.02028660679852301 -0.11023126744273522
v 0.0070827377822432775 -0.024780667528336853 -0.10988414523386499
v 0.0070827377822432775 -0.024780667528336853 -0.10988414523386499
v 0.00452776358175644 -0.02054963400217824 -0.11022041844319648
v 0.004379898279323059 -0.020407639519115506 -0.11022549199080074
v 0.0070827377822432775 -0.024780667528336853 -0.10988414523386499
v 0.004676819546630407 -0.020680066137279685 -0.11021708439762797
v 0.00452776358175644 -0.02054963400217824 -0.11022041844319648
v 0.0070827377822432775 -0.024780667528336853 -0.10988414523386499
v 0.0072223566624710096 -0.024697161893877384 -0.10990978763010247
v 0.004676819546630407 -0.020680066137279685 -0.11021708439762797
v 0.0057788703802250105 -0.030093728541191744 -0.10901076262402216
v 0.0016135732701907245 -0.031096326397650476 -0.10845412197258315
v 0.001544388963620955 -0.031294316824534985 -0.10841950740795077
v 0.0062138751120377495 -0.025515591879650135 -0.109694508994389
v 0.006358249966307296 -0.025360062850046106 -0.10973068758497458
v 0.0014525010083592945 -0.020321551334484544 -0.10994485995842847
v 0.013616608312769788 -0.030547875901629773 -0.10973084017287245
v 0.01397357911677333 -0.029706330756678057 -0.10988422152781392
v 0.013005786559819325 -0.029450938669962623 -0.10982317110987512
v 0.01397357911677333 -0.029706330756678057 -0.10988422152781392
v 0.01414606733755153 -0.02895063156306943 -0.11000714633834004
v 0.013157994895295903 -0.0288141054487967 -0.1099274573086761
v 0.01316360345421708 -0.027642779709567966 -0.1100918249922644
v 0.013202869088711492 -0.028090758704234498 -0.11003310153976815
v 0.014171850877594542 -0.02766880548289885 -0.11018899296562963
v 0.012557881951753006 -0.02451556131457311 -0.11046861028848105
v 0.011852443304354867 -0.02521099591791698 -0.11030082463598041
v 0.012126525501210964 -0.02548137976559839 -0.1102904181413455
v -0.007132079463206266 -0.046207453061435366 -0.10546646619102869
v -0.006946166845275549 -0.045236650708195825 -0.10562082410851655
v -0.007105895379931339 -0.04520701813842898 -0.10560899854643142
v -0.007007805203458341 -0.04622811346280731 -0.10547600293464572
v -0.0068392799764902 -0.04525395036111712 -0.10562908674318634
v -0.006946166845275549 -0.045236650708195825 -0.10562082410851655
v -0.004384313314780564 -0.04616062765027573 -0.10574773146317713
v -0.004523275113373083 -0.04517426133145319 -0.10587177779475261
v -0.004733815418020427 -0.045217916729034524 -0.1058446247783262
v -0.004018781852869192 -0.04607324437586158 -0.1057964985553372
v -0.00421013709038215 -0.0450949995479033 -0.1059141743421765
v -0.0043748228243700735 -0.0451386358719974 -0.10589160659208115
v -0.0029582113240554657 -0.045698576236727906 -0.10595492294030336
v -0.0033600033925475234 -0.04478685210284716 -0.1060422566236507
v -0.00349912660052576 -0.04484734176026128 -0.10601988723782259
v -0.0028803180632146212 -0.044546278208363876 -0.10612386063143293
v -0.0023994260973955743 -0.04542006136143861 -0.10604974106004135
v -0.0022431379429996294 -0.045331102616978924 -0.106077809603855
v -0.00195325956085346 -0.04391060084052434 -0.10630544022990125
v -0.0014203789908805167 -0.04476548598244756 -0.10623916367646032
v -0.001229137598244487 -0.04460754987875459 -0.1062803700382808
v -0.001229137598244487 -0.04460754987875459 -0.1062803700382808
v -0.0017976023812570773 -0.0437774068644714 -0.10633963517781449
v -0.00195325956085346 -0.04391060084052434 -0.10630544022990125
v -0.0016723159153834992 -0.04366253106555806 -0.1063682225204809
v -0.001042152096656854 -0.044441629613305444 -0.10632227067503659
v -0.0008620842508657788 -0.04427015133367629 -0.10636425523513622
v -0.0015631967333359924 -0.043557603997586014 -0.10639380388155924
v -0.0008620842508657788 -0.04427015133367629 -0.10636425523513622
v -0.0007262268411345475 -0.0441319906215476 -0.10639716081531243
v -0.0006374646131980176 -0.042383649931816425 -0.10665053301972978
v 0.0002151251239435569 -0.04290620244687071 -0.10666269427519022
v 0.00034112198780963254 -0.04268966114630235 -0.1067055791038873
v -0.00044621472689970406 -0.03281428302221778 -0.10800793207101918
v -0.001000317263432013 -0.035491113441108446 -0.10757818351545097
v -0.0009091067745950478 -0.035617025159735416 -0.10756969199893436
v -0.00044621472689970406 -0.03281428302221778 -0.10800793207101918
v -0.0012020825718587343 -0.03523460555538982 -0.10759388481014205
v -0.0011038452911154436 -0.035356450806538486 -0.10758665977317779
v -0.0013118211654041675 -0.03510614180417093 -0.10760087333586461
v -0.0012020825718587343 -0.03523460555538982 -0.10759388481014205
v -0.00044621472689970406 -0.03281428302221778 -0.10800793207101918
v -0.0005109024290517185 -0.032820924410472685 -0.10800053155797236
v -0.0022642942550396565 -0.034220712379791074 -0.10762947593732082
v -0.002130884748580975 -0.0343238694281478 -0.10762839256324593
v 0.0057788703802250105 -0.030093728541191744 -0.10901076262402216
v 0.0016522476265808804 -0.030949105779085606 -0.10847857418321723
v 0.0016135732701907245 -0.031096326397650476 -0.10845412197258315
v 0.0131210075888516 -0.03128889613946306 -0.1095776648115931
v 0.013616608312769788 -0.030547875901629773 -0.10973084017287245
v 0.012484213468334508 -0.030462628857785834 -0.10962954469686977
v 0.013157994895295903 -0.0288141054487967 -0.1099274573086761
v 0.013005786559819325 -0.029450938669962623 -0.10982317110987512
v 0.01397357911677333 -0.029706330756678057 -0.10988422152781392
v 0.013730732616286104 -0.026116570759513458 -0.11036195897726304
v 0.012840435637964113 -0.026549716303158055 -0.1102123770609786
v 0.012912091868479417 -0.026717530565889547 -0.11019608067348581
v 0.013134340910102574 -0.025133958102978582 -0.11043976354638825
v 0.012126525501210964 -0.02548137976559839 -0.1102904181413455
v 0.012396341912647161 -0.025799632344191137 -0.11027288579187995
v -0.010428753394509107 -0.04339729133738368 -0.10552988172138451
v -0.01206802139381791 -0.04459000227049925 -0.10519919322911515
v -0.011890144912896085 -0.04461016676120311 -0.10521415447250156
v -0.010428753394509107 -0.04339729133738368 -0.10552988172138451
v -0.012429354304351884 -0.044563505382033686 -0.10516677593021213
v -0.01224951230057059 -0.04457461759569625 -0.10518319438802322
v -0.009996156213622489 -0.043804731542282926 -0.10551615643997088
v -0.011002956912993246 -0.044779642324672686 -0.10527914928760036
v -0.010828311480808874 -0.04482683776148466 -0.10529001354592889
v -0.009996156213622489 -0.043804731542282926 -0.10551615643997088
v -0.010828311480808874 -0.04482683776148466 -0.10529001354592889
v -0.010539021038906695 -0.04491495727250605 -0.10530661510921742
v -0.006946166845275549 -0.045236650708195825 -0.10562082410851655
v -0.007132079463206266 -0.046207453061435366 -0.10546646619102869
v -0.007007805203458341 -0.04622811346280731 -0.10547600293464572
v -0.006633256750457063 -0.04627714758378865 -0.10550659680816916
v -0.006517187904917234 -0.045294756179705686 -0.10565558363165191
v -0.006670087654306047 -0.045277712111513324 -0.10564268232488679
v -0.005815387048371813 -0.04631666021994274 -0.10558282972194628
v -0.00576145199484568 -0.045324793107401895 -0.105726941362092
v -0.0059147122331432165 -0.04532631135698573 -0.10571140028469368
v -0.005558590676158771 -0.046309820467420604 -0.10560947156891483
v -0.005590837744188227 -0.04531912446699593 -0.10574479414614309
v -0.00576145199484568 -0.045324793107401895 -0.105726941362092
v -0.0053149931571117035 -0.046294435792617605 -0.10563597608677529
v -0.005375170009335185 -0.04530498338356059 -0.10576833082938993
v -0.005590837744188227 -0.04531912446699593 -0.10574479414614309
v -0.00506570363263681 -0.046271127991217575 -0.10566415907151235
v -0.005160492188469591 -0.04528339982540652 -0.10579281355760357
v -0.005375170009335185 -0.04530498338356059 -0.10576833082938993
v -0.004878283732377421 -0.04624724035580563 -0.10568623091093961
v -0.004955601450740977 -0.0452552931346184 -0.10581722762126318
v -0.005160492188469591 -0.04528339982540652 -0.10579281355760357
v -0.0046939151132383014 -0.046219259550033254 -0.10570858503797793
v -0.004733815418020427 -0.045217916729034524 -0.1058446247783262
v -0.004955601450740977 -0.0452552931346184 -0.10581722762126318
v -0.004733815418020427 -0.045217916729034524 -0.1058446247783262
v -0.004507173752287264 -0.04618549566293151 -0.1057319691333269
v -0.004384313314780564 -0.04616062765027573 -0.10574773146317713
v -0.0043748228243700735 -0.0451386358719974 -0.10589160659208115
v -0.00419385596167915 -0.046117887780081634 -0.10577274824903334
v -0.004018781852869192 -0.04607324437586158 -0.1057964985553372
v -0.0037126511906694646 -0.045984445848694655 -0.10583952071314236
v -0.004063883974457228 -0.04505170273188197 -0.10593485000233822
v -0.00421013709038215 -0.0450949995479033 -0.1059141743421765
v -0.0037126511906694646 -0.045984445848694655 -0.10583952071314236
v -0.0039103891322667126 -0.045001970521267864 -0.1059571430942174
v -0.004063883974457228 -0.04505170273188197 -0.10593485000233822
v -0.0034813896879096204 -0.045907148634329875 -0.10587344863223432
v -0.0037581421729784856 -0.044948698271423115 -0.10597981765584126
v -0.0039103891322667126 -0.045001970521267864 -0.1059571430942174
v -0.0033047553678439154 -0.04584190204919958 -0.10590023543770584
v -0.003657527143632878 -0.04491084121396094 -0.10599517562776213
v -0.0037581421729784856 -0.044948698271423115 -0.10597981765584126
v -0.00349912660052576 -0.04484734176026128 -0.10601988723782259
v -0.0031306747493002616 -0.04577284076662247 -0.10592729690139353
v -0.0029582113240554657 -0.045698576236727906 -0.10595492294030336
v -0.0030695883301543056 -0.04464751264920741 -0.10609077957517417
v -0.0026813563189927174 -0.04556852557137114 -0.10600079086240384
v -0.0025091446637794117 -0.045479650750255285 -0.10603043869096047
v -0.0014203789908805167 -0.04476548598244756 -0.10623916367646032
v -0.0020780635867093116 -0.04401182383727553 -0.1062788136417225
v -0.0022129553415446705 -0.04411524409975609 -0.10625086716822714
v -0.0009091067745950478 -0.035617025159735416 -0.10756969199893436
v -0.0008472280904731069 -0.03570604112465681 -0.1075634282657267
v -0.00044621472689970406 -0.03281428302221778 -0.10800793207101918
v -0.00044621472689970406 -0.03281428302221778 -0.10800793207101918
v -0.0015324697030297961 -0.034866777168778285 -0.10761228691062548
v -0.0014165524917134772 -0.03498911070120014 -0.10760677085811739
v -0.001926735611877881 -0.0344939171962344 -0.10762501274130805
v -0.00044621472689970406 -0.03281428302221778 -0.10800793207101918
v -0.0005109024290517185 -0.032820924410472685 -0.10800053155797236
v 0.005461107036579816 -0.021165438703668604 -0.11022761296258117
v 0.007847741976599045 -0.024408833709406164 -0.11001263187326855
v 0.008323192991765984 -0.024279999932534935 -0.1100781836341946
v 0.004877188437373004 -0.020831429517271793 -0.11021594761778881
v 0.004676819546630407 -0.020680066137279685 -0.11021708439762797
v 0.0072223566624710096 -0.024697161893877384 -0.10990978763010247
v 0.0056322849087850355 -0.029817157254251603 -0.1090347799591473
v 0.0016862626876676394 -0.030782523663629435 -0.10850526943595003
v 0.0016522476265808804 -0.030949105779085606 -0.10847857418321723
v 0.01102065138710029 -0.03279446185428414 -0.10915711730626661
v 0.011482457706337159 -0.032594575522768565 -0.10923124450705309
v 0.010819985903631204 -0.031803552230802445 -0.1092756323265442
v 0.013005786559819325 -0.029450938669962623 -0.10982317110987512
v 0.012744262346958139 -0.03005066060701722 -0.10971315523550902
v 0.013616608312769788 -0.030547875901629773 -0.10973084017287245
v 0.012912091868479417 -0.026717530565889547 -0.11019608067348581
v 0.013991239258603353 -0.02677637608870409 -0.11029573582958636
v 0.013730732616286104 -0.026116570759513458 -0.11036195897726304
v 0.01347270838833237 -0.02563832023325774 -0.11040305089816012
v 0.012396341912647161 -0.025799632344191137 -0.11027288579187995
v 0.012682696944864017 -0.0262369473521451 -0.11024035405205353
v 0.012557881951753006 -0.02451556131457311 -0.11046861028848105
v 0.01141925293801527 -0.024880021323339108 -0.11030380772938382
v 0.011852443304354867 -0.02521099591791698 -0.11030082463598041
v -0.011890144912896085 -0.04461016676120311 -0.10521415447250156
v -0.011650048809268012 -0.04464361402841677 -0.105233487359162
v -0.010428753394509107 -0.04339729133738368 -0.10552988172138451
v -0.01224951230057059 -0.04457461759569625 -0.10518319438802322
v -0.01206802139381791 -0.04459000227049925 -0.10519919322911515
v -0.010428753394509107 -0.04339729133738368 -0.10552988172138451
v -0.010428753394509107 -0.04339729133738368 -0.10552988172138451
v -0.012733024248279826 -0.04455544111163112 -0.10513754008897976
v -0.012429354304351884 -0.044563505382033686 -0.10516677593021213
v -0.013030649804103293 -0.044561510295269 -0.10510693858606142
v -0.012733024248279826 -0.04455544111163112 -0.10513754008897976
v -0.010428753394509107 -0.04339729133738368 -0.10552988172138451
v -0.01024313212409589 -0.04358109490446349 -0.10552273297836919
v -0.011294769823582131 -0.044710020281570895 -0.1052597095894114
v -0.011002956912993246 -0.044779642324672686 -0.10527914928760036
v -0.010539021038906695 -0.04491495727250605 -0.10530661510921742
v -0.009834381570623664 -0.04393809717972097 -0.10551367688663045
v -0.009996156213622489 -0.043804731542282926 -0.10551615643997088
v -0.009657198410962799 -0.044075445361293486 -0.1055121738958364
v -0.010539021038906695 -0.04491495727250605 -0.10530661510921742
v -0.010087090971359626 -0.04508223938494371 -0.10532839703163872
v -0.008702162202270937 -0.04574662235107052 -0.10537394451915368
v -0.008240291033177473 -0.0448703634593528 -0.10554266095783134
v -0.008397379320362887 -0.04480442641398463 -0.10553618360156665
v -0.00774743641458381 -0.04607209233723264 -0.10542387890873246
v -0.007415175790129182 -0.04513830399331953 -0.10558768964649352
v -0.007624883060221578 -0.04508196854142499 -0.10557459760485606
v -0.007563456894584266 -0.04611873082821738 -0.10543575024718695
v -0.007264942514255692 -0.045173719644415744 -0.10559775281835822
v -0.007415175790129182 -0.04513830399331953 -0.10558768964649352
v -0.007317769398173525 -0.04617217092474979 -0.10545284009174867
v -0.007105895379931339 -0.04520701813842898 -0.10560899854643142
v -0.007264942514255692 -0.045173719644415744 -0.10559775281835822
v -0.007105895379931339 -0.04520701813842898 -0.10560899854643142
v -0.007317769398173525 -0.04617217092474979 -0.10545284009174867
v -0.007132079463206266 -0.046207453061435366 -0.10546646619102869
v -0.006820787753779591 -0.04625479345675032 -0.10549097180742702
v -0.006670087654306047 -0.045277712111513324 -0.10564268232488679
v -0.0068392799764902 -0.04525395036111712 -0.10562908674318634
v -0.006670087654306047 -0.045277712111513324 -0.10564268232488679
v -0.006820787753779591 -0.04625479345675032 -0.10549097180742702
v -0.006633256750457063 -0.04627714758378865 -0.10550659680816916
v -0.006507958244444669 -0.04628916388074611 -0.10551743817831301
v -0.0064094541732986916 -0.04530464006079038 -0.10566497541676596
v -0.006517187904917234 -0.045294756179705686 -0.10565558363165191
v -0.0063824980906279655 -0.04629900580015889 -0.10552860761243728
v -0.006238981543283952 -0.04531667924593252 -0.10568033338868683
v -0.0064094541732986916 -0.04530464006079038 -0.10566497541676596
v -0.00576145199484568 -0.045324793107401895 -0.105726941362092
v -0.005815387048371813 -0.04631666021994274 -0.10558282972194628
v -0.005558590676158771 -0.046309820467420604 -0.10560947156891483
v -0.005590837744188227 -0.04531912446699593 -0.10574479414614309
v -0.005558590676158771 -0.046309820467420604 -0.10560947156891483
v -0.0053149931571117035 -0.046294435792617605 -0.10563597608677529
v -0.005375170009335185 -0.04530498338356059 -0.10576833082938993
v -0.0053149931571117035 -0.046294435792617605 -0.10563597608677529
v -0.00506570363263681 -0.046271127991217575 -0.10566415907151235
v -0.005160492188469591 -0.04528339982540652 -0.10579281355760357
v -0.00506570363263681 -0.046271127991217575 -0.10566415907151235
v -0.004878283732377421 -0.04624724035580563 -0.10568623091093961
v -0.004523275113373083 -0.04517426133145319 -0.10587177779475261
v -0.004384313314780564 -0.04616062765027573 -0.10574773146317713
v -0.00419385596167915 -0.046117887780081634 -0.10577274824903334
v -0.00421013709038215 -0.0450949995479033 -0.1059141743421765
v -0.003898078149931484 -0.04603989247608409 -0.10581322981833892
v -0.0037126511906694646 -0.045984445848694655 -0.10583952071314236
v -0.0039103891322667126 -0.045001970521267864 -0.1059571430942174
v -0.0037126511906694646 -0.045984445848694655 -0.10583952071314236
v -0.0034813896879096204 -0.045907148634329875 -0.10587344863223432
v -0.0037581421729784856 -0.044948698271423115 -0.10597981765584126
v -0.0034813896879096204 -0.045907148634329875 -0.10587344863223432
v -0.0033047553678439154 -0.04584190204919958 -0.10590023543770584
v -0.0033600033925475234 -0.04478685210284716 -0.1060422566236507
v -0.0029582113240554657 -0.045698576236727906 -0.10595492294030336
v -0.002844483749073618 -0.04564679553358486 -0.1059735386638438
v -0.0014442661494552813 -0.043436384356818625 -0.10642265062365204
v -0.0007262268411345475 -0.0441319906215476 -0.10639716081531243
v -0.000640804023184817 -0.044041353410211315 -0.10641837053311672
v -0.00044621472689970406 -0.03281428302221778 -0.10800793207101918
v -0.0016863144245017618 -0.03471360943689383 -0.10761832939138123
v -0.0016087326575493087 -0.03478953717487521 -0.10761546836829612
v -0.00044621472689970406 -0.03281428302221778 -0.10800793207101918
v -0.001926735611877881 -0.0344939171962344 -0.10762501274130805
v -0.0018006299397275998 -0.0346060273394988 -0.10762194572456081
v -0.002130884748580975 -0.0343238694281478 -0.10762839256324593
v -0.00200935397155308 -0.034423463549089206 -0.10762660728484082
v -0.0005109024290517185 -0.032820924410472685 -0.10800053155797236
v 0.0074272397708047295 -0.024590506767961928 -0.109945180393014
v 0.007847741976599045 -0.024408833709406164 -0.11001263187326855
v 0.005461107036579816 -0.021165438703668604 -0.11022761296258117
v 0.0072223566624710096 -0.024697161893877384 -0.10990978763010247
v 0.0074272397708047295 -0.024590506767961928 -0.109945180393014
v 0.005461107036579816 -0.021165438703668604 -0.11022761296258117
v 0.00426835366495515 -0.02028660679852301 -0.11023126744273522
v 0.0014525010083592945 -0.020321551334484544 -0.10994485995842847
v 0.006656862098257945 -0.02508305859494575 -0.10979928347446317
v 0.0057788703802250105 -0.030093728541191744 -0.10901076262402216
v 0.0056322849087850355 -0.029817157254251603 -0.1090347799591473
v 0.0016522476265808804 -0.030949105779085606 -0.10847857418321723
v 0.004521960950102656 -0.03657769949125367 -0.10797831476004212
v 0.0070618093983756975 -0.03145104939118348 -0.10894920103662549
v 0.006805153216293826 -0.031266299779136864 -0.10894937651270804
v 0.011974724384686832 -0.032317842111186934 -0.10931915802441235
v 0.01255133306991119 -0.03188387450024255 -0.10943749756860739
v 0.01155767304957034 -0.031389468730299575 -0.10940729279422352
v 0.012744262346958139 -0.03005066060701722 -0.10971315523550902
v 0.012484213468334508 -0.030462628857785834 -0.10962954469686977
v 0.013616608312769788 -0.030547875901629773 -0.10973084017287245
v 0.01316360345421708 -0.027642779709567966 -0.1100918249922644
v 0.014171850877594542 -0.02766880548289885 -0.11018899296562963
v 0.013991239258603353 -0.02677637608870409 -0.11029573582958636
v 0.012396341912647161 -0.025799632344191137 -0.11027288579187995
v 0.01347270838833237 -0.02563832023325774 -0.11040305089816012
v 0.013134340910102574 -0.025133958102978582 -0.11043976354638825
v 0.012126525501210964 -0.02548137976559839 -0.1102904181413455
v 0.013134340910102574 -0.025133958102978582 -0.11043976354638825
v 0.012557881951753006 -0.02451556131457311 -0.11046861028848105
v 0.01141925293801527 -0.024880021323339108 -0.11030380772938382
v 0.012557881951753006 -0.02451556131457311 -0.11046861028848105
v 0.011915503114173777 -0.02402037925369971 -0.11047366857729553
v -0.010428753394509107 -0.04339729133738368 -0.10552988172138451
v -0.01593245486594286 -0.04375308053885307 -0.10492988321876502
v -0.013210631044341396 -0.0445705549429154 -0.10508767436395501
v -0.009351404634231343 -0.04428906460361759 -0.10551287580016662
v -0.010087090971359626 -0.04508223938494371 -0.10532839703163872
v -0.009756058202645692 -0.04522970032944773 -0.1053408710922898
v -0.009114545301386891 -0.044437452519601184 -0.10551580548780577
v -0.009756058202645692 -0.04522970032944773 -0.1053408710922898
v -0.009512686227585167 -0.04535054994456278 -0.1053483021229162
v -0.00899062580850152 -0.04561845233155504 -0.10536303448445579
v -0.008538876939083175 -0.044741167286224126 -0.10553088117211558
v -0.008692597802097414 -0.04466713163817637 -0.10552586865967047
v -0.00881815475386183 -0.04569676044074322 -0.10536932110584814
v -0.008397379320362887 -0.04480442641398463 -0.10553618360156665
v -0.008538876939083175 -0.044741167286224126 -0.10553088117211558
v -0.008240291033177473 -0.0448703634593528 -0.10554266095783134
v -0.008702162202270937 -0.04574662235107052 -0.10537394451915368
v -0.008585341861334085 -0.04579447391584335 -0.10537893414341411
v -0.008467729017002658 -0.045840303690969364 -0.10538428234923454
v -0.008095585253904415 -0.044926325070897555 -0.10554930616078369
v -0.008240291033177473 -0.0448703634593528 -0.10554266095783134
v -0.008349360862576762 -0.04588410023235623 -0.10538998913661497
v -0.007993667982217902 -0.04496347640933207 -0.10555430341443901
v -0.008095585253904415 -0.044926325070897555 -0.10554930616078369
v -0.007415175790129182 -0.04513830399331953 -0.10558768964649352
v -0.00774743641458381 -0.04607209233723264 -0.10542387890873246
v -0.007563456894584266 -0.04611873082821738 -0.10543575024718695
v -0.007264942514255692 -0.045173719644415744 -0.10559775281835822
v -0.007563456894584266 -0.04611873082821738 -0.10543575024718695
v -0.007317769398173525 -0.04617217092474979 -0.10545284009174867
v -0.0068392799764902 -0.04525395036111712 -0.10562908674318634
v -0.007007805203458341 -0.04622811346280731 -0.10547600293464572
v -0.006820787753779591 -0.04625479345675032 -0.10549097180742702
v -0.006517187904917234 -0.045294756179705686 -0.10565558363165191
v -0.006633256750457063 -0.04627714758378865 -0.10550659680816916
v -0.006507958244444669 -0.04628916388074611 -0.10551743817831301
v -0.006238981543283952 -0.04531667924593252 -0.10568033338868683
v -0.0063824980906279655 -0.04629900580015889 -0.10552860761243728
v -0.006194011982432192 -0.04631002646108273 -0.10554591108005602
v -0.006194011982432192 -0.04631002646108273 -0.10554591108005602
v -0.00608560066517966 -0.04532312226992019 -0.10569476820382558
v -0.006238981543283952 -0.04531667924593252 -0.10568033338868683
v -0.00600553207311977 -0.046315470034339334 -0.10556399274595392
v -0.0059147122331432165 -0.04532631135698573 -0.10571140028469368
v -0.00608560066517966 -0.04532312226992019 -0.10569476820382558
v -0.004955601450740977 -0.0452552931346184 -0.10581722762126318
v -0.004878283732377421 -0.04624724035580563 -0.10568623091093961
v -0.0046939151132383014 -0.046219259550033254 -0.10570858503797793
v -0.00421013709038215 -0.0450949995479033 -0.1059141743421765
v -0.004018781852869192 -0.04607324437586158 -0.1057964985553372
v -0.003898078149931484 -0.04603989247608409 -0.10581322981833892
v -0.0022129553415446705 -0.04411524409975609 -0.10625086716822714
v -0.001619344311381277 -0.04491839050020818 -0.1061978886500858
v -0.0014203789908805167 -0.04476548598244756 -0.10623916367646032
v -0.00044621472689970406 -0.03281428302221778 -0.10800793207101918
v -0.0018006299397275998 -0.0346060273394988 -0.10762194572456081
v -0.0016863144245017618 -0.03471360943689383 -0.10761832939138123
v -0.0005109024290517185 -0.032820924410472685 -0.10800053155797236
v -0.00200935397155308 -0.034423463549089206 -0.10762660728484082
v -0.001926735611877881 -0.0344939171962344 -0.10762501274130805
v 0.008323192991765984 -0.024279999932534935 -0.1100781836341946
v 0.008588968684931643 -0.024230456549444446 -0.11011168430717251
v 0.005461107036579816 -0.021165438703668604 -0.11022761296258117
v 0.005461107036579816 -0.021165438703668604 -0.11022761296258117
v 0.005144684082249996 -0.02100448135959776 -0.11021848820628839
v 0.0072223566624710096 -0.024697161893877384 -0.10990978763010247
v 0.00426835366495515 -0.02028660679852301 -0.11023126744273522
v 0.0069008472859330445 -0.02489918827066062 -0.10984938571072962
v 0.0070827377822432775 -0.024780667528336853 -0.10988414523386499
v 0.0014661840896824237 -0.03147012287841755 -0.10838710536783754
v 0.0013812487781454665 -0.03162739522475477 -0.1083566183058426
v 0.0057788703802250105 -0.030093728541191744 -0.10901076262402216
v 0.004521960950102656 -0.03657769949125367 -0.10797831476004212
v 0.00666755326468982 -0.031154611159940337 -0.10895124571445698
v 0.006584117248458756 -0.03108184962083982 -0.10895307676923145
v 0.011482457706337159 -0.032594575522768565 -0.10923124450705309
v 0.011974724384686832 -0.032317842111186934 -0.10931915802441235
v 0.011128827623622663 -0.03165468938498672 -0.10932733673573831
v 0.01155767304957034 -0.031389468730299575 -0.10940729279422352
v 0.011309137881515554 -0.03155303151272659 -0.10935957855855878
v 0.011974724384686832 -0.032317842111186934 -0.10931915802441235
v 0.011921878427281764 -0.031104007290959634 -0.10948363251952915
v 0.01155767304957034 -0.031389468730299575 -0.10940729279422352
v 0.01255133306991119 -0.03188387450024255 -0.10943749756860739
v 0.011142338328304914 -0.0236093322523645 -0.1104538245211772
v 0.010573369528392164 -0.024441636292751312 -0.11028054570435315
v 0.010988833949370782 -0.02462291453012133 -0.11029672765092254
v -0.01593245486594286 -0.04375308053885307 -0.10492988321876502
v -0.015854269780747336 -0.04474145338853264 -0.10479947397184826
v -0.013210631044341396 -0.0445705549429154 -0.10508767436395501
v -0.011002956912993246 -0.044779642324672686 -0.10527914928760036
v -0.009996156213622489 -0.043804731542282926 -0.10551615643997088
v -0.01012390566274446 -0.043692014862124484 -0.10551913953337429
v -0.010539021038906695 -0.04491495727250605 -0.10530661510921742
v -0.009657198410962799 -0.044075445361293486 -0.1055121738958364
v -0.009834381570623664 -0.04393809717972097 -0.10551367688663045
v -0.009756058202645692 -0.04522970032944773 -0.1053408710922898
v -0.009260122739026546 -0.04434787960885256 -0.10551377606876407
v -0.009351404634231343 -0.04428906460361759 -0.10551287580016662
v -0.009512686227585167 -0.04535054994456278 -0.1053483021229162
v -0.008980439612644166 -0.04451481076912511 -0.10551839185267471
v -0.009114545301386891 -0.044437452519601184 -0.10551580548780577
v -0.008397379320362887 -0.04480442641398463 -0.10553618360156665
v -0.00881815475386183 -0.04569676044074322 -0.10536932110584814
v -0.008702162202270937 -0.04574662235107052 -0.10537394451915368
v -0.008095585253904415 -0.044926325070897555 -0.10554930616078369
v -0.008467729017002658 -0.045840303690969364 -0.10538428234923454
v -0.008349360862576762 -0.04588410023235623 -0.10538998913661497
v -0.008171119124374406 -0.045945970810246095 -0.10539915966927711
v -0.007839589491318024 -0.04501568054389171 -0.10556239820242115
v -0.007993667982217902 -0.04496347640933207 -0.10555430341443901
v -0.007990076444571727 -0.04600313786618404 -0.10540926098811627
v -0.007624883060221578 -0.04508196854142499 -0.10557459760485606
v -0.007839589491318024 -0.04501568054389171 -0.10556239820242115
v -0.0059147122331432165 -0.04532631135698573 -0.10571140028469368
v -0.00600553207311977 -0.046315470034339334 -0.10556399274595392
v -0.005815387048371813 -0.04631666021994274 -0.10558282972194628
v -0.0017976023812570773 -0.0437774068644714 -0.10633963517781449
v -0.001229137598244487 -0.04460754987875459 -0.1062803700382808
v -0.001042152096656854 -0.044441629613305444 -0.10632227067503659
v 0.0011179050738114457 -0.03199342879621758 -0.10827910365372335
v 0.0010169454103933775 -0.032101342772290486 -0.10825391902117949
v 0.0060014794339197115 -0.030435323253461544 -0.10898524992749788
v 0.008588968684931643 -0.024230456549444446 -0.11011168430717251
v 0.008967338987937447 -0.024191729740964396 -0.1101549200880347
v 0.005461107036579816 -0.021165438703668604 -0.11022761296258117
v 0.005144684082249996 -0.02100448135959776 -0.11021848820628839
v 0.004877188437373004 -0.020831429517271793 -0.11021594761778881
v 0.0072223566624710096 -0.024697161893877384 -0.10990978763010247
v 0.007968271157128561 -0.03189627035959597 -0.10897756712684
v 0.006591035202278552 -0.03492539380974602 -0.10841624965633119
v 0.006836633053299292 -0.03476246426709517 -0.10846359005164614
v 0.007968271157128561 -0.03189627035959597 -0.10897756712684
v 0.006836633053299292 -0.03476246426709517 -0.10846359005164614
v 0.007085104325171844 -0.034603856776651565 -0.10851061764177046
v 0.011915503114173777 -0.02402037925369971 -0.11047366857729553
v 0.010988833949370782 -0.02462291453012133 -0.11029672765092254
v 0.01141925293801527 -0.024880021323339108 -0.11030380772938382
v 0.011142338328304914 -0.0236093322523645 -0.1104538245211772
v 0.010312902940398107 -0.024356137478875883 -0.11026645421198462
v 0.010573369528392164 -0.024441636292751312 -0.11028054570435315
v 0.011142338328304914 -0.0236093322523645 -0.1104538245211772
v 0.010107503417397525 -0.02430027695681347 -0.11025373601069695
v 0.010312902940398107 -0.024356137478875883 -0.11026645421198462
v -0.013210631044341396 -0.0445705549429154 -0.10508767436395501
v -0.013030649804103293 -0.044561510295269 -0.10510693858606142
v -0.010428753394509107 -0.04339729133738368 -0.10552988172138451
v -0.009756058202645692 -0.04522970032944773 -0.1053408710922898
v -0.009114545301386891 -0.044437452519601184 -0.10551580548780577
v -0.009260122739026546 -0.04434787960885256 -0.10551377606876407
v -0.009512686227585167 -0.04535054994456278 -0.1053483021229162
v -0.008885360186131066 -0.044567228526741776 -0.1055205662302194
v -0.008980439612644166 -0.04451481076912511 -0.10551839185267471
v -0.009273149930807413 -0.045477556481356984 -0.10535448956217493
v -0.008789403379205198 -0.044618009779153756 -0.10552306104234961
v -0.008885360186131066 -0.044567228526741776 -0.1055205662302194
v -0.009160816627742376 -0.045535291927214505 -0.10535764813166089
v -0.008692597802097414 -0.04466713163817637 -0.10552586865967047
v -0.008789403379205198 -0.044618009779153756 -0.10552306104234961
v -0.008538876939083175 -0.044741167286224126 -0.10553088117211558
v -0.00899062580850152 -0.04561845233155504 -0.10536303448445579
v -0.00881815475386183 -0.04569676044074322 -0.10536932110584814
v -0.007993667982217902 -0.04496347640933207 -0.10555430341443901
v -0.008349360862576762 -0.04588410023235623 -0.10538998913661497
v -0.008171119124374406 -0.045945970810246095 -0.10539915966927711
v -0.007624883060221578 -0.04508196854142499 -0.10557459760485606
v -0.007990076444571727 -0.04600313786618404 -0.10540926098811627
v -0.007869043723979232 -0.046038664143506214 -0.10541639447234182
v -0.00608560066517966 -0.04532312226992019 -0.10569476820382558
v -0.006194011982432192 -0.04631002646108273 -0.10554591108005602
v -0.00600553207311977 -0.046315470034339334 -0.10556399274595392
v -0.004733815418020427 -0.045217916729034524 -0.1058446247783262
v -0.0046939151132383014 -0.046219259550033254 -0.10570858503797793
v -0.004507173752287264 -0.04618549566293151 -0.1057319691333269
v -0.0016087326575493087 -0.03478953717487521 -0.10761546836829612
v -0.0015324697030297961 -0.034866777168778285 -0.10761228691062548
v -0.00044621472689970406 -0.03281428302221778 -0.10800793207101918
v 0.0007282906520579211 -0.03235270844585081 -0.10818990076862707
v 0.0038941940726748567 -0.03719844613328638 -0.10782874810254746
v 0.004099766925990679 -0.03698786339012994 -0.10787875115668029
v 0.001544388963620955 -0.031294316824534985 -0.10841950740795077
v 0.0014661840896824237 -0.03147012287841755 -0.10838710536783754
v 0.0057788703802250105 -0.030093728541191744 -0.10901076262402216
v 0.006337054076781258 -0.030842650924786108 -0.10896182768517444
v 0.0008772257387065429 -0.03223254166157874 -0.1082215932750152
v 0.004521960950102656 -0.03657769949125367 -0.10797831476004212
v 0.006805153216293826 -0.031266299779136864 -0.10894937651270804
v 0.00666755326468982 -0.031154611159940337 -0.10895124571445698
v 0.004521960950102656 -0.03657769949125367 -0.10797831476004212
v 0.004521960950102656 -0.03657769949125367 -0.10797831476004212
v 0.007392237537544312 -0.03164554555520671 -0.10895503752371911
v 0.0070618093983756975 -0.03145104939118348 -0.10894920103662549
v 0.007392237537544312 -0.03164554555520671 -0.10895503752371911
v 0.005638858109323076 -0.03561933305169074 -0.10822401179319648
v 0.0058722250866549705 -0.03543962265497136 -0.1082724737095608
v 0.0076213401599678505 -0.03175592001113281 -0.10896251433071487
v 0.0058722250866549705 -0.03543962265497136 -0.1082724737095608
v 0.006108758262867721 -0.035264024502099645 -0.10832067622649873
v 0.0076213401599678505 -0.03175592001113281 -0.10896251433071487
v 0.006108758262867721 -0.035264024502099645 -0.10832067622649873
v 0.0063483861123841984 -0.035092599628234744 -0.10836861171461538
v 0.0076213401599678505 -0.03175592001113281 -0.10896251433071487
v 0.0063483861123841984 -0.035092599628234744 -0.10836861171461538
v 0.006591035202278552 -0.03492539380974602 -0.10841624965633119
v 0.008438209934484854 -0.03202665099628188 -0.10900631468679918
v 0.007590364816699726 -0.03429979868725841 -0.10860365048310335
v 0.007983802697783262 -0.03407868356445132 -0.10867390958067875
v 0.011128827623622663 -0.03165468938498672 -0.10932733673573831
v 0.010819985903631204 -0.031803552230802445 -0.1092756323265442
v 0.011482457706337159 -0.032594575522768565 -0.10923124450705309
v 0.01255133306991119 -0.03188387450024255 -0.10943749756860739
v 0.0131210075888516 -0.03128889613946306 -0.1095776648115931
v 0.012208949668944261 -0.030810575041304578 -0.1095533651888569
v 0.010988833949370782 -0.02462291453012133 -0.11029672765092254
v 0.011915503114173777 -0.02402037925369971 -0.11047366857729553
v 0.011347990575011348 -0.02370377843910143 -0.11046117925785466
v 0.010988833949370782 -0.02462291453012133 -0.11029672765092254
v 0.011347990575011348 -0.02370377843910143 -0.11046117925785466
v 0.011142338328304914 -0.0236093322523645 -0.1104538245211772
v -0.010087090971359626 -0.04508223938494371 -0.10532839703163872
v -0.00948627803083524 -0.04419774074674088 -0.10551216626644151
v -0.009657198410962799 -0.044075445361293486 -0.1055121738958364
v -0.008789403379205198 -0.044618009779153756 -0.10552306104234961
v -0.009273149930807413 -0.045477556481356984 -0.10535448956217493
v -0.009160816627742376 -0.045535291927214505 -0.10535764813166089
v -0.008240291033177473 -0.0448703634593528 -0.10554266095783134
v -0.008585341861334085 -0.04579447391584335 -0.10537893414341411
v -0.008467729017002658 -0.045840303690969364 -0.10538428234923454
v -0.007839589491318024 -0.04501568054389171 -0.10556239820242115
v -0.008171119124374406 -0.045945970810246095 -0.10539915966927711
v -0.007990076444571727 -0.04600313786618404 -0.10540926098811627
v -0.0064094541732986916 -0.04530464006079038 -0.10566497541676596
v -0.006507958244444669 -0.04628916388074611 -0.10551743817831301
v -0.0063824980906279655 -0.04629900580015889 -0.10552860761243728
v -0.003657527143632878 -0.04491084121396094 -0.10599517562776213
v -0.0033047553678439154 -0.04584190204919958 -0.10590023543770584
v -0.0031306747493002616 -0.04577284076662247 -0.10592729690139353
v 0.00017675744836649808 -0.03265806353237588 -0.1080920614085112
v 0.002741958748400109 -0.03853487960740809 -0.10752664695294452
v 0.002924036880141007 -0.03830379286547503 -0.10757716880593012
v 0.0003461674318225479 -0.032582425711400465 -0.10811957300649762
v 0.002924036880141007 -0.03830379286547503 -0.10757716880593012
v 0.003110175995732629 -0.03807595624576665 -0.10762764488254635
v 0.0005141390806260444 -0.03249413453899397 -0.10814871729499127
v 0.003494409965551366 -0.03763029658714778 -0.1077283834127218
v 0.003692388233087763 -0.03741261469204282 -0.10777861534870144
v 0.0005141390806260444 -0.03249413453899397 -0.10814871729499127
v 0.003692388233087763 -0.03741261469204282 -0.10777861534870144
v 0.0038941940726748567 -0.03719844613328638 -0.10782874810254746
v 0.0060014794339197115 -0.030435323253461544 -0.10898524992749788
v 0.0013812487781454665 -0.03162739522475477 -0.1083566183058426
v 0.0012647749786297987 -0.031807874283009685 -0.10831973781092681
v 0.0008772257387065429 -0.03223254166157874 -0.1082215932750152
v 0.006337054076781258 -0.030842650924786108 -0.10896182768517444
v 0.006155881697265388 -0.030637536550419675 -0.1089724096558919
v 0.006511248897829726 -0.03101526979895186 -0.10895511381766805
v 0.006337054076781258 -0.030842650924786108 -0.10896182768517444
v 0.004521960950102656 -0.03657769949125367 -0.10797831476004212
v 0.006591035202278552 -0.03492539380974602 -0.10841624965633119
v 0.007968271157128561 -0.03189627035959597 -0.10897756712684
v 0.0076213401599678505 -0.03175592001113281 -0.10896251433071487
v 0.00888352054828734 -0.03209249267421388 -0.10904163115576178
v 0.008367895523796466 -0.03387729042744425 -0.10874047605112565
v 0.008769794880654215 -0.033678483655306124 -0.10880846158902276
v 0.00888352054828734 -0.03209249267421388 -0.10904163115576178
v 0.008769794880654215 -0.033678483655306124 -0.10880846158902276
v 0.009167102295460363 -0.033496091526281635 -0.10887368528596837
v 0.009371836153756476 -0.03211481628367263 -0.10908732360177971
v 0.009167102295460363 -0.033496091526281635 -0.10887368528596837
v 0.009710472568156272 -0.03326392141027368 -0.10896047728227827
v 0.011309137881515554 -0.03155303151272659 -0.10935957855855878
v 0.011128827623622663 -0.03165468938498672 -0.10932733673573831
v 0.011974724384686832 -0.032317842111186934 -0.10931915802441235
v 0.012208949668944261 -0.030810575041304578 -0.1095533651888569
v 0.011921878427281764 -0.031104007290959634 -0.10948363251952915
v 0.01255133306991119 -0.03188387450024255 -0.10943749756860739
v 0.011142338328304914 -0.0236093322523645 -0.1104538245211772
v 0.009717550739268834 -0.02422679253254678 -0.11022502659771223
v 0.009906758778956417 -0.02425790901962044 -0.11023959111256416
v 0.005461107036579816 -0.021165438703668604 -0.11022761296258117
v 0.00956230971932204 -0.024208604055120375 -0.11021205662639307
v 0.009717550739268834 -0.02422679253254678 -0.11022502659771223
v -0.011002956912993246 -0.044779642324672686 -0.10527914928760036
v -0.01012390566274446 -0.043692014862124484 -0.10551913953337429
v -0.01024313212409589 -0.04358109490446349 -0.10552273297836919
v -0.008885360186131066 -0.044567228526741776 -0.1055205662302194
v -0.009512686227585167 -0.04535054994456278 -0.1053483021229162
v -0.009273149930807413 -0.045477556481356984 -0.10535448956217493
v -0.0002329123279811146 -0.03278053820860327 -0.10803397119579113
v 0.0012946960348910604 -0.04074892237614369 -0.10707232411642394
v 0.0014378923860681322 -0.040491876618085065 -0.10712258656998315
v -0.0002329123279811146 -0.03278053820860327 -0.10803397119579113
v 0.0014378923860681322 -0.040491876618085065 -0.10712258656998315
v 0.0015856005706504227 -0.040237409595500484 -0.10717294057628109
v -2.382669524770361e-05 -0.03272767794608278 -0.10806227625084648
v 0.002055342056623139 -0.03949028584175229 -0.10732439169431447
v 0.0022206364732724197 -0.03924691958873794 -0.10737495169427454
v -2.382669524770361e-05 -0.03272767794608278 -0.10806227625084648
v 0.0022206364732724197 -0.03924691958873794 -0.10737495169427454
v 0.002390205258410855 -0.03900651354094231 -0.10742552695302439
v 0.00017675744836649808 -0.03265806353237588 -0.1080920614085112
v 0.002390205258410855 -0.03900651354094231 -0.10742552695302439
v 0.002563996913622913 -0.03876914399231435 -0.10747609458237935
v 0.00017675744836649808 -0.03265806353237588 -0.1080920614085112
v 0.002563996913622913 -0.03876914399231435 -0.10747609458237935
v 0.002741958748400109 -0.03853487960740809 -0.10752664695294452
v 0.0005141390806260444 -0.03249413453899397 -0.10814871729499127
v 0.0033003195899690427 -0.037851434598139555 -0.10767805229460854
v 0.003494409965551366 -0.03763029658714778 -0.1077283834127218
v 0.0007282906520579211 -0.03235270844585081 -0.10818990076862707
v 0.0005141390806260444 -0.03249413453899397 -0.10814871729499127
v 0.0038941940726748567 -0.03719844613328638 -0.10782874810254746
v 0.0012647749786297987 -0.031807874283009685 -0.10831973781092681
v 0.0011179050738114457 -0.03199342879621758 -0.10827910365372335
v 0.0060014794339197115 -0.030435323253461544 -0.10898524992749788
v 0.007392237537544312 -0.03164554555520671 -0.10895503752371911
v 0.004521960950102656 -0.03657769949125367 -0.10797831476004212
v 0.004738454090115752 -0.03637824422054958 -0.10802786005048133
v 0.007392237537544312 -0.03164554555520671 -0.10895503752371911
v 0.004738454090115752 -0.03637824422054958 -0.10802786005048133
v 0.004958457705454279 -0.036182622720779545 -0.10807720697665331
v 0.007392237537544312 -0.03164554555520671 -0.10895503752371911
v 0.005181905038912916 -0.03599089221240526 -0.10812636316795295
v 0.005408727902774802 -0.03580310991588842 -0.10817529810680067
v 0.007968271157128561 -0.03189627035959597 -0.10897756712684
v 0.007085104325171844 -0.034603856776651565 -0.10851061764177046
v 0.007336373677621634 -0.03444961711478456 -0.10855730190912456
v 0.007968271157128561 -0.03189627035959597 -0.10897756712684
v 0.007336373677621634 -0.03444961711478456 -0.10855730190912456
v 0.007590364816699726 -0.03429979868725841 -0.10860365048310335
v 0.009167102295460363 -0.033496091526281635 -0.10887368528596837
v 0.009371836153756476 -0.03211481628367263 -0.10908732360177971
v 0.00888352054828734 -0.03209249267421388 -0.10904163115576178
v -0.0022642942550396565 -0.034220712379791074 -0.10762947593732082
v -0.0005109024290517185 -0.032820924410472685 -0.10800053155797236
v -0.0005757485901593946 -0.032826058993236096 -0.10799332940919278
v -0.010087090971359626 -0.04508223938494371 -0.10532839703163872
v -0.009351404634231343 -0.04428906460361759 -0.10551287580016662
v -0.00948627803083524 -0.04419774074674088 -0.10551216626644151
v -0.007624883060221578 -0.04508196854142499 -0.10557459760485606
v -0.007869043723979232 -0.046038664143506214 -0.10541639447234182
v -0.00774743641458381 -0.04607209233723264 -0.10542387890873246
v -0.00038181470657936225 -0.03280595553769139 -0.10801553094833323
v 0.0008926066584167421 -0.04153478819716172 -0.10692222340128672
v 0.0010220118054399265 -0.04127046018167713 -0.10697212727328594
v -0.00038181470657936225 -0.03280595553769139 -0.10801553094833323
v 0.0010220118054399265 -0.04127046018167713 -0.10697212727328594
v 0.0011560551477212552 -0.04100847820512232 -0.10702216084499834
v -0.0002329123279811146 -0.03278053820860327 -0.10803397119579113
v 0.0011560551477212552 -0.04100847820512232 -0.10702216084499834
v 0.0012946960348910604 -0.04074892237614369 -0.10707232411642394
v -0.0002329123279811146 -0.03278053820860327 -0.10803397119579113
v 0.0015856005706504227 -0.040237409595500484 -0.10717294057628109
v 0.0017377758851522267 -0.03998560523173378 -0.10722337087652796
v -0.0002329123279811146 -0.03278053820860327 -0.10803397119579113
v 0.0017377758851522267 -0.03998560523173378 -0.10722337087652796
v 0.0018943723147855922 -0.039736539820733885 -0.10727386221193398
v 0.0003461674318225479 -0.032582425711400465 -0.10811957300649762
v 0.00017675744836649808 -0.03265806353237588 -0.1080920614085112
v 0.002924036880141007 -0.03830379286547503 -0.10757716880593012
v 0.0003461674318225479 -0.032582425711400465 -0.10811957300649762
v 0.003110175995732629 -0.03807595624576665 -0.10762764488254635
v 0.0033003195899690427 -0.037851434598139555 -0.10767805229460854
v 0.0007282906520579211 -0.03235270844585081 -0.10818990076862707
v 0.004309043612108766 -0.03678092749773265 -0.10792860925231014
v 0.004521960950102656 -0.03657769949125367 -0.10797831476004212
v 0.005913831991707364 -0.030308934697653722 -0.10899416106073363
v 0.0057788703802250105 -0.030093728541191744 -0.10901076262402216
v 0.0013812487781454665 -0.03162739522475477 -0.1083566183058426
v 0.0013812487781454665 -0.03162739522475477 -0.1083566183058426
v 0.0060014794339197115 -0.030435323253461544 -0.10898524992749788
v 0.005913831991707364 -0.030308934697653722 -0.10899416106073363
v 0.0008772257387065429 -0.03223254166157874 -0.1082215932750152
v 0.006155881697265388 -0.030637536550419675 -0.1089724096558919
v 0.0060014794339197115 -0.030435323253461544 -0.10898524992749788
v 0.006584117248458756 -0.03108184962083982 -0.10895307676923145
v 0.006511248897829726 -0.03101526979895186 -0.10895511381766805
v 0.004521960950102656 -0.03657769949125367 -0.10797831476004212
v 0.007392237537544312 -0.03164554555520671 -0.10895503752371911
v 0.004958457705454279 -0.036182622720779545 -0.10807720697665331
v 0.005181905038912916 -0.03599089221240526 -0.10812636316795295
v 0.007392237537544312 -0.03164554555520671 -0.10895503752371911
v 0.005408727902774802 -0.03580310991588842 -0.10817529810680067
v 0.005638858109323076 -0.03561933305169074 -0.10822401179319648
v 0.009717550739268834 -0.02422679253254678 -0.11022502659771223
v 0.011142338328304914 -0.0236093322523645 -0.1104538245211772
v 0.005461107036579816 -0.021165438703668604 -0.11022761296258117
v -0.008692597802097414 -0.04466713163817637 -0.10552586865967047
v -0.009160816627742376 -0.045535291927214505 -0.10535764813166089
v -0.00899062580850152 -0.04561845233155504 -0.10536303448445579
v -0.00044621472689970406 -0.03281428302221778 -0.10800793207101918
v 0.0007678788669051794 -0.04180138214292972 -0.10687246448779049
v 0.0008926066584167421 -0.04153478819716172 -0.10692222340128672
v 0.0011560551477212552 -0.04100847820512232 -0.10702216084499834
v -0.0002329123279811146 -0.03278053820860327 -0.10803397119579113
v -0.00038181470657936225 -0.03280595553769139 -0.10801553094833323
v 0.0018943723147855922 -0.039736539820733885 -0.10727386221193398
v -2.382669524770361e-05 -0.03272767794608278 -0.10806227625084648
v -0.0002329123279811146 -0.03278053820860327 -0.10803397119579113
v -2.382669524770361e-05 -0.03272767794608278 -0.10806227625084648
v 0.0018943723147855922 -0.039736539820733885 -0.10727386221193398
v 0.002055342056623139 -0.03949028584175229 -0.10732439169431447
v 0.002390205258410855 -0.03900651354094231 -0.10742552695302439
v 0.00017675744836649808 -0.03265806353237588 -0.1080920614085112
v -2.382669524770361e-05 -0.03272767794608278 -0.10806227625084648
v 0.0033003195899690427 -0.037851434598139555 -0.10767805229460854
v 0.0005141390806260444 -0.03249413453899397 -0.10814871729499127
v 0.0003461674318225479 -0.032582425711400465 -0.10811957300649762
v 0.0007282906520579211 -0.03235270844585081 -0.10818990076862707
v 0.004099766925990679 -0.03698786339012994 -0.10787875115668029
v 0.004309043612108766 -0.03678092749773265 -0.10792860925231014
v 0.0009486018869827447 -0.03216765747270589 -0.10823781336855905
v 0.0008772257387065429 -0.03223254166157874 -0.1082215932750152
v 0.0060014794339197115 -0.030435323253461544 -0.10898524992749788
v 0.008438209934484854 -0.03202665099628188 -0.10900631468679918
v 0.007983802697783262 -0.03407868356445132 -0.10867390958067875
v 0.008367895523796466 -0.03387729042744425 -0.10874047605112565
v 0.009710472568156272 -0.03326392141027368 -0.10896047728227827
v 0.00982053898726354 -0.03207674178845599 -0.10913750976138999
v 0.009371836153756476 -0.03211481628367263 -0.10908732360177971
v 0.010401988523547902 -0.03300460209253675 -0.10906587737273372
v 0.01102065138710029 -0.03279446185428414 -0.10915711730626661
v 0.010363415256640087 -0.03196410712429265 -0.1092075323477237
v 0.012484213468334508 -0.030462628857785834 -0.10962954469686977
v 0.012208949668944261 -0.030810575041304578 -0.1095533651888569
v 0.0131210075888516 -0.03128889613946306 -0.1095776648115931
v 0.00935062452860347 -0.024192641453654185 -0.11019312046826708
v 0.00956230971932204 -0.024208604055120375 -0.11021205662639307
v 0.005461107036579816 -0.021165438703668604 -0.11022761296258117
v 0.005461107036579816 -0.021165438703668604 -0.11022761296258117
v 0.008967338987937447 -0.024191729740964396 -0.1101549200880347
v 0.00935062452860347 -0.024192641453654185 -0.11019312046826708
v -0.010359781757321997 -0.04346748939979994 -0.10552695966314025
v -0.010428753394509107 -0.04339729133738368 -0.10552988172138451
v -0.011650048809268012 -0.04464361402841677 -0.105233487359162
v 0.004521960950102656 -0.03657769949125367 -0.10797831476004212
v 0.0008772257387065429 -0.03223254166157874 -0.1082215932750152
v 0.0007282906520579211 -0.03235270844585081 -0.10818990076862707
v 0.0010169454103933775 -0.032101342772290486 -0.10825391902117949
v 0.0009486018869827447 -0.03216765747270589 -0.10823781336855905
v 0.0060014794339197115 -0.030435323253461544 -0.10898524992749788
v 0.008438209934484854 -0.03202665099628188 -0.10900631468679918
v 0.007968271157128561 -0.03189627035959597 -0.10897756712684
v 0.007590364816699726 -0.03429979868725841 -0.10860365048310335
v 0.0008926066584167421 -0.04153478819716172 -0.10692222340128672
v -0.00038181470657936225 -0.03280595553769139 -0.10801553094833323
v -0.00044621472689970406 -0.03281428302221778 -0.10800793207101918
v 0.010819985903631204 -0.031803552230802445 -0.1092756323265442
v 0.010363415256640087 -0.03196410712429265 -0.1092075323477237
v 0.01102065138710029 -0.03279446185428414 -0.10915711730626661
v 0.009906758778956417 -0.02425790901962044 -0.11023959111256416
v 0.010107503417397525 -0.02430027695681347 -0.11025373601069695
v 0.011142338328304914 -0.0236093322523645 -0.1104538245211772
v 0.00888352054828734 -0.03209249267421388 -0.10904163115576178
v 0.008438209934484854 -0.03202665099628188 -0.10900631468679918
v 0.008367895523796466 -0.03387729042744425 -0.10874047605112565
v 0.009710472568156272 -0.03326392141027368 -0.10896047728227827
v 0.010401988523547902 -0.03300460209253675 -0.10906587737273372
v 0.00982053898726354 -0.03207674178845599 -0.10913750976138999
v 0.010363415256640087 -0.03196410712429265 -0.1092075323477237
v 0.010055215359494054 -0.03203615340762189 -0.10916664642048875
v 0.010401988523547902 -0.03300460209253675 -0.10906587737273372
v 0.0058722250866549705 -0.03543962265497136 -0.1082724737095608
v 0.0076213401599678505 -0.03175592001113281 -0.10896251433071487
v 0.007392237537544312 -0.03164554555520671 -0.10895503752371911
v 0.010055215359494054 -0.03203615340762189 -0.10916664642048875
v 0.00982053898726354 -0.03207674178845599 -0.10913750976138999
v 0.010401988523547902 -0.03300460209253675 -0.10906587737273372
v -0.0005757485901593946 -0.032826058993236096 -0.10799332940919278
v -0.0023653713396135094 -0.03294175113740305 -0.10779823052297295
v -0.0022642942550396565 -0.034220712379791074 -0.10762947593732082
v -0.015854269780747336 -0.04474145338853264 -0.10479947397184826
v -0.0163004749411011 -0.0453656103700828 -0.10926255554369653
v -0.01358874957731571 -0.045192034006857895 -0.10957124849048756
v -0.01358874957731571 -0.045192034006857895 -0.10957124849048756
v -0.013210631044341396 -0.0445705549429154 -0.10508767436395501
v -0.015854269780747336 -0.04474145338853264 -0.10479947397184826
v 0.01102065138710029 -0.03279446185428414 -0.10915711730626661
v 0.01037968684859947 -0.033199807790285085 -0.11088153602830882
v 0.011031648206165092 -0.03295215381734051 -0.1107970404798619
v 0.011482457706337159 -0.032594575522768565 -0.10923124450705309
v 0.011031648206165092 -0.03295215381734051 -0.1107970404798619
v 0.011532911848443074 -0.03270756304644573 -0.11087228920169774
v 0.011532911848443074 -0.03270756304644573 -0.11087228920169774
v 0.01187379321229032 -0.032492066972977796 -0.11085189582914708
v 0.011974724384686832 -0.032317842111186934 -0.10931915802441235
v 0.011974724384686832 -0.032317842111186934 -0.10931915802441235
v 0.01187379321229032 -0.032492066972977796 -0.11085189582914708
v 0.012185342413794657 -0.03226361618698048 -0.11077924110157507
v 0.01255133306991119 -0.03188387450024255 -0.10943749756860739
v 0.012185342413794657 -0.03226361618698048 -0.11077924110157507
v 0.012732560762540038 -0.031764136869433246 -0.11076362373022781
v 0.01255133306991119 -0.03188387450024255 -0.10943749756860739
v 0.012732560762540038 -0.031764136869433246 -0.11076362373022781
v 0.0131210075888516 -0.03128889613946306 -0.1095776648115931
v 0.012732560762540038 -0.031764136869433246 -0.11076362373022781
v 0.013131816534067146 -0.03127998119152986 -0.11084356452992324
v 0.0131210075888516 -0.03128889613946306 -0.1095776648115931
v 0.013616608312769788 -0.030547875901629773 -0.10973084017287245
v 0.013131816534067146 -0.03127998119152986 -0.11084356452992324
v 0.013511477158484334 -0.030684861686944842 -0.11096791603729446
v 0.01397357911677333 -0.029706330756678057 -0.10988422152781392
v 0.013511477158484334 -0.030684861686944842 -0.11096791603729446
v 0.013871765795592243 -0.02982553242249608 -0.11098739388245789
v 0.01414606733755153 -0.02895063156306943 -0.11000714633834004
v 0.013871765795592243 -0.02982553242249608 -0.11098739388245789
v 0.014029440592510104 -0.029157382442640545 -0.11104272225422647
v 0.01414606733755153 -0.02895063156306943 -0.11000714633834004
v 0.014029440592510104 -0.029157382442640545 -0.11104272225422647
v 0.01410875101345244 -0.028472047250787114 -0.1110472388560035
v 0.01410875101345244 -0.028472047250787114 -0.1110472388560035
v 0.014193331438917548 -0.028378621495617207 -0.11009187076863376
v 0.01414606733755153 -0.02895063156306943 -0.11000714633834004
v 0.014193331438917548 -0.028378621495617207 -0.11009187076863376
v 0.01410875101345244 -0.028472047250787114 -0.1110472388560035
v 0.014171850877594542 -0.02766880548289885 -0.11018899296562963
v 0.014171850877594542 -0.02766880548289885 -0.11018899296562963
v 0.014044488620263421 -0.02785207689968483 -0.11138581614259287
v 0.013980507561011105 -0.027370671618640596 -0.111378705546552
v 0.013991239258603353 -0.02677637608870409 -0.11029573582958636
v 0.014171850877594542 -0.02766880548289885 -0.11018899296562963
v 0.013980507561011105 -0.027370671618640596 -0.111378705546552
v 0.013730732616286104 -0.026116570759513458 -0.11036195897726304
v 0.013991239258603353 -0.02677637608870409 -0.11029573582958636
v 0.013655883484007817 -0.02638185435670848 -0.11153320079314795
v 0.01347270838833237 -0.02563832023325774 -0.11040305089816012
v 0.013730732616286104 -0.026116570759513458 -0.11036195897726304
v 0.013440581006435307 -0.025967339795394118 -0.11163593059539063
v 0.013440581006435307 -0.025967339795394118 -0.11163593059539063
v 0.013062267923891206 -0.025350470793316093 -0.11158621745826376
v 0.01347270838833237 -0.02563832023325774 -0.11040305089816012
v 0.012557881951753006 -0.02451556131457311 -0.11046861028848105
v 0.013134340910102574 -0.025133958102978582 -0.11043976354638825
v 0.01259674036729497 -0.02487387584575229 -0.11180640179489383
v 0.01259674036729497 -0.02487387584575229 -0.11180640179489383
v 0.012029697989592861 -0.024408953872375738 -0.11194341809778847
v 0.012557881951753006 -0.02451556131457311 -0.11046861028848105
v 0.011915503114173777 -0.02402037925369971 -0.11047366857729553
v 0.012557881951753006 -0.02451556131457311 -0.11046861028848105
v 0.012029697989592861 -0.024408953872375738 -0.11194341809778847
v 0.011347990575011348 -0.02370377843910143 -0.11046117925785466
v 0.011915503114173777 -0.02402037925369971 -0.11047366857729553
v 0.011402230804333226 -0.023993979640019036 -0.11185487897004794
v 0.011142338328304914 -0.0236093322523645 -0.1104538245211772
v 0.011347990575011348 -0.02370377843910143 -0.11046117925785466
v 0.01103949694616191 -0.023826798617063716 -0.1118865180706718
v 0.013062267923891206 -0.025350470793316093 -0.11158621745826376
v 0.01259674036729497 -0.02487387584575229 -0.11180640179489383
v 0.013134340910102574 -0.025133958102978582 -0.11043976354638825
v 0.013062267923891206 -0.025350470793316093 -0.11158621745826376
v 0.013134340910102574 -0.025133958102978582 -0.11043976354638825
v 0.01347270838833237 -0.02563832023325774 -0.11040305089816012
v 0.013655883484007817 -0.02638185435670848 -0.11153320079314795
v 0.013440581006435307 -0.025967339795394118 -0.11163593059539063
v 0.013730732616286104 -0.026116570759513458 -0.11036195897726304
v 0.013834718407663153 -0.02681738790095478 -0.11141851572910695
v 0.013655883484007817 -0.02638185435670848 -0.11153320079314795
v 0.013991239258603353 -0.02677637608870409 -0.11029573582958636
v 0.013980507561011105 -0.027370671618640596 -0.111378705546552
v 0.013834718407663153 -0.02681738790095478 -0.11141851572910695
v 0.013991239258603353 -0.02677637608870409 -0.11029573582958636
v 0.013871765795592243 -0.02982553242249608 -0.11098739388245789
v 0.01414606733755153 -0.02895063156306943 -0.11000714633834004
v 0.01397357911677333 -0.029706330756678057 -0.10988422152781392
v 0.013511477158484334 -0.030684861686944842 -0.11096791603729446
v 0.01397357911677333 -0.029706330756678057 -0.10988422152781392
v 0.013616608312769788 -0.030547875901629773 -0.10973084017287245
v 0.013131816534067146 -0.03127998119152986 -0.11084356452992324
v 0.013616608312769788 -0.030547875901629773 -0.10973084017287245
v 0.0131210075888516 -0.03128889613946306 -0.1095776648115931
v 0.012185342413794657 -0.03226361618698048 -0.11077924110157507
v 0.01255133306991119 -0.03188387450024255 -0.10943749756860739
v 0.011974724384686832 -0.032317842111186934 -0.10931915802441235
v 0.011532911848443074 -0.03270756304644573 -0.11087228920169774
v 0.011974724384686832 -0.032317842111186934 -0.10931915802441235
v 0.011482457706337159 -0.032594575522768565 -0.10923124450705309
v 0.011031648206165092 -0.03295215381734051 -0.1107970404798619
v 0.011482457706337159 -0.032594575522768565 -0.10923124450705309
v 0.01102065138710029 -0.03279446185428414 -0.10915711730626661
v -0.01358874957731571 -0.045192034006857895 -0.10957124849048756
v -0.013030649804103293 -0.044561510295269 -0.10510693858606142
v -0.013210631044341396 -0.0445705549429154 -0.10508767436395501
v -0.013030649804103293 -0.044561510295269 -0.10510693858606142
v -0.01358874957731571 -0.045192034006857895 -0.10957124849048756
v -0.013198307664239465 -0.04520762467532302 -0.10980509707337212
v -0.013198307664239465 -0.04520762467532302 -0.10980509707337212
v -0.012733024248279826 -0.04455544111163112 -0.10513754008897976
v -0.013030649804103293 -0.044561510295269 -0.10510693858606142
v -0.012429354304351884 -0.044563505382033686 -0.10516677593021213
v -0.012733024248279826 -0.04455544111163112 -0.10513754008897976
v -0.013198307664239465 -0.04520762467532302 -0.10980509707337212
v -0.012429354304351884 -0.044563505382033686 -0.10516677593021213
v -0.012876872674301713 -0.045191435099358745 -0.10965531679282044
v -0.012620746258327768 -0.04520400071274855 -0.10965314241527575
v -0.012620746258327768 -0.04520400071274855 -0.10965314241527575
v -0.01224951230057059 -0.04457461759569625 -0.10518319438802322
v -0.012429354304351884 -0.044563505382033686 -0.10516677593021213
v -0.012620746258327768 -0.04520400071274855 -0.10965314241527575
v -0.01206802139381791 -0.04459000227049925 -0.10519919322911515
v -0.01224951230057059 -0.04457461759569625 -0.10518319438802322
v -0.011890144912896085 -0.04461016676120311 -0.10521415447250156
v -0.01206802139381791 -0.04459000227049925 -0.10519919322911515
v -0.012425831431259752 -0.04525352692970053 -0.10986955020143348
v -0.01206802139381791 -0.04459000227049925 -0.10519919322911515
v -0.012620746258327768 -0.04520400071274855 -0.10965314241527575
v -0.012425831431259752 -0.04525352692970053 -0.10986955020143348
v -0.011650048809268012 -0.04464361402841677 -0.105233487359162
v -0.011890144912896085 -0.04461016676120311 -0.10521415447250156
v -0.01217608414309124 -0.0452994673310525 -0.10997775027981489
v -0.011650048809268012 -0.04464361402841677 -0.105233487359162
v -0.01217608414309124 -0.0452994673310525 -0.10997775027981489
v -0.011738715729373019 -0.045328840501392964 -0.10969003816898133
v -0.011738715729373019 -0.045328840501392964 -0.10969003816898133
v -0.011294769823582131 -0.044710020281570895 -0.1052597095894114
v -0.011650048809268012 -0.04464361402841677 -0.105233487359162
v -0.011002956912993246 -0.044779642324672686 -0.10527914928760036
v -0.011294769823582131 -0.044710020281570895 -0.1052597095894114
v -0.011738715729373019 -0.045328840501392964 -0.10969003816898133
v -0.011432658738517733 -0.04542026735510074 -0.10982047793347767
v -0.010828311480808874 -0.04482683776148466 -0.10529001354592889
v -0.011002956912993246 -0.044779642324672686 -0.10527914928760036
v -0.011432658738517733 -0.04542026735510074 -0.10982047793347767
v -0.011094490578229534 -0.04554105974975409 -0.10998430393002852
v -0.010828311480808874 -0.04482683776148466 -0.10529001354592889
v -0.011094490578229534 -0.04554105974975409 -0.10998430393002852
v -0.010539021038906695 -0.04491495727250605 -0.10530661510921742
v -0.010828311480808874 -0.04482683776148466 -0.10529001354592889
v -0.010087090971359626 -0.04508223938494371 -0.10532839703163872
v -0.010539021038906695 -0.04491495727250605 -0.10530661510921742
v -0.01076312211614028 -0.04565947558789807 -0.11001624820644813
v -0.010087090971359626 -0.04508223938494371 -0.10532839703163872
v -0.01076312211614028 -0.04565947558789807 -0.11001624820644813
v -0.010446057815802214 -0.04576126697456884 -0.10989364383050755
v -0.010446057815802214 -0.04576126697456884 -0.10989364383050755
v -0.009756058202645692 -0.04522970032944773 -0.1053408710922898
v -0.010087090971359626 -0.04508223938494371 -0.10532839703163872
v -0.009756058202645692 -0.04522970032944773 -0.1053408710922898
v -0.010446057815802214 -0.04576126697456884 -0.10989364383050755
v -0.010141870980370228 -0.04587717655649026 -0.10977984377627421
v -0.009512686227585167 -0.04535054994456278 -0.1053483021229162
v -0.009756058202645692 -0.04522970032944773 -0.1053408710922898
v -0.010141870980370228 -0.04587717655649026 -0.10977984377627421
v -0.009512686227585167 -0.04535054994456278 -0.1053483021229162
v -0.010141870980370228 -0.04587717655649026 -0.10977984377627421
v -0.009943061347209016 -0.04602443913672705 -0.11003277347578773
v -0.011094490578229534 -0.04554105974975409 -0.10998430393002852
v -0.01076312211614028 -0.04565947558789807 -0.11001624820644813
v -0.010539021038906695 -0.04491495727250605 -0.10530661510921742
v -0.011738715729373019 -0.045328840501392964 -0.10969003816898133
v -0.011432658738517733 -0.04542026735510074 -0.10982047793347767
v -0.011002956912993246 -0.044779642324672686 -0.10527914928760036
v -0.012425831431259752 -0.04525352692970053 -0.10986955020143348
v -0.01217608414309124 -0.0452994673310525 -0.10997775027981489
v -0.011890144912896085 -0.04461016676120311 -0.10521415447250156
v -0.013198307664239465 -0.04520762467532302 -0.10980509707337212
v -0.012876872674301713 -0.045191435099358745 -0.10965531679282044
v -0.012429354304351884 -0.044563505382033686 -0.10516677593021213
v -0.01358874957731571 -0.045192034006857895 -0.10957124849048756
v -0.013611866643843399 -0.0452246534847256 -0.10984583041270919
v -0.013198307664239465 -0.04520762467532302 -0.10980509707337212
v -0.01280616916447375 -0.04526290727072224 -0.11025737523206121
v -0.012620746258327768 -0.04520400071274855 -0.10965314241527575
v -0.012876872674301713 -0.045191435099358745 -0.10965531679282044
v -0.012876872674301713 -0.045191435099358745 -0.10965531679282044
v -0.013198307664239465 -0.04520762467532302 -0.10980509707337212
v -0.01280616916447375 -0.04526290727072224 -0.11025737523206121
v -0.012620746258327768 -0.04520400071274855 -0.10965314241527575
v -0.01280616916447375 -0.04526290727072224 -0.11025737523206121
v -0.012425831431259752 -0.04525352692970053 -0.10986955020143348
v -0.011738715729373019 -0.045328840501392964 -0.10969003816898133
v -0.01217608414309124 -0.0452994673310525 -0.10997775027981489
v -0.011793362223972982 -0.04540059114567008 -0.11024974583716758
v -0.011793362223972982 -0.04540059114567008 -0.11024974583716758
v -0.011432658738517733 -0.04542026735510074 -0.10982047793347767
v -0.011738715729373019 -0.045328840501392964 -0.10969003816898133
v -0.01019711542879498 -0.04607032231761732 -0.11096708443325105
v -0.010141870980370228 -0.04587717655649026 -0.10977984377627421
v -0.010446057815802214 -0.04576126697456884 -0.10989364383050755
v -0.010446057815802214 -0.04576126697456884 -0.10989364383050755
v -0.010557996297681506 -0.0459157393329801 -0.11106873086141884
v -0.01019711542879498 -0.04607032231761732 -0.11096708443325105
v -0.01019711542879498 -0.04607032231761732 -0.11096708443325105
v -0.009943061347209016 -0.04602443913672705 -0.11003277347578773
v -0.010141870980370228 -0.04587717655649026 -0.10977984377627421
v -0.011432658738517733 -0.04542026735510074 -0.10982047793347767
v -0.011793362223972982 -0.04540059114567008 -0.11024974583716758
v -0.011284056245802756 -0.045574857969132854 -0.11059380865868547
v -0.01076312211614028 -0.04565947558789807 -0.11001624820644813
v -0.0109715886558881 -0.04575139072287904 -0.11110774758690485
v -0.010557996297681506 -0.0459157393329801 -0.11106873086141884
v -0.011094490578229534 -0.04554105974975409 -0.10998430393002852
v -0.011284056245802756 -0.045574857969132854 -0.11059380865868547
v -0.0109715886558881 -0.04575139072287904 -0.11110774758690485
v -0.01217608414309124 -0.0452994673310525 -0.10997775027981489
v -0.012425831431259752 -0.04525352692970053 -0.10986955020143348
v -0.01231225262947833 -0.045361952075231304 -0.11078055335749677
v -0.013198307664239465 -0.04520762467532302 -0.10980509707337212
v -0.01336054197828063 -0.04525510239974606 -0.11051768255643686
v -0.01280616916447375 -0.04526290727072224 -0.11025737523206121
v -0.010179442889198255 -0.0462905486159193 -0.11207739790151544
v -0.009943061347209016 -0.04602443913672705 -0.11003277347578773
v -0.01019711542879498 -0.04607032231761732 -0.11096708443325105
v -0.011793362223972982 -0.04540059114567008 -0.11024974583716758
v -0.01182149466396887 -0.04550707079550298 -0.11131114725476894
v -0.011284056245802756 -0.045574857969132854 -0.11059380865868547
v -0.01280616916447375 -0.04526290727072224 -0.11025737523206121
v -0.013043981218005544 -0.04528966355861419 -0.1111610846866062
v -0.01231225262947833 -0.045361952075231304 -0.11078055335749677
v -0.01336054197828063 -0.04525510239974606 -0.11051768255643686
v -0.013510245964883375 -0.045257108930603085 -0.11113814309616106
v -0.013043981218005544 -0.04528966355861419 -0.1111610846866062
v -0.011284056245802756 -0.045574857969132854 -0.11059380865868547
v -0.01182149466396887 -0.04550707079550298 -0.11131114725476894
v -0.0109715886558881 -0.04575139072287904 -0.11110774758690485
v -0.01231225262947833 -0.045361952075231304 -0.11078055335749677
v -0.013043981218005544 -0.04528966355861419 -0.1111610846866062
v -0.012565600038362271 -0.04536014009394407 -0.11152901988474624
v -0.010179442889198255 -0.0462905486159193 -0.11207739790151544
v -0.01019711542879498 -0.04607032231761732 -0.11096708443325105
v -0.010592427756836444 -0.04609136418873394 -0.11221213301533689
v -0.01336054197828063 -0.04525510239974606 -0.11051768255643686
v -0.01401873941249743 -0.04526794648604948 -0.11071816016605669
v -0.013941261953678289 -0.04525049424523031 -0.11108822396537206
v -0.010557996297681506 -0.0459157393329801 -0.11106873086141884
v -0.011062344122845237 -0.04587828281874984 -0.11228615340459486
v -0.010592427756836444 -0.04609136418873394 -0.11221213301533689
v -0.01231225262947833 -0.045361952075231304 -0.11078055335749677
v -0.012565600038362271 -0.04536014009394407 -0.11152901988474624
v -0.01182149466396887 -0.04550707079550298 -0.11131114725476894
v -0.010179442889198255 -0.0462905486159193 -0.11207739790151544
v -0.010592427756836444 -0.04609136418873394 -0.11221213301533689
v -0.01043324520075273 -0.04626372747817076 -0.11269244920026006
v -0.01401873941249743 -0.04526794648604948 -0.11071816016605669
v -0.014261255941655508 -0.04526473832549671 -0.11099377968598385
v -0.013941261953678289 -0.04525049424523031 -0.11108822396537206
v -0.01182149466396887 -0.04550707079550298 -0.11131114725476894
v -0.012100293734217952 -0.04547599245540379 -0.11188180310462754
v -0.01151918084498327 -0.04567190005748234 -0.11207747419546438
v -0.013941261953678289 -0.04525049424523031 -0.11108822396537206
v -0.014261255941655508 -0.04526473832549671 -0.11099377968598385
v -0.014972364183133972 -0.04511266922647694 -0.11302509844701708
v -0.012421359652177725 -0.04548450304540763 -0.11359280935044674
v -0.01151918084498327 -0.04567190005748234 -0.11207747419546438
v -0.012100293734217952 -0.04547599245540379 -0.11188180310462754
v -0.011053071547026396 -0.046030870716622374 -0.11332390369802597
v -0.011062344122845237 -0.04587828281874984 -0.11228615340459486
v -0.011631490306189264 -0.045777311592030134 -0.11351032796225174
v -0.011053071547026396 -0.046030870716622374 -0.11332390369802597
v -0.010592427756836444 -0.04609136418873394 -0.11221213301533689
v -0.011062344122845237 -0.04587828281874984 -0.11228615340459486
v -0.010592427756836444 -0.04609136418873394 -0.11221213301533689
v -0.011053071547026396 -0.046030870716622374 -0.11332390369802597
v -0.01043324520075273 -0.04626372747817076 -0.11269244920026006
v -0.012100293734217952 -0.04547599245540379 -0.11188180310462754
v -0.01182149466396887 -0.04550707079550298 -0.11131114725476894
v -0.012565600038362271 -0.04536014009394407 -0.11152901988474624
v -0.011062344122845237 -0.04587828281874984 -0.11228615340459486
v -0.0109715886558881 -0.04575139072287904 -0.11110774758690485
v -0.01151918084498327 -0.04567190005748234 -0.11207747419546438
v -0.01151918084498327 -0.04567190005748234 -0.11207747419546438
v -0.0109715886558881 -0.04575139072287904 -0.11110774758690485
v -0.01182149466396887 -0.04550707079550298 -0.11131114725476894
v -0.011062344122845237 -0.04587828281874984 -0.11228615340459486
v -0.010557996297681506 -0.0459157393329801 -0.11106873086141884
v -0.0109715886558881 -0.04575139072287904 -0.11110774758690485
v -0.013941261953678289 -0.04525049424523031 -0.11108822396537206
v -0.013510245964883375 -0.045257108930603085 -0.11113814309616106
v -0.01336054197828063 -0.04525510239974606 -0.11051768255643686
v -0.010592427756836444 -0.04609136418873394 -0.11221213301533689
v -0.01019711542879498 -0.04607032231761732 -0.11096708443325105
v -0.010557996297681506 -0.0459157393329801 -0.11106873086141884
v -0.01336054197828063 -0.04525510239974606 -0.11051768255643686
v -0.01375852268718614 -0.045259107832065215 -0.11035620641351325
v -0.01401873941249743 -0.04526794648604948 -0.11071816016605669
v -0.013043981218005544 -0.04528966355861419 -0.1111610846866062
v -0.01280616916447375 -0.04526290727072224 -0.11025737523206121
v -0.01336054197828063 -0.04525510239974606 -0.11051768255643686
v -0.01182149466396887 -0.04550707079550298 -0.11131114725476894
v -0.011793362223972982 -0.04540059114567008 -0.11024974583716758
v -0.01231225262947833 -0.045361952075231304 -0.11078055335749677
v -0.01336054197828063 -0.04525510239974606 -0.11051768255643686
v -0.013198307664239465 -0.04520762467532302 -0.10980509707337212
v -0.013611866643843399 -0.0452246534847256 -0.10984583041270919
v -0.01336054197828063 -0.04525510239974606 -0.11051768255643686
v -0.013611866643843399 -0.0452246534847256 -0.10984583041270919
v -0.01375852268718614 -0.045259107832065215 -0.11035620641351325
v -0.01231225262947833 -0.045361952075231304 -0.11078055335749677
v -0.012425831431259752 -0.04525352692970053 -0.10986955020143348
v -0.01280616916447375 -0.04526290727072224 -0.11025737523206121
v -0.01231225262947833 -0.045361952075231304 -0.11078055335749677
v -0.011793362223972982 -0.04540059114567008 -0.11024974583716758
v -0.01217608414309124 -0.0452994673310525 -0.10997775027981489
v -0.0109715886558881 -0.04575139072287904 -0.11110774758690485
v -0.01076312211614028 -0.04565947558789807 -0.11001624820644813
v -0.011094490578229534 -0.04554105974975409 -0.10998430393002852
v -0.010557996297681506 -0.0459157393329801 -0.11106873086141884
v -0.010446057815802214 -0.04576126697456884 -0.10989364383050755
v -0.01076312211614028 -0.04565947558789807 -0.11001624820644813
v -0.011284056245802756 -0.045574857969132854 -0.11059380865868547
v -0.011094490578229534 -0.04554105974975409 -0.10998430393002852
v -0.011432658738517733 -0.04542026735510074 -0.10982047793347767
v -0.010798281228833197 -0.04655756980780135 -0.11527265714752039
v -0.01043324520075273 -0.04626372747817076 -0.11269244920026006
v -0.010946028275645727 -0.04624054937648392 -0.114176328360096
v -0.01043324520075273 -0.04626372747817076 -0.11269244920026006
v -0.010798281228833197 -0.04655756980780135 -0.11527265714752039
v -0.010564561391987472 -0.04669339973979003 -0.11523805784167779
v -0.010564561391987472 -0.04669339973979003 -0.11523805784167779
v -0.010179442889198255 -0.0462905486159193 -0.11207739790151544
v -0.01043324520075273 -0.04626372747817076 -0.11269244920026006
v -0.010179442889198255 -0.0462905486159193 -0.11207739790151544
v -0.010564561391987472 -0.04669339973979003 -0.11523805784167779
v -0.01029137183433393 -0.046802450495702086 -0.11502177212583836
v -0.009943061347209016 -0.04602443913672705 -0.11003277347578773
v -0.010179442889198255 -0.0462905486159193 -0.11207739790151544
v -0.01029137183433393 -0.046802450495702086 -0.11502177212583836
v -0.01029137183433393 -0.046802450495702086 -0.11502177212583836
v -0.009273149930807413 -0.045477556481356984 -0.10535448956217493
v -0.009943061347209016 -0.04602443913672705 -0.11003277347578773
v -0.009273149930807413 -0.045477556481356984 -0.10535448956217493
v -0.009512686227585167 -0.04535054994456278 -0.1053483021229162
v -0.009943061347209016 -0.04602443913672705 -0.11003277347578773
v -0.009273149930807413 -0.045477556481356984 -0.10535448956217493
v -0.01029137183433393 -0.046802450495702086 -0.11502177212583836
v -0.01015702772700078 -0.04688217385764304 -0.11507669613967758
v -0.009160816627742376 -0.045535291927214505 -0.10535764813166089
v -0.01015702772700078 -0.04688217385764304 -0.11507669613967758
v -0.00994124936592178 -0.04695477517945079 -0.11490466091422119
v -0.00994124936592178 -0.04695477517945079 -0.11490466091422119
v -0.00881815475386183 -0.04569676044074322 -0.10536932110584814
v -0.00899062580850152 -0.04561845233155504 -0.10536303448445579
v -0.00994124936592178 -0.04695477517945079 -0.11490466091422119
v -0.009758379446042078 -0.04702434000209088 -0.11484135982478877
v -0.00881815475386183 -0.04569676044074322 -0.10536932110584814
v -0.008702162202270937 -0.04574662235107052 -0.10537394451915368
v -0.009758379446042078 -0.04702434000209088 -0.11484135982478877
v -0.009646299820357253 -0.04706536325843391 -0.11480676051894617
v -0.009758379446042078 -0.04702434000209088 -0.11484135982478877
v -0.008702162202270937 -0.04574662235107052 -0.10537394451915368
v -0.00881815475386183 -0.04569676044074322 -0.10536932110584814
v -0.008702162202270937 -0.04574662235107052 -0.10537394451915368
v -0.009646299820357253 -0.04706536325843391 -0.11480676051894617
v -0.009529294466594231 -0.04710623774157652 -0.11477214595431379
v -0.008585341861334085 -0.04579447391584335 -0.10537893414341411
v -0.009529294466594231 -0.04710623774157652 -0.11477214595431379
v -0.009430521459278253 -0.04714665064632806 -0.11478666469279636
v -0.008467729017002658 -0.045840303690969364 -0.10538428234923454
v -0.009430521459278253 -0.04714665064632806 -0.11478666469279636
v -0.009297560179769572 -0.04718086466772853 -0.11470529719625583
v -0.008349360862576762 -0.04588410023235623 -0.10538998913661497
v -0.009297560179769572 -0.04718086466772853 -0.11470529719625583
v -0.009086592152171004 -0.04724357066435925 -0.11465332575824044
v -0.009086592152171004 -0.04724357066435925 -0.11465332575824044
v -0.007990076444571727 -0.04600313786618404 -0.10540926098811627
v -0.008171119124374406 -0.045945970810246095 -0.10539915966927711
v -0.009086592152171004 -0.04724357066435925 -0.11465332575824044
v -0.008834496917723979 -0.04730780253996869 -0.11458608027164802
v -0.007990076444571727 -0.04600313786618404 -0.10540926098811627
v -0.007869043723979232 -0.046038664143506214 -0.10541639447234182
v -0.008834496917723979 -0.04730780253996869 -0.11458608027164802
v -0.008654594832457898 -0.047360552176263226 -0.11461497279011018
v -0.008654594832457898 -0.047360552176263226 -0.11461497279011018
v -0.007563456894584266 -0.04611873082821738 -0.10543575024718695
v -0.00774743641458381 -0.04607209233723264 -0.10542387890873246
v -0.008654594832457898 -0.047360552176263226 -0.11461497279011018
v -0.00848642484918949 -0.04738499675750241 -0.11451683588359346
v -0.007563456894584266 -0.04611873082821738 -0.10543575024718695
v -0.007563456894584266 -0.04611873082821738 -0.10543575024718695
v -0.00848642484918949 -0.04738499675750241 -0.11451683588359346
v -0.008300932324815104 -0.047423151361365434 -0.11450559778491515
v -0.007317769398173525 -0.04617217092474979 -0.10545284009174867
v -0.008300932324815104 -0.047423151361365434 -0.11450559778491515
v -0.008112007526412947 -0.04744999920199611 -0.11444885797509124
v -0.008112007526412947 -0.04744999920199611 -0.11444885797509124
v -0.007132079463206266 -0.046207453061435366 -0.10546646619102869
v -0.007317769398173525 -0.04617217092474979 -0.10545284009174867
v -0.007132079463206266 -0.046207453061435366 -0.10546646619102869
v -0.007937520881009798 -0.04747369610253571 -0.11442011804452695
v -0.007883978741320687 -0.04747953640432678 -0.11440624780461034
v -0.007132079463206266 -0.046207453061435366 -0.10546646619102869
v -0.008112007526412947 -0.04744999920199611 -0.11444885797509124
v -0.007937520881009798 -0.04747369610253571 -0.11442011804452695
v -0.007007805203458341 -0.04622811346280731 -0.10547600293464572
v -0.007883978741320687 -0.04747953640432678 -0.11440624780461034
v -0.0076890405492308096 -0.04751297604214555 -0.11445816583686147
v -0.006633256750457063 -0.04627714758378865 -0.10550659680816916
v -0.0076890405492308096 -0.04751297604214555 -0.11445816583686147
v -0.007379894607117967 -0.04752424847310088 -0.11434422845352005
v -0.006507958244444669 -0.04628916388074611 -0.10551743817831301
v -0.007379894607117967 -0.04752424847310088 -0.11434422845352005
v -0.007262859212612551 -0.04754872357191964 -0.11445934076367509
v -0.006194011982432192 -0.04631002646108273 -0.10554591108005602
v -0.007262859212612551 -0.04754872357191964 -0.11445934076367509
v -0.007059422351448354 -0.04753593289138047 -0.11431007165258128
v -0.007262859212612551 -0.04754872357191964 -0.11445934076367509
v -0.006194011982432192 -0.04631002646108273 -0.10554591108005602
v -0.0063824980906279655 -0.04629900580015889 -0.10552860761243728
v -0.006194011982432192 -0.04631002646108273 -0.10554591108005602
v -0.007059422351448354 -0.04753593289138047 -0.11431007165258128
v -0.006865637628498957 -0.04753644787553579 -0.11429445428123403
v -0.005815387048371813 -0.04631666021994274 -0.10558282972194628
v -0.006865637628498957 -0.04753644787553579 -0.11429445428123403
v -0.006683559735176649 -0.04754820477306687 -0.11439164514278394
v -0.006865637628498957 -0.04753644787553579 -0.11429445428123403
v -0.005815387048371813 -0.04631666021994274 -0.10558282972194628
v -0.00600553207311977 -0.046315470034339334 -0.10556399274595392
v -0.005815387048371813 -0.04631666021994274 -0.10558282972194628
v -0.006683559735176649 -0.04754820477306687 -0.11439164514278394
v -0.006487488577945068 -0.04752457653708131 -0.11427277154094634
v -0.005558590676158771 -0.046309820467420604 -0.10560947156891483
v -0.006487488577945068 -0.04752457653708131 -0.11427277154094634
v -0.006305989564960314 -0.047511915556255335 -0.11426460808841016
v -0.0053149931571117035 -0.046294435792617605 -0.10563597608677529
v -0.006305989564960314 -0.047511915556255335 -0.11426460808841016
v -0.006053503324024991 -0.04748779903899658 -0.11425795525606292
v -0.00506570363263681 -0.046271127991217575 -0.10566415907151235
v -0.006053503324024991 -0.04748779903899658 -0.11425795525606292
v -0.005861707012119744 -0.04747493969390337 -0.11434025353878047
v -0.005861707012119744 -0.04747493969390337 -0.11434025353878047
v -0.004878283732377421 -0.04624724035580563 -0.10568623091093961
v -0.00506570363263681 -0.046271127991217575 -0.10566415907151235
v -0.005861707012119744 -0.04747493969390337 -0.11434025353878047
v -0.005694080146400327 -0.04744027172350673 -0.11426403588379314
v -0.004878283732377421 -0.04624724035580563 -0.10568623091093961
v -0.0046939151132383014 -0.046219259550033254 -0.10570858503797793
v -0.005694080146400327 -0.04744027172350673 -0.11426403588379314
v -0.005513776087390788 -0.04740865551106754 -0.11426160210682207
v -0.004507173752287264 -0.04618549566293151 -0.1057319691333269
v -0.005513776087390788 -0.04740865551106754 -0.11426160210682207
v -0.005330430284004596 -0.04737631450611346 -0.1142978417325668
v -0.005513776087390788 -0.04740865551106754 -0.11426160210682207
v -0.004507173752287264 -0.04618549566293151 -0.1057319691333269
v -0.0046939151132383014 -0.046219259550033254 -0.10570858503797793
v -0.004507173752287264 -0.04618549566293151 -0.1057319691333269
v -0.005330430284004596 -0.04737631450611346 -0.1142978417325668
v -0.005217996845131579 -0.047370836600579835 -0.11446109552450062
v -0.004384313314780564 -0.04616062765027573 -0.10574773146317713
v -0.005217996845131579 -0.047370836600579835 -0.11446109552450062
v -0.005045322657852847 -0.04730758510221422 -0.11428183526207997
v -0.00419385596167915 -0.046117887780081634 -0.10577274824903334
v -0.005045322657852847 -0.04730758510221422 -0.11428183526207997
v -0.004856927148721436 -0.04725884471293629 -0.11429714745763148
v -0.003898078149931484 -0.04603989247608409 -0.10581322981833892
v -0.004856927148721436 -0.04725884471293629 -0.11429714745763148
v -0.004750481831165555 -0.04722852168293157 -0.11430505151074127
v -0.004856927148721436 -0.04725884471293629 -0.11429714745763148
v -0.003898078149931484 -0.04603989247608409 -0.10581322981833892
v -0.004018781852869192 -0.04607324437586158 -0.1057964985553372
v -0.003898078149931484 -0.04603989247608409 -0.10581322981833892
v -0.0047065555900654985 -0.04722696528637327 -0.11441398401103248
v -0.004609623174267608 -0.047186102247323 -0.1143174721656281
v -0.003898078149931484 -0.04603989247608409 -0.10581322981833892
v -0.004750481831165555 -0.04722852168293157 -0.11430505151074127
v -0.0047065555900654985 -0.04722696528637327 -0.11441398401103248
v -0.0037126511906694646 -0.045984445848694655 -0.10583952071314236
v -0.004609623174267608 -0.047186102247323 -0.1143174721656281
v -0.004439546319112976 -0.04714094767364507 -0.11442901391897292
v -0.0034813896879096204 -0.045907148634329875 -0.10587344863223432
v -0.004439546319112976 -0.04714094767364507 -0.11442901391897292
v -0.004151180941341649 -0.04702650675024067 -0.11437112969991498
v -0.004151180941341649 -0.04702650675024067 -0.11437112969991498
v -0.0033047553678439154 -0.04584190204919958 -0.10590023543770584
v -0.0034813896879096204 -0.045907148634329875 -0.10587344863223432
v -0.0031306747493002616 -0.04577284076662247 -0.10592729690139353
v -0.0033047553678439154 -0.04584190204919958 -0.10590023543770584
v -0.004151180941341649 -0.04702650675024067 -0.11437112969991498
v -0.0029582113240554657 -0.045698576236727906 -0.10595492294030336
v -0.0039598798248487175 -0.04696948083810826 -0.11460191889544719
v -0.003726795611965068 -0.046848455746910656 -0.11444171686147081
v -0.0029582113240554657 -0.045698576236727906 -0.10595492294030336
v -0.0031306747493002616 -0.04577284076662247 -0.10592729690139353
v -0.0039598798248487175 -0.04696948083810826 -0.11460191889544719
v -0.002844483749073618 -0.04564679553358486 -0.1059735386638438
v -0.0029582113240554657 -0.045698576236727906 -0.10595492294030336
v -0.003726795611965068 -0.046848455746910656 -0.11444171686147081
v -0.0026813563189927174 -0.04556852557137114 -0.10600079086240384
v -0.002844483749073618 -0.04564679553358486 -0.1059735386638438
v -0.003726795611965068 -0.046848455746910656 -0.11444171686147081
v -0.0025091446637794117 -0.045479650750255285 -0.10603043869096047
v -0.0026813563189927174 -0.04556852557137114 -0.10600079086240384
v -0.003511532473459978 -0.04675967629323097 -0.11464444514258426
v -0.003511532473459978 -0.04675967629323097 -0.11464444514258426
v -0.003347508351060486 -0.04666221840285978 -0.11453157587452795
v -0.0025091446637794117 -0.045479650750255285 -0.10603043869096047
v -0.0023994260973955743 -0.04542006136143861 -0.10604974106004135
v -0.0025091446637794117 -0.045479650750255285 -0.10603043869096047
v -0.003347508351060486 -0.04666221840285978 -0.11453157587452795
v -0.0022431379429996294 -0.045331102616978924 -0.106077809603855
v -0.0023994260973955743 -0.04542006136143861 -0.10604974106004135
v -0.0031747049409057435 -0.04656737358023966 -0.11456681604954161
v -0.0031747049409057435 -0.04656737358023966 -0.11456681604954161
v -0.003057892706200966 -0.046507784191422985 -0.11469708796735029
v -0.0022431379429996294 -0.045331102616978924 -0.106077809603855
v -0.0020769208464054005 -0.04522991395250475 -0.106108578953461
v -0.0022431379429996294 -0.045331102616978924 -0.106077809603855
v -0.003057892706200966 -0.046507784191422985 -0.11469708796735029
v -0.003057892706200966 -0.046507784191422985 -0.11469708796735029
v -0.002874106543678257 -0.046387438116370916 -0.1146409356209332
v -0.0020769208464054005 -0.04522991395250475 -0.106108578953461
v -0.0019261649569816968 -0.045133245704505054 -0.10613716629612742
v -0.0020769208464054005 -0.04522991395250475 -0.106108578953461
v -0.002874106543678257 -0.046387438116370916 -0.1146409356209332
v -0.002874106543678257 -0.046387438116370916 -0.1146409356209332
v -0.0027270220621285206 -0.046291658692876325 -0.11468224116488729
v -0.0019261649569816968 -0.045133245704505054 -0.10613716629612742
v -0.0017650721911514904 -0.04502311538921555 -0.1061686756970381
v -0.0019261649569816968 -0.045133245704505054 -0.10613716629612742
v -0.0027270220621285206 -0.046291658692876325 -0.11468224116488729
v -0.001619344311381277 -0.04491839050020818 -0.1061978886500858
v -0.0017650721911514904 -0.04502311538921555 -0.1061686756970381
v -0.002682551511386522 -0.04627266531428864 -0.11484178707090281
v -0.002682551511386522 -0.04627266531428864 -0.11484178707090281
v -0.00247730886781844 -0.046127283379893136 -0.11491274044341354
v -0.001619344311381277 -0.04491839050020818 -0.1061978886500858
v -0.0014203789908805167 -0.04476548598244756 -0.10623916367646032
v -0.001619344311381277 -0.04491839050020818 -0.1061978886500858
v -0.00247730886781844 -0.046127283379893136 -0.11491274044341354
v -0.001229137598244487 -0.04460754987875459 -0.1062803700382808
v -0.0014203789908805167 -0.04476548598244756 -0.10623916367646032
v -0.002186944111747802 -0.045892809186627304 -0.11487178585162455
v -0.002186944111747802 -0.045892809186627304 -0.11487178585162455
v -0.0019898334494619645 -0.04572596957909347 -0.11494531795960933
v -0.001229137598244487 -0.04460754987875459 -0.1062803700382808
v -0.001042152096656854 -0.044441629613305444 -0.10632227067503659
v -0.001229137598244487 -0.04460754987875459 -0.1062803700382808
v -0.0019898334494619645 -0.04572596957909347 -0.11494531795960933
v -0.0019898334494619645 -0.04572596957909347 -0.11494531795960933
v -0.0018689495020698947 -0.045616899749694184 -0.11500181362879663
v -0.001042152096656854 -0.044441629613305444 -0.10632227067503659
v -0.0008620842508657788 -0.04427015133367629 -0.10636425523513622
v -0.001042152096656854 -0.044441629613305444 -0.10632227067503659
v -0.0018689495020698947 -0.045616899749694184 -0.11500181362879663
v -0.0018689495020698947 -0.045616899749694184 -0.11500181362879663
v -0.0017187275510794496 -0.04547397829515187 -0.11506686947905459
v -0.0008620842508657788 -0.04427015133367629 -0.10636425523513622
v -0.0007262268411345475 -0.0441319906215476 -0.10639716081531243
v -0.0008620842508657788 -0.04427015133367629 -0.10636425523513622
v -0.0017187275510794496 -0.04547397829515187 -0.11506686947905459
v -0.000640804023184817 -0.044041353410211315 -0.10641837053311672
v -0.0007262268411345475 -0.0441319906215476 -0.10639716081531243
v -0.0015746590646986002 -0.04533133531352318 -0.11525955747648803
v -0.0005570016767895634 -0.04394923228156822 -0.10643963365668525
v -0.000640804023184817 -0.044041353410211315 -0.10641837053311672
v -0.0014997915741888498 -0.04524833894117286 -0.11518990873050411
v -0.00043840154107518275 -0.043813387090789746 -0.10647049455902997
v -0.0005570016767895634 -0.04394923228156822 -0.10643963365668525
v -0.001429488965220688 -0.04517164444900468 -0.11523822568836545
v -0.0003155692667644768 -0.04366420190303977 -0.10650363665044789
v -0.00043840154107518275 -0.043813387090789746 -0.10647049455902997
v -0.001299808683144152 -0.04502288650736874 -0.11530565428043532
v -0.00023849816263039203 -0.04356640450459581 -0.10652501421493983
v -0.0003155692667644768 -0.04366420190303977 -0.10650363665044789
v -0.0012016978834630823 -0.04490374206201242 -0.11536710142690859
v -0.0012016978834630823 -0.04490374206201242 -0.11536710142690859
v -0.0011154481702371074 -0.04479431746575058 -0.11542319273816654
v -0.00023849816263039203 -0.04356640450459581 -0.10652501421493983
v -0.0001296283515273087 -0.04342236915839903 -0.10655604296397221
v -0.00023849816263039203 -0.04356640450459581 -0.10652501421493983
v -0.0011154481702371074 -0.04479431746575058 -0.11542319273816654
v -1.783142323550074e-05 -0.043265054850389895 -0.1065892232023646
v -0.0001296283515273087 -0.04342236915839903 -0.10655604296397221
v -0.0010133824829780538 -0.04465809461992487 -0.11549523711414705
v -0.0010133824829780538 -0.04465809461992487 -0.11549523711414705
v -0.0009240578851913569 -0.04453253385346301 -0.11570289398436179
v -1.783142323550074e-05 -0.043265054850389895 -0.1065892232023646
v 5.2134151252770426e-05 -0.04316205801932593 -0.10661062365504122
v -0.0009240578851913569 -0.04453253385346301 -0.11570289398436179
v -0.000848954539091028 -0.044422571384861165 -0.11561977172699572
v 5.2134151252770426e-05 -0.04316205801932593 -0.10661062365504122
v -1.783142323550074e-05 -0.043265054850389895 -0.1065892232023646
v -0.0009240578851913569 -0.04453253385346301 -0.11570289398436179
v 0.00012026885723109493 -0.043057836670381544 -0.10663200884892805
v 5.2134151252770426e-05 -0.04316205801932593 -0.10661062365504122
v -0.000848954539091028 -0.044422571384861165 -0.11561977172699572
v -0.000848954539091028 -0.044422571384861165 -0.11561977172699572
v -0.0007494900582581677 -0.044268984036257564 -0.11568861175712092
v 0.00012026885723109493 -0.043057836670381544 -0.10663200884892805
v 0.0002151251239435569 -0.04290620244687071 -0.10666269427519022
v 0.00012026885723109493 -0.043057836670381544 -0.10663200884892805
v -0.0007494900582581677 -0.044268984036257564 -0.11568861175712092
v -0.0007494900582581677 -0.044268984036257564 -0.11568861175712092
v -0.0006484834263777857 -0.04410047359124203 -0.11579233338069977
v 0.0002151251239435569 -0.04290620244687071 -0.10666269427519022
v 0.00034112198780963254 -0.04268966114630235 -0.1067055791038873
v 0.0002151251239435569 -0.04290620244687071 -0.10666269427519022
v -0.0006484834263777857 -0.04410047359124203 -0.11579233338069977
v 0.0004327749815504282 -0.042519510381384684 -0.10673853808982776
v 0.00034112198780963254 -0.04268966114630235 -0.1067055791038873
v -0.0005527898931803958 -0.043930559337566066 -0.11588489319954925
v 0.0004895098441885793 -0.042408632385395606 -0.10675971729005247
v 0.0004327749815504282 -0.042519510381384684 -0.10673853808982776
v -0.0004936181243271784 -0.04381390970433996 -0.11603492525013243
v 0.0005442810317113357 -0.04229675875337291 -0.10678083545511803
v 0.0004895098441885793 -0.042408632385395606 -0.10675971729005247
v -0.0004344903735062183 -0.04370059411668237 -0.11601140382567537
v -0.0004344903735062183 -0.04370059411668237 -0.11601140382567537
v -0.0003864278976878356 -0.0436001798357899 -0.11606702211444991
v 0.0005442810317113357 -0.04229675875337291 -0.10678083545511803
v 0.000597071914422015 -0.042183923817593616 -0.10680189258502444
v 0.0005442810317113357 -0.04229675875337291 -0.10678083545511803
v -0.0003864278976878356 -0.0436001798357899 -0.11606702211444991
v -0.0003864278976878356 -0.0436001798357899 -0.11606702211444991
v -0.00035438789620416416 -0.043519308249917454 -0.11626299075168761
v 0.000597071914422015 -0.042183923817593616 -0.10680189258502444
v 0.0006478663990657636 -0.042070165725032194 -0.10682288105037681
v 0.000597071914422015 -0.042183923817593616 -0.10680189258502444
v -0.00035438789620416416 -0.043519308249917454 -0.11626299075168761
v -0.00035438789620416416 -0.043519308249917454 -0.11626299075168761
v -0.00026845039212235194 -0.043330812604978064 -0.1162399042027395
v 0.0006478663990657636 -0.042070165725032194 -0.10682288105037681
v -0.0004936181243271784 -0.04381390970433996 -0.11603492525013243
v -0.0004344903735062183 -0.04370059411668237 -0.11601140382567537
v 0.0004895098441885793 -0.042408632385395606 -0.10675971729005247
v -0.0005527898931803958 -0.043930559337566066 -0.11588489319954925
v -0.0004936181243271784 -0.04381390970433996 -0.11603492525013243
v 0.0004327749815504282 -0.042519510381384684 -0.10673853808982776
v -0.0006484834263777857 -0.04410047359124203 -0.11579233338069977
v -0.0005527898931803958 -0.043930559337566066 -0.11588489319954925
v 0.00034112198780963254 -0.04268966114630235 -0.1067055791038873
v -0.0011154481702371074 -0.04479431746575058 -0.11542319273816654
v -0.0010133824829780538 -0.04465809461992487 -0.11549523711414705
v -0.0001296283515273087 -0.04342236915839903 -0.10655604296397221
v -0.001299808683144152 -0.04502288650736874 -0.11530565428043532
v -0.0012016978834630823 -0.04490374206201242 -0.11536710142690859
v -0.0003155692667644768 -0.04366420190303977 -0.10650363665044789
v -0.001429488965220688 -0.04517164444900468 -0.11523822568836545
v -0.001299808683144152 -0.04502288650736874 -0.11530565428043532
v -0.00043840154107518275 -0.043813387090789746 -0.10647049455902997
v -0.0014997915741888498 -0.04524833894117286 -0.11518990873050411
v -0.001429488965220688 -0.04517164444900468 -0.11523822568836545
v -0.0005570016767895634 -0.04394923228156822 -0.10643963365668525
v -0.0015746590646986002 -0.04533133531352318 -0.11525955747648803
v -0.0014997915741888498 -0.04524833894117286 -0.11518990873050411
v -0.000640804023184817 -0.044041353410211315 -0.10641837053311672
v -0.0017187275510794496 -0.04547397829515187 -0.11506686947905459
v -0.0015746590646986002 -0.04533133531352318 -0.11525955747648803
v -0.0007262268411345475 -0.0441319906215476 -0.10639716081531243
v -0.0023071118496942327 -0.045999410906778504 -0.11500613949570132
v -0.002186944111747802 -0.045892809186627304 -0.11487178585162455
v -0.0014203789908805167 -0.04476548598244756 -0.10623916367646032
v -0.00247730886781844 -0.046127283379893136 -0.11491274044341354
v -0.0023071118496942327 -0.045999410906778504 -0.11500613949570132
v -0.0014203789908805167 -0.04476548598244756 -0.10623916367646032
v -0.0027270220621285206 -0.046291658692876325 -0.11468224116488729
v -0.002682551511386522 -0.04627266531428864 -0.11484178707090281
v -0.0017650721911514904 -0.04502311538921555 -0.1061686756970381
v -0.003347508351060486 -0.04666221840285978 -0.11453157587452795
v -0.0031747049409057435 -0.04656737358023966 -0.11456681604954161
v -0.0023994260973955743 -0.04542006136143861 -0.10604974106004135
v -0.003726795611965068 -0.046848455746910656 -0.11444171686147081
v -0.003511532473459978 -0.04675967629323097 -0.11464444514258426
v -0.0026813563189927174 -0.04556852557137114 -0.10600079086240384
v -0.004151180941341649 -0.04702650675024067 -0.11437112969991498
v -0.0039598798248487175 -0.04696948083810826 -0.11460191889544719
v -0.0031306747493002616 -0.04577284076662247 -0.10592729690139353
v -0.004439546319112976 -0.04714094767364507 -0.11442901391897292
v -0.0034813896879096204 -0.045907148634329875 -0.10587344863223432
v -0.0037126511906694646 -0.045984445848694655 -0.10583952071314236
v -0.004609623174267608 -0.047186102247323 -0.1143174721656281
v -0.0037126511906694646 -0.045984445848694655 -0.10583952071314236
v -0.003898078149931484 -0.04603989247608409 -0.10581322981833892
v -0.004856927148721436 -0.04725884471293629 -0.11429714745763148
v -0.004018781852869192 -0.04607324437586158 -0.1057964985553372
v -0.00419385596167915 -0.046117887780081634 -0.10577274824903334
v -0.005045322657852847 -0.04730758510221422 -0.11428183526207997
v -0.00419385596167915 -0.046117887780081634 -0.10577274824903334
v -0.004384313314780564 -0.04616062765027573 -0.10574773146317713
v -0.005217996845131579 -0.047370836600579835 -0.11446109552450062
v -0.004384313314780564 -0.04616062765027573 -0.10574773146317713
v -0.004507173752287264 -0.04618549566293151 -0.1057319691333269
v -0.005694080146400327 -0.04744027172350673 -0.11426403588379314
v -0.0046939151132383014 -0.046219259550033254 -0.10570858503797793
v -0.004878283732377421 -0.04624724035580563 -0.10568623091093961
v -0.006053503324024991 -0.04748779903899658 -0.11425795525606292
v -0.00506570363263681 -0.046271127991217575 -0.10566415907151235
v -0.0053149931571117035 -0.046294435792617605 -0.10563597608677529
v -0.006305989564960314 -0.047511915556255335 -0.11426460808841016
v -0.0053149931571117035 -0.046294435792617605 -0.10563597608677529
v -0.005558590676158771 -0.046309820467420604 -0.10560947156891483
v -0.006487488577945068 -0.04752457653708131 -0.11427277154094634
v -0.005558590676158771 -0.046309820467420604 -0.10560947156891483
v -0.005815387048371813 -0.04631666021994274 -0.10558282972194628
v -0.006865637628498957 -0.04753644787553579 -0.11429445428123403
v -0.00600553207311977 -0.046315470034339334 -0.10556399274595392
v -0.006194011982432192 -0.04631002646108273 -0.10554591108005602
v -0.007262859212612551 -0.04754872357191964 -0.11445934076367509
v -0.0063824980906279655 -0.04629900580015889 -0.10552860761243728
v -0.006507958244444669 -0.04628916388074611 -0.10551743817831301
v -0.007379894607117967 -0.04752424847310088 -0.11434422845352005
v -0.006507958244444669 -0.04628916388074611 -0.10551743817831301
v -0.006633256750457063 -0.04627714758378865 -0.10550659680816916
v -0.0076890405492308096 -0.04751297604214555 -0.11445816583686147
v -0.006633256750457063 -0.04627714758378865 -0.10550659680816916
v -0.006820787753779591 -0.04625479345675032 -0.10549097180742702
v -0.0076890405492308096 -0.04751297604214555 -0.11445816583686147
v -0.006820787753779591 -0.04625479345675032 -0.10549097180742702
v -0.007007805203458341 -0.04622811346280731 -0.10547600293464572
v -0.007883978741320687 -0.04747953640432678 -0.11440624780461034
v -0.007007805203458341 -0.04622811346280731 -0.10547600293464572
v -0.007132079463206266 -0.046207453061435366 -0.10546646619102869
v -0.008300932324815104 -0.047423151361365434 -0.11450559778491515
v -0.007317769398173525 -0.04617217092474979 -0.10545284009174867
v -0.007563456894584266 -0.04611873082821738 -0.10543575024718695
v -0.008654594832457898 -0.047360552176263226 -0.11461497279011018
v -0.00774743641458381 -0.04607209233723264 -0.10542387890873246
v -0.007869043723979232 -0.046038664143506214 -0.10541639447234182
v -0.008834496917723979 -0.04730780253996869 -0.11458608027164802
v -0.007869043723979232 -0.046038664143506214 -0.10541639447234182
v -0.007990076444571727 -0.04600313786618404 -0.10540926098811627
v -0.009086592152171004 -0.04724357066435925 -0.11465332575824044
v -0.008171119124374406 -0.045945970810246095 -0.10539915966927711
v -0.008349360862576762 -0.04588410023235623 -0.10538998913661497
v -0.009297560179769572 -0.04718086466772853 -0.11470529719625583
v -0.008349360862576762 -0.04588410023235623 -0.10538998913661497
v -0.008467729017002658 -0.045840303690969364 -0.10538428234923454
v -0.009430521459278253 -0.04714665064632806 -0.11478666469279636
v -0.008467729017002658 -0.045840303690969364 -0.10538428234923454
v -0.008585341861334085 -0.04579447391584335 -0.10537893414341411
v -0.009529294466594231 -0.04710623774157652 -0.11477214595431379
v -0.008585341861334085 -0.04579447391584335 -0.10537893414341411
v -0.008702162202270937 -0.04574662235107052 -0.10537394451915368
v -0.00994124936592178 -0.04695477517945079 -0.11490466091422119
v -0.00899062580850152 -0.04561845233155504 -0.10536303448445579
v -0.009160816627742376 -0.045535291927214505 -0.10535764813166089
v -0.01015702772700078 -0.04688217385764304 -0.11507669613967758
v -0.009160816627742376 -0.045535291927214505 -0.10535764813166089
v -0.009273149930807413 -0.045477556481356984 -0.10535448956217493
v -0.016454245395182147 -0.04541079927603775 -0.11069977332436305
v -0.016467081852090674 -0.04540172411081178 -0.1108121237935666
v -0.014353019442412965 -0.04526497102204097 -0.11104191353836775
v -0.014353019442412965 -0.04526497102204097 -0.11104191353836775
v -0.014261255941655508 -0.04526473832549671 -0.11099377968598385
v -0.016454245395182147 -0.04541079927603775 -0.11069977332436305
v -0.016425854509434238 -0.045424043905573086 -0.11044722509459422
v -0.016454245395182147 -0.04541079927603775 -0.11069977332436305
v -0.01401873941249743 -0.04526794648604948 -0.11071816016605669
v -0.016386799636973762 -0.045427408468721175 -0.11009102390580057
v -0.016425854509434238 -0.045424043905573086 -0.11044722509459422
v -0.01401873941249743 -0.04526794648604948 -0.11071816016605669
v -0.01401873941249743 -0.04526794648604948 -0.11071816016605669
v -0.01375852268718614 -0.045259107832065215 -0.11035620641351325
v -0.016386799636973762 -0.045427408468721175 -0.11009102390580057
v -0.01633827287075285 -0.045407057057842426 -0.10963384767558977
v -0.01375852268718614 -0.045259107832065215 -0.11035620641351325
v -0.013611866643843399 -0.0452246534847256 -0.10984583041270919
v -0.01633827287075285 -0.045407057057842426 -0.10963384767558977
v -0.016386799636973762 -0.045427408468721175 -0.11009102390580057
v -0.01375852268718614 -0.045259107832065215 -0.11035620641351325
v -0.0163004749411011 -0.0453656103700828 -0.10926255554369653
v -0.01633827287075285 -0.045407057057842426 -0.10963384767558977
v -0.013611866643843399 -0.0452246534847256 -0.10984583041270919
v -0.013611866643843399 -0.0452246534847256 -0.10984583041270919
v -0.01358874957731571 -0.045192034006857895 -0.10957124849048756
v -0.0163004749411011 -0.0453656103700828 -0.10926255554369653
v -0.014261255941655508 -0.04526473832549671 -0.11099377968598385
v -0.01401873941249743 -0.04526794648604948 -0.11071816016605669
v -0.016454245395182147 -0.04541079927603775 -0.11069977332436305
v -0.016307011425176213 -0.044899580227097946 -0.11599554994308642
v -0.01697200283554579 -0.04482263396489827 -0.11718311866404368
v -0.016926739542990624 -0.044802820426359524 -0.11736543831381668
v -0.016307011425176213 -0.044899580227097946 -0.11599554994308642
v -0.017029215667853096 -0.04485578750040853 -0.1168675440030586
v -0.01697200283554579 -0.04482263396489827 -0.11718311866404368
v -0.016307011425176213 -0.044899580227097946 -0.11599554994308642
v -0.017065249299935695 -0.0449283659340316 -0.11612573793755127
v -0.017068713045217402 -0.04490523742341157 -0.11637065677242647
v -0.016307011425176213 -0.044899580227097946 -0.11599554994308642
v -0.017054158067109085 -0.04487969420930771 -0.11663068180919106
v -0.017029215667853096 -0.04485578750040853 -0.1168675440030586
v -0.016307011425176213 -0.044899580227097946 -0.11599554994308642
v -0.017055130814958023 -0.04494420074313332 -0.11595364930633062
v -0.017065249299935695 -0.0449283659340316 -0.11612573793755127
v -0.016307011425176213 -0.044899580227097946 -0.11599554994308642
v -0.017068713045217402 -0.04490523742341157 -0.11637065677242647
v -0.017054158067109085 -0.04487969420930771 -0.11663068180919106
v -0.016307011425176213 -0.044899580227097946 -0.11599554994308642
v -0.017041001175615026 -0.044956911315026105 -0.1158120553664998
v -0.017055130814958023 -0.04494420074313332 -0.11595364930633062
v -0.016926739542990624 -0.044802820426359524 -0.11736543831381668
v -0.01689981731575974 -0.04479212401471866 -0.11746184334769255
v -0.016307011425176213 -0.044899580227097946 -0.11599554994308642
v -0.017041001175615026 -0.044956911315026105 -0.1158120553664998
v -0.016307011425176213 -0.044899580227097946 -0.11599554994308642
v -0.01581122854945494 -0.04501173614673171 -0.11453423853334582
v -0.01581122854945494 -0.04501173614673171 -0.11453423853334582
v -0.016467081852090674 -0.04540172411081178 -0.1108121237935666
v -0.017041001175615026 -0.044956911315026105 -0.1158120553664998
v -0.01581122854945494 -0.04501173614673171 -0.11453423853334582
v -0.015249009856674326 -0.045125845191458236 -0.11301473772875154
v -0.016467081852090674 -0.04540172411081178 -0.1108121237935666
v -0.015249009856674326 -0.045125845191458236 -0.11301473772875154
v -0.01471108887928119 -0.045207224132091106 -0.11185287243919091
v -0.016467081852090674 -0.04540172411081178 -0.1108121237935666
v -0.01471108887928119 -0.045207224132091106 -0.11185287243919091
v -0.014353019442412965 -0.04526497102204097 -0.11104191353836775
v -0.016467081852090674 -0.04540172411081178 -0.1108121237935666
v 0.0017159515242218264 -0.030324323187154167 -0.10857231655827522
v 0.0012900668995393524 -0.03092006067272557 -0.11283215867955215
v 0.0012833769931012986 -0.03102294497021485 -0.11289917528429777
v 0.0012833769931012986 -0.03102294497021485 -0.11289917528429777
v 0.0017156959394928899 -0.030503026503747588 -0.10854729977241902
v 0.0017159515242218264 -0.030324323187154167 -0.10857231655827522
v 0.0017156959394928899 -0.030503026503747588 -0.10854729977241902
v 0.0012833769931012986 -0.03102294497021485 -0.11289917528429777
v 0.0012713547356790757 -0.031121211576444763 -0.11298011553472426
v 0.0017156959394928899 -0.030503026503747588 -0.10854729977241902
v 0.0012713547356790757 -0.031121211576444763 -0.11298011553472426
v 0.0012767178426614097 -0.03127593761223624 -0.11275686418134695
v 0.0012767178426614097 -0.03127593761223624 -0.11275686418134695
v 0.0016862626876676394 -0.030782523663629435 -0.10850526943595003
v 0.0017156959394928899 -0.030503026503747588 -0.10854729977241902
v 0.0016862626876676394 -0.030782523663629435 -0.10850526943595003
v 0.0012767178426614097 -0.03127593761223624 -0.11275686418134695
v 0.0012275946723365463 -0.0314852348023531 -0.11292038500210205
v 0.0012275946723365463 -0.0314852348023531 -0.11292038500210205
v 0.0016522476265808804 -0.030949105779085606 -0.10847857418321723
v 0.0016862626876676394 -0.030782523663629435 -0.10850526943595003
v 0.0016522476265808804 -0.030949105779085606 -0.10847857418321723
v 0.0012275946723365463 -0.0314852348023531 -0.11292038500210205
v 0.0012021893833872451 -0.031639680457882235 -0.11273395310848139
v 0.0012021893833872451 -0.031639680457882235 -0.11273395310848139
v 0.0016135732701907245 -0.031096326397650476 -0.10845412197258315
v 0.0016522476265808804 -0.030949105779085606 -0.10847857418321723
v 0.0016135732701907245 -0.031096326397650476 -0.10845412197258315
v 0.0012021893833872451 -0.031639680457882235 -0.11273395310848139
v 0.0011160641246654726 -0.031878480518052754 -0.1128403602790628
v 0.0011160641246654726 -0.031878480518052754 -0.1128403602790628
v 0.001544388963620955 -0.031294316824534985 -0.10841950740795077
v 0.0016135732701907245 -0.031096326397650476 -0.10845412197258315
v 0.001544388963620955 -0.031294316824534985 -0.10841950740795077
v 0.0011160641246654726 -0.031878480518052754 -0.1128403602790628
v 0.0010679584056752513 -0.0319943920073229 -0.1128175026119615
v 0.0010679584056752513 -0.0319943920073229 -0.1128175026119615
v 0.0014661840896824237 -0.03147012287841755 -0.10838710536783754
v 0.001544388963620955 -0.031294316824534985 -0.10841950740795077
v 0.0014661840896824237 -0.03147012287841755 -0.10838710536783754
v 0.0010679584056752513 -0.0319943920073229 -0.1128175026119615
v 0.0010126975063677603 -0.03211078414847135 -0.11279559861922189
v 0.0014661840896824237 -0.03147012287841755 -0.10838710536783754
v 0.0010126975063677603 -0.03211078414847135 -0.11279559861922189
v 0.0009499693964127797 -0.0322336059621664 -0.11259414444705568
v 0.0009499693964127797 -0.0322336059621664 -0.11259414444705568
v 0.0013812487781454665 -0.03162739522475477 -0.1083566183058426
v 0.0014661840896824237 -0.03147012287841755 -0.10838710536783754
v 0.0009499693964127797 -0.0322336059621664 -0.11259414444705568
v 0.0012647749786297987 -0.031807874283009685 -0.10831973781092681
v 0.0013812487781454665 -0.03162739522475477 -0.1083566183058426
v 0.0008074506308696982 -0.03244676362609944 -0.11270308457674177
v 0.0011179050738114457 -0.03199342879621758 -0.10827910365372335
v 0.0012647749786297987 -0.031807874283009685 -0.10831973781092681
v 0.0011179050738114457 -0.03199342879621758 -0.10827910365372335
v 0.0008074506308696982 -0.03244676362609944 -0.11270308457674177
v 0.0006596033290398943 -0.03262877428537925 -0.11265153275544554
v 0.0011179050738114457 -0.03199342879621758 -0.10827910365372335
v 0.0006596033290398943 -0.03262877428537925 -0.11265153275544554
v 0.000567632225294823 -0.032722139005390005 -0.11253543625334922
v 0.000567632225294823 -0.032722139005390005 -0.11253543625334922
v 0.0010169454103933775 -0.032101342772290486 -0.10825391902117949
v 0.0011179050738114457 -0.03199342879621758 -0.10827910365372335
v 0.000567632225294823 -0.032722139005390005 -0.11253543625334922
v 0.0009486018869827447 -0.03216765747270589 -0.10823781336855905
v 0.0010169454103933775 -0.032101342772290486 -0.10825391902117949
v 0.0009486018869827447 -0.03216765747270589 -0.10823781336855905
v 0.000567632225294823 -0.032722139005390005 -0.11253543625334922
v 0.00046011038819852173 -0.032820611605282046 -0.11248199997151426
v 0.00046011038819852173 -0.032820611605282046 -0.11248199997151426
v 0.0008772257387065429 -0.03223254166157874 -0.1082215932750152
v 0.0009486018869827447 -0.03216765747270589 -0.10823781336855905
v 0.0008772257387065429 -0.03223254166157874 -0.1082215932750152
v 0.00046011038819852173 -0.032820611605282046 -0.11248199997151426
v 0.00034121228885075633 -0.03292448963145622 -0.11255472336364031
v 0.00034121228885075633 -0.03292448963145622 -0.11255472336364031
v 0.0007282906520579211 -0.03235270844585081 -0.10818990076862707
v 0.0008772257387065429 -0.03223254166157874 -0.1082215932750152
v 0.0007282906520579211 -0.03235270844585081 -0.10818990076862707
v 0.00034121228885075633 -0.03292448963145622 -0.11255472336364031
v 0.0001746131860700176 -0.0330405746894602 -0.1124849372885483
v 0.0001746131860700176 -0.0330405746894602 -0.1124849372885483
v 0.0005141390806260444 -0.03249413453899397 -0.10814871729499127
v 0.0007282906520579211 -0.03235270844585081 -0.10818990076862707
v 0.0005141390806260444 -0.03249413453899397 -0.10814871729499127
v 0.0001746131860700176 -0.0330405746894602 -0.1124849372885483
v 2.706003690144217e-05 -0.033123002671890944 -0.11239806136889458
v 0.0005141390806260444 -0.03249413453899397 -0.10814871729499127
v 2.706003690144217e-05 -0.033123002671890944 -0.11239806136889458
v -9.411476254449477e-05 -0.03319095769220848 -0.11243018112139674
v -9.411476254449477e-05 -0.03319095769220848 -0.11243018112139674
v 0.0003461674318225479 -0.032582425711400465 -0.10811957300649762
v 0.0005141390806260444 -0.03249413453899397 -0.10814871729499127
v 0.0003461674318225479 -0.032582425711400465 -0.10811957300649762
v -9.411476254449477e-05 -0.03319095769220848 -0.11243018112139674
v -0.00011304768711834382 -0.03319536366775955 -0.11238227615085966
v -0.00011304768711834382 -0.03319536366775955 -0.11238227615085966
v 0.00017675744836649808 -0.03265806353237588 -0.1080920614085112
v 0.0003461674318225479 -0.032582425711400465 -0.10811957300649762
v 0.00017675744836649808 -0.03265806353237588 -0.1080920614085112
v -0.00011304768711834382 -0.03319536366775955 -0.11238227615085966
v -0.0002405640001117843 -0.033255235344187284 -0.11240817794652352
v -0.0003740073620103063 -0.03330319372048862 -0.11236855086944603
v -2.382669524770361e-05 -0.03272767794608278 -0.10806227625084648
v 0.00017675744836649808 -0.03265806353237588 -0.1080920614085112
v -2.382669524770361e-05 -0.03272767794608278 -0.10806227625084648
v -0.0003740073620103063 -0.03330319372048862 -0.11236855086944603
v -0.00045839884074250225 -0.033329896602616316 -0.11236075362786474
v -2.382669524770361e-05 -0.03272767794608278 -0.10806227625084648
v -0.00045839884074250225 -0.033329896602616316 -0.11236075362786474
v -0.0005670766503744832 -0.033357957517035075 -0.11233139571631406
v -0.0005670766503744832 -0.033357957517035075 -0.11233139571631406
v -0.0002329123279811146 -0.03278053820860327 -0.10803397119579113
v -2.382669524770361e-05 -0.03272767794608278 -0.10806227625084648
v -0.0002329123279811146 -0.03278053820860327 -0.10803397119579113
v -0.0005670766503744832 -0.033357957517035075 -0.11233139571631406
v -0.0006884319513198249 -0.03338362661615468 -0.11230534896214722
v -0.0002329123279811146 -0.03278053820860327 -0.10803397119579113
v -0.0006884319513198249 -0.03338362661615468 -0.11230534896214722
v -0.0007852077261038053 -0.033399724639380235 -0.11228948745016337
v -0.0007852077261038053 -0.033399724639380235 -0.11228948745016337
v -0.00038181470657936225 -0.03280595553769139 -0.10801553094833323
v -0.0002329123279811146 -0.03278053820860327 -0.10803397119579113
v -0.0008620593361230793 -0.03341148535160876 -0.11228912886860337
v -0.00044621472689970406 -0.03281428302221778 -0.10800793207101918
v -0.00038181470657936225 -0.03280595553769139 -0.10801553094833323
v -0.0008620593361230793 -0.03341148535160876 -0.11228912886860337
v -0.0005109024290517185 -0.032820924410472685 -0.10800053155797236
v -0.00044621472689970406 -0.03281428302221778 -0.10800793207101918
v -0.0005109024290517185 -0.032820924410472685 -0.10800053155797236
v -0.0008620593361230793 -0.03341148535160876 -0.11228912886860337
v -0.000997216629663525 -0.03342307058775473 -0.11226546248564334
v -0.000997216629663525 -0.03342307058775473 -0.11226546248564334
v -0.0005757485901593946 -0.032826058993236096 -0.10799332940919278
v -0.0005109024290517185 -0.032820924410472685 -0.10800053155797236
v -0.0007852077261038053 -0.033399724639380235 -0.11228948745016337
v -0.0008620593361230793 -0.03341148535160876 -0.11228912886860337
v -0.00038181470657936225 -0.03280595553769139 -0.10801553094833323
v -0.0002405640001117843 -0.033255235344187284 -0.11240817794652352
v -0.0003740073620103063 -0.03330319372048862 -0.11236855086944603
v 0.00017675744836649808 -0.03265806353237588 -0.1080920614085112
v 0.0009499693964127797 -0.0322336059621664 -0.11259414444705568
v 0.0008074506308696982 -0.03244676362609944 -0.11270308457674177
v 0.0012647749786297987 -0.031807874283009685 -0.10831973781092681
v -0.017041001175615026 -0.044956911315026105 -0.1158120553664998
v -0.016467081852090674 -0.04540172411081178 -0.1108121237935666
v -0.016598753763862332 -0.04434749432441043 -0.11139400248331373
v -0.016467081852090674 -0.04540172411081178 -0.1108121237935666
v -0.01656353075498718 -0.0443714162920994 -0.11108515694862482
v -0.016598753763862332 -0.04434749432441043 -0.11139400248331373
v -0.016525994132110536 -0.044387170992554736 -0.11075021125400482
v -0.016467081852090674 -0.04540172411081178 -0.1108121237935666
v -0.016454245395182147 -0.04541079927603775 -0.11069977332436305
v -0.016467081852090674 -0.04540172411081178 -0.1108121237935666
v -0.016525994132110536 -0.044387170992554736 -0.11075021125400482
v -0.01656353075498718 -0.0443714162920994 -0.11108515694862482
v -0.016454245395182147 -0.04541079927603775 -0.11069977332436305
v -0.016494683095467092 -0.044393923007035596 -0.11046704626252786
v -0.016525994132110536 -0.044387170992554736 -0.11075021125400482
v -0.016454245395182147 -0.04541079927603775 -0.11069977332436305
v -0.016425854509434238 -0.045424043905573086 -0.11044722509459422
v -0.016494683095467092 -0.044393923007035596 -0.11046704626252786
v -0.016494683095467092 -0.044393923007035596 -0.11046704626252786
v -0.016425854509434238 -0.045424043905573086 -0.11044722509459422
v -0.016386799636973762 -0.045427408468721175 -0.11009102390580057
v -0.016386799636973762 -0.045427408468721175 -0.11009102390580057
v -0.01644131357083745 -0.0443896123989207 -0.10997497318007361
v -0.016494683095467092 -0.044393923007035596 -0.11046704626252786
v -0.01644131357083745 -0.0443896123989207 -0.10997497318007361
v -0.016386799636973762 -0.045427408468721175 -0.11009102390580057
v -0.01633827287075285 -0.045407057057842426 -0.10963384767558977
v -0.016396611038806966 -0.04436792584393556 -0.10955208345051477
v -0.01644131357083745 -0.0443896123989207 -0.10997497318007361
v -0.01633827287075285 -0.045407057057842426 -0.10963384767558977
v -0.016357668699921172 -0.04433809490990148 -0.10917721313241642
v -0.016396611038806966 -0.04436792584393556 -0.10955208345051477
v -0.0163004749411011 -0.0453656103700828 -0.10926255554369653
v -0.016396611038806966 -0.04436792584393556 -0.10955208345051477
v -0.01633827287075285 -0.045407057057842426 -0.10963384767558977
v -0.0163004749411011 -0.0453656103700828 -0.10926255554369653
v -0.015854269780747336 -0.04474145338853264 -0.10479947397184826
v -0.01593245486594286 -0.04375308053885307 -0.10492988321876502
v -0.016311211407065155 -0.04428290005254354 -0.10871832028835456
v -0.016311211407065155 -0.04428290005254354 -0.10871832028835456
v -0.0163004749411011 -0.0453656103700828 -0.10926255554369653
v -0.015854269780747336 -0.04474145338853264 -0.10479947397184826
v -0.016311211407065155 -0.04428290005254354 -0.10871832028835456
v -0.016357668699921172 -0.04433809490990148 -0.10917721313241642
v -0.0163004749411011 -0.0453656103700828 -0.10926255554369653
v -0.016598753763862332 -0.04434749432441043 -0.11139400248331373
v -0.017121243336408746 -0.04394254130224651 -0.1159458902117238
v -0.017041001175615026 -0.044956911315026105 -0.1158120553664998
v -0.01593245486594286 -0.04375308053885307 -0.10492988321876502
v -0.010428753394509107 -0.04339729133738368 -0.10552988172138451
v -0.012229284867358862 -0.04401682872032575 -0.10914675658800106
v -0.010428753394509107 -0.04339729133738368 -0.10552988172138451
v -0.010805294550089163 -0.04392400568735244 -0.10929619354578253
v -0.012229284867358862 -0.04401682872032575 -0.10914675658800106
v -0.012229284867358862 -0.04401682872032575 -0.10914675658800106
v -0.016311211407065155 -0.04428290005254354 -0.10871832028835456
v -0.01593245486594286 -0.04375308053885307 -0.10492988321876502
v -0.016311211407065155 -0.04428290005254354 -0.10871832028835456
v -0.012229284867358862 -0.04401682872032575 -0.10914675658800106
v -0.012256905184222514 -0.044049219316346644 -0.10939782471516053
v -0.016357668699921172 -0.04433809490990148 -0.10917721313241642
v -0.012256905184222514 -0.044049219316346644 -0.10939782471516053
v -0.012289596187667343 -0.044079588122720725 -0.10967922731641706
v -0.016357668699921172 -0.04433809490990148 -0.10917721313241642
v -0.012289596187667343 -0.044079588122720725 -0.10967922731641706
v -0.01231804715490004 -0.04410392970712884 -0.10999111697966853
v -0.016396611038806966 -0.04436792584393556 -0.10955208345051477
v -0.01231804715490004 -0.04410392970712884 -0.10999111697966853
v -0.012338905920539215 -0.04411555690494673 -0.11018934391779474
v -0.01644131357083745 -0.0443896123989207 -0.10997497318007361
v -0.012338905920539215 -0.04411555690494673 -0.11018934391779474
v -0.012382697693554271 -0.04412980479991058 -0.11056466437019181
v -0.012382697693554271 -0.04412980479991058 -0.11056466437019181
v -0.016494683095467092 -0.044393923007035596 -0.11046704626252786
v -0.01644131357083745 -0.0443896123989207 -0.10997497318007361
v -0.016494683095467092 -0.044393923007035596 -0.11046704626252786
v -0.012382697693554271 -0.04412980479991058 -0.11056466437019181
v -0.01111770110484467 -0.04404416865692706 -0.11114159921204787
v -0.016494683095467092 -0.044393923007035596 -0.11046704626252786
v -0.01111770110484467 -0.04404416865692706 -0.11114159921204787
v -0.012447191829613184 -0.04412378902203695 -0.11118751291051772
v -0.012447191829613184 -0.04412378902203695 -0.11118751291051772
v -0.016525994132110536 -0.044387170992554736 -0.11075021125400482
v -0.016494683095467092 -0.044393923007035596 -0.11046704626252786
v -0.016525994132110536 -0.044387170992554736 -0.11075021125400482
v -0.012447191829613184 -0.04412378902203695 -0.11118751291051772
v -0.012482416745837058 -0.044109613606324594 -0.11150371318188408
v -0.012482416745837058 -0.044109613606324594 -0.11150371318188408
v -0.01656353075498718 -0.0443714162920994 -0.11108515694862482
v -0.016525994132110536 -0.044387170992554736 -0.11075021125400482
v -0.01252060186727966 -0.04408377284581988 -0.11183793408398919
v -0.016598753763862332 -0.04434749432441043 -0.11139400248331373
v -0.01656353075498718 -0.0443714162920994 -0.11108515694862482
v -0.01656353075498718 -0.0443714162920994 -0.11108515694862482
v -0.012482416745837058 -0.044109613606324594 -0.11150371318188408
v -0.01252060186727966 -0.04408377284581988 -0.11183793408398919
v -0.012338905920539215 -0.04411555690494673 -0.11018934391779474
v -0.01644131357083745 -0.0443896123989207 -0.10997497318007361
v -0.016396611038806966 -0.04436792584393556 -0.10955208345051477
v -0.01231804715490004 -0.04410392970712884 -0.10999111697966853
v -0.016396611038806966 -0.04436792584393556 -0.10955208345051477
v -0.016357668699921172 -0.04433809490990148 -0.10917721313241642
v -0.012256905184222514 -0.044049219316346644 -0.10939782471516053
v -0.016357668699921172 -0.04433809490990148 -0.10917721313241642
v -0.016311211407065155 -0.04428290005254354 -0.10871832028835456
v -0.012256905184222514 -0.044049219316346644 -0.10939782471516053
v -0.012229284867358862 -0.04401682872032575 -0.10914675658800106
v -0.010826577700819297 -0.04395013636486311 -0.10949416871387725
v -0.012229284867358862 -0.04401682872032575 -0.10914675658800106
v -0.010805294550089163 -0.04392400568735244 -0.10929619354578253
v -0.010826577700819297 -0.04395013636486311 -0.10949416871387725
v -0.012256905184222514 -0.044049219316346644 -0.10939782471516053
v -0.010826577700819297 -0.04395013636486311 -0.10949416871387725
v -0.010868818799322224 -0.043987398329523586 -0.10982719180098406
v -0.010868818799322224 -0.043987398329523586 -0.10982719180098406
v -0.012289596187667343 -0.044079588122720725 -0.10967922731641706
v -0.012256905184222514 -0.044049219316346644 -0.10939782471516053
v -0.012289596187667343 -0.044079588122720725 -0.10967922731641706
v -0.010868818799322224 -0.043987398329523586 -0.10982719180098406
v -0.010921923202479313 -0.04401542872636277 -0.1101699957723445
v -0.01231804715490004 -0.04410392970712884 -0.10999111697966853
v -0.010921923202479313 -0.04401542872636277 -0.1101699957723445
v -0.010951598687592436 -0.044025873367972146 -0.110340589042166
v -0.012338905920539215 -0.04411555690494673 -0.11018934391779474
v -0.010951598687592436 -0.044025873367972146 -0.110340589042166
v -0.010990095660551315 -0.044035799210728754 -0.11054759741381477
v -0.012382697693554271 -0.04412980479991058 -0.11056466437019181
v -0.010990095660551315 -0.044035799210728754 -0.11054759741381477
v -0.01104738001843575 -0.044043722337325786 -0.11082902290325598
v -0.012382697693554271 -0.04412980479991058 -0.11056466437019181
v -0.01104738001843575 -0.044043722337325786 -0.11082902290325598
v -0.01111770110484467 -0.04404416865692706 -0.11114159921204787
v -0.012447191829613184 -0.04412378902203695 -0.11118751291051772
v -0.01111770110484467 -0.04404416865692706 -0.11114159921204787
v -0.011256133614166443 -0.044027261917842786 -0.11169333416257028
v -0.011256133614166443 -0.044027261917842786 -0.11169333416257028
v -0.012482416745837058 -0.044109613606324594 -0.11150371318188408
v -0.012447191829613184 -0.04412378902203695 -0.11118751291051772
v -0.011256133614166443 -0.044027261917842786 -0.11169333416257028
v -0.01252060186727966 -0.04408377284581988 -0.11183793408398919
v -0.012482416745837058 -0.044109613606324594 -0.11150371318188408
v -0.010990095660551315 -0.044035799210728754 -0.11054759741381477
v -0.012382697693554271 -0.04412980479991058 -0.11056466437019181
v -0.012338905920539215 -0.04411555690494673 -0.11018934391779474
v -0.010951598687592436 -0.044025873367972146 -0.110340589042166
v -0.012338905920539215 -0.04411555690494673 -0.11018934391779474
v -0.01231804715490004 -0.04410392970712884 -0.10999111697966853
v -0.010921923202479313 -0.04401542872636277 -0.1101699957723445
v -0.01231804715490004 -0.04410392970712884 -0.10999111697966853
v -0.012289596187667343 -0.044079588122720725 -0.10967922731641706
v -0.0022642942550396565 -0.034220712379791074 -0.10762947593732082
v -0.00315107598966441 -0.03546116806615096 -0.11649937229367685
v -0.003040574218211024 -0.03554680039443703 -0.11650179081185813
v -0.003040574218211024 -0.03554680039443703 -0.11650179081185813
v -0.002130884748580975 -0.0343238694281478 -0.10762839256324593
v -0.0022642942550396565 -0.034220712379791074 -0.10762947593732082
v -0.002130884748580975 -0.0343238694281478 -0.10762839256324593
v -0.003040574218211024 -0.03554680039443703 -0.11650179081185813
v -0.002904405731823934 -0.03565700700367547 -0.11649663334091004
v -0.002904405731823934 -0.03565700700367547 -0.11649663334091004
v -0.00200935397155308 -0.034423463549089206 -0.10762660728484082
v -0.002130884748580975 -0.0343238694281478 -0.10762839256324593
v -0.00200935397155308 -0.034423463549089206 -0.10762660728484082
v -0.002904405731823934 -0.03565700700367547 -0.11649663334091004
v -0.0028212350754840136 -0.03572761705341598 -0.11649522190285472
v -0.0028212350754840136 -0.03572761705341598 -0.11649522190285472
v -0.001926735611877881 -0.0344939171962344 -0.10762501274130805
v -0.00200935397155308 -0.034423463549089206 -0.10762660728484082
v -0.001926735611877881 -0.0344939171962344 -0.10762501274130805
v -0.0028212350754840136 -0.03572761705341598 -0.11649522190285472
v -0.002739887367686489 -0.03579920748040033 -0.11649339084808025
v -0.002739887367686489 -0.03579920748040033 -0.11649339084808025
v -0.0018006299397275998 -0.0346060273394988 -0.10762194572456081
v -0.001926735611877881 -0.0344939171962344 -0.10762501274130805
v -0.0018006299397275998 -0.0346060273394988 -0.10762194572456081
v -0.002739887367686489 -0.03579920748040033 -0.11649339084808025
v -0.002654245025819624 -0.035876977717248515 -0.11648990421461386
v -0.002654245025819624 -0.035876977717248515 -0.11648990421461386
v -0.0016863144245017618 -0.03471360943689383 -0.10761832939138123
v -0.0018006299397275998 -0.0346060273394988 -0.10762194572456081
v -0.0016863144245017618 -0.03471360943689383 -0.10761832939138123
v -0.0026274145897460526 -0.03592165163904815 -0.11657638340573312
v -0.0025023225542329668 -0.03602284793291721 -0.11648450260302917
v -0.0025023225542329668 -0.03602284793291721 -0.11648450260302917
v -0.0016087326575493087 -0.03478953717487521 -0.10761546836829612
v -0.0016863144245017618 -0.03471360943689383 -0.10761832939138123
v -0.0016087326575493087 -0.03478953717487521 -0.10761546836829612
v -0.0025023225542329668 -0.03602284793291721 -0.11648450260302917
v -0.0024326466285297392 -0.03611453418605137 -0.11656975346157056
v -0.0024326466285297392 -0.03611453418605137 -0.11656975346157056
v -0.0015324697030297961 -0.034866777168778285 -0.10761228691062548
v -0.0016087326575493087 -0.03478953717487521 -0.10761546836829612
v -0.0015324697030297961 -0.034866777168778285 -0.10761228691062548
v -0.0024326466285297392 -0.03611453418605137 -0.11656975346157056
v -0.0023464351814875277 -0.03618301944931401 -0.11647743778335767
v -0.0023464351814875277 -0.03618301944931401 -0.11647743778335767
v -0.0014165524917134772 -0.03498911070120014 -0.10760677085811739
v -0.0015324697030297961 -0.034866777168778285 -0.10761228691062548
v -0.0022379473318674685 -0.03630236225893757 -0.11647301273431937
v -0.0013118211654041675 -0.03510614180417093 -0.10760087333586461
v -0.0014165524917134772 -0.03498911070120014 -0.10760677085811739
v -0.0013118211654041675 -0.03510614180417093 -0.10760087333586461
v -0.0022379473318674685 -0.03630236225893757 -0.11647301273431937
v -0.0021451960628898763 -0.03643140965886582 -0.1165566614199331
v -0.0021451960628898763 -0.03643140965886582 -0.1165566614199331
v -0.0012020825718587343 -0.03523460555538982 -0.10759388481014205
v -0.0013118211654041675 -0.03510614180417093 -0.10760087333586461
v -0.0012020825718587343 -0.03523460555538982 -0.10759388481014205
v -0.0021451960628898763 -0.03643140965886582 -0.1165566614199331
v -0.0020360756887494173 -0.03654149801248341 -0.11646785526337128
v -0.0020360756887494173 -0.03654149801248341 -0.11646785526337128
v -0.0011038452911154436 -0.035356450806538486 -0.10758665977317779
v -0.0012020825718587343 -0.03523460555538982 -0.10759388481014205
v -0.0011038452911154436 -0.035356450806538486 -0.10758665977317779
v -0.0020360756887494173 -0.03654149801248341 -0.11646785526337128
v -0.0019297877274632174 -0.03667527182254826 -0.11645182590469977
v -0.0019297877274632174 -0.03667527182254826 -0.11645182590469977
v -0.001000317263432013 -0.035491113441108446 -0.10757818351545097
v -0.0011038452911154436 -0.035356450806538486 -0.10758665977317779
v -0.001000317263432013 -0.035491113441108446 -0.10757818351545097
v -0.0019297877274632174 -0.03667527182254826 -0.11645182590469977
v -0.0018329655802633992 -0.036806028206932684 -0.11644313602391593
v -0.0018329655802633992 -0.036806028206932684 -0.11644313602391593
v -0.0009091067745950478 -0.035617025159735416 -0.10756969199893436
v -0.001000317263432013 -0.035491113441108446 -0.10757818351545097
v -0.0009091067745950478 -0.035617025159735416 -0.10756969199893436
v -0.0018329655802633992 -0.036806028206932684 -0.11644313602391593
v -0.001739195310230327 -0.03693892082188732 -0.11643385867972528
v -0.001739195310230327 -0.03693892082188732 -0.11643385867972528
v -0.0008472280904731069 -0.03570604112465681 -0.1075634282657267
v -0.0009091067745950478 -0.035617025159735416 -0.10756969199893436
v -0.0008472280904731069 -0.03570604112465681 -0.1075634282657267
v -0.001739195310230327 -0.03693892082188732 -0.11643385867972528
v -0.0016491145678840945 -0.03707459053658324 -0.11642395572515335
v -0.0016491145678840945 -0.03707459053658324 -0.11642395572515335
v -0.0007532524228243828 -0.03584740236794337 -0.10755305228867136
v -0.0008472280904731069 -0.03570604112465681 -0.1075634282657267
v -0.0007532524228243828 -0.03584740236794337 -0.10755305228867136
v -0.0016491145678840945 -0.03707459053658324 -0.11642395572515335
v -0.0015391016737503764 -0.03725000176928006 -0.11641055850772014
v -0.0015391016737503764 -0.03725000176928006 -0.11641055850772014
v -0.0006390189831982988 -0.03603178195433765 -0.10753868613808666
v -0.0007532524228243828 -0.03584740236794337 -0.10755305228867136
v -0.0006390189831982988 -0.03603178195433765 -0.10753868613808666
v -0.0015391016737503764 -0.03725000176928006 -0.11641055850772014
v -0.0014567404485249515 -0.0373914507506079 -0.11639880923958396
v -0.0014567404485249515 -0.0373914507506079 -0.11639880923958396
v -0.0005614208249677539 -0.03616611652492718 -0.10752766166246537
v -0.0006390189831982988 -0.03603178195433765 -0.10753868613808666
v -0.0014099912121049581 -0.03750621973799273 -0.1164861505523262
v -0.0004804443647178463 -0.03631406193600695 -0.1075150579021011
v -0.0005614208249677539 -0.03616611652492718 -0.10752766166246537
v -0.0013225718172743541 -0.037641580462195456 -0.11637724094021967
v -0.0004094177976998564 -0.03645314199022032 -0.10750271354116321
v -0.0004804443647178463 -0.03631406193600695 -0.1075150579021011
v -0.0004094177976998564 -0.03645314199022032 -0.10750271354116321
v -0.0013225718172743541 -0.037641580462195456 -0.11637724094021967
v -0.0012500953075986895 -0.037787855035793516 -0.11636314181845625
v -0.0012500953075986895 -0.037787855035793516 -0.11636314181845625
v -0.0003392762702918509 -0.03659953100474178 -0.10748925528857085
v -0.0004094177976998564 -0.03645314199022032 -0.10750271354116321
v -0.0011633952216554002 -0.03797916211275121 -0.11634812716930559
v -0.0002725386450993552 -0.036747453527636864 -0.10747524009015126
v -0.0003392762702918509 -0.03659953100474178 -0.10748925528857085
v -0.0002725386450993552 -0.036747453527636864 -0.10747524009015126
v -0.0011633952216554002 -0.03797916211275121 -0.11634812716930559
v -0.0010997345969886165 -0.03813047208697906 -0.11633127383598557
v -0.0010997345969886165 -0.03813047208697906 -0.11633127383598557
v -0.00021010596558023597 -0.03689718040242429 -0.10746054587558614
v -0.0002725386450993552 -0.036747453527636864 -0.10747524009015126
v -0.00021010596558023597 -0.03689718040242429 -0.10746054587558614
v -0.0010997345969886165 -0.03813047208697906 -0.11633127383598557
v -0.001040554811310296 -0.038281591326334574 -0.11631604556377789
v -0.001040554811310296 -0.038281591326334574 -0.11631604556377789
v -0.00012937033790898225 -0.03710681328591647 -0.10743929801080739
v -0.00021010596558023597 -0.03689718040242429 -0.10746054587558614
v -0.00012937033790898225 -0.03710681328591647 -0.10743929801080739
v -0.001040554811310296 -0.038281591326334574 -0.11631604556377789
v -0.0009895801418168331 -0.03842506972670412 -0.11630846194525363
v -0.0009895801418168331 -0.03842506972670412 -0.11630846194525363
v -7.900611686456183e-05 -0.037251985411952404 -0.10742403159162524
v -0.00012937033790898225 -0.03710681328591647 -0.10743929801080739
v -7.900611686456183e-05 -0.037251985411952404 -0.10742403159162524
v -0.0009895801418168331 -0.03842506972670412 -0.11630846194525363
v -0.0009346377101415034 -0.03858804504572433 -0.11628365878245445
v -0.0009346377101415034 -0.03858804504572433 -0.11628365878245445
v -4.5597056230017696e-05 -0.03735472284358998 -0.10741299948660905
v -7.900611686456183e-05 -0.037251985411952404 -0.10742403159162524
v -4.5597056230017696e-05 -0.03735472284358998 -0.10741299948660905
v -0.0009346377101415034 -0.03858804504572433 -0.11628365878245445
v -0.0009027672242756248 -0.03869155304624616 -0.11627249697772507
v -0.0009027672242756248 -0.03869155304624616 -0.11627249697772507
v 3.4818308684726868e-06 -0.037517167919665084 -0.10739519247892733
v -4.5597056230017696e-05 -0.03735472284358998 -0.10741299948660905
v 3.4818308684726868e-06 -0.037517167919665084 -0.10739519247892733
v -0.0009027672242756248 -0.03869155304624616 -0.11627249697772507
v -0.0008607404044808436 -0.03883764069966933 -0.11625478915217696
v -0.0008607404044808436 -0.03883764069966933 -0.11625478915217696
v 4.3848915245658326e-05 -0.03766603267282953 -0.10737840781016135
v 3.4818308684726868e-06 -0.037517167919665084 -0.10739519247892733
v 4.3848915245658326e-05 -0.03766603267282953 -0.10737840781016135
v -0.0008607404044808436 -0.03883764069966933 -0.11625478915217696
v -0.0008146057515823204 -0.03905364794259514 -0.11629414157103829
v -0.0008146057515823204 -0.03905364794259514 -0.11629414157103829
v 7.004049007973153e-05 -0.03777073085895477 -0.107366383883809
v 4.3848915245658326e-05 -0.03766603267282953 -0.10737840781016135
v -0.0008146057515823204 -0.03905364794259514 -0.11629414157103829
v 9.440656454743314e-05 -0.03787584103240427 -0.10735412344621494
v 7.004049007973153e-05 -0.03777073085895477 -0.107366383883809
v 9.440656454743314e-05 -0.03787584103240427 -0.10735412344621494
v -0.0008146057515823204 -0.03905364794259514 -0.11629414157103829
v -0.0007820330633629901 -0.03928278155943543 -0.11640074710588694
v -0.0007820330633629901 -0.03928278155943543 -0.11640074710588694
v 0.00011693977374949326 -0.037981332675598445 -0.10734161886798428
v 9.440656454743314e-05 -0.03787584103240427 -0.10735412344621494
v 0.00011693977374949326 -0.037981332675598445 -0.10734161886798428
v -0.0007820330633629901 -0.03928278155943543 -0.11640074710588694
v -0.0007416516894700327 -0.039370153389757245 -0.11619395998669008
v -0.0007416516894700327 -0.039370153389757245 -0.11619395998669008
v 0.0001376333153055038 -0.03808717145626028 -0.10732888540790682
v 0.00011693977374949326 -0.037981332675598445 -0.10734161886798428
v -0.0007416516894700327 -0.039370153389757245 -0.11619395998669008
v 0.00015648094562862802 -0.03819333067150765 -0.10731593069537744
v 0.0001376333153055038 -0.03808717145626028 -0.10732888540790682
v 0.00015648094562862802 -0.03819333067150765 -0.10731593069537744
v -0.0007416516894700327 -0.039370153389757245 -0.11619395998669008
v -0.0007142354589197848 -0.03953380009552809 -0.11617353609655984
v -0.0007142354589197848 -0.03953380009552809 -0.11617353609655984
v 0.00017347698737618138 -0.03829976835966864 -0.10730273947160636
v 0.00015648094562862802 -0.03819333067150765 -0.10731593069537744
v 0.00017347698737618138 -0.03829976835966864 -0.10730273947160636
v -0.0007142354589197848 -0.03953380009552809 -0.11617353609655984
v -0.0006930625767877231 -0.03968438527724105 -0.11615485170846535
v -0.0006930625767877231 -0.03968438527724105 -0.11615485170846535
v 0.00018861628474614594 -0.038406461632558564 -0.10728933462477826
v 0.00017347698737618138 -0.03829976835966864 -0.10730273947160636
v -0.0006930625767877231 -0.03968438527724105 -0.11615485170846535
v 0.00020189427798297978 -0.0385133761579004 -0.10727570852549824
v 0.00018861628474614594 -0.038406461632558564 -0.10728933462477826
v 0.00020189427798297978 -0.0385133761579004 -0.10727570852549824
v -0.0006930625767877231 -0.03968438527724105 -0.11615485170846535
v -0.0006854560104741296 -0.03985556219577191 -0.11623516634851055
v -0.0006854560104741296 -0.03985556219577191 -0.11623516634851055
v 0.00021330695867413137 -0.038620477603417136 -0.1072618688031612
v 0.00020189427798297978 -0.0385133761579004 -0.10727570852549824
v 0.00021330695867413137 -0.038620477603417136 -0.1072618688031612
v -0.0006854560104741296 -0.03985556219577191 -0.11623516634851055
v -0.0006643822508710374 -0.03996210669546141 -0.11611860445332572
v -0.0006643822508710374 -0.03996210669546141 -0.11611860445332572
v 0.00022285088465120144 -0.03872773545152919 -0.10724782308716203
v 0.00021330695867413137 -0.038620477603417136 -0.1072618688031612
v 0.00022285088465120144 -0.03872773545152919 -0.10724782308716203
v -0.0006643822508710374 -0.03996210669546141 -0.11611860445332572
v -0.0006565947844519583 -0.04006961631360495 -0.11610435274366443
v -0.0006565947844519583 -0.04006961631360495 -0.11610435274366443
v 0.00023426115135412496 -0.038896123826226425 -0.10722542318375435
v 0.00022285088465120144 -0.03872773545152919 -0.10724782308716203
v 0.00023426115135412496 -0.038896123826226425 -0.10722542318375435
v -0.0006565947844519583 -0.04006961631360495 -0.11610435274366443
v -0.0006489813039992424 -0.04022079658811961 -0.11608756807489845
v -0.0006489813039992424 -0.04022079658811961 -0.11608756807489845
v 0.00024024413177040424 -0.03905011553275939 -0.10720448049477134
v 0.00023426115135412496 -0.038896123826226425 -0.10722542318375435
v 0.00024024413177040424 -0.03905011553275939 -0.10720448049477134
v -0.0006489813039992424 -0.04022079658811961 -0.11608756807489845
v -0.0006592460587821412 -0.04041538811957901 -0.1162075708271803
v -0.0006592460587821412 -0.04041538811957901 -0.1162075708271803
v 0.00024228988248555314 -0.03915767092727229 -0.10718964132170324
v 0.00024024413177040424 -0.03905011553275939 -0.10720448049477134
v 0.00024228988248555314 -0.03915767092727229 -0.10718964132170324
v -0.0006592460587821412 -0.04041538811957901 -0.1162075708271803
v -0.0006446954318131 -0.0405451069062579 -0.11604131868305329
v -0.0006446954318131 -0.0405451069062579 -0.11604131868305329
v 0.00024192656235606796 -0.039327009161633786 -0.10716592153297895
v 0.00024228988248555314 -0.03915767092727229 -0.10718964132170324
v 0.00024192656235606796 -0.039327009161633786 -0.10716592153297895
v -0.0006446954318131 -0.0405451069062579 -0.11604131868305329
v -0.0006493586014185913 -0.04071525385647812 -0.11601476838882346
v -0.0006493586014185913 -0.04071525385647812 -0.11601476838882346
v 0.00023716242247753127 -0.0394801654494259 -0.10714403279902913
v 0.00024192656235606796 -0.039327009161633786 -0.10716592153297895
v 0.00023716242247753127 -0.0394801654494259 -0.10714403279902913
v -0.0006493586014185913 -0.04071525385647812 -0.11601476838882346
v -0.0006547651601890304 -0.04082257273974932 -0.11599914338808132
v -0.0006547651601890304 -0.04082257273974932 -0.11599914338808132
v 0.0002279801327986515 -0.039648492788963985 -0.10711957295900017
v 0.00023716242247753127 -0.0394801654494259 -0.10714403279902913
v 0.0002279801327986515 -0.039648492788963985 -0.10711957295900017
v -0.0006547651601890304 -0.04082257273974932 -0.11599914338808132
v -0.0006658909041066045 -0.0409745693595176 -0.11598327424670257
v -0.0006658909041066045 -0.0409745693595176 -0.11598327424670257
v 0.00020961571735367285 -0.03985513876435531 -0.10708884175636864
v 0.0002279801327986515 -0.039648492788963985 -0.10711957295900017
v 0.00020961571735367285 -0.03985513876435531 -0.10708884175636864
v -0.0006658909041066045 -0.0409745693595176 -0.11598327424670257
v -0.0006875361530709474 -0.041189382602142555 -0.11594956758006253
v -0.0006875361530709474 -0.041189382602142555 -0.11594956758006253
v 0.00019113268865995735 -0.04001515006345935 -0.10706461079818648
v 0.00020961571735367285 -0.03985513876435531 -0.10708884175636864
v 0.00019113268865995735 -0.04001515006345935 -0.10706461079818648
v -0.0006875361530709474 -0.041189382602142555 -0.11594956758006253
v -0.0007270893799900606 -0.04141906553541519 -0.11601609590353495
v -0.0007270893799900606 -0.04141906553541519 -0.11601609590353495
v 0.00016799477540676777 -0.04017449379051019 -0.10704001362904943
v 0.00019113268865995735 -0.04001515006345935 -0.10706461079818648
v 0.00016799477540676777 -0.04017449379051019 -0.10704001362904943
v -0.0007270893799900606 -0.04141906553541519 -0.11601609590353495
v -0.0007447876091899037 -0.04156904036553666 -0.11588574769177734
v -0.0007447876091899037 -0.04156904036553666 -0.11588574769177734
v 0.00014114671125866655 -0.040333211907179756 -0.10701513417230131
v 0.00016799477540676777 -0.04017449379051019 -0.10704001362904943
v 0.00014114671125866655 -0.040333211907179756 -0.10701513417230131
v -0.0007447876091899037 -0.04156904036553666 -0.11588574769177734
v -0.0007650640374219644 -0.041674543452823176 -0.1158690393169603
v -0.0007650640374219644 -0.041674543452823176 -0.1158690393169603
v 0.00010821873463611606 -0.04050010873517529 -0.10698849232533277
v 0.00014114671125866655 -0.040333211907179756 -0.10701513417230131
v 0.00010821873463611606 -0.04050010873517529 -0.10698849232533277
v -0.0007650640374219644 -0.041674543452823176 -0.1158690393169603
v -0.0007961205622201292 -0.041820901949765066 -0.11584354950862069
v -0.0007961205622201292 -0.041820901949765066 -0.11584354950862069
v 5.989986570076367e-05 -0.04070879938839811 -0.10695448048289698
v 0.00010821873463611606 -0.04050010873517529 -0.10698849232533277
v 5.989986570076367e-05 -0.04070879938839811 -0.10695448048289698
v -0.0007961205622201292 -0.041820901949765066 -0.11584354950862069
v -0.0008503163860795403 -0.042033510297265764 -0.11583881928378664
v -0.0008503163860795403 -0.042033510297265764 -0.11583881928378664
v 2.0992246522199852e-05 -0.040855665240100425 -0.10693005878984248
v 5.989986570076367e-05 -0.04070879938839811 -0.10695448048289698
v 2.0992246522199852e-05 -0.040855665240100425 -0.10693005878984248
v -0.0008503163860795403 -0.042033510297265764 -0.11583881928378664
v -0.0009101704195315851 -0.04224331102744561 -0.11580946137223597
v -0.0009101704195315851 -0.04224331102744561 -0.11580946137223597
v -2.623993282973442e-05 -0.04101838115969425 -0.10690257770943563
v 2.0992246522199852e-05 -0.040855665240100425 -0.10693005878984248
v -2.623993282973442e-05 -0.04101838115969425 -0.10690257770943563
v -0.0009101704195315851 -0.04224331102744561 -0.11580946137223597
v -0.0009758515821475802 -0.042450616945495234 -0.11573937012134822
v -0.0009758515821475802 -0.042450616945495234 -0.11573937012134822
v -9.26669284012291e-05 -0.041222013524102596 -0.10686745960474027
v -2.623993282973442e-05 -0.04101838115969425 -0.10690257770943563
v -9.26669284012291e-05 -0.041222013524102596 -0.10686745960474027
v -0.0009758515821475802 -0.042450616945495234 -0.11573937012134822
v -0.0010298676979944579 -0.042602155801569896 -0.1157128198271184
v -0.0010298676979944579 -0.042602155801569896 -0.1157128198271184
v -0.00014440239161674087 -0.04136514478700448 -0.10684226734280151
v -9.26669284012291e-05 -0.041222013524102596 -0.10686745960474027
v -0.00014440239161674087 -0.04136514478700448 -0.10684226734280151
v -0.0010298676979944579 -0.042602155801569896 -0.1157128198271184
v -0.00108452170278002 -0.04274370015033391 -0.11568736816575326
v -0.00108452170278002 -0.04274370015033391 -0.11568736816575326
v -0.00020570162915697568 -0.04152295119098426 -0.10681407672866956
v -0.00014440239161674087 -0.04136514478700448 -0.10684226734280151
v -0.00020570162915697568 -0.04152295119098426 -0.10681407672866956
v -0.00108452170278002 -0.04274370015033391 -0.11568736816575326
v -0.0011720686515565017 -0.042949342860296724 -0.11565004516593363
v -0.0011720686515565017 -0.042949342860296724 -0.11565004516593363
v -0.00028665669133839255 -0.04171190078491982 -0.1067795537167759
v -0.00020570162915697568 -0.04152295119098426 -0.10681407672866956
v -0.00028665669133839255 -0.04171190078491982 -0.1067795537167759
v -0.0011720686515565017 -0.042949342860296724 -0.11565004516593363
v -0.0012457023258607982 -0.043105466982702456 -0.11567442108261877
v -0.0012457023258607982 -0.043105466982702456 -0.11567442108261877
v -0.00035378970396078574 -0.041857809147562985 -0.10675243884732395
v -0.00028665669133839255 -0.04171190078491982 -0.1067795537167759
v -0.0012457023258607982 -0.043105466982702456 -0.11567442108261877
v -0.0004286270047165233 -0.04200943192698148 -0.10672375232252392
v -0.00035378970396078574 -0.041857809147562985 -0.10675243884732395
v -0.0004286270047165233 -0.04200943192698148 -0.10672375232252392
v -0.001311247530275603 -0.04324077048644348 -0.11559532714575654
v -0.0013852655353476658 -0.04338169685422111 -0.11556825042327906
v -0.0013852655353476658 -0.04338169685422111 -0.11556825042327906
v -0.0005299062384527335 -0.0421986638085281 -0.10668715411521919
v -0.0004286270047165233 -0.04200943192698148 -0.10672375232252392
v -0.0005299062384527335 -0.0421986638085281 -0.10668715411521919
v -0.0013852655353476658 -0.04338169685422111 -0.11556825042327906
v -0.001458783099798425 -0.04351338402478255 -0.11554108214806286
v -0.001458783099798425 -0.04351338402478255 -0.11554108214806286
v -0.0006374646131980176 -0.042383649931816425 -0.10665053301972978
v -0.0005299062384527335 -0.0421986638085281 -0.10668715411521919
v -0.0006374646131980176 -0.042383649931816425 -0.10665053301972978
v -0.001458783099798425 -0.04351338402478255 -0.11554108214806286
v -0.0015817613160887954 -0.04371648996094324 -0.11555572295686373
v -0.0015817613160887954 -0.04371648996094324 -0.11555572295686373
v -0.0007513041257080704 -0.04256446277609793 -0.10661386614787101
v -0.0006374646131980176 -0.042383649931816425 -0.10665053301972978
v -0.0017214789016129638 -0.04392862910065798 -0.11545813536677935
v -0.0008718110737040293 -0.042741693619476884 -0.10657703142932458
v -0.0007513041257080704 -0.04256446277609793 -0.10661386614787101
v -0.0008718110737040293 -0.042741693619476884 -0.10657703142932458
v -0.0017214789016129638 -0.04392862910065798 -0.11545813536677935
v -0.0018099696303796463 -0.044053850359047075 -0.11544037413546698
v -0.0018099696303796463 -0.044053850359047075 -0.11544037413546698
v -0.0009933659310095574 -0.042907049309703904 -0.10654175310733645
v -0.0008718110737040293 -0.042741693619476884 -0.10657703142932458
v -0.0009933659310095574 -0.042907049309703904 -0.10654175310733645
v -0.0018099696303796463 -0.044053850359047075 -0.11544037413546698
v -0.0019112568809409596 -0.04418860073165831 -0.11540281462440566
v -0.0009933659310095574 -0.042907049309703904 -0.10654175310733645
v -0.0019112568809409596 -0.04418860073165831 -0.11540281462440566
v -0.0020059357642221447 -0.04430851956059634 -0.1153766610587103
v -0.0020059357642221447 -0.04430851956059634 -0.1153766610587103
v -0.0011311396897659839 -0.04308276571819647 -0.10650340776860108
v -0.0009933659310095574 -0.042907049309703904 -0.10654175310733645
v -0.0011311396897659839 -0.04308276571819647 -0.10650340776860108
v -0.0020059357642221447 -0.04430851956059634 -0.1153766610587103
v -0.002135382276870768 -0.04446579190693356 -0.11549037718959981
v -0.002135382276870768 -0.04446579190693356 -0.11549037718959981
v -0.0012285291540017204 -0.043198557044497043 -0.10647748308475254
v -0.0011311396897659839 -0.04308276571819647 -0.10650340776860108
v -0.0012285291540017204 -0.043198557044497043 -0.10647748308475254
v -0.002135382276870768 -0.04446579190693356 -0.11549037718959981
v -0.00221373330140523 -0.044550996989105585 -0.11532227873190853
v -0.00221373330140523 -0.044550996989105585 -0.11532227873190853
v -0.0013407601754914652 -0.04332575050146614 -0.10644846849597207
v -0.0012285291540017204 -0.043198557044497043 -0.10647748308475254
v -0.0013407601754914652 -0.04332575050146614 -0.10644846849597207
v -0.00221373330140523 -0.044550996989105585 -0.11532227873190853
v -0.002330216041618039 -0.044675985550950426 -0.11529276060306509
v -0.002330216041618039 -0.044675985550950426 -0.11529276060306509
v -0.0014442661494552813 -0.043436384356818625 -0.10642265062365204
v -0.0013407601754914652 -0.04332575050146614 -0.10644846849597207
v -0.0014442661494552813 -0.043436384356818625 -0.10642265062365204
v -0.002330216041618039 -0.044675985550950426 -0.11529276060306509
v -0.0024436331955951522 -0.044791483145547595 -0.11527389310949315
v -0.0024436331955951522 -0.044791483145547595 -0.11527389310949315
v -0.0015631967333359924 -0.043557603997586014 -0.10639380388155924
v -0.0014442661494552813 -0.043436384356818625 -0.10642265062365204
v -0.0015631967333359924 -0.043557603997586014 -0.10639380388155924
v -0.0024436331955951522 -0.044791483145547595 -0.11527389310949315
v -0.0025976311010114665 -0.044938631284860975 -0.11522989438914161
v -0.0025976311010114665 -0.044938631284860975 -0.11522989438914161
v -0.0016723159153834992 -0.04366253106555806 -0.1063682225204809
v -0.0015631967333359924 -0.043557603997586014 -0.10639380388155924
v -0.0025976311010114665 -0.044938631284860975 -0.11522989438914161
v -0.0017976023812570773 -0.0437774068644714 -0.10633963517781449
v -0.0016723159153834992 -0.04366253106555806 -0.1063682225204809
v -0.0017976023812570773 -0.0437774068644714 -0.10633963517781449
v -0.0025976311010114665 -0.044938631284860975 -0.11522989438914161
v -0.002750221621488497 -0.045075590367293916 -0.11519523404813986
v -0.002750221621488497 -0.045075590367293916 -0.11519523404813986
v -0.00195325956085346 -0.04391060084052434 -0.10630544022990125
v -0.0017976023812570773 -0.0437774068644714 -0.10633963517781449
v -0.00195325956085346 -0.04391060084052434 -0.10630544022990125
v -0.002750221621488497 -0.045075590367293916 -0.11519523404813986
v -0.0028917285385338114 -0.0452050154222694 -0.1153616998153239
v -0.00195325956085346 -0.04391060084052434 -0.10630544022990125
v -0.0028917285385338114 -0.0452050154222694 -0.1153616998153239
v -0.0029643095947613778 -0.04525185990691627 -0.11514881680960704
v -0.0029643095947613778 -0.04525185990691627 -0.11514881680960704
v -0.0020780635867093116 -0.04401182383727553 -0.1062788136417225
v -0.00195325956085346 -0.04391060084052434 -0.10630544022990125
v -0.0020780635867093116 -0.04401182383727553 -0.1062788136417225
v -0.0029643095947613778 -0.04525185990691627 -0.11514881680960704
v -0.003104326872453712 -0.04537146593066366 -0.11531289457618937
v -0.003104326872453712 -0.04537146593066366 -0.11531289457618937
v -0.0022129553415446705 -0.04411524409975609 -0.10625086716822714
v -0.0020780635867093116 -0.04401182383727553 -0.1062788136417225
v -0.0022129553415446705 -0.04411524409975609 -0.10625086716822714
v -0.003104326872453712 -0.04537146593066366 -0.11531289457618937
v -0.00322219768569998 -0.04544406343777396 -0.11509615109665633
v -0.00322219768569998 -0.04544406343777396 -0.11509615109665633
v -0.0023872891606313566 -0.04424004574142604 -0.10621597794537858
v -0.0022129553415446705 -0.04411524409975609 -0.10625086716822714
v -0.0023872891606313566 -0.04424004574142604 -0.10621597794537858
v -0.00322219768569998 -0.04544406343777396 -0.11509615109665633
v -0.003349745671113042 -0.04553391863613365 -0.11509994290591846
v -0.0034900924432973443 -0.04562255313131036 -0.11504440091109286
v -0.002603493814150038 -0.044382215700571326 -0.10617448166655215
v -0.002513218999071199 -0.04432433911090827 -0.10619160202869345
v -0.0036277770335009516 -0.045706346775427065 -0.11501891873214815
v -0.002740915190229815 -0.044466287817601646 -0.10614898422881765
v -0.002603493814150038 -0.044382215700571326 -0.10617448166655215
v -0.0036277770335009516 -0.045706346775427065 -0.11501891873214815
v -0.003767422378192221 -0.04578690937080632 -0.11499368832323492
v -0.0028803180632146212 -0.044546278208363876 -0.10612386063143293
v -0.002974500082153359 -0.044597719403434155 -0.10610725143874951
v -0.0028803180632146212 -0.044546278208363876 -0.10612386063143293
v -0.003767422378192221 -0.04578690937080632 -0.11499368832323492
v -0.0038615304873679266 -0.045838304789507234 -0.11497709438934128
v -0.0030695883301543056 -0.04464751264920741 -0.10609077957517417
v -0.002974500082153359 -0.044597719403434155 -0.10610725143874951
v -0.0038615304873679266 -0.045838304789507234 -0.11497709438934128
v -0.0039662579989797895 -0.045907366072084344 -0.1151233651482419
v -0.0030695883301543056 -0.04464751264920741 -0.10609077957517417
v -0.0032053920360980434 -0.044715250231770476 -0.10606772354380563
v -0.0030695883301543056 -0.04464751264920741 -0.10609077957517417
v -0.0039662579989797895 -0.045907366072084344 -0.1151233651482419
v -0.004111987786098726 -0.045967436112779314 -0.11495895168828424
v -0.0033600033925475234 -0.04478685210284716 -0.1060422566236507
v -0.0032053920360980434 -0.044715250231770476 -0.10606772354380563
v -0.004111987786098726 -0.045967436112779314 -0.11495895168828424
v -0.004305083479321793 -0.04605343083732283 -0.11490412685657864
v -0.0033600033925475234 -0.04478685210284716 -0.1060422566236507
v -0.004305083479321793 -0.04605343083732283 -0.11490412685657864
v -0.00349912660052576 -0.04484734176026128 -0.10601988723782259
v -0.0033600033925475234 -0.04478685210284716 -0.1060422566236507
v -0.004305083479321793 -0.04605343083732283 -0.11490412685657864
v -0.004445615025913675 -0.046112188622096095 -0.11488033840330031
v -0.00349912660052576 -0.04484734176026128 -0.10601988723782259
v -0.004445615025913675 -0.046112188622096095 -0.11488033840330031
v -0.003657527143632878 -0.04491084121396094 -0.10599517562776213
v -0.00349912660052576 -0.04484734176026128 -0.10601988723782259
v -0.003657527143632878 -0.04491084121396094 -0.10599517562776213
v -0.004445615025913675 -0.046112188622096095 -0.11488033840330031
v -0.004543329931525343 -0.04615301732886934 -0.11488582393822883
v -0.004543329931525343 -0.04615301732886934 -0.11488582393822883
v -0.0037581421729784856 -0.044948698271423115 -0.10597981765584126
v -0.003657527143632878 -0.04491084121396094 -0.10599517562776213
v -0.004543329931525343 -0.04615301732886934 -0.11488582393822883
v -0.004645923835171485 -0.04618951635404045 -0.11484955379490452
v -0.0037581421729784856 -0.044948698271423115 -0.10597981765584126
v -0.004645923835171485 -0.04618951635404045 -0.11484955379490452
v -0.0039103891322667126 -0.045001970521267864 -0.1059571430942174
v -0.0037581421729784856 -0.044948698271423115 -0.10597981765584126
v -0.004645923835171485 -0.04618951635404045 -0.11484955379490452
v -0.004805409659702221 -0.046245031645983925 -0.11481968471389598
v -0.0039103891322667126 -0.045001970521267864 -0.1059571430942174
v -0.004805409659702221 -0.046245031645983925 -0.11481968471389598
v -0.004063883974457228 -0.04505170273188197 -0.10593485000233822
v -0.0039103891322667126 -0.045001970521267864 -0.1059571430942174
v -0.004805409659702221 -0.046245031645983925 -0.11481968471389598
v -0.004951965090399802 -0.04629255133207888 -0.11480455562382191
v -0.004063883974457228 -0.04505170273188197 -0.10593485000233822
v -0.004951965090399802 -0.04629255133207888 -0.11480455562382191
v -0.00421013709038215 -0.0450949995479033 -0.1059141743421765
v -0.004063883974457228 -0.04505170273188197 -0.10593485000233822
v -0.004951965090399802 -0.04629255133207888 -0.11480455562382191
v -0.005116767649497035 -0.0463410056190483 -0.11478138515152997
v -0.00421013709038215 -0.0450949995479033 -0.1059141743421765
v -0.005116767649497035 -0.0463410056190483 -0.11478138515152997
v -0.0043748228243700735 -0.0451386358719974 -0.10589160659208115
v -0.00421013709038215 -0.0450949995479033 -0.1059141743421765
v -0.005116767649497035 -0.0463410056190483 -0.11478138515152997
v -0.005317527069890749 -0.046394548712411776 -0.11477066585170442
v -0.0043748228243700735 -0.0451386358719974 -0.10589160659208115
v -0.005317527069890749 -0.046394548712411776 -0.11477066585170442
v -0.004523275113373083 -0.04517426133145319 -0.10587177779475261
v -0.0043748228243700735 -0.0451386358719974 -0.10589160659208115
v -0.005317527069890749 -0.046394548712411776 -0.11477066585170442
v -0.0055345766788939 -0.04644164878178758 -0.11472697230714862
v -0.004523275113373083 -0.04517426133145319 -0.10587177779475261
v -0.0055345766788939 -0.04644164878178758 -0.11472697230714862
v -0.004733815418020427 -0.045217916729034524 -0.1058446247783262
v -0.004523275113373083 -0.04517426133145319 -0.10587177779475261
v -0.0055345766788939 -0.04644164878178758 -0.11472697230714862
v -0.005684800894860954 -0.04646997291033017 -0.11470650264064902
v -0.004733815418020427 -0.045217916729034524 -0.1058446247783262
v -0.005684800894860954 -0.04646997291033017 -0.11470650264064902
v -0.004955601450740977 -0.0452552931346184 -0.10581722762126318
v -0.004733815418020427 -0.045217916729034524 -0.1058446247783262
v -0.005684800894860954 -0.04646997291033017 -0.11470650264064902
v -0.005857761184448197 -0.04650315696342 -0.11472269984600819
v -0.004955601450740977 -0.0452552931346184 -0.10581722762126318
v -0.005857761184448197 -0.04650315696342 -0.11472269984600819
v -0.005160492188469591 -0.04528339982540652 -0.10579281355760357
v -0.004955601450740977 -0.0452552931346184 -0.10581722762126318
v -0.005857761184448197 -0.04650315696342 -0.11472269984600819
v -0.006068039705483254 -0.046525945965967264 -0.11465762110756555
v -0.005160492188469591 -0.04528339982540652 -0.10579281355760357
v -0.006068039705483254 -0.046525945965967264 -0.11465762110756555
v -0.005375170009335185 -0.04530498338356059 -0.10576833082938993
v -0.005160492188469591 -0.04528339982540652 -0.10579281355760357
v -0.006068039705483254 -0.046525945965967264 -0.11465762110756555
v -0.006286667168717843 -0.04655336219651751 -0.11468069239772388
v -0.005375170009335185 -0.04530498338356059 -0.10576833082938993
v -0.006286667168717843 -0.04655336219651751 -0.11468069239772388
v -0.005590837744188227 -0.04531912446699593 -0.10574479414614309
v -0.005375170009335185 -0.04530498338356059 -0.10576833082938993
v -0.006286667168717843 -0.04655336219651751 -0.11468069239772388
v -0.006489113639057411 -0.046559679335489434 -0.11461353083447529
v -0.005590837744188227 -0.04531912446699593 -0.10574479414614309
v -0.006489113639057411 -0.046559679335489434 -0.11461353083447529
v -0.00576145199484568 -0.045324793107401895 -0.105726941362092
v -0.005590837744188227 -0.04531912446699593 -0.10574479414614309
v -0.006489113639057411 -0.046559679335489434 -0.11461353083447529
v -0.006651309329286927 -0.046565557784254974 -0.11459816523315952
v -0.00576145199484568 -0.045324793107401895 -0.105726941362092
v -0.006651309329286927 -0.046565557784254974 -0.11459816523315952
v -0.0059147122331432165 -0.04532631135698573 -0.10571140028469368
v -0.00576145199484568 -0.045324793107401895 -0.105726941362092
v -0.006651309329286927 -0.046565557784254974 -0.11459816523315952
v -0.006822491493026774 -0.046566599196657954 -0.11457890101105311
v -0.0059147122331432165 -0.04532631135698573 -0.10571140028469368
v -0.006822491493026774 -0.046566599196657954 -0.11457890101105311
v -0.00608560066517966 -0.04532312226992019 -0.10569476820382558
v -0.0059147122331432165 -0.04532631135698573 -0.10571140028469368
v -0.006822491493026774 -0.046566599196657954 -0.11457890101105311
v -0.0070296548367593265 -0.04656131202599667 -0.11455926294859692
v -0.00608560066517966 -0.04532312226992019 -0.10569476820382558
v -0.0070296548367593265 -0.04656131202599667 -0.11455926294859692
v -0.006238981543283952 -0.04531667924593252 -0.10568033338868683
v -0.00608560066517966 -0.04532312226992019 -0.10569476820382558
v -0.0070296548367593265 -0.04656131202599667 -0.11455926294859692
v -0.007192717893820812 -0.04655438453543326 -0.1145546166471067
v -0.006238981543283952 -0.04531667924593252 -0.10568033338868683
v -0.007192717893820812 -0.04655438453543326 -0.1145546166471067
v -0.0064094541732986916 -0.04530464006079038 -0.10566497541676596
v -0.006238981543283952 -0.04531667924593252 -0.10568033338868683
v -0.007192717893820812 -0.04655438453543326 -0.1145546166471067
v -0.007299755443155311 -0.046544798200749415 -0.11453455133853646
v -0.0064094541732986916 -0.04530464006079038 -0.10566497541676596
v -0.007299755443155311 -0.046544798200749415 -0.11453455133853646
v -0.006517187904917234 -0.045294756179705686 -0.10565558363165191
v -0.0064094541732986916 -0.04530464006079038 -0.10566497541676596
v -0.007299755443155311 -0.046544798200749415 -0.11453455133853646
v -0.007469856617006167 -0.04652931815851025 -0.11452533502950496
v -0.006517187904917234 -0.045294756179705686 -0.10565558363165191
v -0.007469856617006167 -0.04652931815851025 -0.11452533502950496
v -0.006670087654306047 -0.045277712111513324 -0.10564268232488679
v -0.006517187904917234 -0.045294756179705686 -0.10565558363165191
v -0.007469856617006167 -0.04652931815851025 -0.11452533502950496
v -0.007624326114394344 -0.046511820141321714 -0.11452464075456964
v -0.006670087654306047 -0.045277712111513324 -0.10564268232488679
v -0.007624326114394344 -0.046511820141321714 -0.11452464075456964
v -0.0068392799764902 -0.04525395036111712 -0.10562908674318634
v -0.006670087654306047 -0.045277712111513324 -0.10564268232488679
v -0.007624326114394344 -0.046511820141321714 -0.11452464075456964
v -0.007729944596278628 -0.04649380713997786 -0.11449867029435173
v -0.0068392799764902 -0.04525395036111712 -0.10562908674318634
v -0.007729944596278628 -0.04649380713997786 -0.11449867029435173
v -0.006946166845275549 -0.045236650708195825 -0.10562082410851655
v -0.0068392799764902 -0.04525395036111712 -0.10562908674318634
v -0.007729944596278628 -0.04649380713997786 -0.11449867029435173
v -0.007837040796586371 -0.04647643882250252 -0.1144904534360513
v -0.006946166845275549 -0.045236650708195825 -0.10562082410851655
v -0.007837040796586371 -0.04647643882250252 -0.1144904534360513
v -0.007105895379931339 -0.04520701813842898 -0.10560899854643142
v -0.006946166845275549 -0.045236650708195825 -0.10562082410851655
v -0.007837040796586371 -0.04647643882250252 -0.1144904534360513
v -0.008006383322482493 -0.046445104897674394 -0.11447697229527426
v -0.007105895379931339 -0.04520701813842898 -0.10560899854643142
v -0.008006383322482493 -0.046445104897674394 -0.11447697229527426
v -0.007264942514255692 -0.045173719644415744 -0.10559775281835822
v -0.007105895379931339 -0.04520701813842898 -0.10560899854643142
v -0.008006383322482493 -0.046445104897674394 -0.11447697229527426
v -0.00821593991202574 -0.0463997252568471 -0.11446358270723594
v -0.007264942514255692 -0.045173719644415744 -0.10559775281835822
v -0.00821593991202574 -0.0463997252568471 -0.11446358270723594
v -0.007415175790129182 -0.04513830399331953 -0.10558768964649352
v -0.007264942514255692 -0.045173719644415744 -0.10559775281835822
v -0.00821593991202574 -0.0463997252568471 -0.11446358270723594
v -0.00836672727270338 -0.04636194830803131 -0.11445345087081721
v -0.007415175790129182 -0.04513830399331953 -0.10558768964649352
v -0.00836672727270338 -0.04636194830803131 -0.11445345087081721
v -0.007624883060221578 -0.04508196854142499 -0.10557459760485606
v -0.007415175790129182 -0.04513830399331953 -0.10558768964649352
v -0.00836672727270338 -0.04636194830803131 -0.11445345087081721
v -0.008533551621447423 -0.04631606512714104 -0.11444281549433549
v -0.007624883060221578 -0.04508196854142499 -0.10557459760485606
v -0.008533551621447423 -0.04631606512714104 -0.11444281549433549
v -0.007839589491318024 -0.04501568054389171 -0.10556239820242115
v -0.007624883060221578 -0.04508196854142499 -0.10557459760485606
v -0.008533551621447423 -0.04631606512714104 -0.11444281549433549
v -0.0087309078548814 -0.04625467138643202 -0.11443207330632527
v -0.007839589491318024 -0.04501568054389171 -0.10556239820242115
v -0.0087309078548814 -0.04625467138643202 -0.11443207330632527
v -0.007993667982217902 -0.04496347640933207 -0.10555430341443901
v -0.007839589491318024 -0.04501568054389171 -0.10556239820242115
v -0.0087309078548814 -0.04625467138643202 -0.11443207330632527
v -0.008885209505581916 -0.04620228796109238 -0.1144240090359227
v -0.007993667982217902 -0.04496347640933207 -0.10555430341443901
v -0.008885209505581916 -0.04620228796109238 -0.1144240090359227
v -0.008095585253904415 -0.044926325070897555 -0.10554930616078369
v -0.007993667982217902 -0.04496347640933207 -0.10555430341443901
v -0.008885209505581916 -0.04620228796109238 -0.1144240090359227
v -0.008987989852565772 -0.04616472463533361 -0.11441901941166227
v -0.008095585253904415 -0.044926325070897555 -0.10554930616078369
v -0.008987989852565772 -0.04616472463533361 -0.11441901941166227
v -0.008240291033177473 -0.0448703634593528 -0.10554266095783134
v -0.008095585253904415 -0.044926325070897555 -0.10554930616078369
v -0.008240291033177473 -0.0448703634593528 -0.10554266095783134
v -0.008987989852565772 -0.04616472463533361 -0.11441901941166227
v -0.009191565950186777 -0.04609706716141693 -0.11448072595756192
v -0.009191565950186777 -0.04609706716141693 -0.11448072595756192
v -0.008397379320362887 -0.04480442641398463 -0.10553618360156665
v -0.008240291033177473 -0.0448703634593528 -0.10554266095783134
v -0.009191565950186777 -0.04609706716141693 -0.11448072595756192
v -0.009289128744737753 -0.04604271535219473 -0.11440587396426055
v -0.008397379320362887 -0.04480442641398463 -0.10553618360156665
v -0.009289128744737753 -0.04604271535219473 -0.11440587396426055
v -0.008538876939083175 -0.044741167286224126 -0.10553088117211558
v -0.008397379320362887 -0.04480442641398463 -0.10553618360156665
v -0.009289128744737753 -0.04604271535219473 -0.11440587396426055
v -0.009450146170293385 -0.045970644273332084 -0.1144018685319414
v -0.008538876939083175 -0.044741167286224126 -0.10553088117211558
v -0.009450146170293385 -0.045970644273332084 -0.1144018685319414
v -0.008692597802097414 -0.04466713163817637 -0.10552586865967047
v -0.008538876939083175 -0.044741167286224126 -0.10553088117211558
v -0.008692597802097414 -0.04466713163817637 -0.10552586865967047
v -0.009450146170293385 -0.045970644273332084 -0.1144018685319414
v -0.009678037149440379 -0.04585740497962343 -0.1143920418713184
v -0.009678037149440379 -0.04585740497962343 -0.1143920418713184
v -0.008789403379205198 -0.044618009779153756 -0.10552306104234961
v -0.008692597802097414 -0.04466713163817637 -0.10552586865967047
v -0.009678037149440379 -0.04585740497962343 -0.1143920418713184
v -0.008885360186131066 -0.044567228526741776 -0.1055205662302194
v -0.008789403379205198 -0.044618009779153756 -0.10552306104234961
v -0.009678037149440379 -0.04585740497962343 -0.1143920418713184
v -0.009777492987599336 -0.04580485370759613 -0.11439040918081117
v -0.008885360186131066 -0.044567228526741776 -0.1055205662302194
v -0.009777492987599336 -0.04580485370759613 -0.11439040918081117
v -0.008980439612644166 -0.04451481076912511 -0.10551839185267471
v -0.008885360186131066 -0.044567228526741776 -0.1055205662302194
v -0.009777492987599336 -0.04580485370759613 -0.11439040918081117
v -0.009872407428447862 -0.045752409247097336 -0.11438824243266138
v -0.008980439612644166 -0.04451481076912511 -0.10551839185267471
v -0.009872407428447862 -0.045752409247097336 -0.11438824243266138
v -0.009114545301386891 -0.044437452519601184 -0.10551580548780577
v -0.008980439612644166 -0.04451481076912511 -0.10551839185267471
v -0.009872407428447862 -0.045752409247097336 -0.11438824243266138
v -0.010021941661014224 -0.04566576983868531 -0.11438599176116776
v -0.009114545301386891 -0.044437452519601184 -0.10551580548780577
v -0.010021941661014224 -0.04566576983868531 -0.11438599176116776
v -0.009260122739026546 -0.04434787960885256 -0.10551377606876407
v -0.009114545301386891 -0.044437452519601184 -0.10551580548780577
v -0.010021941661014224 -0.04566576983868531 -0.11438599176116776
v -0.010152103906271305 -0.045585115690567335 -0.11438368005451499
v -0.009260122739026546 -0.04434787960885256 -0.10551377606876407
v -0.010152103906271305 -0.045585115690567335 -0.11438368005451499
v -0.009351404634231343 -0.04428906460361759 -0.10551287580016662
v -0.009260122739026546 -0.04434787960885256 -0.10551377606876407
v -0.010152103906271305 -0.045585115690567335 -0.11438368005451499
v -0.010294573319166169 -0.045491621270843385 -0.11438232202222393
v -0.009351404634231343 -0.04428906460361759 -0.10551287580016662
v -0.010294573319166169 -0.045491621270843385 -0.11438232202222393
v -0.00948627803083524 -0.04419774074674088 -0.10551216626644151
v -0.009351404634231343 -0.04428906460361759 -0.10551287580016662
v -0.00948627803083524 -0.04419774074674088 -0.10551216626644151
v -0.010294573319166169 -0.045491621270843385 -0.11438232202222393
v -0.010554978872001077 -0.045317777878797205 -0.11442788476852866
v -0.010554978872001077 -0.045317777878797205 -0.11442788476852866
v -0.009657198410962799 -0.044075445361293486 -0.1055121738958364
v -0.00948627803083524 -0.04419774074674088 -0.10551216626644151
v -0.010554978872001077 -0.045317777878797205 -0.11442788476852866
v -0.009834381570623664 -0.04393809717972097 -0.10551367688663045
v -0.009657198410962799 -0.044075445361293486 -0.1055121738958364
v -0.010554978872001077 -0.045317777878797205 -0.11442788476852866
v -0.01073209908915407 -0.045169111489899993 -0.1143776909795235
v -0.009834381570623664 -0.04393809717972097 -0.10551367688663045
v -0.01073209908915407 -0.045169111489899993 -0.1143776909795235
v -0.009996156213622489 -0.043804731542282926 -0.10551615643997088
v -0.009834381570623664 -0.04393809717972097 -0.10551367688663045
v -0.01073209908915407 -0.045169111489899993 -0.1143776909795235
v -0.01091304163314877 -0.04504026245423898 -0.11447878046186405
v -0.009996156213622489 -0.043804731542282926 -0.10551615643997088
v -0.01091304163314877 -0.04504026245423898 -0.11447878046186405
v -0.01012390566274446 -0.043692014862124484 -0.10551913953337429
v -0.009996156213622489 -0.043804731542282926 -0.10551615643997088
v -0.01012390566274446 -0.043692014862124484 -0.10551913953337429
v -0.01091304163314877 -0.04504026245423898 -0.11447878046186405
v -0.011135165743430544 -0.04482800887360083 -0.11443749017669974
v -0.011135165743430544 -0.04482800887360083 -0.11443749017669974
v -0.01024313212409589 -0.04358109490446349 -0.10552273297836919
v -0.01012390566274446 -0.043692014862124484 -0.10551913953337429
v -0.011135165743430544 -0.04482800887360083 -0.11443749017669974
v -0.010359781757321997 -0.04346748939979994 -0.10552695966314025
v -0.01024313212409589 -0.04358109490446349 -0.10552273297836919
v -0.011135165743430544 -0.04482800887360083 -0.11443749017669974
v -0.011246562538272388 -0.04470794127146238 -0.11439684839010139
v -0.010359781757321997 -0.04346748939979994 -0.10552695966314025
v -0.011428450173559536 -0.04452234479658257 -0.1144211403834427
v -0.011445969171584027 -0.04397562617320272 -0.11236310348149198
v -0.011256133614166443 -0.044027261917842786 -0.11169333416257028
v -0.01111770110484467 -0.04404416865692706 -0.11114159921204787
v -0.01104738001843575 -0.044043722337325786 -0.11082902290325598
v -0.011428450173559536 -0.04452234479658257 -0.1144211403834427
v -0.011317514003434394 -0.044635488722855055 -0.1143992287613082
v -0.011428450173559536 -0.04452234479658257 -0.1144211403834427
v -0.01104738001843575 -0.044043722337325786 -0.11082902290325598
v -0.01104738001843575 -0.044043722337325786 -0.11082902290325598
v -0.010990095660551315 -0.044035799210728754 -0.11054759741381477
v -0.011317514003434394 -0.044635488722855055 -0.1143992287613082
v -0.010990095660551315 -0.044035799210728754 -0.11054759741381477
v -0.010951598687592436 -0.044025873367972146 -0.110340589042166
v -0.011317514003434394 -0.044635488722855055 -0.1143992287613082
v -0.010951598687592436 -0.044025873367972146 -0.110340589042166
v -0.010921923202479313 -0.04401542872636277 -0.1101699957723445
v -0.011317514003434394 -0.044635488722855055 -0.1143992287613082
v -0.010921923202479313 -0.04401542872636277 -0.1101699957723445
v -0.010868818799322224 -0.043987398329523586 -0.10982719180098406
v -0.011317514003434394 -0.044635488722855055 -0.1143992287613082
v -0.011246562538272388 -0.04470794127146238 -0.11439684839010139
v -0.010826577700819297 -0.04395013636486311 -0.10949416871387725
v -0.010805294550089163 -0.04392400568735244 -0.10929619354578253
v -0.010805294550089163 -0.04392400568735244 -0.10929619354578253
v -0.010359781757321997 -0.04346748939979994 -0.10552695966314025
v -0.011246562538272388 -0.04470794127146238 -0.11439684839010139
v -0.010805294550089163 -0.04392400568735244 -0.10929619354578253
v -0.010428753394509107 -0.04339729133738368 -0.10552988172138451
v -0.010359781757321997 -0.04346748939979994 -0.10552695966314025
v -0.011246562538272388 -0.04470794127146238 -0.11439684839010139
v -0.011317514003434394 -0.044635488722855055 -0.1143992287613082
v -0.010868818799322224 -0.043987398329523586 -0.10982719180098406
v -0.010868818799322224 -0.043987398329523586 -0.10982719180098406
v -0.010826577700819297 -0.04395013636486311 -0.10949416871387725
v -0.011246562538272388 -0.04470794127146238 -0.11439684839010139
v -0.011256133614166443 -0.044027261917842786 -0.11169333416257028
v -0.01111770110484467 -0.04404416865692706 -0.11114159921204787
v -0.011428450173559536 -0.04452234479658257 -0.1144211403834427
v -0.012003201101127296 -0.043806062871691864 -0.11446191186975424
v -0.011445969171584027 -0.04397562617320272 -0.11236310348149198
v -0.01175415762463772 -0.044182169151762984 -0.11460057612194591
v -0.0039662579989797895 -0.045907366072084344 -0.1151233651482419
v -0.004111987786098726 -0.045967436112779314 -0.11495895168828424
v -0.0032053920360980434 -0.044715250231770476 -0.10606772354380563
v -0.003767422378192221 -0.04578690937080632 -0.11499368832323492
v -0.0038615304873679266 -0.045838304789507234 -0.11497709438934128
v -0.002974500082153359 -0.044597719403434155 -0.10610725143874951
v -0.0028803180632146212 -0.044546278208363876 -0.10612386063143293
v -0.002740915190229815 -0.044466287817601646 -0.10614898422881765
v -0.0036277770335009516 -0.045706346775427065 -0.11501891873214815
v -0.002603493814150038 -0.044382215700571326 -0.10617448166655215
v -0.0034900924432973443 -0.04562255313131036 -0.11504440091109286
v -0.0036277770335009516 -0.045706346775427065 -0.11501891873214815
v -0.002513218999071199 -0.04432433911090827 -0.10619160202869345
v -0.003349745671113042 -0.04553391863613365 -0.11509994290591846
v -0.0034900924432973443 -0.04562255313131036 -0.11504440091109286
v -0.003349745671113042 -0.04553391863613365 -0.11509994290591846
v -0.002513218999071199 -0.04432433911090827 -0.10619160202869345
v -0.0023872891606313566 -0.04424004574142604 -0.10621597794537858
v -0.0015817613160887954 -0.04371648996094324 -0.11555572295686373
v -0.0017214789016129638 -0.04392862910065798 -0.11545813536677935
v -0.0007513041257080704 -0.04256446277609793 -0.10661386614787101
v -0.0012457023258607982 -0.043105466982702456 -0.11567442108261877
v -0.001311247530275603 -0.04324077048644348 -0.11559532714575654
v -0.0004286270047165233 -0.04200943192698148 -0.10672375232252392
v -0.0012500953075986895 -0.037787855035793516 -0.11636314181845625
v -0.0011633952216554002 -0.03797916211275121 -0.11634812716930559
v -0.0003392762702918509 -0.03659953100474178 -0.10748925528857085
v -0.0014099912121049581 -0.03750621973799273 -0.1164861505523262
v -0.0013225718172743541 -0.037641580462195456 -0.11637724094021967
v -0.0004804443647178463 -0.03631406193600695 -0.1075150579021011
v -0.0014567404485249515 -0.0373914507506079 -0.11639880923958396
v -0.0014099912121049581 -0.03750621973799273 -0.1164861505523262
v -0.0005614208249677539 -0.03616611652492718 -0.10752766166246537
v -0.0023464351814875277 -0.03618301944931401 -0.11647743778335767
v -0.0022379473318674685 -0.03630236225893757 -0.11647301273431937
v -0.0014165524917134772 -0.03498911070120014 -0.10760677085811739
v -0.002654245025819624 -0.035876977717248515 -0.11648990421461386
v -0.0026274145897460526 -0.03592165163904815 -0.11657638340573312
v -0.0016863144245017618 -0.03471360943689383 -0.10761832939138123
v -0.011456713266942977 -0.04361254327021502 -0.1161849496713207
v -0.010988970324804505 -0.04355874459212261 -0.11648201542029385
v -0.011694959242309346 -0.04359175316912989 -0.11653745060359094
v -0.011456713266942977 -0.04361254327021502 -0.1161849496713207
v -0.011694959242309346 -0.04359175316912989 -0.11653745060359094
v -0.011854621496596997 -0.04361784951436354 -0.1163543451261439
v -0.011965899082143629 -0.04371598260618281 -0.11538689207726266
v -0.011823652829049404 -0.043675779509790846 -0.11572815491085459
v -0.012714946397079378 -0.043713380982524086 -0.1158412683195475
v -0.013138338713026835 -0.04386951654902216 -0.11443951196634655
v -0.012003201101127296 -0.043806062871691864 -0.11446191186975424
v -0.012050468063516399 -0.04376862543094884 -0.11488215419928499
v -0.010575116659822805 -0.04352274910701448 -0.11663129979017745
v -0.010143345360933422 -0.043491449514463376 -0.11670660191777754
v -0.011694959242309346 -0.04359175316912989 -0.11653745060359094
v -0.012714946397079378 -0.043713380982524086 -0.1158412683195475
v -0.01298969902701175 -0.04373396508994709 -0.11578163696905891
v -0.011965899082143629 -0.04371598260618281 -0.11538689207726266
v -0.011965899082143629 -0.04371598260618281 -0.11538689207726266
v -0.013212712915472994 -0.043748315981742 -0.11575802399186313
v -0.013399628321995042 -0.04375835245072457 -0.11575918365988697
v -0.012050468063516399 -0.04376862543094884 -0.11488215419928499
v -0.013288208638968516 -0.04381290643891145 -0.11511969540929806
v -0.013138338713026835 -0.04386951654902216 -0.11443951196634655
v -0.012153718571960574 -0.04365717523034274 -0.11611176088610614
v -0.012239952668768875 -0.04366717736704828 -0.11605583742153586
v -0.011823652829049404 -0.043675779509790846 -0.11572815491085459
v -0.010988970324804505 -0.04355874459212261 -0.11648201542029385
v -0.010575116659822805 -0.04352274910701448 -0.11663129979017745
v -0.011694959242309346 -0.04359175316912989 -0.11653745060359094
v -0.01205921993313375 -0.043645589994196765 -0.11617955568913091
v -0.012153718571960574 -0.04365717523034274 -0.11611176088610614
v -0.011823652829049404 -0.043675779509790846 -0.11572815491085459
v -0.012025642012532537 -0.04373996560903093 -0.1151689660415211
v -0.013436520261003174 -0.04376003091760117 -0.11576115204376952
v -0.013288208638968516 -0.04381290643891145 -0.11511969540929806
v -0.012909958498932287 -0.04395189875508354 -0.11344383778575379
v -0.012678108817509862 -0.04403178233431726 -0.11247239456334318
v -0.011445969171584027 -0.04397562617320272 -0.11236310348149198
v -0.011823652829049404 -0.043675779509790846 -0.11572815491085459
v -0.011456713266942977 -0.04361254327021502 -0.1161849496713207
v -0.011854621496596997 -0.04361784951436354 -0.1163543451261439
v -0.01298969902701175 -0.04373396508994709 -0.11578163696905891
v -0.013212712915472994 -0.043748315981742 -0.11575802399186313
v -0.011965899082143629 -0.04371598260618281 -0.11538689207726266
v -0.011445969171584027 -0.04397562617320272 -0.11236310348149198
v -0.012003201101127296 -0.043806062871691864 -0.11446191186975424
v -0.012909958498932287 -0.04395189875508354 -0.11344383778575379
v -0.012050468063516399 -0.04376862543094884 -0.11488215419928499
v -0.012025642012532537 -0.04373996560903093 -0.1151689660415211
v -0.013288208638968516 -0.04381290643891145 -0.11511969540929806
v -0.01252060186727966 -0.04408377284581988 -0.11183793408398919
v -0.011256133614166443 -0.044027261917842786 -0.11169333416257028
v -0.011445969171584027 -0.04397562617320272 -0.11236310348149198
v -0.011854621496596997 -0.04361784951436354 -0.1163543451261439
v -0.01205921993313375 -0.043645589994196765 -0.11617955568913091
v -0.011823652829049404 -0.043675779509790846 -0.11572815491085459
v -0.012424015635275069 -0.04368677728253001 -0.11595476319798509
v -0.012714946397079378 -0.043713380982524086 -0.1158412683195475
v -0.011823652829049404 -0.043675779509790846 -0.11572815491085459
v -0.013399628321995042 -0.04375835245072457 -0.11575918365988697
v -0.013436520261003174 -0.04376003091760117 -0.11576115204376952
v -0.011965899082143629 -0.04371598260618281 -0.11538689207726266
v -0.011445969171584027 -0.04397562617320272 -0.11236310348149198
v -0.012678108817509862 -0.04403178233431726 -0.11247239456334318
v -0.01252060186727966 -0.04408377284581988 -0.11183793408398919
v -0.012239952668768875 -0.04366717736704828 -0.11605583742153586
v -0.012424015635275069 -0.04368677728253001 -0.11595476319798509
v -0.011823652829049404 -0.043675779509790846 -0.11572815491085459
v -0.012003201101127296 -0.043806062871691864 -0.11446191186975424
v -0.013138338713026835 -0.04386951654902216 -0.11443951196634655
v -0.012909958498932287 -0.04395189875508354 -0.11344383778575379
v -0.012025642012532537 -0.04373996560903093 -0.1151689660415211
v -0.011965899082143629 -0.04371598260618281 -0.11538689207726266
v -0.013436520261003174 -0.04376003091760117 -0.11576115204376952
v -0.014395535199132063 -0.043783411198252686 -0.11606158235589076
v -0.014611034133623083 -0.04378008096738162 -0.11621957949474288
v -0.017121243336408746 -0.04394254130224651 -0.1159458902117238
v -0.014078144742162294 -0.04378104990053311 -0.11590522553694077
v -0.014395535199132063 -0.043783411198252686 -0.11606158235589076
v -0.017121243336408746 -0.04394254130224651 -0.1159458902117238
v -0.017121243336408746 -0.04394254130224651 -0.1159458902117238
v -0.013541851686904586 -0.04376479166001479 -0.11576984955394826
v -0.013765243230413064 -0.04377326791774161 -0.11580839325695086
v -0.013765243230413064 -0.04377326791774161 -0.11580839325695086
v -0.014078144742162294 -0.04378104990053311 -0.11590522553694077
v -0.017121243336408746 -0.04394254130224651 -0.1159458902117238
v -0.016598753763862332 -0.04434749432441043 -0.11139400248331373
v -0.01252060186727966 -0.04408377284581988 -0.11183793408398919
v -0.013541851686904586 -0.04376479166001479 -0.11576984955394826
v -0.013541851686904586 -0.04376479166001479 -0.11576984955394826
v -0.017121243336408746 -0.04394254130224651 -0.1159458902117238
v -0.016598753763862332 -0.04434749432441043 -0.11139400248331373
v -0.013541851686904586 -0.04376479166001479 -0.11576984955394826
v -0.01252060186727966 -0.04408377284581988 -0.11183793408398919
v -0.012678108817509862 -0.04403178233431726 -0.11247239456334318
v -0.013541851686904586 -0.04376479166001479 -0.11576984955394826
v -0.012678108817509862 -0.04403178233431726 -0.11247239456334318
v -0.012909958498932287 -0.04395189875508354 -0.11344383778575379
v -0.012909958498932287 -0.04395189875508354 -0.11344383778575379
v -0.013138338713026835 -0.04386951654902216 -0.11443951196634655
v -0.013541851686904586 -0.04376479166001479 -0.11576984955394826
v -0.013138338713026835 -0.04386951654902216 -0.11443951196634655
v -0.013436520261003174 -0.04376003091760117 -0.11576115204376952
v -0.013541851686904586 -0.04376479166001479 -0.11576984955394826
v -0.013436520261003174 -0.04376003091760117 -0.11576115204376952
v -0.013138338713026835 -0.04386951654902216 -0.11443951196634655
v -0.013288208638968516 -0.04381290643891145 -0.11511969540929806
v -0.0027742234594052566 -0.04199940690209125 -0.1176333368861115
v -0.0031652156425882047 -0.04240709887702199 -0.11755589852794118
v -0.0029952713481698483 -0.042773210649782456 -0.11749553475554281
v -0.002637512809143539 -0.03991963385408859 -0.1179457758657953
v -0.002797401084254914 -0.04105824474801345 -0.11778132425886317
v -0.0025636988903848805 -0.04110114865019776 -0.11778027140236785
v -0.002797401084254914 -0.04105824474801345 -0.11778132425886317
v -0.0027742234594052566 -0.04199940690209125 -0.1176333368861115
v -0.0025636988903848805 -0.04110114865019776 -0.11778027140236785
v -0.005018697500185632 -0.044484316077735286 -0.11708009894479504
v -0.006658295947660766 -0.044923475491904785 -0.11685476476661177
v -0.006442988701716447 -0.04512748169666292 -0.1168291147409794
v -0.0035652066970481852 -0.037738008384256005 -0.11813975323096576
v -0.003259839212756411 -0.038543096465708526 -0.11808633983731548
v -0.002744766127302373 -0.038596883699708595 -0.11805365550959118
v -0.002744766127302373 -0.038596883699708595 -0.11805365550959118
v -0.002637512809143539 -0.03991963385408859 -0.1179457758657953
v -0.002274686444559138 -0.03961422536179926 -0.11792591655088719
v -0.0025636988903848805 -0.04110114865019776 -0.11778027140236785
v -0.0027742234594052566 -0.04199940690209125 -0.1176333368861115
v -0.0023887246789643106 -0.041885820470914936 -0.11762713418806298
v -0.006442988701716447 -0.04512748169666292 -0.1168291147409794
v -0.006422983474630996 -0.0453422644217083 -0.11675259191019632
v -0.005490776799646769 -0.045026773684067045 -0.11691867620763569
v -0.007756813894582439 -0.044975549926751235 -0.11673763066680992
v -0.008450964375398275 -0.04497767852792656 -0.11664042454647022
v -0.007406916970156831 -0.045401373158646674 -0.11663265782246851
v -0.008450964375398275 -0.04497767852792656 -0.11664042454647022
v -0.009376455752364567 -0.044332033355658496 -0.11666570073175281
v -0.00964379547148342 -0.04454803678388686 -0.11654796390975436
v -0.004528089261550961 -0.04446296521612547 -0.11710619910472614
v -0.005490776799646769 -0.045026773684067045 -0.11691867620763569
v -0.0046483256640514345 -0.044941011656067786 -0.11693610174557273
v -0.0035652066970481852 -0.037738008384256005 -0.11813975323096576
v -0.002744766127302373 -0.038596883699708595 -0.11805365550959118
v -0.0031411737503482537 -0.03771056545082363 -0.11809213817743464
v -0.003775251329446034 -0.04426634045092692 -0.11713691504856788
v -0.004528089261550961 -0.04446296521612547 -0.11710619910472614
v -0.0046483256640514345 -0.044941011656067786 -0.11693610174557273
v -0.008450964375398275 -0.04497767852792656 -0.11664042454647022
v -0.00964379547148342 -0.04454803678388686 -0.11654796390975436
v -0.009097887471311019 -0.04512748932605781 -0.1164381463996555
v -0.00964379547148342 -0.04454803678388686 -0.11654796390975436
v -0.010575116659822805 -0.04352274910701448 -0.11663129979017745
v -0.010458380242229783 -0.04415711040423487 -0.11644608097034487
v -0.008305688298856919 -0.0455326674153711 -0.1164109628656495
v -0.008450964375398275 -0.04497767852792656 -0.11664042454647022
v -0.009097887471311019 -0.04512748932605781 -0.1164381463996555
v -0.0023887246789643106 -0.041885820470914936 -0.11762713418806298
v -0.0029952713481698483 -0.042773210649782456 -0.11749553475554281
v -0.002947788140119229 -0.04324288764352646 -0.11736961922221839
v -0.007406916970156831 -0.045401373158646674 -0.11663265782246851
v -0.008450964375398275 -0.04497767852792656 -0.11664042454647022
v -0.008305688298856919 -0.0455326674153711 -0.1164109628656495
v -0.009801657188576176 -0.04472278425922793 -0.1164267709718691
v -0.00964379547148342 -0.04454803678388686 -0.11654796390975436
v -0.010458380242229783 -0.04415711040423487 -0.11644608097034487
v -0.005490776799646769 -0.045026773684067045 -0.11691867620763569
v -0.006422983474630996 -0.0453422644217083 -0.11675259191019632
v -0.005238720665848574 -0.045327654130487005 -0.11677287084182358
v -0.006422983474630996 -0.0453422644217083 -0.11675259191019632
v -0.007406916970156831 -0.045401373158646674 -0.11663265782246851
v -0.006272856533448836 -0.04559727313133033 -0.11663523655794256
v -0.002744766127302373 -0.038596883699708595 -0.11805365550959118
v -0.002274686444559138 -0.03961422536179926 -0.11792591655088719
v -0.0023024066588121788 -0.038753980569963264 -0.11795072734308126
v -0.006272856533448836 -0.04559727313133033 -0.11663523655794256
v -0.007406916970156831 -0.045401373158646674 -0.11663265782246851
v -0.007329678883602477 -0.04569379642082705 -0.11647835331074491
v -0.003775251329446034 -0.04426634045092692 -0.11713691504856788
v -0.0046483256640514345 -0.044941011656067786 -0.11693610174557273
v -0.004092256740392265 -0.044876119837800044 -0.11689019567649778
v -0.0046483256640514345 -0.044941011656067786 -0.11693610174557273
v -0.005490776799646769 -0.045026773684067045 -0.11691867620763569
v -0.005238720665848574 -0.045327654130487005 -0.11677287084182358
v -0.003268028652918948 -0.04369894998208279 -0.11727546485983614
v -0.003775251329446034 -0.04426634045092692 -0.11713691504856788
v -0.003167599828492463 -0.04425677700442776 -0.1169985101958026
v -0.011145310931290344 -0.04398894709668699 -0.11617365053748324
v -0.010458380242229783 -0.04415711040423487 -0.11644608097034487
v -0.010988970324804505 -0.04355874459212261 -0.11648201542029385
v -0.002270372498583973 -0.04052395059421787 -0.11783159434181728
v -0.002023711062231343 -0.04117555050920041 -0.11766843210262218
v -0.0018843065203164038 -0.040478601470970155 -0.11771889292044863
v -0.003571327855938778 -0.03704179939733043 -0.11809364116822868
v -0.0031411737503482537 -0.03771056545082363 -0.11809213817743464
v -0.0029468680827787756 -0.03718367181007487 -0.11795557963823361
v -0.00198969933900485 -0.04180301101873951 -0.11752948556281945
v -0.0023859554470365145 -0.042777414446368844 -0.11738454231863032
v -0.0019928557627234976 -0.04242363940515137 -0.11733925423054176
v -0.0023859554470365145 -0.042777414446368844 -0.11738454231863032
v -0.002947788140119229 -0.04324288764352646 -0.11736961922221839
v -0.0028069867036829847 -0.04368528955052575 -0.11716570075550153
v -0.003167599828492463 -0.04425677700442776 -0.1169985101958026
v -0.003775251329446034 -0.04426634045092692 -0.11713691504856788
v -0.0036005498688929114 -0.04464641020164528 -0.11690415746915311
v -0.005238720665848574 -0.045327654130487005 -0.11677287084182358
v -0.006272856533448836 -0.04559727313133033 -0.11663523655794256
v -0.005508902811402484 -0.04567021396121085 -0.11656564884711779
v -0.0029468680827787756 -0.03718367181007487 -0.11795557963823361
v -0.0031411737503482537 -0.03771056545082363 -0.11809213817743464
v -0.0025202878718587345 -0.03780454815182077 -0.11792837321604294
v -0.003775251329446034 -0.04426634045092692 -0.11713691504856788
v -0.004092256740392265 -0.044876119837800044 -0.11689019567649778
v -0.0036005498688929114 -0.04464641020164528 -0.11690415746915311
v -0.006272856533448836 -0.04559727313133033 -0.11663523655794256
v -0.007329678883602477 -0.04569379642082705 -0.11647835331074491
v -0.0065789197231874725 -0.04591960743619117 -0.11637946109413372
v -0.0023024066588121788 -0.038753980569963264 -0.11795072734308126
v -0.002274686444559138 -0.03961422536179926 -0.11792591655088719
v -0.0018062618636706389 -0.03927818484901202 -0.1177502955098308
v -0.002274686444559138 -0.03961422536179926 -0.11792591655088719
v -0.0016422273700624633 -0.040185560227803396 -0.11763451181292511
v -0.0018062618636706389 -0.03927818484901202 -0.1177502955098308
v -0.008305688298856919 -0.0455326674153711 -0.1164109628656495
v -0.009097887471311019 -0.04512748932605781 -0.1164381463996555
v -0.009200989206554768 -0.04544873644214631 -0.11617850283263559
v -0.009097887471311019 -0.04512748932605781 -0.1164381463996555
v -0.009801657188576176 -0.04472278425922793 -0.1164267709718691
v -0.009830977906826745 -0.04516124176906722 -0.11612315920207722
v -0.011145310931290344 -0.04398894709668699 -0.11617365053748324
v -0.010988970324804505 -0.04355874459212261 -0.11648201542029385
v -0.011456713266942977 -0.04361254327021502 -0.1161849496713207
v -0.0034644252515264604 -0.0368093050320395 -0.11801668346193667
v -0.003571327855938778 -0.03704179939733043 -0.11809364116822868
v -0.0029468680827787756 -0.03718367181007487 -0.11795557963823361
v -0.0018843065203164038 -0.040478601470970155 -0.11771889292044863
v -0.002023711062231343 -0.04117555050920041 -0.11766843210262218
v -0.0016962302536775724 -0.04136743742017002 -0.11748659310472748
v -0.004092256740392265 -0.044876119837800044 -0.11689019567649778
v -0.0046483256640514345 -0.044941011656067786 -0.11693610174557273
v -0.004793154467317152 -0.045456762565574405 -0.11663636570838681
v -0.0023859554470365145 -0.042777414446368844 -0.11738454231863032
v -0.0028069867036829847 -0.04368528955052575 -0.11716570075550153
v -0.002270176756921233 -0.04318223013942468 -0.11716601356069217
v -0.004092256740392265 -0.044876119837800044 -0.11689019567649778
v -0.004793154467317152 -0.045456762565574405 -0.11663636570838681
v -0.004318632807815693 -0.04546500231205952 -0.1165002725622743
v -0.005508902811402484 -0.04567021396121085 -0.11656564884711779
v -0.006272856533448836 -0.04559727313133033 -0.11663523655794256
v -0.0065789197231874725 -0.04591960743619117 -0.11637946109413372
v -0.009200989206554768 -0.04544873644214631 -0.11617850283263559
v -0.009097887471311019 -0.04512748932605781 -0.1164381463996555
v -0.009830977906826745 -0.04516124176906722 -0.11612315920207722
v -0.0019928557627234976 -0.04242363940515137 -0.11733925423054176
v -0.0023859554470365145 -0.042777414446368844 -0.11738454231863032
v -0.002270176756921233 -0.04318223013942468 -0.11716601356069217
v -0.008305688298856919 -0.0455326674153711 -0.1164109628656495
v -0.009200989206554768 -0.04544873644214631 -0.11617850283263559
v -0.008772341191199963 -0.045810747415151454 -0.11601126649656729
v -0.0016422273700624633 -0.040185560227803396 -0.11763451181292511
v -0.0018843065203164038 -0.040478601470970155 -0.11771889292044863
v -0.001572272733027028 -0.040786138564434804 -0.11752064309413773
v -0.0018062618636706389 -0.03927818484901202 -0.1177502955098308
v -0.0016422273700624633 -0.040185560227803396 -0.11763451181292511
v -0.0014463054628684887 -0.03965782353891889 -0.1175163782623922
v -0.002270176756921233 -0.04318223013942468 -0.11716601356069217
v -0.0028069867036829847 -0.04368528955052575 -0.11716570075550153
v -0.002343069903083667 -0.043709001709855144 -0.1169211786491608
v -0.0036005498688929114 -0.04464641020164528 -0.11690415746915311
v -0.004092256740392265 -0.044876119837800044 -0.11689019567649778
v -0.0036496683900552615 -0.04511122727084205 -0.11656216984304629
v -0.0065789197231874725 -0.04591960743619117 -0.11637946109413372
v -0.007702977546352742 -0.04587055805642004 -0.11627538851838976
v -0.007096529820862231 -0.046110559746286306 -0.11613328340910106
v -0.0016962302536775724 -0.04136743742017002 -0.11748659310472748
v -0.00198969933900485 -0.04180301101873951 -0.11752948556281945
v -0.0014675204258817606 -0.04139388853226622 -0.11733302101491366
v -0.002343069903083667 -0.043709001709855144 -0.1169211786491608
v -0.0028069867036829847 -0.04368528955052575 -0.11716570075550153
v -0.002716829667387816 -0.04422858257559836 -0.11679099828409084
v -0.0019928557627234976 -0.04242363940515137 -0.11733925423054176
v -0.002270176756921233 -0.04318223013942468 -0.11716601356069217
v -0.0017696274167401664 -0.042868669638691514 -0.11699406225857961
v -0.009830977906826745 -0.04516124176906722 -0.11612315920207722
v -0.01027587939432806 -0.04470423338554408 -0.11622621706830033
v -0.010508932612794954 -0.04496710800130144 -0.1158449762054658
v -0.003167599828492463 -0.04425677700442776 -0.1169985101958026
v -0.0036005498688929114 -0.04464641020164528 -0.11690415746915311
v -0.0032167951204409304 -0.04488138793497409 -0.11653792362607435
v -0.0033843769250467568 -0.03658389455990729 -0.11791697490007186
v -0.0029468680827787756 -0.03718367181007487 -0.11795557963823361
v -0.002929457565212929 -0.036727304295722796 -0.11776998697805124
v -0.0025202878718587345 -0.03780454815182077 -0.11792837321604294
v -0.002127249341914162 -0.03852105132916339 -0.11784974467226922
v -0.0019927167646852794 -0.03801924695352232 -0.11768105875117113
v -0.0016422273700624633 -0.040185560227803396 -0.11763451181292511
v -0.001572272733027028 -0.040786138564434804 -0.11752064309413773
v -0.0013546795296377064 -0.040457567229248426 -0.11740514168484312
v -0.0016412876431882999 -0.04227401171249756 -0.11717637427895772
v -0.0019928557627234976 -0.04242363940515137 -0.11733925423054176
v -0.0017696274167401664 -0.042868669638691514 -0.11699406225857961
v -0.002716829667387816 -0.04422858257559836 -0.11679099828409084
v -0.003167599828492463 -0.04425677700442776 -0.1169985101958026
v -0.0032167951204409304 -0.04488138793497409 -0.11653792362607435
v -0.006272028267265696 -0.04608592824487223 -0.1162191980249982
v -0.0065789197231874725 -0.04591960743619117 -0.11637946109413372
v -0.007096529820862231 -0.046110559746286306 -0.11613328340910106
v -0.004318632807815693 -0.04546500231205952 -0.1165002725622743
v -0.004793154467317152 -0.045456762565574405 -0.11663636570838681
v -0.0052288811306216995 -0.0458822806216741 -0.11632289676039237
v -0.0014463054628684887 -0.03965782353891889 -0.1175163782623922
v -0.0016422273700624633 -0.040185560227803396 -0.11763451181292511
v -0.0013546795296377064 -0.040457567229248426 -0.11740514168484312
v -0.0032167951204409304 -0.04488138793497409 -0.11653792362607435
v -0.0036005498688929114 -0.04464641020164528 -0.11690415746915311
v -0.0036496683900552615 -0.04511122727084205 -0.11656216984304629
v -0.008772341191199963 -0.045810747415151454 -0.11601126649656729
v -0.009200989206554768 -0.04544873644214631 -0.11617850283263559
v -0.009608557203818481 -0.045581632871798394 -0.11580563141599937
v -0.010892436544889807 -0.044476274695517404 -0.1160047815109077
v -0.011145310931290344 -0.04398894709668699 -0.11617365053748324
v -0.011507342885131446 -0.04397512263313974 -0.11584256531667941
v -0.0025202878718587345 -0.03780454815182077 -0.11792837321604294
v -0.0019927167646852794 -0.03801924695352232 -0.11768105875117113
v -0.0023885005654893103 -0.03729102502562309 -0.11769868265337541
v -0.0019927167646852794 -0.03801924695352232 -0.11768105875117113
v -0.0017693291550835437 -0.03803500165397766 -0.1175033243677292
v -0.0023885005654893103 -0.03729102502562309 -0.11769868265337541
v -0.0017696274167401664 -0.042868669638691514 -0.11699406225857961
v -0.002343069903083667 -0.043709001709855144 -0.1169211786491608
v -0.001839146582220189 -0.04354104058127195 -0.1165955637044957
v -0.001675710876901868 -0.03884182160807104 -0.11762582193214127
v -0.0014463054628684887 -0.03965782353891889 -0.1175163782623922
v -0.001371051853451544 -0.03897623247260951 -0.1173833826506065
v -0.0013546795296377064 -0.040457567229248426 -0.11740514168484312
v -0.0014675204258817606 -0.04139388853226622 -0.11733302101491366
v -0.001227174101943035 -0.04109922222798712 -0.11718953498514922
v -0.007096529820862231 -0.046110559746286306 -0.11613328340910106
v -0.007711605915140253 -0.04611712865528972 -0.11601825502228985
v -0.007319248547108527 -0.04635698157195556 -0.1157317254676648
v -0.0014463054628684887 -0.03965782353891889 -0.1175163782623922
v -0.0013546795296377064 -0.040457567229248426 -0.11740514168484312
v -0.0011973361345605368 -0.040104433057202016 -0.1172852075971153
v -0.002929457565212929 -0.036727304295722796 -0.11776998697805124
v -0.0023885005654893103 -0.03729102502562309 -0.11769868265337541
v -0.002442997571633077 -0.03685144980943189 -0.11751087746867389
v -0.0019927167646852794 -0.03801924695352232 -0.11768105875117113
v -0.001675710876901868 -0.03884182160807104 -0.11762582193214127
v -0.0015747253450667385 -0.03859564392303838 -0.11749045357854365
v -0.0036496683900552615 -0.04511122727084205 -0.11656216984304629
v -0.004318632807815693 -0.04546500231205952 -0.1165002725622743
v -0.004236652575497769 -0.04569872500992833 -0.11618159273756751
v -0.0029437159505947556 -0.036308069046318 -0.11753384194730371
v -0.002929457565212929 -0.036727304295722796 -0.11776998697805124
v -0.002442997571633077 -0.03685144980943189 -0.11751087746867389
v -0.001227174101943035 -0.04109922222798712 -0.11718953498514922
v -0.0014675204258817606 -0.04139388853226622 -0.11733302101491366
v -0.001109168343774586 -0.04160790831782224 -0.11690031988352162
v -0.001839146582220189 -0.04354104058127195 -0.1165955637044957
v -0.002343069903083667 -0.043709001709855144 -0.1169211786491608
v -0.0022452715509653502 -0.044069376177655606 -0.11654404240077904
v -0.002343069903083667 -0.043709001709855144 -0.1169211786491608
v -0.002716829667387816 -0.04422858257559836 -0.11679099828409084
v -0.0022452715509653502 -0.044069376177655606 -0.11654404240077904
v -0.004236652575497769 -0.04569872500992833 -0.11618159273756751
v -0.0052288811306216995 -0.0458822806216741 -0.11632289676039237
v -0.004929998155152327 -0.04603804616251983 -0.11599978425725238
v -0.0052288811306216995 -0.0458822806216741 -0.11632289676039237
v -0.0055533387914488705 -0.04620161657434174 -0.11596460511739787
v -0.004929998155152327 -0.04603804616251983 -0.11599978425725238
v -0.007711605915140253 -0.04611712865528972 -0.11601825502228985
v -0.00845858709457137 -0.04611276082671312 -0.11574910522923249
v -0.007921200651657969 -0.04632731466991169 -0.11558882690130717
v -0.0015747253450667385 -0.03859564392303838 -0.11749045357854365
v -0.001675710876901868 -0.03884182160807104 -0.11762582193214127
v -0.001371051853451544 -0.03897623247260951 -0.1173833826506065
v -0.0055533387914488705 -0.04620161657434174 -0.11596460511739787
v -0.006272028267265696 -0.04608592824487223 -0.1162191980249982
v -0.006415594405676519 -0.04633241492039808 -0.11586176087423178
v -0.010508932612794954 -0.04496710800130144 -0.1158449762054658
v -0.010892436544889807 -0.044476274695517404 -0.1160047815109077
v -0.011211718138118833 -0.04456493589357624 -0.1155345590154288
v -0.0023885005654893103 -0.03729102502562309 -0.11769868265337541
v -0.0017693291550835437 -0.03803500165397766 -0.1175033243677292
v -0.0018000671526448996 -0.03752837931546127 -0.11730504402383873
v -0.0011973361345605368 -0.040104433057202016 -0.1172852075971153
v -0.0013546795296377064 -0.040457567229248426 -0.11740514168484312
v -0.000988503145439232 -0.040726007488580684 -0.11698363287576002
v -0.001371051853451544 -0.03897623247260951 -0.1173833826506065
v -0.0014463054628684887 -0.03965782353891889 -0.1175163782623922
v -0.001163458879419044 -0.039611429188570746 -0.11723383888129651
v -0.0032167951204409304 -0.04488138793497409 -0.11653792362607435
v -0.0036496683900552615 -0.04511122727084205 -0.11656216984304629
v -0.003612129621411304 -0.045470587029121656 -0.11607214906781843
v -0.011211718138118833 -0.04456493589357624 -0.1155345590154288
v -0.011507342885131446 -0.04397512263313974 -0.11584256531667941
v -0.01164854200377652 -0.0441925031671464 -0.11533498930380132
v -0.0014463054628684887 -0.03965782353891889 -0.1175163782623922
v -0.0011973361345605368 -0.040104433057202016 -0.1172852075971153
v -0.001163458879419044 -0.039611429188570746 -0.11723383888129651
v -0.0017693291550835437 -0.03803500165397766 -0.1175033243677292
v -0.0015747253450667385 -0.03859564392303838 -0.11749045357854365
v -0.0012918313163177988 -0.038500566403874004 -0.11715582831850918
v -0.010206899174071695 -0.045470133080125485 -0.11536330961764646
v -0.010508932612794954 -0.04496710800130144 -0.1158449762054658
v -0.01061734059218722 -0.045151163338412736 -0.11541112303544482
v -0.002738217245460556 -0.03618448047843614 -0.11724233039781312
v -0.0029437159505947556 -0.036308069046318 -0.11753384194730371
v -0.002442997571633077 -0.03685144980943189 -0.11751087746867389
v -0.0055533387914488705 -0.04620161657434174 -0.11596460511739787
v -0.006415594405676519 -0.04633241492039808 -0.11586176087423178
v -0.00594705848330629 -0.04646637946533527 -0.11544492125482358
v -0.0018000671526448996 -0.03752837931546127 -0.11730504402383873
v -0.0017693291550835437 -0.03803500165397766 -0.1175033243677292
v -0.0012918313163177988 -0.038500566403874004 -0.11715582831850918
v -0.000988503145439232 -0.040726007488580684 -0.11698363287576002
v -0.001227174101943035 -0.04109922222798712 -0.11718953498514922
v -0.001109168343774586 -0.04160790831782224 -0.11690031988352162
v -0.00845858709457137 -0.04611276082671312 -0.11574910522923249
v -0.009163488823303869 -0.0459256728051316 -0.11559595275613782
v -0.00882915634129844 -0.0461733534809583 -0.11530804991043192
v -0.001163458879419044 -0.039611429188570746 -0.11723383888129651
v -0.0011973361345605368 -0.040104433057202016 -0.1172852075971153
v -0.0009684726459831957 -0.040059854502838554 -0.11699535162631663
v -0.006415594405676519 -0.04633241492039808 -0.11586176087423178
v -0.007319248547108527 -0.04635698157195556 -0.1157317254676648
v -0.006610487298234215 -0.046517973248303424 -0.1154350869648057
v -0.001839146582220189 -0.04354104058127195 -0.1165955637044957
v -0.0022452715509653502 -0.044069376177655606 -0.11654404240077904
v -0.0021473041600664215 -0.044236170008820075 -0.11620152071702966
v -0.004160273749543309 -0.045868219646885144 -0.11580779053475426
v -0.004929998155152327 -0.04603804616251983 -0.11599978425725238
v -0.005019281148894995 -0.046242456725207326 -0.1156032846046306
v -0.0012918313163177988 -0.038500566403874004 -0.11715582831850918
v -0.001371051853451544 -0.03897623247260951 -0.1173833826506065
v -0.0010290995132961058 -0.03920671649234597 -0.1169941919582928
v -0.0010308939708169459 -0.042151243304566766 -0.11646552066853383
v -0.001109168343774586 -0.04160790831782224 -0.11690031988352162
v -0.0013397725264806262 -0.04235955630274235 -0.11683005315655132
v -0.007921200651657969 -0.04632731466991169 -0.11558882690130717
v -0.00845858709457137 -0.04611276082671312 -0.11574910522923249
v -0.00811410274898561 -0.046408926307088816 -0.11521393369502414
v -0.00296788849622226 -0.045000654450648714 -0.11615456942085428
v -0.003612129621411304 -0.045470587029121656 -0.11607214906781843
v -0.003163708121840942 -0.045308130508954214 -0.11582214905594407
v -0.003612129621411304 -0.045470587029121656 -0.11607214906781843
v -0.004236652575497769 -0.04569872500992833 -0.11618159273756751
v -0.004160273749543309 -0.045868219646885144 -0.11580779053475426
v -0.0055533387914488705 -0.04620161657434174 -0.11596460511739787
v -0.00594705848330629 -0.04646637946533527 -0.11544492125482358
v -0.005019281148894995 -0.046242456725207326 -0.1156032846046306
v -0.002738217245460556 -0.03618448047843614 -0.11724233039781312
v -0.002442997571633077 -0.03685144980943189 -0.11751087746867389
v -0.002084574798413841 -0.03685027488261827 -0.11711741431521977
v -0.006610487298234215 -0.046517973248303424 -0.1154350869648057
v -0.007319248547108527 -0.04635698157195556 -0.1157317254676648
v -0.00739982830862629 -0.046482775034961676 -0.11537312864887456
v -0.0009684726459831957 -0.040059854502838554 -0.11699535162631663
v -0.000988503145439232 -0.040726007488580684 -0.11698363287576002
v -0.0007982858798583766 -0.040519567506851484 -0.11665587407112982
v -0.00739982830862629 -0.046482775034961676 -0.11537312864887456
v -0.007921200651657969 -0.04632731466991169 -0.11558882690130717
v -0.00811410274898561 -0.046408926307088816 -0.11521393369502414
v -0.009509954904213249 -0.04586579731400642 -0.11538333677924223
v -0.010206899174071695 -0.045470133080125485 -0.11536330961764646
v -0.010099702361118791 -0.04565198352211253 -0.11496336910792765
v -0.006610487298234215 -0.046517973248303424 -0.1154350869648057
v -0.00739982830862629 -0.046482775034961676 -0.11537312864887456
v -0.0073937767679641015 -0.04656538230817242 -0.11495752499143913
v -0.0008498200581789214 -0.039502408950238266 -0.11671568089770096
v -0.0009684726459831957 -0.040059854502838554 -0.11699535162631663
v -0.0007614325050572456 -0.03999297904189847 -0.11658643894820292
v -0.010206899174071695 -0.045470133080125485 -0.11536330961764646
v -0.01061734059218722 -0.045151163338412736 -0.11541112303544482
v -0.010099702361118791 -0.04565198352211253 -0.11496336910792765
v -0.0007614325050572456 -0.03999297904189847 -0.11658643894820292
v -0.0009684726459831957 -0.040059854502838554 -0.11699535162631663
v -0.0007982858798583766 -0.040519567506851484 -0.11665587407112982
v -0.003163708121840942 -0.045308130508954214 -0.11582214905594407
v -0.003612129621411304 -0.045470587029121656 -0.11607214906781843
v -0.003699703630697799 -0.04572607257592454 -0.11552252745968156
v -0.0015811124598949515 -0.03748558222480547 -0.11694297583037189
v -0.0012918313163177988 -0.038500566403874004 -0.11715582831850918
v -0.0011430593079850284 -0.03834822646133551 -0.11678510076183807
v -0.009084404423185257 -0.0461473753913455 -0.11500536892681706
v -0.009509954904213249 -0.04586579731400642 -0.11538333677924223
v -0.010099702361118791 -0.04565198352211253 -0.11496336910792765
v -0.002738217245460556 -0.03618448047843614 -0.11724233039781312
v -0.002084574798413841 -0.03685027488261827 -0.11711741431521977
v -0.002362553708711857 -0.03629237538102181 -0.1168471964068773
v -0.0010308939708169459 -0.042151243304566766 -0.11646552066853383
v -0.0014494106265901948 -0.043016870634500215 -0.11651512699413219
v -0.001243957101778881 -0.04298553289497464 -0.11607517030819631
v -0.008483805105717892 -0.04636224966912961 -0.11486862728213859
v -0.00882915634129844 -0.0461733534809583 -0.11530804991043192
v -0.009084404423185257 -0.0461473753913455 -0.11500536892681706
v -0.0032139207459147565 -0.03575612047273857 -0.11722352393940033
v -0.002738217245460556 -0.03618448047843614 -0.11724233039781312
v -0.002955614230349957 -0.03572300889890023 -0.11683902532494622
v -0.0007982858798583766 -0.040519567506851484 -0.11665587407112982
v -0.000988503145439232 -0.040726007488580684 -0.11698363287576002
v -0.000828912774356594 -0.04135366636238702 -0.11649405460543599
v -0.005019281148894995 -0.046242456725207326 -0.1156032846046306
v -0.00594705848330629 -0.04646637946533527 -0.11544492125482358
v -0.005038265467576243 -0.04633794241699851 -0.11514867185110406
v -0.011702148993322227 -0.044251230434340094 -0.11482867214108067
v -0.012025642012532537 -0.04373996560903093 -0.1151689660415211
v -0.012050468063516399 -0.04376862543094884 -0.11488215419928499
v -0.004551993109427056 -0.04615500478623913 -0.11535538267635198
v -0.005019281148894995 -0.046242456725207326 -0.1156032846046306
v -0.005038265467576243 -0.04633794241699851 -0.11514867185110406
v -0.0015087719680251248 -0.043493379751371464 -0.11598949220354088
v -0.0021473041600664215 -0.044236170008820075 -0.11620152071702966
v -0.0018666809491819929 -0.044080331988722854 -0.1158328912439543
v -0.010099702361118791 -0.04565198352211253 -0.11496336910792765
v -0.01110627417864274 -0.04486939834089876 -0.11504382107708094
v -0.010834313907241435 -0.04513215851573271 -0.11473033687029671
v -0.01110627417864274 -0.04486939834089876 -0.11504382107708094
v -0.01164854200377652 -0.0441925031671464 -0.11533498930380132
v -0.011702148993322227 -0.044251230434340094 -0.11482867214108067
v -0.0011430593079850284 -0.03834822646133551 -0.11678510076183807
v -0.0010290995132961058 -0.03920671649234597 -0.1169941919582928
v -0.0009330774988857567 -0.03878776734524969 -0.11655277042853734
v -0.000828912774356594 -0.04135366636238702 -0.11649405460543599
v -0.0010308939708169459 -0.042151243304566766 -0.11646552066853383
v -0.0008958597608738075 -0.04213391313406589 -0.11605555513392479
v -0.006054641534375684 -0.046550340956139635 -0.11497162411320255
v -0.006610487298234215 -0.046517973248303424 -0.1154350869648057
v -0.006749455295710085 -0.04659137184187756 -0.11491634914719823
v -0.011702148993322227 -0.044251230434340094 -0.11482867214108067
v -0.012050468063516399 -0.04376862543094884 -0.11488215419928499
v -0.01175415762463772 -0.044182169151762984 -0.11460057612194591
v -0.002362553708711857 -0.03629237538102181 -0.1168471964068773
v -0.002084574798413841 -0.03685027488261827 -0.11711741431521977
v -0.0019183392243788543 -0.0367884119341233 -0.11672531682345161
v -0.002698309788120718 -0.044928419339795855 -0.11587628724210924
v -0.003163708121840942 -0.045308130508954214 -0.11582214905594407
v -0.0028917285385338114 -0.0452050154222694 -0.1153616998153239
v -0.0073937767679641015 -0.04656538230817242 -0.11495752499143913
v -0.00811410274898561 -0.046408926307088816 -0.11521393369502414
v -0.008041336441513282 -0.0464627555027608 -0.114741002764358
v -0.0014894868842920547 -0.03747529017109397 -0.1167296350609614
v -0.0011430593079850284 -0.03834822646133551 -0.11678510076183807
v -0.0011712861617427241 -0.03806925763705005 -0.11659045963931186
v -0.0008498200581789214 -0.039502408950238266 -0.11671568089770096
v -0.0007614325050572456 -0.03999297904189847 -0.11658643894820292
v -0.0007820330633629901 -0.03928278155943543 -0.11640074710588694
v -0.003163708121840942 -0.045308130508954214 -0.11582214905594407
v -0.003699703630697799 -0.04572607257592454 -0.11552252745968156
v -0.003104326872453712 -0.04537146593066366 -0.11531289457618937
v -0.008483805105717892 -0.04636224966912961 -0.11486862728213859
v -0.009084404423185257 -0.0461473753913455 -0.11500536892681706
v -0.009111471608919121 -0.04615133886199274 -0.114708799088512
v -0.0011712861617427241 -0.03806925763705005 -0.11659045963931186
v -0.0011430593079850284 -0.03834822646133551 -0.11678510076183807
v -0.0009330774988857567 -0.03878776734524969 -0.11655277042853734
v -0.0035620719694212663 -0.045674623751459364 -0.11527058958150421
v -0.003699703630697799 -0.04572607257592454 -0.11552252745968156
v -0.0039662579989797895 -0.045907366072084344 -0.1151233651482419
v -0.0007614325050572456 -0.03999297904189847 -0.11658643894820292
v -0.0007982858798583766 -0.040519567506851484 -0.11665587407112982
v -0.0006592460587821412 -0.04041538811957901 -0.1162075708271803
v -0.0007982858798583766 -0.040519567506851484 -0.11665587407112982
v -0.000828912774356594 -0.04135366636238702 -0.11649405460543599
v -0.0007165367347592226 -0.041106290862356065 -0.11624664095843057
v -0.003104326872453712 -0.04537146593066366 -0.11531289457618937
v -0.003699703630697799 -0.04572607257592454 -0.11552252745968156
v -0.0035620719694212663 -0.045674623751459364 -0.11527058958150421
v -0.010117501739405623 -0.04564952685695678 -0.1146939599154439
v -0.010099702361118791 -0.04565198352211253 -0.11496336910792765
v -0.010834313907241435 -0.04513215851573271 -0.11473033687029671
v -0.0007165367347592226 -0.041106290862356065 -0.11624664095843057
v -0.000828912774356594 -0.04135366636238702 -0.11649405460543599
v -0.0008958597608738075 -0.04213391313406589 -0.11605555513392479
v -0.010834313907241435 -0.04513215851573271 -0.11473033687029671
v -0.01110627417864274 -0.04486939834089876 -0.11504382107708094
v -0.011241343078490786 -0.044758119801677765 -0.11464838953974427
v -0.0007820330633629901 -0.03928278155943543 -0.11640074710588694
v -0.0007614325050572456 -0.03999297904189847 -0.11658643894820292
v -0.0006854560104741296 -0.03985556219577191 -0.11623516634851055
v -0.010834313907241435 -0.04513215851573271 -0.11473033687029671
v -0.011241343078490786 -0.044758119801677765 -0.11464838953974427
v -0.01091304163314877 -0.04504026245423898 -0.11447878046186405
v -0.0008146057515823204 -0.03905364794259514 -0.11629414157103829
v -0.0008498200581789214 -0.039502408950238266 -0.11671568089770096
v -0.0007820330633629901 -0.03928278155943543 -0.11640074710588694
v -0.010117501739405623 -0.04564952685695678 -0.1146939599154439
v -0.010834313907241435 -0.04513215851573271 -0.11473033687029671
v -0.010554978872001077 -0.045317777878797205 -0.11442788476852866
v -0.0024326466285297392 -0.03611453418605137 -0.11656975346157056
v -0.002362553708711857 -0.03629237538102181 -0.1168471964068773
v -0.0021451960628898763 -0.03643140965886582 -0.1165566614199331
v -0.0073937767679641015 -0.04656538230817242 -0.11495752499143913
v -0.008041336441513282 -0.0464627555027608 -0.114741002764358
v -0.007624326114394344 -0.046511820141321714 -0.11452464075456964
v -0.009191565950186777 -0.04609706716141693 -0.11448072595756192
v -0.009111471608919121 -0.04615133886199274 -0.114708799088512
v -0.009581319310373872 -0.04594058827214864 -0.1146367394537417
v -0.010554978872001077 -0.045317777878797205 -0.11442788476852866
v -0.010834313907241435 -0.04513215851573271 -0.11473033687029671
v -0.01091304163314877 -0.04504026245423898 -0.11447878046186405
v -0.01091304163314877 -0.04504026245423898 -0.11447878046186405
v -0.011241343078490786 -0.044758119801677765 -0.11464838953974427
v -0.011135165743430544 -0.04482800887360083 -0.11443749017669974
v -0.0007270893799900606 -0.04141906553541519 -0.11601609590353495
v -0.0008958597608738075 -0.04213391313406589 -0.11605555513392479
v -0.0008503163860795403 -0.042033510297265764 -0.11583881928378664
v -0.002135382276870768 -0.04446579190693356 -0.11549037718959981
v -0.002377420776755041 -0.044698850847446625 -0.11567466522325537
v -0.0024436331955951522 -0.044791483145547595 -0.11527389310949315
v -0.0024436331955951522 -0.044791483145547595 -0.11527389310949315
v -0.002377420776755041 -0.044698850847446625 -0.11567466522325537
v -0.0025976311010114665 -0.044938631284860975 -0.11522989438914161
v -0.004551993109427056 -0.04615500478623913 -0.11535538267635198
v -0.005038265467576243 -0.04633794241699851 -0.11514867185110406
v -0.004543329931525343 -0.04615301732886934 -0.11488582393822883
v -0.006054641534375684 -0.046550340956139635 -0.11497162411320255
v -0.006749455295710085 -0.04659137184187756 -0.11491634914719823
v -0.006651309329286927 -0.046565557784254974 -0.11459816523315952
v -0.002955614230349957 -0.03572300889890023 -0.11683902532494622
v -0.002904405731823934 -0.03565700700367547 -0.11649663334091004
v -0.003040574218211024 -0.03554680039443703 -0.11650179081185813
v -0.002955614230349957 -0.03572300889890023 -0.11683902532494622
v -0.0028212350754840136 -0.03572761705341598 -0.11649522190285472
v -0.002904405731823934 -0.03565700700367547 -0.11649663334091004
v -0.0026274145897460526 -0.03592165163904815 -0.11657638340573312
v -0.002739887367686489 -0.03579920748040033 -0.11649339084808025
v -0.0028212350754840136 -0.03572761705341598 -0.11649522190285472
v -0.0028212350754840136 -0.03572761705341598 -0.11649522190285472
v -0.002955614230349957 -0.03572300889890023 -0.11683902532494622
v -0.0026274145897460526 -0.03592165163904815 -0.11657638340573312
v -0.0026274145897460526 -0.03592165163904815 -0.11657638340573312
v -0.002654245025819624 -0.035876977717248515 -0.11648990421461386
v -0.002739887367686489 -0.03579920748040033 -0.11649339084808025
v -0.0025023225542329668 -0.03602284793291721 -0.11648450260302917
v -0.0026274145897460526 -0.03592165163904815 -0.11657638340573312
v -0.0024326466285297392 -0.03611453418605137 -0.11656975346157056
v -0.0023464351814875277 -0.03618301944931401 -0.11647743778335767
v -0.0024326466285297392 -0.03611453418605137 -0.11656975346157056
v -0.0021451960628898763 -0.03643140965886582 -0.1165566614199331
v -0.0020360756887494173 -0.03654149801248341 -0.11646785526337128
v -0.0021451960628898763 -0.03643140965886582 -0.1165566614199331
v -0.0019183392243788543 -0.0367884119341233 -0.11672531682345161
v -0.0019183392243788543 -0.0367884119341233 -0.11672531682345161
v -0.0019297877274632174 -0.03667527182254826 -0.11645182590469977
v -0.0020360756887494173 -0.03654149801248341 -0.11646785526337128
v -0.0019183392243788543 -0.0367884119341233 -0.11672531682345161
v -0.0018329655802633992 -0.036806028206932684 -0.11644313602391593
v -0.0019297877274632174 -0.03667527182254826 -0.11645182590469977
v -0.0019183392243788543 -0.0367884119341233 -0.11672531682345161
v -0.001739195310230327 -0.03693892082188732 -0.11643385867972528
v -0.0018329655802633992 -0.036806028206932684 -0.11644313602391593
v -0.0014894868842920547 -0.03747529017109397 -0.1167296350609614
v -0.0016491145678840945 -0.03707459053658324 -0.11642395572515335
v -0.001739195310230327 -0.03693892082188732 -0.11643385867972528
v -0.001739195310230327 -0.03693892082188732 -0.11643385867972528
v -0.0019183392243788543 -0.0367884119341233 -0.11672531682345161
v -0.0014894868842920547 -0.03747529017109397 -0.1167296350609614
v -0.0014099912121049581 -0.03750621973799273 -0.1164861505523262
v -0.0015391016737503764 -0.03725000176928006 -0.11641055850772014
v -0.0016491145678840945 -0.03707459053658324 -0.11642395572515335
v -0.0016491145678840945 -0.03707459053658324 -0.11642395572515335
v -0.0014894868842920547 -0.03747529017109397 -0.1167296350609614
v -0.0014099912121049581 -0.03750621973799273 -0.1164861505523262
v -0.0014099912121049581 -0.03750621973799273 -0.1164861505523262
v -0.0014567404485249515 -0.0373914507506079 -0.11639880923958396
v -0.0015391016737503764 -0.03725000176928006 -0.11641055850772014
v -0.0013225718172743541 -0.037641580462195456 -0.11637724094021967
v -0.0014099912121049581 -0.03750621973799273 -0.1164861505523262
v -0.0011712861617427241 -0.03806925763705005 -0.11659045963931186
v -0.0011712861617427241 -0.03806925763705005 -0.11659045963931186
v -0.0012500953075986895 -0.037787855035793516 -0.11636314181845625
v -0.0013225718172743541 -0.037641580462195456 -0.11637724094021967
v -0.0011712861617427241 -0.03806925763705005 -0.11659045963931186
v -0.0010997345969886165 -0.03813047208697906 -0.11633127383598557
v -0.0011633952216554002 -0.03797916211275121 -0.11634812716930559
v -0.0011712861617427241 -0.03806925763705005 -0.11659045963931186
v -0.001040554811310296 -0.038281591326334574 -0.11631604556377789
v -0.0010997345969886165 -0.03813047208697906 -0.11633127383598557
v -0.0011712861617427241 -0.03806925763705005 -0.11659045963931186
v -0.0009895801418168331 -0.03842506972670412 -0.11630846194525363
v -0.001040554811310296 -0.038281591326334574 -0.11631604556377789
v -0.0009330774988857567 -0.03878776734524969 -0.11655277042853734
v -0.0009346377101415034 -0.03858804504572433 -0.11628365878245445
v -0.0009895801418168331 -0.03842506972670412 -0.11630846194525363
v -0.0009895801418168331 -0.03842506972670412 -0.11630846194525363
v -0.0011712861617427241 -0.03806925763705005 -0.11659045963931186
v -0.0009330774988857567 -0.03878776734524969 -0.11655277042853734
v -0.0009330774988857567 -0.03878776734524969 -0.11655277042853734
v -0.0009027672242756248 -0.03869155304624616 -0.11627249697772507
v -0.0009346377101415034 -0.03858804504572433 -0.11628365878245445
v -0.0009330774988857567 -0.03878776734524969 -0.11655277042853734
v -0.0008607404044808436 -0.03883764069966933 -0.11625478915217696
v -0.0009027672242756248 -0.03869155304624616 -0.11627249697772507
v -0.0008607404044808436 -0.03883764069966933 -0.11625478915217696
v -0.0009330774988857567 -0.03878776734524969 -0.11655277042853734
v -0.0008146057515823204 -0.03905364794259514 -0.11629414157103829
v -0.0006854560104741296 -0.03985556219577191 -0.11623516634851055
v -0.0007142354589197848 -0.03953380009552809 -0.11617353609655984
v -0.0007416516894700327 -0.039370153389757245 -0.11619395998669008
v -0.0007416516894700327 -0.039370153389757245 -0.11619395998669008
v -0.0007820330633629901 -0.03928278155943543 -0.11640074710588694
v -0.0006854560104741296 -0.03985556219577191 -0.11623516634851055
v -0.0006854560104741296 -0.03985556219577191 -0.11623516634851055
v -0.0006930625767877231 -0.03968438527724105 -0.11615485170846535
v -0.0007142354589197848 -0.03953380009552809 -0.11617353609655984
v -0.0006854560104741296 -0.03985556219577191 -0.11623516634851055
v -0.0006565947844519583 -0.04006961631360495 -0.11610435274366443
v -0.0006643822508710374 -0.03996210669546141 -0.11611860445332572
v -0.0006592460587821412 -0.04041538811957901 -0.1162075708271803
v -0.0006489813039992424 -0.04022079658811961 -0.11608756807489845
v -0.0006565947844519583 -0.04006961631360495 -0.11610435274366443
v -0.0006565947844519583 -0.04006961631360495 -0.11610435274366443
v -0.0006854560104741296 -0.03985556219577191 -0.11623516634851055
v -0.0006592460587821412 -0.04041538811957901 -0.1162075708271803
v -0.0007165367347592226 -0.041106290862356065 -0.11624664095843057
v -0.0006493586014185913 -0.04071525385647812 -0.11601476838882346
v -0.0006446954318131 -0.0405451069062579 -0.11604131868305329
v -0.0006446954318131 -0.0405451069062579 -0.11604131868305329
v -0.0006592460587821412 -0.04041538811957901 -0.1162075708271803
v -0.0007165367347592226 -0.041106290862356065 -0.11624664095843057
v -0.0007165367347592226 -0.041106290862356065 -0.11624664095843057
v -0.0006547651601890304 -0.04082257273974932 -0.11599914338808132
v -0.0006493586014185913 -0.04071525385647812 -0.11601476838882346
v -0.0007165367347592226 -0.041106290862356065 -0.11624664095843057
v -0.0006658909041066045 -0.0409745693595176 -0.11598327424670257
v -0.0006547651601890304 -0.04082257273974932 -0.11599914338808132
v -0.0007165367347592226 -0.041106290862356065 -0.11624664095843057
v -0.0006875361530709474 -0.041189382602142555 -0.11594956758006253
v -0.0006658909041066045 -0.0409745693595176 -0.11598327424670257
v -0.0006875361530709474 -0.041189382602142555 -0.11594956758006253
v -0.0007165367347592226 -0.041106290862356065 -0.11624664095843057
v -0.0007270893799900606 -0.04141906553541519 -0.11601609590353495
v -0.0007270893799900606 -0.04141906553541519 -0.11601609590353495
v -0.0007650640374219644 -0.041674543452823176 -0.1158690393169603
v -0.0007447876091899037 -0.04156904036553666 -0.11588574769177734
v -0.0008503163860795403 -0.042033510297265764 -0.11583881928378664
v -0.0007961205622201292 -0.041820901949765066 -0.11584354950862069
v -0.0007650640374219644 -0.041674543452823176 -0.1158690393169603
v -0.0007650640374219644 -0.041674543452823176 -0.1158690393169603
v -0.0007270893799900606 -0.04141906553541519 -0.11601609590353495
v -0.0008503163860795403 -0.042033510297265764 -0.11583881928378664
v -0.0008958597608738075 -0.04213391313406589 -0.11605555513392479
v -0.0010298676979944579 -0.042602155801569896 -0.1157128198271184
v -0.0009758515821475802 -0.042450616945495234 -0.11573937012134822
v -0.0009758515821475802 -0.042450616945495234 -0.11573937012134822
v -0.0009101704195315851 -0.04224331102744561 -0.11580946137223597
v -0.0008958597608738075 -0.04213391313406589 -0.11605555513392479
v -0.001243957101778881 -0.04298553289497464 -0.11607517030819631
v -0.00108452170278002 -0.04274370015033391 -0.11568736816575326
v -0.0010298676979944579 -0.042602155801569896 -0.1157128198271184
v -0.0010298676979944579 -0.042602155801569896 -0.1157128198271184
v -0.0008958597608738075 -0.04213391313406589 -0.11605555513392479
v -0.001243957101778881 -0.04298553289497464 -0.11607517030819631
v -0.001243957101778881 -0.04298553289497464 -0.11607517030819631
v -0.0011720686515565017 -0.042949342860296724 -0.11565004516593363
v -0.00108452170278002 -0.04274370015033391 -0.11568736816575326
v -0.0011720686515565017 -0.042949342860296724 -0.11565004516593363
v -0.001243957101778881 -0.04298553289497464 -0.11607517030819631
v -0.0012457023258607982 -0.043105466982702456 -0.11567442108261877
v -0.0015087719680251248 -0.043493379751371464 -0.11598949220354088
v -0.0013852655353476658 -0.04338169685422111 -0.11556825042327906
v -0.001311247530275603 -0.04324077048644348 -0.11559532714575654
v -0.001311247530275603 -0.04324077048644348 -0.11559532714575654
v -0.0012457023258607982 -0.043105466982702456 -0.11567442108261877
v -0.0015087719680251248 -0.043493379751371464 -0.11598949220354088
v -0.0015087719680251248 -0.043493379751371464 -0.11598949220354088
v -0.001458783099798425 -0.04351338402478255 -0.11554108214806286
v -0.0013852655353476658 -0.04338169685422111 -0.11556825042327906
v -0.001458783099798425 -0.04351338402478255 -0.11554108214806286
v -0.0015087719680251248 -0.043493379751371464 -0.11598949220354088
v -0.0015817613160887954 -0.04371648996094324 -0.11555572295686373
v -0.0018666809491819929 -0.044080331988722854 -0.1158328912439543
v -0.0018099696303796463 -0.044053850359047075 -0.11544037413546698
v -0.0017214789016129638 -0.04392862910065798 -0.11545813536677935
v -0.0018666809491819929 -0.044080331988722854 -0.1158328912439543
v -0.0019112568809409596 -0.04418860073165831 -0.11540281462440566
v -0.0018099696303796463 -0.044053850359047075 -0.11544037413546698
v -0.002135382276870768 -0.04446579190693356 -0.11549037718959981
v -0.0020059357642221447 -0.04430851956059634 -0.1153766610587103
v -0.0019112568809409596 -0.04418860073165831 -0.11540281462440566
v -0.0019112568809409596 -0.04418860073165831 -0.11540281462440566
v -0.0018666809491819929 -0.044080331988722854 -0.1158328912439543
v -0.002135382276870768 -0.04446579190693356 -0.11549037718959981
v -0.002135382276870768 -0.04446579190693356 -0.11549037718959981
v -0.002330216041618039 -0.044675985550950426 -0.11529276060306509
v -0.00221373330140523 -0.044550996989105585 -0.11532227873190853
v -0.002330216041618039 -0.044675985550950426 -0.11529276060306509
v -0.002135382276870768 -0.04446579190693356 -0.11549037718959981
v -0.0024436331955951522 -0.044791483145547595 -0.11527389310949315
v -0.002750221621488497 -0.045075590367293916 -0.11519523404813986
v -0.0025976311010114665 -0.044938631284860975 -0.11522989438914161
v -0.0028917285385338114 -0.0452050154222694 -0.1153616998153239
v -0.003104326872453712 -0.04537146593066366 -0.11531289457618937
v -0.0029643095947613778 -0.04525185990691627 -0.11514881680960704
v -0.0028917285385338114 -0.0452050154222694 -0.1153616998153239
v -0.00322219768569998 -0.04544406343777396 -0.11509615109665633
v -0.003104326872453712 -0.04537146593066366 -0.11531289457618937
v -0.003349745671113042 -0.04553391863613365 -0.11509994290591846
v -0.004111987786098726 -0.045967436112779314 -0.11495895168828424
v -0.004551993109427056 -0.04615500478623913 -0.11535538267635198
v -0.004305083479321793 -0.04605343083732283 -0.11490412685657864
v -0.004551993109427056 -0.04615500478623913 -0.11535538267635198
v -0.004543329931525343 -0.04615301732886934 -0.11488582393822883
v -0.004305083479321793 -0.04605343083732283 -0.11490412685657864
v -0.004543329931525343 -0.04615301732886934 -0.11488582393822883
v -0.004805409659702221 -0.046245031645983925 -0.11481968471389598
v -0.004645923835171485 -0.04618951635404045 -0.11484955379490452
v -0.005317527069890749 -0.046394548712411776 -0.11477066585170442
v -0.006054641534375684 -0.046550340956139635 -0.11497162411320255
v -0.0055345766788939 -0.04644164878178758 -0.11472697230714862
v -0.006286667168717843 -0.04655336219651751 -0.11468069239772388
v -0.006651309329286927 -0.046565557784254974 -0.11459816523315952
v -0.006489113639057411 -0.046559679335489434 -0.11461353083447529
v -0.006651309329286927 -0.046565557784254974 -0.11459816523315952
v -0.006749455295710085 -0.04659137184187756 -0.11491634914719823
v -0.006822491493026774 -0.046566599196657954 -0.11457890101105311
v -0.006749455295710085 -0.04659137184187756 -0.11491634914719823
v -0.007192717893820812 -0.04655438453543326 -0.1145546166471067
v -0.0070296548367593265 -0.04656131202599667 -0.11455926294859692
v -0.007192717893820812 -0.04655438453543326 -0.1145546166471067
v -0.0073937767679641015 -0.04656538230817242 -0.11495752499143913
v -0.007469856617006167 -0.04652931815851025 -0.11452533502950496
v -0.007624326114394344 -0.046511820141321714 -0.11452464075456964
v -0.008041336441513282 -0.0464627555027608 -0.114741002764358
v -0.007837040796586371 -0.04647643882250252 -0.1144904534360513
v -0.008006383322482493 -0.046445104897674394 -0.11447697229527426
v -0.008041336441513282 -0.0464627555027608 -0.114741002764358
v -0.00821593991202574 -0.0463997252568471 -0.11446358270723594
v -0.008041336441513282 -0.0464627555027608 -0.114741002764358
v -0.008483805105717892 -0.04636224966912961 -0.11486862728213859
v -0.00836672727270338 -0.04636194830803131 -0.11445345087081721
v -0.008483805105717892 -0.04636224966912961 -0.11486862728213859
v -0.009111471608919121 -0.04615133886199274 -0.114708799088512
v -0.0087309078548814 -0.04625467138643202 -0.11443207330632527
v -0.009111471608919121 -0.04615133886199274 -0.114708799088512
v -0.009191565950186777 -0.04609706716141693 -0.11448072595756192
v -0.008987989852565772 -0.04616472463533361 -0.11441901941166227
v -0.009191565950186777 -0.04609706716141693 -0.11448072595756192
v -0.009581319310373872 -0.04594058827214864 -0.1146367394537417
v -0.009289128744737753 -0.04604271535219473 -0.11440587396426055
v -0.009581319310373872 -0.04594058827214864 -0.1146367394537417
v -0.009678037149440379 -0.04585740497962343 -0.1143920418713184
v -0.009450146170293385 -0.045970644273332084 -0.1144018685319414
v -0.009581319310373872 -0.04594058827214864 -0.1146367394537417
v -0.010117501739405623 -0.04564952685695678 -0.1146939599154439
v -0.009872407428447862 -0.045752409247097336 -0.11438824243266138
v -0.010117501739405623 -0.04564952685695678 -0.1146939599154439
v -0.010554978872001077 -0.045317777878797205 -0.11442788476852866
v -0.010294573319166169 -0.045491621270843385 -0.11438232202222393
v -0.010554978872001077 -0.045317777878797205 -0.11442788476852866
v -0.01091304163314877 -0.04504026245423898 -0.11447878046186405
v -0.01073209908915407 -0.045169111489899993 -0.1143776909795235
v -0.011135165743430544 -0.04482800887360083 -0.11443749017669974
v -0.011317514003434394 -0.044635488722855055 -0.1143992287613082
v -0.011246562538272388 -0.04470794127146238 -0.11439684839010139
v -0.011135165743430544 -0.04482800887360083 -0.11443749017669974
v -0.011428450173559536 -0.04452234479658257 -0.1144211403834427
v -0.011317514003434394 -0.044635488722855055 -0.1143992287613082
v -0.011507342885131446 -0.04397512263313974 -0.11584256531667941
v -0.011145310931290344 -0.04398894709668699 -0.11617365053748324
v -0.011456713266942977 -0.04361254327021502 -0.1161849496713207
v -0.01164854200377652 -0.0441925031671464 -0.11533498930380132
v -0.011507342885131446 -0.04397512263313974 -0.11584256531667941
v -0.011823652829049404 -0.043675779509790846 -0.11572815491085459
v -0.011965899082143629 -0.04371598260618281 -0.11538689207726266
v -0.012025642012532537 -0.04373996560903093 -0.1151689660415211
v -0.01164854200377652 -0.0441925031671464 -0.11533498930380132
v -0.002955614230349957 -0.03572300889890023 -0.11683902532494622
v -0.003040574218211024 -0.03554680039443703 -0.11650179081185813
v -0.00315107598966441 -0.03546116806615096 -0.11649937229367685
v -0.002955614230349957 -0.03572300889890023 -0.11683902532494622
v -0.003176798017711092 -0.03552668549479998 -0.1167741754683504
v -0.0032139207459147565 -0.03575612047273857 -0.11722352393940033
v -0.0032139207459147565 -0.03575612047273857 -0.11722352393940033
v -0.0029437159505947556 -0.036308069046318 -0.11753384194730371
v -0.002738217245460556 -0.03618448047843614 -0.11724233039781312
v -0.0029437159505947556 -0.036308069046318 -0.11753384194730371
v -0.0032139207459147565 -0.03575612047273857 -0.11722352393940033
v -0.0032522038573980236 -0.0360247209493636 -0.11752182565034625
v -0.0029437159505947556 -0.036308069046318 -0.11753384194730371
v -0.0032522038573980236 -0.0360247209493636 -0.11752182565034625
v -0.0033259286076038628 -0.03638767033794066 -0.11780386149137895
v -0.0035652066970481852 -0.037738008384256005 -0.11813975323096576
v -0.0037702400090938734 -0.03737368951929554 -0.11814668072152917
v -0.00381425589558393 -0.03743509088939945 -0.11814948070945513
v -0.00381425589558393 -0.03743509088939945 -0.11814948070945513
v -0.0038464493194305402 -0.03747754847198248 -0.11815018261378535
v -0.0035652066970481852 -0.037738008384256005 -0.11813975323096576
v -0.003259839212756411 -0.038543096465708526 -0.11808633983731548
v -0.002797401084254914 -0.04105824474801345 -0.11778132425886317
v -0.002637512809143539 -0.03991963385408859 -0.1179457758657953
v -0.002797401084254914 -0.04105824474801345 -0.11778132425886317
v -0.0031652156425882047 -0.04240709887702199 -0.11755589852794118
v -0.0027742234594052566 -0.04199940690209125 -0.1176333368861115
v -0.010018041132874857 -0.04383844583831786 -0.11667040806840218
v -0.010050537586749899 -0.043581438227233704 -0.1167032983897886
v -0.010143345360933422 -0.043491449514463376 -0.11670660191777754
v -0.010143345360933422 -0.043491449514463376 -0.11670660191777754
v -0.010575116659822805 -0.04352274910701448 -0.11663129979017745
v -0.010018041132874857 -0.04383844583831786 -0.11667040806840218
v -0.008450964375398275 -0.04497767852792656 -0.11664042454647022
v -0.007756813894582439 -0.044975549926751235 -0.11673763066680992
v -0.009376455752364567 -0.044332033355658496 -0.11666570073175281
v -0.0038464493194305402 -0.03747754847198248 -0.11815018261378535
v -0.003956613251741293 -0.03760988795580733 -0.11814187420274619
v -0.0035652066970481852 -0.037738008384256005 -0.11813975323096576
v -0.0034644252515264604 -0.0368093050320395 -0.11801668346193667
v -0.0029468680827787756 -0.03718367181007487 -0.11795557963823361
v -0.0033843769250467568 -0.03658389455990729 -0.11791697490007186
v -0.0033259286076038628 -0.03638767033794066 -0.11780386149137895
v -0.002929457565212929 -0.036727304295722796 -0.11776998697805124
v -0.0029437159505947556 -0.036308069046318 -0.11753384194730371
v -0.00315107598966441 -0.03546116806615096 -0.11649937229367685
v -0.003176798017711092 -0.03552668549479998 -0.1167741754683504
v -0.002955614230349957 -0.03572300889890023 -0.11683902532494622
v -0.011823652829049404 -0.043675779509790846 -0.11572815491085459
v -0.011965899082143629 -0.04371598260618281 -0.11538689207726266
v -0.01164854200377652 -0.0441925031671464 -0.11533498930380132
v -0.011456713266942977 -0.04361254327021502 -0.1161849496713207
v -0.011823652829049404 -0.043675779509790846 -0.11572815491085459
v -0.011507342885131446 -0.04397512263313974 -0.11584256531667941
v -0.011445969171584027 -0.04397562617320272 -0.11236310348149198
v -0.011428450173559536 -0.04452234479658257 -0.1144211403834427
v -0.01175415762463772 -0.044182169151762984 -0.11460057612194591
v -0.010294573319166169 -0.045491621270843385 -0.11438232202222393
v -0.010152103906271305 -0.045585115690567335 -0.11438368005451499
v -0.010117501739405623 -0.04564952685695678 -0.1146939599154439
v -0.010152103906271305 -0.045585115690567335 -0.11438368005451499
v -0.010021941661014224 -0.04566576983868531 -0.11438599176116776
v -0.010117501739405623 -0.04564952685695678 -0.1146939599154439
v -0.010021941661014224 -0.04566576983868531 -0.11438599176116776
v -0.009872407428447862 -0.045752409247097336 -0.11438824243266138
v -0.010117501739405623 -0.04564952685695678 -0.1146939599154439
v -0.009872407428447862 -0.045752409247097336 -0.11438824243266138
v -0.009777492987599336 -0.04580485370759613 -0.11439040918081117
v -0.009581319310373872 -0.04594058827214864 -0.1146367394537417
v -0.009777492987599336 -0.04580485370759613 -0.11439040918081117
v -0.009678037149440379 -0.04585740497962343 -0.1143920418713184
v -0.009581319310373872 -0.04594058827214864 -0.1146367394537417
v -0.009450146170293385 -0.045970644273332084 -0.1144018685319414
v -0.009289128744737753 -0.04604271535219473 -0.11440587396426055
v -0.009581319310373872 -0.04594058827214864 -0.1146367394537417
v -0.008987989852565772 -0.04616472463533361 -0.11441901941166227
v -0.008885209505581916 -0.04620228796109238 -0.1144240090359227
v -0.009111471608919121 -0.04615133886199274 -0.114708799088512
v -0.008885209505581916 -0.04620228796109238 -0.1144240090359227
v -0.0087309078548814 -0.04625467138643202 -0.11443207330632527
v -0.009111471608919121 -0.04615133886199274 -0.114708799088512
v -0.0087309078548814 -0.04625467138643202 -0.11443207330632527
v -0.008533551621447423 -0.04631606512714104 -0.11444281549433549
v -0.008483805105717892 -0.04636224966912961 -0.11486862728213859
v -0.008533551621447423 -0.04631606512714104 -0.11444281549433549
v -0.00836672727270338 -0.04636194830803131 -0.11445345087081721
v -0.008483805105717892 -0.04636224966912961 -0.11486862728213859
v -0.00836672727270338 -0.04636194830803131 -0.11445345087081721
v -0.00821593991202574 -0.0463997252568471 -0.11446358270723594
v -0.008041336441513282 -0.0464627555027608 -0.114741002764358
v -0.008006383322482493 -0.046445104897674394 -0.11447697229527426
v -0.007837040796586371 -0.04647643882250252 -0.1144904534360513
v -0.008041336441513282 -0.0464627555027608 -0.114741002764358
v -0.007837040796586371 -0.04647643882250252 -0.1144904534360513
v -0.007729944596278628 -0.04649380713997786 -0.11449867029435173
v -0.007624326114394344 -0.046511820141321714 -0.11452464075456964
v -0.007624326114394344 -0.046511820141321714 -0.11452464075456964
v -0.007469856617006167 -0.04652931815851025 -0.11452533502950496
v -0.0073937767679641015 -0.04656538230817242 -0.11495752499143913
v -0.007469856617006167 -0.04652931815851025 -0.11452533502950496
v -0.007299755443155311 -0.046544798200749415 -0.11453455133853646
v -0.007192717893820812 -0.04655438453543326 -0.1145546166471067
v -0.0070296548367593265 -0.04656131202599667 -0.11455926294859692
v -0.006822491493026774 -0.046566599196657954 -0.11457890101105311
v -0.006749455295710085 -0.04659137184187756 -0.11491634914719823
v -0.005857761184448197 -0.04650315696342 -0.11472269984600819
v -0.005684800894860954 -0.04646997291033017 -0.11470650264064902
v -0.006054641534375684 -0.046550340956139635 -0.11497162411320255
v -0.005684800894860954 -0.04646997291033017 -0.11470650264064902
v -0.0055345766788939 -0.04644164878178758 -0.11472697230714862
v -0.006054641534375684 -0.046550340956139635 -0.11497162411320255
v -0.005317527069890749 -0.046394548712411776 -0.11477066585170442
v -0.005116767649497035 -0.0463410056190483 -0.11478138515152997
v -0.005038265467576243 -0.04633794241699851 -0.11514867185110406
v -0.005116767649497035 -0.0463410056190483 -0.11478138515152997
v -0.004951965090399802 -0.04629255133207888 -0.11480455562382191
v -0.005038265467576243 -0.04633794241699851 -0.11514867185110406
v -0.004951965090399802 -0.04629255133207888 -0.11480455562382191
v -0.004805409659702221 -0.046245031645983925 -0.11481968471389598
v -0.005038265467576243 -0.04633794241699851 -0.11514867185110406
v -0.004445615025913675 -0.046112188622096095 -0.11488033840330031
v -0.004305083479321793 -0.04605343083732283 -0.11490412685657864
v -0.004543329931525343 -0.04615301732886934 -0.11488582393822883
v -0.0039662579989797895 -0.045907366072084344 -0.1151233651482419
v -0.0038615304873679266 -0.045838304789507234 -0.11497709438934128
v -0.0035620719694212663 -0.045674623751459364 -0.11527058958150421
v -0.0038615304873679266 -0.045838304789507234 -0.11497709438934128
v -0.003767422378192221 -0.04578690937080632 -0.11499368832323492
v -0.0035620719694212663 -0.045674623751459364 -0.11527058958150421
v -0.003767422378192221 -0.04578690937080632 -0.11499368832323492
v -0.0036277770335009516 -0.045706346775427065 -0.11501891873214815
v -0.0035620719694212663 -0.045674623751459364 -0.11527058958150421
v -0.0036277770335009516 -0.045706346775427065 -0.11501891873214815
v -0.0034900924432973443 -0.04562255313131036 -0.11504440091109286
v -0.0035620719694212663 -0.045674623751459364 -0.11527058958150421
v -0.0034900924432973443 -0.04562255313131036 -0.11504440091109286
v -0.003349745671113042 -0.04553391863613365 -0.11509994290591846
v -0.0035620719694212663 -0.045674623751459364 -0.11527058958150421
v -0.0017214789016129638 -0.04392862910065798 -0.11545813536677935
v -0.0015817613160887954 -0.04371648996094324 -0.11555572295686373
v -0.0018666809491819929 -0.044080331988722854 -0.1158328912439543
v -0.0011633952216554002 -0.03797916211275121 -0.11634812716930559
v -0.0012500953075986895 -0.037787855035793516 -0.11636314181845625
v -0.0011712861617427241 -0.03806925763705005 -0.11659045963931186
v -0.0022379473318674685 -0.03630236225893757 -0.11647301273431937
v -0.0023464351814875277 -0.03618301944931401 -0.11647743778335767
v -0.0021451960628898763 -0.03643140965886582 -0.1165566614199331
v -0.007192717893820812 -0.04655438453543326 -0.1145546166471067
v -0.006749455295710085 -0.04659137184187756 -0.11491634914719823
v -0.0073937767679641015 -0.04656538230817242 -0.11495752499143913
v -0.006651309329286927 -0.046565557784254974 -0.11459816523315952
v -0.006286667168717843 -0.04655336219651751 -0.11468069239772388
v -0.006054641534375684 -0.046550340956139635 -0.11497162411320255
v -0.004805409659702221 -0.046245031645983925 -0.11481968471389598
v -0.004543329931525343 -0.04615301732886934 -0.11488582393822883
v -0.005038265467576243 -0.04633794241699851 -0.11514867185110406
v -0.004551993109427056 -0.04615500478623913 -0.11535538267635198
v -0.004111987786098726 -0.045967436112779314 -0.11495895168828424
v -0.0039662579989797895 -0.045907366072084344 -0.1151233651482419
v -0.003349745671113042 -0.04553391863613365 -0.11509994290591846
v -0.003104326872453712 -0.04537146593066366 -0.11531289457618937
v -0.0035620719694212663 -0.045674623751459364 -0.11527058958150421
v -0.0028917285385338114 -0.0452050154222694 -0.1153616998153239
v -0.0025976311010114665 -0.044938631284860975 -0.11522989438914161
v -0.002377420776755041 -0.044698850847446625 -0.11567466522325537
v -0.011428450173559536 -0.04452234479658257 -0.1144211403834427
v -0.011135165743430544 -0.04482800887360083 -0.11443749017669974
v -0.011241343078490786 -0.044758119801677765 -0.11464838953974427
v -0.006286667168717843 -0.04655336219651751 -0.11468069239772388
v -0.006068039705483254 -0.046525945965967264 -0.11465762110756555
v -0.006054641534375684 -0.046550340956139635 -0.11497162411320255
v -0.006068039705483254 -0.046525945965967264 -0.11465762110756555
v -0.005857761184448197 -0.04650315696342 -0.11472269984600819
v -0.006054641534375684 -0.046550340956139635 -0.11497162411320255
v -0.006054641534375684 -0.046550340956139635 -0.11497162411320255
v -0.005317527069890749 -0.046394548712411776 -0.11477066585170442
v -0.005038265467576243 -0.04633794241699851 -0.11514867185110406
v -0.0018666809491819929 -0.044080331988722854 -0.1158328912439543
v -0.0015817613160887954 -0.04371648996094324 -0.11555572295686373
v -0.0015087719680251248 -0.043493379751371464 -0.11598949220354088
v -0.0015087719680251248 -0.043493379751371464 -0.11598949220354088
v -0.0012457023258607982 -0.043105466982702456 -0.11567442108261877
v -0.001243957101778881 -0.04298553289497464 -0.11607517030819631
v -0.01175415762463772 -0.044182169151762984 -0.11460057612194591
v -0.011428450173559536 -0.04452234479658257 -0.1144211403834427
v -0.011241343078490786 -0.044758119801677765 -0.11464838953974427
v -0.0009101704195315851 -0.04224331102744561 -0.11580946137223597
v -0.0008503163860795403 -0.042033510297265764 -0.11583881928378664
v -0.0008958597608738075 -0.04213391313406589 -0.11605555513392479
v -0.0024326466285297392 -0.03611453418605137 -0.11656975346157056
v -0.0026274145897460526 -0.03592165163904815 -0.11657638340573312
v -0.002362553708711857 -0.03629237538102181 -0.1168471964068773
v -0.0006592460587821412 -0.04041538811957901 -0.1162075708271803
v -0.0006854560104741296 -0.03985556219577191 -0.11623516634851055
v -0.0007614325050572456 -0.03999297904189847 -0.11658643894820292
v -0.01175415762463772 -0.044182169151762984 -0.11460057612194591
v -0.011241343078490786 -0.044758119801677765 -0.11464838953974427
v -0.011702148993322227 -0.044251230434340094 -0.11482867214108067
v -0.0019183392243788543 -0.0367884119341233 -0.11672531682345161
v -0.0021451960628898763 -0.03643140965886582 -0.1165566614199331
v -0.002362553708711857 -0.03629237538102181 -0.1168471964068773
v -0.002362553708711857 -0.03629237538102181 -0.1168471964068773
v -0.0026274145897460526 -0.03592165163904815 -0.11657638340573312
v -0.002955614230349957 -0.03572300889890023 -0.11683902532494622
v -0.0008498200581789214 -0.039502408950238266 -0.11671568089770096
v -0.0008146057515823204 -0.03905364794259514 -0.11629414157103829
v -0.0009330774988857567 -0.03878776734524969 -0.11655277042853734
v -0.0011712861617427241 -0.03806925763705005 -0.11659045963931186
v -0.0014099912121049581 -0.03750621973799273 -0.1164861505523262
v -0.0014894868842920547 -0.03747529017109397 -0.1167296350609614
v -0.0008958597608738075 -0.04213391313406589 -0.11605555513392479
v -0.0007270893799900606 -0.04141906553541519 -0.11601609590353495
v -0.0007165367347592226 -0.041106290862356065 -0.11624664095843057
v -0.012003201101127296 -0.043806062871691864 -0.11446191186975424
v -0.01175415762463772 -0.044182169151762984 -0.11460057612194591
v -0.012050468063516399 -0.04376862543094884 -0.11488215419928499
v -0.001243957101778881 -0.04298553289497464 -0.11607517030819631
v -0.0008958597608738075 -0.04213391313406589 -0.11605555513392479
v -0.0010308939708169459 -0.042151243304566766 -0.11646552066853383
v -0.0014894868842920547 -0.03747529017109397 -0.1167296350609614
v -0.0019183392243788543 -0.0367884119341233 -0.11672531682345161
v -0.0015811124598949515 -0.03748558222480547 -0.11694297583037189
v -0.010117501739405623 -0.04564952685695678 -0.1146939599154439
v -0.009581319310373872 -0.04594058827214864 -0.1146367394537417
v -0.010099702361118791 -0.04565198352211253 -0.11496336910792765
v -0.004551993109427056 -0.04615500478623913 -0.11535538267635198
v -0.0039662579989797895 -0.045907366072084344 -0.1151233651482419
v -0.003699703630697799 -0.04572607257592454 -0.11552252745968156
v -0.002135382276870768 -0.04446579190693356 -0.11549037718959981
v -0.0018666809491819929 -0.044080331988722854 -0.1158328912439543
v -0.002377420776755041 -0.044698850847446625 -0.11567466522325537
v -0.0007165367347592226 -0.041106290862356065 -0.11624664095843057
v -0.0006592460587821412 -0.04041538811957901 -0.1162075708271803
v -0.0007982858798583766 -0.040519567506851484 -0.11665587407112982
v -0.011702148993322227 -0.044251230434340094 -0.11482867214108067
v -0.011241343078490786 -0.044758119801677765 -0.11464838953974427
v -0.01110627417864274 -0.04486939834089876 -0.11504382107708094
v -0.009581319310373872 -0.04594058827214864 -0.1146367394537417
v -0.009111471608919121 -0.04615133886199274 -0.114708799088512
v -0.009084404423185257 -0.0461473753913455 -0.11500536892681706
v -0.0028917285385338114 -0.0452050154222694 -0.1153616998153239
v -0.002377420776755041 -0.044698850847446625 -0.11567466522325537
v -0.002698309788120718 -0.044928419339795855 -0.11587628724210924
v -0.010099702361118791 -0.04565198352211253 -0.11496336910792765
v -0.009581319310373872 -0.04594058827214864 -0.1146367394537417
v -0.009084404423185257 -0.0461473753913455 -0.11500536892681706
v -0.008483805105717892 -0.04636224966912961 -0.11486862728213859
v -0.008041336441513282 -0.0464627555027608 -0.114741002764358
v -0.00811410274898561 -0.046408926307088816 -0.11521393369502414
v -0.003104326872453712 -0.04537146593066366 -0.11531289457618937
v -0.0028917285385338114 -0.0452050154222694 -0.1153616998153239
v -0.003163708121840942 -0.045308130508954214 -0.11582214905594407
v -0.002362553708711857 -0.03629237538102181 -0.1168471964068773
v -0.002955614230349957 -0.03572300889890023 -0.11683902532494622
v -0.002738217245460556 -0.03618448047843614 -0.11724233039781312
v -0.006054641534375684 -0.046550340956139635 -0.11497162411320255
v -0.005038265467576243 -0.04633794241699851 -0.11514867185110406
v -0.00594705848330629 -0.04646637946533527 -0.11544492125482358
v -0.0008498200581789214 -0.039502408950238266 -0.11671568089770096
v -0.0009330774988857567 -0.03878776734524969 -0.11655277042853734
v -0.0010290995132961058 -0.03920671649234597 -0.1169941919582928
v -0.0015811124598949515 -0.03748558222480547 -0.11694297583037189
v -0.0019183392243788543 -0.0367884119341233 -0.11672531682345161
v -0.002084574798413841 -0.03685027488261827 -0.11711741431521977
v -0.0073937767679641015 -0.04656538230817242 -0.11495752499143913
v -0.006749455295710085 -0.04659137184187756 -0.11491634914719823
v -0.006610487298234215 -0.046517973248303424 -0.1154350869648057
v -0.0015087719680251248 -0.043493379751371464 -0.11598949220354088
v -0.001243957101778881 -0.04298553289497464 -0.11607517030819631
v -0.0014494106265901948 -0.043016870634500215 -0.11651512699413219
v -0.0011430593079850284 -0.03834822646133551 -0.11678510076183807
v -0.0014894868842920547 -0.03747529017109397 -0.1167296350609614
v -0.0015811124598949515 -0.03748558222480547 -0.11694297583037189
v -0.006610487298234215 -0.046517973248303424 -0.1154350869648057
v -0.006054641534375684 -0.046550340956139635 -0.11497162411320255
v -0.00594705848330629 -0.04646637946533527 -0.11544492125482358
v -0.004551993109427056 -0.04615500478623913 -0.11535538267635198
v -0.003699703630697799 -0.04572607257592454 -0.11552252745968156
v -0.004160273749543309 -0.045868219646885144 -0.11580779053475426
v -0.002377420776755041 -0.044698850847446625 -0.11567466522325537
v -0.0018666809491819929 -0.044080331988722854 -0.1158328912439543
v -0.0021473041600664215 -0.044236170008820075 -0.11620152071702966
v -0.0010290995132961058 -0.03920671649234597 -0.1169941919582928
v -0.0011430593079850284 -0.03834822646133551 -0.11678510076183807
v -0.0012918313163177988 -0.038500566403874004 -0.11715582831850918
v -0.012025642012532537 -0.04373996560903093 -0.1151689660415211
v -0.011702148993322227 -0.044251230434340094 -0.11482867214108067
v -0.01164854200377652 -0.0441925031671464 -0.11533498930380132
v -0.00882915634129844 -0.0461733534809583 -0.11530804991043192
v -0.008483805105717892 -0.04636224966912961 -0.11486862728213859
v -0.00811410274898561 -0.046408926307088816 -0.11521393369502414
v -0.0015811124598949515 -0.03748558222480547 -0.11694297583037189
v -0.002084574798413841 -0.03685027488261827 -0.11711741431521977
v -0.0018000671526448996 -0.03752837931546127 -0.11730504402383873
v -0.002698309788120718 -0.044928419339795855 -0.11587628724210924
v -0.002377420776755041 -0.044698850847446625 -0.11567466522325537
v -0.0021473041600664215 -0.044236170008820075 -0.11620152071702966
v -0.00811410274898561 -0.046408926307088816 -0.11521393369502414
v -0.0073937767679641015 -0.04656538230817242 -0.11495752499143913
v -0.00739982830862629 -0.046482775034961676 -0.11537312864887456
v -0.005019281148894995 -0.046242456725207326 -0.1156032846046306
v -0.004551993109427056 -0.04615500478623913 -0.11535538267635198
v -0.004160273749543309 -0.045868219646885144 -0.11580779053475426
v -0.004160273749543309 -0.045868219646885144 -0.11580779053475426
v -0.003699703630697799 -0.04572607257592454 -0.11552252745968156
v -0.003612129621411304 -0.045470587029121656 -0.11607214906781843
v -0.0021473041600664215 -0.044236170008820075 -0.11620152071702966
v -0.0015087719680251248 -0.043493379751371464 -0.11598949220354088
v -0.001839146582220189 -0.04354104058127195 -0.1165955637044957
v -0.0015087719680251248 -0.043493379751371464 -0.11598949220354088
v -0.0014494106265901948 -0.043016870634500215 -0.11651512699413219
v -0.001839146582220189 -0.04354104058127195 -0.1165955637044957
v -0.01110627417864274 -0.04486939834089876 -0.11504382107708094
v -0.010099702361118791 -0.04565198352211253 -0.11496336910792765
v -0.01061734059218722 -0.045151163338412736 -0.11541112303544482
v -0.0012918313163177988 -0.038500566403874004 -0.11715582831850918
v -0.0015811124598949515 -0.03748558222480547 -0.11694297583037189
v -0.0018000671526448996 -0.03752837931546127 -0.11730504402383873
v -0.01164854200377652 -0.0441925031671464 -0.11533498930380132
v -0.01110627417864274 -0.04486939834089876 -0.11504382107708094
v -0.011211718138118833 -0.04456493589357624 -0.1155345590154288
v -0.009509954904213249 -0.04586579731400642 -0.11538333677924223
v -0.009084404423185257 -0.0461473753913455 -0.11500536892681706
v -0.00882915634129844 -0.0461733534809583 -0.11530804991043192
v -0.0009684726459831957 -0.040059854502838554 -0.11699535162631663
v -0.0008498200581789214 -0.039502408950238266 -0.11671568089770096
v -0.0010290995132961058 -0.03920671649234597 -0.1169941919582928
v -0.0010308939708169459 -0.042151243304566766 -0.11646552066853383
v -0.000828912774356594 -0.04135366636238702 -0.11649405460543599
v -0.001109168343774586 -0.04160790831782224 -0.11690031988352162
v -0.001109168343774586 -0.04160790831782224 -0.11690031988352162
v -0.000828912774356594 -0.04135366636238702 -0.11649405460543599
v -0.000988503145439232 -0.040726007488580684 -0.11698363287576002
v -0.00296788849622226 -0.045000654450648714 -0.11615456942085428
v -0.002698309788120718 -0.044928419339795855 -0.11587628724210924
v -0.0027382918704793595 -0.044623575422728656 -0.11643893222732954
v -0.002698309788120718 -0.044928419339795855 -0.11587628724210924
v -0.0021473041600664215 -0.044236170008820075 -0.11620152071702966
v -0.0027382918704793595 -0.044623575422728656 -0.11643893222732954
v -0.003163708121840942 -0.045308130508954214 -0.11582214905594407
v -0.002698309788120718 -0.044928419339795855 -0.11587628724210924
v -0.00296788849622226 -0.045000654450648714 -0.11615456942085428
v -0.0018000671526448996 -0.03752837931546127 -0.11730504402383873
v -0.002084574798413841 -0.03685027488261827 -0.11711741431521977
v -0.002442997571633077 -0.03685144980943189 -0.11751087746867389
v -0.011211718138118833 -0.04456493589357624 -0.1155345590154288
v -0.01110627417864274 -0.04486939834089876 -0.11504382107708094
v -0.01061734059218722 -0.045151163338412736 -0.11541112303544482
v -0.0055533387914488705 -0.04620161657434174 -0.11596460511739787
v -0.005019281148894995 -0.046242456725207326 -0.1156032846046306
v -0.004929998155152327 -0.04603804616251983 -0.11599978425725238
v -0.0014494106265901948 -0.043016870634500215 -0.11651512699413219
v -0.0010308939708169459 -0.042151243304566766 -0.11646552066853383
v -0.0013397725264806262 -0.04235955630274235 -0.11683005315655132
v -0.00882915634129844 -0.0461733534809583 -0.11530804991043192
v -0.00811410274898561 -0.046408926307088816 -0.11521393369502414
v -0.00845858709457137 -0.04611276082671312 -0.11574910522923249
v -0.007921200651657969 -0.04632731466991169 -0.11558882690130717
v -0.00739982830862629 -0.046482775034961676 -0.11537312864887456
v -0.007319248547108527 -0.04635698157195556 -0.1157317254676648
v -0.0027382918704793595 -0.044623575422728656 -0.11643893222732954
v -0.0021473041600664215 -0.044236170008820075 -0.11620152071702966
v -0.0022452715509653502 -0.044069376177655606 -0.11654404240077904
v -0.009509954904213249 -0.04586579731400642 -0.11538333677924223
v -0.00882915634129844 -0.0461733534809583 -0.11530804991043192
v -0.009163488823303869 -0.0459256728051316 -0.11559595275613782
v -0.006610487298234215 -0.046517973248303424 -0.1154350869648057
v -0.00594705848330629 -0.04646637946533527 -0.11544492125482358
v -0.006415594405676519 -0.04633241492039808 -0.11586176087423178
v -0.0032167951204409304 -0.04488138793497409 -0.11653792362607435
v -0.00296788849622226 -0.045000654450648714 -0.11615456942085428
v -0.0027382918704793595 -0.044623575422728656 -0.11643893222732954
v -0.0009684726459831957 -0.040059854502838554 -0.11699535162631663
v -0.0010290995132961058 -0.03920671649234597 -0.1169941919582928
v -0.001163458879419044 -0.039611429188570746 -0.11723383888129651
v -0.004929998155152327 -0.04603804616251983 -0.11599978425725238
v -0.004160273749543309 -0.045868219646885144 -0.11580779053475426
v -0.004236652575497769 -0.04569872500992833 -0.11618159273756751
v -0.000988503145439232 -0.040726007488580684 -0.11698363287576002
v -0.0009684726459831957 -0.040059854502838554 -0.11699535162631663
v -0.0011973361345605368 -0.040104433057202016 -0.1172852075971153
v -0.003612129621411304 -0.045470587029121656 -0.11607214906781843
v -0.00296788849622226 -0.045000654450648714 -0.11615456942085428
v -0.0032167951204409304 -0.04488138793497409 -0.11653792362607435
v -0.001163458879419044 -0.039611429188570746 -0.11723383888129651
v -0.0010290995132961058 -0.03920671649234597 -0.1169941919582928
v -0.001371051853451544 -0.03897623247260951 -0.1173833826506065
v -0.011211718138118833 -0.04456493589357624 -0.1155345590154288
v -0.01061734059218722 -0.045151163338412736 -0.11541112303544482
v -0.010508932612794954 -0.04496710800130144 -0.1158449762054658
v -0.001839146582220189 -0.04354104058127195 -0.1165955637044957
v -0.0014494106265901948 -0.043016870634500215 -0.11651512699413219
v -0.0017696274167401664 -0.042868669638691514 -0.11699406225857961
v -0.0014494106265901948 -0.043016870634500215 -0.11651512699413219
v -0.0013397725264806262 -0.04235955630274235 -0.11683005315655132
v -0.0017696274167401664 -0.042868669638691514 -0.11699406225857961
v -0.001371051853451544 -0.03897623247260951 -0.1173833826506065
v -0.0012918313163177988 -0.038500566403874004 -0.11715582831850918
v -0.0015747253450667385 -0.03859564392303838 -0.11749045357854365
v -0.010206899174071695 -0.045470133080125485 -0.11536330961764646
v -0.009509954904213249 -0.04586579731400642 -0.11538333677924223
v -0.009608557203818481 -0.045581632871798394 -0.11580563141599937
v -0.009509954904213249 -0.04586579731400642 -0.11538333677924223
v -0.009163488823303869 -0.0459256728051316 -0.11559595275613782
v -0.009608557203818481 -0.045581632871798394 -0.11580563141599937
v -0.004236652575497769 -0.04569872500992833 -0.11618159273756751
v -0.003612129621411304 -0.045470587029121656 -0.11607214906781843
v -0.0036496683900552615 -0.04511122727084205 -0.11656216984304629
v -0.0018000671526448996 -0.03752837931546127 -0.11730504402383873
v -0.002442997571633077 -0.03685144980943189 -0.11751087746867389
v -0.0023885005654893103 -0.03729102502562309 -0.11769868265337541
v -0.007921200651657969 -0.04632731466991169 -0.11558882690130717
v -0.007319248547108527 -0.04635698157195556 -0.1157317254676648
v -0.007711605915140253 -0.04611712865528972 -0.11601825502228985
v -0.0013397725264806262 -0.04235955630274235 -0.11683005315655132
v -0.001109168343774586 -0.04160790831782224 -0.11690031988352162
v -0.0016412876431882999 -0.04227401171249756 -0.11717637427895772
v -0.001227174101943035 -0.04109922222798712 -0.11718953498514922
v -0.000988503145439232 -0.040726007488580684 -0.11698363287576002
v -0.0013546795296377064 -0.040457567229248426 -0.11740514168484312
v -0.0017696274167401664 -0.042868669638691514 -0.11699406225857961
v -0.0013397725264806262 -0.04235955630274235 -0.11683005315655132
v -0.0016412876431882999 -0.04227401171249756 -0.11717637427895772
v -0.009163488823303869 -0.0459256728051316 -0.11559595275613782
v -0.00845858709457137 -0.04611276082671312 -0.11574910522923249
v -0.008772341191199963 -0.045810747415151454 -0.11601126649656729
v -0.0016412876431882999 -0.04227401171249756 -0.11717637427895772
v -0.001109168343774586 -0.04160790831782224 -0.11690031988352162
v -0.0014675204258817606 -0.04139388853226622 -0.11733302101491366
v -0.0015747253450667385 -0.03859564392303838 -0.11749045357854365
v -0.0017693291550835437 -0.03803500165397766 -0.1175033243677292
v -0.0019927167646852794 -0.03801924695352232 -0.11768105875117113
v -0.0052288811306216995 -0.0458822806216741 -0.11632289676039237
v -0.004236652575497769 -0.04569872500992833 -0.11618159273756751
v -0.004318632807815693 -0.04546500231205952 -0.1165002725622743
v -0.0027382918704793595 -0.044623575422728656 -0.11643893222732954
v -0.0022452715509653502 -0.044069376177655606 -0.11654404240077904
v -0.002716829667387816 -0.04422858257559836 -0.11679099828409084
v -0.010508932612794954 -0.04496710800130144 -0.1158449762054658
v -0.010206899174071695 -0.045470133080125485 -0.11536330961764646
v -0.009608557203818481 -0.045581632871798394 -0.11580563141599937
v -0.011507342885131446 -0.04397512263313974 -0.11584256531667941
v -0.011211718138118833 -0.04456493589357624 -0.1155345590154288
v -0.010892436544889807 -0.044476274695517404 -0.1160047815109077
v -0.009608557203818481 -0.045581632871798394 -0.11580563141599937
v -0.009163488823303869 -0.0459256728051316 -0.11559595275613782
v -0.008772341191199963 -0.045810747415151454 -0.11601126649656729
v -0.007319248547108527 -0.04635698157195556 -0.1157317254676648
v -0.006415594405676519 -0.04633241492039808 -0.11586176087423178
v -0.007096529820862231 -0.046110559746286306 -0.11613328340910106
v -0.006415594405676519 -0.04633241492039808 -0.11586176087423178
v -0.006272028267265696 -0.04608592824487223 -0.1162191980249982
v -0.007096529820862231 -0.046110559746286306 -0.11613328340910106
v -0.006272028267265696 -0.04608592824487223 -0.1162191980249982
v -0.0055533387914488705 -0.04620161657434174 -0.11596460511739787
v -0.0052288811306216995 -0.0458822806216741 -0.11632289676039237
v -0.0023885005654893103 -0.03729102502562309 -0.11769868265337541
v -0.002929457565212929 -0.036727304295722796 -0.11776998697805124
v -0.0029468680827787756 -0.03718367181007487 -0.11795557963823361
v -0.0032167951204409304 -0.04488138793497409 -0.11653792362607435
v -0.0027382918704793595 -0.044623575422728656 -0.11643893222732954
v -0.002716829667387816 -0.04422858257559836 -0.11679099828409084
v -0.0014463054628684887 -0.03965782353891889 -0.1175163782623922
v -0.001675710876901868 -0.03884182160807104 -0.11762582193214127
v -0.0018062618636706389 -0.03927818484901202 -0.1177502955098308
v -0.010508932612794954 -0.04496710800130144 -0.1158449762054658
v -0.009608557203818481 -0.045581632871798394 -0.11580563141599937
v -0.009830977906826745 -0.04516124176906722 -0.11612315920207722
v -0.00845858709457137 -0.04611276082671312 -0.11574910522923249
v -0.007711605915140253 -0.04611712865528972 -0.11601825502228985
v -0.008772341191199963 -0.045810747415151454 -0.11601126649656729
v -0.0014675204258817606 -0.04139388853226622 -0.11733302101491366
v -0.0013546795296377064 -0.040457567229248426 -0.11740514168484312
v -0.001572272733027028 -0.040786138564434804 -0.11752064309413773
v -0.0033843769250467568 -0.03658389455990729 -0.11791697490007186
v -0.002929457565212929 -0.036727304295722796 -0.11776998697805124
v -0.0033259286076038628 -0.03638767033794066 -0.11780386149137895
v -0.009830977906826745 -0.04516124176906722 -0.11612315920207722
v -0.009608557203818481 -0.045581632871798394 -0.11580563141599937
v -0.009200989206554768 -0.04544873644214631 -0.11617850283263559
v -0.002343069903083667 -0.043709001709855144 -0.1169211786491608
v -0.0017696274167401664 -0.042868669638691514 -0.11699406225857961
v -0.002270176756921233 -0.04318223013942468 -0.11716601356069217
v -0.0016962302536775724 -0.04136743742017002 -0.11748659310472748
v -0.0014675204258817606 -0.04139388853226622 -0.11733302101491366
v -0.001572272733027028 -0.040786138564434804 -0.11752064309413773
v -0.001675710876901868 -0.03884182160807104 -0.11762582193214127
v -0.0019927167646852794 -0.03801924695352232 -0.11768105875117113
v -0.002127249341914162 -0.03852105132916339 -0.11784974467226922
v -0.0025202878718587345 -0.03780454815182077 -0.11792837321604294
v -0.0023885005654893103 -0.03729102502562309 -0.11769868265337541
v -0.0029468680827787756 -0.03718367181007487 -0.11795557963823361
v -0.006272028267265696 -0.04608592824487223 -0.1162191980249982
v -0.0052288811306216995 -0.0458822806216741 -0.11632289676039237
v -0.005508902811402484 -0.04567021396121085 -0.11656564884711779
v -0.008772341191199963 -0.045810747415151454 -0.11601126649656729
v -0.007711605915140253 -0.04611712865528972 -0.11601825502228985
v -0.007702977546352742 -0.04587055805642004 -0.11627538851838976
v -0.007711605915140253 -0.04611712865528972 -0.11601825502228985
v -0.007096529820862231 -0.046110559746286306 -0.11613328340910106
v -0.007702977546352742 -0.04587055805642004 -0.11627538851838976
v -0.003167599828492463 -0.04425677700442776 -0.1169985101958026
v -0.002716829667387816 -0.04422858257559836 -0.11679099828409084
v -0.0028069867036829847 -0.04368528955052575 -0.11716570075550153
v -0.0016412876431882999 -0.04227401171249756 -0.11717637427895772
v -0.0014675204258817606 -0.04139388853226622 -0.11733302101491366
v -0.00198969933900485 -0.04180301101873951 -0.11752948556281945
v -0.0018062618636706389 -0.03927818484901202 -0.1177502955098308
v -0.001675710876901868 -0.03884182160807104 -0.11762582193214127
v -0.002127249341914162 -0.03852105132916339 -0.11784974467226922
v -0.010892436544889807 -0.044476274695517404 -0.1160047815109077
v -0.010508932612794954 -0.04496710800130144 -0.1158449762054658
v -0.01027587939432806 -0.04470423338554408 -0.11622621706830033
v -0.008305688298856919 -0.0455326674153711 -0.1164109628656495
v -0.008772341191199963 -0.045810747415151454 -0.11601126649656729
v -0.007702977546352742 -0.04587055805642004 -0.11627538851838976
v -0.006272028267265696 -0.04608592824487223 -0.1162191980249982
v -0.005508902811402484 -0.04567021396121085 -0.11656564884711779
v -0.0065789197231874725 -0.04591960743619117 -0.11637946109413372
v -0.0052288811306216995 -0.0458822806216741 -0.11632289676039237
v -0.004793154467317152 -0.045456762565574405 -0.11663636570838681
v -0.005508902811402484 -0.04567021396121085 -0.11656564884711779
v -0.0019928557627234976 -0.04242363940515137 -0.11733925423054176
v -0.0016412876431882999 -0.04227401171249756 -0.11717637427895772
v -0.00198969933900485 -0.04180301101873951 -0.11752948556281945
v -0.004318632807815693 -0.04546500231205952 -0.1165002725622743
v -0.0036496683900552615 -0.04511122727084205 -0.11656216984304629
v -0.004092256740392265 -0.044876119837800044 -0.11689019567649778
v -0.0016962302536775724 -0.04136743742017002 -0.11748659310472748
v -0.001572272733027028 -0.040786138564434804 -0.11752064309413773
v -0.0018843065203164038 -0.040478601470970155 -0.11771889292044863
v -0.0018062618636706389 -0.03927818484901202 -0.1177502955098308
v -0.002127249341914162 -0.03852105132916339 -0.11784974467226922
v -0.0023024066588121788 -0.038753980569963264 -0.11795072734308126
v -0.010892436544889807 -0.044476274695517404 -0.1160047815109077
v -0.01027587939432806 -0.04470423338554408 -0.11622621706830033
v -0.011145310931290344 -0.04398894709668699 -0.11617365053748324
v -0.008305688298856919 -0.0455326674153711 -0.1164109628656495
v -0.007702977546352742 -0.04587055805642004 -0.11627538851838976
v -0.007329678883602477 -0.04569379642082705 -0.11647835331074491
v -0.005508902811402484 -0.04567021396121085 -0.11656564884711779
v -0.004793154467317152 -0.045456762565574405 -0.11663636570838681
v -0.005238720665848574 -0.045327654130487005 -0.11677287084182358
v -0.00198969933900485 -0.04180301101873951 -0.11752948556281945
v -0.0016962302536775724 -0.04136743742017002 -0.11748659310472748
v -0.002023711062231343 -0.04117555050920041 -0.11766843210262218
v -0.011145310931290344 -0.04398894709668699 -0.11617365053748324
v -0.01027587939432806 -0.04470423338554408 -0.11622621706830033
v -0.010458380242229783 -0.04415711040423487 -0.11644608097034487
v -0.007702977546352742 -0.04587055805642004 -0.11627538851838976
v -0.0065789197231874725 -0.04591960743619117 -0.11637946109413372
v -0.007329678883602477 -0.04569379642082705 -0.11647835331074491
v -0.002127249341914162 -0.03852105132916339 -0.11784974467226922
v -0.0025202878718587345 -0.03780454815182077 -0.11792837321604294
v -0.0023024066588121788 -0.038753980569963264 -0.11795072734308126
v -0.01027587939432806 -0.04470423338554408 -0.11622621706830033
v -0.009830977906826745 -0.04516124176906722 -0.11612315920207722
v -0.009801657188576176 -0.04472278425922793 -0.1164267709718691
v -0.005238720665848574 -0.045327654130487005 -0.11677287084182358
v -0.004793154467317152 -0.045456762565574405 -0.11663636570838681
v -0.0046483256640514345 -0.044941011656067786 -0.11693610174557273
v -0.003167599828492463 -0.04425677700442776 -0.1169985101958026
v -0.0028069867036829847 -0.04368528955052575 -0.11716570075550153
v -0.003268028652918948 -0.04369894998208279 -0.11727546485983614
v -0.0018843065203164038 -0.040478601470970155 -0.11771889292044863
v -0.0016422273700624633 -0.040185560227803396 -0.11763451181292511
v -0.002274686444559138 -0.03961422536179926 -0.11792591655088719
v -0.010458380242229783 -0.04415711040423487 -0.11644608097034487
v -0.01027587939432806 -0.04470423338554408 -0.11622621706830033
v -0.009801657188576176 -0.04472278425922793 -0.1164267709718691
v -0.0023024066588121788 -0.038753980569963264 -0.11795072734308126
v -0.0025202878718587345 -0.03780454815182077 -0.11792837321604294
v -0.0031411737503482537 -0.03771056545082363 -0.11809213817743464
v -0.008305688298856919 -0.0455326674153711 -0.1164109628656495
v -0.007329678883602477 -0.04569379642082705 -0.11647835331074491
v -0.007406916970156831 -0.045401373158646674 -0.11663265782246851
v -0.0023024066588121788 -0.038753980569963264 -0.11795072734308126
v -0.0031411737503482537 -0.03771056545082363 -0.11809213817743464
v -0.002744766127302373 -0.038596883699708595 -0.11805365550959118
v -0.003268028652918948 -0.04369894998208279 -0.11727546485983614
v -0.0028069867036829847 -0.04368528955052575 -0.11716570075550153
v -0.002947788140119229 -0.04324288764352646 -0.11736961922221839
v -0.0023859554470365145 -0.042777414446368844 -0.11738454231863032
v -0.00198969933900485 -0.04180301101873951 -0.11752948556281945
v -0.0023887246789643106 -0.041885820470914936 -0.11762713418806298
v -0.0018843065203164038 -0.040478601470970155 -0.11771889292044863
v -0.002274686444559138 -0.03961422536179926 -0.11792591655088719
v -0.002270372498583973 -0.04052395059421787 -0.11783159434181728
v -0.00198969933900485 -0.04180301101873951 -0.11752948556281945
v -0.002023711062231343 -0.04117555050920041 -0.11766843210262218
v -0.0023887246789643106 -0.041885820470914936 -0.11762713418806298
v -0.0031411737503482537 -0.03771056545082363 -0.11809213817743464
v -0.003571327855938778 -0.03704179939733043 -0.11809364116822868
v -0.0036731592969327384 -0.03722612176326301 -0.11813184917785596
v -0.006272856533448836 -0.04559727313133033 -0.11663523655794256
v -0.005238720665848574 -0.045327654130487005 -0.11677287084182358
v -0.006422983474630996 -0.0453422644217083 -0.11675259191019632
v -0.002947788140119229 -0.04324288764352646 -0.11736961922221839
v -0.0023859554470365145 -0.042777414446368844 -0.11738454231863032
v -0.0023887246789643106 -0.041885820470914936 -0.11762713418806298
v -0.0023887246789643106 -0.041885820470914936 -0.11762713418806298
v -0.002023711062231343 -0.04117555050920041 -0.11766843210262218
v -0.002270372498583973 -0.04052395059421787 -0.11783159434181728
v -0.009801657188576176 -0.04472278425922793 -0.1164267709718691
v -0.009097887471311019 -0.04512748932605781 -0.1164381463996555
v -0.00964379547148342 -0.04454803678388686 -0.11654796390975436
v -0.0031411737503482537 -0.03771056545082363 -0.11809213817743464
v -0.0036731592969327384 -0.03722612176326301 -0.11813184917785596
v -0.0035652066970481852 -0.037738008384256005 -0.11813975323096576
v -0.010988970324804505 -0.04355874459212261 -0.11648201542029385
v -0.010458380242229783 -0.04415711040423487 -0.11644608097034487
v -0.010575116659822805 -0.04352274910701448 -0.11663129979017745
v -0.002270372498583973 -0.04052395059421787 -0.11783159434181728
v -0.002274686444559138 -0.03961422536179926 -0.11792591655088719
v -0.002637512809143539 -0.03991963385408859 -0.1179457758657953
v -0.0035652066970481852 -0.037738008384256005 -0.11813975323096576
v -0.0036731592969327384 -0.03722612176326301 -0.11813184917785596
v -0.0037702400090938734 -0.03737368951929554 -0.11814668072152917
v -0.0023887246789643106 -0.041885820470914936 -0.11762713418806298
v -0.0027742234594052566 -0.04199940690209125 -0.1176333368861115
v -0.0029952713481698483 -0.042773210649782456 -0.11749553475554281
v -0.0023887246789643106 -0.041885820470914936 -0.11762713418806298
v -0.002270372498583973 -0.04052395059421787 -0.11783159434181728
v -0.0025636988903848805 -0.04110114865019776 -0.11778027140236785
v -0.004528089261550961 -0.04446296521612547 -0.11710619910472614
v -0.003775251329446034 -0.04426634045092692 -0.11713691504856788
v -0.003828818026249959 -0.043858015236220016 -0.11726728614851017
v -0.003775251329446034 -0.04426634045092692 -0.11713691504856788
v -0.003268028652918948 -0.04369894998208279 -0.11727546485983614
v -0.003828818026249959 -0.043858015236220016 -0.11726728614851017
v -0.00964379547148342 -0.04454803678388686 -0.11654796390975436
v -0.009376455752364567 -0.044332033355658496 -0.11666570073175281
v -0.010018041132874857 -0.04383844583831786 -0.11667040806840218
v -0.003268028652918948 -0.04369894998208279 -0.11727546485983614
v -0.002947788140119229 -0.04324288764352646 -0.11736961922221839
v -0.0029952713481698483 -0.042773210649782456 -0.11749553475554281
v -0.010575116659822805 -0.04352274910701448 -0.11663129979017745
v -0.00964379547148342 -0.04454803678388686 -0.11654796390975436
v -0.010018041132874857 -0.04383844583831786 -0.11667040806840218
v -0.007756813894582439 -0.044975549926751235 -0.11673763066680992
v -0.007406916970156831 -0.045401373158646674 -0.11663265782246851
v -0.006442988701716447 -0.04512748169666292 -0.1168291147409794
v -0.007406916970156831 -0.045401373158646674 -0.11663265782246851
v -0.006422983474630996 -0.0453422644217083 -0.11675259191019632
v -0.006442988701716447 -0.04512748169666292 -0.1168291147409794
v -0.0025636988903848805 -0.04110114865019776 -0.11778027140236785
v -0.002270372498583973 -0.04052395059421787 -0.11783159434181728
v -0.002637512809143539 -0.03991963385408859 -0.1179457758657953
v -0.002637512809143539 -0.03991963385408859 -0.1179457758657953
v -0.002744766127302373 -0.038596883699708595 -0.11805365550959118
v -0.003259839212756411 -0.038543096465708526 -0.11808633983731548
v -0.003268028652918948 -0.04369894998208279 -0.11727546485983614
v -0.0029952713481698483 -0.042773210649782456 -0.11749553475554281
v -0.003828818026249959 -0.043858015236220016 -0.11726728614851017
v -0.004528089261550961 -0.04446296521612547 -0.11710619910472614
v -0.003828818026249959 -0.043858015236220016 -0.11726728614851017
v -0.005018697500185632 -0.044484316077735286 -0.11708009894479504
v -0.007756813894582439 -0.044975549926751235 -0.11673763066680992
v -0.006442988701716447 -0.04512748169666292 -0.1168291147409794
v -0.006658295947660766 -0.044923475491904785 -0.11685476476661177
v -0.006442988701716447 -0.04512748169666292 -0.1168291147409794
v -0.005490776799646769 -0.045026773684067045 -0.11691867620763569
v -0.005018697500185632 -0.044484316077735286 -0.11708009894479504
v -0.005490776799646769 -0.045026773684067045 -0.11691867620763569
v -0.004528089261550961 -0.04446296521612547 -0.11710619910472614
v -0.005018697500185632 -0.044484316077735286 -0.11708009894479504
v -0.003828818026249959 -0.043858015236220016 -0.11726728614851017
v -0.0029952713481698483 -0.042773210649782456 -0.11749553475554281
v -0.0038377293979043057 -0.04350691048321531 -0.11733485969908303
v -0.003259839212756411 -0.038543096465708526 -0.11808633983731548
v -0.0035652066970481852 -0.037738008384256005 -0.11813975323096576
v -0.003956613251741293 -0.03760988795580733 -0.11814187420274619
v -0.005018697500185632 -0.044484316077735286 -0.11708009894479504
v -0.003828818026249959 -0.043858015236220016 -0.11726728614851017
v -0.0038377293979043057 -0.04350691048321531 -0.11733485969908303
v -0.0038377293979043057 -0.04350691048321531 -0.11733485969908303
v -0.0029952713481698483 -0.042773210649782456 -0.11749553475554281
v -0.0031652156425882047 -0.04240709887702199 -0.11755589852794118
v -0.0038433403410113873 -0.03500916838037549 -0.12258138094437315
v -0.0037354719028892544 -0.036374063312147875 -0.12240128907790909
v -0.003176798017711092 -0.03552668549479998 -0.1167741754683504
v -0.003176798017711092 -0.03552668549479998 -0.1167741754683504
v -0.00315107598966441 -0.03546116806615096 -0.11649937229367685
v -0.0038433403410113873 -0.03500916838037549 -0.12258138094437315
v -0.00315107598966441 -0.03546116806615096 -0.11649937229367685
v -0.0023653713396135094 -0.03294175113740305 -0.10779823052297295
v -0.0038433403410113873 -0.03500916838037549 -0.12258138094437315
v -0.00315107598966441 -0.03546116806615096 -0.11649937229367685
v -0.0022642942550396565 -0.034220712379791074 -0.10762947593732082
v -0.0023653713396135094 -0.03294175113740305 -0.10779823052297295
v -0.0038433403410113873 -0.03500916838037549 -0.12258138094437315
v -0.0023653713396135094 -0.03294175113740305 -0.10779823052297295
v -0.000997216629663525 -0.03342307058775473 -0.11226546248564334
v -0.0023653713396135094 -0.03294175113740305 -0.10779823052297295
v -0.0005757485901593946 -0.032826058993236096 -0.10799332940919278
v -0.000997216629663525 -0.03342307058775473 -0.11226546248564334
v -0.000997216629663525 -0.03342307058775473 -0.11226546248564334
v -0.0035474623934557423 -0.03498985456720227 -0.12261366091416809
v -0.0038433403410113873 -0.03500916838037549 -0.12258138094437315
v -0.005941584392470113 -0.03896460146009417 -0.12181844145501047
v -0.0060228837012937814 -0.038970956746040564 -0.1218094235102462
v -0.005628758697832637 -0.03841964522693475 -0.1178672465041552
v -0.005770781314289043 -0.038942426623835846 -0.12183861357510922
v -0.005941584392470113 -0.03896460146009417 -0.12181844145501047
v -0.005492702268183048 -0.03840783492363942 -0.11788251292333735
v -0.005568262364697985 -0.038898397385904726 -0.12186501128144117
v -0.005770781314289043 -0.038942426623835846 -0.12183861357510922
v -0.005215879688048598 -0.038358278189107864 -0.11791711222917994
v -0.005372458236287681 -0.03884050935214933 -0.12189269835551014
v -0.005568262364697985 -0.038898397385904726 -0.12186501128144117
v -0.0050516040340362065 -0.03831287947479334 -0.11793987834354253
v -0.005192082651701014 -0.038770345622010094 -0.12192054564687188
v -0.005372458236287681 -0.03884050935214933 -0.12189269835551014
v -0.004912207836771932 -0.03826475706650179 -0.11796054637430936
v -0.004960005042106142 -0.0386524256945342 -0.12196022612971363
v -0.005192082651701014 -0.038770345622010094 -0.12192054564687188
v -0.004777921903574845 -0.038208902266485545 -0.11798178660969322
v -0.004796181429741198 -0.03855156509404045 -0.12199071319170857
v -0.004960005042106142 -0.0386524256945342 -0.12196022612971363
v -0.0044278061108832265 -0.03801751126618402 -0.11804355419075202
v -0.004589405277799497 -0.03839637175781174 -0.12203309448034266
v -0.004796181429741198 -0.03855156509404045 -0.12199071319170857
v -0.004182090957915997 -0.037835370907191024 -0.11809372509157251
v -0.004182090957915997 -0.037835370907191024 -0.11809372509157251
v -0.004342551437644394 -0.03815503492383909 -0.12209152038643806
v -0.004589405277799497 -0.03839637175781174 -0.12203309448034266
v -0.004182090957915997 -0.037835370907191024 -0.11809372509157251
v -0.003956613251741293 -0.03760988795580733 -0.11814187420274619
v -0.004342551437644394 -0.03815503492383909 -0.12209152038643806
v -0.003956613251741293 -0.03760988795580733 -0.11814187420274619
v -0.0038464493194305402 -0.03747754847198248 -0.11815018261378535
v -0.004342551437644394 -0.03815503492383909 -0.12209152038643806
v -0.004218382558913437 -0.03800003613718017 -0.12212560852282278
v -0.004342551437644394 -0.03815503492383909 -0.12209152038643806
v -0.0038464493194305402 -0.03747754847198248 -0.11815018261378535
v -0.004192864140342979 -0.03796542920194268 -0.1221330014064747
v -0.00381425589558393 -0.03743509088939945 -0.11814948070945513
v -0.0037702400090938734 -0.03737368951929554 -0.11814668072152917
v -0.004192864140342979 -0.03796542920194268 -0.1221330014064747
v -0.004218382558913437 -0.03800003613718017 -0.12212560852282278
v -0.00381425589558393 -0.03743509088939945 -0.11814948070945513
v -0.004155624110192825 -0.03791269482443793 -0.12214410217604493
v -0.004192864140342979 -0.03796542920194268 -0.1221330014064747
v -0.0037702400090938734 -0.03737368951929554 -0.11814668072152917
v -0.004079230025448578 -0.0377949999641114 -0.1221682034345139
v -0.004155624110192825 -0.03791269482443793 -0.12214410217604493
v -0.0037702400090938734 -0.03737368951929554 -0.11814668072152917
v -0.0037702400090938734 -0.03737368951929554 -0.11814668072152917
v -0.0036731592969327384 -0.03722612176326301 -0.11813184917785596
v -0.004079230025448578 -0.0377949999641114 -0.1221682034345139
v -0.003984985064001968 -0.03762248027207926 -0.12220174225446628
v -0.004079230025448578 -0.0377949999641114 -0.1221682034345139
v -0.0036731592969327384 -0.03722612176326301 -0.11813184917785596
v -0.0036731592969327384 -0.03722612176326301 -0.11813184917785596
v -0.003571327855938778 -0.03704179939733043 -0.11809364116822868
v -0.003984985064001968 -0.03762248027207926 -0.12220174225446628
v -0.003882870143303991 -0.03739116464829939 -0.12224430664857783
v -0.003984985064001968 -0.03762248027207926 -0.12220174225446628
v -0.003571327855938778 -0.03704179939733043 -0.11809364116822868
v -0.003571327855938778 -0.03704179939733043 -0.11809364116822868
v -0.0034644252515264604 -0.0368093050320395 -0.11801668346193667
v -0.003882870143303991 -0.03739116464829939 -0.12224430664857783
v -0.0034644252515264604 -0.0368093050320395 -0.11801668346193667
v -0.0033843769250467568 -0.03658389455990729 -0.11791697490007186
v -0.003882870143303991 -0.03739116464829939 -0.12224430664857783
v -0.003805697621862004 -0.037139024591157366 -0.12228728303001363
v -0.003882870143303991 -0.03739116464829939 -0.12224430664857783
v -0.0033843769250467568 -0.03658389455990729 -0.11791697490007186
v -0.0033843769250467568 -0.03658389455990729 -0.11791697490007186
v -0.0033259286076038628 -0.03638767033794066 -0.11780386149137895
v -0.003805697621862004 -0.037139024591157366 -0.12228728303001363
v -0.003757835089834017 -0.03691034873801069 -0.12232404908400601
v -0.003805697621862004 -0.037139024591157366 -0.12228728303001363
v -0.0033259286076038628 -0.03638767033794066 -0.11780386149137895
v -0.003729872880711694 -0.03660245306298604 -0.12236990174731671
v -0.003757835089834017 -0.03691034873801069 -0.12232404908400601
v -0.0032522038573980236 -0.0360247209493636 -0.11752182565034625
v -0.0032522038573980236 -0.0360247209493636 -0.11752182565034625
v -0.0032139207459147565 -0.03575612047273857 -0.11722352393940033
v -0.003729872880711694 -0.03660245306298604 -0.12236990174731671
v -0.0037354719028892544 -0.036374063312147875 -0.12240128907790909
v -0.003729872880711694 -0.03660245306298604 -0.12236990174731671
v -0.0032139207459147565 -0.03575612047273857 -0.11722352393940033
v -0.0032139207459147565 -0.03575612047273857 -0.11722352393940033
v -0.003176798017711092 -0.03552668549479998 -0.1167741754683504
v -0.0037354719028892544 -0.036374063312147875 -0.12240128907790909
v -0.0033259286076038628 -0.03638767033794066 -0.11780386149137895
v -0.0032522038573980236 -0.0360247209493636 -0.11752182565034625
v -0.003757835089834017 -0.03691034873801069 -0.12232404908400601
v -0.0038464493194305402 -0.03747754847198248 -0.11815018261378535
v -0.00381425589558393 -0.03743509088939945 -0.11814948070945513
v -0.004218382558913437 -0.03800003613718017 -0.12212560852282278
v -0.0044278061108832265 -0.03801751126618402 -0.11804355419075202
v -0.004182090957915997 -0.037835370907191024 -0.11809372509157251
v -0.004796181429741198 -0.03855156509404045 -0.12199071319170857
v -0.004593066910511257 -0.038117933176471386 -0.11801299083480815
v -0.0044278061108832265 -0.03801751126618402 -0.11804355419075202
v -0.004960005042106142 -0.0386524256945342 -0.12196022612971363
v -0.004777921903574845 -0.038208902266485545 -0.11798178660969322
v -0.004593066910511257 -0.038117933176471386 -0.11801299083480815
v -0.004960005042106142 -0.0386524256945342 -0.12196022612971363
v -0.004912207836771932 -0.03826475706650179 -0.11796054637430936
v -0.004777921903574845 -0.038208902266485545 -0.11798178660969322
v -0.005192082651701014 -0.038770345622010094 -0.12192054564687188
v -0.004952740904493048 -0.03827969160700606 -0.11795440471141999
v -0.004912207836771932 -0.03826475706650179 -0.11796054637430936
v -0.005372458236287681 -0.03884050935214933 -0.12189269835551014
v -0.004993539093686717 -0.03829391661378523 -0.11794833934247956
v -0.004952740904493048 -0.03827969160700606 -0.11795440471141999
v -0.005372458236287681 -0.03884050935214933 -0.12189269835551014
v -0.0050516040340362065 -0.03831287947479334 -0.11793987834354253
v -0.004993539093686717 -0.03829391661378523 -0.11794833934247956
v -0.005372458236287681 -0.03884050935214933 -0.12189269835551014
v -0.005117402319784748 -0.03833228102600783 -0.11793059336995698
v -0.0050516040340362065 -0.03831287947479334 -0.11793987834354253
v -0.005568262364697985 -0.038898397385904726 -0.12186501128144117
v -0.005215879688048598 -0.038358278189107864 -0.11791711222917994
v -0.005117402319784748 -0.03833228102600783 -0.11793059336995698
v -0.005568262364697985 -0.038898397385904726 -0.12186501128144117
v -0.005349285856647013 -0.038385499870088324 -0.11789996897885396
v -0.005215879688048598 -0.038358278189107864 -0.11791711222917994
v -0.005770781314289043 -0.038942426623835846 -0.12183861357510922
v -0.005492702268183048 -0.03840783492363942 -0.11788251292333735
v -0.005349285856647013 -0.038385499870088324 -0.11789996897885396
v -0.005770781314289043 -0.038942426623835846 -0.12183861357510922
v -0.005628758697832637 -0.03841964522693475 -0.1178672465041552
v -0.005492702268183048 -0.03840783492363942 -0.11788251292333735
v -0.005941584392470113 -0.03896460146009417 -0.12181844145501047
v -0.004912207836771932 -0.03826475706650179 -0.11796054637430936
v -0.009376455752364567 -0.044332033355658496 -0.11666570073175281
v -0.007756813894582439 -0.044975549926751235 -0.11673763066680992
v -0.0038377293979043057 -0.04350691048321531 -0.11733485969908303
v -0.0031652156425882047 -0.04240709887702199 -0.11755589852794118
v -0.004912207836771932 -0.03826475706650179 -0.11796054637430936
v -0.005018697500185632 -0.044484316077735286 -0.11708009894479504
v -0.0038377293979043057 -0.04350691048321531 -0.11733485969908303
v -0.004912207836771932 -0.03826475706650179 -0.11796054637430936
v -0.004912207836771932 -0.03826475706650179 -0.11796054637430936
v -0.006658295947660766 -0.044923475491904785 -0.11685476476661177
v -0.005018697500185632 -0.044484316077735286 -0.11708009894479504
v -0.007756813894582439 -0.044975549926751235 -0.11673763066680992
v -0.006658295947660766 -0.044923475491904785 -0.11685476476661177
v -0.004912207836771932 -0.03826475706650179 -0.11796054637430936
v -0.004912207836771932 -0.03826475706650179 -0.11796054637430936
v -0.010018041132874857 -0.04383844583831786 -0.11667040806840218
v -0.009376455752364567 -0.044332033355658496 -0.11666570073175281
v -0.004912207836771932 -0.03826475706650179 -0.11796054637430936
v -0.010050537586749899 -0.043581438227233704 -0.1167032983897886
v -0.010018041132874857 -0.04383844583831786 -0.11667040806840218
v -0.004182090957915997 -0.037835370907191024 -0.11809372509157251
v -0.003259839212756411 -0.038543096465708526 -0.11808633983731548
v -0.003956613251741293 -0.03760988795580733 -0.11814187420274619
v -0.0044278061108832265 -0.03801751126618402 -0.11804355419075202
v -0.002797401084254914 -0.04105824474801345 -0.11778132425886317
v -0.003259839212756411 -0.038543096465708526 -0.11808633983731548
v -0.010050537586749899 -0.043581438227233704 -0.1167032983897886
v -0.004912207836771932 -0.03826475706650179 -0.11796054637430936
v -0.004952740904493048 -0.03827969160700606 -0.11795440471141999
v -0.014830789316790386 -0.04100206569871423 -0.1165861108842225
v -0.005349285856647013 -0.038385499870088324 -0.11789996897885396
v -0.005492702268183048 -0.03840783492363942 -0.11788251292333735
v -0.011914478867909308 -0.04081332591313824 -0.11690406591641439
v -0.004993539093686717 -0.03829391661378523 -0.11794833934247956
v -0.0050516040340362065 -0.03831287947479334 -0.11793987834354253
v -0.004952740904493048 -0.03827969160700606 -0.11795440471141999
v -0.010143345360933422 -0.043491449514463376 -0.11670660191777754
v -0.010050537586749899 -0.043581438227233704 -0.1167032983897886
v -0.004777921903574845 -0.038208902266485545 -0.11798178660969322
v -0.0031652156425882047 -0.04240709887702199 -0.11755589852794118
v -0.002797401084254914 -0.04105824474801345 -0.11778132425886317
v -0.003259839212756411 -0.038543096465708526 -0.11808633983731548
v -0.004182090957915997 -0.037835370907191024 -0.11809372509157251
v -0.0044278061108832265 -0.03801751126618402 -0.11804355419075202
v -0.011914478867909308 -0.04081332591313824 -0.11690406591641439
v -0.005117402319784748 -0.03833228102600783 -0.11793059336995698
v -0.005215879688048598 -0.038358278189107864 -0.11791711222917994
v -0.0050516040340362065 -0.03831287947479334 -0.11793987834354253
v -0.005117402319784748 -0.03833228102600783 -0.11793059336995698
v -0.011914478867909308 -0.04081332591313824 -0.11690406591641439
v -0.0031652156425882047 -0.04240709887702199 -0.11755589852794118
v -0.004777921903574845 -0.038208902266485545 -0.11798178660969322
v -0.004912207836771932 -0.03826475706650179 -0.11796054637430936
v -0.002797401084254914 -0.04105824474801345 -0.11778132425886317
v -0.0044278061108832265 -0.03801751126618402 -0.11804355419075202
v -0.004593066910511257 -0.038117933176471386 -0.11801299083480815
v -0.005492702268183048 -0.03840783492363942 -0.11788251292333735
v -0.005628758697832637 -0.03841964522693475 -0.1178672465041552
v -0.014830789316790386 -0.04100206569871423 -0.1165861108842225
v -0.005215879688048598 -0.038358278189107864 -0.11791711222917994
v -0.005349285856647013 -0.038385499870088324 -0.11789996897885396
v -0.014830789316790386 -0.04100206569871423 -0.1165861108842225
v -0.005215879688048598 -0.038358278189107864 -0.11791711222917994
v -0.014830789316790386 -0.04100206569871423 -0.1165861108842225
v -0.011914478867909308 -0.04081332591313824 -0.11690406591641439
v -0.002797401084254914 -0.04105824474801345 -0.11778132425886317
v -0.004593066910511257 -0.038117933176471386 -0.11801299083480815
v -0.004777921903574845 -0.038208902266485545 -0.11798178660969322
v -0.011914478867909308 -0.04081332591313824 -0.11690406591641439
v -0.004952740904493048 -0.03827969160700606 -0.11795440471141999
v -0.004993539093686717 -0.03829391661378523 -0.11794833934247956
v -0.005628758697832637 -0.03841964522693475 -0.1178672465041552
v -0.017497370597315823 -0.03918778033421999 -0.11657324009503695
v -0.014830789316790386 -0.04100206569871423 -0.1165861108842225
v -0.011914478867909308 -0.04081332591313824 -0.11690406591641439
v -0.011694959242309346 -0.04359175316912989 -0.11653745060359094
v -0.010143345360933422 -0.043491449514463376 -0.11670660191777754
v -0.017121243336408746 -0.04394254130224651 -0.1159458902117238
v -0.014611034133623083 -0.04378008096738162 -0.11621957949474288
v -0.014830789316790386 -0.04100206569871423 -0.1165861108842225
v -0.010143345360933422 -0.043491449514463376 -0.11670660191777754
v -0.004952740904493048 -0.03827969160700606 -0.11795440471141999
v -0.011914478867909308 -0.04081332591313824 -0.11690406591641439
v -0.014830789316790386 -0.04100206569871423 -0.1165861108842225
v -0.017497370597315823 -0.03918778033421999 -0.11657324009503695
v -0.017121243336408746 -0.04394254130224651 -0.1159458902117238
v -0.01394870347472266 -0.04147009474316121 -0.12066223717646091
v -0.014158528046761546 -0.03949646946631358 -0.12091463281833187
v -0.013923264211124223 -0.03948226734771909 -0.12094805719736085
v -0.014301358902239495 -0.04148889357217911 -0.12059326744662252
v -0.01460342381221669 -0.03951888462851105 -0.12081778527955217
v -0.014158528046761546 -0.03949646946631358 -0.12091463281833187
v -0.014703403217600223 -0.041504686419608916 -0.12047192192083939
v -0.015033571957342454 -0.03953236576928809 -0.12066208458856303
v -0.01460342381221669 -0.03951888462851105 -0.12081778527955217
v -0.015123583558297463 -0.041514143054579566 -0.12029167746647745
v -0.01533189178810124 -0.039537977189232354 -0.12052578544878839
v -0.015033571957342454 -0.03953236576928809 -0.12066208458856303
v -0.015471272249738547 -0.041516061847395314 -0.12009775350707125
v -0.01565253522831878 -0.039539209336507675 -0.12034282492984433
v -0.01533189178810124 -0.039537977189232354 -0.12052578544878839
v -0.015802099978464716 -0.04151170546291105 -0.11986639210692202
v -0.0159118946003789 -0.03953569600015916 -0.12016072653252324
v -0.01565253522831878 -0.039539209336507675 -0.12034282492984433
v -0.015802099978464716 -0.04151170546291105 -0.11986639210692202
v -0.016156273655565382 -0.03952874180671362 -0.1199614619966915
v -0.0159118946003789 -0.03953569600015916 -0.12016072653252324
v -0.016048107909460988 -0.04150365263660083 -0.1196578731150843
v -0.016398207489688458 -0.039517793625041264 -0.11973346515969036
v -0.016156273655565382 -0.03952874180671362 -0.1199614619966915
v -0.016446814364555754 -0.041480039659405055 -0.11924073594927526
v -0.0166240204124013 -0.039501607863774435 -0.11947541613620322
v -0.016398207489688458 -0.039517793625041264 -0.11973346515969036
v -0.016446814364555754 -0.041480039659405055 -0.11924073594927526
v -0.01673555453635123 -0.03949145313917102 -0.11933156389548388
v -0.0166240204124013 -0.039501607863774435 -0.11947541613620322
v -0.01689487918991484 -0.03947355076405312 -0.11910034745383763
v -0.01673555453635123 -0.03949145313917102 -0.11933156389548388
v -0.016309538662234727 -0.04470987913776536 -0.11866213789933239
v -0.016432106798549565 -0.0447107946651526 -0.11848433485133641
v -0.016540034126063533 -0.04472076628427857 -0.11830606641025193
v -0.01689487918991484 -0.03947355076405312 -0.11910034745383763
v -0.017035702560861402 -0.03945288273328629 -0.11885927383398881
v -0.01689487918991484 -0.03947355076405312 -0.11910034745383763
v -0.016540034126063533 -0.04472076628427857 -0.11830606641025193
v -0.017139920095108344 -0.03943367954633903 -0.1186512354940294
v -0.017035702560861402 -0.03945288273328629 -0.11885927383398881
v -0.01662835963074705 -0.044728586414044536 -0.11814443005003555
v -0.017253771647757214 -0.03940814014693261 -0.11838943280825459
v -0.017139920095108344 -0.03943367954633903 -0.1186512354940294
v -0.016721348603059297 -0.044743860462621576 -0.11794734752114339
v -0.016721348603059297 -0.044743860462621576 -0.11794734752114339
v -0.016824063146512195 -0.044767000417333946 -0.1176965311640154
v -0.017253771647757214 -0.03940814014693261 -0.11838943280825459
v -0.01734434782393435 -0.039379899941733854 -0.11812106884287127
v -0.017253771647757214 -0.03940814014693261 -0.11838943280825459
v -0.01689981731575974 -0.04479212401471866 -0.11746184334769255
v -0.017382723680249294 -0.039365232430050856 -0.11798691356306173
v -0.01734434782393435 -0.039379899941733854 -0.11812106884287127
v -0.016926739542990624 -0.044802820426359524 -0.11736543831381668
v -0.017438397282136812 -0.039339006385104014 -0.11775475870584357
v -0.017382723680249294 -0.039365232430050856 -0.11798691356306173
v -0.01697200283554579 -0.04482263396489827 -0.11718311866404368
v -0.017487591620410917 -0.039301320989026944 -0.1174396341791572
v -0.017438397282136812 -0.039339006385104014 -0.11775475870584357
v -0.017029215667853096 -0.04485578750040853 -0.1168675440030586
v -0.017514380333231164 -0.03926338763761583 -0.11713607581512958
v -0.017487591620410917 -0.039301320989026944 -0.1174396341791572
v -0.017054158067109085 -0.04487969420930771 -0.11663068180919106
v -0.017516316292185422 -0.03923104663266175 -0.11688979894796331
v -0.017514380333231164 -0.03926338763761583 -0.11713607581512958
v -0.017068713045217402 -0.04490523742341157 -0.11637065677242647
v -0.017509291526837115 -0.0392071589972498 -0.11671298009190861
v -0.017516316292185422 -0.03923104663266175 -0.11688979894796331
v -0.017065249299935695 -0.0449283659340316 -0.11612573793755127
v -0.017509291526837115 -0.0392071589972498 -0.11671298009190861
v -0.017055130814958023 -0.04494420074313332 -0.11595364930633062
v -0.017121243336408746 -0.04394254130224651 -0.1159458902117238
v -0.017055130814958023 -0.04494420074313332 -0.11595364930633062
v -0.017041001175615026 -0.044956911315026105 -0.1158120553664998
v -0.017121243336408746 -0.04394254130224651 -0.1159458902117238
v -0.017121243336408746 -0.04394254130224651 -0.1159458902117238
v -0.017497370597315823 -0.03918778033421999 -0.11657324009503695
v -0.017509291526837115 -0.0392071589972498 -0.11671298009190861
v -0.017065249299935695 -0.0449283659340316 -0.11612573793755127
v -0.017055130814958023 -0.04494420074313332 -0.11595364930633062
v -0.017509291526837115 -0.0392071589972498 -0.11671298009190861
v -0.017068713045217402 -0.04490523742341157 -0.11637065677242647
v -0.017065249299935695 -0.0449283659340316 -0.11612573793755127
v -0.017516316292185422 -0.03923104663266175 -0.11688979894796331
v -0.017054158067109085 -0.04487969420930771 -0.11663068180919106
v -0.017068713045217402 -0.04490523742341157 -0.11637065677242647
v -0.017514380333231164 -0.03926338763761583 -0.11713607581512958
v -0.017029215667853096 -0.04485578750040853 -0.1168675440030586
v -0.017054158067109085 -0.04487969420930771 -0.11663068180919106
v -0.017487591620410917 -0.039301320989026944 -0.1174396341791572
v -0.01697200283554579 -0.04482263396489827 -0.11718311866404368
v -0.017029215667853096 -0.04485578750040853 -0.1168675440030586
v -0.017438397282136812 -0.039339006385104014 -0.11775475870584357
v -0.016926739542990624 -0.044802820426359524 -0.11736543831381668
v -0.01697200283554579 -0.04482263396489827 -0.11718311866404368
v -0.017382723680249294 -0.039365232430050856 -0.11798691356306173
v -0.01689981731575974 -0.04479212401471866 -0.11746184334769255
v -0.016926739542990624 -0.044802820426359524 -0.11736543831381668
v -0.01734434782393435 -0.039379899941733854 -0.11812106884287127
v -0.016824063146512195 -0.044767000417333946 -0.1176965311640154
v -0.01689981731575974 -0.04479212401471866 -0.11746184334769255
v -0.017253771647757214 -0.03940814014693261 -0.11838943280825459
v -0.01662835963074705 -0.044728586414044536 -0.11814443005003555
v -0.016721348603059297 -0.044743860462621576 -0.11794734752114339
v -0.017139920095108344 -0.03943367954633903 -0.1186512354940294
v -0.016540034126063533 -0.04472076628427857 -0.11830606641025193
v -0.01662835963074705 -0.044728586414044536 -0.11814443005003555
v -0.017035702560861402 -0.03945288273328629 -0.11885927383398881
v -0.016309538662234727 -0.04470987913776536 -0.11866213789933239
v -0.016432106798549565 -0.0447107946651526 -0.11848433485133641
v -0.01689487918991484 -0.03947355076405312 -0.11910034745383763
v -0.016398207489688458 -0.039517793625041264 -0.11973346515969036
v -0.01624373131657975 -0.041494272295579115 -0.11946946520818619
v -0.016446814364555754 -0.041480039659405055 -0.11924073594927526
v -0.016398207489688458 -0.039517793625041264 -0.11973346515969036
v -0.016048107909460988 -0.04150365263660083 -0.1196578731150843
v -0.01624373131657975 -0.041494272295579115 -0.11946946520818619
v -0.016156273655565382 -0.03952874180671362 -0.1199614619966915
v -0.015802099978464716 -0.04151170546291105 -0.11986639210692202
v -0.016048107909460988 -0.04150365263660083 -0.1196578731150843
v -0.01565253522831878 -0.039539209336507675 -0.12034282492984433
v -0.015471272249738547 -0.041516061847395314 -0.12009775350707125
v -0.015802099978464716 -0.04151170546291105 -0.11986639210692202
v -0.01533189178810124 -0.039537977189232354 -0.12052578544878839
v -0.015123583558297463 -0.041514143054579566 -0.12029167746647745
v -0.015471272249738547 -0.041516061847395314 -0.12009775350707125
v -0.015033571957342454 -0.03953236576928809 -0.12066208458856303
v -0.014703403217600223 -0.041504686419608916 -0.12047192192083939
v -0.015123583558297463 -0.041514143054579566 -0.12029167746647745
v -0.01460342381221669 -0.03951888462851105 -0.12081778527955217
v -0.014301358902239495 -0.04148889357217911 -0.12059326744662252
v -0.014703403217600223 -0.041504686419608916 -0.12047192192083939
v -0.014158528046761546 -0.03949646946631358 -0.12091463281833187
v -0.01394870347472266 -0.04147009474316121 -0.12066223717646091
v -0.014301358902239495 -0.04148889357217911 -0.12059326744662252
v -0.013923264211124223 -0.03948226734771909 -0.12094805719736085
v -0.01376689308705881 -0.04145901304707822 -0.12068724633292222
v -0.01394870347472266 -0.04147009474316121 -0.12066223717646091
v -0.014141475395499929 -0.03930447574381546 -0.11946970171942789
v -0.013875673953126503 -0.039295179326137575 -0.11955861468751822
v -0.01460342381221669 -0.03951888462851105 -0.12081778527955217
v -0.01437326213441448 -0.039303354222766096 -0.11932225603371366
v -0.014141475395499929 -0.03930447574381546 -0.11946970171942789
v -0.015033571957342454 -0.03953236576928809 -0.12066208458856303
v -0.015033571957342454 -0.03953236576928809 -0.12066208458856303
v -0.01533189178810124 -0.039537977189232354 -0.12052578544878839
v -0.01437326213441448 -0.039303354222766096 -0.11932225603371366
v -0.01261950457430883 -0.03901647371597594 -0.11819937695205945
v -0.012689026481602642 -0.03899800295093847 -0.11801770580085241
v -0.005628758697832637 -0.03841964522693475 -0.1178672465041552
v -0.012582187296535378 -0.039041284508170015 -0.11840982618080526
v -0.01261950457430883 -0.03901647371597594 -0.11819937695205945
v -0.005628758697832637 -0.03841964522693475 -0.1178672465041552
v -0.0060228837012937814 -0.038970956746040564 -0.1218094235102462
v -0.013278458272294461 -0.03924067111432006 -0.1195035686033607
v -0.013082822467408998 -0.039212781861286405 -0.1194094829055325
v -0.013278458272294461 -0.03924067111432006 -0.1195035686033607
v -0.0060228837012937814 -0.038970956746040564 -0.1218094235102462
v -0.013923264211124223 -0.03948226734771909 -0.12094805719736085
v -0.014158528046761546 -0.03949646946631358 -0.12091463281833187
v -0.01460342381221669 -0.03951888462851105 -0.12081778527955217
v -0.013875673953126503 -0.039295179326137575 -0.11955861468751822
v -0.0144997727605406 -0.039296941716358 -0.11919780534420882
v -0.01437326213441448 -0.039303354222766096 -0.11932225603371366
v -0.01565253522831878 -0.039539209336507675 -0.12034282492984433
v -0.012844057693189862 -0.038978773061109084 -0.11777903544039509
v -0.012978756567385567 -0.03897238344288567 -0.11764982400847662
v -0.005628758697832637 -0.03841964522693475 -0.1178672465041552
v -0.013881852809315979 -0.03901230043696913 -0.11741094765435717
v -0.014023275087761692 -0.039027841514367445 -0.11744393715787721
v -0.017497370597315823 -0.03918778033421999 -0.11657324009503695
v -0.005628758697832637 -0.03841964522693475 -0.1178672465041552
v -0.013069308901703661 -0.03897063631145503 -0.11758230386366803
v -0.013181338936321677 -0.03897058672038822 -0.11751479897764922
v -0.0060228837012937814 -0.038970956746040564 -0.1218094235102462
v -0.012614777210497866 -0.03909112353031263 -0.11876801864166614
v -0.012595890643438693 -0.039077821680315594 -0.11867851058077411
v -0.01533189178810124 -0.039537977189232354 -0.12052578544878839
v -0.01565253522831878 -0.039539209336507675 -0.12034282492984433
v -0.01437326213441448 -0.039303354222766096 -0.11932225603371366
v -0.014777921424875 -0.039215681031345984 -0.11841515149844101
v -0.014734451993794199 -0.03925937839059923 -0.11877239028494019
v -0.017035702560861402 -0.03945288273328629 -0.11885927383398881
v -0.017382723680249294 -0.039365232430050856 -0.11798691356306173
v -0.017438397282136812 -0.039339006385104014 -0.11775475870584357
v -0.014777921424875 -0.039215681031345984 -0.11841515149844101
v -0.0137551295138072 -0.039000345175170814 -0.11739628395737162
v -0.013881852809315979 -0.03901230043696913 -0.11741094765435717
v -0.017497370597315823 -0.03918778033421999 -0.11657324009503695
v -0.017497370597315823 -0.03918778033421999 -0.11657324009503695
v -0.013573836971321755 -0.03898637193842314 -0.11739912209227205
v -0.0137551295138072 -0.039000345175170814 -0.11739628395737162
v -0.013181338936321677 -0.03897058672038822 -0.11751479897764922
v -0.013314045584775783 -0.03897371477229461 -0.1174589136600534
v -0.005628758697832637 -0.03841964522693475 -0.1178672465041552
v -0.005628758697832637 -0.03841964522693475 -0.1178672465041552
v -0.012978756567385567 -0.03897238344288567 -0.11764982400847662
v -0.013069308901703661 -0.03897063631145503 -0.11758230386366803
v -0.012595890643438693 -0.039077821680315594 -0.11867851058077411
v -0.005628758697832637 -0.03841964522693475 -0.1178672465041552
v -0.0060228837012937814 -0.038970956746040564 -0.1218094235102462
v -0.012595890643438693 -0.039077821680315594 -0.11867851058077411
v -0.012582236887602186 -0.039062810845862384 -0.11857295027302589
v -0.005628758697832637 -0.03841964522693475 -0.1178672465041552
v -0.01460342381221669 -0.03951888462851105 -0.12081778527955217
v -0.015033571957342454 -0.03953236576928809 -0.12066208458856303
v -0.014141475395499929 -0.03930447574381546 -0.11946970171942789
v -0.014619166114905328 -0.03928532214793501 -0.11903816788545457
v -0.0144997727605406 -0.039296941716358 -0.11919780534420882
v -0.0159118946003789 -0.03953569600015916 -0.12016072653252324
v -0.014734451993794199 -0.03925937839059923 -0.11877239028494019
v -0.014619166114905328 -0.03928532214793501 -0.11903816788545457
v -0.016398207489688458 -0.039517793625041264 -0.11973346515969036
v -0.0166240204124013 -0.039501607863774435 -0.11947541613620322
v -0.01673555453635123 -0.03949145313917102 -0.11933156389548388
v -0.014734451993794199 -0.03925937839059923 -0.11877239028494019
v -0.017253771647757214 -0.03940814014693261 -0.11838943280825459
v -0.01734434782393435 -0.039379899941733854 -0.11812106884287127
v -0.014777921424875 -0.039215681031345984 -0.11841515149844101
v -0.014724619611125037 -0.03917687411421955 -0.11815297497231642
v -0.014777921424875 -0.039215681031345984 -0.11841515149844101
v -0.017438397282136812 -0.039339006385104014 -0.11775475870584357
v -0.014640035370962482 -0.03914299960089185 -0.11794694316321402
v -0.014724619611125037 -0.03917687411421955 -0.11815297497231642
v -0.017514380333231164 -0.03926338763761583 -0.11713607581512958
v -0.005628758697832637 -0.03841964522693475 -0.1178672465041552
v -0.013416704815115702 -0.03897770876052142 -0.11742761025280485
v -0.013481133147643657 -0.03898091310637675 -0.11741327461979972
v -0.005628758697832637 -0.03841964522693475 -0.1178672465041552
v -0.013314045584775783 -0.03897371477229461 -0.1174589136600534
v -0.013416704815115702 -0.03897770876052142 -0.11742761025280485
v -0.0060228837012937814 -0.038970956746040564 -0.1218094235102462
v -0.012949117321898188 -0.039188802673135736 -0.11930789751252385
v -0.012818052900694935 -0.03916101641693315 -0.11917587846328453
v -0.013541567491944798 -0.039270639377462224 -0.11957294269112845
v -0.013278458272294461 -0.03924067111432006 -0.1195035686033607
v -0.013923264211124223 -0.03948226734771909 -0.12094805719736085
v -0.016156273655565382 -0.03952874180671362 -0.1199614619966915
v -0.016398207489688458 -0.039517793625041264 -0.11973346515969036
v -0.014619166114905328 -0.03928532214793501 -0.11903816788545457
v -0.016398207489688458 -0.039517793625041264 -0.11973346515969036
v -0.0166240204124013 -0.039501607863774435 -0.11947541613620322
v -0.014734451993794199 -0.03925937839059923 -0.11877239028494019
v -0.01673555453635123 -0.03949145313917102 -0.11933156389548388
v -0.01689487918991484 -0.03947355076405312 -0.11910034745383763
v -0.014734451993794199 -0.03925937839059923 -0.11877239028494019
v -0.01689487918991484 -0.03947355076405312 -0.11910034745383763
v -0.017035702560861402 -0.03945288273328629 -0.11885927383398881
v -0.014734451993794199 -0.03925937839059923 -0.11877239028494019
v -0.017035702560861402 -0.03945288273328629 -0.11885927383398881
v -0.017139920095108344 -0.03943367954633903 -0.1186512354940294
v -0.014777921424875 -0.039215681031345984 -0.11841515149844101
v -0.017514380333231164 -0.03926338763761583 -0.11713607581512958
v -0.017516316292185422 -0.03923104663266175 -0.11688979894796331
v -0.014640035370962482 -0.03914299960089185 -0.11794694316321402
v -0.017516316292185422 -0.03923104663266175 -0.11688979894796331
v -0.017509291526837115 -0.0392071589972498 -0.11671298009190861
v -0.014640035370962482 -0.03914299960089185 -0.11794694316321402
v -0.017497370597315823 -0.03918778033421999 -0.11657324009503695
v -0.014023275087761692 -0.039027841514367445 -0.11744393715787721
v -0.014262594900459339 -0.03906093401471855 -0.11755129037342543
v -0.013481133147643657 -0.03898091310637675 -0.11741327461979972
v -0.017497370597315823 -0.03918778033421999 -0.11657324009503695
v -0.005628758697832637 -0.03841964522693475 -0.1178672465041552
v -0.012753789553831555 -0.03898820299319761 -0.11790463053913397
v -0.012844057693189862 -0.038978773061109084 -0.11777903544039509
v -0.005628758697832637 -0.03841964522693475 -0.1178672465041552
v -0.005628758697832637 -0.03841964522693475 -0.1178672465041552
v -0.012582236887602186 -0.039062810845862384 -0.11857295027302589
v -0.012582187296535378 -0.039041284508170015 -0.11840982618080526
v -0.013923264211124223 -0.03948226734771909 -0.12094805719736085
v -0.014158528046761546 -0.03949646946631358 -0.12091463281833187
v -0.013875673953126503 -0.039295179326137575 -0.11955861468751822
v -0.01734434782393435 -0.039379899941733854 -0.11812106884287127
v -0.017382723680249294 -0.039365232430050856 -0.11798691356306173
v -0.014777921424875 -0.039215681031345984 -0.11841515149844101
v -0.017438397282136812 -0.039339006385104014 -0.11775475870584357
v -0.017487591620410917 -0.039301320989026944 -0.1174396341791572
v -0.014724619611125037 -0.03917687411421955 -0.11815297497231642
v -0.017497370597315823 -0.03918778033421999 -0.11657324009503695
v -0.014517740939189453 -0.03911057848729138 -0.11777451883861806
v -0.014640035370962482 -0.03914299960089185 -0.11794694316321402
v -0.013481133147643657 -0.03898091310637675 -0.11741327461979972
v -0.013573836971321755 -0.03898637193842314 -0.11739912209227205
v -0.017497370597315823 -0.03918778033421999 -0.11657324009503695
v -0.013082822467408998 -0.039212781861286405 -0.1194094829055325
v -0.012949117321898188 -0.039188802673135736 -0.11930789751252385
v -0.0060228837012937814 -0.038970956746040564 -0.1218094235102462
v -0.0159118946003789 -0.03953569600015916 -0.12016072653252324
v -0.016156273655565382 -0.03952874180671362 -0.1199614619966915
v -0.014619166114905328 -0.03928532214793501 -0.11903816788545457
v -0.017497370597315823 -0.03918778033421999 -0.11657324009503695
v -0.014428613394367743 -0.039091226527143697 -0.11768132577999241
v -0.014517740939189453 -0.03911057848729138 -0.11777451883861806
v -0.012689026481602642 -0.03899800295093847 -0.11801770580085241
v -0.012753789553831555 -0.03898820299319761 -0.11790463053913397
v -0.005628758697832637 -0.03841964522693475 -0.1178672465041552
v -0.012669625884062511 -0.039117132137505006 -0.11893224136675146
v -0.012614777210497866 -0.03909112353031263 -0.11876801864166614
v -0.0060228837012937814 -0.038970956746040564 -0.1218094235102462
v -0.012818052900694935 -0.03916101641693315 -0.11917587846328453
v -0.012669625884062511 -0.039117132137505006 -0.11893224136675146
v -0.0060228837012937814 -0.038970956746040564 -0.1218094235102462
v -0.013923264211124223 -0.03948226734771909 -0.12094805719736085
v -0.013875673953126503 -0.039295179326137575 -0.11955861468751822
v -0.013541567491944798 -0.039270639377462224 -0.11957294269112845
v -0.01565253522831878 -0.039539209336507675 -0.12034282492984433
v -0.0159118946003789 -0.03953569600015916 -0.12016072653252324
v -0.0144997727605406 -0.039296941716358 -0.11919780534420882
v -0.017139920095108344 -0.03943367954633903 -0.1186512354940294
v -0.017253771647757214 -0.03940814014693261 -0.11838943280825459
v -0.014777921424875 -0.039215681031345984 -0.11841515149844101
v -0.017487591620410917 -0.039301320989026944 -0.1174396341791572
v -0.017514380333231164 -0.03926338763761583 -0.11713607581512958
v -0.014724619611125037 -0.03917687411421955 -0.11815297497231642
v -0.017509291526837115 -0.0392071589972498 -0.11671298009190861
v -0.017497370597315823 -0.03918778033421999 -0.11657324009503695
v -0.014640035370962482 -0.03914299960089185 -0.11794694316321402
v -0.014262594900459339 -0.03906093401471855 -0.11755129037342543
v -0.014428613394367743 -0.039091226527143697 -0.11768132577999241
v -0.017497370597315823 -0.03918778033421999 -0.11657324009503695
v -0.01444995948760575 -0.04111065869093267 -0.11763747964753873
v -0.01460671017406712 -0.04117229657227828 -0.1180106638693656
v -0.014640035370962482 -0.03914299960089185 -0.11794694316321402
v -0.014316849434896643 -0.04107702831824156 -0.11746240029351979
v -0.01444995948760575 -0.04111065869093267 -0.11763747964753873
v -0.014517740939189453 -0.03911057848729138 -0.11777451883861806
v -0.01411905260390756 -0.04103984264753002 -0.11729914650158596
v -0.014316849434896643 -0.04107702831824156 -0.11746240029351979
v -0.014428613394367743 -0.039091226527143697 -0.11768132577999241
v -0.013846757592805296 -0.041001962701883166 -0.11717528327548793
v -0.01411905260390756 -0.04103984264753002 -0.11729914650158596
v -0.014262594900459339 -0.03906093401471855 -0.11755129037342543
v -0.013545548128730548 -0.04097208599147972 -0.11712944587096702
v -0.013846757592805296 -0.041001962701883166 -0.11717528327548793
v -0.013881852809315979 -0.03901230043696913 -0.11741094765435717
v -0.013288386022399793 -0.04095567516306353 -0.11715924628742153
v -0.013545548128730548 -0.04097208599147972 -0.11712944587096702
v -0.013573836971321755 -0.03898637193842314 -0.11739912209227205
v -0.013044815683072034 -0.04094715312896735 -0.1172406824485161
v -0.013288386022399793 -0.04095567516306353 -0.11715924628742153
v -0.013314045584775783 -0.03897371477229461 -0.1174589136600534
v -0.012818348539747063 -0.04094903377480863 -0.11739072212849416
v -0.013044815683072034 -0.04094715312896735 -0.1172406824485161
v -0.013069308901703661 -0.03897063631145503 -0.11758230386366803
v -0.012646254186480247 -0.04095987895964992 -0.1175761164244093
v -0.012818348539747063 -0.04094903377480863 -0.11739072212849416
v -0.012844057693189862 -0.038978773061109084 -0.11777903544039509
v -0.012525407432388284 -0.04097582820967505 -0.1177694452910138
v -0.012646254186480247 -0.04095987895964992 -0.1175761164244093
v -0.012753789553831555 -0.03898820299319761 -0.11790463053913397
v -0.012453787441498724 -0.04099709896263848 -0.11797358501018257
v -0.012525407432388284 -0.04097582820967505 -0.1177694452910138
v -0.01261950457430883 -0.03901647371597594 -0.11819937695205945
v -0.012423740023384536 -0.041021894496042766 -0.11817954052533602
v -0.012453787441498724 -0.04099709896263848 -0.11797358501018257
v -0.012582187296535378 -0.039041284508170015 -0.11840982618080526
v -0.012436590785408489 -0.04105342297044068 -0.11841079511395675
v -0.012423740023384536 -0.041021894496042766 -0.11817954052533602
v -0.012582236887602186 -0.039062810845862384 -0.11857295027302589
v -0.012485634443133446 -0.04108119396785348 -0.11859186354296719
v -0.012436590785408489 -0.04105342297044068 -0.11841079511395675
v -0.012614777210497866 -0.03909112353031263 -0.11876801864166614
v -0.012636878613830341 -0.04113224987848163 -0.11888815109366119
v -0.012485634443133446 -0.04108119396785348 -0.11859186354296719
v -0.012669625884062511 -0.039117132137505006 -0.11893224136675146
v -0.0128061081293146 -0.041168108034481676 -0.11905843918768694
v -0.012636878613830341 -0.04113224987848163 -0.11888815109366119
v -0.012949117321898188 -0.039188802673135736 -0.11930789751252385
v -0.012899744646518444 -0.04118474011534978 -0.1191283931094666
v -0.0128061081293146 -0.041168108034481676 -0.11905843918768694
v -0.013082822467408998 -0.039212781861286405 -0.1194094829055325
v -0.01308456483046783 -0.041212846806137904 -0.11923059648346163
v -0.012899744646518444 -0.04118474011534978 -0.1191283931094666
v -0.013082822467408998 -0.039212781861286405 -0.1194094829055325
v -0.01321226278117427 -0.04122855954492133 -0.11927311510120381
v -0.01308456483046783 -0.041212846806137904 -0.11923059648346163
v -0.013278458272294461 -0.03924067111432006 -0.1195035686033607
v -0.013432364148134871 -0.0412517567200954 -0.11931699175123706
v -0.01321226278117427 -0.04122855954492133 -0.11927311510120381
v -0.013541567491944798 -0.039270639377462224 -0.11957294269112845
v -0.01375175922861294 -0.04127297406729458 -0.11928627580739531
v -0.013432364148134871 -0.0412517567200954 -0.11931699175123706
v -0.013875673953126503 -0.039295179326137575 -0.11955861468751822
v -0.013998481461706128 -0.041281690650960545 -0.11920442002958159
v -0.01375175922861294 -0.04127297406729458 -0.11928627580739531
v -0.013875673953126503 -0.039295179326137575 -0.11955861468751822
v -0.014225101192928972 -0.04127931409445118 -0.11905055039336693
v -0.013998481461706128 -0.041281690650960545 -0.11920442002958159
v -0.01437326213441448 -0.039303354222766096 -0.11932225603371366
v -0.014346564974332957 -0.04127356534539883 -0.11893417160365954
v -0.014225101192928972 -0.04127931409445118 -0.11905055039336693
v -0.01437326213441448 -0.039303354222766096 -0.11932225603371366
v -0.014458563537697037 -0.041262407355366904 -0.1187824381980151
v -0.014346564974332957 -0.04127356534539883 -0.11893417160365954
v -0.014619166114905328 -0.03928532214793501 -0.11903816788545457
v -0.014527551387348295 -0.0412497196716588 -0.11864491072566258
v -0.014458563537697037 -0.041262407355366904 -0.1187824381980151
v -0.014619166114905328 -0.03928532214793501 -0.11903816788545457
v -0.014599643447046898 -0.04122754102070303 -0.11843361463408358
v -0.014527551387348295 -0.0412497196716588 -0.11864491072566258
v -0.014734451993794199 -0.03925937839059923 -0.11877239028494019
v -0.01460671017406712 -0.04117229657227828 -0.1180106638693656
v -0.014599643447046898 -0.04122754102070303 -0.11843361463408358
v -0.014777921424875 -0.039215681031345984 -0.11841515149844101
v -0.014734451993794199 -0.03925937839059923 -0.11877239028494019
v -0.014777921424875 -0.039215681031345984 -0.11841515149844101
v -0.014599643447046898 -0.04122754102070303 -0.11843361463408358
v -0.014619166114905328 -0.03928532214793501 -0.11903816788545457
v -0.014734451993794199 -0.03925937839059923 -0.11877239028494019
v -0.014527551387348295 -0.0412497196716588 -0.11864491072566258
v -0.0144997727605406 -0.039296941716358 -0.11919780534420882
v -0.014619166114905328 -0.03928532214793501 -0.11903816788545457
v -0.014346564974332957 -0.04127356534539883 -0.11893417160365954
v -0.01437326213441448 -0.039303354222766096 -0.11932225603371366
v -0.0144997727605406 -0.039296941716358 -0.11919780534420882
v -0.014346564974332957 -0.04127356534539883 -0.11893417160365954
v -0.014141475395499929 -0.03930447574381546 -0.11946970171942789
v -0.01437326213441448 -0.039303354222766096 -0.11932225603371366
v -0.013998481461706128 -0.041281690650960545 -0.11920442002958159
v -0.013875673953126503 -0.039295179326137575 -0.11955861468751822
v -0.014141475395499929 -0.03930447574381546 -0.11946970171942789
v -0.013998481461706128 -0.041281690650960545 -0.11920442002958159
v -0.013541567491944798 -0.039270639377462224 -0.11957294269112845
v -0.013875673953126503 -0.039295179326137575 -0.11955861468751822
v -0.013432364148134871 -0.0412517567200954 -0.11931699175123706
v -0.013278458272294461 -0.03924067111432006 -0.1195035686033607
v -0.013541567491944798 -0.039270639377462224 -0.11957294269112845
v -0.01321226278117427 -0.04122855954492133 -0.11927311510120381
v -0.013082822467408998 -0.039212781861286405 -0.1194094829055325
v -0.013278458272294461 -0.03924067111432006 -0.1195035686033607
v -0.01308456483046783 -0.041212846806137904 -0.11923059648346163
v -0.012949117321898188 -0.039188802673135736 -0.11930789751252385
v -0.013082822467408998 -0.039212781861286405 -0.1194094829055325
v -0.0128061081293146 -0.041168108034481676 -0.11905843918768694
v -0.012818052900694935 -0.03916101641693315 -0.11917587846328453
v -0.012949117321898188 -0.039188802673135736 -0.11930789751252385
v -0.012636878613830341 -0.04113224987848163 -0.11888815109366119
v -0.012669625884062511 -0.039117132137505006 -0.11893224136675146
v -0.012818052900694935 -0.03916101641693315 -0.11917587846328453
v -0.012636878613830341 -0.04113224987848163 -0.11888815109366119
v -0.012614777210497866 -0.03909112353031263 -0.11876801864166614
v -0.012669625884062511 -0.039117132137505006 -0.11893224136675146
v -0.012485634443133446 -0.04108119396785348 -0.11859186354296719
v -0.012595890643438693 -0.039077821680315594 -0.11867851058077411
v -0.012614777210497866 -0.03909112353031263 -0.11876801864166614
v -0.012436590785408489 -0.04105342297044068 -0.11841079511395675
v -0.012582236887602186 -0.039062810845862384 -0.11857295027302589
v -0.012595890643438693 -0.039077821680315594 -0.11867851058077411
v -0.012436590785408489 -0.04105342297044068 -0.11841079511395675
v -0.012582187296535378 -0.039041284508170015 -0.11840982618080526
v -0.012582236887602186 -0.039062810845862384 -0.11857295027302589
v -0.012423740023384536 -0.041021894496042766 -0.11817954052533602
v -0.01261950457430883 -0.03901647371597594 -0.11819937695205945
v -0.012582187296535378 -0.039041284508170015 -0.11840982618080526
v -0.012453787441498724 -0.04099709896263848 -0.11797358501018257
v -0.012689026481602642 -0.03899800295093847 -0.11801770580085241
v -0.01261950457430883 -0.03901647371597594 -0.11819937695205945
v -0.012525407432388284 -0.04097582820967505 -0.1177694452910138
v -0.012753789553831555 -0.03898820299319761 -0.11790463053913397
v -0.012689026481602642 -0.03899800295093847 -0.11801770580085241
v -0.012525407432388284 -0.04097582820967505 -0.1177694452910138
v -0.012844057693189862 -0.038978773061109084 -0.11777903544039509
v -0.012753789553831555 -0.03898820299319761 -0.11790463053913397
v -0.012646254186480247 -0.04095987895964992 -0.1175761164244093
v -0.012978756567385567 -0.03897238344288567 -0.11764982400847662
v -0.012844057693189862 -0.038978773061109084 -0.11777903544039509
v -0.012818348539747063 -0.04094903377480863 -0.11739072212849416
v -0.013069308901703661 -0.03897063631145503 -0.11758230386366803
v -0.012978756567385567 -0.03897238344288567 -0.11764982400847662
v -0.012818348539747063 -0.04094903377480863 -0.11739072212849416
v -0.013181338936321677 -0.03897058672038822 -0.11751479897764922
v -0.013069308901703661 -0.03897063631145503 -0.11758230386366803
v -0.013044815683072034 -0.04094715312896735 -0.1172406824485161
v -0.013314045584775783 -0.03897371477229461 -0.1174589136600534
v -0.013181338936321677 -0.03897058672038822 -0.11751479897764922
v -0.013044815683072034 -0.04094715312896735 -0.1172406824485161
v -0.013416704815115702 -0.03897770876052142 -0.11742761025280485
v -0.013314045584775783 -0.03897371477229461 -0.1174589136600534
v -0.013288386022399793 -0.04095567516306353 -0.11715924628742153
v -0.013481133147643657 -0.03898091310637675 -0.11741327461979972
v -0.013416704815115702 -0.03897770876052142 -0.11742761025280485
v -0.013288386022399793 -0.04095567516306353 -0.11715924628742153
v -0.013573836971321755 -0.03898637193842314 -0.11739912209227205
v -0.013481133147643657 -0.03898091310637675 -0.11741327461979972
v -0.013288386022399793 -0.04095567516306353 -0.11715924628742153
v -0.0137551295138072 -0.039000345175170814 -0.11739628395737162
v -0.013573836971321755 -0.03898637193842314 -0.11739912209227205
v -0.013545548128730548 -0.04097208599147972 -0.11712944587096702
v -0.013881852809315979 -0.03901230043696913 -0.11741094765435717
v -0.0137551295138072 -0.039000345175170814 -0.11739628395737162
v -0.013545548128730548 -0.04097208599147972 -0.11712944587096702
v -0.014023275087761692 -0.039027841514367445 -0.11744393715787721
v -0.013881852809315979 -0.03901230043696913 -0.11741094765435717
v -0.013846757592805296 -0.041001962701883166 -0.11717528327548793
v -0.014262594900459339 -0.03906093401471855 -0.11755129037342543
v -0.014023275087761692 -0.039027841514367445 -0.11744393715787721
v -0.013846757592805296 -0.041001962701883166 -0.11717528327548793
v -0.014428613394367743 -0.039091226527143697 -0.11768132577999241
v -0.014262594900459339 -0.03906093401471855 -0.11755129037342543
v -0.01411905260390756 -0.04103984264753002 -0.11729914650158596
v -0.014517740939189453 -0.03911057848729138 -0.11777451883861806
v -0.014428613394367743 -0.039091226527143697 -0.11768132577999241
v -0.014316849434896643 -0.04107702831824156 -0.11746240029351979
v -0.014640035370962482 -0.03914299960089185 -0.11794694316321402
v -0.014517740939189453 -0.03911057848729138 -0.11777451883861806
v -0.01444995948760575 -0.04111065869093267 -0.11763747964753873
v -0.014724619611125037 -0.03917687411421955 -0.11815297497231642
v -0.014640035370962482 -0.03914299960089185 -0.11794694316321402
v -0.01460671017406712 -0.04117229657227828 -0.1180106638693656
v -0.014777921424875 -0.039215681031345984 -0.11841515149844101
v -0.014724619611125037 -0.03917687411421955 -0.11815297497231642
v -0.01460671017406712 -0.04117229657227828 -0.1180106638693656
v 0.0012405306690065762 -0.031004281562956315 -0.11313384021243594
v 0.0012302353966441029 -0.030969098608404355 -0.1131780601852394
v -0.0012521893380783996 -0.03248676835822417 -0.12319318975028798
v 0.0012346670021936431 -0.031069699809471718 -0.1131483818391032
v 0.0012405306690065762 -0.031004281562956315 -0.11313384021243594
v -0.0012512485383205792 -0.03257763063670982 -0.12318057836052881
v 0.0012713547356790757 -0.031121211576444763 -0.11298011553472426
v 0.0012346670021936431 -0.031069699809471718 -0.1131483818391032
v -0.0012512485383205792 -0.03257763063670982 -0.12318057836052881
v 0.0012201809270579597 -0.031281854207976245 -0.11312727130343253
v 0.0012713547356790757 -0.031121211576444763 -0.11298011553472426
v -0.0012548181414564349 -0.03268278658652868 -0.1231655103056139
v -0.001264959395409493 -0.032812570223064164 -0.12314634526564111
v -0.0012856773748710223 -0.03295995868831669 -0.12312366307462236
v 0.0012028520678593337 -0.03141126972620811 -0.11310797656374655
v 0.0012028520678593337 -0.03141126972620811 -0.11310797656374655
v 0.0012201809270579597 -0.031281854207976245 -0.11312727130343253
v -0.001264959395409493 -0.032812570223064164 -0.12314634526564111
v 0.0012275946723365463 -0.0314852348023531 -0.11292038500210205
v 0.0012028520678593337 -0.03141126972620811 -0.11310797656374655
v -0.0012856773748710223 -0.03295995868831669 -0.12312366307462236
v -0.0012856773748710223 -0.03295995868831669 -0.12312366307462236
v -0.0013104706432987003 -0.033085363052183236 -0.12310365117181638
v 0.0012275946723365463 -0.0314852348023531 -0.11292038500210205
v 0.0011684574443766168 -0.03159657246938452 -0.11306836474545884
v 0.0012275946723365463 -0.0314852348023531 -0.11292038500210205
v -0.0013104706432987003 -0.033085363052183236 -0.12310365117181638
v -0.0013104706432987003 -0.033085363052183236 -0.12310365117181638
v -0.0013359110989900893 -0.03318726887977741 -0.12308685124426061
v 0.0011684574443766168 -0.03159657246938452 -0.11306836474545884
v 0.0011408920829980575 -0.03170053823359997 -0.11305156481790307
v 0.0011684574443766168 -0.03159657246938452 -0.11306836474545884
v -0.0013359110989900893 -0.03318726887977741 -0.12308685124426061
v -0.0013359110989900893 -0.03318726887977741 -0.12308685124426061
v -0.0013664156847514183 -0.03329111638837201 -0.12306928074782059
v 0.0011408920829980575 -0.03170053823359997 -0.11305156481790307
v 0.0011127373508639656 -0.031799274047615844 -0.11302294695765708
v 0.0011408920829980575 -0.03170053823359997 -0.11305156481790307
v -0.0013664156847514183 -0.03329111638837201 -0.12306928074782059
v -0.0013664156847514183 -0.03329111638837201 -0.12306928074782059
v -0.0014239137849021701 -0.033452649751757324 -0.12304093754579076
v 0.0011127373508639656 -0.031799274047615844 -0.11302294695765708
v 0.0011160641246654726 -0.031878480518052754 -0.1128403602790628
v 0.0011127373508639656 -0.031799274047615844 -0.11302294695765708
v -0.0014239137849021701 -0.033452649751757324 -0.12304093754579076
v 0.0010679584056752513 -0.0319943920073229 -0.1128175026119615
v 0.0011160641246654726 -0.031878480518052754 -0.1128403602790628
v -0.0014239137849021701 -0.033452649751757324 -0.12304093754579076
v -0.0014239137849021701 -0.033452649751757324 -0.12304093754579076
v -0.0014963153119311459 -0.03361404578603455 -0.12301112949994136
v 0.0010679584056752513 -0.0319943920073229 -0.1128175026119615
v 0.0010126975063677603 -0.03211078414847135 -0.11279559861922189
v 0.0010679584056752513 -0.0319943920073229 -0.1128175026119615
v -0.0014963153119311459 -0.03361404578603455 -0.12301112949994136
v -0.0014963153119311459 -0.03361404578603455 -0.12301112949994136
v -0.0015607902552935292 -0.033736779861688326 -0.12298752415214048
v 0.0010126975063677603 -0.03211078414847135 -0.11279559861922189
v 0.0009083660676392424 -0.032259950262734094 -0.11290367662728501
v 0.0010126975063677603 -0.03211078414847135 -0.11279559861922189
v -0.0015607902552935292 -0.033736779861688326 -0.12298752415214048
v -0.0015607902552935292 -0.033736779861688326 -0.12298752415214048
v -0.0016508814880577404 -0.033886598289214476 -0.12295756351839321
v 0.0009083660676392424 -0.032259950262734094 -0.11290367662728501
v 0.0008434135122355887 -0.03236630402755125 -0.11287038194796922
v 0.0009083660676392424 -0.032259950262734094 -0.11290367662728501
v -0.0016508814880577404 -0.033886598289214476 -0.12295756351839321
v -0.0016508814880577404 -0.033886598289214476 -0.12295756351839321
v -0.0017231905086736309 -0.03398979348454567 -0.1229359112956851
v 0.0008074506308696982 -0.03244676362609944 -0.11270308457674177
v 0.0008074506308696982 -0.03244676362609944 -0.11270308457674177
v 0.0008434135122355887 -0.03236630402755125 -0.11287038194796922
v -0.0016508814880577404 -0.033886598289214476 -0.12295756351839321
v -0.0017231905086736309 -0.03398979348454567 -0.1229359112956851
v -0.0018028871677324564 -0.03409290094183559 -0.1229135190216723
v 0.0007096191385673121 -0.03255208360790851 -0.11281049882744915
v 0.0007096191385673121 -0.03255208360790851 -0.11281049882744915
v 0.0008074506308696982 -0.03244676362609944 -0.11270308457674177
v -0.0017231905086736309 -0.03398979348454567 -0.1229359112956851
v -0.0018028871677324564 -0.03409290094183559 -0.1229135190216723
v -0.001883103460109115 -0.034185109808519965 -0.12289259922087398
v 0.0006596033290398943 -0.03262877428537925 -0.11265153275544554
v 0.0006596033290398943 -0.03262877428537925 -0.11265153275544554
v 0.0007096191385673121 -0.03255208360790851 -0.11281049882744915
v -0.0018028871677324564 -0.03409290094183559 -0.1229135190216723
v -0.001970573757308775 -0.03427721186367583 -0.12287096988635055
v 0.0005544935132182836 -0.03272768939017512 -0.11274201737888395
v 0.0006596033290398943 -0.03262877428537925 -0.11265153275544554
v 0.00048222725893705073 -0.03279796756123776 -0.11271738969216732
v 0.0005544935132182836 -0.03272768939017512 -0.11274201737888395
v -0.001970573757308775 -0.03427721186367583 -0.12287096988635055
v -0.001970573757308775 -0.03427721186367583 -0.12287096988635055
v -0.0020736590416697846 -0.03437269755546701 -0.1228473187621803
v 0.00048222725893705073 -0.03279796756123776 -0.11271738969216732
v 0.0004069151475584802 -0.03286589587867317 -0.11268662034256133
v 0.00048222725893705073 -0.03279796756123776 -0.11271738969216732
v -0.0020736590416697846 -0.03437269755546701 -0.1228473187621803
v -0.0020736590416697846 -0.03437269755546701 -0.1228473187621803
v -0.002147002560549533 -0.03443525096419986 -0.12283123599774454
v 0.0004069151475584802 -0.03286589587867317 -0.11268662034256133
v 0.00034121228885075633 -0.03292448963145622 -0.11255472336364031
v 0.0004069151475584802 -0.03286589587867317 -0.11268662034256133
v -0.002147002560549533 -0.03443525096419986 -0.12283123599774454
v -0.002147002560549533 -0.03443525096419986 -0.12283123599774454
v -0.002219028578298588 -0.03449214717661908 -0.1228160763900909
v 0.00034121228885075633 -0.03292448963145622 -0.11255472336364031
v 0.0002909082014451899 -0.03295901645804733 -0.11264359055536127
v 0.00034121228885075633 -0.03292448963145622 -0.11255472336364031
v -0.002219028578298588 -0.03449214717661908 -0.1228160763900909
v 0.0002090072731109061 -0.033018159527262725 -0.11260909043165229
v 0.0002909082014451899 -0.03295901645804733 -0.11264359055536127
v -0.002219028578298588 -0.03449214717661908 -0.1228160763900909
v -0.002219028578298588 -0.03449214717661908 -0.1228160763900909
v -0.002359403960713741 -0.03459138653069793 -0.12278816043417512
v 0.0002090072731109061 -0.033018159527262725 -0.11260909043165229
v 0.00010056403756958032 -0.033088178298898985 -0.11256998978282245
v 0.0002090072731109061 -0.033018159527262725 -0.11260909043165229
v -0.002359403960713741 -0.03459138653069793 -0.12278816043417512
v -0.002359403960713741 -0.03459138653069793 -0.12278816043417512
v -0.002486180661986776 -0.034667997099522285 -0.12276476870943126
v 0.00010056403756958032 -0.033088178298898985 -0.11256998978282245
v -0.002486180661986776 -0.034667997099522285 -0.12276476870943126
v -0.0025580972456028255 -0.03470720837457808 -0.12275210391390784
v -2.1571449097379907e-05 -0.03315703358781397 -0.11253597031099177
v -0.0025580972456028255 -0.03470720837457808 -0.12275210391390784
v -0.002615529184594734 -0.0347366349506828 -0.12274224673570527
v -8.361902485095903e-05 -0.03318842854780124 -0.11251605759031941
v -9.411476254449477e-05 -0.03319095769220848 -0.11243018112139674
v -8.361902485095903e-05 -0.03318842854780124 -0.11251605759031941
v -0.002615529184594734 -0.0347366349506828 -0.12274224673570527
v -0.002615529184594734 -0.0347366349506828 -0.12274224673570527
v -0.0026777411779060904 -0.034766412478952624 -0.12273186312925505
v -9.411476254449477e-05 -0.03319095769220848 -0.11243018112139674
v -0.00017500419255831598 -0.03323071446899917 -0.11248684463727171
v -9.411476254449477e-05 -0.03319095769220848 -0.11243018112139674
v -0.0026777411779060904 -0.034766412478952624 -0.12273186312925505
v -0.0026777411779060904 -0.034766412478952624 -0.12273186312925505
v -0.002752606761067117 -0.034799211247600326 -0.12271979342653333
v -0.00017500419255831598 -0.03323071446899917 -0.11248684463727171
v -0.0002405640001117843 -0.033255235344187284 -0.11240817794652352
v -0.00017500419255831598 -0.03323071446899917 -0.11248684463727171
v -0.002752606761067117 -0.034799211247600326 -0.12271979342653333
v -0.002752606761067117 -0.034799211247600326 -0.12271979342653333
v -0.002835658446530415 -0.03483265470011654 -0.12270681582581927
v -0.0002405640001117843 -0.033255235344187284 -0.11240817794652352
v -0.002835658446530415 -0.03483265470011654 -0.12270681582581927
v -0.00289330090913767 -0.03485363935077146 -0.12269811068624564
v -0.0003740073620103063 -0.03330319372048862 -0.11236855086944603
v -0.00289330090913767 -0.03485363935077146 -0.12269811068624564
v -0.0029806183800208668 -0.03488281034214724 -0.12268530093221924
v -0.0003740073620103063 -0.03330319372048862 -0.11236855086944603
v -0.0029806183800208668 -0.03488281034214724 -0.12268530093221924
v -0.0030579980872179344 -0.034905313242385994 -0.12267442141510093
v -0.00045839884074250225 -0.033329896602616316 -0.11236075362786474
v -0.0005670766503744832 -0.033357957517035075 -0.11233139571631406
v -0.00045839884074250225 -0.033329896602616316 -0.11236075362786474
v -0.0030579980872179344 -0.034905313242385994 -0.12267442141510093
v -0.0030579980872179344 -0.034905313242385994 -0.12267442141510093
v -0.0031671370580084466 -0.034933313121645604 -0.12265958987142772
v -0.0005670766503744832 -0.033357957517035075 -0.11233139571631406
v -0.0031671370580084466 -0.034933313121645604 -0.12265958987142772
v -0.003289807475898577 -0.0349576775942384 -0.12264391909431621
v -0.0006884319513198249 -0.03338362661615468 -0.11230534896214722
v -0.003289807475898577 -0.0349576775942384 -0.12264391909431621
v -0.0033538362188689783 -0.03496828245314054 -0.1226360379293911
v -0.0007852077261038053 -0.033399724639380235 -0.11228948745016337
v -0.0033538362188689783 -0.03496828245314054 -0.1226360379293911
v -0.003443170711027178 -0.03498037504404694 -0.12262541018230427
v -0.0008620593361230793 -0.03341148535160876 -0.11228912886860337
v -0.003443170711027178 -0.03498037504404694 -0.12262541018230427
v -0.0035474623934557423 -0.03498985456720227 -0.12261366091416809
v -0.000997216629663525 -0.03342307058775473 -0.11226546248564334
v -0.000997216629663525 -0.03342307058775473 -0.11226546248564334
v -0.0008620593361230793 -0.03341148535160876 -0.11228912886860337
v -0.003443170711027178 -0.03498037504404694 -0.12262541018230427
v -0.0008620593361230793 -0.03341148535160876 -0.11228912886860337
v -0.0007852077261038053 -0.033399724639380235 -0.11228948745016337
v -0.0033538362188689783 -0.03496828245314054 -0.1226360379293911
v -0.0007852077261038053 -0.033399724639380235 -0.11228948745016337
v -0.0006884319513198249 -0.03338362661615468 -0.11230534896214722
v -0.003289807475898577 -0.0349576775942384 -0.12264391909431621
v -0.0006884319513198249 -0.03338362661615468 -0.11230534896214722
v -0.0005670766503744832 -0.033357957517035075 -0.11233139571631406
v -0.0031671370580084466 -0.034933313121645604 -0.12265958987142772
v -0.00045839884074250225 -0.033329896602616316 -0.11236075362786474
v -0.0003740073620103063 -0.03330319372048862 -0.11236855086944603
v -0.0029806183800208668 -0.03488281034214724 -0.12268530093221924
v -0.0003740073620103063 -0.03330319372048862 -0.11236855086944603
v -0.0002405640001117843 -0.033255235344187284 -0.11240817794652352
v -0.002835658446530415 -0.03483265470011654 -0.12270681582581927
v -8.361902485095903e-05 -0.03318842854780124 -0.11251605759031941
v -2.1571449097379907e-05 -0.03315703358781397 -0.11253597031099177
v -0.0025580972456028255 -0.03470720837457808 -0.12275210391390784
v -2.1571449097379907e-05 -0.03315703358781397 -0.11253597031099177
v 0.00010056403756958032 -0.033088178298898985 -0.11256998978282245
v -0.002486180661986776 -0.034667997099522285 -0.12276476870943126
v -0.001883103460109115 -0.034185109808519965 -0.12289259922087398
v -0.001970573757308775 -0.03427721186367583 -0.12287096988635055
v 0.0006596033290398943 -0.03262877428537925 -0.11265153275544554
v -0.0012548181414564349 -0.03268278658652868 -0.1231655103056139
v -0.001264959395409493 -0.032812570223064164 -0.12314634526564111
v 0.0012201809270579597 -0.031281854207976245 -0.11312727130343253
v -0.0012512485383205792 -0.03257763063670982 -0.12318057836052881
v -0.0012548181414564349 -0.03268278658652868 -0.1231655103056139
v 0.0012713547356790757 -0.031121211576444763 -0.11298011553472426
v -0.0012521893380783996 -0.03248676835822417 -0.12319318975028798
v -0.0012512485383205792 -0.03257763063670982 -0.12318057836052881
v 0.0012405306690065762 -0.031004281562956315 -0.11313384021243594
v 0.0012275946723365463 -0.0314852348023531 -0.11292038500210205
v 0.0011408920829980575 -0.03170053823359997 -0.11305156481790307
v 0.0011160641246654726 -0.031878480518052754 -0.1128403602790628
v 0.0011408920829980575 -0.03170053823359997 -0.11305156481790307
v 0.0011127373508639656 -0.031799274047615844 -0.11302294695765708
v 0.0011160641246654726 -0.031878480518052754 -0.1128403602790628
v 0.0012520156501352744 -0.030953671971929442 -0.11308231890871928
v 0.0012346670021936431 -0.031069699809471718 -0.1131483818391032
v 0.0012713547356790757 -0.031121211576444763 -0.11298011553472426
v 0.0012275946723365463 -0.0314852348023531 -0.11292038500210205
v 0.0011160641246654726 -0.031878480518052754 -0.1128403602790628
v 0.0012021893833872451 -0.031639680457882235 -0.11273395310848139
v 0.0012767178426614097 -0.03127593761223624 -0.11275686418134695
v 0.0012713547356790757 -0.031121211576444763 -0.11298011553472426
v 0.0012275946723365463 -0.0314852348023531 -0.11292038500210205
v 0.0009499693964127797 -0.0322336059621664 -0.11259414444705568
v 0.0010126975063677603 -0.03211078414847135 -0.11279559861922189
v 0.0008074506308696982 -0.03244676362609944 -0.11270308457674177
v 0.00034121228885075633 -0.03292448963145622 -0.11255472336364031
v 0.00046011038819852173 -0.032820611605282046 -0.11248199997151426
v 0.000567632225294823 -0.032722139005390005 -0.11253543625334922
v 0.000567632225294823 -0.032722139005390005 -0.11253543625334922
v 0.0006596033290398943 -0.03262877428537925 -0.11265153275544554
v 0.00034121228885075633 -0.03292448963145622 -0.11255472336364031
v 2.706003690144217e-05 -0.033123002671890944 -0.11239806136889458
v 0.0001746131860700176 -0.0330405746894602 -0.1124849372885483
v -9.411476254449477e-05 -0.03319095769220848 -0.11243018112139674
v 0.0012713547356790757 -0.031121211576444763 -0.11298011553472426
v 0.0012201809270579597 -0.031281854207976245 -0.11312727130343253
v 0.0012028520678593337 -0.03141126972620811 -0.11310797656374655
v 0.0008074506308696982 -0.03244676362609944 -0.11270308457674177
v 0.0010126975063677603 -0.03211078414847135 -0.11279559861922189
v 0.0009083660676392424 -0.032259950262734094 -0.11290367662728501
v 0.0008074506308696982 -0.03244676362609944 -0.11270308457674177
v 0.0009083660676392424 -0.032259950262734094 -0.11290367662728501
v 0.0008434135122355887 -0.03236630402755125 -0.11287038194796922
v 0.0008074506308696982 -0.03244676362609944 -0.11270308457674177
v 0.0007096191385673121 -0.03255208360790851 -0.11281049882744915
v 0.0006596033290398943 -0.03262877428537925 -0.11265153275544554
v 0.0006596033290398943 -0.03262877428537925 -0.11265153275544554
v 0.0005544935132182836 -0.03272768939017512 -0.11274201737888395
v 0.00048222725893705073 -0.03279796756123776 -0.11271738969216732
v 0.00034121228885075633 -0.03292448963145622 -0.11255472336364031
v 0.00048222725893705073 -0.03279796756123776 -0.11271738969216732
v 0.0004069151475584802 -0.03286589587867317 -0.11268662034256133
v 0.00034121228885075633 -0.03292448963145622 -0.11255472336364031
v 0.0002909082014451899 -0.03295901645804733 -0.11264359055536127
v 0.0002090072731109061 -0.033018159527262725 -0.11260909043165229
v 0.0002090072731109061 -0.033018159527262725 -0.11260909043165229
v 0.0001746131860700176 -0.0330405746894602 -0.1124849372885483
v 0.00034121228885075633 -0.03292448963145622 -0.11255472336364031
v 0.0001746131860700176 -0.0330405746894602 -0.1124849372885483
v 0.0002090072731109061 -0.033018159527262725 -0.11260909043165229
v 0.00010056403756958032 -0.033088178298898985 -0.11256998978282245
v 0.00010056403756958032 -0.033088178298898985 -0.11256998978282245
v -9.411476254449477e-05 -0.03319095769220848 -0.11243018112139674
v 0.0001746131860700176 -0.0330405746894602 -0.1124849372885483
v -0.00017500419255831598 -0.03323071446899917 -0.11248684463727171
v -0.00011304768711834382 -0.03319536366775955 -0.11238227615085966
v -9.411476254449477e-05 -0.03319095769220848 -0.11243018112139674
v -0.00017500419255831598 -0.03323071446899917 -0.11248684463727171
v -0.0002405640001117843 -0.033255235344187284 -0.11240817794652352
v -0.00011304768711834382 -0.03319536366775955 -0.11238227615085966
v -2.1571449097379907e-05 -0.03315703358781397 -0.11253597031099177
v -8.361902485095903e-05 -0.03318842854780124 -0.11251605759031941
v -9.411476254449477e-05 -0.03319095769220848 -0.11243018112139674
v 0.00010056403756958032 -0.033088178298898985 -0.11256998978282245
v -2.1571449097379907e-05 -0.03315703358781397 -0.11253597031099177
v -9.411476254449477e-05 -0.03319095769220848 -0.11243018112139674
v 0.00048222725893705073 -0.03279796756123776 -0.11271738969216732
v 0.00034121228885075633 -0.03292448963145622 -0.11255472336364031
v 0.0006596033290398943 -0.03262877428537925 -0.11265153275544554
v 0.0011684574443766168 -0.03159657246938452 -0.11306836474545884
v 0.0011408920829980575 -0.03170053823359997 -0.11305156481790307
v 0.0012275946723365463 -0.0314852348023531 -0.11292038500210205
v 0.0012028520678593337 -0.03141126972620811 -0.11310797656374655
v 0.0012275946723365463 -0.0314852348023531 -0.11292038500210205
v 0.0012713547356790757 -0.031121211576444763 -0.11298011553472426
v 0.0012346670021936431 -0.031069699809471718 -0.1131483818391032
v 0.0012520156501352744 -0.030953671971929442 -0.11308231890871928
v 0.0012405306690065762 -0.031004281562956315 -0.11313384021243594
v 0.0012833769931012986 -0.03102294497021485 -0.11289917528429777
v 0.0012900668995393524 -0.03092006067272557 -0.11283215867955215
v 0.0010557525659384006 -0.02196133145692558 -0.11404533927916732
v 0.0010557525659384006 -0.02196133145692558 -0.11404533927916732
v 0.0010444754858205537 -0.02194291028295492 -0.11414362877358192
v 0.0012833769931012986 -0.03102294497021485 -0.11289917528429777
v 0.0012713547356790757 -0.031121211576444763 -0.11298011553472426
v 0.0012833769931012986 -0.03102294497021485 -0.11289917528429777
v 0.0010444754858205537 -0.02194291028295492 -0.11414362877358192
v 0.0010444754858205537 -0.02194291028295492 -0.11414362877358192
v 0.001028721739039576 -0.02191298588883339 -0.11424451226226034
v 0.0012713547356790757 -0.031121211576444763 -0.11298011553472426
v 0.0012520156501352744 -0.030953671971929442 -0.11308231890871928
v 0.0012713547356790757 -0.031121211576444763 -0.11298011553472426
v 0.001028721739039576 -0.02191298588883339 -0.11424451226226034
v 0.001028721739039576 -0.02191298588883339 -0.11424451226226034
v 0.0010129054073786117 -0.021879746522630583 -0.11432727593806641
v 0.0012520156501352744 -0.030953671971929442 -0.11308231890871928
v 0.0012405306690065762 -0.031004281562956315 -0.11313384021243594
v 0.0010129054073786117 -0.021879746522630583 -0.11432727593806641
v 0.0009892732374863075 -0.021827464186773282 -0.11443321008616442
v 0.0012405306690065762 -0.031004281562956315 -0.11313384021243594
v 0.0012520156501352744 -0.030953671971929442 -0.11308231890871928
v 0.0010129054073786117 -0.021879746522630583 -0.11432727593806641
v 0.0012302353966441029 -0.030969098608404355 -0.1131780601852394
v 0.0012405306690065762 -0.031004281562956315 -0.11313384021243594
v 0.0009892732374863075 -0.021827464186773282 -0.11443321008616442
v 0.0011639285640421828 -0.02062328627313259 -0.11281885301485767
v 0.0014525010083592945 -0.020321551334484544 -0.10994485995842847
v 0.001447672912693876 -0.02016189289489434 -0.10997289035526765
v 0.0011696235497023896 -0.02086874870239397 -0.11279274522553168
v 0.0011705831845288536 -0.020984686894546245 -0.11279741441520658
v 0.0014525010083592945 -0.020321551334484544 -0.10994485995842847
v 0.0014525010083592945 -0.020321551334484544 -0.10994485995842847
v 0.0011684742528872418 -0.02079464820448962 -0.11279501878520998
v 0.0011696235497023896 -0.02086874870239397 -0.11279274522553168
v 0.0011639285640421828 -0.02062328627313259 -0.11281885301485767
v 0.0011684742528872418 -0.02079464820448962 -0.11279501878520998
v 0.0014525010083592945 -0.020321551334484544 -0.10994485995842847
v 0.00115204625833254 -0.020386790290219947 -0.11290688860253523
v 0.0013977164693954743 -0.01924667640550104 -0.11035265111549282
v 0.0013675212317552229 -0.01893434614469447 -0.11061150885483868
v 0.0011280561029267113 -0.020095444680068297 -0.11310729754760102
v 0.0013164563804299314 -0.018559933590289734 -0.11106800606890395
v 0.001277643502838738 -0.01836270801024331 -0.11142560343696313
v 0.0011280561029267113 -0.020095444680068297 -0.11310729754760102
v 0.001277643502838738 -0.01836270801024331 -0.11142560343696313
v 0.0012272512303570379 -0.018214846522507377 -0.11190305859880119
v 0.0011057813692789966 -0.01994052600205576 -0.11330743946384553
v 0.0011888511745551669 -0.018167555718259232 -0.1122748542707574
v 0.001156683261497732 -0.01817219057565711 -0.11259169541129482
v 0.0012900668995393524 -0.03092006067272557 -0.11283215867955215
v 0.0011053492355838498 -0.02192215069944936 -0.11355292287394286
v 0.0010779037987562747 -0.021975155920472833 -0.11382922903941045
v 0.0017159515242218264 -0.030324323187154167 -0.10857231655827522
v 0.0011537054133033133 -0.021569636415738058 -0.11303458941426475
v 0.0011334622444646172 -0.021775755962881727 -0.11325869525987015
v 0.0012900668995393524 -0.03092006067272557 -0.11283215867955215
v 0.0017159515242218264 -0.030324323187154167 -0.10857231655827522
v 0.0011053492355838498 -0.02192215069944936 -0.11355292287394286
v 0.0012272512303570379 -0.018214846522507377 -0.11190305859880119
v 0.0011057813692789966 -0.01994052600205576 -0.11330743946384553
v 0.0011280561029267113 -0.020095444680068297 -0.11310729754760102
v 0.0011057813692789966 -0.01994052600205576 -0.11330743946384553
v 0.0012272512303570379 -0.018214846522507377 -0.11190305859880119
v 0.0011888511745551669 -0.018167555718259232 -0.1122748542707574
v 0.0012900668995393524 -0.03092006067272557 -0.11283215867955215
v 0.0010779037987562747 -0.021975155920472833 -0.11382922903941045
v 0.0010557525659384006 -0.02196133145692558 -0.11404533927916732
v 0.0011639285640421828 -0.02062328627313259 -0.11281885301485767
v 0.001447672912693876 -0.02016189289489434 -0.10997289035526765
v 0.0014398976056229087 -0.019951714509667262 -0.11002374790162857
v 0.0011167252594167234 -0.021873902406142065 -0.11343518605194441
v 0.0011053492355838498 -0.02192215069944936 -0.11355292287394286
v 0.0017159515242218264 -0.030324323187154167 -0.10857231655827522
v 0.0017159515242218264 -0.030324323187154167 -0.10857231655827522
v 0.0011334622444646172 -0.021775755962881727 -0.11325869525987015
v 0.0011167252594167234 -0.021873902406142065 -0.11343518605194441
v 0.0014525010083592945 -0.020321551334484544 -0.10994485995842847
v 0.0011694214899470037 -0.021150765469939437 -0.11282906114522534
v 0.0011648275213373834 -0.021339356482314997 -0.11289716112404585
v 0.0014525010083592945 -0.020321551334484544 -0.10994485995842847
v 0.0011705831845288536 -0.020984686894546245 -0.11279741441520658
v 0.0011694214899470037 -0.021150765469939437 -0.11282906114522534
v 0.00115204625833254 -0.020386790290219947 -0.11290688860253523
v 0.0013675212317552229 -0.01893434614469447 -0.11061150885483868
v 0.0013442960423967756 -0.01874141209927571 -0.11081637336652235
v 0.0011411089247060498 -0.020233189590175282 -0.11299572527667662
v 0.0013442960423967756 -0.01874141209927571 -0.11081637336652235
v 0.0013164563804299314 -0.018559933590289734 -0.11106800606890395
v 0.0010770701681548508 -0.019815361964128364 -0.11357449117330715
v 0.001156683261497732 -0.01817219057565711 -0.11259169541129482
v 0.0011409619396450523 -0.018190171152072665 -0.11274845658817417
v 0.0009929584736385196 -0.019904244414639116 -0.11441520471421546
v 0.0010227618703254062 -0.019791460977275355 -0.1141053444700057
v 0.0009603860834424274 -0.01844276515821086 -0.11455463953529138
v 0.0017159515242218264 -0.030324323187154167 -0.10857231655827522
v 0.0011648275213373834 -0.021339356482314997 -0.11289716112404585
v 0.0011537054133033133 -0.021569636415738058 -0.11303458941426475
v 0.0011639285640421828 -0.02062328627313259 -0.11281885301485767
v 0.0014398976056229087 -0.019951714509667262 -0.11002374790162857
v 0.0014262412271819072 -0.01966993043866605 -0.11012372349231465
v 0.00115204625833254 -0.020386790290219947 -0.11290688860253523
v 0.0014262412271819072 -0.01966993043866605 -0.11012372349231465
v 0.0013977164693954743 -0.01924667640550104 -0.11035265111549282
v 0.0013442960423967756 -0.01874141209927571 -0.11081637336652235
v 0.0011411089247060498 -0.020233189590175282 -0.11299572527667662
v 0.00115204625833254 -0.020386790290219947 -0.11290688860253523
v 0.0013164563804299314 -0.018559933590289734 -0.11106800606890395
v 0.0011280561029267113 -0.020095444680068297 -0.11310729754760102
v 0.0011411089247060498 -0.020233189590175282 -0.11299572527667662
v 0.0009603860834424274 -0.01844276515821086 -0.11455463953529138
v 0.0010227618703254062 -0.019791460977275355 -0.1141053444700057
v 0.0010541098618503666 -0.01977792070868789 -0.11379567496066828
v 0.0011648275213373834 -0.021339356482314997 -0.11289716112404585
v 0.0017159515242218264 -0.030324323187154167 -0.10857231655827522
v 0.0014525010083592945 -0.020321551334484544 -0.10994485995842847
v 0.001156683261497732 -0.01817219057565711 -0.11259169541129482
v 0.0010770701681548508 -0.019815361964128364 -0.11357449117330715
v 0.0011057813692789966 -0.01994052600205576 -0.11330743946384553
v 0.0010541098618503666 -0.01977792070868789 -0.11379567496066828
v 0.0011409619396450523 -0.018190171152072665 -0.11274845658817417
v 0.0009603860834424274 -0.01844276515821086 -0.11455463953529138
v 0.0014262412271819072 -0.01966993043866605 -0.11012372349231465
v 0.00115204625833254 -0.020386790290219947 -0.11290688860253523
v 0.0011639285640421828 -0.02062328627313259 -0.11281885301485767
v 0.0010541098618503666 -0.01977792070868789 -0.11379567496066828
v 0.0010770701681548508 -0.019815361964128364 -0.11357449117330715
v 0.0011409619396450523 -0.018190171152072665 -0.11274845658817417
v 0.0009512151931524023 -0.02007604122150508 -0.11463959284743191
v 0.0009929584736385196 -0.019904244414639116 -0.11441520471421546
v 0.0009309647525466982 -0.018470520896833875 -0.11475127192988482
v 0.0009929584736385196 -0.019904244414639116 -0.11441520471421546
v 0.0009603860834424274 -0.01844276515821086 -0.11455463953529138
v 0.0009309647525466982 -0.018470520896833875 -0.11475127192988482
v 0.0009512151931524023 -0.02007604122150508 -0.11463959284743191
v 0.0009309647525466982 -0.018470520896833875 -0.11475127192988482
v 0.0009015739392305435 -0.018490378304393262 -0.11489034816940075
v 0.0009625297645935937 -0.021750926097200418 -0.11454395075304541
v 0.0009451067300517495 -0.021690753059674384 -0.1146163918575604
v -0.0009812559355460578 -0.019582526183415938 -0.12248825655030154
v 0.0009451067300517495 -0.021690753059674384 -0.1146163918575604
v 0.00092861567377988 -0.02162081630403323 -0.11468536158739878
v -0.0009812559355460578 -0.019582526183415938 -0.12248825655030154
v 0.0009625297645935937 -0.021750926097200418 -0.11454395075304541
v -0.00151867075027172 -0.02190272816739891 -0.12459573956055786
v -0.00152142818047929 -0.02220303640920185 -0.12459774609141488
v 0.00092861567377988 -0.02162081630403323 -0.11468536158739878
v 0.0009072657062397795 -0.021511126586298834 -0.1147752434886406
v -0.0009812559355460578 -0.019582526183415938 -0.12248825655030154
v 0.0009625297645935937 -0.021750926097200418 -0.11454395075304541
v -0.0015048746585367288 -0.021536704132679718 -0.12455096264192717
v -0.00151867075027172 -0.02190272816739891 -0.12459573956055786
v 0.0009625297645935937 -0.021750926097200418 -0.11454395075304541
v -0.00132615560631634 -0.0202697706313415 -0.12386520974070331
v -0.0013754250464464298 -0.02049187566813604 -0.12405813424937845
v 0.0009072657062397795 -0.021511126586298834 -0.1147752434886406
v 0.000885328990548641 -0.02134521967229075 -0.11486919948675561
v -0.0009812559355460578 -0.019582526183415938 -0.12248825655030154
v 0.0009625297645935937 -0.021750926097200418 -0.11454395075304541
v -0.0014662566881432084 -0.02109639649457873 -0.1244078657113023
v -0.0015048746585367288 -0.021536704132679718 -0.12455096264192717
v 0.0009625297645935937 -0.021750926097200418 -0.11454395075304541
v -0.0012523304818839317 -0.020024113652510334 -0.12357346930936591
v -0.00132615560631634 -0.0202697706313415 -0.12386520974070331
v 0.000885328990548641 -0.02134521967229075 -0.11486919948675561
v 0.0008787301600121299 -0.021275700626020022 -0.1148980691170331
v -0.0009812559355460578 -0.019582526183415938 -0.12248825655030154
v 0.0009625297645935937 -0.021750926097200418 -0.11454395075304541
v -0.0011943212122753068 -0.019874155988527376 -0.12334293188386519
v -0.0012523304818839317 -0.020024113652510334 -0.12357346930936591
v 0.0008787301600121299 -0.021275700626020022 -0.1148980691170331
v 0.000871745687405605 -0.021185544066562034 -0.11492912075425016
v -0.0009812559355460578 -0.019582526183415938 -0.12248825655030154
v -0.0009812559355460578 -0.019582526183415938 -0.12248825655030154
v 0.0009050360155821171 -0.02031116391333687 -0.11482083675252491
v 0.0009266005002489532 -0.02018524647266373 -0.11473727961964991
v 0.0009625297645935937 -0.021750926097200418 -0.11454395075304541
v -0.0011465184041042217 -0.01977803324226257 -0.12315212071757559
v -0.0011943212122753068 -0.019874155988527376 -0.12334293188386519
v -0.0009812559355460578 -0.019582526183415938 -0.12248825655030154
v 0.0008853482428498179 -0.020466069239908347 -0.1148959176276731
v 0.0009050360155821171 -0.02031116391333687 -0.11482083675252491
v 0.0009625297645935937 -0.021750926097200418 -0.11454395075304541
v -0.001418698378236605 -0.020728491814018257 -0.12422632425980845
v -0.0014662566881432084 -0.02109639649457873 -0.1244078657113023
v 0.0009625297645935937 -0.021750926097200418 -0.11454395075304541
v -0.0010907410901298683 -0.019686913471699263 -0.1229288464760136
v -0.0011465184041042217 -0.01977803324226257 -0.12315212071757559
v -0.0009812559355460578 -0.019582526183415938 -0.12248825655030154
v 0.0008734294590958399 -0.020602248216713415 -0.1149400765653174
v 0.0008853482428498179 -0.020466069239908347 -0.1148959176276731
v -0.0009812559355460578 -0.019582526183415938 -0.12248825655030154
v 0.0008661274129268678 -0.020748662026768283 -0.1149652154214919
v 0.0008734294590958399 -0.020602248216713415 -0.1149400765653174
v 0.000871745687405605 -0.021185544066562034 -0.11492912075425016
v 0.0008663576060759239 -0.02107877259237445 -0.1149542138340553
v -0.0009812559355460578 -0.019582526183415938 -0.12248825655030154
v 0.0009625297645935937 -0.021750926097200418 -0.11454395075304541
v -0.0010192642696038592 -0.019608513809772354 -0.12264150820552983
v -0.0010907410901298683 -0.019686913471699263 -0.1229288464760136
v -0.0009812559355460578 -0.019582526183415938 -0.12248825655030154
v 0.0008631030135026684 -0.020950734179920882 -0.11497130367861702
v 0.0008661274129268678 -0.020748662026768283 -0.1149652154214919
v -0.0012521893380783996 -0.03248676835822417 -0.12319318975028798
v 0.0012302353966441029 -0.030969098608404355 -0.1131780601852394
v 0.0009892732374863075 -0.021827464186773282 -0.11443321008616442
v 0.0009625297645935937 -0.021750926097200418 -0.11454395075304541
v -0.0009812559355460578 -0.019582526183415938 -0.12248825655030154
v -0.0010192642696038592 -0.019608513809772354 -0.12264150820552983
v -0.0013754250464464298 -0.02049187566813604 -0.12405813424937845
v -0.001418698378236605 -0.020728491814018257 -0.12422632425980845
v 0.0009625297645935937 -0.021750926097200418 -0.11454395075304541
v 0.0008663576060759239 -0.02107877259237445 -0.1149542138340553
v 0.0008631030135026684 -0.020950734179920882 -0.11497130367861702
v -0.0009812559355460578 -0.019582526183415938 -0.12248825655030154
v -0.0012521893380783996 -0.03248676835822417 -0.12319318975028798
v 0.0009892732374863075 -0.021827464186773282 -0.11443321008616442
v 0.0009625297645935937 -0.021750926097200418 -0.11454395075304541
v -0.00152142818047929 -0.02220303640920185 -0.12459774609141488
v -0.0015176560407508676 -0.022407443157191897 -0.12457623882720975
v 0.0009625297645935937 -0.021750926097200418 -0.11454395075304541
v 0.0009015739392305435 -0.018490378304393262 -0.11489034816940075
v 0.0009266005002489532 -0.02018524647266373 -0.11473727961964991
v 0.0009512151931524023 -0.02007604122150508 -0.11463959284743191
v 0.0009625297645935937 -0.021750926097200418 -0.11454395075304541
v -0.0015176560407508676 -0.022407443157191897 -0.12457623882720975
v -0.0012521893380783996 -0.03248676835822417 -0.12319318975028798
v 0.0009266005002489532 -0.02018524647266373 -0.11473727961964991
v 0.0009015739392305435 -0.018490378304393262 -0.11489034816940075
v -0.0009812559355460578 -0.019582526183415938 -0.12248825655030154
v 0.0014525010083592945 -0.020321551334484544 -0.10994485995842847
v 0.00426835366495515 -0.02028660679852301 -0.11023126744273522
v 0.004111048893689629 -0.020100825310817028 -0.11024702214319056
v 0.0014398976056229087 -0.019951714509667262 -0.11002374790162857
v 0.004111048893689629 -0.020100825310817028 -0.11024702214319056
v 0.003896414703426083 -0.019801344858360048 -0.1103118491116017
v 0.0014262412271819072 -0.01966993043866605 -0.11012372349231465
v 0.003896414703426083 -0.019801344858360048 -0.1103118491116017
v 0.0037630926965900877 -0.019581986403727214 -0.11039101171301798
v 0.0014262412271819072 -0.01966993043866605 -0.11012372349231465
v 0.0037630926965900877 -0.019581986403727214 -0.11039101171301798
v 0.0036612977336404626 -0.019394532171190804 -0.11047815466149298
v 0.0013977164693954743 -0.01924667640550104 -0.11035265111549282
v 0.0036612977336404626 -0.019394532171190804 -0.11047815466149298
v 0.003529053855670373 -0.01911349768823789 -0.11065109778494171
v 0.0013675212317552229 -0.01893434614469447 -0.11061150885483868
v 0.003529053855670373 -0.01911349768823789 -0.11065109778494171
v 0.0034388980114681564 -0.01888378423738568 -0.11084682991093771
v 0.0013442960423967756 -0.01874141209927571 -0.11081637336652235
v 0.0034388980114681564 -0.01888378423738568 -0.11084682991093771
v 0.003372615020725279 -0.018690207415447135 -0.11105479195694819
v 0.0013164563804299314 -0.018559933590289734 -0.11106800606890395
v 0.003372615020725279 -0.018690207415447135 -0.11105479195694819
v 0.003321241298116091 -0.018522921488312027 -0.1112867713380838
v 0.001277643502838738 -0.01836270801024331 -0.11142560343696313
v 0.003321241298116091 -0.018522921488312027 -0.1112867713380838
v 0.0032868544232375627 -0.018403822819325066 -0.11150115733459472
v 0.001277643502838738 -0.01836270801024331 -0.11142560343696313
v 0.0032868544232375627 -0.018403822819325066 -0.11150115733459472
v 0.003258067762629547 -0.018305483733843664 -0.11171889263546393
v 0.001277643502838738 -0.01836270801024331 -0.11142560343696313
v 0.003258067762629547 -0.018305483733843664 -0.11171889263546393
v 0.0032323726758835833 -0.018228119762273565 -0.11195717389678168
v 0.0032323726758835833 -0.018228119762273565 -0.11195717389678168
v 0.0012272512303570379 -0.018214846522507377 -0.11190305859880119
v 0.001277643502838738 -0.01836270801024331 -0.11142560343696313
v 0.0032078231904646157 -0.018175444512579242 -0.11219219740647984
v 0.0011888511745551669 -0.018167555718259232 -0.1122748542707574
v 0.0012272512303570379 -0.018214846522507377 -0.11190305859880119
v 0.00317501655400343 -0.01814066973065409 -0.11252689896046325
v 0.001156683261497732 -0.01817219057565711 -0.11259169541129482
v 0.0011888511745551669 -0.018167555718259232 -0.1122748542707574
v 0.0031379655897954837 -0.01815515985890581 -0.11287661516359732
v 0.0011409619396450523 -0.018190171152072665 -0.11274845658817417
v 0.001156683261497732 -0.01817219057565711 -0.11259169541129482
v 0.001156683261497732 -0.01817219057565711 -0.11259169541129482
v 0.00317501655400343 -0.01814066973065409 -0.11252689896046325
v 0.0031379655897954837 -0.01815515985890581 -0.11287661516359732
v 0.0011888511745551669 -0.018167555718259232 -0.1122748542707574
v 0.0032078231904646157 -0.018175444512579242 -0.11219219740647984
v 0.00317501655400343 -0.01814066973065409 -0.11252689896046325
v 0.0012272512303570379 -0.018214846522507377 -0.11190305859880119
v 0.0032323726758835833 -0.018228119762273565 -0.11195717389678168
v 0.0032078231904646157 -0.018175444512579242 -0.11219219740647984
v 0.003321241298116091 -0.018522921488312027 -0.1112867713380838
v 0.001277643502838738 -0.01836270801024331 -0.11142560343696313
v 0.0013164563804299314 -0.018559933590289734 -0.11106800606890395
v 0.003372615020725279 -0.018690207415447135 -0.11105479195694819
v 0.0013164563804299314 -0.018559933590289734 -0.11106800606890395
v 0.0013442960423967756 -0.01874141209927571 -0.11081637336652235
v 0.0034388980114681564 -0.01888378423738568 -0.11084682991093771
v 0.0013442960423967756 -0.01874141209927571 -0.11081637336652235
v 0.0013675212317552229 -0.01893434614469447 -0.11061150885483868
v 0.003529053855670373 -0.01911349768823789 -0.11065109778494171
v 0.0013675212317552229 -0.01893434614469447 -0.11061150885483868
v 0.0013977164693954743 -0.01924667640550104 -0.11035265111549282
v 0.0036612977336404626 -0.019394532171190804 -0.11047815466149298
v 0.0013977164693954743 -0.01924667640550104 -0.11035265111549282
v 0.0014262412271819072 -0.01966993043866605 -0.11012372349231465
v 0.003896414703426083 -0.019801344858360048 -0.1103118491116017
v 0.0014262412271819072 -0.01966993043866605 -0.11012372349231465
v 0.0014398976056229087 -0.019951714509667262 -0.11002374790162857
v 0.004111048893689629 -0.020100825310817028 -0.11024702214319056
v 0.0014398976056229087 -0.019951714509667262 -0.11002374790162857
v 0.001447672912693876 -0.02016189289489434 -0.10997289035526765
v 0.004111048893689629 -0.020100825310817028 -0.11024702214319056
v 0.001447672912693876 -0.02016189289489434 -0.10997289035526765
v 0.0014525010083592945 -0.020321551334484544 -0.10994485995842847
v 0.0025683196810859237 -0.02195686253886664 -0.1139984337593613
v 0.002538465858867162 -0.02192762097558809 -0.11428840417108338
v 0.0010557525659384006 -0.02196133145692558 -0.11404533927916732
v 0.002598125104330829 -0.021903279391179975 -0.11369886556886305
v 0.0025683196810859237 -0.02195686253886664 -0.1139984337593613
v 0.0010779037987562747 -0.021975155920472833 -0.11382922903941045
v 0.0026302188692066413 -0.0217247916049923 -0.1133615776500107
v 0.002598125104330829 -0.021903279391179975 -0.11369886556886305
v 0.0011167252594167234 -0.021873902406142065 -0.11343518605194441
v 0.002656056053432499 -0.02137180811349504 -0.1130645729361967
v 0.0026302188692066413 -0.0217247916049923 -0.1133615776500107
v 0.0011537054133033133 -0.021569636415738058 -0.11303458941426475
v 0.0026628035379601405 -0.021016343161308626 -0.11295496904915486
v 0.002656056053432499 -0.02137180811349504 -0.1130645729361967
v 0.0011694214899470037 -0.021150765469939437 -0.11282906114522534
v 0.002661955721452586 -0.02085878852736034 -0.11294413530840591
v 0.0026628035379601405 -0.021016343161308626 -0.11295496904915486
v 0.0011705831845288536 -0.020984686894546245 -0.11279741441520658
v 0.0026568206618519945 -0.020617600466588115 -0.11296524584407658
v 0.002661955721452586 -0.02085878852736034 -0.11294413530840591
v 0.0011684742528872418 -0.02079464820448962 -0.11279501878520998
v 0.0026424447361050878 -0.02033891011521627 -0.11307267535357374
v 0.0026568206618519945 -0.020617600466588115 -0.11296524584407658
v 0.00115204625833254 -0.020386790290219947 -0.11290688860253523
v 0.0026205235772269746 -0.020078299522393595 -0.1132564751059561
v 0.0026424447361050878 -0.02033891011521627 -0.11307267535357374
v 0.0011411089247060498 -0.020233189590175282 -0.11299572527667662
v 0.002590557698270713 -0.019878121366523338 -0.11352673116127304
v 0.0026205235772269746 -0.020078299522393595 -0.1132564751059561
v 0.0011057813692789966 -0.01994052600205576 -0.11330743946384553
v 0.0025601896071524026 -0.01977331255417214 -0.11381255118217298
v 0.002590557698270713 -0.019878121366523338 -0.11352673116127304
v 0.0010770701681548508 -0.019815361964128364 -0.11357449117330715
v 0.002515142321840164 -0.019766383156260003 -0.1142546288398893
v 0.0025601896071524026 -0.01977331255417214 -0.11381255118217298
v 0.0010541098618503666 -0.01977792070868789 -0.11379567496066828
v 0.0009929584736385196 -0.019904244414639116 -0.11441520471421546
v 0.002479607699867326 -0.019927723877424253 -0.11462363978270934
v 0.002515142321840164 -0.019766383156260003 -0.1142546288398893
v 0.0009929584736385196 -0.019904244414639116 -0.11441520471421546
v 0.0009512151931524023 -0.02007604122150508 -0.11463959284743191
v 0.002479607699867326 -0.019927723877424253 -0.11462363978270934
v 0.0024605506635159984 -0.020099473000572132 -0.11483191463391046
v 0.002479607699867326 -0.019927723877424253 -0.11462363978270934
v 0.0009512151931524023 -0.02007604122150508 -0.11463959284743191
v 0.0024487298698026854 -0.02027101994475533 -0.11496902248954383
v 0.0024605506635159984 -0.020099473000572132 -0.11483191463391046
v 0.0009266005002489532 -0.02018524647266373 -0.11473727961964991
v 0.0009266005002489532 -0.02018524647266373 -0.11473727961964991
v 0.0009050360155821171 -0.02031116391333687 -0.11482083675252491
v 0.0024487298698026854 -0.02027101994475533 -0.11496902248954383
v 0.0024419711796012937 -0.020457436579586208 -0.11505816433948096
v 0.0024487298698026854 -0.02027101994475533 -0.11496902248954383
v 0.0008853482428498179 -0.020466069239908347 -0.1148959176276731
v 0.0008853482428498179 -0.020466069239908347 -0.1148959176276731
v 0.0008734294590958399 -0.020602248216713415 -0.1149400765653174
v 0.0024419711796012937 -0.020457436579586208 -0.11505816433948096
v 0.0024385594095723 -0.020644537952608788 -0.11511449216198061
v 0.0024419711796012937 -0.020457436579586208 -0.11505816433948096
v 0.0008734294590958399 -0.020602248216713415 -0.1149400765653174
v 0.0024397014346204397 -0.02090108779999933 -0.1151344888059968
v 0.0024385594095723 -0.020644537952608788 -0.11511449216198061
v 0.0008661274129268678 -0.020748662026768283 -0.1149652154214919
v 0.0008661274129268678 -0.020748662026768283 -0.1149652154214919
v 0.0008631030135026684 -0.020950734179920882 -0.11497130367861702
v 0.0024397014346204397 -0.02090108779999933 -0.1151344888059968
v 0.002444951650400207 -0.02109941010556171 -0.11510702298437975
v 0.0024397014346204397 -0.02090108779999933 -0.1151344888059968
v 0.0008663576060759239 -0.02107877259237445 -0.1149542138340553
v 0.0024397014346204397 -0.02090108779999933 -0.1151344888059968
v 0.0008631030135026684 -0.020950734179920882 -0.11497130367861702
v 0.0008663576060759239 -0.02107877259237445 -0.1149542138340553
v 0.002444951650400207 -0.02109941010556171 -0.11510702298437975
v 0.0008663576060759239 -0.02107877259237445 -0.1149542138340553
v 0.000871745687405605 -0.021185544066562034 -0.11492912075425016
v 0.002450169679670267 -0.02122150903409059 -0.11507057736497289
v 0.000871745687405605 -0.021185544066562034 -0.11492912075425016
v 0.0008787301600121299 -0.021275700626020022 -0.1148980691170331
v 0.002450169679670267 -0.02122150903409059 -0.11507057736497289
v 0.0008787301600121299 -0.021275700626020022 -0.1148980691170331
v 0.000885328990548641 -0.02134521967229075 -0.11486919948675561
v 0.0024628065802186076 -0.021439351146488317 -0.11497283718699064
v 0.000885328990548641 -0.02134521967229075 -0.11486919948675561
v 0.0009072657062397795 -0.021511126586298834 -0.1147752434886406
v 0.0024628065802186076 -0.021439351146488317 -0.11497283718699064
v 0.0009072657062397795 -0.021511126586298834 -0.1147752434886406
v 0.00092861567377988 -0.02162081630403323 -0.11468536158739878
v 0.0024890788783719924 -0.0216981859976495 -0.11474606105317248
v 0.00092861567377988 -0.02162081630403323 -0.11468536158739878
v 0.0009451067300517495 -0.021690753059674384 -0.1146163918575604
v 0.0024890788783719924 -0.0216981859976495 -0.11474606105317248
v 0.0009451067300517495 -0.021690753059674384 -0.1146163918575604
v 0.0009625297645935937 -0.021750926097200418 -0.11454395075304541
v 0.0024890788783719924 -0.0216981859976495 -0.11474606105317248
v 0.0009625297645935937 -0.021750926097200418 -0.11454395075304541
v 0.0009892732374863075 -0.021827464186773282 -0.11443321008616442
v 0.00251212227355524 -0.021838131988183296 -0.11453652735181391
v 0.0009892732374863075 -0.021827464186773282 -0.11443321008616442
v 0.0010129054073786117 -0.021879746522630583 -0.11432727593806641
v 0.00251212227355524 -0.021838131988183296 -0.11453652735181391
v 0.0010129054073786117 -0.021879746522630583 -0.11432727593806641
v 0.001028721739039576 -0.02191298588883339 -0.11424451226226034
v 0.002538465858867162 -0.02192762097558809 -0.11428840417108338
v 0.001028721739039576 -0.02191298588883339 -0.11424451226226034
v 0.0010444754858205537 -0.02194291028295492 -0.11414362877358192
v 0.002538465858867162 -0.02192762097558809 -0.11428840417108338
v 0.0010444754858205537 -0.02194291028295492 -0.11414362877358192
v 0.0010557525659384006 -0.02196133145692558 -0.11404533927916732
v 0.001028721739039576 -0.02191298588883339 -0.11424451226226034
v 0.002538465858867162 -0.02192762097558809 -0.11428840417108338
v 0.00251212227355524 -0.021838131988183296 -0.11453652735181391
v 0.0009892732374863075 -0.021827464186773282 -0.11443321008616442
v 0.00251212227355524 -0.021838131988183296 -0.11453652735181391
v 0.0024890788783719924 -0.0216981859976495 -0.11474606105317248
v 0.00092861567377988 -0.02162081630403323 -0.11468536158739878
v 0.0024890788783719924 -0.0216981859976495 -0.11474606105317248
v 0.0024628065802186076 -0.021439351146488317 -0.11497283718699064
v 0.000885328990548641 -0.02134521967229075 -0.11486919948675561
v 0.0024628065802186076 -0.021439351146488317 -0.11497283718699064
v 0.002450169679670267 -0.02122150903409059 -0.11507057736497289
v 0.000871745687405605 -0.021185544066562034 -0.11492912075425016
v 0.002450169679670267 -0.02122150903409059 -0.11507057736497289
v 0.002444951650400207 -0.02109941010556171 -0.11510702298437975
v 0.0008734294590958399 -0.020602248216713415 -0.1149400765653174
v 0.0008661274129268678 -0.020748662026768283 -0.1149652154214919
v 0.0024385594095723 -0.020644537952608788 -0.11511449216198061
v 0.0009050360155821171 -0.02031116391333687 -0.11482083675252491
v 0.0008853482428498179 -0.020466069239908347 -0.1148959176276731
v 0.0024487298698026854 -0.02027101994475533 -0.11496902248954383
v 0.0009512151931524023 -0.02007604122150508 -0.11463959284743191
v 0.0009266005002489532 -0.02018524647266373 -0.11473727961964991
v 0.0024605506635159984 -0.020099473000572132 -0.11483191463391046
v 0.0010227618703254062 -0.019791460977275355 -0.1141053444700057
v 0.0009929584736385196 -0.019904244414639116 -0.11441520471421546
v 0.002515142321840164 -0.019766383156260003 -0.1142546288398893
v 0.0010541098618503666 -0.01977792070868789 -0.11379567496066828
v 0.0010227618703254062 -0.019791460977275355 -0.1141053444700057
v 0.002515142321840164 -0.019766383156260003 -0.1142546288398893
v 0.0010770701681548508 -0.019815361964128364 -0.11357449117330715
v 0.0010541098618503666 -0.01977792070868789 -0.11379567496066828
v 0.0025601896071524026 -0.01977331255417214 -0.11381255118217298
v 0.0011057813692789966 -0.01994052600205576 -0.11330743946384553
v 0.0010770701681548508 -0.019815361964128364 -0.11357449117330715
v 0.002590557698270713 -0.019878121366523338 -0.11352673116127304
v 0.0011280561029267113 -0.020095444680068297 -0.11310729754760102
v 0.0011057813692789966 -0.01994052600205576 -0.11330743946384553
v 0.0026205235772269746 -0.020078299522393595 -0.1132564751059561
v 0.0011411089247060498 -0.020233189590175282 -0.11299572527667662
v 0.0011280561029267113 -0.020095444680068297 -0.11310729754760102
v 0.0026205235772269746 -0.020078299522393595 -0.1132564751059561
v 0.00115204625833254 -0.020386790290219947 -0.11290688860253523
v 0.0011411089247060498 -0.020233189590175282 -0.11299572527667662
v 0.0026424447361050878 -0.02033891011521627 -0.11307267535357374
v 0.0011639285640421828 -0.02062328627313259 -0.11281885301485767
v 0.00115204625833254 -0.020386790290219947 -0.11290688860253523
v 0.0026568206618519945 -0.020617600466588115 -0.11296524584407658
v 0.0011684742528872418 -0.02079464820448962 -0.11279501878520998
v 0.0011639285640421828 -0.02062328627313259 -0.11281885301485767
v 0.0026568206618519945 -0.020617600466588115 -0.11296524584407658
v 0.0011696235497023896 -0.02086874870239397 -0.11279274522553168
v 0.0011684742528872418 -0.02079464820448962 -0.11279501878520998
v 0.002661955721452586 -0.02085878852736034 -0.11294413530840591
v 0.0011705831845288536 -0.020984686894546245 -0.11279741441520658
v 0.0011696235497023896 -0.02086874870239397 -0.11279274522553168
v 0.002661955721452586 -0.02085878852736034 -0.11294413530840591
v 0.0011694214899470037 -0.021150765469939437 -0.11282906114522534
v 0.0011705831845288536 -0.020984686894546245 -0.11279741441520658
v 0.0026628035379601405 -0.021016343161308626 -0.11295496904915486
v 0.0011648275213373834 -0.021339356482314997 -0.11289716112404585
v 0.0011694214899470037 -0.021150765469939437 -0.11282906114522534
v 0.002656056053432499 -0.02137180811349504 -0.1130645729361967
v 0.0011537054133033133 -0.021569636415738058 -0.11303458941426475
v 0.0011648275213373834 -0.021339356482314997 -0.11289716112404585
v 0.002656056053432499 -0.02137180811349504 -0.1130645729361967
v 0.0011334622444646172 -0.021775755962881727 -0.11325869525987015
v 0.0011537054133033133 -0.021569636415738058 -0.11303458941426475
v 0.0026302188692066413 -0.0217247916049923 -0.1133615776500107
v 0.0011167252594167234 -0.021873902406142065 -0.11343518605194441
v 0.0011334622444646172 -0.021775755962881727 -0.11325869525987015
v 0.0026302188692066413 -0.0217247916049923 -0.1133615776500107
v 0.0011053492355838498 -0.02192215069944936 -0.11355292287394286
v 0.0011167252594167234 -0.021873902406142065 -0.11343518605194441
v 0.002598125104330829 -0.021903279391179975 -0.11369886556886305
v 0.0010779037987562747 -0.021975155920472833 -0.11382922903941045
v 0.0011053492355838498 -0.02192215069944936 -0.11355292287394286
v 0.002598125104330829 -0.021903279391179975 -0.11369886556886305
v 0.0010557525659384006 -0.02196133145692558 -0.11404533927916732
v 0.0010779037987562747 -0.021975155920472833 -0.11382922903941045
v 0.0025683196810859237 -0.02195686253886664 -0.1139984337593613
v 0.0032078231904646157 -0.018175444512579242 -0.11219219740647984
v 0.0032323726758835833 -0.018228119762273565 -0.11195717389678168
v 0.0031379655897954837 -0.01815515985890581 -0.11287661516359732
v 0.0031379655897954837 -0.01815515985890581 -0.11287661516359732
v 0.00317501655400343 -0.01814066973065409 -0.11252689896046325
v 0.0032078231904646157 -0.018175444512579242 -0.11219219740647984
v 0.002435763951599557 -0.01940376755370954 -0.11993271443673231
v 0.0024278403481653448 -0.01914850135200985 -0.1199795436625894
v 0.0031379655897954837 -0.01815515985890581 -0.11287661516359732
v 0.0031379655897954837 -0.01815515985890581 -0.11287661516359732
v 0.0032323726758835833 -0.018228119762273565 -0.11195717389678168
v 0.002435763951599557 -0.01940376755370954 -0.11993271443673231
v 0.0009015739392305435 -0.018490378304393262 -0.11489034816940075
v 0.002248840677264025 -0.019257351836305947 -0.12073845483144824
v 0.0021034832999833335 -0.019303618394289623 -0.12104774287104098
v 0.0009015739392305435 -0.018490378304393262 -0.11489034816940075
v 0.0023493403120118665 -0.019210219342001844 -0.12041426658362825
v 0.002248840677264025 -0.019257351836305947 -0.12073845483144824
v 0.0023937281315029872 -0.01918207259689053 -0.12021765707721949
v 0.0023493403120118665 -0.019210219342001844 -0.12041426658362825
v 0.0009015739392305435 -0.018490378304393262 -0.11489034816940075
v 0.0024278403481653448 -0.01914850135200985 -0.1199795436625894
v 0.0023937281315029872 -0.01918207259689053 -0.12021765707721949
v 0.0009015739392305435 -0.018490378304393262 -0.11489034816940075
v 0.0009015739392305435 -0.018490378304393262 -0.11489034816940075
v 0.0019732916100303343 -0.019337475741478816 -0.12126949123362424
v 0.001800390448253517 -0.019375172581648226 -0.12151105313474625
v 0.0009015739392305435 -0.018490378304393262 -0.11489034816940075
v 0.0021034832999833335 -0.019303618394289623 -0.12104774287104098
v 0.0019732916100303343 -0.019337475741478816 -0.12126949123362424
v 0.0031379655897954837 -0.01815515985890581 -0.11287661516359732
v 0.0024278403481653448 -0.01914850135200985 -0.1199795436625894
v 0.0009015739392305435 -0.018490378304393262 -0.11489034816940075
v 0.0009015739392305435 -0.018490378304393262 -0.11489034816940075
v 0.0009309647525466982 -0.018470520896833875 -0.11475127192988482
v 0.0031379655897954837 -0.01815515985890581 -0.11287661516359732
v 0.0031379655897954837 -0.01815515985890581 -0.11287661516359732
v 0.0009309647525466982 -0.018470520896833875 -0.11475127192988482
v 0.0009603860834424274 -0.01844276515821086 -0.11455463953529138
v 0.001800390448253517 -0.019375172581648226 -0.12151105313474625
v 0.001723781786777887 -0.01939017387935782 -0.12160565763142722
v 0.0009015739392305435 -0.018490378304393262 -0.11489034816940075
v 0.001723781786777887 -0.01939017387935782 -0.12160565763142722
v 0.0015127076629065793 -0.019432373969863193 -0.12187268645270416
v 0.0009015739392305435 -0.018490378304393262 -0.11489034816940075
v -0.0009812559355460578 -0.019582526183415938 -0.12248825655030154
v 0.0013062979603383625 -0.01947494027132346 -0.12214327820139642
v 0.0011046135950230909 -0.01951786133964628 -0.12241735658355507
v -0.0009812559355460578 -0.019582526183415938 -0.12248825655030154
v 0.0009015739392305435 -0.018490378304393262 -0.11489034816940075
v 0.0015127076629065793 -0.019432373969863193 -0.12187268645270416
v 0.0015127076629065793 -0.019432373969863193 -0.12187268645270416
v 0.0013062979603383625 -0.01947494027132346 -0.12214327820139642
v -0.0009812559355460578 -0.019582526183415938 -0.12248825655030154
v 0.0009603860834424274 -0.01844276515821086 -0.11455463953529138
v 0.0011409619396450523 -0.018190171152072665 -0.11274845658817417
v 0.0031379655897954837 -0.01815515985890581 -0.11287661516359732
v 0.0011046135950230909 -0.01951786133964628 -0.12241735658355507
v 0.0009065526558404635 -0.01956095406935421 -0.12269630251965585
v -0.0009812559355460578 -0.019582526183415938 -0.12248825655030154
v -0.00152142818047929 -0.02220303640920185 -0.12459774609141488
v -0.0004227849743906714 -0.02203096875881716 -0.12471679516933504
v -0.0004233847461572114 -0.02239389525920954 -0.12468753643991798
v -0.0004227849743906714 -0.02203096875881716 -0.12471679516933504
v -0.00152142818047929 -0.02220303640920185 -0.12459774609141488
v -0.00151867075027172 -0.02190272816739891 -0.12459573956055786
v -0.0015048746585367288 -0.021536704132679718 -0.12455096264192717
v -0.0003752821862133133 -0.021530409881892476 -0.12466615124603114
v -0.0004227849743906714 -0.02203096875881716 -0.12471679516933504
v -0.0015048746585367288 -0.021536704132679718 -0.12455096264192717
v -0.000307190313624875 -0.02117193704076925 -0.12456558819193825
v -0.0003752821862133133 -0.021530409881892476 -0.12466615124603114
v -0.0014662566881432084 -0.02109639649457873 -0.1244078657113023
v -0.0002416492219307551 -0.020923560182658507 -0.12446259899026918
v -0.000307190313624875 -0.02117193704076925 -0.12456558819193825
v -0.001418698378236605 -0.020728491814018257 -0.12422632425980845
v -0.00015191914862755336 -0.020657855061395614 -0.1243192884365873
v -0.0002416492219307551 -0.020923560182658507 -0.12446259899026918
v -0.0013754250464464298 -0.02049187566813604 -0.12405813424937845
v -6.414860791673778e-05 -0.02045985128307004 -0.12417786234344413
v -0.00015191914862755336 -0.020657855061395614 -0.1243192884365873
v -0.00132615560631634 -0.0202697706313415 -0.12386520974070331
v 1.1855913889269888e-05 -0.02031209279216517 -0.12405595224243887
v -6.414860791673778e-05 -0.02045985128307004 -0.12417786234344413
v -0.00132615560631634 -0.0202697706313415 -0.12386520974070331
v 0.00013530268417711984 -0.020120734216791947 -0.12385962502364117
v 1.1855913889269888e-05 -0.02031209279216517 -0.12405595224243887
v -0.0012523304818839317 -0.020024113652510334 -0.12357346930936591
v 0.00021769813737143254 -0.020011616703674573 -0.1237297040579976
v 0.00013530268417711984 -0.020120734216791947 -0.12385962502364117
v -0.0012523304818839317 -0.020024113652510334 -0.12357346930936591
v 0.00026739583689457466 -0.0199546022356345 -0.12365209022374474
v 0.00021769813737143254 -0.020011616703674573 -0.1237297040579976
v -0.0011943212122753068 -0.019874155988527376 -0.12334293188386519
v 0.00035088207004124744 -0.01986905192334354 -0.12352274909211308
v 0.00026739583689457466 -0.0199546022356345 -0.12365209022374474
v -0.0011943212122753068 -0.019874155988527376 -0.12334293188386519
v 0.00044283180552015186 -0.019789036737047905 -0.12338176550387375
v 0.00035088207004124744 -0.01986905192334354 -0.12352274909211308
v -0.0011465184041042217 -0.01977803324226257 -0.12315212071757559
v 0.0005435207744311153 -0.01971618173785994 -0.12322938359966334
v 0.00044283180552015186 -0.019789036737047905 -0.12338176550387375
v -0.0010907410901298683 -0.019686913471699263 -0.1229288464760136
v 0.000701189491674921 -0.019631289460878554 -0.12299498570034645
v 0.0005435207744311153 -0.01971618173785994 -0.12322938359966334
v -0.0010192642696038592 -0.019608513809772354 -0.12264150820552983
v 0.0009065526558404635 -0.01956095406935421 -0.12269630251965585
v 0.000701189491674921 -0.019631289460878554 -0.12299498570034645
v 0.0009065526558404635 -0.01956095406935421 -0.12269630251965585
v -0.0010192642696038592 -0.019608513809772354 -0.12264150820552983
v -0.0009812559355460578 -0.019582526183415938 -0.12248825655030154
v 0.000701189491674921 -0.019631289460878554 -0.12299498570034645
v -0.0010907410901298683 -0.019686913471699263 -0.1229288464760136
v -0.0010192642696038592 -0.019608513809772354 -0.12264150820552983
v 0.0005435207744311153 -0.01971618173785994 -0.12322938359966334
v -0.0011465184041042217 -0.01977803324226257 -0.12315212071757559
v -0.0010907410901298683 -0.019686913471699263 -0.1229288464760136
v 0.00044283180552015186 -0.019789036737047905 -0.12338176550387375
v -0.0011943212122753068 -0.019874155988527376 -0.12334293188386519
v -0.0011465184041042217 -0.01977803324226257 -0.12315212071757559
v 0.00026739583689457466 -0.0199546022356345 -0.12365209022374474
v -0.0012523304818839317 -0.020024113652510334 -0.12357346930936591
v -0.0011943212122753068 -0.019874155988527376 -0.12334293188386519
v 0.00013530268417711984 -0.020120734216791947 -0.12385962502364117
v -0.00132615560631634 -0.0202697706313415 -0.12386520974070331
v -0.0012523304818839317 -0.020024113652510334 -0.12357346930936591
v -6.414860791673778e-05 -0.02045985128307004 -0.12417786234344413
v -0.0013754250464464298 -0.02049187566813604 -0.12405813424937845
v -0.00132615560631634 -0.0202697706313415 -0.12386520974070331
v -0.00015191914862755336 -0.020657855061395614 -0.1243192884365873
v -0.001418698378236605 -0.020728491814018257 -0.12422632425980845
v -0.0013754250464464298 -0.02049187566813604 -0.12405813424937845
v -0.0002416492219307551 -0.020923560182658507 -0.12446259899026918
v -0.0014662566881432084 -0.02109639649457873 -0.1244078657113023
v -0.001418698378236605 -0.020728491814018257 -0.12422632425980845
v -0.000307190313624875 -0.02117193704076925 -0.12456558819193825
v -0.0015048746585367288 -0.021536704132679718 -0.12455096264192717
v -0.0014662566881432084 -0.02109639649457873 -0.1244078657113023
v -0.0004227849743906714 -0.02203096875881716 -0.12471679516933504
v -0.00151867075027172 -0.02190272816739891 -0.12459573956055786
v -0.0015048746585367288 -0.021536704132679718 -0.12455096264192717
v -0.0004233847461572114 -0.02239389525920954 -0.12468753643991798
v -0.0015176560407508676 -0.022407443157191897 -0.12457623882720975
v -0.00152142818047929 -0.02220303640920185 -0.12459774609141488
v 0.001800390448253517 -0.019375172581648226 -0.12151105313474625
v 0.0019732916100303343 -0.019337475741478816 -0.12126949123362424
v 0.0020401652828309917 -0.020485405941266244 -0.12107999232325634
v 0.0021442695682474815 -0.019696909886358638 -0.12093755152059232
v 0.0019732916100303343 -0.019337475741478816 -0.12126949123362424
v 0.0021034832999833335 -0.019303618394289623 -0.12104774287104098
v 0.0021034832999833335 -0.019303618394289623 -0.12104774287104098
v 0.002248840677264025 -0.019257351836305947 -0.12073845483144824
v 0.0021442695682474815 -0.019696909886358638 -0.12093755152059232
v 0.002248840677264025 -0.019257351836305947 -0.12073845483144824
v 0.0023493403120118665 -0.019210219342001844 -0.12041426658362825
v 0.002372581833043758 -0.019632822969252173 -0.12031489371513876
v 0.002372581833043758 -0.019632822969252173 -0.12031489371513876
v 0.0023493403120118665 -0.019210219342001844 -0.12041426658362825
v 0.0023937281315029872 -0.01918207259689053 -0.12021765707721949
v 0.0024278403481653448 -0.01914850135200985 -0.1199795436625894
v 0.0024382365908008634 -0.019525610897509482 -0.11994919392970255
v 0.0023937281315029872 -0.01918207259689053 -0.12021765707721949
v 0.0024278403481653448 -0.01914850135200985 -0.1199795436625894
v 0.002435763951599557 -0.01940376755370954 -0.11993271443673231
v 0.0024382365908008634 -0.019525610897509482 -0.11994919392970255
v 0.0022540467856045636 -0.01947209069233069 -0.12070083428522776
v 0.0021442695682474815 -0.019696909886358638 -0.12093755152059232
v 0.002248840677264025 -0.019257351836305947 -0.12073845483144824
v 0.005126726394019122 -0.021412936274017857 -0.11237717971507072
v 0.005144684082249996 -0.02100448135959776 -0.11021848820628839
v 0.005461107036579816 -0.021165438703668604 -0.11022761296258117
v 0.005144684082249996 -0.02100448135959776 -0.11021848820628839
v 0.005126726394019122 -0.021412936274017857 -0.11237717971507072
v 0.004809604396382173 -0.02121659188908165 -0.11229607161795657
v 0.004877188437373004 -0.020831429517271793 -0.11021594761778881
v 0.004809604396382173 -0.02121659188908165 -0.11229607161795657
v 0.004595384816047377 -0.021059790657879107 -0.11224838027047651
v 0.004676819546630407 -0.020680066137279685 -0.11021708439762797
v 0.004595384816047377 -0.021059790657879107 -0.11224838027047651
v 0.004380151479866091 -0.020876227416738447 -0.11221467360383647
v 0.00452776358175644 -0.02054963400217824 -0.11022041844319648
v 0.004380151479866091 -0.020876227416738447 -0.11221467360383647
v 0.004151883322509043 -0.020649357822832837 -0.11220111616911049
v 0.0043173644209146276 -0.0216710425179667 -0.11604626253094436
v 0.004033249092936232 -0.021680979804815648 -0.11707948096380866
v 0.003958059260492226 -0.021393082681155917 -0.11611364534664487
v 0.0036456271949475436 -0.02108208184240956 -0.11614801577064066
v 0.003958059260492226 -0.021393082681155917 -0.11611364534664487
v 0.0035684816148062746 -0.02139451700739592 -0.11771399484892692
v 0.0035684816148062746 -0.02139451700739592 -0.11771399484892692
v 0.0032394115079287253 -0.02112357430653855 -0.11826075543397868
v 0.0036456271949475436 -0.02108208184240956 -0.11614801577064066
v 0.003434064312965863 -0.020801638637560904 -0.11613940981320064
v 0.0036456271949475436 -0.02108208184240956 -0.11614801577064066
v 0.0032394115079287253 -0.02112357430653855 -0.11826075543397868
v 0.0030280376918892524 -0.020873980559942273 -0.11853867140176882
v 0.0032776469356939073 -0.020543248198652275 -0.1161023538422023
v 0.003434064312965863 -0.020801638637560904 -0.11613940981320064
v 0.003166350038241451 -0.02030725575580261 -0.11603841188359881
v 0.0032776469356939073 -0.020543248198652275 -0.1161023538422023
v 0.0030280376918892524 -0.020873980559942273 -0.11853867140176882
v 0.0030280376918892524 -0.020873980559942273 -0.11853867140176882
v 0.00290356935940872 -0.020798644100065156 -0.11900874130934985
v 0.003166350038241451 -0.02030725575580261 -0.11603841188359881
v 0.00290356935940872 -0.020798644100065156 -0.11900874130934985
v 0.003077990678118093 -0.020072976112106566 -0.11594839265324891
v 0.003166350038241451 -0.02030725575580261 -0.11603841188359881
v 0.003077990678118093 -0.020072976112106566 -0.11594839265324891
v 0.002732731472113448 -0.02050888540405138 -0.11928804582701064
v 0.0026148392011940418 -0.02028915883111493 -0.11957607837242973
v 0.003000485801161052 -0.019780638680618745 -0.11578783966710743
v 0.003077990678118093 -0.020072976112106566 -0.11594839265324891
v 0.0026148392011940418 -0.02028915883111493 -0.11957607837242973
v 0.0026148392011940418 -0.02028915883111493 -0.11957607837242973
v 0.0025609544539904887 -0.020107234002527674 -0.11961325641374637
v 0.003000485801161052 -0.019780638680618745 -0.11578783966710743
v 0.002958741090163392 -0.019519667598887347 -0.11558560729666206
v 0.003000485801161052 -0.019780638680618745 -0.11578783966710743
v 0.0025609544539904887 -0.020107234002527674 -0.11961325641374637
v 0.0029439550844409528 -0.01928132720975917 -0.11533278440867706
v 0.002958741090163392 -0.019519667598887347 -0.11558560729666206
v 0.0025609544539904887 -0.020107234002527674 -0.11961325641374637
v 0.0029439550844409528 -0.01928132720975917 -0.11533278440867706
v 0.0025609544539904887 -0.020107234002527674 -0.11961325641374637
v 0.0024846805322158165 -0.019850277889859047 -0.11982611653127856
v 0.0024846805322158165 -0.019850277889859047 -0.11982611653127856
v 0.0029522301168774527 -0.019072201681027412 -0.11501325772113707
v 0.0029439550844409528 -0.01928132720975917 -0.11533278440867706
v 0.0029522301168774527 -0.019072201681027412 -0.11501325772113707
v 0.0024846805322158165 -0.019850277889859047 -0.11982611653127856
v 0.0024562307570760726 -0.019648718813513044 -0.11986623951902414
v 0.0029808992371203884 -0.018918667738188066 -0.11462350245360126
v 0.0029522301168774527 -0.019072201681027412 -0.11501325772113707
v 0.0024562307570760726 -0.019648718813513044 -0.11986623951902414
v 0.0032323726758835833 -0.018228119762273565 -0.11195717389678168
v 0.003258067762629547 -0.018305483733843664 -0.11171889263546393
v 0.002435763951599557 -0.01940376755370954 -0.11993271443673231
v 0.0024382365908008634 -0.019525610897509482 -0.11994919392970255
v 0.002435763951599557 -0.01940376755370954 -0.11993271443673231
v 0.003258067762629547 -0.018305483733843664 -0.11171889263546393
v 0.003258067762629547 -0.018305483733843664 -0.11171889263546393
v 0.0032868544232375627 -0.018403822819325066 -0.11150115733459472
v 0.0024382365908008634 -0.019525610897509482 -0.11994919392970255
v 0.0024562307570760726 -0.019648718813513044 -0.11986623951902414
v 0.0024382365908008634 -0.019525610897509482 -0.11994919392970255
v 0.0032868544232375627 -0.018403822819325066 -0.11150115733459472
v 0.0024562307570760726 -0.019648718813513044 -0.11986623951902414
v 0.0030150300504327996 -0.018854866923390112 -0.11426929253687484
v 0.0029808992371203884 -0.018918667738188066 -0.11462350245360126
v 0.0024562307570760726 -0.019648718813513044 -0.11986623951902414
v 0.0032868544232375627 -0.018403822819325066 -0.11150115733459472
v 0.0030150300504327996 -0.018854866923390112 -0.11426929253687484
v 0.0032868544232375627 -0.018403822819325066 -0.11150115733459472
v 0.003051714803685852 -0.018852347315726492 -0.11394222800717996
v 0.0030150300504327996 -0.018854866923390112 -0.11426929253687484
v 0.0032868544232375627 -0.018403822819325066 -0.11150115733459472
v 0.003321241298116091 -0.018522921488312027 -0.1112867713380838
v 0.003051714803685852 -0.018852347315726492 -0.11394222800717996
v 0.0031276737745025715 -0.018960362381281737 -0.11340127339164224
v 0.003051714803685852 -0.018852347315726492 -0.11394222800717996
v 0.003321241298116091 -0.018522921488312027 -0.1112867713380838
v 0.003321241298116091 -0.018522921488312027 -0.1112867713380838
v 0.003372615020725279 -0.018690207415447135 -0.11105479195694819
v 0.0031276737745025715 -0.018960362381281737 -0.11340127339164224
v 0.003372615020725279 -0.018690207415447135 -0.11105479195694819
v 0.0034388980114681564 -0.01888378423738568 -0.11084682991093771
v 0.0031276737745025715 -0.018960362381281737 -0.11340127339164224
v 0.0034388980114681564 -0.01888378423738568 -0.11084682991093771
v 0.0032371110069497064 -0.019211808163488442 -0.11294614946865783
v 0.0031276737745025715 -0.018960362381281737 -0.11340127339164224
v 0.0034388980114681564 -0.01888378423738568 -0.11084682991093771
v 0.003529053855670373 -0.01911349768823789 -0.11065109778494171
v 0.0032371110069497064 -0.019211808163488442 -0.11294614946865783
v 0.0033517295522039756 -0.019465273827993235 -0.112661756144603
v 0.0032371110069497064 -0.019211808163488442 -0.11294614946865783
v 0.003529053855670373 -0.01911349768823789 -0.11065109778494171
v 0.003529053855670373 -0.01911349768823789 -0.11065109778494171
v 0.0036612977336404626 -0.019394532171190804 -0.11047815466149298
v 0.0033517295522039756 -0.019465273827993235 -0.112661756144603
v 0.003493421958912641 -0.019740847571551035 -0.11245709762658146
v 0.0033517295522039756 -0.019465273827993235 -0.112661756144603
v 0.0036612977336404626 -0.019394532171190804 -0.11047815466149298
v 0.0036612977336404626 -0.019394532171190804 -0.11047815466149298
v 0.0037630926965900877 -0.019581986403727214 -0.11039101171301798
v 0.003493421958912641 -0.019740847571551035 -0.11245709762658146
v 0.0037630926965900877 -0.019581986403727214 -0.11039101171301798
v 0.003896414703426083 -0.019801344858360048 -0.1103118491116017
v 0.0036292120749967247 -0.019969935412021966 -0.11234077987203323
v 0.003896414703426083 -0.019801344858360048 -0.1103118491116017
v 0.0038726262501477546 -0.02032623006090306 -0.11222670515958372
v 0.0036292120749967247 -0.019969935412021966 -0.11234077987203323
v 0.003896414703426083 -0.019801344858360048 -0.1103118491116017
v 0.004111048893689629 -0.020100825310817028 -0.11024702214319056
v 0.0038726262501477546 -0.02032623006090306 -0.11222670515958372
v 0.004111048893689629 -0.020100825310817028 -0.11024702214319056
v 0.00426835366495515 -0.02028660679852301 -0.11023126744273522
v 0.0038726262501477546 -0.02032623006090306 -0.11222670515958372
v 0.004151883322509043 -0.020649357822832837 -0.11220111616911049
v 0.00426835366495515 -0.02028660679852301 -0.11023126744273522
v 0.004379898279323059 -0.020407639519115506 -0.11022549199080074
v 0.004151883322509043 -0.020649357822832837 -0.11220111616911049
v 0.0038726262501477546 -0.02032623006090306 -0.11222670515958372
v 0.00426835366495515 -0.02028660679852301 -0.11023126744273522
v 0.0036292120749967247 -0.019969935412021966 -0.11234077987203323
v 0.003493421958912641 -0.019740847571551035 -0.11245709762658146
v 0.0037630926965900877 -0.019581986403727214 -0.11039101171301798
v 0.0032394115079287253 -0.02112357430653855 -0.11826075543397868
v 0.0030280376918892524 -0.020873980559942273 -0.11853867140176882
v 0.003434064312965863 -0.020801638637560904 -0.11613940981320064
v 0.004151883322509043 -0.020649357822832837 -0.11220111616911049
v 0.004379898279323059 -0.020407639519115506 -0.11022549199080074
v 0.00452776358175644 -0.02054963400217824 -0.11022041844319648
v 0.004380151479866091 -0.020876227416738447 -0.11221467360383647
v 0.00452776358175644 -0.02054963400217824 -0.11022041844319648
v 0.004676819546630407 -0.020680066137279685 -0.11021708439762797
v 0.004595384816047377 -0.021059790657879107 -0.11224838027047651
v 0.004676819546630407 -0.020680066137279685 -0.11021708439762797
v 0.004877188437373004 -0.020831429517271793 -0.11021594761778881
v 0.004809604396382173 -0.02121659188908165 -0.11229607161795657
v 0.004877188437373004 -0.020831429517271793 -0.11021594761778881
v 0.005144684082249996 -0.02100448135959776 -0.11021848820628839
v 0.002616055851260985 -0.02281193078626731 -0.11363318410822382
v 0.0026078711794702563 -0.0228271762246135 -0.11371552053791584
v 0.0025683196810859237 -0.02195686253886664 -0.1139984337593613
v 0.0026078711794702563 -0.0228271762246135 -0.11371552053791584
v 0.002594040755458244 -0.02284606660637012 -0.11385380332036282
v 0.0025683196810859237 -0.02195686253886664 -0.1139984337593613
v 0.002594040755458244 -0.02284606660637012 -0.11385380332036282
v 0.0025738915235441755 -0.0228552161581963 -0.1140530220798252
v 0.0025683196810859237 -0.02195686253886664 -0.1139984337593613
v 0.0026856595361313134 -0.022504174347699468 -0.11291138231612757
v 0.002661158926523383 -0.022653920295974128 -0.11317049945489982
v 0.0026302188692066413 -0.0217247916049923 -0.1133615776500107
v 0.002630472308168264 -0.022774684080396623 -0.1134869133493232
v 0.002616055851260985 -0.02281193078626731 -0.11363318410822382
v 0.002598125104330829 -0.021903279391179975 -0.11369886556886305
v 0.0025542064926256662 -0.0228441745164365 -0.11424521416659056
v 0.002544378878328313 -0.022831597458954356 -0.11434032220333451
v 0.002538465858867162 -0.02192762097558809 -0.11428840417108338
v 0.0025200744872203034 -0.02278100884876344 -0.11457312555911864
v 0.0024973193401128806 -0.022709979182303774 -0.11478819820116998
v 0.002538465858867162 -0.02192762097558809 -0.11428840417108338
v 0.0025034304854226756 -0.018849335612092233 -0.11425812310275058
v 0.0025601896071524026 -0.01977331255417214 -0.11381255118217298
v 0.002515142321840164 -0.019766383156260003 -0.1142546288398893
v 0.0026446422402530427 -0.022726992732916562 -0.11334178699965664
v 0.002630472308168264 -0.022774684080396623 -0.1134869133493232
v 0.002598125104330829 -0.021903279391179975 -0.11369886556886305
v 0.0025683196810859237 -0.02195686253886664 -0.1139984337593613
v 0.002598125104330829 -0.021903279391179975 -0.11369886556886305
v 0.002616055851260985 -0.02281193078626731 -0.11363318410822382
v 0.0025738915235441755 -0.0228552161581963 -0.1140530220798252
v 0.0025542064926256662 -0.0228441745164365 -0.11424521416659056
v 0.0025683196810859237 -0.02195686253886664 -0.1139984337593613
v 0.002544378878328313 -0.022831597458954356 -0.11434032220333451
v 0.0025359102499963875 -0.0228175689090937 -0.11442187280535249
v 0.002538465858867162 -0.02192762097558809 -0.11428840417108338
v 0.0025359102499963875 -0.0228175689090937 -0.11442187280535249
v 0.0025200744872203034 -0.02278100884876344 -0.11457312555911864
v 0.002538465858867162 -0.02192762097558809 -0.11428840417108338
v 0.0024973193401128806 -0.022709979182303774 -0.11478819820116998
v 0.0024771326764801154 -0.022620103003108127 -0.11497573635705022
v 0.00251212227355524 -0.021838131988183296 -0.11453652735181391
v 0.0024771326764801154 -0.022620103003108127 -0.11497573635705022
v 0.00245068657117431 -0.022472085112776874 -0.11521774076307606
v 0.00251212227355524 -0.021838131988183296 -0.11453652735181391
v 0.002653687841573799 -0.019252957304847218 -0.11282993852563811
v 0.0026205235772269746 -0.020078299522393595 -0.1132564751059561
v 0.002590557698270713 -0.019878121366523338 -0.11352673116127304
v 0.0027387348522203707 -0.021851323211954377 -0.11231005629879659
v 0.0027234891754555905 -0.022110585309229602 -0.1124915214563415
v 0.002656056053432499 -0.02137180811349504 -0.1130645729361967
v 0.002661158926523383 -0.022653920295974128 -0.11317049945489982
v 0.0026446422402530427 -0.022726992732916562 -0.11334178699965664
v 0.002598125104330829 -0.021903279391179975 -0.11369886556886305
v 0.002538465858867162 -0.02192762097558809 -0.11428840417108338
v 0.0025683196810859237 -0.02195686253886664 -0.1139984337593613
v 0.0025542064926256662 -0.0228441745164365 -0.11424521416659056
v 0.00251212227355524 -0.021838131988183296 -0.11453652735181391
v 0.002538465858867162 -0.02192762097558809 -0.11428840417108338
v 0.0024973193401128806 -0.022709979182303774 -0.11478819820116998
v 0.0024890788783719924 -0.0216981859976495 -0.11474606105317248
v 0.00251212227355524 -0.021838131988183296 -0.11453652735181391
v 0.00245068657117431 -0.022472085112776874 -0.11521774076307606
v 0.0024235743243268553 -0.022258349522180643 -0.11545828795467722
v 0.0024027923294737967 -0.0220510340673874 -0.11563737274101532
v 0.0024628065802186076 -0.021439351146488317 -0.11497283718699064
v 0.0023677509955645497 -0.021517975875564588 -0.11591701295205142
v 0.0023607064414732375 -0.021356890739129275 -0.11596666505401915
v 0.002450169679670267 -0.02122150903409059 -0.11507057736497289
v 0.002354670159600836 -0.02008628177680105 -0.11587132813542839
v 0.0024487298698026854 -0.02027101994475533 -0.11496902248954383
v 0.0024419711796012937 -0.020457436579586208 -0.11505816433948096
v 0.0024327453338261755 -0.019083783102475937 -0.11498164150869788
v 0.002515142321840164 -0.019766383156260003 -0.1142546288398893
v 0.002479607699867326 -0.019927723877424253 -0.11462363978270934
v 0.0025601896071524026 -0.01977331255417214 -0.11381255118217298
v 0.0025034304854226756 -0.018849335612092233 -0.11425812310275058
v 0.0025865570343233672 -0.018929137175330846 -0.1134505211356806
v 0.0025865570343233672 -0.018929137175330846 -0.1134505211356806
v 0.002590557698270713 -0.019878121366523338 -0.11352673116127304
v 0.0025601896071524026 -0.01977331255417214 -0.11381255118217298
v 0.0027234891754555905 -0.022110585309229602 -0.1124915214563415
v 0.0027096768712564505 -0.02228635893818387 -0.11264871750872979
v 0.0026302188692066413 -0.0217247916049923 -0.1133615776500107
v 0.0027096768712564505 -0.02228635893818387 -0.11264871750872979
v 0.0026856595361313134 -0.022504174347699468 -0.11291138231612757
v 0.0026302188692066413 -0.0217247916049923 -0.1133615776500107
v 0.00245068657117431 -0.022472085112776874 -0.11521774076307606
v 0.0024235743243268553 -0.022258349522180643 -0.11545828795467722
v 0.0024890788783719924 -0.0216981859976495 -0.11474606105317248
v 0.0023459635895156654 -0.02058781149422595 -0.11601799562286347
v 0.002354670159600836 -0.02008628177680105 -0.11587132813542839
v 0.0024419711796012937 -0.020457436579586208 -0.11505816433948096
v 0.002370190017744606 -0.01971923349581739 -0.11567406250105877
v 0.0024605506635159984 -0.020099473000572132 -0.11483191463391046
v 0.0024487298698026854 -0.02027101994475533 -0.11496902248954383
v 0.002479607699867326 -0.019927723877424253 -0.11462363978270934
v 0.002391588086235325 -0.019418837515973175 -0.11542709898835207
v 0.0024327453338261755 -0.019083783102475937 -0.11498164150869788
v 0.002515142321840164 -0.019766383156260003 -0.1142546288398893
v 0.0024327453338261755 -0.019083783102475937 -0.11498164150869788
v 0.0025034304854226756 -0.018849335612092233 -0.11425812310275058
v 0.00269355762877635 -0.019610676743224698 -0.11248148117266149
v 0.0026424447361050878 -0.02033891011521627 -0.11307267535357374
v 0.0026205235772269746 -0.020078299522393595 -0.1132564751059561
v 0.00269355762877635 -0.019610676743224698 -0.11248148117266149
v 0.002723103175757691 -0.019995430942407744 -0.1122378517055233
v 0.0026424447361050878 -0.02033891011521627 -0.11307267535357374
v 0.002723103175757691 -0.019995430942407744 -0.1122378517055233
v 0.0026568206618519945 -0.020617600466588115 -0.11296524584407658
v 0.0026424447361050878 -0.02033891011521627 -0.11307267535357374
v 0.0024628065802186076 -0.021439351146488317 -0.11497283718699064
v 0.0024890788783719924 -0.0216981859976495 -0.11474606105317248
v 0.0024235743243268553 -0.022258349522180643 -0.11545828795467722
v 0.002450169679670267 -0.02122150903409059 -0.11507057736497289
v 0.0024628065802186076 -0.021439351146488317 -0.11497283718699064
v 0.002379959457905895 -0.02174590404801169 -0.11582471253262833
v 0.0024419711796012937 -0.020457436579586208 -0.11505816433948096
v 0.0024385594095723 -0.020644537952608788 -0.11511449216198061
v 0.0023459635895156654 -0.02058781149422595 -0.11601799562286347
v 0.0024487298698026854 -0.02027101994475533 -0.11496902248954383
v 0.002354670159600836 -0.02008628177680105 -0.11587132813542839
v 0.002370190017744606 -0.01971923349581739 -0.11567406250105877
v 0.0024605506635159984 -0.020099473000572132 -0.11483191463391046
v 0.002370190017744606 -0.01971923349581739 -0.11567406250105877
v 0.002391588086235325 -0.019418837515973175 -0.11542709898835207
v 0.002391588086235325 -0.019418837515973175 -0.11542709898835207
v 0.002479607699867326 -0.019927723877424253 -0.11462363978270934
v 0.0024605506635159984 -0.020099473000572132 -0.11483191463391046
v 0.0026302188692066413 -0.0217247916049923 -0.1133615776500107
v 0.002656056053432499 -0.02137180811349504 -0.1130645729361967
v 0.0027234891754555905 -0.022110585309229602 -0.1124915214563415
v 0.002444951650400207 -0.02109941010556171 -0.11510702298437975
v 0.002450169679670267 -0.02122150903409059 -0.11507057736497289
v 0.0023607064414732375 -0.021356890739129275 -0.11596666505401915
v 0.0024397014346204397 -0.02090108779999933 -0.1151344888059968
v 0.002351706616521843 -0.0210659342281172 -0.11601974275429411
v 0.0023459635895156654 -0.02058781149422595 -0.11601799562286347
v 0.002656056053432499 -0.02137180811349504 -0.1130645729361967
v 0.0026628035379601405 -0.021016343161308626 -0.11295496904915486
v 0.002753995072519167 -0.021246499117064666 -0.11208639295809503
v 0.002753995072519167 -0.021246499117064666 -0.11208639295809503
v 0.0027495209092512356 -0.0215298414919729 -0.11216486891397087
v 0.002656056053432499 -0.02137180811349504 -0.1130645729361967
v 0.002598125104330829 -0.021903279391179975 -0.11369886556886305
v 0.0026302188692066413 -0.0217247916049923 -0.1133615776500107
v 0.002661158926523383 -0.022653920295974128 -0.11317049945489982
v 0.0024027923294737967 -0.0220510340673874 -0.11563737274101532
v 0.002379959457905895 -0.02174590404801169 -0.11582471253262833
v 0.0024628065802186076 -0.021439351146488317 -0.11497283718699064
v 0.0024385594095723 -0.020644537952608788 -0.11511449216198061
v 0.0024397014346204397 -0.02090108779999933 -0.1151344888059968
v 0.0023459635895156654 -0.02058781149422595 -0.11601799562286347
v 0.002590557698270713 -0.019878121366523338 -0.11352673116127304
v 0.0025865570343233672 -0.018929137175330846 -0.1134505211356806
v 0.002653687841573799 -0.019252957304847218 -0.11282993852563811
v 0.0026205235772269746 -0.020078299522393595 -0.1132564751059561
v 0.002653687841573799 -0.019252957304847218 -0.11282993852563811
v 0.00269355762877635 -0.019610676743224698 -0.11248148117266149
v 0.0026568206618519945 -0.020617600466588115 -0.11296524584407658
v 0.002723103175757691 -0.019995430942407744 -0.1122378517055233
v 0.0027464231365058327 -0.020505932828227547 -0.11207069929279884
v 0.0023607064414732375 -0.021356890739129275 -0.11596666505401915
v 0.002351706616521843 -0.0210659342281172 -0.11601974275429411
v 0.002444951650400207 -0.02109941010556171 -0.11510702298437975
v 0.0024397014346204397 -0.02090108779999933 -0.1151344888059968
v 0.002444951650400207 -0.02109941010556171 -0.11510702298437975
v 0.002351706616521843 -0.0210659342281172 -0.11601974275429411
v 0.0027464231365058327 -0.020505932828227547 -0.11207069929279884
v 0.002661955721452586 -0.02085878852736034 -0.11294413530840591
v 0.0026568206618519945 -0.020617600466588115 -0.11296524584407658
v 0.0027464231365058327 -0.020505932828227547 -0.11207069929279884
v 0.0027540677901892467 -0.020960969013170683 -0.11205093153062945
v 0.002661955721452586 -0.02085878852736034 -0.11294413530840591
v 0.0027540677901892467 -0.020960969013170683 -0.11205093153062945
v 0.002753995072519167 -0.021246499117064666 -0.11208639295809503
v 0.0026628035379601405 -0.021016343161308626 -0.11295496904915486
v 0.002450169679670267 -0.02122150903409059 -0.11507057736497289
v 0.002379959457905895 -0.02174590404801169 -0.11582471253262833
v 0.0023677509955645497 -0.021517975875564588 -0.11591701295205142
v 0.0026628035379601405 -0.021016343161308626 -0.11295496904915486
v 0.002661955721452586 -0.02085878852736034 -0.11294413530840591
v 0.0027540677901892467 -0.020960969013170683 -0.11205093153062945
v 0.002656056053432499 -0.02137180811349504 -0.1130645729361967
v 0.0027495209092512356 -0.0215298414919729 -0.11216486891397087
v 0.0027387348522203707 -0.021851323211954377 -0.11231005629879659
v 0.007051887847153717 -0.022394358744949328 -0.11328116382783188
v 0.005461107036579816 -0.021165438703668604 -0.11022761296258117
v 0.00830644456262575 -0.022909281865109987 -0.11319523395314496
v 0.005461107036579816 -0.021165438703668604 -0.11022761296258117
v 0.0057522518982783275 -0.021714167672602924 -0.11256440506576032
v 0.005126726394019122 -0.021412936274017857 -0.11237717971507072
v 0.00830644456262575 -0.022909281865109987 -0.11319523395314496
v 0.007198095663546457 -0.02248304473854157 -0.11342860951354611
v 0.007051887847153717 -0.022394358744949328 -0.11328116382783188
v 0.005461107036579816 -0.021165438703668604 -0.11022761296258117
v 0.006318073095960277 -0.02199732503468499 -0.11280519639799808
v 0.0057522518982783275 -0.021714167672602924 -0.11256440506576032
v 0.00830644456262575 -0.022909281865109987 -0.11319523395314496
v 0.007393369072174473 -0.022607794881795984 -0.11367549673230387
v 0.007198095663546457 -0.02248304473854157 -0.11342860951354611
v 0.005461107036579816 -0.021165438703668604 -0.11022761296258117
v 0.006633551912672011 -0.022161725143201583 -0.1129752784983617
v 0.006318073095960277 -0.02199732503468499 -0.11280519639799808
v 0.007051887847153717 -0.022394358744949328 -0.11328116382783188
v 0.006848074761453828 -0.022278454885074073 -0.11311807788258571
v 0.005461107036579816 -0.021165438703668604 -0.11022761296258117
v 0.01103949694616191 -0.023826798617063716 -0.1118865180706718
v 0.01011961126709371 -0.0235080272396182 -0.11227242049378633
v 0.011142338328304914 -0.0236093322523645 -0.1104538245211772
v 0.01011961126709371 -0.0235080272396182 -0.11227242049378633
v 0.005461107036579816 -0.021165438703668604 -0.11022761296258117
v 0.011142338328304914 -0.0236093322523645 -0.1104538245211772
v 0.005461107036579816 -0.021165438703668604 -0.11022761296258117
v 0.006848074761453828 -0.022278454885074073 -0.11311807788258571
v 0.006633551912672011 -0.022161725143201583 -0.1129752784983617
v 0.01011961126709371 -0.0235080272396182 -0.11227242049378633
v 0.00830644456262575 -0.022909281865109987 -0.11319523395314496
v 0.005461107036579816 -0.021165438703668604 -0.11022761296258117
v 0.0056628415890083725 -0.022779276976122587 -0.11632389621112343
v 0.006181388194906325 -0.023165539888145847 -0.1161776559698024
v 0.005333286538717897 -0.02299424471399414 -0.1169031046126578
v 0.005333286538717897 -0.02299424471399414 -0.1169031046126578
v 0.006115967087367837 -0.02350489155831692 -0.11649210148034322
v 0.005581086900676991 -0.023579308676109356 -0.1170356195725652
v 0.0053359506280473154 -0.02240824042895828 -0.11619641665184582
v 0.0056628415890083725 -0.022779276976122587 -0.11632389621112343
v 0.004976563213211217 -0.022568854450258913 -0.1169198587638442
v 0.0051267373612742815 -0.023216868549641445 -0.11731410011557747
v 0.005581086900676991 -0.023579308676109356 -0.1170356195725652
v 0.005213368663454233 -0.02368443410834864 -0.11742339119742867
v 0.005333286538717897 -0.02299424471399414 -0.1169031046126578
v 0.005581086900676991 -0.023579308676109356 -0.1170356195725652
v 0.0051267373612742815 -0.023216868549641445 -0.11731410011557747
v 0.005102171186553984 -0.024056719968926776 -0.11762101541335829
v 0.005089444402197053 -0.024617221094181962 -0.11764449106144598
v 0.004603337029712441 -0.024300240717187727 -0.11808191478827718
v 0.005333286538717897 -0.02299424471399414 -0.1169031046126578
v 0.0051267373612742815 -0.023216868549641445 -0.11731410011557747
v 0.004658976776160118 -0.022595002293908095 -0.11740499672634014
v 0.005333286538717897 -0.02299424471399414 -0.1169031046126578
v 0.004658976776160118 -0.022595002293908095 -0.11740499672634014
v 0.004976563213211217 -0.022568854450258913 -0.1169198587638442
v 0.004606721143184945 -0.023273858222148114 -0.11792736613591698
v 0.005213368663454233 -0.02368443410834864 -0.11742339119742867
v 0.005102171186553984 -0.024056719968926776 -0.11762101541335829
v 0.004658976776160118 -0.022595002293908095 -0.11740499672634014
v 0.0051267373612742815 -0.023216868549641445 -0.11731410011557747
v 0.004600616196758501 -0.02288145746193293 -0.11771745859420862
v 0.004340450969862742 -0.02365459173022222 -0.11831435193310641
v 0.004603337029712441 -0.024300240717187727 -0.11808191478827718
v 0.0041953627671706415 -0.024029168316617167 -0.11846940412552959
v 0.004406365127046231 -0.02429471131323857 -0.11825214184714378
v 0.0041953627671706415 -0.024029168316617167 -0.11846940412552959
v 0.004603337029712441 -0.024300240717187727 -0.11808191478827718
v 0.004430669994991422 -0.022074816798619556 -0.11706879218156269
v 0.004976563213211217 -0.022568854450258913 -0.1169198587638442
v 0.004658976776160118 -0.022595002293908095 -0.11740499672634014
v 0.0043173644209146276 -0.0216710425179667 -0.11604626253094436
v 0.0043580610437887754 -0.021820870482236465 -0.1165870569291893
v 0.004033249092936232 -0.021680979804815648 -0.11707948096380866
v 0.004340450969862742 -0.02365459173022222 -0.11831435193310641
v 0.0041953627671706415 -0.024029168316617167 -0.11846940412552959
v 0.004051967813307745 -0.023867562473980364 -0.11861754408617914
v 0.004600616196758501 -0.02288145746193293 -0.11771745859420862
v 0.004606721143184945 -0.023273858222148114 -0.11792736613591698
v 0.004062556936582918 -0.022930405752221716 -0.11844837751320275
v 0.004658976776160118 -0.022595002293908095 -0.11740499672634014
v 0.0042292725664497275 -0.022329157936188393 -0.11780003916453724
v 0.004068213179222181 -0.021965941518790055 -0.11762755380478213
v 0.004600616196758501 -0.02288145746193293 -0.11771745859420862
v 0.004062556936582918 -0.022930405752221716 -0.11844837751320275
v 0.004049168302218965 -0.02259105789674809 -0.11830911053881449
v 0.0042292725664497275 -0.022329157936188393 -0.11780003916453724
v 0.004600616196758501 -0.02288145746193293 -0.11771745859420862
v 0.004049168302218965 -0.02259105789674809 -0.11830911053881449
v 0.004033249092936232 -0.021680979804815648 -0.11707948096380866
v 0.004430669994991422 -0.022074816798619556 -0.11706879218156269
v 0.004068213179222181 -0.021965941518790055 -0.11762755380478213
v 0.004606721143184945 -0.023273858222148114 -0.11792736613591698
v 0.004340450969862742 -0.02365459173022222 -0.11831435193310641
v 0.0038322092922801762 -0.02318274035893353 -0.118809842984473
v 0.0042292725664497275 -0.022329157936188393 -0.11780003916453724
v 0.004049168302218965 -0.02259105789674809 -0.11830911053881449
v 0.003700371441169582 -0.02223635016200487 -0.11862935438947447
v 0.0042292725664497275 -0.022329157936188393 -0.11780003916453724
v 0.003700371441169582 -0.02223635016200487 -0.11862935438947447
v 0.0037684466244566903 -0.021985350699399442 -0.11827768506124764
v 0.004051967813307745 -0.023867562473980364 -0.11861754408617914
v 0.0037696005704343514 -0.023789616761049626 -0.11888942520260842
v 0.0035538293619130643 -0.02334260479218586 -0.11913721268996363
v 0.0038322092922801762 -0.02318274035893353 -0.118809842984473
v 0.004051967813307745 -0.023867562473980364 -0.11861754408617914
v 0.0035538293619130643 -0.02334260479218586 -0.11913721268996363
v 0.003597704343016179 -0.023680176905997996 -0.11906714432726057
v 0.0035538293619130643 -0.02334260479218586 -0.11913721268996363
v 0.0037696005704343514 -0.023789616761049626 -0.11888942520260842
v 0.004049168302218965 -0.02259105789674809 -0.11830911053881449
v 0.004062556936582918 -0.022930405752221716 -0.11844837751320275
v 0.0035116838692648986 -0.022550995944161656 -0.11908183854182569
v 0.0035538293619130643 -0.02334260479218586 -0.11913721268996363
v 0.003597704343016179 -0.023680176905997996 -0.11906714432726057
v 0.00343910710457196 -0.023533990070441213 -0.11923911851755781
v 0.003700371441169582 -0.02223635016200487 -0.11862935438947447
v 0.004049168302218965 -0.02259105789674809 -0.11830911053881449
v 0.0035116838692648986 -0.022550995944161656 -0.11908183854182569
v 0.0038322092922801762 -0.02318274035893353 -0.118809842984473
v 0.0035538293619130643 -0.02334260479218586 -0.11913721268996363
v 0.0030892004049841446 -0.022519480821204807 -0.11964634509940003
v 0.0035116838692648986 -0.022550995944161656 -0.11908183854182569
v 0.0038322092922801762 -0.02318274035893353 -0.118809842984473
v 0.0030892004049841446 -0.022519480821204807 -0.11964634509940003
v 0.0035538293619130643 -0.02334260479218586 -0.11913721268996363
v 0.0033176478531211926 -0.023438899199835772 -0.1193711680843767
v 0.003186400088021902 -0.023264557989772783 -0.11952431292807647
v 0.003700371441169582 -0.02223635016200487 -0.11862935438947447
v 0.0035116838692648986 -0.022550995944161656 -0.11908183854182569
v 0.0033304416331020334 -0.02218898497115651 -0.1192196101548148
v 0.0037684466244566903 -0.021985350699399442 -0.11827768506124764
v 0.003700371441169582 -0.02223635016200487 -0.11862935438947447
v 0.003382683914636143 -0.021638611867622615 -0.11875218764726186
v 0.0036661819768839263 -0.0216428805140656 -0.11800943553678772
v 0.003382683914636143 -0.021638611867622615 -0.11875218764726186
v 0.0032342986212570432 -0.02121271806382441 -0.11850758924697219
v 0.003382683914636143 -0.021638611867622615 -0.11875218764726186
v 0.003700371441169582 -0.02223635016200487 -0.11862935438947447
v 0.0033304416331020334 -0.02218898497115651 -0.1192196101548148
v 0.002854409353411636 -0.022846762788654162 -0.11991946980719698
v 0.0030892004049841446 -0.022519480821204807 -0.11964634509940003
v 0.0035538293619130643 -0.02334260479218586 -0.11913721268996363
v 0.0032394115079287253 -0.02112357430653855 -0.11826075543397868
v 0.0032342986212570432 -0.02121271806382441 -0.11850758924697219
v 0.0030280376918892524 -0.020873980559942273 -0.11853867140176882
v 0.002854409353411636 -0.022846762788654162 -0.11991946980719698
v 0.002645515805968363 -0.022467652434343677 -0.12018845175356668
v 0.0030892004049841446 -0.022519480821204807 -0.11964634509940003
v 0.003382683914636143 -0.021638611867622615 -0.11875218764726186
v 0.0033304416331020334 -0.02218898497115651 -0.1192196101548148
v 0.0030196808818762364 -0.02159326465172362 -0.11949717517043984
v 0.0033304416331020334 -0.02218898497115651 -0.1192196101548148
v 0.0030892004049841446 -0.022519480821204807 -0.11964634509940003
v 0.0028085817240529336 -0.021809046827500067 -0.11994287679073062
v 0.0030435711398926766 -0.021205040985212698 -0.11912753861723852
v 0.003382683914636143 -0.021638611867622615 -0.11875218764726186
v 0.0030196808818762364 -0.02159326465172362 -0.11949717517043984
v 0.0030196808818762364 -0.02159326465172362 -0.11949717517043984
v 0.0028085817240529336 -0.021809046827500067 -0.11994287679073062
v 0.002799043788342948 -0.021454443996936634 -0.11986595723141308
v 0.0030280376918892524 -0.020873980559942273 -0.11853867140176882
v 0.0032342986212570432 -0.02121271806382441 -0.11850758924697219
v 0.00290356935940872 -0.020798644100065156 -0.11900874130934985
v 0.002595170621158272 -0.02191125973823871 -0.12027239798558126
v 0.0030892004049841446 -0.022519480821204807 -0.11964634509940003
v 0.002645515805968363 -0.022467652434343677 -0.12018845175356668
v 0.0028085817240529336 -0.021809046827500067 -0.11994287679073062
v 0.0030892004049841446 -0.022519480821204807 -0.11964634509940003
v 0.002595170621158272 -0.02191125973823871 -0.12027239798558126
v 0.0024182420925519814 -0.02217003736893819 -0.12047614097621556
v 0.002595170621158272 -0.02191125973823871 -0.12027239798558126
v 0.002645515805968363 -0.022467652434343677 -0.12018845175356668
v 0.0030435711398926766 -0.021205040985212698 -0.11912753861723852
v 0.0030196808818762364 -0.02159326465172362 -0.11949717517043984
v 0.0028130837822959447 -0.021061799096084854 -0.11964092059963066
v 0.0028085817240529336 -0.021809046827500067 -0.11994287679073062
v 0.002595170621158272 -0.02191125973823871 -0.12027239798558126
v 0.002363654487343853 -0.02145672518600983 -0.12058878136242507
v 0.002799043788342948 -0.021454443996936634 -0.11986595723141308
v 0.0028085817240529336 -0.021809046827500067 -0.11994287679073062
v 0.0024419945446231555 -0.021048708961796114 -0.12043881034700105
v 0.0022297309504042133 -0.021714922982697393 -0.12074427605975208
v 0.002363654487343853 -0.02145672518600983 -0.12058878136242507
v 0.002595170621158272 -0.02191125973823871 -0.12027239798558126
v 0.002730321775420014 -0.020694846182537363 -0.11956876178272674
v 0.0028130837822959447 -0.021061799096084854 -0.11964092059963066
v 0.0025687776831981317 -0.020620902087228332 -0.12003224752251457
v 0.002732731472113448 -0.02050888540405138 -0.11928804582701064
v 0.00290356935940872 -0.020798644100065156 -0.11900874130934985
v 0.002730321775420014 -0.020694846182537363 -0.11956876178272674
v 0.002799043788342948 -0.021454443996936634 -0.11986595723141308
v 0.0024419945446231555 -0.021048708961796114 -0.12043881034700105
v 0.0025687776831981317 -0.020620902087228332 -0.12003224752251457
v 0.002732731472113448 -0.02050888540405138 -0.11928804582701064
v 0.002730321775420014 -0.020694846182537363 -0.11956876178272674
v 0.0026148392011940418 -0.02028915883111493 -0.11957607837242973
v 0.0024702063780096544 -0.020179896359494576 -0.12013106344517682
v 0.002730321775420014 -0.020694846182537363 -0.11956876178272674
v 0.0025687776831981317 -0.020620902087228332 -0.12003224752251457
v 0.0026148392011940418 -0.02028915883111493 -0.11957607837242973
v 0.002730321775420014 -0.020694846182537363 -0.11956876178272674
v 0.0024702063780096544 -0.020179896359494576 -0.12013106344517682
v 0.002351192586040885 -0.020239869125404653 -0.12049047660922069
v 0.0024419945446231555 -0.021048708961796114 -0.12043881034700105
v 0.0021561680864212733 -0.020177544598518615 -0.12090216638707568
v 0.0021561680864212733 -0.020177544598518615 -0.12090216638707568
v 0.0024419945446231555 -0.021048708961796114 -0.12043881034700105
v 0.0020401652828309917 -0.020485405941266244 -0.12107999232325634
v 0.0024702063780096544 -0.020179896359494576 -0.12013106344517682
v 0.0025687776831981317 -0.020620902087228332 -0.12003224752251457
v 0.002351192586040885 -0.020239869125404653 -0.12049047660922069
v 0.0024846805322158165 -0.019850277889859047 -0.11982611653127856
v 0.0026148392011940418 -0.02028915883111493 -0.11957607837242973
v 0.0024702063780096544 -0.020179896359494576 -0.12013106344517682
v 0.0026148392011940418 -0.02028915883111493 -0.11957607837242973
v 0.0024846805322158165 -0.019850277889859047 -0.11982611653127856
v 0.0025609544539904887 -0.020107234002527674 -0.11961325641374637
v 0.0019686599712834267 -0.02089307693536102 -0.12114392665246493
v 0.0020401652828309917 -0.020485405941266244 -0.12107999232325634
v 0.002363654487343853 -0.02145672518600983 -0.12058878136242507
v 0.0024846805322158165 -0.019850277889859047 -0.11982611653127856
v 0.0024382365908008634 -0.019525610897509482 -0.11994919392970255
v 0.0024562307570760726 -0.019648718813513044 -0.11986623951902414
v 0.0024702063780096544 -0.020179896359494576 -0.12013106344517682
v 0.0021442695682474815 -0.019696909886358638 -0.12093755152059232
v 0.0022540467856045636 -0.01947209069233069 -0.12070083428522776
v 0.0021561680864212733 -0.020177544598518615 -0.12090216638707568
v 0.0020401652828309917 -0.020485405941266244 -0.12107999232325634
v 0.0019732916100303343 -0.019337475741478816 -0.12126949123362424
v 0.002372581833043758 -0.019632822969252173 -0.12031489371513876
v 0.0024702063780096544 -0.020179896359494576 -0.12013106344517682
v 0.0022540467856045636 -0.01947209069233069 -0.12070083428522776
v 0.0043173644209146276 -0.0216710425179667 -0.11604626253094436
v 0.0047943584811988025 -0.021931929676354267 -0.11594179322666592
v 0.0043580610437887754 -0.021820870482236465 -0.1165870569291893
v 0.004914237255813637 -0.02221475515975846 -0.11648130588656874
v 0.0043580610437887754 -0.021820870482236465 -0.1165870569291893
v 0.0047943584811988025 -0.021931929676354267 -0.11594179322666592
v 0.0053359506280473154 -0.02240824042895828 -0.11619641665184582
v 0.004914237255813637 -0.02221475515975846 -0.11648130588656874
v 0.005100739721337067 -0.022090386486248725 -0.1158527581882573
v 0.005100739721337067 -0.022090386486248725 -0.1158527581882573
v 0.005543963695636146 -0.022296988592619416 -0.11569791198949625
v 0.0053359506280473154 -0.02240824042895828 -0.11619641665184582
v 0.0047943584811988025 -0.021931929676354267 -0.11594179322666592
v 0.005100739721337067 -0.022090386486248725 -0.1158527581882573
v 0.004914237255813637 -0.02221475515975846 -0.11648130588656874
v 0.0022540467856045636 -0.01947209069233069 -0.12070083428522776
v 0.002248840677264025 -0.019257351836305947 -0.12073845483144824
v 0.002372581833043758 -0.019632822969252173 -0.12031489371513876
v 0.0023937281315029872 -0.01918207259689053 -0.12021765707721949
v 0.0024382365908008634 -0.019525610897509482 -0.11994919392970255
v 0.002372581833043758 -0.019632822969252173 -0.12031489371513876
v 0.0019732916100303343 -0.019337475741478816 -0.12126949123362424
v 0.0021442695682474815 -0.019696909886358638 -0.12093755152059232
v 0.0021561680864212733 -0.020177544598518615 -0.12090216638707568
v 0.0020401652828309917 -0.020485405941266244 -0.12107999232325634
v 0.0019686599712834267 -0.02089307693536102 -0.12114392665246493
v 0.001800390448253517 -0.019375172581648226 -0.12151105313474625
v 0.0021442695682474815 -0.019696909886358638 -0.12093755152059232
v 0.0024702063780096544 -0.020179896359494576 -0.12013106344517682
v 0.002351192586040885 -0.020239869125404653 -0.12049047660922069
v 0.002372581833043758 -0.019632822969252173 -0.12031489371513876
v 0.0024382365908008634 -0.019525610897509482 -0.11994919392970255
v 0.0024846805322158165 -0.019850277889859047 -0.11982611653127856
v 0.0021561680864212733 -0.020177544598518615 -0.12090216638707568
v 0.0021442695682474815 -0.019696909886358638 -0.12093755152059232
v 0.002351192586040885 -0.020239869125404653 -0.12049047660922069
v 0.002372581833043758 -0.019632822969252173 -0.12031489371513876
v 0.0024846805322158165 -0.019850277889859047 -0.11982611653127856
v 0.0024702063780096544 -0.020179896359494576 -0.12013106344517682
v 0.002351192586040885 -0.020239869125404653 -0.12049047660922069
v 0.0025687776831981317 -0.020620902087228332 -0.12003224752251457
v 0.0024419945446231555 -0.021048708961796114 -0.12043881034700105
v 0.0020401652828309917 -0.020485405941266244 -0.12107999232325634
v 0.0024419945446231555 -0.021048708961796114 -0.12043881034700105
v 0.002363654487343853 -0.02145672518600983 -0.12058878136242507
v 0.002363654487343853 -0.02145672518600983 -0.12058878136242507
v 0.0021187115721910126 -0.021433707301615756 -0.12090592004936335
v 0.0019686599712834267 -0.02089307693536102 -0.12114392665246493
v 0.002363654487343853 -0.02145672518600983 -0.12058878136242507
v 0.0021403549734112797 -0.02149429995586094 -0.1208736553383582
v 0.0021187115721910126 -0.021433707301615756 -0.12090592004936335
v 0.002363654487343853 -0.02145672518600983 -0.12058878136242507
v 0.0022297309504042133 -0.021714922982697393 -0.12074427605975208
v 0.0021403549734112797 -0.02149429995586094 -0.1208736553383582
v 0.002363654487343853 -0.02145672518600983 -0.12058878136242507
v 0.0024419945446231555 -0.021048708961796114 -0.12043881034700105
v 0.0028085817240529336 -0.021809046827500067 -0.11994287679073062
v 0.002595170621158272 -0.02191125973823871 -0.12027239798558126
v 0.0024182420925519814 -0.02217003736893819 -0.12047614097621556
v 0.0022297309504042133 -0.021714922982697393 -0.12074427605975208
v 0.003077990678118093 -0.020072976112106566 -0.11594839265324891
v 0.00290356935940872 -0.020798644100065156 -0.11900874130934985
v 0.002732731472113448 -0.02050888540405138 -0.11928804582701064
v 0.002799043788342948 -0.021454443996936634 -0.11986595723141308
v 0.0025687776831981317 -0.020620902087228332 -0.12003224752251457
v 0.0028130837822959447 -0.021061799096084854 -0.11964092059963066
v 0.0030435711398926766 -0.021205040985212698 -0.11912753861723852
v 0.002730321775420014 -0.020694846182537363 -0.11956876178272674
v 0.00290356935940872 -0.020798644100065156 -0.11900874130934985
v 0.0028130837822959447 -0.021061799096084854 -0.11964092059963066
v 0.002730321775420014 -0.020694846182537363 -0.11956876178272674
v 0.0030435711398926766 -0.021205040985212698 -0.11912753861723852
v 0.002799043788342948 -0.021454443996936634 -0.11986595723141308
v 0.0028130837822959447 -0.021061799096084854 -0.11964092059963066
v 0.0030196808818762364 -0.02159326465172362 -0.11949717517043984
v 0.0030435711398926766 -0.021205040985212698 -0.11912753861723852
v 0.00290356935940872 -0.020798644100065156 -0.11900874130934985
v 0.0032342986212570432 -0.02121271806382441 -0.11850758924697219
v 0.0028085817240529336 -0.021809046827500067 -0.11994287679073062
v 0.0030196808818762364 -0.02159326465172362 -0.11949717517043984
v 0.0033304416331020334 -0.02218898497115651 -0.1192196101548148
v 0.0030892004049841446 -0.022519480821204807 -0.11964634509940003
v 0.0033304416331020334 -0.02218898497115651 -0.1192196101548148
v 0.0035116838692648986 -0.022550995944161656 -0.11908183854182569
v 0.0035538293619130643 -0.02334260479218586 -0.11913721268996363
v 0.0029919945230630356 -0.023053202770383363 -0.11974952503594144
v 0.002854409353411636 -0.022846762788654162 -0.11991946980719698
v 0.003382683914636143 -0.021638611867622615 -0.11875218764726186
v 0.0030435711398926766 -0.021205040985212698 -0.11912753861723852
v 0.0032342986212570432 -0.02121271806382441 -0.11850758924697219
v 0.0032342986212570432 -0.02121271806382441 -0.11850758924697219
v 0.0032394115079287253 -0.02112357430653855 -0.11826075543397868
v 0.0035684816148062746 -0.02139451700739592 -0.11771399484892692
v 0.0035538293619130643 -0.02334260479218586 -0.11913721268996363
v 0.003186400088021902 -0.023264557989772783 -0.11952431292807647
v 0.0029919945230630356 -0.023053202770383363 -0.11974952503594144
v 0.0032342986212570432 -0.02121271806382441 -0.11850758924697219
v 0.0035684816148062746 -0.02139451700739592 -0.11771399484892692
v 0.0036661819768839263 -0.0216428805140656 -0.11800943553678772
v 0.003382683914636143 -0.021638611867622615 -0.11875218764726186
v 0.0036661819768839263 -0.0216428805140656 -0.11800943553678772
v 0.0037684466244566903 -0.021985350699399442 -0.11827768506124764
v 0.0035538293619130643 -0.02334260479218586 -0.11913721268996363
v 0.00343910710457196 -0.023533990070441213 -0.11923911851755781
v 0.0033176478531211926 -0.023438899199835772 -0.1193711680843767
v 0.0035116838692648986 -0.022550995944161656 -0.11908183854182569
v 0.004062556936582918 -0.022930405752221716 -0.11844837751320275
v 0.0038322092922801762 -0.02318274035893353 -0.118809842984473
v 0.0036661819768839263 -0.0216428805140656 -0.11800943553678772
v 0.0035684816148062746 -0.02139451700739592 -0.11771399484892692
v 0.004033249092936232 -0.021680979804815648 -0.11707948096380866
v 0.0037684466244566903 -0.021985350699399442 -0.11827768506124764
v 0.0036661819768839263 -0.0216428805140656 -0.11800943553678772
v 0.004068213179222181 -0.021965941518790055 -0.11762755380478213
v 0.0035684816148062746 -0.02139451700739592 -0.11771399484892692
v 0.003958059260492226 -0.021393082681155917 -0.11611364534664487
v 0.004033249092936232 -0.021680979804815648 -0.11707948096380866
v 0.004068213179222181 -0.021965941518790055 -0.11762755380478213
v 0.0036661819768839263 -0.0216428805140656 -0.11800943553678772
v 0.004033249092936232 -0.021680979804815648 -0.11707948096380866
v 0.004051967813307745 -0.023867562473980364 -0.11861754408617914
v 0.0038322092922801762 -0.02318274035893353 -0.118809842984473
v 0.004340450969862742 -0.02365459173022222 -0.11831435193310641
v 0.0042292725664497275 -0.022329157936188393 -0.11780003916453724
v 0.0037684466244566903 -0.021985350699399442 -0.11827768506124764
v 0.004068213179222181 -0.021965941518790055 -0.11762755380478213
v 0.004051967813307745 -0.023867562473980364 -0.11861754408617914
v 0.003912985987553631 -0.0239572421962575 -0.11873580733642525
v 0.0037696005704343514 -0.023789616761049626 -0.11888942520260842
v 0.0038322092922801762 -0.02318274035893353 -0.118809842984473
v 0.004062556936582918 -0.022930405752221716 -0.11844837751320275
v 0.004606721143184945 -0.023273858222148114 -0.11792736613591698
v 0.004068213179222181 -0.021965941518790055 -0.11762755380478213
v 0.004430669994991422 -0.022074816798619556 -0.11706879218156269
v 0.004658976776160118 -0.022595002293908095 -0.11740499672634014
v 0.004600616196758501 -0.02288145746193293 -0.11771745859420862
v 0.0042292725664497275 -0.022329157936188393 -0.11780003916453724
v 0.004658976776160118 -0.022595002293908095 -0.11740499672634014
v 0.004430669994991422 -0.022074816798619556 -0.11706879218156269
v 0.004033249092936232 -0.021680979804815648 -0.11707948096380866
v 0.0043580610437887754 -0.021820870482236465 -0.1165870569291893
v 0.004340450969862742 -0.02365459173022222 -0.11831435193310641
v 0.004606721143184945 -0.023273858222148114 -0.11792736613591698
v 0.005102171186553984 -0.024056719968926776 -0.11762101541335829
v 0.004603337029712441 -0.024300240717187727 -0.11808191478827718
v 0.004340450969862742 -0.02365459173022222 -0.11831435193310641
v 0.005102171186553984 -0.024056719968926776 -0.11762101541335829
v 0.004430669994991422 -0.022074816798619556 -0.11706879218156269
v 0.0043580610437887754 -0.021820870482236465 -0.1165870569291893
v 0.004914237255813637 -0.02221475515975846 -0.11648130588656874
v 0.005089444402197053 -0.024617221094181962 -0.11764449106144598
v 0.004698230012887828 -0.02448302766739796 -0.11798069560622343
v 0.004603337029712441 -0.024300240717187727 -0.11808191478827718
v 0.004976563213211217 -0.022568854450258913 -0.1169198587638442
v 0.004430669994991422 -0.022074816798619556 -0.11706879218156269
v 0.004914237255813637 -0.02221475515975846 -0.11648130588656874
v 0.004606721143184945 -0.023273858222148114 -0.11792736613591698
v 0.004600616196758501 -0.02288145746193293 -0.11771745859420862
v 0.0051267373612742815 -0.023216868549641445 -0.11731410011557747
v 0.005213368663454233 -0.02368443410834864 -0.11742339119742867
v 0.004606721143184945 -0.023273858222148114 -0.11792736613591698
v 0.0051267373612742815 -0.023216868549641445 -0.11731410011557747
v 0.004862569563082454 -0.02456655046799594 -0.11783428751821473
v 0.004698230012887828 -0.02448302766739796 -0.11798069560622343
v 0.005089444402197053 -0.024617221094181962 -0.11764449106144598
v 0.004976563213211217 -0.022568854450258913 -0.1169198587638442
v 0.004914237255813637 -0.02221475515975846 -0.11648130588656874
v 0.0053359506280473154 -0.02240824042895828 -0.11619641665184582
v 0.005555420185743288 -0.024575854515068718 -0.11727213844366252
v 0.0052917821536593865 -0.02477980922141132 -0.11746531472236915
v 0.005089444402197053 -0.024617221094181962 -0.11764449106144598
v 0.005089444402197053 -0.024617221094181962 -0.11764449106144598
v 0.005102171186553984 -0.024056719968926776 -0.11762101541335829
v 0.005555420185743288 -0.024575854515068718 -0.11727213844366252
v 0.005333286538717897 -0.02299424471399414 -0.1169031046126578
v 0.004976563213211217 -0.022568854450258913 -0.1169198587638442
v 0.0056628415890083725 -0.022779276976122587 -0.11632389621112343
v 0.005555420185743288 -0.024575854515068718 -0.11727213844366252
v 0.005102171186553984 -0.024056719968926776 -0.11762101541335829
v 0.006031587410355867 -0.024336968624205646 -0.11687147314142882
v 0.005555420185743288 -0.024575854515068718 -0.11727213844366252
v 0.00552880456481969 -0.02486276744678717 -0.11727435096818167
v 0.0052917821536593865 -0.02477980922141132 -0.11746531472236915
v 0.006031587410355867 -0.024336968624205646 -0.11687147314142882
v 0.005102171186553984 -0.024056719968926776 -0.11762101541335829
v 0.005213368663454233 -0.02368443410834864 -0.11742339119742867
v 0.005604043749911914 -0.02488959621393061 -0.1172147043589033
v 0.00552880456481969 -0.02486276744678717 -0.11727435096818167
v 0.005555420185743288 -0.024575854515068718 -0.11727213844366252
v 0.0053359506280473154 -0.02240824042895828 -0.11619641665184582
v 0.0061689255783475856 -0.02255185425108719 -0.11539307951652139
v 0.006118651680696032 -0.0226769381803682 -0.115668164978806
v 0.0053359506280473154 -0.02240824042895828 -0.11619641665184582
v 0.006118651680696032 -0.0226769381803682 -0.115668164978806
v 0.0056628415890083725 -0.022779276976122587 -0.11632389621112343
v 0.005581086900676991 -0.023579308676109356 -0.1170356195725652
v 0.006115967087367837 -0.02350489155831692 -0.11649210148034322
v 0.006293990910978544 -0.0239803764289237 -0.11657115727023099
v 0.006293990910978544 -0.0239803764289237 -0.11657115727023099
v 0.006031587410355867 -0.024336968624205646 -0.11687147314142882
v 0.005213368663454233 -0.02368443410834864 -0.11742339119742867
v 0.006031587410355867 -0.024336968624205646 -0.11687147314142882
v 0.006176550204869404 -0.02472261736993997 -0.11679784185131042
v 0.005555420185743288 -0.024575854515068718 -0.11727213844366252
v 0.005555420185743288 -0.024575854515068718 -0.11727213844366252
v 0.006176550204869404 -0.02472261736993997 -0.11679784185131042
v 0.005935653014777499 -0.024930880777048747 -0.11696687109517873
v 0.005555420185743288 -0.024575854515068718 -0.11727213844366252
v 0.005935653014777499 -0.024930880777048747 -0.11696687109517873
v 0.0058440120611755195 -0.024972220653279864 -0.1170280741010154
v 0.005935653014777499 -0.024930880777048747 -0.11696687109517873
v 0.006176550204869404 -0.02472261736993997 -0.11679784185131042
v 0.006154084497930758 -0.02508250927851341 -0.11679430944147468
v 0.006115967087367837 -0.02350489155831692 -0.11649210148034322
v 0.006181388194906325 -0.023165539888145847 -0.1161776559698024
v 0.007114604334202414 -0.023439934890192582 -0.11552724242572582
v 0.006031587410355867 -0.024336968624205646 -0.11687147314142882
v 0.006293990910978544 -0.0239803764289237 -0.11657115727023099
v 0.006897805541556392 -0.02467854426298821 -0.11626909426760251
v 0.006176550204869404 -0.02472261736993997 -0.11679784185131042
v 0.006031587410355867 -0.024336968624205646 -0.11687147314142882
v 0.006897805541556392 -0.02467854426298821 -0.11626909426760251
v 0.006176550204869404 -0.02472261736993997 -0.11679784185131042
v 0.006806948508279733 -0.025081536530664472 -0.11634755496468857
v 0.006414073295069602 -0.025171683553378843 -0.11660547428846252
v 0.006806948508279733 -0.025081536530664472 -0.11634755496468857
v 0.006651572066573576 -0.025279765376139407 -0.11643459873102996
v 0.006414073295069602 -0.025171683553378843 -0.11660547428846252
v 0.00688476499833446 -0.02298883738036328 -0.11525739835773313
v 0.006118651680696032 -0.0226769381803682 -0.115668164978806
v 0.007264396535683617 -0.02288967050553592 -0.11466778346156387
v 0.006293990910978544 -0.0239803764289237 -0.11657115727023099
v 0.007291992057013865 -0.023898854437136574 -0.11569542480676093
v 0.007153903347299486 -0.02416085357982989 -0.11594413545089827
v 0.006806948508279733 -0.025081536530664472 -0.11634755496468857
v 0.006915907234615883 -0.02535159422171418 -0.11625634554873526
v 0.006651572066573576 -0.025279765376139407 -0.11643459873102996
v 0.00688476499833446 -0.02298883738036328 -0.11525739835773313
v 0.007264396535683617 -0.02288967050553592 -0.11466778346156387
v 0.00798824729714598 -0.023227053791824437 -0.1144144417747261
v 0.006181388194906325 -0.023165539888145847 -0.1161776559698024
v 0.00688476499833446 -0.02298883738036328 -0.11525739835773313
v 0.00756424892114166 -0.023318930779830938 -0.11497040341001957
v 0.007291992057013865 -0.023898854437136574 -0.11569542480676093
v 0.007114604334202414 -0.023439934890192582 -0.11552724242572582
v 0.007848295584566014 -0.02371742742656613 -0.11510138486155336
v 0.006806948508279733 -0.025081536530664472 -0.11634755496468857
v 0.0072245558355490975 -0.025466326969473263 -0.11605074098574691
v 0.006915907234615883 -0.02535159422171418 -0.11625634554873526
v 0.007756405245118449 -0.02459220430832576 -0.11563821960384851
v 0.007153903347299486 -0.02416085357982989 -0.11594413545089827
v 0.007291992057013865 -0.023898854437136574 -0.11569542480676093
v 0.0072245558355490975 -0.025466326969473263 -0.11605074098574691
v 0.006806948508279733 -0.025081536530664472 -0.11634755496468857
v 0.007510813116143879 -0.02547107817514327 -0.11587951447614925
v 0.00756424892114166 -0.023318930779830938 -0.11497040341001957
v 0.00688476499833446 -0.02298883738036328 -0.11525739835773313
v 0.00798824729714598 -0.023227053791824437 -0.1144144417747261
v 0.007756405245118449 -0.02459220430832576 -0.11563821960384851
v 0.007291992057013865 -0.023898854437136574 -0.11569542480676093
v 0.008568600107914383 -0.024389634337156352 -0.11497404263138383
v 0.007966177841904622 -0.02518557286678269 -0.1156049630715072
v 0.007756405245118449 -0.02459220430832576 -0.11563821960384851
v 0.008343602576780797 -0.025061843155095298 -0.11535257505903113
v 0.007510813116143879 -0.02547107817514327 -0.11587951447614925
v 0.006897805541556392 -0.02467854426298821 -0.11626909426760251
v 0.007966177841904622 -0.02518557286678269 -0.1156049630715072
v 0.007566626431325387 -0.02277118791018662 -0.11398497550676895
v 0.007393369072174473 -0.022607794881795984 -0.11367549673230387
v 0.008711208757266055 -0.023089661741231282 -0.11317908252415515
v 0.00756424892114166 -0.023318930779830938 -0.11497040341001957
v 0.00798824729714598 -0.023227053791824437 -0.1144144417747261
v 0.008979683348875335 -0.023856246174004392 -0.11425135582947993
v 0.007291992057013865 -0.023898854437136574 -0.11569542480676093
v 0.007848295584566014 -0.02371742742656613 -0.11510138486155336
v 0.008832024040104082 -0.02414050216895114 -0.1146173455319221
v 0.007756405245118449 -0.02459220430832576 -0.11563821960384851
v 0.008568600107914383 -0.024389634337156352 -0.11497404263138383
v 0.008718547281479362 -0.024842492329857357 -0.11505768368760266
v 0.007510813116143879 -0.02547107817514327 -0.11587951447614925
v 0.007966177841904622 -0.02518557286678269 -0.1156049630715072
v 0.008605030468531451 -0.025647835996038815 -0.11523981260250332
v 0.008605030468531451 -0.025647835996038815 -0.11523981260250332
v 0.008147552877222354 -0.025808560643565404 -0.11548109984540916
v 0.007798865211887386 -0.025700072555526754 -0.1156858880631439
v 0.007798865211887386 -0.025700072555526754 -0.1156858880631439
v 0.007510813116143879 -0.02547107817514327 -0.11587951447614925
v 0.008605030468531451 -0.025647835996038815 -0.11523981260250332
v 0.008718547281479362 -0.024842492329857357 -0.11505768368760266
v 0.008568600107914383 -0.024389634337156352 -0.11497404263138383
v 0.009027287911988481 -0.02469586680409419 -0.11479580470787892
v 0.008343602576780797 -0.025061843155095298 -0.11535257505903113
v 0.007756405245118449 -0.02459220430832576 -0.11563821960384851
v 0.008718547281479362 -0.024842492329857357 -0.11505768368760266
v 0.008605030468531451 -0.025647835996038815 -0.11523981260250332
v 0.008472828313814686 -0.025923884669428743 -0.11529530119156467
v 0.008147552877222354 -0.025808560643565404 -0.11548109984540916
v 0.00798824729714598 -0.023227053791824437 -0.1144144417747261
v 0.008456370755354771 -0.023190697817807582 -0.11380669943628957
v 0.009291660750168075 -0.02351156537150012 -0.11346277394387977
v 0.008979683348875335 -0.023856246174004392 -0.11425135582947993
v 0.00798824729714598 -0.023227053791824437 -0.1144144417747261
v 0.009421225041600369 -0.023685115031842896 -0.11361722341410635
v 0.008605030468531451 -0.025647835996038815 -0.11523981260250332
v 0.008784825742269022 -0.026053399369794228 -0.11512212155687424
v 0.008472828313814686 -0.025923884669428743 -0.11529530119156467
v 0.009027287911988481 -0.02469586680409419 -0.11479580470787892
v 0.008568600107914383 -0.024389634337156352 -0.11497404263138383
v 0.009730107769589382 -0.024630509592737937 -0.11428133935141188
v 0.009103013471005174 -0.025365292800245687 -0.11494466946104337
v 0.008718547281479362 -0.024842492329857357 -0.11505768368760266
v 0.009641495208922992 -0.025228631264213597 -0.1146006981922642
v 0.009648327332050234 -0.026004267974027995 -0.11470308467173668
v 0.009107918218247415 -0.026178944877466304 -0.1149511010409387
v 0.008784825742269022 -0.026053399369794228 -0.11512212155687424
v 0.008784825742269022 -0.026053399369794228 -0.11512212155687424
v 0.008605030468531451 -0.025647835996038815 -0.11523981260250332
v 0.009648327332050234 -0.026004267974027995 -0.11470308467173668
v 0.009291660750168075 -0.02351156537150012 -0.11346277394387977
v 0.008456370755354771 -0.023190697817807582 -0.11380669943628957
v 0.01030810595835874 -0.02369423215874078 -0.11261922226807103
v 0.008979683348875335 -0.023856246174004392 -0.11425135582947993
v 0.009421225041600369 -0.023685115031842896 -0.11361722341410635
v 0.009873132220962757 -0.02403483123497696 -0.1136679131137796
v 0.008832024040104082 -0.02414050216895114 -0.1146173455319221
v 0.008979683348875335 -0.023856246174004392 -0.11425135582947993
v 0.010145390038764914 -0.024496052951830105 -0.11389374320263096
v 0.009027287911988481 -0.02469586680409419 -0.11479580470787892
v 0.009730107769589382 -0.024630509592737937 -0.11428133935141188
v 0.010148787026841301 -0.025026799437000147 -0.11421843499051393
v 0.009648327332050234 -0.026004267974027995 -0.11470308467173668
v 0.009434527845271769 -0.026307515440213702 -0.11478467342072912
v 0.009107918218247415 -0.026178944877466304 -0.1149511010409387
v 0.009009727905966438 -0.023264687689485974 -0.11325798572614504
v 0.008711208757266055 -0.023089661741231282 -0.11317908252415515
v 0.010287878525147011 -0.023615063835278338 -0.11240064773376351
v 0.009421225041600369 -0.023685115031842896 -0.11361722341410635
v 0.009291660750168075 -0.02351156537150012 -0.11346277394387977
v 0.010386488454147138 -0.02396219748824091 -0.11308420336925801
v 0.009434527845271769 -0.026307515440213702 -0.11478467342072912
v 0.009648327332050234 -0.026004267974027995 -0.11470308467173668
v 0.009763573156615914 -0.02643266421935131 -0.11462450190433232
v 0.009009727905966438 -0.023264687689485974 -0.11325798572614504
v 0.010287878525147011 -0.023615063835278338 -0.11240064773376351
v 0.01030810595835874 -0.02369423215874078 -0.11261922226807103
v 0.009291660750168075 -0.02351156537150012 -0.11346277394387977
v 0.01030810595835874 -0.02369423215874078 -0.11261922226807103
v 0.011351932111148268 -0.024156842425464564 -0.11241513595466651
v 0.010386488454147138 -0.02396219748824091 -0.11308420336925801
v 0.009291660750168075 -0.02351156537150012 -0.11346277394387977
v 0.011351932111148268 -0.024156842425464564 -0.11241513595466651
v 0.009873132220962757 -0.02403483123497696 -0.1136679131137796
v 0.009421225041600369 -0.023685115031842896 -0.11361722341410635
v 0.010386488454147138 -0.02396219748824091 -0.11308420336925801
v 0.010145390038764914 -0.024496052951830105 -0.11389374320263096
v 0.009873132220962757 -0.02403483123497696 -0.1136679131137796
v 0.010631739167700218 -0.02438373300020613 -0.11342062916648737
v 0.009730107769589382 -0.024630509592737937 -0.11428133935141188
v 0.010145390038764914 -0.024496052951830105 -0.11389374320263096
v 0.010672739535858568 -0.024855508077545885 -0.11378708426201806
v 0.010148787026841301 -0.025026799437000147 -0.11421843499051393
v 0.009730107769589382 -0.024630509592737937 -0.11428133935141188
v 0.010672739535858568 -0.024855508077545885 -0.11378708426201806
v 0.009763573156615914 -0.02643266421935131 -0.11462450190433232
v 0.009648327332050234 -0.026004267974027995 -0.11470308467173668
v 0.010540590786906058 -0.026331721602862457 -0.1142965218472502
v 0.009763573156615914 -0.02643266421935131 -0.11462450190433232
v 0.010540590786906058 -0.026331721602862457 -0.1142965218472502
v 0.010093103888210166 -0.02657182247486234 -0.11446923608885212
v 0.010145390038764914 -0.024496052951830105 -0.11389374320263096
v 0.010631739167700218 -0.02438373300020613 -0.11342062916648737
v 0.011667872029413886 -0.02487406467327591 -0.11310632098505463
v 0.009648327332050234 -0.026004267974027995 -0.11470308467173668
v 0.010146179681136404 -0.025704205780210376 -0.11443065423887505
v 0.010952724023339246 -0.02608073358434937 -0.11409628837826696
v 0.010540590786906058 -0.026331721602862457 -0.1142965218472502
v 0.010962721391672982 -0.026797221502902202 -0.11410922020261166
v 0.010581773306867494 -0.026821940742357553 -0.11424503106111311
v 0.010627243546759148 -0.02421721191990911 -0.11322670520708117
v 0.010386488454147138 -0.02396219748824091 -0.11308420336925801
v 0.011581990792119414 -0.024546336386225276 -0.11281891405001682
v 0.01011961126709371 -0.0235080272396182 -0.11227242049378633
v 0.01103949694616191 -0.023826798617063716 -0.1118865180706718
v 0.011316807330732372 -0.02400824279377267 -0.1120915733172278
v 0.011316807330732372 -0.02400824279377267 -0.1120915733172278
v 0.010287878525147011 -0.023615063835278338 -0.11240064773376351
v 0.01011961126709371 -0.0235080272396182 -0.11227242049378633
v 0.01030810595835874 -0.02369423215874078 -0.11261922226807103
v 0.011316807330732372 -0.02400824279377267 -0.1120915733172278
v 0.011351932111148268 -0.024156842425464564 -0.11241513595466651
v 0.010627243546759148 -0.02421721191990911 -0.11322670520708117
v 0.011581990792119414 -0.024546336386225276 -0.11281891405001682
v 0.010631739167700218 -0.02438373300020613 -0.11342062916648737
v 0.0106489844611829 -0.025456822650784527 -0.11410189598351378
v 0.010148787026841301 -0.025026799437000147 -0.11421843499051393
v 0.011458477564512128 -0.02540918470906872 -0.11361935964467657
v 0.0106489844611829 -0.025456822650784527 -0.11410189598351378
v 0.011458477564512128 -0.02540918470906872 -0.11361935964467657
v 0.0116590562636143 -0.025925929347260235 -0.1137070671683737
v 0.010952724023339246 -0.02608073358434937 -0.11409628837826696
v 0.010146179681136404 -0.025704205780210376 -0.11443065423887505
v 0.0106489844611829 -0.025456822650784527 -0.11410189598351378
v 0.010540590786906058 -0.026331721602862457 -0.1142965218472502
v 0.010952724023339246 -0.02608073358434937 -0.11409628837826696
v 0.011440151757977636 -0.026611903500936007 -0.11392437522312887
v 0.0053359506280473154 -0.02240824042895828 -0.11619641665184582
v 0.005543963695636146 -0.022296988592619416 -0.11569791198949625
v 0.005973714158553079 -0.022479819411850288 -0.11549715972166025
v 0.0061689255783475856 -0.02255185425108719 -0.11539307951652139
v 0.0053359506280473154 -0.02240824042895828 -0.11619641665184582
v 0.005973714158553079 -0.022479819411850288 -0.11549715972166025
v 0.0064260042381716915 -0.022640351417155813 -0.11523204587850161
v 0.006118651680696032 -0.0226769381803682 -0.115668164978806
v 0.0061689255783475856 -0.02255185425108719 -0.11539307951652139
v 0.006118651680696032 -0.0226769381803682 -0.115668164978806
v 0.0064260042381716915 -0.022640351417155813 -0.11523204587850161
v 0.0066538923562956005 -0.022707453852593984 -0.11507349179382226
v 0.006890518992595797 -0.0227608863197315 -0.11488134548342627
v 0.007264396535683617 -0.02288967050553592 -0.11466778346156387
v 0.006118651680696032 -0.0226769381803682 -0.115668164978806
v 0.0066538923562956005 -0.022707453852593984 -0.11507349179382226
v 0.006890518992595797 -0.0227608863197315 -0.11488134548342627
v 0.006118651680696032 -0.0226769381803682 -0.115668164978806
v 0.007264396535683617 -0.02288967050553592 -0.11466778346156387
v 0.006890518992595797 -0.0227608863197315 -0.11488134548342627
v 0.0070002621160944484 -0.02277862466285918 -0.1147783486523623
v 0.0070002621160944484 -0.02277862466285918 -0.1147783486523623
v 0.007059568263625695 -0.02278613770948068 -0.11471855708458095
v 0.007264396535683617 -0.02288967050553592 -0.11466778346156387
v 0.007264396535683617 -0.02288967050553592 -0.11466778346156387
v 0.007059568263625695 -0.02278613770948068 -0.11471855708458095
v 0.0071794971061445185 -0.022796012053821757 -0.11458628626531014
v 0.007264396535683617 -0.02288967050553592 -0.11466778346156387
v 0.0071794971061445185 -0.022796012053821757 -0.11458628626531014
v 0.007282386172005608 -0.02279447473075069 -0.11444804925923252
v 0.007264396535683617 -0.02288967050553592 -0.11466778346156387
v 0.007282386172005608 -0.02279447473075069 -0.11444804925923252
v 0.007354583135883998 -0.022786151060921744 -0.11433189935137195
v 0.007354583135883998 -0.022786151060921744 -0.11433189935137195
v 0.0074109867754954 -0.022768675931917892 -0.11420766991431902
v 0.008456370755354771 -0.023190697817807582 -0.11380669943628957
v 0.0074109867754954 -0.022768675931917892 -0.11420766991431902
v 0.007566626431325387 -0.02277118791018662 -0.11398497550676895
v 0.008456370755354771 -0.023190697817807582 -0.11380669943628957
v 0.007566626431325387 -0.02277118791018662 -0.11398497550676895
v 0.0074109867754954 -0.022768675931917892 -0.11420766991431902
v 0.007437468405171179 -0.0227519961673317 -0.11412331169498019
v 0.007437468405171179 -0.0227519961673317 -0.11412331169498019
v 0.007459594127199877 -0.022723405009967834 -0.11400482719228217
v 0.007566626431325387 -0.02277118791018662 -0.11398497550676895
v 0.007459594127199877 -0.022723405009967834 -0.11400482719228217
v 0.007451126929379494 -0.0226797820373148 -0.11386477439021986
v 0.007566626431325387 -0.02277118791018662 -0.11398497550676895
v 0.007451126929379494 -0.0226797820373148 -0.11386477439021986
v 0.007393369072174473 -0.022607794881795984 -0.11367549673230387
v 0.007566626431325387 -0.02277118791018662 -0.11398497550676895
v 0.007264396535683617 -0.02288967050553592 -0.11466778346156387
v 0.007354583135883998 -0.022786151060921744 -0.11433189935137195
v 0.008456370755354771 -0.023190697817807582 -0.11380669943628957
v 0.0116590562636143 -0.025925929347260235 -0.1137070671683737
v 0.010952724023339246 -0.02608073358434937 -0.11409628837826696
v 0.0106489844611829 -0.025456822650784527 -0.11410189598351378
v 0.010581773306867494 -0.026821940742357553 -0.11424503106111311
v 0.010093103888210166 -0.02657182247486234 -0.11446923608885212
v 0.010540590786906058 -0.026331721602862457 -0.1142965218472502
v 0.010952724023339246 -0.02608073358434937 -0.11409628837826696
v 0.010540590786906058 -0.026331721602862457 -0.1142965218472502
v 0.009648327332050234 -0.026004267974027995 -0.11470308467173668
v 0.011667872029413886 -0.02487406467327591 -0.11310632098505463
v 0.010672739535858568 -0.024855508077545885 -0.11378708426201806
v 0.010145390038764914 -0.024496052951830105 -0.11389374320263096
v 0.0106489844611829 -0.025456822650784527 -0.11410189598351378
v 0.010146179681136404 -0.025704205780210376 -0.11443065423887505
v 0.009641495208922992 -0.025228631264213597 -0.1146006981922642
v 0.010148787026841301 -0.025026799437000147 -0.11421843499051393
v 0.0106489844611829 -0.025456822650784527 -0.11410189598351378
v 0.009641495208922992 -0.025228631264213597 -0.1146006981922642
v 0.010627243546759148 -0.02421721191990911 -0.11322670520708117
v 0.010631739167700218 -0.02438373300020613 -0.11342062916648737
v 0.009873132220962757 -0.02403483123497696 -0.1136679131137796
v 0.010386488454147138 -0.02396219748824091 -0.11308420336925801
v 0.010627243546759148 -0.02421721191990911 -0.11322670520708117
v 0.009873132220962757 -0.02403483123497696 -0.1136679131137796
v 0.011316807330732372 -0.02400824279377267 -0.1120915733172278
v 0.01030810595835874 -0.02369423215874078 -0.11261922226807103
v 0.010287878525147011 -0.023615063835278338 -0.11240064773376351
v 0.009873132220962757 -0.02403483123497696 -0.1136679131137796
v 0.010145390038764914 -0.024496052951830105 -0.11389374320263096
v 0.008979683348875335 -0.023856246174004392 -0.11425135582947993
v 0.01011961126709371 -0.0235080272396182 -0.11227242049378633
v 0.010287878525147011 -0.023615063835278338 -0.11240064773376351
v 0.008711208757266055 -0.023089661741231282 -0.11317908252415515
v 0.010146179681136404 -0.025704205780210376 -0.11443065423887505
v 0.009648327332050234 -0.026004267974027995 -0.11470308467173668
v 0.009103013471005174 -0.025365292800245687 -0.11494466946104337
v 0.009641495208922992 -0.025228631264213597 -0.1146006981922642
v 0.010146179681136404 -0.025704205780210376 -0.11443065423887505
v 0.009103013471005174 -0.025365292800245687 -0.11494466946104337
v 0.010148787026841301 -0.025026799437000147 -0.11421843499051393
v 0.009641495208922992 -0.025228631264213597 -0.1146006981922642
v 0.009027287911988481 -0.02469586680409419 -0.11479580470787892
v 0.010145390038764914 -0.024496052951830105 -0.11389374320263096
v 0.009730107769589382 -0.024630509592737937 -0.11428133935141188
v 0.008832024040104082 -0.02414050216895114 -0.1146173455319221
v 0.009009727905966438 -0.023264687689485974 -0.11325798572614504
v 0.01030810595835874 -0.02369423215874078 -0.11261922226807103
v 0.008456370755354771 -0.023190697817807582 -0.11380669943628957
v 0.01011961126709371 -0.0235080272396182 -0.11227242049378633
v 0.008711208757266055 -0.023089661741231282 -0.11317908252415515
v 0.00830644456262575 -0.022909281865109987 -0.11319523395314496
v 0.009103013471005174 -0.025365292800245687 -0.11494466946104337
v 0.009648327332050234 -0.026004267974027995 -0.11470308467173668
v 0.008605030468531451 -0.025647835996038815 -0.11523981260250332
v 0.009027287911988481 -0.02469586680409419 -0.11479580470787892
v 0.009641495208922992 -0.025228631264213597 -0.1146006981922642
v 0.008718547281479362 -0.024842492329857357 -0.11505768368760266
v 0.008832024040104082 -0.02414050216895114 -0.1146173455319221
v 0.009730107769589382 -0.024630509592737937 -0.11428133935141188
v 0.008568600107914383 -0.024389634337156352 -0.11497404263138383
v 0.009103013471005174 -0.025365292800245687 -0.11494466946104337
v 0.008605030468531451 -0.025647835996038815 -0.11523981260250332
v 0.008343602576780797 -0.025061843155095298 -0.11535257505903113
v 0.008718547281479362 -0.024842492329857357 -0.11505768368760266
v 0.009103013471005174 -0.025365292800245687 -0.11494466946104337
v 0.008343602576780797 -0.025061843155095298 -0.11535257505903113
v 0.009291660750168075 -0.02351156537150012 -0.11346277394387977
v 0.009421225041600369 -0.023685115031842896 -0.11361722341410635
v 0.00798824729714598 -0.023227053791824437 -0.1144144417747261
v 0.008343602576780797 -0.025061843155095298 -0.11535257505903113
v 0.008605030468531451 -0.025647835996038815 -0.11523981260250332
v 0.007966177841904622 -0.02518557286678269 -0.1156049630715072
v 0.008979683348875335 -0.023856246174004392 -0.11425135582947993
v 0.008832024040104082 -0.02414050216895114 -0.1146173455319221
v 0.007848295584566014 -0.02371742742656613 -0.11510138486155336
v 0.008832024040104082 -0.02414050216895114 -0.1146173455319221
v 0.008568600107914383 -0.024389634337156352 -0.11497404263138383
v 0.007291992057013865 -0.023898854437136574 -0.11569542480676093
v 0.008979683348875335 -0.023856246174004392 -0.11425135582947993
v 0.007848295584566014 -0.02371742742656613 -0.11510138486155336
v 0.00756424892114166 -0.023318930779830938 -0.11497040341001957
v 0.007566626431325387 -0.02277118791018662 -0.11398497550676895
v 0.009009727905966438 -0.023264687689485974 -0.11325798572614504
v 0.008456370755354771 -0.023190697817807582 -0.11380669943628957
v 0.008711208757266055 -0.023089661741231282 -0.11317908252415515
v 0.009009727905966438 -0.023264687689485974 -0.11325798572614504
v 0.007566626431325387 -0.02277118791018662 -0.11398497550676895
v 0.00830644456262575 -0.022909281865109987 -0.11319523395314496
v 0.008711208757266055 -0.023089661741231282 -0.11317908252415515
v 0.007393369072174473 -0.022607794881795984 -0.11367549673230387
v 0.00756424892114166 -0.023318930779830938 -0.11497040341001957
v 0.007848295584566014 -0.02371742742656613 -0.11510138486155336
v 0.007114604334202414 -0.023439934890192582 -0.11552724242572582
v 0.008456370755354771 -0.023190697817807582 -0.11380669943628957
v 0.00798824729714598 -0.023227053791824437 -0.1144144417747261
v 0.007264396535683617 -0.02288967050553592 -0.11466778346156387
v 0.006897805541556392 -0.02467854426298821 -0.11626909426760251
v 0.007510813116143879 -0.02547107817514327 -0.11587951447614925
v 0.006806948508279733 -0.025081536530664472 -0.11634755496468857
v 0.007756405245118449 -0.02459220430832576 -0.11563821960384851
v 0.007966177841904622 -0.02518557286678269 -0.1156049630715072
v 0.006897805541556392 -0.02467854426298821 -0.11626909426760251
v 0.007756405245118449 -0.02459220430832576 -0.11563821960384851
v 0.006897805541556392 -0.02467854426298821 -0.11626909426760251
v 0.007153903347299486 -0.02416085357982989 -0.11594413545089827
v 0.00756424892114166 -0.023318930779830938 -0.11497040341001957
v 0.007114604334202414 -0.023439934890192582 -0.11552724242572582
v 0.006181388194906325 -0.023165539888145847 -0.1161776559698024
v 0.006414073295069602 -0.025171683553378843 -0.11660547428846252
v 0.006154084497930758 -0.02508250927851341 -0.11679430944147468
v 0.006176550204869404 -0.02472261736993997 -0.11679784185131042
v 0.006897805541556392 -0.02467854426298821 -0.11626909426760251
v 0.006806948508279733 -0.025081536530664472 -0.11634755496468857
v 0.006176550204869404 -0.02472261736993997 -0.11679784185131042
v 0.007153903347299486 -0.02416085357982989 -0.11594413545089827
v 0.006897805541556392 -0.02467854426298821 -0.11626909426760251
v 0.006293990910978544 -0.0239803764289237 -0.11657115727023099
v 0.007291992057013865 -0.023898854437136574 -0.11569542480676093
v 0.006293990910978544 -0.0239803764289237 -0.11657115727023099
v 0.006115967087367837 -0.02350489155831692 -0.11649210148034322
v 0.007114604334202414 -0.023439934890192582 -0.11552724242572582
v 0.007291992057013865 -0.023898854437136574 -0.11569542480676093
v 0.006115967087367837 -0.02350489155831692 -0.11649210148034322
v 0.00688476499833446 -0.02298883738036328 -0.11525739835773313
v 0.006181388194906325 -0.023165539888145847 -0.1161776559698024
v 0.0056628415890083725 -0.022779276976122587 -0.11632389621112343
v 0.006118651680696032 -0.0226769381803682 -0.115668164978806
v 0.00688476499833446 -0.02298883738036328 -0.11525739835773313
v 0.0056628415890083725 -0.022779276976122587 -0.11632389621112343
v 0.0058440120611755195 -0.024972220653279864 -0.1170280741010154
v 0.005604043749911914 -0.02488959621393061 -0.1172147043589033
v 0.005555420185743288 -0.024575854515068718 -0.11727213844366252
v 0.005213368663454233 -0.02368443410834864 -0.11742339119742867
v 0.005581086900676991 -0.023579308676109356 -0.1170356195725652
v 0.006293990910978544 -0.0239803764289237 -0.11657115727023099
v 0.006115967087367837 -0.02350489155831692 -0.11649210148034322
v 0.005333286538717897 -0.02299424471399414 -0.1169031046126578
v 0.006181388194906325 -0.023165539888145847 -0.1161776559698024
v 0.0027387348522203707 -0.021851323211954377 -0.11231005629879659
v 0.0027495209092512356 -0.0215298414919729 -0.11216486891397087
v 0.0057522518982783275 -0.021714167672602924 -0.11256440506576032
v 0.0027234891754555905 -0.022110585309229602 -0.1124915214563415
v 0.0027387348522203707 -0.021851323211954377 -0.11231005629879659
v 0.006318073095960277 -0.02199732503468499 -0.11280519639799808
v 0.0027096768712564505 -0.02228635893818387 -0.11264871750872979
v 0.0027234891754555905 -0.022110585309229602 -0.1124915214563415
v 0.006633551912672011 -0.022161725143201583 -0.1129752784983617
v 0.006848074761453828 -0.022278454885074073 -0.11311807788258571
v 0.007051887847153717 -0.022394358744949328 -0.11328116382783188
v 0.0027096768712564505 -0.02228635893818387 -0.11264871750872979
v 0.0026856595361313134 -0.022504174347699468 -0.11291138231612757
v 0.0027096768712564505 -0.02228635893818387 -0.11264871750872979
v 0.007051887847153717 -0.022394358744949328 -0.11328116382783188
v 0.007051887847153717 -0.022394358744949328 -0.11328116382783188
v 0.007198095663546457 -0.02248304473854157 -0.11342860951354611
v 0.0026856595361313134 -0.022504174347699468 -0.11291138231612757
v 0.002661158926523383 -0.022653920295974128 -0.11317049945489982
v 0.0026856595361313134 -0.022504174347699468 -0.11291138231612757
v 0.007393369072174473 -0.022607794881795984 -0.11367549673230387
v 0.0026446422402530427 -0.022726992732916562 -0.11334178699965664
v 0.002661158926523383 -0.022653920295974128 -0.11317049945489982
v 0.007393369072174473 -0.022607794881795984 -0.11367549673230387
v 0.007393369072174473 -0.022607794881795984 -0.11367549673230387
v 0.007451126929379494 -0.0226797820373148 -0.11386477439021986
v 0.0026446422402530427 -0.022726992732916562 -0.11334178699965664
v 0.007451126929379494 -0.0226797820373148 -0.11386477439021986
v 0.007459594127199877 -0.022723405009967834 -0.11400482719228217
v 0.002630472308168264 -0.022774684080396623 -0.1134869133493232
v 0.002630472308168264 -0.022774684080396623 -0.1134869133493232
v 0.0026446422402530427 -0.022726992732916562 -0.11334178699965664
v 0.007451126929379494 -0.0226797820373148 -0.11386477439021986
v 0.007459594127199877 -0.022723405009967834 -0.11400482719228217
v 0.007437468405171179 -0.0227519961673317 -0.11412331169498019
v 0.002616055851260985 -0.02281193078626731 -0.11363318410822382
v 0.002616055851260985 -0.02281193078626731 -0.11363318410822382
v 0.007437468405171179 -0.0227519961673317 -0.11412331169498019
v 0.0074109867754954 -0.022768675931917892 -0.11420766991431902
v 0.002594040755458244 -0.02284606660637012 -0.11385380332036282
v 0.0074109867754954 -0.022768675931917892 -0.11420766991431902
v 0.007354583135883998 -0.022786151060921744 -0.11433189935137195
v 0.002594040755458244 -0.02284606660637012 -0.11385380332036282
v 0.007354583135883998 -0.022786151060921744 -0.11433189935137195
v 0.007282386172005608 -0.02279447473075069 -0.11444804925923252
v 0.0025738915235441755 -0.0228552161581963 -0.1140530220798252
v 0.007282386172005608 -0.02279447473075069 -0.11444804925923252
v 0.0071794971061445185 -0.022796012053821757 -0.11458628626531014
v 0.0025542064926256662 -0.0228441745164365 -0.11424521416659056
v 0.0071794971061445185 -0.022796012053821757 -0.11458628626531014
v 0.007059568263625695 -0.02278613770948068 -0.11471855708458095
v 0.0025542064926256662 -0.0228441745164365 -0.11424521416659056
v 0.007059568263625695 -0.02278613770948068 -0.11471855708458095
v 0.0070002621160944484 -0.02277862466285918 -0.1147783486523623
v 0.002544378878328313 -0.022831597458954356 -0.11434032220333451
v 0.0070002621160944484 -0.02277862466285918 -0.1147783486523623
v 0.006890518992595797 -0.0227608863197315 -0.11488134548342627
v 0.0025200744872203034 -0.02278100884876344 -0.11457312555911864
v 0.006890518992595797 -0.0227608863197315 -0.11488134548342627
v 0.0066538923562956005 -0.022707453852593984 -0.11507349179382226
v 0.0024973193401128806 -0.022709979182303774 -0.11478819820116998
v 0.0066538923562956005 -0.022707453852593984 -0.11507349179382226
v 0.0064260042381716915 -0.022640351417155813 -0.11523204587850161
v 0.0024771326764801154 -0.022620103003108127 -0.11497573635705022
v 0.0064260042381716915 -0.022640351417155813 -0.11523204587850161
v 0.0061689255783475856 -0.02255185425108719 -0.11539307951652139
v 0.0024771326764801154 -0.022620103003108127 -0.11497573635705022
v 0.0061689255783475856 -0.02255185425108719 -0.11539307951652139
v 0.005973714158553079 -0.022479819411850288 -0.11549715972166025
v 0.00245068657117431 -0.022472085112776874 -0.11521774076307606
v 0.005973714158553079 -0.022479819411850288 -0.11549715972166025
v 0.005543963695636146 -0.022296988592619416 -0.11569791198949625
v 0.005543963695636146 -0.022296988592619416 -0.11569791198949625
v 0.005100739721337067 -0.022090386486248725 -0.1158527581882573
v 0.0024235743243268553 -0.022258349522180643 -0.11545828795467722
v 0.005100739721337067 -0.022090386486248725 -0.1158527581882573
v 0.0024027923294737967 -0.0220510340673874 -0.11563737274101532
v 0.0024235743243268553 -0.022258349522180643 -0.11545828795467722
v 0.0024027923294737967 -0.0220510340673874 -0.11563737274101532
v 0.005100739721337067 -0.022090386486248725 -0.1158527581882573
v 0.0047943584811988025 -0.021931929676354267 -0.11594179322666592
v 0.002379959457905895 -0.02174590404801169 -0.11582471253262833
v 0.0047943584811988025 -0.021931929676354267 -0.11594179322666592
v 0.0043173644209146276 -0.0216710425179667 -0.11604626253094436
v 0.0023677509955645497 -0.021517975875564588 -0.11591701295205142
v 0.0043173644209146276 -0.0216710425179667 -0.11604626253094436
v 0.003958059260492226 -0.021393082681155917 -0.11611364534664487
v 0.0023607064414732375 -0.021356890739129275 -0.11596666505401915
v 0.003958059260492226 -0.021393082681155917 -0.11611364534664487
v 0.0036456271949475436 -0.02108208184240956 -0.11614801577064066
v 0.0036456271949475436 -0.02108208184240956 -0.11614801577064066
v 0.003434064312965863 -0.020801638637560904 -0.11613940981320064
v 0.002351706616521843 -0.0210659342281172 -0.11601974275429411
v 0.0023459635895156654 -0.02058781149422595 -0.11601799562286347
v 0.003434064312965863 -0.020801638637560904 -0.11613940981320064
v 0.0032776469356939073 -0.020543248198652275 -0.1161023538422023
v 0.0023459635895156654 -0.02058781149422595 -0.11601799562286347
v 0.0032776469356939073 -0.020543248198652275 -0.1161023538422023
v 0.003166350038241451 -0.02030725575580261 -0.11603841188359881
v 0.002354670159600836 -0.02008628177680105 -0.11587132813542839
v 0.003166350038241451 -0.02030725575580261 -0.11603841188359881
v 0.003077990678118093 -0.020072976112106566 -0.11594839265324891
v 0.002354670159600836 -0.02008628177680105 -0.11587132813542839
v 0.003077990678118093 -0.020072976112106566 -0.11594839265324891
v 0.003000485801161052 -0.019780638680618745 -0.11578783966710743
v 0.002370190017744606 -0.01971923349581739 -0.11567406250105877
v 0.003000485801161052 -0.019780638680618745 -0.11578783966710743
v 0.002958741090163392 -0.019519667598887347 -0.11558560729666206
v 0.002391588086235325 -0.019418837515973175 -0.11542709898835207
v 0.002958741090163392 -0.019519667598887347 -0.11558560729666206
v 0.0029439550844409528 -0.01928132720975917 -0.11533278440867706
v 0.0024327453338261755 -0.019083783102475937 -0.11498164150869788
v 0.0029439550844409528 -0.01928132720975917 -0.11533278440867706
v 0.0029522301168774527 -0.019072201681027412 -0.11501325772113707
v 0.0024327453338261755 -0.019083783102475937 -0.11498164150869788
v 0.0029522301168774527 -0.019072201681027412 -0.11501325772113707
v 0.0029808992371203884 -0.018918667738188066 -0.11462350245360126
v 0.0025034304854226756 -0.018849335612092233 -0.11425812310275058
v 0.0029808992371203884 -0.018918667738188066 -0.11462350245360126
v 0.0030150300504327996 -0.018854866923390112 -0.11426929253687484
v 0.0025865570343233672 -0.018929137175330846 -0.1134505211356806
v 0.0025034304854226756 -0.018849335612092233 -0.11425812310275058
v 0.003051714803685852 -0.018852347315726492 -0.11394222800717996
v 0.002653687841573799 -0.019252957304847218 -0.11282993852563811
v 0.0025865570343233672 -0.018929137175330846 -0.1134505211356806
v 0.0031276737745025715 -0.018960362381281737 -0.11340127339164224
v 0.0031276737745025715 -0.018960362381281737 -0.11340127339164224
v 0.0032371110069497064 -0.019211808163488442 -0.11294614946865783
v 0.002653687841573799 -0.019252957304847218 -0.11282993852563811
v 0.0032371110069497064 -0.019211808163488442 -0.11294614946865783
v 0.0033517295522039756 -0.019465273827993235 -0.112661756144603
v 0.002653687841573799 -0.019252957304847218 -0.11282993852563811
v 0.00269355762877635 -0.019610676743224698 -0.11248148117266149
v 0.002653687841573799 -0.019252957304847218 -0.11282993852563811
v 0.0033517295522039756 -0.019465273827993235 -0.112661756144603
v 0.002723103175757691 -0.019995430942407744 -0.1122378517055233
v 0.00269355762877635 -0.019610676743224698 -0.11248148117266149
v 0.003493421958912641 -0.019740847571551035 -0.11245709762658146
v 0.0036292120749967247 -0.019969935412021966 -0.11234077987203323
v 0.0038726262501477546 -0.02032623006090306 -0.11222670515958372
v 0.002723103175757691 -0.019995430942407744 -0.1122378517055233
v 0.0027464231365058327 -0.020505932828227547 -0.11207069929279884
v 0.002723103175757691 -0.019995430942407744 -0.1122378517055233
v 0.0038726262501477546 -0.02032623006090306 -0.11222670515958372
v 0.0027540677901892467 -0.020960969013170683 -0.11205093153062945
v 0.0027464231365058327 -0.020505932828227547 -0.11207069929279884
v 0.004151883322509043 -0.020649357822832837 -0.11220111616911049
v 0.004151883322509043 -0.020649357822832837 -0.11220111616911049
v 0.004380151479866091 -0.020876227416738447 -0.11221467360383647
v 0.0027540677901892467 -0.020960969013170683 -0.11205093153062945
v 0.002753995072519167 -0.021246499117064666 -0.11208639295809503
v 0.0027540677901892467 -0.020960969013170683 -0.11205093153062945
v 0.004595384816047377 -0.021059790657879107 -0.11224838027047651
v 0.004595384816047377 -0.021059790657879107 -0.11224838027047651
v 0.004809604396382173 -0.02121659188908165 -0.11229607161795657
v 0.002753995072519167 -0.021246499117064666 -0.11208639295809503
v 0.0027495209092512356 -0.0215298414919729 -0.11216486891397087
v 0.002753995072519167 -0.021246499117064666 -0.11208639295809503
v 0.005126726394019122 -0.021412936274017857 -0.11237717971507072
v 0.004809604396382173 -0.02121659188908165 -0.11229607161795657
v 0.005126726394019122 -0.021412936274017857 -0.11237717971507072
v 0.002753995072519167 -0.021246499117064666 -0.11208639295809503
v 0.004380151479866091 -0.020876227416738447 -0.11221467360383647
v 0.004595384816047377 -0.021059790657879107 -0.11224838027047651
v 0.0027540677901892467 -0.020960969013170683 -0.11205093153062945
v 0.0038726262501477546 -0.02032623006090306 -0.11222670515958372
v 0.004151883322509043 -0.020649357822832837 -0.11220111616911049
v 0.0027464231365058327 -0.020505932828227547 -0.11207069929279884
v 0.003493421958912641 -0.019740847571551035 -0.11245709762658146
v 0.0036292120749967247 -0.019969935412021966 -0.11234077987203323
v 0.002723103175757691 -0.019995430942407744 -0.1122378517055233
v 0.0033517295522039756 -0.019465273827993235 -0.112661756144603
v 0.003493421958912641 -0.019740847571551035 -0.11245709762658146
v 0.00269355762877635 -0.019610676743224698 -0.11248148117266149
v 0.003051714803685852 -0.018852347315726492 -0.11394222800717996
v 0.0031276737745025715 -0.018960362381281737 -0.11340127339164224
v 0.0025865570343233672 -0.018929137175330846 -0.1134505211356806
v 0.0030150300504327996 -0.018854866923390112 -0.11426929253687484
v 0.003051714803685852 -0.018852347315726492 -0.11394222800717996
v 0.0025034304854226756 -0.018849335612092233 -0.11425812310275058
v 0.0029808992371203884 -0.018918667738188066 -0.11462350245360126
v 0.0025034304854226756 -0.018849335612092233 -0.11425812310275058
v 0.0024327453338261755 -0.019083783102475937 -0.11498164150869788
v 0.0029439550844409528 -0.01928132720975917 -0.11533278440867706
v 0.0024327453338261755 -0.019083783102475937 -0.11498164150869788
v 0.002391588086235325 -0.019418837515973175 -0.11542709898835207
v 0.002958741090163392 -0.019519667598887347 -0.11558560729666206
v 0.002391588086235325 -0.019418837515973175 -0.11542709898835207
v 0.002370190017744606 -0.01971923349581739 -0.11567406250105877
v 0.003000485801161052 -0.019780638680618745 -0.11578783966710743
v 0.002370190017744606 -0.01971923349581739 -0.11567406250105877
v 0.002354670159600836 -0.02008628177680105 -0.11587132813542839
v 0.003166350038241451 -0.02030725575580261 -0.11603841188359881
v 0.002354670159600836 -0.02008628177680105 -0.11587132813542839
v 0.0023459635895156654 -0.02058781149422595 -0.11601799562286347
v 0.003434064312965863 -0.020801638637560904 -0.11613940981320064
v 0.0023459635895156654 -0.02058781149422595 -0.11601799562286347
v 0.002351706616521843 -0.0210659342281172 -0.11601974275429411
v 0.0036456271949475436 -0.02108208184240956 -0.11614801577064066
v 0.002351706616521843 -0.0210659342281172 -0.11601974275429411
v 0.0023607064414732375 -0.021356890739129275 -0.11596666505401915
v 0.003958059260492226 -0.021393082681155917 -0.11611364534664487
v 0.0023607064414732375 -0.021356890739129275 -0.11596666505401915
v 0.0023677509955645497 -0.021517975875564588 -0.11591701295205142
v 0.0043173644209146276 -0.0216710425179667 -0.11604626253094436
v 0.0023677509955645497 -0.021517975875564588 -0.11591701295205142
v 0.002379959457905895 -0.02174590404801169 -0.11582471253262833
v 0.0047943584811988025 -0.021931929676354267 -0.11594179322666592
v 0.002379959457905895 -0.02174590404801169 -0.11582471253262833
v 0.0024027923294737967 -0.0220510340673874 -0.11563737274101532
v 0.005543963695636146 -0.022296988592619416 -0.11569791198949625
v 0.0024235743243268553 -0.022258349522180643 -0.11545828795467722
v 0.00245068657117431 -0.022472085112776874 -0.11521774076307606
v 0.005973714158553079 -0.022479819411850288 -0.11549715972166025
v 0.00245068657117431 -0.022472085112776874 -0.11521774076307606
v 0.0024771326764801154 -0.022620103003108127 -0.11497573635705022
v 0.0064260042381716915 -0.022640351417155813 -0.11523204587850161
v 0.0024771326764801154 -0.022620103003108127 -0.11497573635705022
v 0.0024973193401128806 -0.022709979182303774 -0.11478819820116998
v 0.0066538923562956005 -0.022707453852593984 -0.11507349179382226
v 0.0024973193401128806 -0.022709979182303774 -0.11478819820116998
v 0.0025200744872203034 -0.02278100884876344 -0.11457312555911864
v 0.006890518992595797 -0.0227608863197315 -0.11488134548342627
v 0.0025200744872203034 -0.02278100884876344 -0.11457312555911864
v 0.0025359102499963875 -0.0228175689090937 -0.11442187280535249
v 0.006890518992595797 -0.0227608863197315 -0.11488134548342627
v 0.0025359102499963875 -0.0228175689090937 -0.11442187280535249
v 0.002544378878328313 -0.022831597458954356 -0.11434032220333451
v 0.0070002621160944484 -0.02277862466285918 -0.1147783486523623
v 0.002544378878328313 -0.022831597458954356 -0.11434032220333451
v 0.0025542064926256662 -0.0228441745164365 -0.11424521416659056
v 0.0071794971061445185 -0.022796012053821757 -0.11458628626531014
v 0.0025542064926256662 -0.0228441745164365 -0.11424521416659056
v 0.0025738915235441755 -0.0228552161581963 -0.1140530220798252
v 0.007282386172005608 -0.02279447473075069 -0.11444804925923252
v 0.0025738915235441755 -0.0228552161581963 -0.1140530220798252
v 0.002594040755458244 -0.02284606660637012 -0.11385380332036282
v 0.0074109867754954 -0.022768675931917892 -0.11420766991431902
v 0.002594040755458244 -0.02284606660637012 -0.11385380332036282
v 0.0026078711794702563 -0.0228271762246135 -0.11371552053791584
v 0.0074109867754954 -0.022768675931917892 -0.11420766991431902
v 0.0026078711794702563 -0.0228271762246135 -0.11371552053791584
v 0.002616055851260985 -0.02281193078626731 -0.11363318410822382
v 0.007459594127199877 -0.022723405009967834 -0.11400482719228217
v 0.002616055851260985 -0.02281193078626731 -0.11363318410822382
v 0.002630472308168264 -0.022774684080396623 -0.1134869133493232
v 0.007198095663546457 -0.02248304473854157 -0.11342860951354611
v 0.007393369072174473 -0.022607794881795984 -0.11367549673230387
v 0.0026856595361313134 -0.022504174347699468 -0.11291138231612757
v 0.006633551912672011 -0.022161725143201583 -0.1129752784983617
v 0.006848074761453828 -0.022278454885074073 -0.11311807788258571
v 0.0027096768712564505 -0.02228635893818387 -0.11264871750872979
v 0.006318073095960277 -0.02199732503468499 -0.11280519639799808
v 0.006633551912672011 -0.022161725143201583 -0.1129752784983617
v 0.0027234891754555905 -0.022110585309229602 -0.1124915214563415
v 0.0057522518982783275 -0.021714167672602924 -0.11256440506576032
v 0.006318073095960277 -0.02199732503468499 -0.11280519639799808
v 0.0027387348522203707 -0.021851323211954377 -0.11231005629879659
v 0.005126726394019122 -0.021412936274017857 -0.11237717971507072
v 0.0057522518982783275 -0.021714167672602924 -0.11256440506576032
v 0.0027495209092512356 -0.0215298414919729 -0.11216486891397087
v 0.011031648206165092 -0.03295215381734051 -0.1107970404798619
v 0.010473465463283206 -0.03315478291632035 -0.11128835825222168
v 0.011165267520983348 -0.03284506763061357 -0.11137099222831455
v 0.010442279357981145 -0.032025819392238475 -0.11331430591924979
v 0.011180401379429218 -0.03129591136806775 -0.11331638874405575
v 0.011560464454427046 -0.031412391247257476 -0.11304204333307583
v 0.01160615308574753 -0.031709306315681474 -0.11280275499163211
v 0.010442279357981145 -0.032025819392238475 -0.11331430591924979
v 0.011560464454427046 -0.031412391247257476 -0.11304204333307583
v 0.01109032874331506 -0.03205872497241469 -0.1128636985980424
v 0.010442279357981145 -0.032025819392238475 -0.11331430591924979
v 0.01160615308574753 -0.031709306315681474 -0.11280275499163211
v 0.01034155417924676 -0.031226577334623196 -0.11374226919641289
v 0.010212616451870106 -0.030973779242171595 -0.11386312644092283
v 0.011886300651544059 -0.030108872890055594 -0.11335510029374601
v 0.011180401379429218 -0.03129591136806775 -0.11331638874405575
v 0.010452213783807009 -0.03145582729973562 -0.11361343923423911
v 0.01149793965592505 -0.030751689464166843 -0.11336856617573327
v 0.011502133915767822 -0.03206258544623086 -0.11254888687654668
v 0.01109032874331506 -0.03205872497241469 -0.1128636985980424
v 0.01160615308574753 -0.031709306315681474 -0.11280275499163211
v 0.01142758423723911 -0.03249859392030929 -0.11198625715011619
v 0.011253242073501759 -0.03236496125404997 -0.11238602981314733
v 0.0118844867629081 -0.03200044402482227 -0.11223274001094458
v 0.011805570209477147 -0.03244897996531604 -0.11144760661183635
v 0.01142758423723911 -0.03249859392030929 -0.11198625715011619
v 0.01201921043263721 -0.032202462772210616 -0.11169641643810731
v 0.01149793965592505 -0.030751689464166843 -0.11336856617573327
v 0.01034155417924676 -0.031226577334623196 -0.11374226919641289
v 0.011886300651544059 -0.030108872890055594 -0.11335510029374601
v 0.011532911848443074 -0.03270756304644573 -0.11087228920169774
v 0.011805570209477147 -0.03244897996531604 -0.11144760661183635
v 0.01187379321229032 -0.032492066972977796 -0.11085189582914708
v 0.011805570209477147 -0.03244897996531604 -0.11144760661183635
v 0.01201921043263721 -0.032202462772210616 -0.11169641643810731
v 0.012357986083493814 -0.03206895980566449 -0.11117839578361983
v 0.012185342413794657 -0.03226361618698048 -0.11077924110157507
v 0.011805570209477147 -0.03244897996531604 -0.11144760661183635
v 0.012357986083493814 -0.03206895980566449 -0.11117839578361983
v 0.011665345746029733 -0.03001585721486122 -0.11345943226891636
v 0.011886300651544059 -0.030108872890055594 -0.11335510029374601
v 0.011190025861087529 -0.03036607505070954 -0.113572637230348
v 0.012398986451652164 -0.03173998601989747 -0.11190968854296375
v 0.0118844867629081 -0.03200044402482227 -0.11223274001094458
v 0.012519253371732212 -0.03155401379731915 -0.11200285108400981
v 0.012357986083493814 -0.03206895980566449 -0.11117839578361983
v 0.01201921043263721 -0.032202462772210616 -0.11169641643810731
v 0.012485375997381424 -0.03186528547958423 -0.11147207408126021
v 0.012357986083493814 -0.03206895980566449 -0.11117839578361983
v 0.012485375997381424 -0.03186528547958423 -0.11147207408126021
v 0.012753661761467087 -0.03167336042164015 -0.11119492868235432
v 0.012753661761467087 -0.03167336042164015 -0.11119492868235432
v 0.012485375997381424 -0.03186528547958423 -0.11147207408126021
v 0.012799823415270976 -0.031460685316934134 -0.11161557536981444
v 0.012732560762540038 -0.031764136869433246 -0.11076362373022781
v 0.012357986083493814 -0.03206895980566449 -0.11117839578361983
v 0.012753661761467087 -0.03167336042164015 -0.11119492868235432
v 0.012032011603594354 -0.030856538330841232 -0.11303494036642986
v 0.01149793965592505 -0.030751689464166843 -0.11336856617573327
v 0.012170633894114106 -0.030232553010676178 -0.11318062366192366
v 0.012753661761467087 -0.03167336042164015 -0.11119492868235432
v 0.012799823415270976 -0.031460685316934134 -0.11161557536981444
v 0.013124997762380967 -0.03114756922845352 -0.11139162974150181
v 0.012732560762540038 -0.031764136869433246 -0.11076362373022781
v 0.012753661761467087 -0.03167336042164015 -0.11119492868235432
v 0.013131816534067146 -0.03127998119152986 -0.11084356452992324
v 0.012173484426781237 -0.031128076124500303 -0.11277937852567804
v 0.012032011603594354 -0.030856538330841232 -0.11303494036642986
v 0.012907505648473986 -0.03046516372423924 -0.11250044021897215
v 0.012783714901627444 -0.03094874910487433 -0.11229361495280082
v 0.012173484426781237 -0.031128076124500303 -0.11277937852567804
v 0.012907505648473986 -0.03046516372423924 -0.11250044021897215
v 0.013131816534067146 -0.03127998119152986 -0.11084356452992324
v 0.012753661761467087 -0.03167336042164015 -0.11119492868235432
v 0.013124997762380967 -0.03114756922845352 -0.11139162974150181
v 0.012519253371732212 -0.03155401379731915 -0.11200285108400981
v 0.012783714901627444 -0.03094874910487433 -0.11229361495280082
v 0.013015340469574869 -0.030993169349293748 -0.11188194806313052
v 0.013131816534067146 -0.03127998119152986 -0.11084356452992324
v 0.013124997762380967 -0.03114756922845352 -0.11139162974150181
v 0.013511477158484334 -0.030684861686944842 -0.11096791603729446
v 0.012907505648473986 -0.03046516372423924 -0.11250044021897215
v 0.012032011603594354 -0.030856538330841232 -0.11303494036642986
v 0.012796396863289376 -0.02999711942100247 -0.11283830034244152
v 0.013124997762380967 -0.03114756922845352 -0.11139162974150181
v 0.013015340469574869 -0.030993169349293748 -0.11188194806313052
v 0.013362269082549675 -0.03063481285644265 -0.11161123424411996
v 0.013362269082549675 -0.03063481285644265 -0.11161123424411996
v 0.013015340469574869 -0.030993169349293748 -0.11188194806313052
v 0.013171937614464006 -0.030613196873360282 -0.11201666791816217
v 0.013171937614464006 -0.030613196873360282 -0.11201666791816217
v 0.012783714901627444 -0.03094874910487433 -0.11229361495280082
v 0.012907505648473986 -0.03046516372423924 -0.11250044021897215
v 0.013511477158484334 -0.030684861686944842 -0.11096791603729446
v 0.013124997762380967 -0.03114756922845352 -0.11139162974150181
v 0.013362269082549675 -0.03063481285644265 -0.11161123424411996
v 0.013362269082549675 -0.03063481285644265 -0.11161123424411996
v 0.013171937614464006 -0.030613196873360282 -0.11201666791816217
v 0.013533913301517767 -0.03016832494976418 -0.11175564343066653
v 0.013533913301517767 -0.03016832494976418 -0.11175564343066653
v 0.013171937614464006 -0.030613196873360282 -0.11201666791816217
v 0.01331050554554514 -0.030037795539877843 -0.11224592360532076
v 0.012170633894114106 -0.030232553010676178 -0.11318062366192366
v 0.01231846200324738 -0.029465705363779238 -0.11328994526135444
v 0.012563735604985141 -0.029662087895689915 -0.11310928119027336
v 0.01331050554554514 -0.030037795539877843 -0.11224592360532076
v 0.012907505648473986 -0.03046516372423924 -0.11250044021897215
v 0.013209693582443841 -0.029711263160476786 -0.11254045639518923
v 0.01231846200324738 -0.029465705363779238 -0.11328994526135444
v 0.011886300651544059 -0.030108872890055594 -0.11335510029374601
v 0.011665345746029733 -0.03001585721486122 -0.11345943226891636
v 0.013533913301517767 -0.03016832494976418 -0.11175564343066653
v 0.01331050554554514 -0.030037795539877843 -0.11224592360532076
v 0.013660996132260909 -0.02978162525488326 -0.11180070263690829
v 0.013871765795592243 -0.02982553242249608 -0.11098739388245789
v 0.013606025388377966 -0.03037882949162296 -0.11123428873061054
v 0.013864552202720318 -0.029632127261942642 -0.11134042124297579
v 0.012796396863289376 -0.02999711942100247 -0.11283830034244152
v 0.012563735604985141 -0.029662087895689915 -0.11310928119027336
v 0.012972362180790346 -0.029330737553413533 -0.11289957964222713
v 0.013209693582443841 -0.029711263160476786 -0.11254045639518923
v 0.012796396863289376 -0.02999711942100247 -0.11283830034244152
v 0.012972362180790346 -0.029330737553413533 -0.11289957964222713
v 0.013606025388377966 -0.03037882949162296 -0.11123428873061054
v 0.013533913301517767 -0.03016832494976418 -0.11175564343066653
v 0.013864552202720318 -0.029632127261942642 -0.11134042124297579
v 0.013660996132260909 -0.02978162525488326 -0.11180070263690829
v 0.01331050554554514 -0.030037795539877843 -0.11224592360532076
v 0.013614245107701487 -0.02946219584212817 -0.11208096845832566
v 0.013864552202720318 -0.029632127261942642 -0.11134042124297579
v 0.013533913301517767 -0.03016832494976418 -0.11175564343066653
v 0.013660996132260909 -0.02978162525488326 -0.11180070263690829
v 0.013614245107701487 -0.02946219584212817 -0.11208096845832566
v 0.01331050554554514 -0.030037795539877843 -0.11224592360532076
v 0.013409073512873352 -0.02939839121263277 -0.11241261062495672
v 0.013209693582443841 -0.029711263160476786 -0.11254045639518923
v 0.012972362180790346 -0.029330737553413533 -0.11289957964222713
v 0.013340900101126988 -0.028964183275749233 -0.11262948380420296
v 0.014029440592510104 -0.029157382442640545 -0.11104272225422647
v 0.013864552202720318 -0.029632127261942642 -0.11134042124297579
v 0.01400978059554359 -0.028902192534889792 -0.11135346750824389
v 0.012733290323426742 -0.028833245693236087 -0.11317410052928961
v 0.01231846200324738 -0.029465705363779238 -0.11328994526135444
v 0.01249807798620495 -0.028656049182134158 -0.11332959522661662
v 0.0136907097643485 -0.028977090304560527 -0.11214299543881084
v 0.013409073512873352 -0.02939839121263277 -0.11241261062495672
v 0.013340900101126988 -0.028964183275749233 -0.11262948380420296
v 0.013340900101126988 -0.028964183275749233 -0.11262948380420296
v 0.012972362180790346 -0.029330737553413533 -0.11289957964222713
v 0.013045281076160545 -0.028655026843218412 -0.11296624529480764
v 0.01249807798620495 -0.028656049182134158 -0.11332959522661662
v 0.01212125454301383 -0.02890003532348362 -0.11346330800152232
v 0.012196699721768182 -0.028045873066726568 -0.11353496327836327
v 0.013901283924435685 -0.029092671822501526 -0.11162910228696084
v 0.013809973419000036 -0.028574378417146606 -0.11201138837689578
v 0.013960450835510122 -0.02843687383297877 -0.11167537456699068
v 0.01400978059554359 -0.028902192534889792 -0.11135346750824389
v 0.013901283924435685 -0.029092671822501526 -0.11162910228696084
v 0.013960450835510122 -0.02843687383297877 -0.11167537456699068
v 0.01410875101345244 -0.028472047250787114 -0.1110472388560035
v 0.01400978059554359 -0.028902192534889792 -0.11135346750824389
v 0.014060415935778229 -0.028320853624831388 -0.11133105234604641
v 0.013045281076160545 -0.028655026843218412 -0.11296624529480764
v 0.012972362180790346 -0.029330737553413533 -0.11289957964222713
v 0.012733290323426742 -0.028833245693236087 -0.11317410052928961
v 0.013340900101126988 -0.028964183275749233 -0.11262948380420296
v 0.013045281076160545 -0.028655026843218412 -0.11296624529480764
v 0.013431471508932317 -0.028255257994884708 -0.11263085709528381
v 0.0136907097643485 -0.028977090304560527 -0.11214299543881084
v 0.013340900101126988 -0.028964183275749233 -0.11262948380420296
v 0.013431471508932317 -0.028255257994884708 -0.11263085709528381
v 0.013809973419000036 -0.028574378417146606 -0.11201138837689578
v 0.013431471508932317 -0.028255257994884708 -0.11263085709528381
v 0.01360201328033828 -0.02786730517189251 -0.1124042564375482
v 0.012733290323426742 -0.028833245693236087 -0.11317410052928961
v 0.01249807798620495 -0.028656049182134158 -0.11332959522661662
v 0.012745348582056119 -0.027955233948041558 -0.11325919879993313
v 0.013960450835510122 -0.02843687383297877 -0.11167537456699068
v 0.013809973419000036 -0.028574378417146606 -0.11201138837689578
v 0.013817583740406428 -0.027725810414195307 -0.11200516279066258
v 0.014060415935778229 -0.028320853624831388 -0.11133105234604641
v 0.013960450835510122 -0.02843687383297877 -0.11167537456699068
v 0.014044488620263421 -0.02785207689968483 -0.11138581614259287
v 0.01410875101345244 -0.028472047250787114 -0.1110472388560035
v 0.014044488620263421 -0.02785207689968483 -0.11138581614259287
v 0.014171850877594542 -0.02766880548289885 -0.11018899296562963
v 0.013045281076160545 -0.028655026843218412 -0.11296624529480764
v 0.012733290323426742 -0.028833245693236087 -0.11317410052928961
v 0.012745348582056119 -0.027955233948041558 -0.11325919879993313
v 0.01410875101345244 -0.028472047250787114 -0.1110472388560035
v 0.014060415935778229 -0.028320853624831388 -0.11133105234604641
v 0.014044488620263421 -0.02785207689968483 -0.11138581614259287
v 0.013431471508932317 -0.028255257994884708 -0.11263085709528381
v 0.013045281076160545 -0.028655026843218412 -0.11296624529480764
v 0.013203943879717132 -0.02778168810239623 -0.1128839393826952
v 0.013203943879717132 -0.02778168810239623 -0.1128839393826952
v 0.013045281076160545 -0.028655026843218412 -0.11296624529480764
v 0.012745348582056119 -0.027955233948041558 -0.11325919879993313
v 0.012745348582056119 -0.027955233948041558 -0.11325919879993313
v 0.01249807798620495 -0.028656049182134158 -0.11332959522661662
v 0.012538707375036599 -0.027635180832253914 -0.11339858784463969
v 0.01360201328033828 -0.02786730517189251 -0.1124042564375482
v 0.013431471508932317 -0.028255257994884708 -0.11263085709528381
v 0.013203943879717132 -0.02778168810239623 -0.1128839393826952
v 0.012196699721768182 -0.028045873066726568 -0.11353496327836327
v 0.01212125454301383 -0.02890003532348362 -0.11346330800152232
v 0.011567836357243013 -0.02717797980650971 -0.11385573355727091
v 0.013980507561011105 -0.027370671618640596 -0.111378705546552
v 0.013754559216538901 -0.02702512106511845 -0.11186367566236029
v 0.013834718407663153 -0.02681738790095478 -0.11141851572910695
v 0.013349821724780723 -0.02701749548492227 -0.11259368668336206
v 0.013203943879717132 -0.02778168810239623 -0.1128839393826952
v 0.01310531392355541 -0.026983439773465845 -0.1128700462545939
v 0.013754559216538901 -0.02702512106511845 -0.11186367566236029
v 0.013595533063050506 -0.026986956924511807 -0.1121909309269275
v 0.013476536437220247 -0.02637473994597017 -0.1120258537096141
v 0.013754559216538901 -0.02702512106511845 -0.11186367566236029
v 0.013476536437220247 -0.02637473994597017 -0.1120258537096141
v 0.013655883484007817 -0.02638185435670848 -0.11153320079314795
v 0.013655883484007817 -0.02638185435670848 -0.11153320079314795
v 0.013476536437220247 -0.02637473994597017 -0.1120258537096141
v 0.013440581006435307 -0.025967339795394118 -0.11163593059539063
v 0.013476536437220247 -0.02637473994597017 -0.1120258537096141
v 0.013169598251254747 -0.02633854228189736 -0.11254569016008625
v 0.01316532197541687 -0.025994700712831387 -0.11230006942088083
v 0.011567836357243013 -0.02717797980650971 -0.11385573355727091
v 0.01212125454301383 -0.02890003532348362 -0.11346330800152232
v 0.011665345746029733 -0.03001585721486122 -0.11345943226891636
v 0.012750916132979743 -0.0270767796979432 -0.11322161640068712
v 0.012538707375036599 -0.027635180832253914 -0.11339858784463969
v 0.012119178393928402 -0.027035922380939104 -0.11361927572133274
v 0.01310531392355541 -0.026983439773465845 -0.1128700462545939
v 0.012750916132979743 -0.0270767796979432 -0.11322161640068712
v 0.012520059226567851 -0.02647093707883519 -0.11327692188427102
v 0.013440581006435307 -0.025967339795394118 -0.11163593059539063
v 0.013476536437220247 -0.02637473994597017 -0.1120258537096141
v 0.01316532197541687 -0.025994700712831387 -0.11230006942088083
v 0.012954422612372344 -0.026510743446692686 -0.11288181078151988
v 0.01310531392355541 -0.026983439773465845 -0.1128700462545939
v 0.012520059226567851 -0.02647093707883519 -0.11327692188427102
v 0.013440581006435307 -0.025967339795394118 -0.11163593059539063
v 0.01316532197541687 -0.025994700712831387 -0.11230006942088083
v 0.013028580330738396 -0.025538136741560802 -0.11204641492885242
v 0.01316532197541687 -0.025994700712831387 -0.11230006942088083
v 0.013169598251254747 -0.02633854228189736 -0.11254569016008625
v 0.012815055502176102 -0.025736083299424672 -0.11261334763400294
v 0.012750916132979743 -0.0270767796979432 -0.11322161640068712
v 0.0118267856493276 -0.026390816988359767 -0.11371502462724775
v 0.012520059226567851 -0.02647093707883519 -0.11327692188427102
v 0.013062267923891206 -0.025350470793316093 -0.11158621745826376
v 0.013028580330738396 -0.025538136741560802 -0.11204641492885242
v 0.01259674036729497 -0.02487387584575229 -0.11180640179489383
v 0.013028580330738396 -0.025538136741560802 -0.11204641492885242
v 0.01243611013353019 -0.02519287991974206 -0.11261079941610846
v 0.012629697445886715 -0.025148780109908175 -0.1122487541108263
v 0.01243611013353019 -0.02519287991974206 -0.11261079941610846
v 0.012815055502176102 -0.025736083299424672 -0.11261334763400294
v 0.012308918583909815 -0.025486731786116268 -0.11300769579726472
v 0.012119178393928402 -0.027035922380939104 -0.11361927572133274
v 0.011567836357243013 -0.02717797980650971 -0.11385573355727091
v 0.011440151757977636 -0.026611903500936007 -0.11392437522312887
v 0.01259674036729497 -0.02487387584575229 -0.11180640179489383
v 0.012629697445886715 -0.025148780109908175 -0.1122487541108263
v 0.012208558662455963 -0.02468289874012375 -0.11220988997323816
v 0.012308918583909815 -0.025486731786116268 -0.11300769579726472
v 0.012576562525150051 -0.02596820954641199 -0.1130365730569371
v 0.012071794129592809 -0.02587833718191379 -0.11342049183737929
v 0.01259674036729497 -0.02487387584575229 -0.11180640179489383
v 0.012208558662455963 -0.02468289874012375 -0.11220988997323816
v 0.012029697989592861 -0.024408953872375738 -0.11194341809778847
v 0.01243611013353019 -0.02519287991974206 -0.11261079941610846
v 0.012308918583909815 -0.025486731786116268 -0.11300769579726472
v 0.011809010112899811 -0.025152463200293074 -0.1132218758001135
v 0.012070100403926424 -0.024786744341369626 -0.11257965622615268
v 0.01243611013353019 -0.02519287991974206 -0.11261079941610846
v 0.011667872029413886 -0.02487406467327591 -0.11310632098505463
v 0.012070100403926424 -0.024786744341369626 -0.11257965622615268
v 0.011667872029413886 -0.02487406467327591 -0.11310632098505463
v 0.011581990792119414 -0.024546336386225276 -0.11281891405001682
v 0.012208558662455963 -0.02468289874012375 -0.11220988997323816
v 0.012070100403926424 -0.024786744341369626 -0.11257965622615268
v 0.011687213499143591 -0.02445773813067431 -0.11257582626991608
v 0.012071794129592809 -0.02587833718191379 -0.11342049183737929
v 0.0116590562636143 -0.025925929347260235 -0.1137070671683737
v 0.011458477564512128 -0.02540918470906872 -0.11361935964467657
v 0.011915503114173777 -0.02402037925369971 -0.11047366857729553
v 0.012029697989592861 -0.024408953872375738 -0.11194341809778847
v 0.011402230804333226 -0.023993979640019036 -0.11185487897004794
v 0.012029697989592861 -0.024408953872375738 -0.11194341809778847
v 0.011687213499143591 -0.02445773813067431 -0.11257582626991608
v 0.011351932111148268 -0.024156842425464564 -0.11241513595466651
v 0.011809010112899811 -0.025152463200293074 -0.1132218758001135
v 0.011458477564512128 -0.02540918470906872 -0.11361935964467657
v 0.010672739535858568 -0.024855508077545885 -0.11378708426201806
v 0.011440151757977636 -0.026611903500936007 -0.11392437522312887
v 0.010962721391672982 -0.026797221502902202 -0.11410922020261166
v 0.010540590786906058 -0.026331721602862457 -0.1142965218472502
v 0.010631739167700218 -0.02438373300020613 -0.11342062916648737
v 0.011581990792119414 -0.024546336386225276 -0.11281891405001682
v 0.011667872029413886 -0.02487406467327591 -0.11310632098505463
v 0.011402230804333226 -0.023993979640019036 -0.11185487897004794
v 0.011316807330732372 -0.02400824279377267 -0.1120915733172278
v 0.01103949694616191 -0.023826798617063716 -0.1118865180706718
v 0.011347990575011348 -0.02370377843910143 -0.11046117925785466
v 0.011402230804333226 -0.023993979640019036 -0.11185487897004794
v 0.01103949694616191 -0.023826798617063716 -0.1118865180706718
v 0.010386488454147138 -0.02396219748824091 -0.11308420336925801
v 0.011351932111148268 -0.024156842425464564 -0.11241513595466651
v 0.011687213499143591 -0.02445773813067431 -0.11257582626991608
v 0.011581990792119414 -0.024546336386225276 -0.11281891405001682
v 0.010386488454147138 -0.02396219748824091 -0.11308420336925801
v 0.011687213499143591 -0.02445773813067431 -0.11257582626991608
v 0.010672739535858568 -0.024855508077545885 -0.11378708426201806
v 0.011667872029413886 -0.02487406467327591 -0.11310632098505463
v 0.011809010112899811 -0.025152463200293074 -0.1132218758001135
v 0.010148787026841301 -0.025026799437000147 -0.11421843499051393
v 0.010672739535858568 -0.024855508077545885 -0.11378708426201806
v 0.011458477564512128 -0.02540918470906872 -0.11361935964467657
v 0.010952724023339246 -0.02608073358434937 -0.11409628837826696
v 0.0116590562636143 -0.025925929347260235 -0.1137070671683737
v 0.0118267856493276 -0.026390816988359767 -0.11371502462724775
v 0.011351932111148268 -0.024156842425464564 -0.11241513595466651
v 0.011316807330732372 -0.02400824279377267 -0.1120915733172278
v 0.012029697989592861 -0.024408953872375738 -0.11194341809778847
v 0.011440151757977636 -0.026611903500936007 -0.11392437522312887
v 0.010952724023339246 -0.02608073358434937 -0.11409628837826696
v 0.0118267856493276 -0.026390816988359767 -0.11371502462724775
v 0.011316807330732372 -0.02400824279377267 -0.1120915733172278
v 0.011402230804333226 -0.023993979640019036 -0.11185487897004794
v 0.012029697989592861 -0.024408953872375738 -0.11194341809778847
v 0.011581990792119414 -0.024546336386225276 -0.11281891405001682
v 0.011687213499143591 -0.02445773813067431 -0.11257582626991608
v 0.012070100403926424 -0.024786744341369626 -0.11257965622615268
v 0.011458477564512128 -0.02540918470906872 -0.11361935964467657
v 0.011809010112899811 -0.025152463200293074 -0.1132218758001135
v 0.012071794129592809 -0.02587833718191379 -0.11342049183737929
v 0.011567836357243013 -0.02717797980650971 -0.11385573355727091
v 0.010962721391672982 -0.026797221502902202 -0.11410922020261166
v 0.011440151757977636 -0.026611903500936007 -0.11392437522312887
v 0.011687213499143591 -0.02445773813067431 -0.11257582626991608
v 0.012029697989592861 -0.024408953872375738 -0.11194341809778847
v 0.012208558662455963 -0.02468289874012375 -0.11220988997323816
v 0.011809010112899811 -0.025152463200293074 -0.1132218758001135
v 0.011667872029413886 -0.02487406467327591 -0.11310632098505463
v 0.01243611013353019 -0.02519287991974206 -0.11261079941610846
v 0.012071794129592809 -0.02587833718191379 -0.11342049183737929
v 0.011809010112899811 -0.025152463200293074 -0.1132218758001135
v 0.012308918583909815 -0.025486731786116268 -0.11300769579726472
v 0.01243611013353019 -0.02519287991974206 -0.11261079941610846
v 0.012070100403926424 -0.024786744341369626 -0.11257965622615268
v 0.012208558662455963 -0.02468289874012375 -0.11220988997323816
v 0.01243611013353019 -0.02519287991974206 -0.11261079941610846
v 0.012208558662455963 -0.02468289874012375 -0.11220988997323816
v 0.012629697445886715 -0.025148780109908175 -0.1122487541108263
v 0.0116590562636143 -0.025925929347260235 -0.1137070671683737
v 0.012071794129592809 -0.02587833718191379 -0.11342049183737929
v 0.012520059226567851 -0.02647093707883519 -0.11327692188427102
v 0.011440151757977636 -0.026611903500936007 -0.11392437522312887
v 0.0118267856493276 -0.026390816988359767 -0.11371502462724775
v 0.012119178393928402 -0.027035922380939104 -0.11361927572133274
v 0.0118267856493276 -0.026390816988359767 -0.11371502462724775
v 0.0116590562636143 -0.025925929347260235 -0.1137070671683737
v 0.012520059226567851 -0.02647093707883519 -0.11327692188427102
v 0.012576562525150051 -0.02596820954641199 -0.1130365730569371
v 0.012308918583909815 -0.025486731786116268 -0.11300769579726472
v 0.012815055502176102 -0.025736083299424672 -0.11261334763400294
v 0.012071794129592809 -0.02587833718191379 -0.11342049183737929
v 0.012576562525150051 -0.02596820954641199 -0.1130365730569371
v 0.012520059226567851 -0.02647093707883519 -0.11327692188427102
v 0.012629697445886715 -0.025148780109908175 -0.1122487541108263
v 0.01259674036729497 -0.02487387584575229 -0.11180640179489383
v 0.013028580330738396 -0.025538136741560802 -0.11204641492885242
v 0.012815055502176102 -0.025736083299424672 -0.11261334763400294
v 0.01243611013353019 -0.02519287991974206 -0.11261079941610846
v 0.013028580330738396 -0.025538136741560802 -0.11204641492885242
v 0.012576562525150051 -0.02596820954641199 -0.1130365730569371
v 0.012815055502176102 -0.025736083299424672 -0.11261334763400294
v 0.013169598251254747 -0.02633854228189736 -0.11254569016008625
v 0.012815055502176102 -0.025736083299424672 -0.11261334763400294
v 0.013028580330738396 -0.025538136741560802 -0.11204641492885242
v 0.01316532197541687 -0.025994700712831387 -0.11230006942088083
v 0.012119178393928402 -0.027035922380939104 -0.11361927572133274
v 0.0118267856493276 -0.026390816988359767 -0.11371502462724775
v 0.012750916132979743 -0.0270767796979432 -0.11322161640068712
v 0.013028580330738396 -0.025538136741560802 -0.11204641492885242
v 0.013062267923891206 -0.025350470793316093 -0.11158621745826376
v 0.013440581006435307 -0.025967339795394118 -0.11163593059539063
v 0.012520059226567851 -0.02647093707883519 -0.11327692188427102
v 0.012576562525150051 -0.02596820954641199 -0.1130365730569371
v 0.012954422612372344 -0.026510743446692686 -0.11288181078151988
v 0.012954422612372344 -0.026510743446692686 -0.11288181078151988
v 0.012576562525150051 -0.02596820954641199 -0.1130365730569371
v 0.013169598251254747 -0.02633854228189736 -0.11254569016008625
v 0.011567836357243013 -0.02717797980650971 -0.11385573355727091
v 0.012119178393928402 -0.027035922380939104 -0.11361927572133274
v 0.012196699721768182 -0.028045873066726568 -0.11353496327836327
v 0.012954422612372344 -0.026510743446692686 -0.11288181078151988
v 0.013169598251254747 -0.02633854228189736 -0.11254569016008625
v 0.013349821724780723 -0.02701749548492227 -0.11259368668336206
v 0.012196699721768182 -0.028045873066726568 -0.11353496327836327
v 0.012119178393928402 -0.027035922380939104 -0.11361927572133274
v 0.012538707375036599 -0.027635180832253914 -0.11339858784463969
v 0.013169598251254747 -0.02633854228189736 -0.11254569016008625
v 0.013476536437220247 -0.02637473994597017 -0.1120258537096141
v 0.013595533063050506 -0.026986956924511807 -0.1121909309269275
v 0.012954422612372344 -0.026510743446692686 -0.11288181078151988
v 0.013349821724780723 -0.02701749548492227 -0.11259368668336206
v 0.01310531392355541 -0.026983439773465845 -0.1128700462545939
v 0.013349821724780723 -0.02701749548492227 -0.11259368668336206
v 0.013169598251254747 -0.02633854228189736 -0.11254569016008625
v 0.013595533063050506 -0.026986956924511807 -0.1121909309269275
v 0.012750916132979743 -0.0270767796979432 -0.11322161640068712
v 0.01310531392355541 -0.026983439773465845 -0.1128700462545939
v 0.013203943879717132 -0.02778168810239623 -0.1128839393826952
v 0.012538707375036599 -0.027635180832253914 -0.11339858784463969
v 0.012750916132979743 -0.0270767796979432 -0.11322161640068712
v 0.012745348582056119 -0.027955233948041558 -0.11325919879993313
v 0.013655883484007817 -0.02638185435670848 -0.11153320079314795
v 0.013834718407663153 -0.02681738790095478 -0.11141851572910695
v 0.013754559216538901 -0.02702512106511845 -0.11186367566236029
v 0.013595533063050506 -0.026986956924511807 -0.1121909309269275
v 0.013754559216538901 -0.02702512106511845 -0.11186367566236029
v 0.013817583740406428 -0.027725810414195307 -0.11200516279066258
v 0.013349821724780723 -0.02701749548492227 -0.11259368668336206
v 0.013595533063050506 -0.026986956924511807 -0.1121909309269275
v 0.01360201328033828 -0.02786730517189251 -0.1124042564375482
v 0.013203943879717132 -0.02778168810239623 -0.1128839393826952
v 0.013349821724780723 -0.02701749548492227 -0.11259368668336206
v 0.01360201328033828 -0.02786730517189251 -0.1124042564375482
v 0.012745348582056119 -0.027955233948041558 -0.11325919879993313
v 0.012750916132979743 -0.0270767796979432 -0.11322161640068712
v 0.013203943879717132 -0.02778168810239623 -0.1128839393826952
v 0.01360201328033828 -0.02786730517189251 -0.1124042564375482
v 0.013595533063050506 -0.026986956924511807 -0.1121909309269275
v 0.013817583740406428 -0.027725810414195307 -0.11200516279066258
v 0.013754559216538901 -0.02702512106511845 -0.11186367566236029
v 0.013980507561011105 -0.027370671618640596 -0.111378705546552
v 0.013817583740406428 -0.027725810414195307 -0.11200516279066258
v 0.013817583740406428 -0.027725810414195307 -0.11200516279066258
v 0.013980507561011105 -0.027370671618640596 -0.111378705546552
v 0.014044488620263421 -0.02785207689968483 -0.11138581614259287
v 0.012196699721768182 -0.028045873066726568 -0.11353496327836327
v 0.012538707375036599 -0.027635180832253914 -0.11339858784463969
v 0.01249807798620495 -0.028656049182134158 -0.11332959522661662
v 0.013817583740406428 -0.027725810414195307 -0.11200516279066258
v 0.014044488620263421 -0.02785207689968483 -0.11138581614259287
v 0.013960450835510122 -0.02843687383297877 -0.11167537456699068
v 0.01360201328033828 -0.02786730517189251 -0.1124042564375482
v 0.013817583740406428 -0.027725810414195307 -0.11200516279066258
v 0.013809973419000036 -0.028574378417146606 -0.11201138837689578
v 0.013431471508932317 -0.028255257994884708 -0.11263085709528381
v 0.013809973419000036 -0.028574378417146606 -0.11201138837689578
v 0.0136907097643485 -0.028977090304560527 -0.11214299543881084
v 0.013960450835510122 -0.02843687383297877 -0.11167537456699068
v 0.014060415935778229 -0.028320853624831388 -0.11133105234604641
v 0.01400978059554359 -0.028902192534889792 -0.11135346750824389
v 0.01400978059554359 -0.028902192534889792 -0.11135346750824389
v 0.01410875101345244 -0.028472047250787114 -0.1110472388560035
v 0.014029440592510104 -0.029157382442640545 -0.11104272225422647
v 0.013809973419000036 -0.028574378417146606 -0.11201138837689578
v 0.013901283924435685 -0.029092671822501526 -0.11162910228696084
v 0.0136907097643485 -0.028977090304560527 -0.11214299543881084
v 0.01212125454301383 -0.02890003532348362 -0.11346330800152232
v 0.01249807798620495 -0.028656049182134158 -0.11332959522661662
v 0.01231846200324738 -0.029465705363779238 -0.11328994526135444
v 0.013901283924435685 -0.029092671822501526 -0.11162910228696084
v 0.01400978059554359 -0.028902192534889792 -0.11135346750824389
v 0.013864552202720318 -0.029632127261942642 -0.11134042124297579
v 0.013614245107701487 -0.02946219584212817 -0.11208096845832566
v 0.0136907097643485 -0.028977090304560527 -0.11214299543881084
v 0.013901283924435685 -0.029092671822501526 -0.11162910228696084
v 0.013901283924435685 -0.029092671822501526 -0.11162910228696084
v 0.013864552202720318 -0.029632127261942642 -0.11134042124297579
v 0.013660996132260909 -0.02978162525488326 -0.11180070263690829
v 0.013614245107701487 -0.02946219584212817 -0.11208096845832566
v 0.013901283924435685 -0.029092671822501526 -0.11162910228696084
v 0.013660996132260909 -0.02978162525488326 -0.11180070263690829
v 0.013340900101126988 -0.028964183275749233 -0.11262948380420296
v 0.013409073512873352 -0.02939839121263277 -0.11241261062495672
v 0.013209693582443841 -0.029711263160476786 -0.11254045639518923
v 0.014029440592510104 -0.029157382442640545 -0.11104272225422647
v 0.013871765795592243 -0.02982553242249608 -0.11098739388245789
v 0.013864552202720318 -0.029632127261942642 -0.11134042124297579
v 0.0136907097643485 -0.028977090304560527 -0.11214299543881084
v 0.013614245107701487 -0.02946219584212817 -0.11208096845832566
v 0.013409073512873352 -0.02939839121263277 -0.11241261062495672
v 0.012733290323426742 -0.028833245693236087 -0.11317410052928961
v 0.012972362180790346 -0.029330737553413533 -0.11289957964222713
v 0.012563735604985141 -0.029662087895689915 -0.11310928119027336
v 0.013209693582443841 -0.029711263160476786 -0.11254045639518923
v 0.013409073512873352 -0.02939839121263277 -0.11241261062495672
v 0.01331050554554514 -0.030037795539877843 -0.11224592360532076
v 0.01231846200324738 -0.029465705363779238 -0.11328994526135444
v 0.012733290323426742 -0.028833245693236087 -0.11317410052928961
v 0.012563735604985141 -0.029662087895689915 -0.11310928119027336
v 0.011665345746029733 -0.03001585721486122 -0.11345943226891636
v 0.01212125454301383 -0.02890003532348362 -0.11346330800152232
v 0.01231846200324738 -0.029465705363779238 -0.11328994526135444
v 0.013871765795592243 -0.02982553242249608 -0.11098739388245789
v 0.013511477158484334 -0.030684861686944842 -0.11096791603729446
v 0.013606025388377966 -0.03037882949162296 -0.11123428873061054
v 0.012796396863289376 -0.02999711942100247 -0.11283830034244152
v 0.013209693582443841 -0.029711263160476786 -0.11254045639518923
v 0.012907505648473986 -0.03046516372423924 -0.11250044021897215
v 0.013533913301517767 -0.03016832494976418 -0.11175564343066653
v 0.013606025388377966 -0.03037882949162296 -0.11123428873061054
v 0.013362269082549675 -0.03063481285644265 -0.11161123424411996
v 0.012907505648473986 -0.03046516372423924 -0.11250044021897215
v 0.01331050554554514 -0.030037795539877843 -0.11224592360532076
v 0.013171937614464006 -0.030613196873360282 -0.11201666791816217
v 0.011886300651544059 -0.030108872890055594 -0.11335510029374601
v 0.01231846200324738 -0.029465705363779238 -0.11328994526135444
v 0.012170633894114106 -0.030232553010676178 -0.11318062366192366
v 0.013362269082549675 -0.03063481285644265 -0.11161123424411996
v 0.013606025388377966 -0.03037882949162296 -0.11123428873061054
v 0.013511477158484334 -0.030684861686944842 -0.11096791603729446
v 0.012170633894114106 -0.030232553010676178 -0.11318062366192366
v 0.012563735604985141 -0.029662087895689915 -0.11310928119027336
v 0.012796396863289376 -0.02999711942100247 -0.11283830034244152
v 0.012783714901627444 -0.03094874910487433 -0.11229361495280082
v 0.013171937614464006 -0.030613196873360282 -0.11201666791816217
v 0.013015340469574869 -0.030993169349293748 -0.11188194806313052
v 0.012170633894114106 -0.030232553010676178 -0.11318062366192366
v 0.012796396863289376 -0.02999711942100247 -0.11283830034244152
v 0.012032011603594354 -0.030856538330841232 -0.11303494036642986
v 0.013015340469574869 -0.030993169349293748 -0.11188194806313052
v 0.013124997762380967 -0.03114756922845352 -0.11139162974150181
v 0.012799823415270976 -0.031460685316934134 -0.11161557536981444
v 0.013015340469574869 -0.030993169349293748 -0.11188194806313052
v 0.012799823415270976 -0.031460685316934134 -0.11161557536981444
v 0.012519253371732212 -0.03155401379731915 -0.11200285108400981
v 0.012173484426781237 -0.031128076124500303 -0.11277937852567804
v 0.012783714901627444 -0.03094874910487433 -0.11229361495280082
v 0.012242935762172284 -0.0314538131394837 -0.11246586380131424
v 0.012519253371732212 -0.03155401379731915 -0.11200285108400981
v 0.012799823415270976 -0.031460685316934134 -0.11161557536981444
v 0.012398986451652164 -0.03173998601989747 -0.11190968854296375
v 0.011886300651544059 -0.030108872890055594 -0.11335510029374601
v 0.012170633894114106 -0.030232553010676178 -0.11318062366192366
v 0.01149793965592505 -0.030751689464166843 -0.11336856617573327
v 0.012398986451652164 -0.03173998601989747 -0.11190968854296375
v 0.012799823415270976 -0.031460685316934134 -0.11161557536981444
v 0.012485375997381424 -0.03186528547958423 -0.11147207408126021
v 0.012242935762172284 -0.0314538131394837 -0.11246586380131424
v 0.012783714901627444 -0.03094874910487433 -0.11229361495280082
v 0.012519253371732212 -0.03155401379731915 -0.11200285108400981
v 0.012032011603594354 -0.030856538330841232 -0.11303494036642986
v 0.012173484426781237 -0.031128076124500303 -0.11277937852567804
v 0.011560464454427046 -0.031412391247257476 -0.11304204333307583
v 0.012357986083493814 -0.03206895980566449 -0.11117839578361983
v 0.012732560762540038 -0.031764136869433246 -0.11076362373022781
v 0.012185342413794657 -0.03226361618698048 -0.11077924110157507
v 0.012398986451652164 -0.03173998601989747 -0.11190968854296375
v 0.012485375997381424 -0.03186528547958423 -0.11147207408126021
v 0.01201921043263721 -0.032202462772210616 -0.11169641643810731
v 0.012242935762172284 -0.0314538131394837 -0.11246586380131424
v 0.012519253371732212 -0.03155401379731915 -0.11200285108400981
v 0.0118844867629081 -0.03200044402482227 -0.11223274001094458
v 0.012173484426781237 -0.031128076124500303 -0.11277937852567804
v 0.012242935762172284 -0.0314538131394837 -0.11246586380131424
v 0.01160615308574753 -0.031709306315681474 -0.11280275499163211
v 0.011805570209477147 -0.03244897996531604 -0.11144760661183635
v 0.012185342413794657 -0.03226361618698048 -0.11077924110157507
v 0.01187379321229032 -0.032492066972977796 -0.11085189582914708
v 0.0118844867629081 -0.03200044402482227 -0.11223274001094458
v 0.012398986451652164 -0.03173998601989747 -0.11190968854296375
v 0.01201921043263721 -0.032202462772210616 -0.11169641643810731
v 0.012242935762172284 -0.0314538131394837 -0.11246586380131424
v 0.0118844867629081 -0.03200044402482227 -0.11223274001094458
v 0.011502133915767822 -0.03206258544623086 -0.11254888687654668
v 0.011560464454427046 -0.031412391247257476 -0.11304204333307583
v 0.012173484426781237 -0.031128076124500303 -0.11277937852567804
v 0.01160615308574753 -0.031709306315681474 -0.11280275499163211
v 0.01160615308574753 -0.031709306315681474 -0.11280275499163211
v 0.012242935762172284 -0.0314538131394837 -0.11246586380131424
v 0.011502133915767822 -0.03206258544623086 -0.11254888687654668
v 0.01149793965592505 -0.030751689464166843 -0.11336856617573327
v 0.012032011603594354 -0.030856538330841232 -0.11303494036642986
v 0.011180401379429218 -0.03129591136806775 -0.11331638874405575
v 0.0118844867629081 -0.03200044402482227 -0.11223274001094458
v 0.01201921043263721 -0.032202462772210616 -0.11169641643810731
v 0.01142758423723911 -0.03249859392030929 -0.11198625715011619
v 0.011180401379429218 -0.03129591136806775 -0.11331638874405575
v 0.012032011603594354 -0.030856538330841232 -0.11303494036642986
v 0.011560464454427046 -0.031412391247257476 -0.11304204333307583
v 0.011502133915767822 -0.03206258544623086 -0.11254888687654668
v 0.0118844867629081 -0.03200044402482227 -0.11223274001094458
v 0.011253242073501759 -0.03236496125404997 -0.11238602981314733
v 0.011805570209477147 -0.03244897996531604 -0.11144760661183635
v 0.011532911848443074 -0.03270756304644573 -0.11087228920169774
v 0.011165267520983348 -0.03284506763061357 -0.11137099222831455
v 0.01142758423723911 -0.03249859392030929 -0.11198625715011619
v 0.011805570209477147 -0.03244897996531604 -0.11144760661183635
v 0.011165267520983348 -0.03284506763061357 -0.11137099222831455
v 0.011190025861087529 -0.03036607505070954 -0.113572637230348
v 0.011886300651544059 -0.030108872890055594 -0.11335510029374601
v 0.010212616451870106 -0.030973779242171595 -0.11386312644092283
v 0.011165267520983348 -0.03284506763061357 -0.11137099222831455
v 0.011532911848443074 -0.03270756304644573 -0.11087228920169774
v 0.011031648206165092 -0.03295215381734051 -0.1107970404798619
v 0.010518150829175179 -0.03067743637836462 -0.11377969137836613
v 0.010581773306867494 -0.026821940742357553 -0.11424503106111311
v 0.011190025861087529 -0.03036607505070954 -0.113572637230348
v 0.010962721391672982 -0.026797221502902202 -0.11410922020261166
v 0.011567836357243013 -0.02717797980650971 -0.11385573355727091
v 0.011190025861087529 -0.03036607505070954 -0.113572637230348
v 0.011190025861087529 -0.03036607505070954 -0.113572637230348
v 0.011567836357243013 -0.02717797980650971 -0.11385573355727091
v 0.011665345746029733 -0.03001585721486122 -0.11345943226891636
v 0.010962721391672982 -0.026797221502902202 -0.11410922020261166
v 0.011190025861087529 -0.03036607505070954 -0.113572637230348
v 0.010581773306867494 -0.026821940742357553 -0.11424503106111311
v 0.010518150829175179 -0.03067743637836462 -0.11377969137836613
v 0.010093103888210166 -0.02657182247486234 -0.11446923608885212
v 0.010581773306867494 -0.026821940742357553 -0.11424503106111311
v 0.010518150829175179 -0.03067743637836462 -0.11377969137836613
v 0.010212616451870106 -0.030973779242171595 -0.11386312644092283
v 0.010093103888210166 -0.02657182247486234 -0.11446923608885212
v 0.010212616451870106 -0.030973779242171595 -0.11386312644092283
v 0.009763573156615914 -0.02643266421935131 -0.11462450190433232
v 0.010093103888210166 -0.02657182247486234 -0.11446923608885212
v 0.009434527845271769 -0.026307515440213702 -0.11478467342072912
v 0.009839352121396862 -0.031015691323019734 -0.11401477592322345
v 0.009581762768952064 -0.03114371638403224 -0.11411214989025081
v 0.009839352121396862 -0.031015691323019734 -0.11401477592322345
v 0.009434527845271769 -0.026307515440213702 -0.11478467342072912
v 0.009763573156615914 -0.02643266421935131 -0.11462450190433232
v 0.009256513081567498 -0.03132005077351119 -0.11423867577516672
v 0.009107918218247415 -0.026178944877466304 -0.1149511010409387
v 0.009434527845271769 -0.026307515440213702 -0.11478467342072912
v 0.009434527845271769 -0.026307515440213702 -0.11478467342072912
v 0.009581762768952064 -0.03114371638403224 -0.11411214989025081
v 0.009256513081567498 -0.03132005077351119 -0.11423867577516672
v 0.009256513081567498 -0.03132005077351119 -0.11423867577516672
v 0.008784825742269022 -0.026053399369794228 -0.11512212155687424
v 0.009107918218247415 -0.026178944877466304 -0.1149511010409387
v 0.008472828313814686 -0.025923884669428743 -0.11529530119156467
v 0.008938343472644219 -0.031567775318358526 -0.11436150140355922
v 0.008679127151738355 -0.03163850171637117 -0.11448277063539342
v 0.008938343472644219 -0.031567775318358526 -0.11436150140355922
v 0.008472828313814686 -0.025923884669428743 -0.11529530119156467
v 0.008784825742269022 -0.026053399369794228 -0.11512212155687424
v 0.008346361556709205 -0.031853873812172084 -0.11462954493435701
v 0.008147552877222354 -0.025808560643565404 -0.11548109984540916
v 0.008472828313814686 -0.025923884669428743 -0.11529530119156467
v 0.008679127151738355 -0.03163850171637117 -0.11448277063539342
v 0.008346361556709205 -0.031853873812172084 -0.11462954493435701
v 0.008472828313814686 -0.025923884669428743 -0.11529530119156467
v 0.008346361556709205 -0.031853873812172084 -0.11462954493435701
v 0.007798865211887386 -0.025700072555526754 -0.1156858880631439
v 0.008147552877222354 -0.025808560643565404 -0.11548109984540916
v 0.00806180420066416 -0.032018949122136764 -0.11476519557556569
v 0.007797902477619247 -0.032289468391577536 -0.11488156673587818
v 0.007798865211887386 -0.025700072555526754 -0.1156858880631439
v 0.007510813116143879 -0.02547107817514327 -0.11587951447614925
v 0.007798865211887386 -0.025700072555526754 -0.1156858880631439
v 0.007797902477619247 -0.032289468391577536 -0.11488156673587818
v 0.007455714579896468 -0.03243189393545176 -0.1150656564052665
v 0.0072245558355490975 -0.025466326969473263 -0.11605074098574691
v 0.007510813116143879 -0.02547107817514327 -0.11587951447614925
v 0.007797902477619247 -0.032289468391577536 -0.11488156673587818
v 0.007455714579896468 -0.03243189393545176 -0.1150656564052665
v 0.007510813116143879 -0.02547107817514327 -0.11587951447614925
v 0.007455714579896468 -0.03243189393545176 -0.1150656564052665
v 0.006915907234615883 -0.02535159422171418 -0.11625634554873526
v 0.0072245558355490975 -0.025466326969473263 -0.11605074098574691
v 0.007126210074347163 -0.032726747159905756 -0.1152337319747731
v 0.006651572066573576 -0.025279765376139407 -0.11643459873102996
v 0.006915907234615883 -0.02535159422171418 -0.11625634554873526
v 0.006863480893929965 -0.03285988010079954 -0.11538644957235883
v 0.006414073295069602 -0.025171683553378843 -0.11660547428846252
v 0.006651572066573576 -0.025279765376139407 -0.11643459873102996
v 0.006154084497930758 -0.02508250927851341 -0.11679430944147468
v 0.006414073295069602 -0.025171683553378843 -0.11660547428846252
v 0.006615159825769381 -0.03304610218606063 -0.11552918792142369
v 0.006615159825769381 -0.03304610218606063 -0.11552918792142369
v 0.0063617723625622475 -0.033245847373770676 -0.11567918945442729
v 0.006154084497930758 -0.02508250927851341 -0.11679430944147468
v 0.005935653014777499 -0.024930880777048747 -0.11696687109517873
v 0.006154084497930758 -0.02508250927851341 -0.11679430944147468
v 0.0063617723625622475 -0.033245847373770676 -0.11567918945442729
v 0.006151513391851606 -0.033417943634386216 -0.11580779816414916
v 0.0058440120611755195 -0.024972220653279864 -0.1170280741010154
v 0.005935653014777499 -0.024930880777048747 -0.11696687109517873
v 0.0063617723625622475 -0.033245847373770676 -0.11567918945442729
v 0.006151513391851606 -0.033417943634386216 -0.11580779816414916
v 0.005935653014777499 -0.024930880777048747 -0.11696687109517873
v 0.005996648119603321 -0.033547769232593616 -0.11590500428448886
v 0.005796868122779076 -0.03371846168454873 -0.11603295686624987
v 0.005604043749911914 -0.02488959621393061 -0.1172147043589033
v 0.005604043749911914 -0.02488959621393061 -0.1172147043589033
v 0.0058440120611755195 -0.024972220653279864 -0.1170280741010154
v 0.005996648119603321 -0.033547769232593616 -0.11590500428448886
v 0.00552880456481969 -0.02486276744678717 -0.11727435096818167
v 0.005604043749911914 -0.02488959621393061 -0.1172147043589033
v 0.005796868122779076 -0.03371846168454873 -0.11603295686624987
v 0.005796868122779076 -0.03371846168454873 -0.11603295686624987
v 0.005700384887605548 -0.033802610095527985 -0.1160961206265742
v 0.00552880456481969 -0.02486276744678717 -0.11727435096818167
v 0.005503196977696413 -0.03397788399911672 -0.11622786501759735
v 0.0052917821536593865 -0.02477980922141132 -0.11746531472236915
v 0.00552880456481969 -0.02486276744678717 -0.11727435096818167
v 0.005260403406136261 -0.03419974680262339 -0.11639500217153204
v 0.005089444402197053 -0.024617221094181962 -0.11764449106144598
v 0.0052917821536593865 -0.02477980922141132 -0.11746531472236915
v 0.004862569563082454 -0.02456655046799594 -0.11783428751821473
v 0.005089444402197053 -0.024617221094181962 -0.11764449106144598
v 0.005260403406136261 -0.03419974680262339 -0.11639500217153204
v 0.005260403406136261 -0.03419974680262339 -0.11639500217153204
v 0.0050227191449689354 -0.03454605266624 -0.1165499551818216
v 0.004862569563082454 -0.02456655046799594 -0.11783428751821473
v 0.004698230012887828 -0.02448302766739796 -0.11798069560622343
v 0.004862569563082454 -0.02456655046799594 -0.11783428751821473
v 0.0050227191449689354 -0.03454605266624 -0.1165499551818216
v 0.0050227191449689354 -0.03454605266624 -0.1165499551818216
v 0.0048164117239760116 -0.034623704647467335 -0.11671565800951628
v 0.004698230012887828 -0.02448302766739796 -0.11798069560622343
v 0.004749121414688585 -0.034690072753646994 -0.11676601964520911
v 0.004603337029712441 -0.024300240717187727 -0.11808191478827718
v 0.004698230012887828 -0.02448302766739796 -0.11798069560622343
v 0.004406365127046231 -0.02429471131323857 -0.11825214184714378
v 0.004603337029712441 -0.024300240717187727 -0.11808191478827718
v 0.004749121414688585 -0.034690072753646994 -0.11676601964520911
v 0.004749121414688585 -0.034690072753646994 -0.11676601964520911
v 0.004552337385871631 -0.03489360975061917 -0.11691524297993355
v 0.004406365127046231 -0.02429471131323857 -0.11825214184714378
v 0.004552337385871631 -0.03489360975061917 -0.11691524297993355
v 0.0041953627671706415 -0.024029168316617167 -0.11846940412552959
v 0.004406365127046231 -0.02429471131323857 -0.11825214184714378
v 0.0041953627671706415 -0.024029168316617167 -0.11846940412552959
v 0.004552337385871631 -0.03489360975061917 -0.11691524297993355
v 0.004383966654150085 -0.03506033110253215 -0.11704788001015926
v 0.004248537265393316 -0.03520210433314297 -0.11715623267643854
v 0.004051967813307745 -0.023867562473980364 -0.11861754408617914
v 0.0041953627671706415 -0.024029168316617167 -0.11846940412552959
v 0.004248537265393316 -0.03520210433314297 -0.11715623267643854
v 0.003912985987553631 -0.0239572421962575 -0.11873580733642525
v 0.004051967813307745 -0.023867562473980364 -0.11861754408617914
v 0.003912985987553631 -0.0239572421962575 -0.11873580733642525
v 0.004248537265393316 -0.03520210433314297 -0.11715623267643854
v 0.004170241077134652 -0.035285199887626906 -0.1172198542004565
v 0.003981292436873452 -0.03548924423935951 -0.11737645516004308
v 0.0037696005704343514 -0.023789616761049626 -0.11888942520260842
v 0.003912985987553631 -0.0239572421962575 -0.11873580733642525
v 0.003981292436873452 -0.03548924423935951 -0.11737645516004308
v 0.003597704343016179 -0.023680176905997996 -0.11906714432726057
v 0.0037696005704343514 -0.023789616761049626 -0.11888942520260842
v 0.003754484116545582 -0.03574137285240919 -0.11757005105546886
v 0.00343910710457196 -0.023533990070441213 -0.11923911851755781
v 0.003597704343016179 -0.023680176905997996 -0.11906714432726057
v 0.0035284773595187233 -0.03599887637416144 -0.11777008616018486
v 0.0033176478531211926 -0.023438899199835772 -0.1193711680843767
v 0.00343910710457196 -0.023533990070441213 -0.11923911851755781
v 0.0035284773595187233 -0.03599887637416144 -0.11777008616018486
v 0.003186400088021902 -0.023264557989772783 -0.11952431292807647
v 0.0033176478531211926 -0.023438899199835772 -0.1193711680843767
v 0.003186400088021902 -0.023264557989772783 -0.11952431292807647
v 0.0035284773595187233 -0.03599887637416144 -0.11777008616018486
v 0.0033149010325408965 -0.036249948316018354 -0.11796543681643618
v 0.0033149010325408965 -0.036249948316018354 -0.11796543681643618
v 0.0029919945230630356 -0.023053202770383363 -0.11974952503594144
v 0.003186400088021902 -0.023264557989772783 -0.11952431292807647
v 0.0031282443101894606 -0.036475194756160345 -0.11814155376816066
v 0.002854409353411636 -0.022846762788654162 -0.11991946980719698
v 0.0029919945230630356 -0.023053202770383363 -0.11974952503594144
v 0.0029919945230630356 -0.023053202770383363 -0.11974952503594144
v 0.0033149010325408965 -0.036249948316018354 -0.11796543681643618
v 0.0031282443101894606 -0.036475194756160345 -0.11814155376816066
v 0.002645515805968363 -0.022467652434343677 -0.12018845175356668
v 0.002854409353411636 -0.022846762788654162 -0.11991946980719698
v 0.0030696145561992525 -0.03654711324712512 -0.11819796551400413
v 0.0030696145561992525 -0.03654711324712512 -0.11819796551400413
v 0.002700383553020242 -0.03735143075969338 -0.11849026289116876
v 0.002841562882922311 -0.036627000641056284 -0.11844456281575594
v 0.002841562882922311 -0.036627000641056284 -0.11844456281575594
v 0.0024182420925519814 -0.02217003736893819 -0.12047614097621556
v 0.002645515805968363 -0.022467652434343677 -0.12018845175356668
v 0.0030696145561992525 -0.03654711324712512 -0.11819796551400413
v 0.003247938787233896 -0.03654285223007703 -0.11799739635164558
v 0.002700383553020242 -0.03735143075969338 -0.11849026289116876
v 0.002841562882922311 -0.036627000641056284 -0.11844456281575594
v 0.002645515805968363 -0.022467652434343677 -0.12018845175356668
v 0.0030696145561992525 -0.03654711324712512 -0.11819796551400413
v 0.0022297309504042133 -0.021714922982697393 -0.12074427605975208
v 0.002841562882922311 -0.036627000641056284 -0.11844456281575594
v 0.0026988598198088303 -0.0364599855574399 -0.11862676039521064
v 0.0022297309504042133 -0.021714922982697393 -0.12074427605975208
v 0.0026988598198088303 -0.0364599855574399 -0.11862676039521064
v 0.0025892206468156047 -0.036308713730186515 -0.11877116195236231
v 0.0022297309504042133 -0.021714922982697393 -0.12074427605975208
v 0.0024182420925519814 -0.02217003736893819 -0.12047614097621556
v 0.002841562882922311 -0.036627000641056284 -0.11844456281575594
v 0.0025892206468156047 -0.036308713730186515 -0.11877116195236231
v 0.0021403549734112797 -0.02149429995586094 -0.1208736553383582
v 0.0022297309504042133 -0.021714922982697393 -0.12074427605975208
v 0.002379057520378314 -0.03604095248699979 -0.11905182450231416
v 0.0021187115721910126 -0.021433707301615756 -0.12090592004936335
v 0.0021403549734112797 -0.02149429995586094 -0.1208736553383582
v 0.0021403549734112797 -0.02149429995586094 -0.1208736553383582
v 0.0025892206468156047 -0.036308713730186515 -0.11877116195236231
v 0.0024789804205559156 -0.036170892526130594 -0.1189171046472825
v 0.0021403549734112797 -0.02149429995586094 -0.1208736553383582
v 0.0024789804205559156 -0.036170892526130594 -0.1189171046472825
v 0.002379057520378314 -0.03604095248699979 -0.11905182450231416
v 0.0019686599712834267 -0.02089307693536102 -0.12114392665246493
v 0.0021187115721910126 -0.021433707301615756 -0.12090592004936335
v 0.002379057520378314 -0.03604095248699979 -0.11905182450231416
v 0.002379057520378314 -0.03604095248699979 -0.11905182450231416
v 0.001800390448253517 -0.019375172581648226 -0.12151105313474625
v 0.0019686599712834267 -0.02089307693536102 -0.12114392665246493
v 0.001800390448253517 -0.019375172581648226 -0.12151105313474625
v 0.002379057520378314 -0.03604095248699979 -0.11905182450231416
v 0.002263522970899629 -0.03586878756183021 -0.11921198075992118
v 0.001800390448253517 -0.019375172581648226 -0.12151105313474625
v 0.002263522970899629 -0.03586878756183021 -0.11921198075992118
v 0.002139719587867795 -0.03571076753479341 -0.11938368792139714
v 0.001800390448253517 -0.019375172581648226 -0.12151105313474625
v 0.002139719587867795 -0.03571076753479341 -0.11938368792139714
v 0.001723781786777887 -0.01939017387935782 -0.12160565763142722
v 0.001723781786777887 -0.01939017387935782 -0.12160565763142722
v 0.002139719587867795 -0.03571076753479341 -0.11938368792139714
v 0.0020275419721423053 -0.03554905106593065 -0.11954385943779394
v 0.0020275419721423053 -0.03554905106593065 -0.11954385943779394
v 0.0019320823871867708 -0.03540381790473557 -0.1196827754600171
v 0.001723781786777887 -0.01939017387935782 -0.12160565763142722
v 0.0015127076629065793 -0.019432373969863193 -0.12187268645270416
v 0.0018246183069940002 -0.035236333613333226 -0.11984176442020539
v 0.0017152689317974372 -0.03507594084448451 -0.12000517842943198
v 0.0015127076629065793 -0.019432373969863193 -0.12187268645270416
v 0.0019320823871867708 -0.03540381790473557 -0.1196827754600171
v 0.0018246183069940002 -0.035236333613333226 -0.11984176442020539
v 0.0013062979603383625 -0.01947494027132346 -0.12214327820139642
v 0.001609219389101663 -0.034902929056481735 -0.1201677226876407
v 0.0014997423407499268 -0.03473323605525769 -0.12033731650673113
v 0.0013062979603383625 -0.01947494027132346 -0.12214327820139642
v 0.0017152689317974372 -0.03507594084448451 -0.12000517842943198
v 0.001609219389101663 -0.034902929056481735 -0.1201677226876407
v -0.0003752821862133133 -0.021530409881892476 -0.12466615124603114
v -0.0004233847461572114 -0.02239389525920954 -0.12468753643991798
v -0.0004227849743906714 -0.02203096875881716 -0.12471679516933504
v -0.00018952640301161087 -0.031259095723008556 -0.12347035040798365
v -0.00018992189474964163 -0.031258086735533874 -0.12347122015900153
v -0.0004233847461572114 -0.02239389525920954 -0.12468753643991798
v -0.0004233847461572114 -0.02239389525920954 -0.12468753643991798
v -0.0003752821862133133 -0.021530409881892476 -0.12466615124603114
v -0.00018952640301161087 -0.031259095723008556 -0.12347035040798365
v -0.0003752821862133133 -0.021530409881892476 -0.12466615124603114
v -0.000307190313624875 -0.02117193704076925 -0.12456558819193825
v -0.00018952640301161087 -0.031259095723008556 -0.12347035040798365
v -3.2993809955831836e-05 -0.03164560086831969 -0.12313161290410152
v -0.0001391511476568023 -0.03138617283170553 -0.12335975469960564
v -0.000307190313624875 -0.02117193704076925 -0.12456558819193825
v -0.0001391511476568023 -0.03138617283170553 -0.12335975469960564
v -0.00018952640301161087 -0.031259095723008556 -0.12347035040798365
v -0.000307190313624875 -0.02117193704076925 -0.12456558819193825
v -0.000307190313624875 -0.02117193704076925 -0.12456558819193825
v -0.0002416492219307551 -0.020923560182658507 -0.12446259899026918
v -3.2993809955831836e-05 -0.03164560086831969 -0.12313161290410152
v -0.0002416492219307551 -0.020923560182658507 -0.12446259899026918
v -0.00015191914862755336 -0.020657855061395614 -0.1243192884365873
v -3.2993809955831836e-05 -0.03164560086831969 -0.12313161290410152
v 0.00013695456738088525 -0.03198333892147076 -0.12278211795341937
v -3.2993809955831836e-05 -0.03164560086831969 -0.12313161290410152
v -0.00015191914862755336 -0.020657855061395614 -0.1243192884365873
v -0.00015191914862755336 -0.020657855061395614 -0.1243192884365873
v -6.414860791673778e-05 -0.02045985128307004 -0.12417786234344413
v 0.00013695456738088525 -0.03198333892147076 -0.12278211795341937
v -6.414860791673778e-05 -0.02045985128307004 -0.12417786234344413
v 1.1855913889269888e-05 -0.02031209279216517 -0.12405595224243887
v 0.00013695456738088525 -0.03198333892147076 -0.12278211795341937
v 0.00037682985069073885 -0.032483270280665444 -0.12230759247922046
v 0.00022343208957001202 -0.03220886001982892 -0.1226049023688302
v 1.1855913889269888e-05 -0.02031209279216517 -0.12405595224243887
v 0.00022343208957001202 -0.03220886001982892 -0.1226049023688302
v 0.00013695456738088525 -0.03198333892147076 -0.12278211795341937
v 1.1855913889269888e-05 -0.02031209279216517 -0.12405595224243887
v 1.1855913889269888e-05 -0.02031209279216517 -0.12405595224243887
v 0.00013530268417711984 -0.020120734216791947 -0.12385962502364117
v 0.00037682985069073885 -0.032483270280665444 -0.12230759247922046
v 0.00013530268417711984 -0.020120734216791947 -0.12385962502364117
v 0.0005284465206328513 -0.032909200324089394 -0.12200866515789327
v 0.00037682985069073885 -0.032483270280665444 -0.12230759247922046
v 0.00021769813737143254 -0.020011616703674573 -0.1237297040579976
v 0.00026739583689457466 -0.0199546022356345 -0.12365209022374474
v 0.0005284465206328513 -0.032909200324089394 -0.12200866515789327
v 0.00026739583689457466 -0.0199546022356345 -0.12365209022374474
v 0.00035088207004124744 -0.01986905192334354 -0.12352274909211308
v 0.0005284465206328513 -0.032909200324089394 -0.12200866515789327
v 0.0005284465206328513 -0.032909200324089394 -0.12200866515789327
v 0.00013530268417711984 -0.020120734216791947 -0.12385962502364117
v 0.00021769813737143254 -0.020011616703674573 -0.1237297040579976
v 0.0006382144992695544 -0.033126306199879885 -0.12180494505544365
v 0.0005284465206328513 -0.032909200324089394 -0.12200866515789327
v 0.00035088207004124744 -0.01986905192334354 -0.12352274909211308
v 0.0007432537431883991 -0.033355970059665285 -0.12161184507068595
v 0.00035088207004124744 -0.01986905192334354 -0.12352274909211308
v 0.00044283180552015186 -0.019789036737047905 -0.12338176550387375
v 0.00035088207004124744 -0.01986905192334354 -0.12352274909211308
v 0.0007432537431883991 -0.033355970059665285 -0.12161184507068595
v 0.0006382144992695544 -0.033126306199879885 -0.12180494505544365
v 0.00044283180552015186 -0.019789036737047905 -0.12338176550387375
v 0.0005435207744311153 -0.01971618173785994 -0.12322938359966334
v 0.0007432537431883991 -0.033355970059665285 -0.12161184507068595
v 0.0008514959620556722 -0.03355132834531149 -0.12141986660697762
v 0.0007432537431883991 -0.033355970059665285 -0.12161184507068595
v 0.0005435207744311153 -0.01971618173785994 -0.12322938359966334
v 0.0005435207744311153 -0.01971618173785994 -0.12322938359966334
v 0.000701189491674921 -0.019631289460878554 -0.12299498570034645
v 0.0009960624452672736 -0.03384245461035995 -0.12116652492013985
v 0.0005435207744311153 -0.01971618173785994 -0.12322938359966334
v 0.0009960624452672736 -0.03384245461035995 -0.12116652492013985
v 0.0008514959620556722 -0.03355132834531149 -0.12141986660697762
v 0.000701189491674921 -0.019631289460878554 -0.12299498570034645
v 0.001142238313568897 -0.03410976571924795 -0.12091841699819911
v 0.0009960624452672736 -0.03384245461035995 -0.12116652492013985
v 0.000701189491674921 -0.019631289460878554 -0.12299498570034645
v 0.0009065526558404635 -0.01956095406935421 -0.12269630251965585
v 0.001142238313568897 -0.03410976571924795 -0.12091841699819911
v 0.0009065526558404635 -0.01956095406935421 -0.12269630251965585
v 0.0013070396805731773 -0.0344078499924394 -0.12064508629674003
v 0.001142238313568897 -0.03410976571924795 -0.12091841699819911
v 0.0011046135950230909 -0.01951786133964628 -0.12241735658355507
v 0.0014056847763153915 -0.03462632915931074 -0.12048154258780025
v 0.0013070396805731773 -0.0344078499924394 -0.12064508629674003
v 0.0011046135950230909 -0.01951786133964628 -0.12241735658355507
v 0.0014997423407499268 -0.03473323605525769 -0.12033731650673113
v 0.0014056847763153915 -0.03462632915931074 -0.12048154258780025
v 0.0013070396805731773 -0.0344078499924394 -0.12064508629674003
v 0.0009065526558404635 -0.01956095406935421 -0.12269630251965585
v 0.0011046135950230909 -0.01951786133964628 -0.12241735658355507
v 0.0014997423407499268 -0.03473323605525769 -0.12033731650673113
v 0.0011046135950230909 -0.01951786133964628 -0.12241735658355507
v 0.0013062979603383625 -0.01947494027132346 -0.12214327820139642
v 0.0017152689317974372 -0.03507594084448451 -0.12000517842943198
v 0.0013062979603383625 -0.01947494027132346 -0.12214327820139642
v 0.0015127076629065793 -0.019432373969863193 -0.12187268645270416
v 0.0019320823871867708 -0.03540381790473557 -0.1196827754600171
v 0.0015127076629065793 -0.019432373969863193 -0.12187268645270416
v 0.001723781786777887 -0.01939017387935782 -0.12160565763142722
v 0.0031282443101894606 -0.036475194756160345 -0.11814155376816066
v 0.0030696145561992525 -0.03654711324712512 -0.11819796551400413
v 0.002854409353411636 -0.022846762788654162 -0.11991946980719698
v 0.003754484116545582 -0.03574137285240919 -0.11757005105546886
v 0.0035284773595187233 -0.03599887637416144 -0.11777008616018486
v 0.00343910710457196 -0.023533990070441213 -0.11923911851755781
v 0.003981292436873452 -0.03548924423935951 -0.11737645516004308
v 0.003754484116545582 -0.03574137285240919 -0.11757005105546886
v 0.003597704343016179 -0.023680176905997996 -0.11906714432726057
v 0.004170241077134652 -0.035285199887626906 -0.1172198542004565
v 0.003981292436873452 -0.03548924423935951 -0.11737645516004308
v 0.003912985987553631 -0.0239572421962575 -0.11873580733642525
v 0.004383966654150085 -0.03506033110253215 -0.11704788001015926
v 0.004248537265393316 -0.03520210433314297 -0.11715623267643854
v 0.0041953627671706415 -0.024029168316617167 -0.11846940412552959
v 0.0048164117239760116 -0.034623704647467335 -0.11671565800951628
v 0.004749121414688585 -0.034690072753646994 -0.11676601964520911
v 0.004698230012887828 -0.02448302766739796 -0.11798069560622343
v 0.005503196977696413 -0.03397788399911672 -0.11622786501759735
v 0.005260403406136261 -0.03419974680262339 -0.11639500217153204
v 0.0052917821536593865 -0.02477980922141132 -0.11746531472236915
v 0.005700384887605548 -0.033802610095527985 -0.1160961206265742
v 0.005503196977696413 -0.03397788399911672 -0.11622786501759735
v 0.00552880456481969 -0.02486276744678717 -0.11727435096818167
v 0.006151513391851606 -0.033417943634386216 -0.11580779816414916
v 0.005996648119603321 -0.033547769232593616 -0.11590500428448886
v 0.0058440120611755195 -0.024972220653279864 -0.1170280741010154
v 0.006863480893929965 -0.03285988010079954 -0.11538644957235883
v 0.006615159825769381 -0.03304610218606063 -0.11552918792142369
v 0.006414073295069602 -0.025171683553378843 -0.11660547428846252
v 0.007126210074347163 -0.032726747159905756 -0.1152337319747731
v 0.006863480893929965 -0.03285988010079954 -0.11538644957235883
v 0.006651572066573576 -0.025279765376139407 -0.11643459873102996
v 0.007455714579896468 -0.03243189393545176 -0.1150656564052665
v 0.007126210074347163 -0.032726747159905756 -0.1152337319747731
v 0.006915907234615883 -0.02535159422171418 -0.11625634554873526
v 0.008346361556709205 -0.031853873812172084 -0.11462954493435701
v 0.00806180420066416 -0.032018949122136764 -0.11476519557556569
v 0.007798865211887386 -0.025700072555526754 -0.1156858880631439
v 0.009256513081567498 -0.03132005077351119 -0.11423867577516672
v 0.008938343472644219 -0.031567775318358526 -0.11436150140355922
v 0.008784825742269022 -0.026053399369794228 -0.11512212155687424
v 0.010212616451870106 -0.030973779242171595 -0.11386312644092283
v 0.009839352121396862 -0.031015691323019734 -0.11401477592322345
v 0.009763573156615914 -0.02643266421935131 -0.11462450190433232
v 0.002700383553020242 -0.03735143075969338 -0.11849026289116876
v 0.003247938787233896 -0.03654285223007703 -0.11799739635164558
v 0.0034736694555330414 -0.03674420340541218 -0.11765828500741365
v 0.0034736694555330414 -0.03674420340541218 -0.11765828500741365
v 0.0026699329690696443 -0.03776361263351902 -0.11837875165540351
v 0.002700383553020242 -0.03735143075969338 -0.11849026289116876
v 0.003051247264830027 -0.03766252315117846 -0.11781943308635684
v 0.0034736694555330414 -0.03674420340541218 -0.11765828500741365
v 0.0035702828672569418 -0.037047628255029164 -0.11734078773891538
v 0.003051247264830027 -0.03766252315117846 -0.11781943308635684
v 0.0035702828672569418 -0.037047628255029164 -0.11734078773891538
v 0.0035834333214490597 -0.03728106485058946 -0.11712050422015169
v 0.0035834333214490597 -0.03728106485058946 -0.11712050422015169
v 0.002955594680025542 -0.03811798658223564 -0.11756620584044247
v 0.003051247264830027 -0.03766252315117846 -0.11781943308635684
v 0.0035834333214490597 -0.03728106485058946 -0.11712050422015169
v 0.0037252988200543744 -0.0373798388115798 -0.11665479069705492
v 0.002955594680025542 -0.03811798658223564 -0.11756620584044247
v 0.0033964871589288468 -0.03787638653413916 -0.11664279728828214
v 0.0024225281435520667 -0.03890457338107112 -0.11772044168761203
v 0.002955594680025542 -0.03811798658223564 -0.11756620584044247
v 0.002619413500269952 -0.03885519975201701 -0.11680930883183555
v 0.0023425589720443844 -0.03914232821414121 -0.11731464180261492
v 0.00330892340164174 -0.03807993116050623 -0.11625234011641611
v 0.003247938787233896 -0.03654285223007703 -0.11799739635164558
v 0.0031282443101894606 -0.036475194756160345 -0.11814155376816066
v 0.0033149010325408965 -0.036249948316018354 -0.11796543681643618
v 0.0035702828672569418 -0.037047628255029164 -0.11734078773891538
v 0.0034736694555330414 -0.03674420340541218 -0.11765828500741365
v 0.003960655400523373 -0.036323175248207384 -0.1171717203480726
v 0.003247938787233896 -0.03654285223007703 -0.11799739635164558
v 0.0033149010325408965 -0.036249948316018354 -0.11796543681643618
v 0.0035284773595187233 -0.03599887637416144 -0.11777008616018486
v 0.0035284773595187233 -0.03599887637416144 -0.11777008616018486
v 0.003749081789705123 -0.03622365360651747 -0.11748566994794535
v 0.003247938787233896 -0.03654285223007703 -0.11799739635164558
v 0.0034736694555330414 -0.03674420340541218 -0.11765828500741365
v 0.003247938787233896 -0.03654285223007703 -0.11799739635164558
v 0.003749081789705123 -0.03622365360651747 -0.11748566994794535
v 0.003960655400523373 -0.036323175248207384 -0.1171717203480726
v 0.0034736694555330414 -0.03674420340541218 -0.11765828500741365
v 0.003749081789705123 -0.03622365360651747 -0.11748566994794535
v 0.003678041871246069 -0.03769862163311766 -0.11586684205123093
v 0.003535224367209184 -0.03785824001838467 -0.11554759002190712
v 0.0033027772087991522 -0.03810106076966413 -0.11580736328864022
v 0.0033027772087991522 -0.03810106076966413 -0.11580736328864022
v 0.00330892340164174 -0.03807993116050623 -0.11625234011641611
v 0.003678041871246069 -0.03769862163311766 -0.11586684205123093
v 0.0035834333214490597 -0.03728106485058946 -0.11712050422015169
v 0.0035702828672569418 -0.037047628255029164 -0.11734078773891538
v 0.004163288314200654 -0.03673771460505515 -0.11654788761580542
v 0.0037252988200543744 -0.0373798388115798 -0.11665479069705492
v 0.0035834333214490597 -0.03728106485058946 -0.11712050422015169
v 0.004163288314200654 -0.03673771460505515 -0.11654788761580542
v 0.00330892340164174 -0.03807993116050623 -0.11625234011641611
v 0.0033964871589288468 -0.03787638653413916 -0.11664279728828214
v 0.0043412410890714135 -0.03695198616064266 -0.11569608856411667
v 0.00405363340558046 -0.037348962650445294 -0.11515084622864874
v 0.003768193423913658 -0.03762234675766862 -0.11530086302044212
v 0.003535224367209184 -0.03785824001838467 -0.11554759002190712
v 0.003535224367209184 -0.03785824001838467 -0.11554759002190712
v 0.003678041871246069 -0.03769862163311766 -0.11586684205123093
v 0.00405363340558046 -0.037348962650445294 -0.11515084622864874
v 0.0041534320896724495 -0.035641038680163106 -0.1171759088858692
v 0.003749081789705123 -0.03622365360651747 -0.11748566994794535
v 0.003754484116545582 -0.03574137285240919 -0.11757005105546886
v 0.003749081789705123 -0.03622365360651747 -0.11748566994794535
v 0.0041534320896724495 -0.035641038680163106 -0.1171759088858692
v 0.003960655400523373 -0.036323175248207384 -0.1171717203480726
v 0.004580591896185816 -0.03510002302946624 -0.11685710699084412
v 0.0041534320896724495 -0.035641038680163106 -0.1171759088858692
v 0.003981292436873452 -0.03548924423935951 -0.11737645516004308
v 0.00405363340558046 -0.037348962650445294 -0.11515084622864874
v 0.003678041871246069 -0.03769862163311766 -0.11586684205123093
v 0.004530116296406762 -0.036888421857086406 -0.11504371426555243
v 0.004580591896185816 -0.03510002302946624 -0.11685710699084412
v 0.004170241077134652 -0.035285199887626906 -0.1172198542004565
v 0.004248537265393316 -0.03520210433314297 -0.11715623267643854
v 0.003960655400523373 -0.036323175248207384 -0.1171717203480726
v 0.0041534320896724495 -0.035641038680163106 -0.1171759088858692
v 0.004787992704834433 -0.035413362277747495 -0.11654692631204883
v 0.004573042133101391 -0.0366226747741516 -0.1157742211972223
v 0.004163288314200654 -0.03673771460505515 -0.11654788761580542
v 0.0047097060533193855 -0.036245565228651966 -0.11606635072769927
v 0.004580591896185816 -0.03510002302946624 -0.11685710699084412
v 0.004383966654150085 -0.03506033110253215 -0.11704788001015926
v 0.004552337385871631 -0.03489360975061917 -0.11691524297993355
v 0.004530116296406762 -0.036888421857086406 -0.11504371426555243
v 0.0043412410890714135 -0.03695198616064266 -0.11569608856411667
v 0.00516030717564342 -0.0362751558367469 -0.11486352321695475
v 0.004580591896185816 -0.03510002302946624 -0.11685710699084412
v 0.004552337385871631 -0.03489360975061917 -0.11691524297993355
v 0.004749121414688585 -0.034690072753646994 -0.11676601964520911
v 0.0047097060533193855 -0.036245565228651966 -0.11606635072769927
v 0.004992608307509695 -0.03558628251301155 -0.1161904657238288
v 0.005294287933044762 -0.035613363050186475 -0.1157301690711065
v 0.0047097060533193855 -0.036245565228651966 -0.11606635072769927
v 0.005294287933044762 -0.035613363050186475 -0.1157301690711065
v 0.005322860493758575 -0.035847757134805924 -0.11538665556602096
v 0.004573042133101391 -0.0366226747741516 -0.1157742211972223
v 0.0047097060533193855 -0.036245565228651966 -0.11606635072769927
v 0.005322860493758575 -0.035847757134805924 -0.11538665556602096
v 0.004552702166314982 -0.036876809918058306 -0.11452574701682922
v 0.004530116296406762 -0.036888421857086406 -0.11504371426555243
v 0.00478281234570166 -0.03667434866576613 -0.1143622414548639
v 0.004580591896185816 -0.03510002302946624 -0.11685710699084412
v 0.0048164117239760116 -0.034623704647467335 -0.11671565800951628
v 0.0050227191449689354 -0.03454605266624 -0.1165499551818216
v 0.004992608307509695 -0.03558628251301155 -0.1161904657238288
v 0.004787992704834433 -0.035413362277747495 -0.11654692631204883
v 0.005271828901826648 -0.03487584470460936 -0.116228894985908
v 0.005182876833087492 -0.03633202534628399 -0.11429499596827147
v 0.0050363175876924635 -0.03645216542767393 -0.11408521812627631
v 0.00478281234570166 -0.03667434866576613 -0.1143622414548639
v 0.0050227191449689354 -0.03454605266624 -0.1165499551818216
v 0.005260403406136261 -0.03419974680262339 -0.11639500217153204
v 0.005622661380801087 -0.03421783609791618 -0.1160894296472525
v 0.005271828901826648 -0.03487584470460936 -0.116228894985908
v 0.0050227191449689354 -0.03454605266624 -0.1165499551818216
v 0.005622661380801087 -0.03421783609791618 -0.1160894296472525
v 0.005322860493758575 -0.035847757134805924 -0.11538665556602096
v 0.005294287933044762 -0.035613363050186475 -0.1157301690711065
v 0.005844188490932435 -0.035287488706094994 -0.11519712613807348
v 0.005182876833087492 -0.03633202534628399 -0.11429499596827147
v 0.00516030717564342 -0.0362751558367469 -0.11486352321695475
v 0.005936947627723511 -0.035659894729642705 -0.11420432060996072
v 0.0050363175876924635 -0.03645216542767393 -0.11408521812627631
v 0.005182876833087492 -0.03633202534628399 -0.11429499596827147
v 0.0053248946811720885 -0.03621170597411405 -0.11385708396016708
v 0.005294287933044762 -0.035613363050186475 -0.1157301690711065
v 0.006119196228756564 -0.03468403027289124 -0.11536534666608306
v 0.005844188490932435 -0.035287488706094994 -0.11519712613807348
v 0.005424182672643386 -0.03592975024172773 -0.11500893185423239
v 0.005322860493758575 -0.035847757134805924 -0.11538665556602096
v 0.006081774523640506 -0.03535153747622699 -0.11465174647349746
v 0.0053248946811720885 -0.03621170597411405 -0.11385708396016708
v 0.005182876833087492 -0.03633202534628399 -0.11429499596827147
v 0.006050240327196423 -0.035641698622821405 -0.11370859304735242
v 0.005182876833087492 -0.03633202534628399 -0.11429499596827147
v 0.005936947627723511 -0.035659894729642705 -0.11420432060996072
v 0.006050240327196423 -0.035641698622821405 -0.11370859304735242
v 0.006245274840396832 -0.033771283800094754 -0.11566459442199578
v 0.005622661380801087 -0.03421783609791618 -0.1160894296472525
v 0.005796868122779076 -0.03371846168454873 -0.11603295686624987
v 0.005622661380801087 -0.03421783609791618 -0.1160894296472525
v 0.005700384887605548 -0.033802610095527985 -0.1160961206265742
v 0.005796868122779076 -0.03371846168454873 -0.11603295686624987
v 0.006310614408777395 -0.03420879526496723 -0.11543984770721932
v 0.005622661380801087 -0.03421783609791618 -0.1160894296472525
v 0.006245274840396832 -0.033771283800094754 -0.11566459442199578
v 0.005844188490932435 -0.035287488706094994 -0.11519712613807348
v 0.006119196228756564 -0.03468403027289124 -0.11536534666608306
v 0.006601726845547608 -0.03446626445444245 -0.11494811794753529
v 0.006081774523640506 -0.03535153747622699 -0.11465174647349746
v 0.005844188490932435 -0.035287488706094994 -0.11519712613807348
v 0.006401916807980969 -0.03491708158400941 -0.11475449916392483
v 0.006081774523640506 -0.03535153747622699 -0.11465174647349746
v 0.006401916807980969 -0.03491708158400941 -0.11475449916392483
v 0.007179158551746114 -0.03445217677677137 -0.11414964836615299
v 0.006245274840396832 -0.033771283800094754 -0.11566459442199578
v 0.006151513391851606 -0.033417943634386216 -0.11580779816414916
v 0.0063617723625622475 -0.033245847373770676 -0.11567918945442729
v 0.006310614408777395 -0.03420879526496723 -0.11543984770721932
v 0.006245274840396832 -0.033771283800094754 -0.11566459442199578
v 0.007140189033141011 -0.03310578312761603 -0.11514452908967682
v 0.006401916807980969 -0.03491708158400941 -0.11475449916392483
v 0.006601726845547608 -0.03446626445444245 -0.11494811794753529
v 0.007018101548704471 -0.034379937851221065 -0.1144857842463764
v 0.006481599161924369 -0.0352111680542766 -0.11401299827421324
v 0.006081774523640506 -0.03535153747622699 -0.11465174647349746
v 0.007109192709036928 -0.03467727825841038 -0.11387342612402923
v 0.005944062515298999 -0.03572036531356959 -0.11332620014588896
v 0.006050240327196423 -0.035641698622821405 -0.11370859304735242
v 0.006449773141125605 -0.03535408950881891 -0.11301344836101451
v 0.0063617723625622475 -0.033245847373770676 -0.11567918945442729
v 0.006615159825769381 -0.03304610218606063 -0.11552918792142369
v 0.007140189033141011 -0.03310578312761603 -0.11514452908967682
v 0.006310614408777395 -0.03420879526496723 -0.11543984770721932
v 0.007140189033141011 -0.03310578312761603 -0.11514452908967682
v 0.007371561400545403 -0.033321588191577156 -0.11488679287138032
v 0.006601726845547608 -0.03446626445444245 -0.11494811794753529
v 0.006310614408777395 -0.03420879526496723 -0.11543984770721932
v 0.007385239475078133 -0.033832166371345895 -0.11456589289275948
v 0.006050240327196423 -0.035641698622821405 -0.11370859304735242
v 0.006481599161924369 -0.0352111680542766 -0.11401299827421324
v 0.007186214311511176 -0.0347718865697888 -0.1134088722689563
v 0.007126210074347163 -0.032726747159905756 -0.1152337319747731
v 0.007140189033141011 -0.03310578312761603 -0.11514452908967682
v 0.006615159825769381 -0.03304610218606063 -0.11552918792142369
v 0.007018101548704471 -0.034379937851221065 -0.1144857842463764
v 0.006601726845547608 -0.03446626445444245 -0.11494811794753529
v 0.007385239475078133 -0.033832166371345895 -0.11456589289275948
v 0.007186214311511176 -0.0347718865697888 -0.1134088722689563
v 0.007109192709036928 -0.03467727825841038 -0.11387342612402923
v 0.007771366488504851 -0.034281247813574556 -0.11343465962369675
v 0.007018101548704471 -0.034379937851221065 -0.1144857842463764
v 0.007385239475078133 -0.033832166371345895 -0.11456589289275948
v 0.007859789267973262 -0.033766183549608364 -0.11409113853671377
v 0.007179158551746114 -0.03445217677677137 -0.11414964836615299
v 0.007018101548704471 -0.034379937851221065 -0.1144857842463764
v 0.007859789267973262 -0.033766183549608364 -0.11409113853671377
v 0.006701215585472044 -0.035177163841235704 -0.11283176958041258
v 0.007044132090407164 -0.03494070219060008 -0.11306653369068437
v 0.007214961394633181 -0.03483077023957781 -0.11243427810645462
v 0.007371561400545403 -0.033321588191577156 -0.11488679287138032
v 0.007140189033141011 -0.03310578312761603 -0.11514452908967682
v 0.00811745682171572 -0.032555047627824685 -0.11461827631809912
v 0.007853273764734105 -0.03346747366603564 -0.1143633248289388
v 0.007371561400545403 -0.033321588191577156 -0.11488679287138032
v 0.008057519341757026 -0.0330485359630317 -0.1144550148967704
v 0.007179158551746114 -0.03445217677677137 -0.11414964836615299
v 0.007859789267973262 -0.033766183549608364 -0.11409113853671377
v 0.008239273462633536 -0.03375133293244792 -0.11363815084429957
v 0.007186214311511176 -0.0347718865697888 -0.1134088722689563
v 0.007771366488504851 -0.034281247813574556 -0.11343465962369675
v 0.007827093496156625 -0.03440110942205088 -0.11293111193132249
v 0.007044132090407164 -0.03494070219060008 -0.11306653369068437
v 0.007186214311511176 -0.0347718865697888 -0.1134088722689563
v 0.007827093496156625 -0.03440110942205088 -0.11293111193132249
v 0.007126210074347163 -0.032726747159905756 -0.1152337319747731
v 0.007455714579896468 -0.03243189393545176 -0.1150656564052665
v 0.007797902477619247 -0.032289468391577536 -0.11488156673587818
v 0.007371561400545403 -0.033321588191577156 -0.11488679287138032
v 0.00811745682171572 -0.032555047627824685 -0.11461827631809912
v 0.008057519341757026 -0.0330485359630317 -0.1144550148967704
v 0.007771366488504851 -0.034281247813574556 -0.11343465962369675
v 0.007109192709036928 -0.03467727825841038 -0.11387342612402923
v 0.008239273462633536 -0.03375133293244792 -0.11363815084429957
v 0.007044132090407164 -0.03494070219060008 -0.11306653369068437
v 0.007827093496156625 -0.03440110942205088 -0.11293111193132249
v 0.008353244224577618 -0.034154069615395244 -0.11222753676362712
v 0.007485548374953634 -0.03466143963461121 -0.11228201827256251
v 0.007044132090407164 -0.03494070219060008 -0.11306653369068437
v 0.008353244224577618 -0.034154069615395244 -0.11222753676362712
v 0.00811745682171572 -0.032555047627824685 -0.11461827631809912
v 0.007797902477619247 -0.032289468391577536 -0.11488156673587818
v 0.00842458574255356 -0.032038674922634236 -0.11455421991857223
v 0.007853273764734105 -0.03346747366603564 -0.1143633248289388
v 0.008057519341757026 -0.0330485359630317 -0.1144550148967704
v 0.008586306026113768 -0.032956578866378816 -0.11406648796181246
v 0.008742664752412478 -0.03324278035702344 -0.11366837087747322
v 0.007853273764734105 -0.03346747366603564 -0.1143633248289388
v 0.008586306026113768 -0.032956578866378816 -0.11406648796181246
v 0.007827093496156625 -0.03440110942205088 -0.11293111193132249
v 0.007771366488504851 -0.034281247813574556 -0.11343465962369675
v 0.00856147139206065 -0.033887151420344264 -0.11287848436534625
v 0.008353244224577618 -0.034154069615395244 -0.11222753676362712
v 0.007827093496156625 -0.03440110942205088 -0.11293111193132249
v 0.008806870878814156 -0.033853654562063795 -0.11240370712111586
v 0.00842458574255356 -0.032038674922634236 -0.11455421991857223
v 0.007797902477619247 -0.032289468391577536 -0.11488156673587818
v 0.00806180420066416 -0.032018949122136764 -0.11476519557556569
v 0.008586306026113768 -0.032956578866378816 -0.11406648796181246
v 0.008057519341757026 -0.0330485359630317 -0.1144550148967704
v 0.0089240002102442 -0.032421807875402386 -0.11410859459223038
v 0.007771366488504851 -0.034281247813574556 -0.11343465962369675
v 0.008239273462633536 -0.03375133293244792 -0.11363815084429957
v 0.009054895831085432 -0.033414903320521105 -0.11308473742690056
v 0.00856147139206065 -0.033887151420344264 -0.11287848436534625
v 0.007771366488504851 -0.034281247813574556 -0.11343465962369675
v 0.009054895831085432 -0.033414903320521105 -0.11308473742690056
v 0.008239273462633536 -0.03375133293244792 -0.11363815084429957
v 0.008742664752412478 -0.03324278035702344 -0.11366837087747322
v 0.009054895831085432 -0.033414903320521105 -0.11308473742690056
v 0.00842458574255356 -0.032038674922634236 -0.11455421991857223
v 0.008346361556709205 -0.031853873812172084 -0.11462954493435701
v 0.008679127151738355 -0.03163850171637117 -0.11448277063539342
v 0.008806870878814156 -0.033853654562063795 -0.11240370712111586
v 0.00856147139206065 -0.033887151420344264 -0.11287848436534625
v 0.009324817146701416 -0.03350314490186079 -0.11247905502508532
v 0.008336287894426532 -0.034168565465693135 -0.11185213238788623
v 0.008951218076527214 -0.033845250783588465 -0.11173734051231672
v 0.008757937847315158 -0.03392506951296559 -0.11143696360595974
v 0.0089240002102442 -0.032421807875402386 -0.11410859459223038
v 0.008813065947467781 -0.03198615035348906 -0.11434030694454472
v 0.00956094977968225 -0.03184810408228378 -0.11394855277554677
v 0.009313034499962571 -0.03261750948381881 -0.11369498983625709
v 0.0089240002102442 -0.032421807875402386 -0.11410859459223038
v 0.009604909399384966 -0.03213274154697521 -0.11379363028283679
v 0.00956094977968225 -0.03184810408228378 -0.11394855277554677
v 0.008813065947467781 -0.03198615035348906 -0.11434030694454472
v 0.009592959859632823 -0.03149175793498715 -0.11404269950853413
v 0.009054895831085432 -0.033414903320521105 -0.11308473742690056
v 0.008742664752412478 -0.03324278035702344 -0.11366837087747322
v 0.00997137689268235 -0.03268764269637847 -0.11307868731674992
v 0.009324817146701416 -0.03350314490186079 -0.11247905502508532
v 0.009054895831085432 -0.033414903320521105 -0.11308473742690056
v 0.009955299850292755 -0.03296867527198266 -0.1127289177078516
v 0.008806870878814156 -0.033853654562063795 -0.11240370712111586
v 0.009324817146701416 -0.03350314490186079 -0.11247905502508532
v 0.009793204772708399 -0.033426000275393886 -0.11172399670064777
v 0.008757937847315158 -0.03392506951296559 -0.11143696360595974
v 0.008951218076527214 -0.033845250783588465 -0.11173734051231672
v 0.00952457950054997 -0.03356624762702598 -0.11125849680060802
v 0.009256513081567498 -0.03132005077351119 -0.11423867577516672
v 0.009592959859632823 -0.03149175793498715 -0.11404269950853413
v 0.008938343472644219 -0.031567775318358526 -0.11436150140355922
v 0.009054895831085432 -0.033414903320521105 -0.11308473742690056
v 0.00997137689268235 -0.03268764269637847 -0.11307868731674992
v 0.009955299850292755 -0.03296867527198266 -0.1127289177078516
v 0.009793204772708399 -0.033426000275393886 -0.11172399670064777
v 0.009324817146701416 -0.03350314490186079 -0.11247905502508532
v 0.00994230794446327 -0.03325410619374303 -0.1121094108424891
v 0.008951218076527214 -0.033845250783588465 -0.11173734051231672
v 0.008806870878814156 -0.033853654562063795 -0.11240370712111586
v 0.009793204772708399 -0.033426000275393886 -0.11172399670064777
v 0.00952457950054997 -0.03356624762702598 -0.11125849680060802
v 0.008951218076527214 -0.033845250783588465 -0.11173734051231672
v 0.009793204772708399 -0.033426000275393886 -0.11172399670064777
v 0.009592959859632823 -0.03149175793498715 -0.11404269950853413
v 0.009256513081567498 -0.03132005077351119 -0.11423867577516672
v 0.009581762768952064 -0.03114371638403224 -0.11411214989025081
v 0.009581762768952064 -0.03114371638403224 -0.11411214989025081
v 0.009839352121396862 -0.031015691323019734 -0.11401477592322345
v 0.009592959859632823 -0.03149175793498715 -0.11404269950853413
v 0.00956094977968225 -0.03184810408228378 -0.11394855277554677
v 0.009592959859632823 -0.03149175793498715 -0.11404269950853413
v 0.01034155417924676 -0.031226577334623196 -0.11374226919641289
v 0.009604909399384966 -0.03213274154697521 -0.11379363028283679
v 0.00956094977968225 -0.03184810408228378 -0.11394855277554677
v 0.010377365605203083 -0.031777747709923476 -0.1135052315264628
v 0.009313034499962571 -0.03261750948381881 -0.11369498983625709
v 0.009604909399384966 -0.03213274154697521 -0.11379363028283679
v 0.010442279357981145 -0.032025819392238475 -0.11331430591924979
v 0.00996389054894298 -0.03244315110761731 -0.1133286568110447
v 0.009313034499962571 -0.03261750948381881 -0.11369498983625709
v 0.010442279357981145 -0.032025819392238475 -0.11331430591924979
v 0.010212616451870106 -0.030973779242171595 -0.11386312644092283
v 0.009592959859632823 -0.03149175793498715 -0.11404269950853413
v 0.009839352121396862 -0.031015691323019734 -0.11401477592322345
v 0.010377365605203083 -0.031777747709923476 -0.1135052315264628
v 0.00956094977968225 -0.03184810408228378 -0.11394855277554677
v 0.010452213783807009 -0.03145582729973562 -0.11361343923423911
v 0.009324817146701416 -0.03350314490186079 -0.11247905502508532
v 0.009955299850292755 -0.03296867527198266 -0.1127289177078516
v 0.0105408711671684 -0.03287519229635105 -0.11221993025691818
v 0.00997137689268235 -0.03268764269637847 -0.11307868731674992
v 0.00996389054894298 -0.03244315110761731 -0.1133286568110447
v 0.01109032874331506 -0.03205872497241469 -0.1128636985980424
v 0.0105408711671684 -0.03287519229635105 -0.11221993025691818
v 0.009955299850292755 -0.03296867527198266 -0.1127289177078516
v 0.011253242073501759 -0.03236496125404997 -0.11238602981314733
v 0.00952457950054997 -0.03356624762702598 -0.11125849680060802
v 0.009793204772708399 -0.033426000275393886 -0.11172399670064777
v 0.010473465463283206 -0.03315478291632035 -0.11128835825222168
v 0.00952457950054997 -0.03356624762702598 -0.11125849680060802
v 0.010473465463283206 -0.03315478291632035 -0.11128835825222168
v 0.01037968684859947 -0.033199807790285085 -0.11088153602830882
v 0.010473465463283206 -0.03315478291632035 -0.11128835825222168
v 0.00994230794446327 -0.03325410619374303 -0.1121094108424891
v 0.011165267520983348 -0.03284506763061357 -0.11137099222831455
v 0.011180401379429218 -0.03129591136806775 -0.11331638874405575
v 0.010377365605203083 -0.031777747709923476 -0.1135052315264628
v 0.010452213783807009 -0.03145582729973562 -0.11361343923423911
v 0.011253242073501759 -0.03236496125404997 -0.11238602981314733
v 0.01109032874331506 -0.03205872497241469 -0.1128636985980424
v 0.011502133915767822 -0.03206258544623086 -0.11254888687654668
v 0.010377365605203083 -0.031777747709923476 -0.1135052315264628
v 0.011180401379429218 -0.03129591136806775 -0.11331638874405575
v 0.010442279357981145 -0.032025819392238475 -0.11331430591924979
v 0.01149793965592505 -0.030751689464166843 -0.11336856617573327
v 0.010452213783807009 -0.03145582729973562 -0.11361343923423911
v 0.01034155417924676 -0.031226577334623196 -0.11374226919641289
v 0.011190025861087529 -0.03036607505070954 -0.113572637230348
v 0.010212616451870106 -0.030973779242171595 -0.11386312644092283
v 0.010518150829175179 -0.03067743637836462 -0.11377969137836613
v 0.011031648206165092 -0.03295215381734051 -0.1107970404798619
v 0.01037968684859947 -0.033199807790285085 -0.11088153602830882
v 0.010473465463283206 -0.03315478291632035 -0.11128835825222168
v 0.01142758423723911 -0.03249859392030929 -0.11198625715011619
v 0.011165267520983348 -0.03284506763061357 -0.11137099222831455
v 0.0105408711671684 -0.03287519229635105 -0.11221993025691818
v 0.011253242073501759 -0.03236496125404997 -0.11238602981314733
v 0.01142758423723911 -0.03249859392030929 -0.11198625715011619
v 0.0105408711671684 -0.03287519229635105 -0.11221993025691818
v 0.0105408711671684 -0.03287519229635105 -0.11221993025691818
v 0.011165267520983348 -0.03284506763061357 -0.11137099222831455
v 0.00994230794446327 -0.03325410619374303 -0.1121094108424891
v 0.01109032874331506 -0.03205872497241469 -0.1128636985980424
v 0.011253242073501759 -0.03236496125404997 -0.11238602981314733
v 0.00997137689268235 -0.03268764269637847 -0.11307868731674992
v 0.00994230794446327 -0.03325410619374303 -0.1121094108424891
v 0.010473465463283206 -0.03315478291632035 -0.11128835825222168
v 0.009793204772708399 -0.033426000275393886 -0.11172399670064777
v 0.00997137689268235 -0.03268764269637847 -0.11307868731674992
v 0.011253242073501759 -0.03236496125404997 -0.11238602981314733
v 0.009955299850292755 -0.03296867527198266 -0.1127289177078516
v 0.010442279357981145 -0.032025819392238475 -0.11331430591924979
v 0.01109032874331506 -0.03205872497241469 -0.1128636985980424
v 0.00996389054894298 -0.03244315110761731 -0.1133286568110447
v 0.0105408711671684 -0.03287519229635105 -0.11221993025691818
v 0.00994230794446327 -0.03325410619374303 -0.1121094108424891
v 0.009324817146701416 -0.03350314490186079 -0.11247905502508532
v 0.01034155417924676 -0.031226577334623196 -0.11374226919641289
v 0.010452213783807009 -0.03145582729973562 -0.11361343923423911
v 0.00956094977968225 -0.03184810408228378 -0.11394855277554677
v 0.010212616451870106 -0.030973779242171595 -0.11386312644092283
v 0.01034155417924676 -0.031226577334623196 -0.11374226919641289
v 0.009592959859632823 -0.03149175793498715 -0.11404269950853413
v 0.010377365605203083 -0.031777747709923476 -0.1135052315264628
v 0.010442279357981145 -0.032025819392238475 -0.11331430591924979
v 0.009604909399384966 -0.03213274154697521 -0.11379363028283679
v 0.00996389054894298 -0.03244315110761731 -0.1133286568110447
v 0.00997137689268235 -0.03268764269637847 -0.11307868731674992
v 0.008742664752412478 -0.03324278035702344 -0.11366837087747322
v 0.009313034499962571 -0.03261750948381881 -0.11369498983625709
v 0.00996389054894298 -0.03244315110761731 -0.1133286568110447
v 0.008742664752412478 -0.03324278035702344 -0.11366837087747322
v 0.00956094977968225 -0.03184810408228378 -0.11394855277554677
v 0.009604909399384966 -0.03213274154697521 -0.11379363028283679
v 0.0089240002102442 -0.032421807875402386 -0.11410859459223038
v 0.008938343472644219 -0.031567775318358526 -0.11436150140355922
v 0.009592959859632823 -0.03149175793498715 -0.11404269950853413
v 0.008813065947467781 -0.03198615035348906 -0.11434030694454472
v 0.008806870878814156 -0.033853654562063795 -0.11240370712111586
v 0.008951218076527214 -0.033845250783588465 -0.11173734051231672
v 0.008353244224577618 -0.034154069615395244 -0.11222753676362712
v 0.009054895831085432 -0.033414903320521105 -0.11308473742690056
v 0.009324817146701416 -0.03350314490186079 -0.11247905502508532
v 0.00856147139206065 -0.033887151420344264 -0.11287848436534625
v 0.008938343472644219 -0.031567775318358526 -0.11436150140355922
v 0.008813065947467781 -0.03198615035348906 -0.11434030694454472
v 0.00842458574255356 -0.032038674922634236 -0.11455421991857223
v 0.008938343472644219 -0.031567775318358526 -0.11436150140355922
v 0.00842458574255356 -0.032038674922634236 -0.11455421991857223
v 0.008679127151738355 -0.03163850171637117 -0.11448277063539342
v 0.008353244224577618 -0.034154069615395244 -0.11222753676362712
v 0.008951218076527214 -0.033845250783588465 -0.11173734051231672
v 0.008336287894426532 -0.034168565465693135 -0.11185213238788623
v 0.008813065947467781 -0.03198615035348906 -0.11434030694454472
v 0.0089240002102442 -0.032421807875402386 -0.11410859459223038
v 0.00811745682171572 -0.032555047627824685 -0.11461827631809912
v 0.009313034499962571 -0.03261750948381881 -0.11369498983625709
v 0.008742664752412478 -0.03324278035702344 -0.11366837087747322
v 0.008586306026113768 -0.032956578866378816 -0.11406648796181246
v 0.0089240002102442 -0.032421807875402386 -0.11410859459223038
v 0.009313034499962571 -0.03261750948381881 -0.11369498983625709
v 0.008586306026113768 -0.032956578866378816 -0.11406648796181246
v 0.00842458574255356 -0.032038674922634236 -0.11455421991857223
v 0.008813065947467781 -0.03198615035348906 -0.11434030694454472
v 0.00811745682171572 -0.032555047627824685 -0.11461827631809912
v 0.008353244224577618 -0.034154069615395244 -0.11222753676362712
v 0.008336287894426532 -0.034168565465693135 -0.11185213238788623
v 0.007814165963346555 -0.03445932170508925 -0.11205716474625754
v 0.00856147139206065 -0.033887151420344264 -0.11287848436534625
v 0.008806870878814156 -0.033853654562063795 -0.11240370712111586
v 0.007827093496156625 -0.03440110942205088 -0.11293111193132249
v 0.00811745682171572 -0.032555047627824685 -0.11461827631809912
v 0.0089240002102442 -0.032421807875402386 -0.11410859459223038
v 0.008057519341757026 -0.0330485359630317 -0.1144550148967704
v 0.00806180420066416 -0.032018949122136764 -0.11476519557556569
v 0.008346361556709205 -0.031853873812172084 -0.11462954493435701
v 0.00842458574255356 -0.032038674922634236 -0.11455421991857223
v 0.008353244224577618 -0.034154069615395244 -0.11222753676362712
v 0.007814165963346555 -0.03445932170508925 -0.11205716474625754
v 0.007485548374953634 -0.03466143963461121 -0.11228201827256251
v 0.008742664752412478 -0.03324278035702344 -0.11366837087747322
v 0.008239273462633536 -0.03375133293244792 -0.11363815084429957
v 0.007859789267973262 -0.033766183549608364 -0.11409113853671377
v 0.007853273764734105 -0.03346747366603564 -0.1143633248289388
v 0.008742664752412478 -0.03324278035702344 -0.11366837087747322
v 0.007859789267973262 -0.033766183549608364 -0.11409113853671377
v 0.007797902477619247 -0.032289468391577536 -0.11488156673587818
v 0.00811745682171572 -0.032555047627824685 -0.11461827631809912
v 0.007126210074347163 -0.032726747159905756 -0.1152337319747731
v 0.007214961394633181 -0.03483077023957781 -0.11243427810645462
v 0.007044132090407164 -0.03494070219060008 -0.11306653369068437
v 0.007485548374953634 -0.03466143963461121 -0.11228201827256251
v 0.008239273462633536 -0.03375133293244792 -0.11363815084429957
v 0.007109192709036928 -0.03467727825841038 -0.11387342612402923
v 0.007179158551746114 -0.03445217677677137 -0.11414964836615299
v 0.007853273764734105 -0.03346747366603564 -0.1143633248289388
v 0.007859789267973262 -0.033766183549608364 -0.11409113853671377
v 0.007385239475078133 -0.033832166371345895 -0.11456589289275948
v 0.007126210074347163 -0.032726747159905756 -0.1152337319747731
v 0.00811745682171572 -0.032555047627824685 -0.11461827631809912
v 0.007140189033141011 -0.03310578312761603 -0.11514452908967682
v 0.007371561400545403 -0.033321588191577156 -0.11488679287138032
v 0.007853273764734105 -0.03346747366603564 -0.1143633248289388
v 0.007385239475078133 -0.033832166371345895 -0.11456589289275948
v 0.007044132090407164 -0.03494070219060008 -0.11306653369068437
v 0.006701215585472044 -0.035177163841235704 -0.11283176958041258
v 0.006449773141125605 -0.03535408950881891 -0.11301344836101451
v 0.007371561400545403 -0.033321588191577156 -0.11488679287138032
v 0.007385239475078133 -0.033832166371345895 -0.11456589289275948
v 0.006310614408777395 -0.03420879526496723 -0.11543984770721932
v 0.006615159825769381 -0.03304610218606063 -0.11552918792142369
v 0.006863480893929965 -0.03285988010079954 -0.11538644957235883
v 0.007126210074347163 -0.032726747159905756 -0.1152337319747731
v 0.007044132090407164 -0.03494070219060008 -0.11306653369068437
v 0.006449773141125605 -0.03535408950881891 -0.11301344836101451
v 0.006050240327196423 -0.035641698622821405 -0.11370859304735242
v 0.007186214311511176 -0.0347718865697888 -0.1134088722689563
v 0.007044132090407164 -0.03494070219060008 -0.11306653369068437
v 0.006050240327196423 -0.035641698622821405 -0.11370859304735242
v 0.007109192709036928 -0.03467727825841038 -0.11387342612402923
v 0.007186214311511176 -0.0347718865697888 -0.1134088722689563
v 0.006481599161924369 -0.0352111680542766 -0.11401299827421324
v 0.007140189033141011 -0.03310578312761603 -0.11514452908967682
v 0.006245274840396832 -0.033771283800094754 -0.11566459442199578
v 0.0063617723625622475 -0.033245847373770676 -0.11567918945442729
v 0.006481599161924369 -0.0352111680542766 -0.11401299827421324
v 0.006050240327196423 -0.035641698622821405 -0.11370859304735242
v 0.005936947627723511 -0.035659894729642705 -0.11420432060996072
v 0.007179158551746114 -0.03445217677677137 -0.11414964836615299
v 0.007109192709036928 -0.03467727825841038 -0.11387342612402923
v 0.006081774523640506 -0.03535153747622699 -0.11465174647349746
v 0.007018101548704471 -0.034379937851221065 -0.1144857842463764
v 0.007179158551746114 -0.03445217677677137 -0.11414964836615299
v 0.006401916807980969 -0.03491708158400941 -0.11475449916392483
v 0.006310614408777395 -0.03420879526496723 -0.11543984770721932
v 0.006601726845547608 -0.03446626445444245 -0.11494811794753529
v 0.006119196228756564 -0.03468403027289124 -0.11536534666608306
v 0.005996648119603321 -0.033547769232593616 -0.11590500428448886
v 0.006151513391851606 -0.033417943634386216 -0.11580779816414916
v 0.006245274840396832 -0.033771283800094754 -0.11566459442199578
v 0.005944062515298999 -0.03572036531356959 -0.11332620014588896
v 0.005611124305210381 -0.035979879180876306 -0.11360426870157697
v 0.006050240327196423 -0.035641698622821405 -0.11370859304735242
v 0.006481599161924369 -0.0352111680542766 -0.11401299827421324
v 0.005936947627723511 -0.035659894729642705 -0.11420432060996072
v 0.005776124274900486 -0.0357227456847764 -0.11456554194059437
v 0.006081774523640506 -0.03535153747622699 -0.11465174647349746
v 0.006481599161924369 -0.0352111680542766 -0.11401299827421324
v 0.005776124274900486 -0.0357227456847764 -0.11456554194059437
v 0.006601726845547608 -0.03446626445444245 -0.11494811794753529
v 0.006401916807980969 -0.03491708158400941 -0.11475449916392483
v 0.005844188490932435 -0.035287488706094994 -0.11519712613807348
v 0.006310614408777395 -0.03420879526496723 -0.11543984770721932
v 0.006119196228756564 -0.03468403027289124 -0.11536534666608306
v 0.005623325614994013 -0.03497003339926863 -0.11578311707166827
v 0.005796868122779076 -0.03371846168454873 -0.11603295686624987
v 0.005996648119603321 -0.033547769232593616 -0.11590500428448886
v 0.006245274840396832 -0.033771283800094754 -0.11566459442199578
v 0.005611124305210381 -0.035979879180876306 -0.11360426870157697
v 0.0053248946811720885 -0.03621170597411405 -0.11385708396016708
v 0.006050240327196423 -0.035641698622821405 -0.11370859304735242
v 0.005622661380801087 -0.03421783609791618 -0.1160894296472525
v 0.006310614408777395 -0.03420879526496723 -0.11543984770721932
v 0.005271828901826648 -0.03487584470460936 -0.116228894985908
v 0.005503196977696413 -0.03397788399911672 -0.11622786501759735
v 0.005700384887605548 -0.033802610095527985 -0.1160961206265742
v 0.005622661380801087 -0.03421783609791618 -0.1160894296472525
v 0.006081774523640506 -0.03535153747622699 -0.11465174647349746
v 0.005776124274900486 -0.0357227456847764 -0.11456554194059437
v 0.005424182672643386 -0.03592975024172773 -0.11500893185423239
v 0.005844188490932435 -0.035287488706094994 -0.11519712613807348
v 0.006081774523640506 -0.03535153747622699 -0.11465174647349746
v 0.005322860493758575 -0.035847757134805924 -0.11538665556602096
v 0.006310614408777395 -0.03420879526496723 -0.11543984770721932
v 0.005623325614994013 -0.03497003339926863 -0.11578311707166827
v 0.005271828901826648 -0.03487584470460936 -0.116228894985908
v 0.005260403406136261 -0.03419974680262339 -0.11639500217153204
v 0.005503196977696413 -0.03397788399911672 -0.11622786501759735
v 0.005622661380801087 -0.03421783609791618 -0.1160894296472525
v 0.005776124274900486 -0.0357227456847764 -0.11456554194059437
v 0.005936947627723511 -0.035659894729642705 -0.11420432060996072
v 0.00516030717564342 -0.0362751558367469 -0.11486352321695475
v 0.005424182672643386 -0.03592975024172773 -0.11500893185423239
v 0.005776124274900486 -0.0357227456847764 -0.11456554194059437
v 0.00516030717564342 -0.0362751558367469 -0.11486352321695475
v 0.005623325614994013 -0.03497003339926863 -0.11578311707166827
v 0.006119196228756564 -0.03468403027289124 -0.11536534666608306
v 0.005294287933044762 -0.035613363050186475 -0.1157301690711065
v 0.005623325614994013 -0.03497003339926863 -0.11578311707166827
v 0.005294287933044762 -0.035613363050186475 -0.1157301690711065
v 0.004992608307509695 -0.03558628251301155 -0.1161904657238288
v 0.005271828901826648 -0.03487584470460936 -0.116228894985908
v 0.005623325614994013 -0.03497003339926863 -0.11578311707166827
v 0.004992608307509695 -0.03558628251301155 -0.1161904657238288
v 0.0050227191449689354 -0.03454605266624 -0.1165499551818216
v 0.005271828901826648 -0.03487584470460936 -0.116228894985908
v 0.004580591896185816 -0.03510002302946624 -0.11685710699084412
v 0.005182876833087492 -0.03633202534628399 -0.11429499596827147
v 0.00478281234570166 -0.03667434866576613 -0.1143622414548639
v 0.004530116296406762 -0.036888421857086406 -0.11504371426555243
v 0.00516030717564342 -0.0362751558367469 -0.11486352321695475
v 0.005182876833087492 -0.03633202534628399 -0.11429499596827147
v 0.004530116296406762 -0.036888421857086406 -0.11504371426555243
v 0.005424182672643386 -0.03592975024172773 -0.11500893185423239
v 0.00516030717564342 -0.0362751558367469 -0.11486352321695475
v 0.004573042133101391 -0.0366226747741516 -0.1157742211972223
v 0.005322860493758575 -0.035847757134805924 -0.11538665556602096
v 0.005424182672643386 -0.03592975024172773 -0.11500893185423239
v 0.004573042133101391 -0.0366226747741516 -0.1157742211972223
v 0.004580591896185816 -0.03510002302946624 -0.11685710699084412
v 0.005271828901826648 -0.03487584470460936 -0.116228894985908
v 0.004787992704834433 -0.035413362277747495 -0.11654692631204883
v 0.004749121414688585 -0.034690072753646994 -0.11676601964520911
v 0.0048164117239760116 -0.034623704647467335 -0.11671565800951628
v 0.004580591896185816 -0.03510002302946624 -0.11685710699084412
v 0.004552702166314982 -0.036876809918058306 -0.11452574701682922
v 0.004314282145377602 -0.037095594260725395 -0.11475796290920653
v 0.004530116296406762 -0.036888421857086406 -0.11504371426555243
v 0.004573042133101391 -0.0366226747741516 -0.1157742211972223
v 0.00516030717564342 -0.0362751558367469 -0.11486352321695475
v 0.0043412410890714135 -0.03695198616064266 -0.11569608856411667
v 0.004992608307509695 -0.03558628251301155 -0.1161904657238288
v 0.0047097060533193855 -0.036245565228651966 -0.11606635072769927
v 0.004285246098924001 -0.03631709843517461 -0.11670382481803626
v 0.004787992704834433 -0.035413362277747495 -0.11654692631204883
v 0.004992608307509695 -0.03558628251301155 -0.1161904657238288
v 0.004285246098924001 -0.03631709843517461 -0.11670382481803626
v 0.004314282145377602 -0.037095594260725395 -0.11475796290920653
v 0.00405363340558046 -0.037348962650445294 -0.11515084622864874
v 0.004530116296406762 -0.036888421857086406 -0.11504371426555243
v 0.004285246098924001 -0.03631709843517461 -0.11670382481803626
v 0.0047097060533193855 -0.036245565228651966 -0.11606635072769927
v 0.004163288314200654 -0.03673771460505515 -0.11654788761580542
v 0.004787992704834433 -0.035413362277747495 -0.11654692631204883
v 0.004285246098924001 -0.03631709843517461 -0.11670382481803626
v 0.003960655400523373 -0.036323175248207384 -0.1171717203480726
v 0.004580591896185816 -0.03510002302946624 -0.11685710699084412
v 0.004787992704834433 -0.035413362277747495 -0.11654692631204883
v 0.0041534320896724495 -0.035641038680163106 -0.1171759088858692
v 0.004248537265393316 -0.03520210433314297 -0.11715623267643854
v 0.004383966654150085 -0.03506033110253215 -0.11704788001015926
v 0.004580591896185816 -0.03510002302946624 -0.11685710699084412
v 0.0043412410890714135 -0.03695198616064266 -0.11569608856411667
v 0.004530116296406762 -0.036888421857086406 -0.11504371426555243
v 0.003678041871246069 -0.03769862163311766 -0.11586684205123093
v 0.003981292436873452 -0.03548924423935951 -0.11737645516004308
v 0.004170241077134652 -0.035285199887626906 -0.1172198542004565
v 0.004580591896185816 -0.03510002302946624 -0.11685710699084412
v 0.004573042133101391 -0.0366226747741516 -0.1157742211972223
v 0.0043412410890714135 -0.03695198616064266 -0.11569608856411667
v 0.0037252988200543744 -0.0373798388115798 -0.11665479069705492
v 0.004163288314200654 -0.03673771460505515 -0.11654788761580542
v 0.004573042133101391 -0.0366226747741516 -0.1157742211972223
v 0.0037252988200543744 -0.0373798388115798 -0.11665479069705492
v 0.003754484116545582 -0.03574137285240919 -0.11757005105546886
v 0.003981292436873452 -0.03548924423935951 -0.11737645516004308
v 0.0041534320896724495 -0.035641038680163106 -0.1171759088858692
v 0.0043412410890714135 -0.03695198616064266 -0.11569608856411667
v 0.003678041871246069 -0.03769862163311766 -0.11586684205123093
v 0.00330892340164174 -0.03807993116050623 -0.11625234011641611
v 0.0037252988200543744 -0.0373798388115798 -0.11665479069705492
v 0.0043412410890714135 -0.03695198616064266 -0.11569608856411667
v 0.0033964871589288468 -0.03787638653413916 -0.11664279728828214
v 0.004285246098924001 -0.03631709843517461 -0.11670382481803626
v 0.004163288314200654 -0.03673771460505515 -0.11654788761580542
v 0.0035702828672569418 -0.037047628255029164 -0.11734078773891538
v 0.004285246098924001 -0.03631709843517461 -0.11670382481803626
v 0.0035702828672569418 -0.037047628255029164 -0.11734078773891538
v 0.003960655400523373 -0.036323175248207384 -0.1171717203480726
v 0.0035284773595187233 -0.03599887637416144 -0.11777008616018486
v 0.003754484116545582 -0.03574137285240919 -0.11757005105546886
v 0.003749081789705123 -0.03622365360651747 -0.11748566994794535
v 0.00330892340164174 -0.03807993116050623 -0.11625234011641611
v 0.0033027772087991522 -0.03810106076966413 -0.11580736328864022
v 0.0030813390288020335 -0.03833899870821167 -0.11605975130111629
v 0.0037252988200543744 -0.0373798388115798 -0.11665479069705492
v 0.0033964871589288468 -0.03787638653413916 -0.11664279728828214
v 0.002955594680025542 -0.03811798658223564 -0.11756620584044247
v 0.0030813390288020335 -0.03833899870821167 -0.11605975130111629
v 0.002862387077865875 -0.03858146850732602 -0.116329808992166
v 0.00330892340164174 -0.03807993116050623 -0.11625234011641611
v 0.003051247264830027 -0.03766252315117846 -0.11781943308635684
v 0.0026699329690696443 -0.03776361263351902 -0.11837875165540351
v 0.0034736694555330414 -0.03674420340541218 -0.11765828500741365
v 0.0030696145561992525 -0.03654711324712512 -0.11819796551400413
v 0.0031282443101894606 -0.036475194756160345 -0.11814155376816066
v 0.003247938787233896 -0.03654285223007703 -0.11799739635164558
v -0.00026845039212235194 -0.043330812604978064 -0.1162399042027395
v -0.00020019220766592972 -0.043157781743488055 -0.11652320652332454
v 0.0007678788669051794 -0.04180138214292972 -0.10687246448779049
v 0.0007678788669051794 -0.04180138214292972 -0.10687246448779049
v 0.0006478663990657636 -0.042070165725032194 -0.10682288105037681
v -0.00026845039212235194 -0.043330812604978064 -0.1162399042027395
v 0.0008926066584167421 -0.04153478819716172 -0.10692222340128672
v -0.00020019220766592972 -0.043157781743488055 -0.11652320652332454
v -7.783230018750498e-05 -0.04289250005364176 -0.1166162775116319
v 0.0008926066584167421 -0.04153478819716172 -0.10692222340128672
v 0.0007678788669051794 -0.04180138214292972 -0.10687246448779049
v -0.00020019220766592972 -0.043157781743488055 -0.11652320652332454
v 0.0010220118054399265 -0.04127046018167713 -0.10697212727328594
v 0.0008926066584167421 -0.04153478819716172 -0.10692222340128672
v -7.783230018750498e-05 -0.04289250005364176 -0.1166162775116319
v 0.0011560551477212552 -0.04100847820512232 -0.10702216084499834
v 3.9765069287287485e-05 -0.04263838398322228 -0.11690602667090205
v 0.0001576562449712941 -0.0424070263977705 -0.11696520788709192
v 0.0011560551477212552 -0.04100847820512232 -0.10702216084499834
v 0.0010220118054399265 -0.04127046018167713 -0.10697212727328594
v 3.9765069287287485e-05 -0.04263838398322228 -0.11690602667090205
v 0.0012946960348910604 -0.04074892237614369 -0.10707232411642394
v 0.0001576562449712941 -0.0424070263977705 -0.11696520788709192
v 0.0002729355226454428 -0.04218482790088851 -0.11712026007951509
v 0.0012946960348910604 -0.04074892237614369 -0.10707232411642394
v 0.0011560551477212552 -0.04100847820512232 -0.10702216084499834
v 0.0001576562449712941 -0.0424070263977705 -0.11696520788709192
v 0.0014378923860681322 -0.040491876618085065 -0.10712258656998315
v 0.0002729355226454428 -0.04218482790088851 -0.11712026007951509
v 0.00040867563043018456 -0.04193517121178436 -0.11728661903517063
v 0.0014378923860681322 -0.040491876618085065 -0.10712258656998315
v 0.0012946960348910604 -0.04074892237614369 -0.10707232411642394
v 0.0002729355226454428 -0.04218482790088851 -0.11712026007951509
v 0.0015856005706504227 -0.040237409595500484 -0.10717294057628109
v 0.0014378923860681322 -0.040491876618085065 -0.10712258656998315
v 0.00040867563043018456 -0.04193517121178436 -0.11728661903517063
v 0.0017377758851522267 -0.03998560523173378 -0.10722337087652796
v 0.0005923609418891433 -0.04162155730528694 -0.11730762275931278
v 0.0007181636436156409 -0.04141243559125263 -0.11739149269737842
v 0.0017377758851522267 -0.03998560523173378 -0.10722337087652796
v 0.0015856005706504227 -0.040237409595500484 -0.10717294057628109
v 0.0005923609418891433 -0.04162155730528694 -0.11730762275931278
v 0.0018943723147855922 -0.039736539820733885 -0.10727386221193398
v 0.0007815003766273312 -0.04131046491380186 -0.11741148934139461
v 0.0009037291240786979 -0.04111707501203821 -0.11748323617097428
v 0.0018943723147855922 -0.039736539820733885 -0.10727386221193398
v 0.0007181636436156409 -0.04141243559125263 -0.11739149269737842
v 0.0007815003766273312 -0.04131046491380186 -0.11741148934139461
v 0.0018943723147855922 -0.039736539820733885 -0.10727386221193398
v 0.0017377758851522267 -0.03998560523173378 -0.10722337087652796
v 0.0007181636436156409 -0.04141243559125263 -0.11739149269737842
v 0.0018943723147855922 -0.039736539820733885 -0.10727386221193398
v 0.0009037291240786979 -0.04111707501203821 -0.11748323617097428
v 0.001042359282411934 -0.04090727046716092 -0.11745659432400574
v 0.002055342056623139 -0.03949028584175229 -0.10732439169431447
v 0.0011021309422409866 -0.04081690028464591 -0.1175989740915106
v 0.0012221029385246775 -0.040642759346198876 -0.1174948252218177
v 0.002055342056623139 -0.03949028584175229 -0.10732439169431447
v 0.001042359282411934 -0.04090727046716092 -0.11745659432400574
v 0.0011021309422409866 -0.04081690028464591 -0.1175989740915106
v 0.0012221029385246775 -0.040642759346198876 -0.1174948252218177
v 0.0014206554372361154 -0.040362253198842346 -0.1174127024151827
v 0.0022206364732724197 -0.03924691958873794 -0.10737495169427454
v 0.0014206554372361154 -0.040362253198842346 -0.1174127024151827
v 0.0015463310022492687 -0.040192171098478724 -0.11751328835746028
v 0.002390205258410855 -0.03900651354094231 -0.10742552695302439
v 0.002563996913622913 -0.03876914399231435 -0.10747609458237935
v 0.0016701155502124592 -0.04002578162524362 -0.11731529793057577
v 0.0017630325201103973 -0.03990427588216772 -0.11732465156871535
v 0.002563996913622913 -0.03876914399231435 -0.10747609458237935
v 0.0015463310022492687 -0.040192171098478724 -0.11751328835746028
v 0.0016701155502124592 -0.04002578162524362 -0.11731529793057577
v 0.002741958748400109 -0.03853487960740809 -0.10752664695294452
v 0.0017630325201103973 -0.03990427588216772 -0.11732465156871535
v 0.0019118346883948566 -0.03971218679223343 -0.11713429053672447
v 0.002924036880141007 -0.03830379286547503 -0.10757716880593012
v 0.0019118346883948566 -0.03971218679223343 -0.11713429053672447
v 0.002113206963775261 -0.039461397137987575 -0.11709924872597804
v 0.003110175995732629 -0.03807595624576665 -0.10762764488254635
v 0.002113206963775261 -0.039461397137987575 -0.11709924872597804
v 0.002344583861132871 -0.039179204894359554 -0.11682418615187812
v 0.0033003195899690427 -0.037851434598139555 -0.10767805229460854
v 0.0025076395272180534 -0.03898725313353335 -0.11670926457659542
v 0.002630633479135392 -0.038843954023943805 -0.11657998448012291
v 0.0033003195899690427 -0.037851434598139555 -0.10767805229460854
v 0.002344583861132871 -0.039179204894359554 -0.11682418615187812
v 0.0025076395272180534 -0.03898725313353335 -0.11670926457659542
v 0.002630633479135392 -0.038843954023943805 -0.11657998448012291
v 0.002862387077865875 -0.03858146850732602 -0.116329808992166
v 0.003494409965551366 -0.03763029658714778 -0.1077283834127218
v 0.003692388233087763 -0.03741261469204282 -0.10777861534870144
v 0.002862387077865875 -0.03858146850732602 -0.116329808992166
v 0.0030813390288020335 -0.03833899870821167 -0.11605975130111629
v 0.004099766925990679 -0.03698786339012994 -0.10787875115668029
v 0.0030813390288020335 -0.03833899870821167 -0.11605975130111629
v 0.0033027772087991522 -0.03810106076966413 -0.11580736328864022
v 0.0030813390288020335 -0.03833899870821167 -0.11605975130111629
v 0.004099766925990679 -0.03698786339012994 -0.10787875115668029
v 0.0038941940726748567 -0.03719844613328638 -0.10782874810254746
v 0.004099766925990679 -0.03698786339012994 -0.10787875115668029
v 0.0033027772087991522 -0.03810106076966413 -0.11580736328864022
v 0.003535224367209184 -0.03785824001838467 -0.11554759002190712
v 0.004309043612108766 -0.03678092749773265 -0.10792860925231014
v 0.003535224367209184 -0.03785824001838467 -0.11554759002190712
v 0.003768193423913658 -0.03762234675766862 -0.11530086302044212
v 0.004521960950102656 -0.03657769949125367 -0.10797831476004212
v 0.003768193423913658 -0.03762234675766862 -0.11530086302044212
v 0.00405363340558046 -0.037348962650445294 -0.11515084622864874
v 0.004738454090115752 -0.03637824422054958 -0.10802786005048133
v 0.00405363340558046 -0.037348962650445294 -0.11515084622864874
v 0.004314282145377602 -0.037095594260725395 -0.11475796290920653
v 0.004958457705454279 -0.036182622720779545 -0.10807720697665331
v 0.004314282145377602 -0.037095594260725395 -0.11475796290920653
v 0.004552702166314982 -0.036876809918058306 -0.11452574701682922
v 0.005408727902774802 -0.03580310991588842 -0.10817529810680067
v 0.004552702166314982 -0.036876809918058306 -0.11452574701682922
v 0.00478281234570166 -0.03667434866576613 -0.1143622414548639
v 0.004552702166314982 -0.036876809918058306 -0.11452574701682922
v 0.005408727902774802 -0.03580310991588842 -0.10817529810680067
v 0.005181905038912916 -0.03599089221240526 -0.10812636316795295
v 0.005408727902774802 -0.03580310991588842 -0.10817529810680067
v 0.00478281234570166 -0.03667434866576613 -0.1143622414548639
v 0.0050363175876924635 -0.03645216542767393 -0.11408521812627631
v 0.005638858109323076 -0.03561933305169074 -0.10822401179319648
v 0.0050363175876924635 -0.03645216542767393 -0.11408521812627631
v 0.0053248946811720885 -0.03621170597411405 -0.11385708396016708
v 0.0058722250866549705 -0.03543962265497136 -0.1082724737095608
v 0.0053248946811720885 -0.03621170597411405 -0.11385708396016708
v 0.005611124305210381 -0.035979879180876306 -0.11360426870157697
v 0.006108758262867721 -0.035264024502099645 -0.10832067622649873
v 0.005611124305210381 -0.035979879180876306 -0.11360426870157697
v 0.005944062515298999 -0.03572036531356959 -0.11332620014588896
v 0.006591035202278552 -0.03492539380974602 -0.10841624965633119
v 0.005944062515298999 -0.03572036531356959 -0.11332620014588896
v 0.006449773141125605 -0.03535408950881891 -0.11301344836101451
v 0.006836633053299292 -0.03476246426709517 -0.10846359005164614
v 0.006449773141125605 -0.03535408950881891 -0.11301344836101451
v 0.006701215585472044 -0.035177163841235704 -0.11283176958041258
v 0.007336373677621634 -0.03444961711478456 -0.10855730190912456
v 0.006701215585472044 -0.035177163841235704 -0.11283176958041258
v 0.007214961394633181 -0.03483077023957781 -0.11243427810645462
v 0.007590364816699726 -0.03429979868725841 -0.10860365048310335
v 0.007214961394633181 -0.03483077023957781 -0.11243427810645462
v 0.007485548374953634 -0.03466143963461121 -0.11228201827256251
v 0.007485548374953634 -0.03466143963461121 -0.11228201827256251
v 0.007814165963346555 -0.03445932170508925 -0.11205716474625754
v 0.007983802697783262 -0.03407868356445132 -0.10867390958067875
v 0.008367895523796466 -0.03387729042744425 -0.10874047605112565
v 0.007814165963346555 -0.03445932170508925 -0.11205716474625754
v 0.008336287894426532 -0.034168565465693135 -0.11185213238788623
v 0.008769794880654215 -0.033678483655306124 -0.10880846158902276
v 0.008336287894426532 -0.034168565465693135 -0.11185213238788623
v 0.008757937847315158 -0.03392506951296559 -0.11143696360595974
v 0.009167102295460363 -0.033496091526281635 -0.10887368528596837
v 0.008757937847315158 -0.03392506951296559 -0.11143696360595974
v 0.00952457950054997 -0.03356624762702598 -0.11125849680060802
v 0.010401988523547902 -0.03300460209253675 -0.10906587737273372
v 0.00952457950054997 -0.03356624762702598 -0.11125849680060802
v 0.01037968684859947 -0.033199807790285085 -0.11088153602830882
v 0.01037968684859947 -0.033199807790285085 -0.11088153602830882
v 0.01102065138710029 -0.03279446185428414 -0.10915711730626661
v 0.010401988523547902 -0.03300460209253675 -0.10906587737273372
v 0.00952457950054997 -0.03356624762702598 -0.11125849680060802
v 0.010401988523547902 -0.03300460209253675 -0.10906587737273372
v 0.009710472568156272 -0.03326392141027368 -0.10896047728227827
v 0.00952457950054997 -0.03356624762702598 -0.11125849680060802
v 0.009710472568156272 -0.03326392141027368 -0.10896047728227827
v 0.009167102295460363 -0.033496091526281635 -0.10887368528596837
v 0.008757937847315158 -0.03392506951296559 -0.11143696360595974
v 0.009167102295460363 -0.033496091526281635 -0.10887368528596837
v 0.008769794880654215 -0.033678483655306124 -0.10880846158902276
v 0.008336287894426532 -0.034168565465693135 -0.11185213238788623
v 0.008769794880654215 -0.033678483655306124 -0.10880846158902276
v 0.008367895523796466 -0.03387729042744425 -0.10874047605112565
v 0.007814165963346555 -0.03445932170508925 -0.11205716474625754
v 0.008367895523796466 -0.03387729042744425 -0.10874047605112565
v 0.007983802697783262 -0.03407868356445132 -0.10867390958067875
v 0.007485548374953634 -0.03466143963461121 -0.11228201827256251
v 0.007983802697783262 -0.03407868356445132 -0.10867390958067875
v 0.007590364816699726 -0.03429979868725841 -0.10860365048310335
v 0.007214961394633181 -0.03483077023957781 -0.11243427810645462
v 0.007590364816699726 -0.03429979868725841 -0.10860365048310335
v 0.007336373677621634 -0.03444961711478456 -0.10855730190912456
v 0.006701215585472044 -0.035177163841235704 -0.11283176958041258
v 0.007336373677621634 -0.03444961711478456 -0.10855730190912456
v 0.007085104325171844 -0.034603856776651565 -0.10851061764177046
v 0.006701215585472044 -0.035177163841235704 -0.11283176958041258
v 0.007085104325171844 -0.034603856776651565 -0.10851061764177046
v 0.006836633053299292 -0.03476246426709517 -0.10846359005164614
v 0.006449773141125605 -0.03535408950881891 -0.11301344836101451
v 0.006836633053299292 -0.03476246426709517 -0.10846359005164614
v 0.006591035202278552 -0.03492539380974602 -0.10841624965633119
v 0.005944062515298999 -0.03572036531356959 -0.11332620014588896
v 0.006591035202278552 -0.03492539380974602 -0.10841624965633119
v 0.0063483861123841984 -0.035092599628234744 -0.10836861171461538
v 0.005944062515298999 -0.03572036531356959 -0.11332620014588896
v 0.0063483861123841984 -0.035092599628234744 -0.10836861171461538
v 0.006108758262867721 -0.035264024502099645 -0.10832067622649873
v 0.005611124305210381 -0.035979879180876306 -0.11360426870157697
v 0.006108758262867721 -0.035264024502099645 -0.10832067622649873
v 0.0058722250866549705 -0.03543962265497136 -0.1082724737095608
v 0.0053248946811720885 -0.03621170597411405 -0.11385708396016708
v 0.0058722250866549705 -0.03543962265497136 -0.1082724737095608
v 0.005638858109323076 -0.03561933305169074 -0.10822401179319648
v 0.0050363175876924635 -0.03645216542767393 -0.11408521812627631
v 0.005638858109323076 -0.03561933305169074 -0.10822401179319648
v 0.005408727902774802 -0.03580310991588842 -0.10817529810680067
v 0.004552702166314982 -0.036876809918058306 -0.11452574701682922
v 0.005181905038912916 -0.03599089221240526 -0.10812636316795295
v 0.004958457705454279 -0.036182622720779545 -0.10807720697665331
v 0.004314282145377602 -0.037095594260725395 -0.11475796290920653
v 0.004958457705454279 -0.036182622720779545 -0.10807720697665331
v 0.004738454090115752 -0.03637824422054958 -0.10802786005048133
v 0.00405363340558046 -0.037348962650445294 -0.11515084622864874
v 0.004738454090115752 -0.03637824422054958 -0.10802786005048133
v 0.004521960950102656 -0.03657769949125367 -0.10797831476004212
v 0.003768193423913658 -0.03762234675766862 -0.11530086302044212
v 0.004521960950102656 -0.03657769949125367 -0.10797831476004212
v 0.004309043612108766 -0.03678092749773265 -0.10792860925231014
v 0.003535224367209184 -0.03785824001838467 -0.11554759002190712
v 0.004309043612108766 -0.03678092749773265 -0.10792860925231014
v 0.004099766925990679 -0.03698786339012994 -0.10787875115668029
v 0.0030813390288020335 -0.03833899870821167 -0.11605975130111629
v 0.0038941940726748567 -0.03719844613328638 -0.10782874810254746
v 0.003692388233087763 -0.03741261469204282 -0.10777861534870144
v 0.002862387077865875 -0.03858146850732602 -0.116329808992166
v 0.003692388233087763 -0.03741261469204282 -0.10777861534870144
v 0.003494409965551366 -0.03763029658714778 -0.1077283834127218
v 0.002630633479135392 -0.038843954023943805 -0.11657998448012291
v 0.003494409965551366 -0.03763029658714778 -0.1077283834127218
v 0.0033003195899690427 -0.037851434598139555 -0.10767805229460854
v 0.002344583861132871 -0.039179204894359554 -0.11682418615187812
v 0.0033003195899690427 -0.037851434598139555 -0.10767805229460854
v 0.003110175995732629 -0.03807595624576665 -0.10762764488254635
v 0.002113206963775261 -0.039461397137987575 -0.11709924872597804
v 0.003110175995732629 -0.03807595624576665 -0.10762764488254635
v 0.002924036880141007 -0.03830379286547503 -0.10757716880593012
v 0.0019118346883948566 -0.03971218679223343 -0.11713429053672447
v 0.002924036880141007 -0.03830379286547503 -0.10757716880593012
v 0.002741958748400109 -0.03853487960740809 -0.10752664695294452
v 0.0017630325201103973 -0.03990427588216772 -0.11732465156871535
v 0.002741958748400109 -0.03853487960740809 -0.10752664695294452
v 0.002563996913622913 -0.03876914399231435 -0.10747609458237935
v 0.0015463310022492687 -0.040192171098478724 -0.11751328835746028
v 0.002563996913622913 -0.03876914399231435 -0.10747609458237935
v 0.002390205258410855 -0.03900651354094231 -0.10742552695302439
v 0.0014206554372361154 -0.040362253198842346 -0.1174127024151827
v 0.002390205258410855 -0.03900651354094231 -0.10742552695302439
v 0.0022206364732724197 -0.03924691958873794 -0.10737495169427454
v 0.0012221029385246775 -0.040642759346198876 -0.1174948252218177
v 0.0022206364732724197 -0.03924691958873794 -0.10737495169427454
v 0.002055342056623139 -0.03949028584175229 -0.10732439169431447
v 0.001042359282411934 -0.04090727046716092 -0.11745659432400574
v 0.002055342056623139 -0.03949028584175229 -0.10732439169431447
v 0.0018943723147855922 -0.039736539820733885 -0.10727386221193398
v 0.00040867563043018456 -0.04193517121178436 -0.11728661903517063
v 0.0005923609418891433 -0.04162155730528694 -0.11730762275931278
v 0.0015856005706504227 -0.040237409595500484 -0.10717294057628109
v -7.783230018750498e-05 -0.04289250005364176 -0.1166162775116319
v 3.9765069287287485e-05 -0.04263838398322228 -0.11690602667090205
v 0.0010220118054399265 -0.04127046018167713 -0.10697212727328594
v 0.002619413500269952 -0.03885519975201701 -0.11680930883183555
v 0.002862387077865875 -0.03858146850732602 -0.116329808992166
v 0.002630633479135392 -0.038843954023943805 -0.11657998448012291
v 0.0026699329690696443 -0.03776361263351902 -0.11837875165540351
v 0.003051247264830027 -0.03766252315117846 -0.11781943308635684
v 0.00244401824161869 -0.038382829581875555 -0.11833409680709112
v 0.002955594680025542 -0.03811798658223564 -0.11756620584044247
v 0.0024225281435520667 -0.03890457338107112 -0.11772044168761203
v 0.0022911063328817653 -0.03893173402689243 -0.11803954875843287
v 0.002619413500269952 -0.03885519975201701 -0.11680930883183555
v 0.0025076395272180534 -0.03898725313353335 -0.11670926457659542
v 0.002344583861132871 -0.039179204894359554 -0.11682418615187812
v 0.00244401824161869 -0.038382829581875555 -0.11833409680709112
v 0.002955594680025542 -0.03811798658223564 -0.11756620584044247
v 0.0022911063328817653 -0.03893173402689243 -0.11803954875843287
v 0.0026699329690696443 -0.03776361263351902 -0.11837875165540351
v 0.00244401824161869 -0.038382829581875555 -0.11833409680709112
v 0.001937229486926179 -0.038821737226013564 -0.11878419295884063
v 0.002200212583142181 -0.03796591748321587 -0.11888339035124756
v 0.001937229486926179 -0.038821737226013564 -0.11878419295884063
v 0.0017764553675420768 -0.03862320511209161 -0.11909054368139932
v 0.001937229486926179 -0.038821737226013564 -0.11878419295884063
v 0.00244401824161869 -0.038382829581875555 -0.11833409680709112
v 0.0015963663621011014 -0.039630285238050345 -0.11861894026544467
v 0.0017764553675420768 -0.03862320511209161 -0.11909054368139932
v 0.001937229486926179 -0.038821737226013564 -0.11878419295884063
v 0.001496326040767715 -0.03942416950560412 -0.11896754257692427
v 0.001937229486926179 -0.038821737226013564 -0.11878419295884063
v 0.0015963663621011014 -0.039630285238050345 -0.11861894026544467
v 0.001496326040767715 -0.03942416950560412 -0.11896754257692427
v 0.0017664365415352022 -0.03965175816997846 -0.11822711743189268
v 0.0024225281435520667 -0.03890457338107112 -0.11772044168761203
v 0.001457222769333383 -0.04019581794923788 -0.11803556621429839
v 0.0024225281435520667 -0.03890457338107112 -0.11772044168761203
v 0.002509911894803402 -0.03889152330110557 -0.11741811165616228
v 0.001457222769333383 -0.04019581794923788 -0.11803556621429839
v 0.001457222769333383 -0.04019581794923788 -0.11803556621429839
v 0.0016882042494587722 -0.03992893408646392 -0.11784024607562665
v 0.001038055469226862 -0.040845144304542114 -0.11791578471446845
v 0.001496326040767715 -0.03942416950560412 -0.11896754257692427
v 0.0015963663621011014 -0.039630285238050345 -0.11861894026544467
v 0.0008924340433572738 -0.04051460077077573 -0.1188517512506237
v -5.726197633925888e-05 -0.039474637952825464 -0.12043390464608444
v 0.0013086653377319959 -0.03926630969586009 -0.1192865352068217
v 0.0008129355101470922 -0.039934251774704776 -0.11940766710954781
v 0.001038055469226862 -0.040845144304542114 -0.11791578471446845
v 0.0015463310022492687 -0.040192171098478724 -0.11751328835746028
v 0.0011021309422409866 -0.04081690028464591 -0.1175989740915106
v 0.0017664365415352022 -0.03965175816997846 -0.11822711743189268
v 0.001457222769333383 -0.04019581794923788 -0.11803556621429839
v 0.0007348521700850306 -0.04117353634894849 -0.118223150146548
v 0.0008129355101470922 -0.039934251774704776 -0.11940766710954781
v 0.0009521049713318715 -0.04014934349024335 -0.11910436814494657
v 0.0004170969922765584 -0.04054408075264471 -0.11940317339595546
v 0.0008924340433572738 -0.04051460077077573 -0.1188517512506237
v 0.0009590947487520334 -0.04069202997842192 -0.11850012006937133
v 0.0003515230286192835 -0.041404096662633894 -0.1187004222029086
v 0.00041138558553593604 -0.04177454574639139 -0.11792702281314676
v 0.001038055469226862 -0.040845144304542114 -0.11791578471446845
v 0.0006346729103180738 -0.04150448042594679 -0.11772855173438396
v 0.0004170969922765584 -0.04054408075264471 -0.11940317339595546
v 0.0002420356686635116 -0.04114918713514548 -0.1191172541929219
v 4.150686237667677e-05 -0.041089326902810086 -0.11935819048366264
v 0.001038055469226862 -0.040845144304542114 -0.11791578471446845
v 0.0011021309422409866 -0.04081690028464591 -0.1175989740915106
v 0.0006346729103180738 -0.04150448042594679 -0.11772855173438396
v 0.0007181636436156409 -0.04141243559125263 -0.11739149269737842
v 0.0009037291240786979 -0.04111707501203821 -0.11748323617097428
v 0.0007815003766273312 -0.04131046491380186 -0.11741148934139461
v 0.0002420356686635116 -0.04114918713514548 -0.1191172541929219
v 0.0003515230286192835 -0.041404096662633894 -0.1187004222029086
v -0.000245464604831016 -0.04219157991536937 -0.11864220991987023
v -0.00025950126092374673 -0.04164146239656441 -0.11920523637483521
v 0.0002420356686635116 -0.04114918713514548 -0.1191172541929219
v -0.000245464604831016 -0.04219157991536937 -0.11864220991987023
v -0.0009325762237993864 -0.04136412626278618 -0.11990070149575865
v -0.00025950126092374673 -0.04164146239656441 -0.11920523637483521
v -0.0008557709861959503 -0.042370470152137685 -0.11906645768172014
v -0.0008557709861959503 -0.042370470152137685 -0.11906645768172014
v -0.00025950126092374673 -0.04164146239656441 -0.11920523637483521
v -0.0006195228394080544 -0.04236453829760789 -0.11887860672064926
v -0.0008557709861959503 -0.042370470152137685 -0.11906645768172014
v -0.0006195228394080544 -0.04236453829760789 -0.11887860672064926
v -0.001006418752788896 -0.042893652092270695 -0.11870493880468563
v -0.000245464604831016 -0.04219157991536937 -0.11864220991987023
v -8.09921213710662e-05 -0.042183935261685956 -0.11840490522109887
v -0.0006089873603157271 -0.042857835897942564 -0.11833113660187239
v 3.9765069287287485e-05 -0.04263838398322228 -0.11690602667090205
v 0.0002729355226454428 -0.04218482790088851 -0.11712026007951509
v 0.0001576562449712941 -0.0424070263977705 -0.11696520788709192
v 0.00019017092296734142 -0.04227824984136097 -0.11744715676252232
v 0.0002729355226454428 -0.04218482790088851 -0.11712026007951509
v 3.9765069287287485e-05 -0.04263838398322228 -0.11690602667090205
v -2.004687303899832e-06 -0.042503133885245514 -0.11765730081547238
v 0.00019017092296734142 -0.04227824984136097 -0.11744715676252232
v -0.00024547263655728095 -0.04310300650284926 -0.11709948523721975
v -0.0006089873603157271 -0.042857835897942564 -0.11833113660187239
v -8.09921213710662e-05 -0.042183935261685956 -0.11840490522109887
v -0.0006528552484657766 -0.043205881263594925 -0.1179291361555323
v 0.00019017092296734142 -0.04227824984136097 -0.11744715676252232
v 3.9765069287287485e-05 -0.04263838398322228 -0.11690602667090205
v -0.00024547263655728095 -0.04310300650284926 -0.11709948523721975
v -0.0014361520495673188 -0.04277473652876118 -0.11909241288314826
v -0.0008557709861959503 -0.042370470152137685 -0.11906645768172014
v -0.001006418752788896 -0.042893652092270695 -0.11870493880468563
v -0.00023183813302195098 -0.042840009816773605 -0.11765182290993875
v -2.004687303899832e-06 -0.042503133885245514 -0.11765730081547238
v -0.00024547263655728095 -0.04310300650284926 -0.11709948523721975
v -0.001250785887045858 -0.04349332634560721 -0.1182831248198068
v -0.001006418752788896 -0.042893652092270695 -0.11870493880468563
v -0.000985694812862606 -0.04316657462110296 -0.11839415540369375
v -0.00020019220766592972 -0.043157781743488055 -0.11652320652332454
v 3.9765069287287485e-05 -0.04263838398322228 -0.11690602667090205
v -7.783230018750498e-05 -0.04289250005364176 -0.1166162775116319
v -0.001496849011945814 -0.04338324943608196 -0.11857890883043781
v -0.001006418752788896 -0.042893652092270695 -0.11870493880468563
v -0.001250785887045858 -0.04349332634560721 -0.1182831248198068
v -0.001250785887045858 -0.04349332634560721 -0.1182831248198068
v -0.000985694812862606 -0.04316657462110296 -0.11839415540369375
v -0.0010923396867786735 -0.04365440575999635 -0.11793403422705401
v -0.001496849011945814 -0.04338324943608196 -0.11857890883043781
v -0.001250785887045858 -0.04349332634560721 -0.1182831248198068
v -0.0018293751155008813 -0.04398755091742146 -0.11817447460712666
v -0.0018293751155008813 -0.04398755091742146 -0.11817447460712666
v -0.001250785887045858 -0.04349332634560721 -0.1182831248198068
v -0.001701946458592327 -0.04418628902500554 -0.11787495982239266
v -0.0010923396867786735 -0.04365440575999635 -0.11793403422705401
v -0.0006528552484657766 -0.043205881263594925 -0.1179291361555323
v -0.0011849592294850555 -0.04414992351424507 -0.11739304146454183
v -0.00047180282330321424 -0.04311920370820843 -0.11773949991605631
v -0.00023183813302195098 -0.042840009816773605 -0.11765182290993875
v -0.0008396091263928112 -0.044158189963612315 -0.116719335377855
v -0.001701946458592327 -0.04418628902500554 -0.11787495982239266
v -0.001250785887045858 -0.04349332634560721 -0.1182831248198068
v -0.001415236063466441 -0.04407953090225902 -0.1177413080826461
v -0.0008396091263928112 -0.044158189963612315 -0.116719335377855
v -0.00023183813302195098 -0.042840009816773605 -0.11765182290993875
v -0.00024547263655728095 -0.04310300650284926 -0.11709948523721975
v -0.0010923396867786735 -0.04365440575999635 -0.11793403422705401
v -0.0011849592294850555 -0.04414992351424507 -0.11739304146454183
v -0.001415236063466441 -0.04407953090225902 -0.1177413080826461
v -0.00020019220766592972 -0.043157781743488055 -0.11652320652332454
v -0.00026845039212235194 -0.043330812604978064 -0.1162399042027395
v -0.00035438789620416416 -0.043519308249917454 -0.11626299075168761
v -0.0010923396867786735 -0.04365440575999635 -0.11793403422705401
v -0.001415236063466441 -0.04407953090225902 -0.1177413080826461
v -0.001250785887045858 -0.04349332634560721 -0.1182831248198068
v -0.00035438789620416416 -0.043519308249917454 -0.11626299075168761
v -0.0006228944359045614 -0.04397802180319932 -0.11637711124050648
v -0.00024547263655728095 -0.04310300650284926 -0.11709948523721975
v -0.00047180282330321424 -0.04311920370820843 -0.11773949991605631
v -0.0011849592294850555 -0.04414992351424507 -0.11739304146454183
v -0.0006528552484657766 -0.043205881263594925 -0.1179291361555323
v -0.00020019220766592972 -0.043157781743488055 -0.11652320652332454
v -0.00035438789620416416 -0.043519308249917454 -0.11626299075168761
v -0.00024547263655728095 -0.04310300650284926 -0.11709948523721975
v -0.0006528552484657766 -0.043205881263594925 -0.1179291361555323
v -0.0010923396867786735 -0.04365440575999635 -0.11793403422705401
v -0.0006089873603157271 -0.042857835897942564 -0.11833113660187239
v -0.0006089873603157271 -0.042857835897942564 -0.11833113660187239
v -0.0010923396867786735 -0.04365440575999635 -0.11793403422705401
v -0.000985694812862606 -0.04316657462110296 -0.11839415540369375
v 3.9765069287287485e-05 -0.04263838398322228 -0.11690602667090205
v -0.00020019220766592972 -0.043157781743488055 -0.11652320652332454
v -0.00024547263655728095 -0.04310300650284926 -0.11709948523721975
v -0.001006418752788896 -0.042893652092270695 -0.11870493880468563
v -0.001496849011945814 -0.04338324943608196 -0.11857890883043781
v -0.0014361520495673188 -0.04277473652876118 -0.11909241288314826
v -0.0006089873603157271 -0.042857835897942564 -0.11833113660187239
v -0.000985694812862606 -0.04316657462110296 -0.11839415540369375
v -0.001006418752788896 -0.042893652092270695 -0.11870493880468563
v -0.00047180282330321424 -0.04311920370820843 -0.11773949991605631
v -0.0006528552484657766 -0.043205881263594925 -0.1179291361555323
v -8.09921213710662e-05 -0.042183935261685956 -0.11840490522109887
v 0.00019017092296734142 -0.04227824984136097 -0.11744715676252232
v -2.004687303899832e-06 -0.042503133885245514 -0.11765730081547238
v 0.00041138558553593604 -0.04177454574639139 -0.11792702281314676
v -0.0006089873603157271 -0.042857835897942564 -0.11833113660187239
v -0.001006418752788896 -0.042893652092270695 -0.11870493880468563
v -0.0006195228394080544 -0.04236453829760789 -0.11887860672064926
v -0.00023183813302195098 -0.042840009816773605 -0.11765182290993875
v -0.00047180282330321424 -0.04311920370820843 -0.11773949991605631
v 0.0003750917493642107 -0.04164602096001335 -0.11830125989146895
v 0.0002729355226454428 -0.04218482790088851 -0.11712026007951509
v 0.00019017092296734142 -0.04227824984136097 -0.11744715676252232
v 0.00040867563043018456 -0.04193517121178436 -0.11728661903517063
v -0.0006089873603157271 -0.042857835897942564 -0.11833113660187239
v -0.0006195228394080544 -0.04236453829760789 -0.11887860672064926
v -0.000245464604831016 -0.04219157991536937 -0.11864220991987023
v -0.000245464604831016 -0.04219157991536937 -0.11864220991987023
v -0.0006195228394080544 -0.04236453829760789 -0.11887860672064926
v -0.00025950126092374673 -0.04164146239656441 -0.11920523637483521
v -0.00047180282330321424 -0.04311920370820843 -0.11773949991605631
v -8.09921213710662e-05 -0.042183935261685956 -0.11840490522109887
v 0.0003750917493642107 -0.04164602096001335 -0.11830125989146895
v 0.00040867563043018456 -0.04193517121178436 -0.11728661903517063
v 0.00019017092296734142 -0.04227824984136097 -0.11744715676252232
v 0.0006346729103180738 -0.04150448042594679 -0.11772855173438396
v -2.004687303899832e-06 -0.042503133885245514 -0.11765730081547238
v -0.00023183813302195098 -0.042840009816773605 -0.11765182290993875
v 0.0007348521700850306 -0.04117353634894849 -0.118223150146548
v 0.0007348521700850306 -0.04117353634894849 -0.118223150146548
v -0.00023183813302195098 -0.042840009816773605 -0.11765182290993875
v 0.0003750917493642107 -0.04164602096001335 -0.11830125989146895
v -8.09921213710662e-05 -0.042183935261685956 -0.11840490522109887
v -0.000245464604831016 -0.04219157991536937 -0.11864220991987023
v 0.0003515230286192835 -0.041404096662633894 -0.1187004222029086
v 0.00041138558553593604 -0.04177454574639139 -0.11792702281314676
v -2.004687303899832e-06 -0.042503133885245514 -0.11765730081547238
v 0.0007348521700850306 -0.04117353634894849 -0.118223150146548
v 0.00019017092296734142 -0.04227824984136097 -0.11744715676252232
v 0.00041138558553593604 -0.04177454574639139 -0.11792702281314676
v 0.0006346729103180738 -0.04150448042594679 -0.11772855173438396
v 0.0003750917493642107 -0.04164602096001335 -0.11830125989146895
v -8.09921213710662e-05 -0.042183935261685956 -0.11840490522109887
v 0.0003515230286192835 -0.041404096662633894 -0.1187004222029086
v 0.0002420356686635116 -0.04114918713514548 -0.1191172541929219
v -0.00025950126092374673 -0.04164146239656441 -0.11920523637483521
v 4.150686237667677e-05 -0.041089326902810086 -0.11935819048366264
v 0.0007181636436156409 -0.04141243559125263 -0.11739149269737842
v 0.0005923609418891433 -0.04162155730528694 -0.11730762275931278
v 0.00040867563043018456 -0.04193517121178436 -0.11728661903517063
v 0.0007181636436156409 -0.04141243559125263 -0.11739149269737842
v 0.00040867563043018456 -0.04193517121178436 -0.11728661903517063
v 0.0006346729103180738 -0.04150448042594679 -0.11772855173438396
v 0.0007181636436156409 -0.04141243559125263 -0.11739149269737842
v 0.0006346729103180738 -0.04150448042594679 -0.11772855173438396
v 0.0009037291240786979 -0.04111707501203821 -0.11748323617097428
v 0.0003515230286192835 -0.041404096662633894 -0.1187004222029086
v 0.0002420356686635116 -0.04114918713514548 -0.1191172541929219
v 0.0008924340433572738 -0.04051460077077573 -0.1188517512506237
v 0.0003750917493642107 -0.04164602096001335 -0.11830125989146895
v 0.0003515230286192835 -0.041404096662633894 -0.1187004222029086
v 0.0009590947487520334 -0.04069202997842192 -0.11850012006937133
v 0.0007348521700850306 -0.04117353634894849 -0.118223150146548
v 0.0003750917493642107 -0.04164602096001335 -0.11830125989146895
v 0.0009590947487520334 -0.04069202997842192 -0.11850012006937133
v 0.0009037291240786979 -0.04111707501203821 -0.11748323617097428
v 0.0006346729103180738 -0.04150448042594679 -0.11772855173438396
v 0.0011021309422409866 -0.04081690028464591 -0.1175989740915106
v 0.001038055469226862 -0.040845144304542114 -0.11791578471446845
v 0.00041138558553593604 -0.04177454574639139 -0.11792702281314676
v 0.001457222769333383 -0.04019581794923788 -0.11803556621429839
v 0.001042359282411934 -0.04090727046716092 -0.11745659432400574
v 0.0009037291240786979 -0.04111707501203821 -0.11748323617097428
v 0.0011021309422409866 -0.04081690028464591 -0.1175989740915106
v 0.0008924340433572738 -0.04051460077077573 -0.1188517512506237
v 0.0002420356686635116 -0.04114918713514548 -0.1191172541929219
v 0.0009521049713318715 -0.04014934349024335 -0.11910436814494657
v 0.001457222769333383 -0.04019581794923788 -0.11803556621429839
v 0.00041138558553593604 -0.04177454574639139 -0.11792702281314676
v 0.0007348521700850306 -0.04117353634894849 -0.118223150146548
v 0.0009521049713318715 -0.04014934349024335 -0.11910436814494657
v 0.0002420356686635116 -0.04114918713514548 -0.1191172541929219
v 0.0004170969922765584 -0.04054408075264471 -0.11940317339595546
v 0.0007348521700850306 -0.04117353634894849 -0.118223150146548
v 0.0009590947487520334 -0.04069202997842192 -0.11850012006937133
v 0.0017664365415352022 -0.03965175816997846 -0.11822711743189268
v 0.0012221029385246775 -0.040642759346198876 -0.1174948252218177
v 0.0011021309422409866 -0.04081690028464591 -0.1175989740915106
v 0.0015463310022492687 -0.040192171098478724 -0.11751328835746028
v 0.0009590947487520334 -0.04069202997842192 -0.11850012006937133
v 0.0008924340433572738 -0.04051460077077573 -0.1188517512506237
v 0.0015963663621011014 -0.039630285238050345 -0.11861894026544467
v 0.0017664365415352022 -0.03965175816997846 -0.11822711743189268
v 0.0009590947487520334 -0.04069202997842192 -0.11850012006937133
v 0.0015963663621011014 -0.039630285238050345 -0.11861894026544467
v 0.0015463310022492687 -0.040192171098478724 -0.11751328835746028
v 0.001038055469226862 -0.040845144304542114 -0.11791578471446845
v 0.0016882042494587722 -0.03992893408646392 -0.11784024607562665
v 0.0009521049713318715 -0.04014934349024335 -0.11910436814494657
v 0.0008129355101470922 -0.039934251774704776 -0.11940766710954781
v 0.0013086653377319959 -0.03926630969586009 -0.1192865352068217
v 0.0008924340433572738 -0.04051460077077573 -0.1188517512506237
v 0.0009521049713318715 -0.04014934349024335 -0.11910436814494657
v 0.001496326040767715 -0.03942416950560412 -0.11896754257692427
v 0.0009521049713318715 -0.04014934349024335 -0.11910436814494657
v 0.0013086653377319959 -0.03926630969586009 -0.1192865352068217
v 0.001496326040767715 -0.03942416950560412 -0.11896754257692427
v 0.0014206554372361154 -0.040362253198842346 -0.1174127024151827
v 0.0012221029385246775 -0.040642759346198876 -0.1174948252218177
v 0.0015463310022492687 -0.040192171098478724 -0.11751328835746028
v 0.0015463310022492687 -0.040192171098478724 -0.11751328835746028
v 0.0016882042494587722 -0.03992893408646392 -0.11784024607562665
v 0.0023425589720443844 -0.03914232821414121 -0.11731464180261492
v 0.0016701155502124592 -0.04002578162524362 -0.11731529793057577
v 0.0015463310022492687 -0.040192171098478724 -0.11751328835746028
v 0.0017630325201103973 -0.03990427588216772 -0.11732465156871535
v 0.0016882042494587722 -0.03992893408646392 -0.11784024607562665
v 0.001457222769333383 -0.04019581794923788 -0.11803556621429839
v 0.002509911894803402 -0.03889152330110557 -0.11741811165616228
v 0.0017630325201103973 -0.03990427588216772 -0.11732465156871535
v 0.0015463310022492687 -0.040192171098478724 -0.11751328835746028
v 0.0023425589720443844 -0.03914232821414121 -0.11731464180261492
v 0.0023425589720443844 -0.03914232821414121 -0.11731464180261492
v 0.0016882042494587722 -0.03992893408646392 -0.11784024607562665
v 0.002509911894803402 -0.03889152330110557 -0.11741811165616228
v 0.001496326040767715 -0.03942416950560412 -0.11896754257692427
v 0.0013086653377319959 -0.03926630969586009 -0.1192865352068217
v 0.0017764553675420768 -0.03862320511209161 -0.11909054368139932
v 0.0017630325201103973 -0.03990427588216772 -0.11732465156871535
v 0.0023425589720443844 -0.03914232821414121 -0.11731464180261492
v 0.002113206963775261 -0.039461397137987575 -0.11709924872597804
v 0.0019118346883948566 -0.03971218679223343 -0.11713429053672447
v 0.0017630325201103973 -0.03990427588216772 -0.11732465156871535
v 0.002113206963775261 -0.039461397137987575 -0.11709924872597804
v 0.0017664365415352022 -0.03965175816997846 -0.11822711743189268
v 0.0015963663621011014 -0.039630285238050345 -0.11861894026544467
v 0.0022911063328817653 -0.03893173402689243 -0.11803954875843287
v 0.0022911063328817653 -0.03893173402689243 -0.11803954875843287
v 0.0015963663621011014 -0.039630285238050345 -0.11861894026544467
v 0.00244401824161869 -0.038382829581875555 -0.11833409680709112
v 0.001937229486926179 -0.038821737226013564 -0.11878419295884063
v 0.002200212583142181 -0.03796591748321587 -0.11888339035124756
v 0.0026699329690696443 -0.03776361263351902 -0.11837875165540351
v 0.0024225281435520667 -0.03890457338107112 -0.11772044168761203
v 0.0017664365415352022 -0.03965175816997846 -0.11822711743189268
v 0.0022911063328817653 -0.03893173402689243 -0.11803954875843287
v 0.002113206963775261 -0.039461397137987575 -0.11709924872597804
v 0.0023425589720443844 -0.03914232821414121 -0.11731464180261492
v 0.002619413500269952 -0.03885519975201701 -0.11680930883183555
v 0.002344583861132871 -0.039179204894359554 -0.11682418615187812
v 0.002113206963775261 -0.039461397137987575 -0.11709924872597804
v 0.002619413500269952 -0.03885519975201701 -0.11680930883183555
v 0.0026699329690696443 -0.03776361263351902 -0.11837875165540351
v 0.002200212583142181 -0.03796591748321587 -0.11888339035124756
v 0.002700383553020242 -0.03735143075969338 -0.11849026289116876
v 0.002955594680025542 -0.03811798658223564 -0.11756620584044247
v 0.00244401824161869 -0.038382829581875555 -0.11833409680709112
v 0.003051247264830027 -0.03766252315117846 -0.11781943308635684
v 0.002630633479135392 -0.038843954023943805 -0.11657998448012291
v 0.0025076395272180534 -0.03898725313353335 -0.11670926457659542
v 0.002619413500269952 -0.03885519975201701 -0.11680930883183555
v 0.002509911894803402 -0.03889152330110557 -0.11741811165616228
v 0.0024225281435520667 -0.03890457338107112 -0.11772044168761203
v 0.0033964871589288468 -0.03787638653413916 -0.11664279728828214
v 0.0023425589720443844 -0.03914232821414121 -0.11731464180261492
v 0.002509911894803402 -0.03889152330110557 -0.11741811165616228
v 0.0033964871589288468 -0.03787638653413916 -0.11664279728828214
v 0.00330892340164174 -0.03807993116050623 -0.11625234011641611
v 0.0023425589720443844 -0.03914232821414121 -0.11731464180261492
v 0.0033964871589288468 -0.03787638653413916 -0.11664279728828214
v 0.002862387077865875 -0.03858146850732602 -0.116329808992166
v 0.002619413500269952 -0.03885519975201701 -0.11680930883183555
v 0.00330892340164174 -0.03807993116050623 -0.11625234011641611
v 0.002700383553020242 -0.03735143075969338 -0.11849026289116876
v 0.0026988598198088303 -0.0364599855574399 -0.11862676039521064
v 0.002841562882922311 -0.036627000641056284 -0.11844456281575594
v 0.002200212583142181 -0.03796591748321587 -0.11888339035124756
v 0.0014669620495429833 -0.03727521310470605 -0.11985832783651945
v 0.0017498850461506598 -0.03674153693189686 -0.11967999836027582
v 0.002700383553020242 -0.03735143075969338 -0.11849026289116876
v 0.002200212583142181 -0.03796591748321587 -0.11888339035124756
v 0.0017498850461506598 -0.03674153693189686 -0.11967999836027582
v 0.0022111810303947215 -0.03653405935246212 -0.11918390458671263
v 0.0025892206468156047 -0.036308713730186515 -0.11877116195236231
v 0.0026988598198088303 -0.0364599855574399 -0.11862676039521064
v 0.0022111810303947215 -0.03653405935246212 -0.11918390458671263
v 0.0024789804205559156 -0.036170892526130594 -0.1189171046472825
v 0.0025892206468156047 -0.036308713730186515 -0.11877116195236231
v -5.726197633925888e-05 -0.039474637952825464 -0.12043390464608444
v 0.0004170969922765584 -0.04054408075264471 -0.11940317339595546
v -0.0004155337411837838 -0.04018176460384382 -0.12030994986724769
v -0.0008557709861959503 -0.042370470152137685 -0.11906645768172014
v -0.0014361520495673188 -0.04277473652876118 -0.11909241288314826
v -0.0024520360203961204 -0.04201012238721935 -0.12039342307677886
v 4.150686237667677e-05 -0.041089326902810086 -0.11935819048366264
v -0.00025950126092374673 -0.04164146239656441 -0.11920523637483521
v -0.0007656792765945583 -0.04076279643075775 -0.12020389364883138
v 0.0022111810303947215 -0.03653405935246212 -0.11918390458671263
v 0.002379057520378314 -0.03604095248699979 -0.11905182450231416
v 0.0024789804205559156 -0.036170892526130594 -0.1189171046472825
v 0.0022111810303947215 -0.03653405935246212 -0.11918390458671263
v 0.002263522970899629 -0.03586878756183021 -0.11921198075992118
v 0.002379057520378314 -0.03604095248699979 -0.11905182450231416
v 0.0014669620495429833 -0.03727521310470605 -0.11985832783651945
v 0.0017764553675420768 -0.03862320511209161 -0.11909054368139932
v 0.0010416237610604703 -0.0376698435555789 -0.12019552420263308
v 0.001802622165469198 -0.03581836107628078 -0.11979843708660448
v 0.002139719587867795 -0.03571076753479341 -0.11938368792139714
v 0.002263522970899629 -0.03586878756183021 -0.11921198075992118
v 0.0010416237610604703 -0.0376698435555789 -0.12019552420263308
v 0.000969296680236355 -0.038514516752437 -0.1199348811848821
v 0.0004135260182338078 -0.03763081538600055 -0.12087661554357693
v 0.001802622165469198 -0.03581836107628078 -0.11979843708660448
v 0.0020275419721423053 -0.03554905106593065 -0.11954385943779394
v 0.002139719587867795 -0.03571076753479341 -0.11938368792139714
v -0.0007656792765945583 -0.04076279643075775 -0.12020389364883138
v -0.0009325762237993864 -0.04136412626278618 -0.11990070149575865
v -0.001935316416156602 -0.040926557577452005 -0.12095848658018044
v 0.001802622165469198 -0.03581836107628078 -0.11979843708660448
v 0.0022111810303947215 -0.03653405935246212 -0.11918390458671263
v 0.0017498850461506598 -0.03674153693189686 -0.11967999836027582
v 0.001802622165469198 -0.03581836107628078 -0.11979843708660448
v 0.0019320823871867708 -0.03540381790473557 -0.1196827754600171
v 0.0020275419721423053 -0.03554905106593065 -0.11954385943779394
v -0.00296005024664342 -0.042974504604655905 -0.11977220722696019
v -0.003278559840476648 -0.04338194480955515 -0.1195158900761139
v -0.004244738303573471 -0.042450426210622894 -0.1209599666827898
v 0.0014669620495429833 -0.03727521310470605 -0.11985832783651945
v 0.0010416237610604703 -0.0376698435555789 -0.12019552420263308
v 0.0005190614112393286 -0.03712072930220245 -0.12097019770134215
v 0.001802622165469198 -0.03581836107628078 -0.11979843708660448
v 0.0018246183069940002 -0.035236333613333226 -0.11984176442020539
v 0.0019320823871867708 -0.03540381790473557 -0.1196827754600171
v -5.726197633925888e-05 -0.039474637952825464 -0.12043390464608444
v -0.0004155337411837838 -0.04018176460384382 -0.12030994986724769
v -0.000892721337758737 -0.039429159129864555 -0.1211938839302284
v 0.0017498850461506598 -0.03674153693189686 -0.11967999836027582
v 0.0014669620495429833 -0.03727521310470605 -0.11985832783651945
v 0.0010948803944875465 -0.0361456888200995 -0.12061133385373063
v 0.0012273585187227295 -0.03490112851928684 -0.1206954097854584
v 0.0017152689317974372 -0.03507594084448451 -0.12000517842943198
v 0.0018246183069940002 -0.035236333613333226 -0.11984176442020539
v -0.0026393255056865465 -0.04474655363901903 -0.11775610147934484
v -0.005031250715808734 -0.04234301195991552 -0.12143697933972403
v -0.004244738303573471 -0.042450426210622894 -0.1209599666827898
v -0.0012285959112070396 -0.04009158515620115 -0.12103590967956096
v -0.0007656792765945583 -0.04076279643075775 -0.12020389364883138
v -0.0016610159470809714 -0.040372274409035125 -0.12117645839229135
v 0.0014669620495429833 -0.03727521310470605 -0.11985832783651945
v 0.0005190614112393286 -0.03712072930220245 -0.12097019770134215
v 0.0006653443890927009 -0.03624357395658473 -0.12110755732700701
v 0.0010948803944875465 -0.0361456888200995 -0.12061133385373063
v 0.0014669620495429833 -0.03727521310470605 -0.11985832783651945
v 0.0006653443890927009 -0.03624357395658473 -0.12110755732700701
v 0.0012273585187227295 -0.03490112851928684 -0.1206954097854584
v 0.001609219389101663 -0.034902929056481735 -0.1201677226876407
v 0.0017152689317974372 -0.03507594084448451 -0.12000517842943198
v 0.001802622165469198 -0.03581836107628078 -0.11979843708660448
v 0.0010948803944875465 -0.0361456888200995 -0.12061133385373063
v 0.0010083607914172096 -0.03557174851573919 -0.12086278345063478
v 0.0012273585187227295 -0.03490112851928684 -0.1206954097854584
v 0.001802622165469198 -0.03581836107628078 -0.11979843708660448
v 0.0010083607914172096 -0.03557174851573919 -0.12086278345063478
v -0.000892721337758737 -0.039429159129864555 -0.1211938839302284
v -0.0012285959112070396 -0.04009158515620115 -0.12103590967956096
v -0.0014806113946355672 -0.03935052677139339 -0.12175385862723592
v -0.0012227424963934949 -0.0388929843302277 -0.12182616240264282
v -0.000892721337758737 -0.039429159129864555 -0.1211938839302284
v -0.0014806113946355672 -0.03935052677139339 -0.12175385862723592
v 0.00012565813065372816 -0.03787417400962001 -0.12107290461540016
v -0.0002730695138932621 -0.038353021536026155 -0.1212427196869425
v -0.0009001374076185802 -0.038026246923337226 -0.12204371459803459
v 0.0012273585187227295 -0.03490112851928684 -0.1206954097854584
v 0.0014997423407499268 -0.03473323605525769 -0.12033731650673113
v 0.001609219389101663 -0.034902929056481735 -0.1201677226876407
v 0.0004135260182338078 -0.03763081538600055 -0.12087661554357693
v 0.00012565813065372816 -0.03787417400962001 -0.12107290461540016
v -0.0003829769376030406 -0.037348409519315506 -0.12186379820765308
v 0.0005190614112393286 -0.03712072930220245 -0.12097019770134215
v 0.0004135260182338078 -0.03763081538600055 -0.12087661554357693
v -0.00020374018921586612 -0.036682809664703164 -0.12196796233613577
v 0.0010083607914172096 -0.03557174851573919 -0.12086278345063478
v 0.0010948803944875465 -0.0361456888200995 -0.12061133385373063
v 0.0006653443890927009 -0.03624357395658473 -0.12110755732700701
v 0.0014056847763153915 -0.03462632915931074 -0.12048154258780025
v 0.0012273585187227295 -0.03490112851928684 -0.1206954097854584
v 0.0013070396805731773 -0.0344078499924394 -0.12064508629674003
v 0.0007463004943554509 -0.03434016581564059 -0.12147430233954365
v 0.0010083607914172096 -0.03557174851573919 -0.12086278345063478
v 4.749267028842688e-05 -0.03511271834256924 -0.12225745209597955
v 0.0012273585187227295 -0.03490112851928684 -0.1206954097854584
v 0.001142238313568897 -0.03410976571924795 -0.12091841699819911
v 0.0013070396805731773 -0.0344078499924394 -0.12064508629674003
v -0.0009001374076185802 -0.038026246923337226 -0.12204371459803459
v -0.0012227424963934949 -0.0388929843302277 -0.12182616240264282
v -0.0012078434802591939 -0.03786464108070042 -0.12244553193889723
v -0.00020374018921586612 -0.036682809664703164 -0.12196796233613577
v -0.0003829769376030406 -0.037348409519315506 -0.12186379820765308
v -0.0008240248356249787 -0.036741922216338985 -0.12264090548333323
v 0.0007463004943554509 -0.03434016581564059 -0.12147430233954365
v 4.749267028842688e-05 -0.03511271834256924 -0.12225745209597955
v 0.0003531046081411971 -0.034411386216972595 -0.1220299435402516
v 0.0007463004943554509 -0.03434016581564059 -0.12147430233954365
v 0.0009960624452672736 -0.03384245461035995 -0.12116652492013985
v 0.001142238313568897 -0.03410976571924795 -0.12091841699819911
v 0.0007463004943554509 -0.03434016581564059 -0.12147430233954365
v 0.0008514959620556722 -0.03355132834531149 -0.12141986660697762
v 0.0009960624452672736 -0.03384245461035995 -0.12116652492013985
v 0.0003108623473476423 -0.03344544760297774 -0.12229369172172427
v 0.0007432537431883991 -0.033355970059665285 -0.12161184507068595
v 0.0008514959620556722 -0.03355132834531149 -0.12141986660697762
v 0.0003108623473476423 -0.03344544760297774 -0.12229369172172427
v 0.0003531046081411971 -0.034411386216972595 -0.1220299435402516
v 6.41917095275382e-05 -0.03371466606058915 -0.1226275387834796
v 0.00016985224994128976 -0.03272334063508575 -0.12263886080550174
v 0.0005284465206328513 -0.032909200324089394 -0.12200866515789327
v 0.0006382144992695544 -0.033126306199879885 -0.12180494505544365
v 0.00016985224994128976 -0.03272334063508575 -0.12263886080550174
v 0.00037682985069073885 -0.032483270280665444 -0.12230759247922046
v 0.0005284465206328513 -0.032909200324089394 -0.12200866515789327
v 0.00016985224994128976 -0.03272334063508575 -0.12263886080550174
v 0.00022343208957001202 -0.03220886001982892 -0.1226049023688302
v 0.00037682985069073885 -0.032483270280665444 -0.12230759247922046
v -0.00018107187117884403 -0.031949624625435824 -0.12337540258853247
v 0.00013695456738088525 -0.03198333892147076 -0.12278211795341937
v 0.00022343208957001202 -0.03220886001982892 -0.1226049023688302
v -0.00018107187117884403 -0.031949624625435824 -0.12337540258853247
v -3.2993809955831836e-05 -0.03164560086831969 -0.12313161290410152
v 0.00013695456738088525 -0.03198333892147076 -0.12278211795341937
v -0.00018107187117884403 -0.031949624625435824 -0.12337540258853247
v -0.0001391511476568023 -0.03138617283170553 -0.12335975469960564
v -3.2993809955831836e-05 -0.03164560086831969 -0.12313161290410152
v 0.000969296680236355 -0.038514516752437 -0.1199348811848821
v 0.0017764553675420768 -0.03862320511209161 -0.11909054368139932
v 0.0013086653377319959 -0.03926630969586009 -0.1192865352068217
v 0.0013086653377319959 -0.03926630969586009 -0.1192865352068217
v 0.0004687201901383034 -0.03892557710521327 -0.12023197745143482
v 0.000969296680236355 -0.038514516752437 -0.1199348811848821
v 0.0004687201901383034 -0.03892557710521327 -0.12023197745143482
v 0.0013086653377319959 -0.03926630969586009 -0.1192865352068217
v -5.726197633925888e-05 -0.039474637952825464 -0.12043390464608444
v -0.0009325762237993864 -0.04136412626278618 -0.11990070149575865
v -0.0008557709861959503 -0.042370470152137685 -0.11906645768172014
v -0.0020020876881726717 -0.04148566252344166 -0.12055028343579183
v -0.001496849011945814 -0.04338324943608196 -0.11857890883043781
v -0.002944584986356858 -0.042423189270852646 -0.12030246543085704
v -0.0014361520495673188 -0.04277473652876118 -0.11909241288314826
v -0.003820993128112183 -0.041504926745548065 -0.12167518430709284
v -0.0024520360203961204 -0.04201012238721935 -0.12039342307677886
v -0.002944584986356858 -0.042423189270852646 -0.12030246543085704
v -0.003104994444506904 -0.04085083201843531 -0.12183823973475943
v -0.0020020876881726717 -0.04148566252344166 -0.12055028343579183
v -0.0024520360203961204 -0.04201012238721935 -0.12039342307677886
v -0.001935316416156602 -0.040926557577452005 -0.12095848658018044
v -0.0020020876881726717 -0.04148566252344166 -0.12055028343579183
v -0.003104994444506904 -0.04085083201843531 -0.12183823973475943
v -0.003104994444506904 -0.04085083201843531 -0.12183823973475943
v -0.002394343251466286 -0.03999742697912145 -0.12202863891372479
v -0.001935316416156602 -0.040926557577452005 -0.12095848658018044
v -0.002394343251466286 -0.03999742697912145 -0.12202863891372479
v -0.0016610159470809714 -0.040372274409035125 -0.12117645839229135
v -0.001935316416156602 -0.040926557577452005 -0.12095848658018044
v -0.0012285959112070396 -0.04009158515620115 -0.12103590967956096
v -0.0016610159470809714 -0.040372274409035125 -0.12117645839229135
v -0.0020459631461129672 -0.039480215040492705 -0.12213580139440067
v -0.0014806113946355672 -0.03935052677139339 -0.12175385862723592
v -0.0012285959112070396 -0.04009158515620115 -0.12103590967956096
v -0.0020459631461129672 -0.039480215040492705 -0.12213580139440067
v -0.0020459631461129672 -0.039480215040492705 -0.12213580139440067
v -0.0018248185786099579 -0.03911644167726713 -0.12220877655655821
v -0.0014806113946355672 -0.03935052677139339 -0.12175385862723592
v -0.0018248185786099579 -0.03911644167726713 -0.12220877655655821
v -0.0015532441876972562 -0.038607656405298396 -0.12230708893915748
v -0.0014806113946355672 -0.03935052677139339 -0.12175385862723592
v -0.0012227424963934949 -0.0388929843302277 -0.12182616240264282
v -0.0014806113946355672 -0.03935052677139339 -0.12175385862723592
v -0.0015532441876972562 -0.038607656405298396 -0.12230708893915748
v -0.0008240248356249787 -0.036741922216338985 -0.12264090548333323
v -0.0009001374076185802 -0.038026246923337226 -0.12204371459803459
v -0.0012078434802591939 -0.03786464108070042 -0.12244553193889723
v -0.0008240248356249787 -0.036741922216338985 -0.12264090548333323
v -0.0006729781947302506 -0.036203439524746805 -0.12273133670100739
v -0.00020374018921586612 -0.036682809664703164 -0.12196796233613577
v -0.00020374018921586612 -0.036682809664703164 -0.12196796233613577
v -0.0006729781947302506 -0.036203439524746805 -0.12273133670100739
v -0.00044437100613761726 -0.03517766738129868 -0.12289763462150377
v 4.730209560357665e-05 -0.036014200013805286 -0.12193629271793233
v -0.00020374018921586612 -0.036682809664703164 -0.12196796233613577
v -0.00044437100613761726 -0.03517766738129868 -0.12289763462150377
v 4.749267028842688e-05 -0.03511271834256924 -0.12225745209597955
v 4.730209560357665e-05 -0.036014200013805286 -0.12193629271793233
v -0.00044437100613761726 -0.03517766738129868 -0.12289763462150377
v -0.00044437100613761726 -0.03517766738129868 -0.12289763462150377
v -0.00028086913966045296 -0.03394001931225965 -0.12308705723792274
v 4.749267028842688e-05 -0.03511271834256924 -0.12225745209597955
v 6.41917095275382e-05 -0.03371466606058915 -0.1226275387834796
v 4.749267028842688e-05 -0.03511271834256924 -0.12225745209597955
v -0.00028086913966045296 -0.03394001931225965 -0.12308705723792274
v 0.00016985224994128976 -0.03272334063508575 -0.12263886080550174
v 6.41917095275382e-05 -0.03371466606058915 -0.1226275387834796
v -0.00019968871230643606 -0.03282553637968588 -0.12325103582237146
v -0.0001391511476568023 -0.03138617283170553 -0.12335975469960564
v -0.00018107187117884403 -0.031949624625435824 -0.12337540258853247
v -0.00018986775882845307 -0.03126014476480643 -0.12347093787139046
v -0.00018992189474964163 -0.031258086735533874 -0.12347122015900153
v -0.00018952640301161087 -0.031259095723008556 -0.12347035040798365
v -0.00018986775882845307 -0.03126014476480643 -0.12347093787139046
v -0.00018986775882845307 -0.03126014476480643 -0.12347093787139046
v -0.00018952640301161087 -0.031259095723008556 -0.12347035040798365
v -0.0001391511476568023 -0.03138617283170553 -0.12335975469960564
v -0.00019968871230643606 -0.03282553637968588 -0.12325103582237146
v -0.00018107187117884403 -0.031949624625435824 -0.12337540258853247
v 0.00016985224994128976 -0.03272334063508575 -0.12263886080550174
v -0.00019968871230643606 -0.03282553637968588 -0.12325103582237146
v 6.41917095275382e-05 -0.03371466606058915 -0.1226275387834796
v -0.00028086913966045296 -0.03394001931225965 -0.12308705723792274
v -0.0015532441876972562 -0.038607656405298396 -0.12230708893915748
v -0.0012078434802591939 -0.03786464108070042 -0.12244553193889723
v -0.0012227424963934949 -0.0388929843302277 -0.12182616240264282
v -0.0020459631461129672 -0.039480215040492705 -0.12213580139440067
v -0.0016610159470809714 -0.040372274409035125 -0.12117645839229135
v -0.002394343251466286 -0.03999742697912145 -0.12202863891372479
v -0.003820993128112183 -0.041504926745548065 -0.12167518430709284
v -0.003104994444506904 -0.04085083201843531 -0.12183823973475943
v -0.0024520360203961204 -0.04201012238721935 -0.12039342307677886
v -0.004743870483653046 -0.04217207918202126 -0.12148961453509516
v -0.004295442308362153 -0.04187589081346088 -0.1215758724737625
v -0.004244738303573471 -0.042450426210622894 -0.1209599666827898
v -0.005031250715808734 -0.04234301195991552 -0.12143697933972403
v -0.004743870483653046 -0.04217207918202126 -0.12148961453509516
v -0.004244738303573471 -0.042450426210622894 -0.1209599666827898
v -0.001496849011945814 -0.04338324943608196 -0.11857890883043781
v -0.0018293751155008813 -0.04398755091742146 -0.11817447460712666
v -0.00296005024664342 -0.042974504604655905 -0.11977220722696019
v 0.0004170969922765584 -0.04054408075264471 -0.11940317339595546
v 4.150686237667677e-05 -0.041089326902810086 -0.11935819048366264
v -0.0007656792765945583 -0.04076279643075775 -0.12020389364883138
v 0.00022343208957001202 -0.03220886001982892 -0.1226049023688302
v 0.00016985224994128976 -0.03272334063508575 -0.12263886080550174
v -0.00018107187117884403 -0.031949624625435824 -0.12337540258853247
v 6.41917095275382e-05 -0.03371466606058915 -0.1226275387834796
v 0.00016985224994128976 -0.03272334063508575 -0.12263886080550174
v 0.0003108623473476423 -0.03344544760297774 -0.12229369172172427
v 4.749267028842688e-05 -0.03511271834256924 -0.12225745209597955
v 6.41917095275382e-05 -0.03371466606058915 -0.1226275387834796
v 0.0003531046081411971 -0.034411386216972595 -0.1220299435402516
v 0.0006382144992695544 -0.033126306199879885 -0.12180494505544365
v 0.0003108623473476423 -0.03344544760297774 -0.12229369172172427
v 0.00016985224994128976 -0.03272334063508575 -0.12263886080550174
v 0.0003531046081411971 -0.034411386216972595 -0.1220299435402516
v 0.0003108623473476423 -0.03344544760297774 -0.12229369172172427
v 0.0007463004943554509 -0.03434016581564059 -0.12147430233954365
v 0.0006382144992695544 -0.033126306199879885 -0.12180494505544365
v 0.0007432537431883991 -0.033355970059665285 -0.12161184507068595
v 0.0003108623473476423 -0.03344544760297774 -0.12229369172172427
v 0.0008514959620556722 -0.03355132834531149 -0.12141986660697762
v 0.0007463004943554509 -0.03434016581564059 -0.12147430233954365
v 0.0003108623473476423 -0.03344544760297774 -0.12229369172172427
v 4.730209560357665e-05 -0.036014200013805286 -0.12193629271793233
v 4.749267028842688e-05 -0.03511271834256924 -0.12225745209597955
v 0.0010083607914172096 -0.03557174851573919 -0.12086278345063478
v -0.0009001374076185802 -0.038026246923337226 -0.12204371459803459
v -0.0008240248356249787 -0.036741922216338985 -0.12264090548333323
v -0.0003829769376030406 -0.037348409519315506 -0.12186379820765308
v 0.001142238313568897 -0.03410976571924795 -0.12091841699819911
v 0.0012273585187227295 -0.03490112851928684 -0.1206954097854584
v 0.0007463004943554509 -0.03434016581564059 -0.12147430233954365
v 4.730209560357665e-05 -0.036014200013805286 -0.12193629271793233
v 0.0010083607914172096 -0.03557174851573919 -0.12086278345063478
v 0.0006653443890927009 -0.03624357395658473 -0.12110755732700701
v -0.00020374018921586612 -0.036682809664703164 -0.12196796233613577
v 4.730209560357665e-05 -0.036014200013805286 -0.12193629271793233
v 0.0005190614112393286 -0.03712072930220245 -0.12097019770134215
v 0.0005190614112393286 -0.03712072930220245 -0.12097019770134215
v 4.730209560357665e-05 -0.036014200013805286 -0.12193629271793233
v 0.0006653443890927009 -0.03624357395658473 -0.12110755732700701
v -0.0003829769376030406 -0.037348409519315506 -0.12186379820765308
v -0.00020374018921586612 -0.036682809664703164 -0.12196796233613577
v 0.0004135260182338078 -0.03763081538600055 -0.12087661554357693
v 0.0014997423407499268 -0.03473323605525769 -0.12033731650673113
v 0.0012273585187227295 -0.03490112851928684 -0.1206954097854584
v 0.0014056847763153915 -0.03462632915931074 -0.12048154258780025
v 0.0007463004943554509 -0.03434016581564059 -0.12147430233954365
v 0.0012273585187227295 -0.03490112851928684 -0.1206954097854584
v 0.0010083607914172096 -0.03557174851573919 -0.12086278345063478
v -0.0009001374076185802 -0.038026246923337226 -0.12204371459803459
v -0.0003829769376030406 -0.037348409519315506 -0.12186379820765308
v 0.00012565813065372816 -0.03787417400962001 -0.12107290461540016
v -0.0009001374076185802 -0.038026246923337226 -0.12204371459803459
v -0.0002730695138932621 -0.038353021536026155 -0.1212427196869425
v -0.0005079282763454513 -0.03892810624962051 -0.12114888575914579
v -0.004295442308362153 -0.04187589081346088 -0.1215758724737625
v -0.003820993128112183 -0.041504926745548065 -0.12167518430709284
v -0.002944584986356858 -0.042423189270852646 -0.12030246543085704
v -0.004244738303573471 -0.042450426210622894 -0.1209599666827898
v -0.004295442308362153 -0.04187589081346088 -0.1215758724737625
v -0.00296005024664342 -0.042974504604655905 -0.11977220722696019
v -0.0012227424963934949 -0.0388929843302277 -0.12182616240264282
v -0.0009001374076185802 -0.038026246923337226 -0.12204371459803459
v -0.0005079282763454513 -0.03892810624962051 -0.12114888575914579
v -0.000892721337758737 -0.039429159129864555 -0.1211938839302284
v -0.0012227424963934949 -0.0388929843302277 -0.12182616240264282
v -0.0005079282763454513 -0.03892810624962051 -0.12114888575914579
v -0.00296005024664342 -0.042974504604655905 -0.11977220722696019
v -0.004295442308362153 -0.04187589081346088 -0.1215758724737625
v -0.002944584986356858 -0.042423189270852646 -0.12030246543085704
v 0.0018246183069940002 -0.035236333613333226 -0.11984176442020539
v 0.001802622165469198 -0.03581836107628078 -0.11979843708660448
v 0.0012273585187227295 -0.03490112851928684 -0.1206954097854584
v 0.0004135260182338078 -0.03763081538600055 -0.12087661554357693
v 0.0005190614112393286 -0.03712072930220245 -0.12097019770134215
v 0.0010416237610604703 -0.0376698435555789 -0.12019552420263308
v -0.0012285959112070396 -0.04009158515620115 -0.12103590967956096
v -0.000892721337758737 -0.039429159129864555 -0.1211938839302284
v -0.0004155337411837838 -0.04018176460384382 -0.12030994986724769
v 0.0010948803944875465 -0.0361456888200995 -0.12061133385373063
v 0.001802622165469198 -0.03581836107628078 -0.11979843708660448
v 0.0017498850461506598 -0.03674153693189686 -0.11967999836027582
v -0.0005079282763454513 -0.03892810624962051 -0.12114888575914579
v -0.0002730695138932621 -0.038353021536026155 -0.1212427196869425
v 0.0004687201901383034 -0.03892557710521327 -0.12023197745143482
v -0.000892721337758737 -0.039429159129864555 -0.1211938839302284
v -0.0005079282763454513 -0.03892810624962051 -0.12114888575914579
v -5.726197633925888e-05 -0.039474637952825464 -0.12043390464608444
v -0.0005079282763454513 -0.03892810624962051 -0.12114888575914579
v 0.0004687201901383034 -0.03892557710521327 -0.12023197745143482
v -5.726197633925888e-05 -0.039474637952825464 -0.12043390464608444
v -0.004244738303573471 -0.042450426210622894 -0.1209599666827898
v -0.003278559840476648 -0.04338194480955515 -0.1195158900761139
v -0.0026393255056865465 -0.04474655363901903 -0.11775610147934484
v 0.00012565813065372816 -0.03787417400962001 -0.12107290461540016
v 0.0004135260182338078 -0.03763081538600055 -0.12087661554357693
v 0.000969296680236355 -0.038514516752437 -0.1199348811848821
v -0.0002730695138932621 -0.038353021536026155 -0.1212427196869425
v 0.00012565813065372816 -0.03787417400962001 -0.12107290461540016
v 0.000969296680236355 -0.038514516752437 -0.1199348811848821
v -0.001935316416156602 -0.040926557577452005 -0.12095848658018044
v -0.0016610159470809714 -0.040372274409035125 -0.12117645839229135
v -0.0007656792765945583 -0.04076279643075775 -0.12020389364883138
v 0.0004687201901383034 -0.03892557710521327 -0.12023197745143482
v -0.0002730695138932621 -0.038353021536026155 -0.1212427196869425
v 0.000969296680236355 -0.038514516752437 -0.1199348811848821
v -0.0007656792765945583 -0.04076279643075775 -0.12020389364883138
v -0.0012285959112070396 -0.04009158515620115 -0.12103590967956096
v -0.0004155337411837838 -0.04018176460384382 -0.12030994986724769
v -0.0020020876881726717 -0.04148566252344166 -0.12055028343579183
v -0.001935316416156602 -0.040926557577452005 -0.12095848658018044
v -0.0009325762237993864 -0.04136412626278618 -0.11990070149575865
v 0.000969296680236355 -0.038514516752437 -0.1199348811848821
v 0.0010416237610604703 -0.0376698435555789 -0.12019552420263308
v 0.0017764553675420768 -0.03862320511209161 -0.11909054368139932
v 0.002263522970899629 -0.03586878756183021 -0.11921198075992118
v 0.0022111810303947215 -0.03653405935246212 -0.11918390458671263
v 0.001802622165469198 -0.03581836107628078 -0.11979843708660448
v -0.0024520360203961204 -0.04201012238721935 -0.12039342307677886
v -0.0020020876881726717 -0.04148566252344166 -0.12055028343579183
v -0.0008557709861959503 -0.042370470152137685 -0.11906645768172014
v -0.0009325762237993864 -0.04136412626278618 -0.11990070149575865
v -0.0007656792765945583 -0.04076279643075775 -0.12020389364883138
v -0.00025950126092374673 -0.04164146239656441 -0.11920523637483521
v -0.003278559840476648 -0.04338194480955515 -0.1195158900761139
v -0.00296005024664342 -0.042974504604655905 -0.11977220722696019
v -0.0018293751155008813 -0.04398755091742146 -0.11817447460712666
v 0.0017764553675420768 -0.03862320511209161 -0.11909054368139932
v 0.0014669620495429833 -0.03727521310470605 -0.11985832783651945
v 0.002200212583142181 -0.03796591748321587 -0.11888339035124756
v 0.0004170969922765584 -0.04054408075264471 -0.11940317339595546
v -5.726197633925888e-05 -0.039474637952825464 -0.12043390464608444
v 0.0008129355101470922 -0.039934251774704776 -0.11940766710954781
v -0.0007656792765945583 -0.04076279643075775 -0.12020389364883138
v -0.0004155337411837838 -0.04018176460384382 -0.12030994986724769
v 0.0004170969922765584 -0.04054408075264471 -0.11940317339595546
v 0.0017498850461506598 -0.03674153693189686 -0.11967999836027582
v 0.0022111810303947215 -0.03653405935246212 -0.11918390458671263
v 0.002700383553020242 -0.03735143075969338 -0.11849026289116876
v -0.002944584986356858 -0.042423189270852646 -0.12030246543085704
v -0.0024520360203961204 -0.04201012238721935 -0.12039342307677886
v -0.0014361520495673188 -0.04277473652876118 -0.11909241288314826
v -0.00296005024664342 -0.042974504604655905 -0.11977220722696019
v -0.002944584986356858 -0.042423189270852646 -0.12030246543085704
v -0.001496849011945814 -0.04338324943608196 -0.11857890883043781
v 0.0026988598198088303 -0.0364599855574399 -0.11862676039521064
v 0.002700383553020242 -0.03735143075969338 -0.11849026289116876
v 0.0022111810303947215 -0.03653405935246212 -0.11918390458671263
v -0.0011849592294850555 -0.04414992351424507 -0.11739304146454183
v -0.00047180282330321424 -0.04311920370820843 -0.11773949991605631
v -0.0011759250722566397 -0.04437182827942365 -0.11703260596158221
v -0.0037354719028892544 -0.036374063312147875 -0.12240128907790909
v -0.0038433403410113873 -0.03500916838037549 -0.12258138094437315
v -0.0035474623934557423 -0.03498985456720227 -0.12261366091416809
v -0.0035474623934557423 -0.03498985456720227 -0.12261366091416809
v -0.003443170711027178 -0.03498037504404694 -0.12262541018230427
v -0.0037354719028892544 -0.036374063312147875 -0.12240128907790909
v -0.003443170711027178 -0.03498037504404694 -0.12262541018230427
v -0.0033538362188689783 -0.03496828245314054 -0.1226360379293911
v -0.0037354719028892544 -0.036374063312147875 -0.12240128907790909
v -0.0033538362188689783 -0.03496828245314054 -0.1226360379293911
v -0.003289807475898577 -0.0349576775942384 -0.12264391909431621
v -0.0037354719028892544 -0.036374063312147875 -0.12240128907790909
v -0.003289807475898577 -0.0349576775942384 -0.12264391909431621
v -0.0031671370580084466 -0.034933313121645604 -0.12265958987142772
v -0.0037354719028892544 -0.036374063312147875 -0.12240128907790909
v -0.0006729781947302506 -0.036203439524746805 -0.12273133670100739
v -0.0037354719028892544 -0.036374063312147875 -0.12240128907790909
v -0.0029806183800208668 -0.03488281034214724 -0.12268530093221924
v -0.0031671370580084466 -0.034933313121645604 -0.12265958987142772
v -0.0030579980872179344 -0.034905313242385994 -0.12267442141510093
v -0.0037354719028892544 -0.036374063312147875 -0.12240128907790909
v -0.0030579980872179344 -0.034905313242385994 -0.12267442141510093
v -0.0029806183800208668 -0.03488281034214724 -0.12268530093221924
v -0.0037354719028892544 -0.036374063312147875 -0.12240128907790909
v -0.0029806183800208668 -0.03488281034214724 -0.12268530093221924
v -0.00289330090913767 -0.03485363935077146 -0.12269811068624564
v -0.0006729781947302506 -0.036203439524746805 -0.12273133670100739
v -0.00289330090913767 -0.03485363935077146 -0.12269811068624564
v -0.002835658446530415 -0.03483265470011654 -0.12270681582581927
v -0.0006729781947302506 -0.036203439524746805 -0.12273133670100739
v -0.002835658446530415 -0.03483265470011654 -0.12270681582581927
v -0.002752606761067117 -0.034799211247600326 -0.12271979342653333
v -0.0006729781947302506 -0.036203439524746805 -0.12273133670100739
v -0.002752606761067117 -0.034799211247600326 -0.12271979342653333
v -0.0026777411779060904 -0.034766412478952624 -0.12273186312925505
v -0.0006729781947302506 -0.036203439524746805 -0.12273133670100739
v -0.0026777411779060904 -0.034766412478952624 -0.12273186312925505
v -0.002615529184594734 -0.0347366349506828 -0.12274224673570527
v -0.0006729781947302506 -0.036203439524746805 -0.12273133670100739
v -0.002615529184594734 -0.0347366349506828 -0.12274224673570527
v -0.0025580972456028255 -0.03470720837457808 -0.12275210391390784
v -0.0006729781947302506 -0.036203439524746805 -0.12273133670100739
v -0.0025580972456028255 -0.03470720837457808 -0.12275210391390784
v -0.002486180661986776 -0.034667997099522285 -0.12276476870943126
v -0.0006729781947302506 -0.036203439524746805 -0.12273133670100739
v -0.002486180661986776 -0.034667997099522285 -0.12276476870943126
v -0.002359403960713741 -0.03459138653069793 -0.12278816043417512
v -0.0006729781947302506 -0.036203439524746805 -0.12273133670100739
v -0.002359403960713741 -0.03459138653069793 -0.12278816043417512
v -0.002219028578298588 -0.03449214717661908 -0.1228160763900909
v -0.0006729781947302506 -0.036203439524746805 -0.12273133670100739
v -0.002147002560549533 -0.03443525096419986 -0.12283123599774454
v -0.0020736590416697846 -0.03437269755546701 -0.1228473187621803
v -0.0006729781947302506 -0.036203439524746805 -0.12273133670100739
v -0.002219028578298588 -0.03449214717661908 -0.1228160763900909
v -0.002147002560549533 -0.03443525096419986 -0.12283123599774454
v -0.0006729781947302506 -0.036203439524746805 -0.12273133670100739
v -0.0020736590416697846 -0.03437269755546701 -0.1228473187621803
v -0.001970573757308775 -0.03427721186367583 -0.12287096988635055
v -0.00044437100613761726 -0.03517766738129868 -0.12289763462150377
v -0.00044437100613761726 -0.03517766738129868 -0.12289763462150377
v -0.0006729781947302506 -0.036203439524746805 -0.12273133670100739
v -0.0020736590416697846 -0.03437269755546701 -0.1228473187621803
v -0.001970573757308775 -0.03427721186367583 -0.12287096988635055
v -0.001883103460109115 -0.034185109808519965 -0.12289259922087398
v -0.00044437100613761726 -0.03517766738129868 -0.12289763462150377
v -0.001883103460109115 -0.034185109808519965 -0.12289259922087398
v -0.0018028871677324564 -0.03409290094183559 -0.1229135190216723
v -0.00044437100613761726 -0.03517766738129868 -0.12289763462150377
v -0.0018028871677324564 -0.03409290094183559 -0.1229135190216723
v -0.0017231905086736309 -0.03398979348454567 -0.1229359112956851
v -0.00044437100613761726 -0.03517766738129868 -0.12289763462150377
v -0.0017231905086736309 -0.03398979348454567 -0.1229359112956851
v -0.0016508814880577404 -0.033886598289214476 -0.12295756351839321
v -0.00044437100613761726 -0.03517766738129868 -0.12289763462150377
v -0.0016508814880577404 -0.033886598289214476 -0.12295756351839321
v -0.0015607902552935292 -0.033736779861688326 -0.12298752415214048
v -0.00044437100613761726 -0.03517766738129868 -0.12289763462150377
v -0.0015607902552935292 -0.033736779861688326 -0.12298752415214048
v -0.0014963153119311459 -0.03361404578603455 -0.12301112949994136
v -0.00028086913966045296 -0.03394001931225965 -0.12308705723792274
v -0.00028086913966045296 -0.03394001931225965 -0.12308705723792274
v -0.00044437100613761726 -0.03517766738129868 -0.12289763462150377
v -0.0015607902552935292 -0.033736779861688326 -0.12298752415214048
v -0.0014963153119311459 -0.03361404578603455 -0.12301112949994136
v -0.0014239137849021701 -0.033452649751757324 -0.12304093754579076
v -0.00028086913966045296 -0.03394001931225965 -0.12308705723792274
v -0.0014239137849021701 -0.033452649751757324 -0.12304093754579076
v -0.0013664156847514183 -0.03329111638837201 -0.12306928074782059
v -0.00028086913966045296 -0.03394001931225965 -0.12308705723792274
v -0.00019968871230643606 -0.03282553637968588 -0.12325103582237146
v -0.00028086913966045296 -0.03394001931225965 -0.12308705723792274
v -0.0013664156847514183 -0.03329111638837201 -0.12306928074782059
v -0.0013359110989900893 -0.03318726887977741 -0.12308685124426061
v -0.0013104706432987003 -0.033085363052183236 -0.12310365117181638
v -0.00019968871230643606 -0.03282553637968588 -0.12325103582237146
v -0.0013664156847514183 -0.03329111638837201 -0.12306928074782059
v -0.0013359110989900893 -0.03318726887977741 -0.12308685124426061
v -0.00019968871230643606 -0.03282553637968588 -0.12325103582237146
v -0.0013104706432987003 -0.033085363052183236 -0.12310365117181638
v -0.0012856773748710223 -0.03295995868831669 -0.12312366307462236
v -0.00019968871230643606 -0.03282553637968588 -0.12325103582237146
v -0.0012856773748710223 -0.03295995868831669 -0.12312366307462236
v -0.001264959395409493 -0.032812570223064164 -0.12314634526564111
v -0.00019968871230643606 -0.03282553637968588 -0.12325103582237146
v -0.0012521893380783996 -0.03248676835822417 -0.12319318975028798
v -0.00018986775882845307 -0.03126014476480643 -0.12347093787139046
v -0.00018107187117884403 -0.031949624625435824 -0.12337540258853247
v -0.0012521893380783996 -0.03248676835822417 -0.12319318975028798
v -0.00018992189474964163 -0.031258086735533874 -0.12347122015900153
v -0.00018986775882845307 -0.03126014476480643 -0.12347093787139046
v -0.001264959395409493 -0.032812570223064164 -0.12314634526564111
v -0.0012548181414564349 -0.03268278658652868 -0.1231655103056139
v -0.00019968871230643606 -0.03282553637968588 -0.12325103582237146
v -0.0015176560407508676 -0.022407443157191897 -0.12457623882720975
v -0.0004233847461572114 -0.02239389525920954 -0.12468753643991798
v -0.00018992189474964163 -0.031258086735533874 -0.12347122015900153
v -0.00018992189474964163 -0.031258086735533874 -0.12347122015900153
v -0.0012521893380783996 -0.03248676835822417 -0.12319318975028798
v -0.0015176560407508676 -0.022407443157191897 -0.12457623882720975
v -0.0012548181414564349 -0.03268278658652868 -0.1231655103056139
v -0.0012512485383205792 -0.03257763063670982 -0.12318057836052881
v -0.00019968871230643606 -0.03282553637968588 -0.12325103582237146
v -0.005192082651701014 -0.038770345622010094 -0.12192054564687188
v -0.004960005042106142 -0.0386524256945342 -0.12196022612971363
v -0.003820993128112183 -0.041504926745548065 -0.12167518430709284
v -0.00019968871230643606 -0.03282553637968588 -0.12325103582237146
v -0.0012512485383205792 -0.03257763063670982 -0.12318057836052881
v -0.0012521893380783996 -0.03248676835822417 -0.12319318975028798
v -0.0037354719028892544 -0.036374063312147875 -0.12240128907790909
v -0.0006729781947302506 -0.036203439524746805 -0.12273133670100739
v -0.0008240248356249787 -0.036741922216338985 -0.12264090548333323
v -0.003757835089834017 -0.03691034873801069 -0.12232404908400601
v -0.0008240248356249787 -0.036741922216338985 -0.12264090548333323
v -0.0012078434802591939 -0.03786464108070042 -0.12244553193889723
v -0.005372458236287681 -0.03884050935214933 -0.12189269835551014
v -0.005192082651701014 -0.038770345622010094 -0.12192054564687188
v -0.003820993128112183 -0.041504926745548065 -0.12167518430709284
v -0.0008240248356249787 -0.036741922216338985 -0.12264090548333323
v -0.003729872880711694 -0.03660245306298604 -0.12236990174731671
v -0.0037354719028892544 -0.036374063312147875 -0.12240128907790909
v -0.004960005042106142 -0.0386524256945342 -0.12196022612971363
v -0.004796181429741198 -0.03855156509404045 -0.12199071319170857
v -0.003104994444506904 -0.04085083201843531 -0.12183823973475943
v -0.003820993128112183 -0.041504926745548065 -0.12167518430709284
v -0.004295442308362153 -0.04187589081346088 -0.1215758724737625
v -0.005372458236287681 -0.03884050935214933 -0.12189269835551014
v -0.011187542493049653 -0.04129207807210822 -0.1209684658287013
v -0.00856514971407374 -0.0437570592682901 -0.12088591577595226
v -0.008810518683247672 -0.043817899877869326 -0.12085288049606285
v -0.0060228837012937814 -0.038970956746040564 -0.1218094235102462
v -0.0068831852367542985 -0.043215913917880044 -0.12112975123675257
v -0.007119161943976994 -0.04330541816407463 -0.12109364894011593
v -0.0060228837012937814 -0.038970956746040564 -0.1218094235102462
v -0.00628842908210109 -0.04297000707636611 -0.12122360042333907
v -0.006648826438086232 -0.0431224118687612 -0.12116626552071347
v -0.004342551437644394 -0.03815503492383909 -0.12209152038643806
v -0.004218382558913437 -0.03800003613718017 -0.12212560852282278
v -0.0020459631461129672 -0.039480215040492705 -0.12213580139440067
v -0.004796181429741198 -0.03855156509404045 -0.12199071319170857
v -0.004589405277799497 -0.03839637175781174 -0.12203309448034266
v -0.003104994444506904 -0.04085083201843531 -0.12183823973475943
v -0.008810518683247672 -0.043817899877869326 -0.12085288049606285
v -0.009182997186046872 -0.04390230387357752 -0.12080383111629173
v -0.011187542493049653 -0.04129207807210822 -0.1209684658287013
v -0.011187542493049653 -0.04129207807210822 -0.1209684658287013
v -0.007836115255618338 -0.04354966942689664 -0.12098780634475664
v -0.008077877428356308 -0.0436229230619678 -0.12095339014439149
v -0.0060228837012937814 -0.038970956746040564 -0.1218094235102462
v -0.007595695856381647 -0.04347231880676761 -0.12102266505002562
v -0.007836115255618338 -0.04354966942689664 -0.12098780634475664
v -0.007119161943976994 -0.04330541816407463 -0.12109364894011593
v -0.007356688372037458 -0.043390894089765375 -0.12105794337201375
v -0.0060228837012937814 -0.038970956746040564 -0.1218094235102462
v -0.0060228837012937814 -0.038970956746040564 -0.1218094235102462
v -0.005941584392470113 -0.03896460146009417 -0.12181844145501047
v -0.005728916440321808 -0.04270895970068578 -0.12131605343066004
v -0.0008240248356249787 -0.036741922216338985 -0.12264090548333323
v -0.003757835089834017 -0.03691034873801069 -0.12232404908400601
v -0.003729872880711694 -0.03660245306298604 -0.12236990174731671
v -0.0012078434802591939 -0.03786464108070042 -0.12244553193889723
v -0.003805697621862004 -0.037139024591157366 -0.12228728303001363
v -0.003757835089834017 -0.03691034873801069 -0.12232404908400601
v -0.003882870143303991 -0.03739116464829939 -0.12224430664857783
v -0.0012078434802591939 -0.03786464108070042 -0.12244553193889723
v -0.0015532441876972562 -0.038607656405298396 -0.12230708893915748
v -0.003984985064001968 -0.03762248027207926 -0.12220174225446628
v -0.0015532441876972562 -0.038607656405298396 -0.12230708893915748
v -0.0018248185786099579 -0.03911644167726713 -0.12220877655655821
v -0.0020459631461129672 -0.039480215040492705 -0.12213580139440067
v -0.002394343251466286 -0.03999742697912145 -0.12202863891372479
v -0.004342551437644394 -0.03815503492383909 -0.12209152038643806
v -0.011187542493049653 -0.04129207807210822 -0.1209684658287013
v -0.009182997186046872 -0.04390230387357752 -0.12080383111629173
v -0.00955270812584841 -0.04397531718270953 -0.12075666619705933
v -0.011187542493049653 -0.04129207807210822 -0.1209684658287013
v -0.008320912756367151 -0.043692060638493846 -0.12091942407832507
v -0.00856514971407374 -0.0437570592682901 -0.12088591577595226
v -0.007836115255618338 -0.04354966942689664 -0.12098780634475664
v -0.011187542493049653 -0.04129207807210822 -0.1209684658287013
v -0.0060228837012937814 -0.038970956746040564 -0.1218094235102462
v -0.006648826438086232 -0.0431224118687612 -0.12116626552071347
v -0.0068831852367542985 -0.043215913917880044 -0.12112975123675257
v -0.0060228837012937814 -0.038970956746040564 -0.1218094235102462
v -0.005728916440321808 -0.04270895970068578 -0.12131605343066004
v -0.0059561317411835355 -0.04281817830328549 -0.12127805904408978
v -0.0060228837012937814 -0.038970956746040564 -0.1218094235102462
v -0.0012078434802591939 -0.03786464108070042 -0.12244553193889723
v -0.003882870143303991 -0.03739116464829939 -0.12224430664857783
v -0.003805697621862004 -0.037139024591157366 -0.12228728303001363
v -0.004079230025448578 -0.0377949999641114 -0.1221682034345139
v -0.003984985064001968 -0.03762248027207926 -0.12220174225446628
v -0.0018248185786099579 -0.03911644167726713 -0.12220877655655821
v -0.002394343251466286 -0.03999742697912145 -0.12202863891372479
v -0.004589405277799497 -0.03839637175781174 -0.12203309448034266
v -0.004342551437644394 -0.03815503492383909 -0.12209152038643806
v -0.002394343251466286 -0.03999742697912145 -0.12202863891372479
v -0.003104994444506904 -0.04085083201843531 -0.12183823973475943
v -0.004589405277799497 -0.03839637175781174 -0.12203309448034266
v -0.003104994444506904 -0.04085083201843531 -0.12183823973475943
v -0.003820993128112183 -0.041504926745548065 -0.12167518430709284
v -0.004960005042106142 -0.0386524256945342 -0.12196022612971363
v -0.005770781314289043 -0.038942426623835846 -0.12183861357510922
v -0.005568262364697985 -0.038898397385904726 -0.12186501128144117
v -0.004743870483653046 -0.04217207918202126 -0.12148961453509516
v -0.005941584392470113 -0.03896460146009417 -0.12181844145501047
v -0.005770781314289043 -0.038942426623835846 -0.12183861357510922
v -0.0052804048185242656 -0.042478986850407185 -0.12139305691332142
v -0.005503652357204126 -0.04259588062426989 -0.12135439114000052
v -0.005728916440321808 -0.04270895970068578 -0.12131605343066004
v -0.005941584392470113 -0.03896460146009417 -0.12181844145501047
v -0.00955270812584841 -0.04397531718270953 -0.12075666619705933
v -0.009932058806098045 -0.04404116649003642 -0.1207095241660116
v -0.011187542493049653 -0.04129207807210822 -0.1209684658287013
v -0.008077877428356308 -0.0436229230619678 -0.12095339014439149
v -0.008320912756367151 -0.043692060638493846 -0.12091942407832507
v -0.011187542493049653 -0.04129207807210822 -0.1209684658287013
v -0.0059561317411835355 -0.04281817830328549 -0.12127805904408978
v -0.00628842908210109 -0.04297000707636611 -0.12122360042333907
v -0.0060228837012937814 -0.038970956746040564 -0.1218094235102462
v -0.003984985064001968 -0.03762248027207926 -0.12220174225446628
v -0.003882870143303991 -0.03739116464829939 -0.12224430664857783
v -0.0015532441876972562 -0.038607656405298396 -0.12230708893915748
v -0.005568262364697985 -0.038898397385904726 -0.12186501128144117
v -0.005372458236287681 -0.03884050935214933 -0.12189269835551014
v -0.004295442308362153 -0.04187589081346088 -0.1215758724737625
v -0.004743870483653046 -0.04217207918202126 -0.12148961453509516
v -0.005031250715808734 -0.04234301195991552 -0.12143697933972403
v -0.005770781314289043 -0.038942426623835846 -0.12183861357510922
v -0.005031250715808734 -0.04234301195991552 -0.12143697933972403
v -0.0052804048185242656 -0.042478986850407185 -0.12139305691332142
v -0.005770781314289043 -0.038942426623835846 -0.12183861357510922
v -0.009932058806098045 -0.04404116649003642 -0.1207095241660116
v -0.01042816211640485 -0.04411042995157821 -0.12065024376768813
v -0.011187542493049653 -0.04129207807210822 -0.1209684658287013
v -0.007356688372037458 -0.043390894089765375 -0.12105794337201375
v -0.007595695856381647 -0.04347231880676761 -0.12102266505002562
v -0.0060228837012937814 -0.038970956746040564 -0.1218094235102462
v -0.0018248185786099579 -0.03911644167726713 -0.12220877655655821
v -0.004155624110192825 -0.03791269482443793 -0.12214410217604493
v -0.004079230025448578 -0.0377949999641114 -0.1221682034345139
v -0.004192864140342979 -0.03796542920194268 -0.1221330014064747
v -0.004155624110192825 -0.03791269482443793 -0.12214410217604493
v -0.0020459631461129672 -0.039480215040492705 -0.12213580139440067
v -0.0052804048185242656 -0.042478986850407185 -0.12139305691332142
v -0.005503652357204126 -0.04259588062426989 -0.12135439114000052
v -0.005941584392470113 -0.03896460146009417 -0.12181844145501047
v -0.01042816211640485 -0.04411042995157821 -0.12065024376768813
v -0.010818966425738543 -0.04415445156011444 -0.1206050319735485
v -0.011187542493049653 -0.04129207807210822 -0.1209684658287013
v -0.004218382558913437 -0.03800003613718017 -0.12212560852282278
v -0.004192864140342979 -0.03796542920194268 -0.1221330014064747
v -0.0020459631461129672 -0.039480215040492705 -0.12213580139440067
v -0.004295442308362153 -0.04187589081346088 -0.1215758724737625
v -0.004743870483653046 -0.04217207918202126 -0.12148961453509516
v -0.005568262364697985 -0.038898397385904726 -0.12186501128144117
v -0.004155624110192825 -0.03791269482443793 -0.12214410217604493
v -0.0018248185786099579 -0.03911644167726713 -0.12220877655655821
v -0.0020459631461129672 -0.039480215040492705 -0.12213580139440067
v -0.013923264211124223 -0.03948226734771909 -0.12094805719736085
v -0.0060228837012937814 -0.038970956746040564 -0.1218094235102462
v -0.011187542493049653 -0.04129207807210822 -0.1209684658287013
v -0.00018107187117884403 -0.031949624625435824 -0.12337540258853247
v -0.00019968871230643606 -0.03282553637968588 -0.12325103582237146
v -0.0012521893380783996 -0.03248676835822417 -0.12319318975028798
v -0.011187542493049653 -0.04129207807210822 -0.1209684658287013
v -0.01376689308705881 -0.04145901304707822 -0.12068724633292222
v -0.013923264211124223 -0.03948226734771909 -0.12094805719736085
v -0.010946028275645727 -0.04624054937648392 -0.114176328360096
v -0.01107135920658642 -0.046439024269944174 -0.1156030480933889
v -0.010798281228833197 -0.04655756980780135 -0.11527265714752039
v -0.010798281228833197 -0.04655756980780135 -0.11527265714752039
v -0.01107135920658642 -0.046439024269944174 -0.1156030480933889
v -0.010564561391987472 -0.04669339973979003 -0.11523805784167779
v -0.010489331743638865 -0.04677000267921949 -0.11551315856275218
v -0.01061563256140541 -0.046693273854774286 -0.11610429170850528
v -0.010259651671389316 -0.04686750634596004 -0.1159589441063868
v -0.01001716375246209 -0.04688259347436219 -0.11635843448180688
v -0.00982945774989419 -0.04675979073415437 -0.11688052923316755
v -0.009478558036877251 -0.04692186578457713 -0.11664973240824045
v -0.010564561391987472 -0.04669339973979003 -0.11523805784167779
v -0.010489331743638865 -0.04677000267921949 -0.11551315856275218
v -0.01015702772700078 -0.04688217385764304 -0.11507669613967758
v -0.010564561391987472 -0.04669339973979003 -0.11523805784167779
v -0.01015702772700078 -0.04688217385764304 -0.11507669613967758
v -0.01029137183433393 -0.046802450495702086 -0.11502177212583836
v -0.010259651671389316 -0.04686750634596004 -0.1159589441063868
v -0.009443852873180504 -0.047176428174597884 -0.11567533661000601
v -0.009844446649837081 -0.04704847559283687 -0.11532641386394088
v -0.010489331743638865 -0.04677000267921949 -0.11551315856275218
v -0.010259651671389316 -0.04686750634596004 -0.1159589441063868
v -0.009844446649837081 -0.04704847559283687 -0.11532641386394088
v -0.008784614980235085 -0.04729188380752314 -0.11582099701731513
v -0.01001716375246209 -0.04688259347436219 -0.11635843448180688
v -0.009478558036877251 -0.04692186578457713 -0.11664973240824045
v -0.009844446649837081 -0.04704847559283687 -0.11532641386394088
v -0.00994124936592178 -0.04695477517945079 -0.11490466091422119
v -0.01015702772700078 -0.04688217385764304 -0.11507669613967758
v -0.008784614980235085 -0.04729188380752314 -0.11582099701731513
v -0.009478558036877251 -0.04692186578457713 -0.11664973240824045
v -0.008668457442979617 -0.04720644221410941 -0.11618861178086964
v -0.009274305784133798 -0.046674982380516816 -0.11720445045216626
v -0.009041557741462649 -0.046545084303057926 -0.11740836128948823
v -0.008268021976267083 -0.04676732094691438 -0.1170393350878784
v -0.009274305784133798 -0.046674982380516816 -0.11720445045216626
v -0.008268021976267083 -0.04676732094691438 -0.1170393350878784
v -0.007987057588379755 -0.04702381357384322 -0.11663371830835872
v -0.009646299820357253 -0.04706536325843391 -0.11480676051894617
v -0.009758379446042078 -0.04702434000209088 -0.11484135982478877
v -0.009844446649837081 -0.04704847559283687 -0.11532641386394088
v -0.009529294466594231 -0.04710623774157652 -0.11477214595431379
v -0.009646299820357253 -0.04706536325843391 -0.11480676051894617
v -0.009430521459278253 -0.04714665064632806 -0.11478666469279636
v -0.008739841876301837 -0.04696558603201506 -0.11673103886962183
v -0.009274305784133798 -0.046674982380516816 -0.11720445045216626
v -0.007987057588379755 -0.04702381357384322 -0.11663371830835872
v -0.009297560179769572 -0.04718086466772853 -0.11470529719625583
v -0.009430521459278253 -0.04714665064632806 -0.11478666469279636
v -0.009271848165303688 -0.04723755488648562 -0.11505541012792436
v -0.008784614980235085 -0.04729188380752314 -0.11582099701731513
v -0.008668457442979617 -0.04720644221410941 -0.11618861178086964
v -0.008117995647730082 -0.04741415630478585 -0.11566993499842132
v -0.008739841876301837 -0.04696558603201506 -0.11673103886962183
v -0.007987057588379755 -0.04702381357384322 -0.11663371830835872
v -0.008056733514082983 -0.04721903834507879 -0.11626075533898378
v -0.008117995647730082 -0.04741415630478585 -0.11566993499842132
v -0.008668457442979617 -0.04720644221410941 -0.11618861178086964
v -0.008056733514082983 -0.04721903834507879 -0.11626075533898378
v -0.00847665445535384 -0.047433851587703746 -0.1151107842760623
v -0.008784614980235085 -0.04729188380752314 -0.11582099701731513
v -0.008117995647730082 -0.04741415630478585 -0.11566993499842132
v -0.007987057588379755 -0.04702381357384322 -0.11663371830835872
v -0.008268021976267083 -0.04676732094691438 -0.1170393350878784
v -0.007542117000229611 -0.04688618691935709 -0.11678161412837168
v -0.008654594832457898 -0.047360552176263226 -0.11461497279011018
v -0.00847665445535384 -0.047433851587703746 -0.1151107842760623
v -0.008300932324815104 -0.047423151361365434 -0.11450559778491515
v -0.008117995647730082 -0.04741415630478585 -0.11566993499842132
v -0.008056733514082983 -0.04721903834507879 -0.11626075533898378
v -0.007247793541883542 -0.047406030999224136 -0.11577507568945039
v -0.008300932324815104 -0.047423151361365434 -0.11450559778491515
v -0.00847665445535384 -0.047433851587703746 -0.1151107842760623
v -0.00790521134730965 -0.04750762020693022 -0.11463574000301063
v -0.00790521134730965 -0.04750762020693022 -0.11463574000301063
v -0.00847665445535384 -0.047433851587703746 -0.1151107842760623
v -0.007529563307769329 -0.047561010712395824 -0.11486960384468498
v -0.007987057588379755 -0.04702381357384322 -0.11663371830835872
v -0.007542117000229611 -0.04688618691935709 -0.11678161412837168
v -0.0070477188596815305 -0.04706563791665008 -0.11644842319457721
v -0.007529563307769329 -0.047561010712395824 -0.11486960384468498
v -0.008117995647730082 -0.04741415630478585 -0.11566993499842132
v -0.007330829968557053 -0.04752163922004726 -0.11533307432568302
v -0.007342885366163345 -0.047271501879064814 -0.11612568453178701
v -0.007987057588379755 -0.04702381357384322 -0.11663371830835872
v -0.0070477188596815305 -0.04706563791665008 -0.11644842319457721
v -0.0070477188596815305 -0.04706563791665008 -0.11644842319457721
v -0.007542117000229611 -0.04688618691935709 -0.11678161412837168
v -0.00714180121964947 -0.04686588891424259 -0.11673519688983885
v -0.00647018940186095 -0.04692873986937629 -0.11651944523164198
v -0.0070477188596815305 -0.04706563791665008 -0.11644842319457721
v -0.006694654782700706 -0.04688757546922773 -0.1166190164643987
v -0.0076890405492308096 -0.04751297604214555 -0.11445816583686147
v -0.007529563307769329 -0.047561010712395824 -0.11486960384468498
v -0.007262859212612551 -0.04754872357191964 -0.11445934076367509
v -0.007379894607117967 -0.04752424847310088 -0.11434422845352005
v -0.0076890405492308096 -0.04751297604214555 -0.11445816583686147
v -0.007262859212612551 -0.04754872357191964 -0.11445934076367509
v -0.007342885366163345 -0.047271501879064814 -0.11612568453178701
v -0.0070477188596815305 -0.04706563791665008 -0.11644842319457721
v -0.006387516801956429 -0.04709439310600416 -0.11626422671366038
v -0.007529563307769329 -0.047561010712395824 -0.11486960384468498
v -0.007330829968557053 -0.04752163922004726 -0.11533307432568302
v -0.006740827880596935 -0.047546907775934955 -0.1150660149868265
v -0.006387516801956429 -0.04709439310600416 -0.11626422671366038
v -0.0070477188596815305 -0.04706563791665008 -0.11644842319457721
v -0.00647018940186095 -0.04692873986937629 -0.11651944523164198
v -0.007247793541883542 -0.047406030999224136 -0.11577507568945039
v -0.007342885366163345 -0.047271501879064814 -0.11612568453178701
v -0.006480768988392506 -0.047277906756078014 -0.11594735505554338
v -0.007262859212612551 -0.04754872357191964 -0.11445934076367509
v -0.007529563307769329 -0.047561010712395824 -0.11486960384468498
v -0.006683559735176649 -0.04754820477306687 -0.11439164514278394
v -0.006683559735176649 -0.04754820477306687 -0.11439164514278394
v -0.007529563307769329 -0.047561010712395824 -0.11486960384468498
v -0.006330402674945558 -0.04755177151517964 -0.11472278376935202
v -0.007059422351448354 -0.04753593289138047 -0.11431007165258128
v -0.007262859212612551 -0.04754872357191964 -0.11445934076367509
v -0.006683559735176649 -0.04754820477306687 -0.11439164514278394
v -0.007330829968557053 -0.04752163922004726 -0.11533307432568302
v -0.007247793541883542 -0.047406030999224136 -0.11577507568945039
v -0.006363713566725495 -0.04744891582792121 -0.11543701720171379
v -0.006683559735176649 -0.04754820477306687 -0.11439164514278394
v -0.006330402674945558 -0.04755177151517964 -0.11472278376935202
v -0.006487488577945068 -0.04752457653708131 -0.11427277154094634
v -0.006305989564960314 -0.047511915556255335 -0.11426460808841016
v -0.006487488577945068 -0.04752457653708131 -0.11427277154094634
v -0.006330402674945558 -0.04755177151517964 -0.11472278376935202
v -0.005555806900696959 -0.04686006387124131 -0.11637969760537542
v -0.00647018940186095 -0.04692873986937629 -0.11651944523164198
v -0.0058727558064372585 -0.04683019479023276 -0.1164984796544743
v -0.006330402674945558 -0.04755177151517964 -0.11472278376935202
v -0.006740827880596935 -0.047546907775934955 -0.1150660149868265
v -0.006363713566725495 -0.04744891582792121 -0.11543701720171379
v -0.005724259648413611 -0.04732235942542573 -0.11556226897768246
v -0.006480768988392506 -0.047277906756078014 -0.11594735505554338
v -0.0056083700936537815 -0.047173624371974476 -0.11586123444598412
v -0.006330402674945558 -0.04755177151517964 -0.11472278376935202
v -0.006363713566725495 -0.04744891582792121 -0.11543701720171379
v -0.00559342601640589 -0.0473951819996854 -0.11519576047638752
v -0.006363713566725495 -0.04744891582792121 -0.11543701720171379
v -0.005724259648413611 -0.04732235942542573 -0.11556226897768246
v -0.00559342601640589 -0.0473951819996854 -0.11519576047638752
v -0.006053503324024991 -0.04748779903899658 -0.11425795525606292
v -0.006330402674945558 -0.04755177151517964 -0.11472278376935202
v -0.005861707012119744 -0.04747493969390337 -0.11434025353878047
v -0.005330430284004596 -0.04737631450611346 -0.1142978417325668
v -0.005513776087390788 -0.04740865551106754 -0.11426160210682207
v -0.005694080146400327 -0.04744027172350673 -0.11426403588379314
v -0.005694080146400327 -0.04744027172350673 -0.11426403588379314
v -0.005861707012119744 -0.04747493969390337 -0.11434025353878047
v -0.005330430284004596 -0.04737631450611346 -0.1142978417325668
v -0.005330430284004596 -0.04737631450611346 -0.1142978417325668
v -0.005506123327475299 -0.04743092571476204 -0.11478076717054359
v -0.005217996845131579 -0.047370836600579835 -0.11446109552450062
v -0.004709219679394917 -0.04710267862885864 -0.115490506889313
v -0.005724259648413611 -0.04732235942542573 -0.11556226897768246
v -0.0056083700936537815 -0.047173624371974476 -0.11586123444598412
v -0.005217996845131579 -0.047370836600579835 -0.11446109552450062
v -0.005506123327475299 -0.04743092571476204 -0.11478076717054359
v -0.004717282042448757 -0.04724054179458648 -0.114721852983175
v -0.004717282042448757 -0.04724054179458648 -0.114721852983175
v -0.005506123327475299 -0.04743092571476204 -0.11478076717054359
v -0.004805755843495519 -0.047225065567044755 -0.11512525723817552
v -0.004604204873381591 -0.0465667823021354 -0.11645005588508445
v -0.005555806900696959 -0.04686006387124131 -0.11637969760537542
v -0.00522351766601148 -0.04667343742805086 -0.11651173954279942
v -0.005045322657852847 -0.04730758510221422 -0.11428183526207997
v -0.005217996845131579 -0.047370836600579835 -0.11446109552450062
v -0.0047065555900654985 -0.04722696528637327 -0.11441398401103248
v -0.004750481831165555 -0.04722852168293157 -0.11430505151074127
v -0.004856927148721436 -0.04725884471293629 -0.11429714745763148
v -0.0047065555900654985 -0.04722696528637327 -0.11441398401103248
v -0.004717282042448757 -0.04724054179458648 -0.114721852983175
v -0.004805755843495519 -0.047225065567044755 -0.11512525723817552
v -0.004271890366325527 -0.04706569132241434 -0.11502625058064092
v -0.0047065555900654985 -0.04722696528637327 -0.11441398401103248
v -0.004717282042448757 -0.04724054179458648 -0.114721852983175
v -0.004439546319112976 -0.04714094767364507 -0.11442901391897292
v -0.005257335912551842 -0.04693260415788991 -0.11617967775944921
v -0.004604204873381591 -0.0465667823021354 -0.11645005588508445
v -0.004267482960262915 -0.046610315629398436 -0.11625114230141781
v -0.004805755843495519 -0.047225065567044755 -0.11512525723817552
v -0.004709219679394917 -0.04710267862885864 -0.115490506889313
v -0.0042401353942667095 -0.04694650110068865 -0.11551241088205261
v -0.004439546319112976 -0.04714094767364507 -0.11442901391897292
v -0.004717282042448757 -0.04724054179458648 -0.114721852983175
v -0.0039598798248487175 -0.04696948083810826 -0.11460191889544719
v -0.004267482960262915 -0.046610315629398436 -0.11625114230141781
v -0.004604204873381591 -0.0465667823021354 -0.11645005588508445
v -0.0042169210529541265 -0.046298002534730376 -0.11663681584268554
v -0.0031747049409057435 -0.04656737358023966 -0.11456681604954161
v -0.003347508351060486 -0.04666221840285978 -0.11453157587452795
v -0.003057892706200966 -0.046507784191422985 -0.11469708796735029
v -0.003545572687708027 -0.046329820926134246 -0.1162737787160672
v -0.004267482960262915 -0.046610315629398436 -0.11625114230141781
v -0.0032084519002875686 -0.04590001133540689 -0.11671201878815202
v -0.003653264696073245 -0.04671189720770963 -0.11555103850839904
v -0.0038899087369305427 -0.04669066841641811 -0.11585445191392368
v -0.0029387222732182865 -0.0461185858697144 -0.11615536287792322
v -0.003057892706200966 -0.046507784191422985 -0.11469708796735029
v -0.003435785456770147 -0.04671031792296665 -0.11507159970388864
v -0.0027630466343046838 -0.04631593924212529 -0.11510374997397038
v -0.002874106543678257 -0.046387438116370916 -0.1146409356209332
v -0.003057892706200966 -0.046507784191422985 -0.11469708796735029
v -0.002682551511386522 -0.04627266531428864 -0.11484178707090281
v -0.0029387222732182865 -0.0461185858697144 -0.11615536287792322
v -0.0038899087369305427 -0.04669066841641811 -0.11585445191392368
v -0.003545572687708027 -0.046329820926134246 -0.1162737787160672
v -0.003057892706200966 -0.046507784191422985 -0.11469708796735029
v -0.0027630466343046838 -0.04631593924212529 -0.11510374997397038
v -0.002682551511386522 -0.04627266531428864 -0.11484178707090281
v -0.002682551511386522 -0.04627266531428864 -0.11484178707090281
v -0.0027270220621285206 -0.046291658692876325 -0.11468224116488729
v -0.002874106543678257 -0.046387438116370916 -0.1146409356209332
v -0.002682551511386522 -0.04627266531428864 -0.11484178707090281
v -0.0027630466343046838 -0.04631593924212529 -0.11510374997397038
v -0.00247730886781844 -0.046127283379893136 -0.11491274044341354
v -0.0029387222732182865 -0.0461185858697144 -0.11615536287792322
v -0.003545572687708027 -0.046329820926134246 -0.1162737787160672
v -0.0032084519002875686 -0.04590001133540689 -0.11671201878815202
v -0.0027630466343046838 -0.04631593924212529 -0.11510374997397038
v -0.0029995142454050665 -0.046374834356006644 -0.11556538940019395
v -0.002554878117794896 -0.04611622838669227 -0.11552821135887731
v -0.0029387222732182865 -0.0461185858697144 -0.11615536287792322
v -0.0032084519002875686 -0.04590001133540689 -0.11671201878815202
v -0.002623263960505329 -0.04575899722958798 -0.11651052646901133
v -0.002554878117794896 -0.04611622838669227 -0.11552821135887731
v -0.0029995142454050665 -0.046374834356006644 -0.11556538940019395
v -0.0029387222732182865 -0.0461185858697144 -0.11615536287792322
v -0.00247730886781844 -0.046127283379893136 -0.11491274044341354
v -0.0027630466343046838 -0.04631593924212529 -0.11510374997397038
v -0.0023071118496942327 -0.045999410906778504 -0.11500613949570132
v -0.0032084519002875686 -0.04590001133540689 -0.11671201878815202
v -0.003672069962393083 -0.04604391316719303 -0.11673509007831034
v -0.0034436156001169125 -0.04583603504452638 -0.11688436681879905
v -0.0023071118496942327 -0.045999410906778504 -0.11500613949570132
v -0.0027630466343046838 -0.04631593924212529 -0.11510374997397038
v -0.002554878117794896 -0.04611622838669227 -0.11552821135887731
v -0.0032084519002875686 -0.04590001133540689 -0.11671201878815202
v -0.0034436156001169125 -0.04583603504452638 -0.11688436681879905
v -0.003148288876342332 -0.04562747409101675 -0.11700274450996856
v -0.002554878117794896 -0.04611622838669227 -0.11552821135887731
v -0.0029387222732182865 -0.0461185858697144 -0.11615536287792322
v -0.002309679141075938 -0.04581873920630253 -0.11596868684366596
v -0.0023071118496942327 -0.045999410906778504 -0.11500613949570132
v -0.002554878117794896 -0.04611622838669227 -0.11552821135887731
v -0.0021056493328773522 -0.045783106117451844 -0.11557208037951566
v -0.0023071118496942327 -0.045999410906778504 -0.11500613949570132
v -0.0019898334494619645 -0.04572596957909347 -0.11494531795960933
v -0.002186944111747802 -0.045892809186627304 -0.11487178585162455
v -0.0023071118496942327 -0.045999410906778504 -0.11500613949570132
v -0.0018689495020698947 -0.045616899749694184 -0.11500181362879663
v -0.0019898334494619645 -0.04572596957909347 -0.11494531795960933
v -0.0015580242420167039 -0.045301592117530376 -0.11559229827598377
v -0.0017187275510794496 -0.04547397829515187 -0.11506686947905459
v -0.0018689495020698947 -0.045616899749694184 -0.11500181362879663
v -0.0018689495020698947 -0.045616899749694184 -0.11500181362879663
v -0.0023071118496942327 -0.045999410906778504 -0.11500613949570132
v -0.0015580242420167039 -0.045301592117530376 -0.11559229827598377
v -0.0021056493328773522 -0.045783106117451844 -0.11557208037951566
v -0.0018091491128006958 -0.04545223070500759 -0.11593853547504634
v -0.0015580242420167039 -0.045301592117530376 -0.11559229827598377
v -0.0015580242420167039 -0.045301592117530376 -0.11559229827598377
v -0.0015746590646986002 -0.04533133531352318 -0.11525955747648803
v -0.0017187275510794496 -0.04547397829515187 -0.11506686947905459
v -0.002623263960505329 -0.04575899722958798 -0.11651052646901133
v -0.0032084519002875686 -0.04590001133540689 -0.11671201878815202
v -0.0023620961834368297 -0.04520495438711025 -0.11709419043716357
v -0.002309679141075938 -0.04581873920630253 -0.11596868684366596
v -0.0018054704331597203 -0.04517237305621702 -0.11660692387349231
v -0.0018091491128006958 -0.04545223070500759 -0.11593853547504634
v -0.001299808683144152 -0.04502288650736874 -0.11530565428043532
v -0.001429488965220688 -0.04517164444900468 -0.11523822568836545
v -0.0015580242420167039 -0.045301592117530376 -0.11559229827598377
v -0.0018054704331597203 -0.04517237305621702 -0.11660692387349231
v -0.002623263960505329 -0.04575899722958798 -0.11651052646901133
v -0.001803885783998455 -0.04492947982568607 -0.11700282843331239
v -0.0010006691692714816 -0.044605093213598845 -0.11595113923541062
v -0.0011154481702371074 -0.04479431746575058 -0.11542319273816654
v -0.0012016978834630823 -0.04490374206201242 -0.11536710142690859
v -0.0012016978834630823 -0.04490374206201242 -0.11536710142690859
v -0.0015580242420167039 -0.045301592117530376 -0.11559229827598377
v -0.0010006691692714816 -0.044605093213598845 -0.11595113923541062
v -0.0023620961834368297 -0.04520495438711025 -0.11709419043716357
v -0.0028004495043520987 -0.045329424150102327 -0.11718845161107433
v -0.002291399587747989 -0.04477724287997864 -0.11756300149458715
v -0.001803885783998455 -0.04492947982568607 -0.11700282843331239
v -0.0023620961834368297 -0.04520495438711025 -0.11709419043716357
v -0.0018225706489301279 -0.04462101957543929 -0.1174399927607172
v -0.002291399587747989 -0.04477724287997864 -0.11756300149458715
v -0.0028004495043520987 -0.045329424150102327 -0.11718845161107433
v -0.0026393255056865465 -0.04474655363901903 -0.11775610147934484
v -0.0010006691692714816 -0.044605093213598845 -0.11595113923541062
v -0.0009240578851913569 -0.04453253385346301 -0.11570289398436179
v -0.0010133824829780538 -0.04465809461992487 -0.11549523711414705
v -0.0009240578851913569 -0.04453253385346301 -0.11570289398436179
v -0.0007494900582581677 -0.044268984036257564 -0.11568861175712092
v -0.000848954539091028 -0.044422571384861165 -0.11561977172699572
v -0.0010006691692714816 -0.044605093213598845 -0.11595113923541062
v -0.001314475837199264 -0.04483193801197105 -0.11640643863447758
v -0.0008396091263928112 -0.044158189963612315 -0.116719335377855
v -0.0018225706489301279 -0.04462101957543929 -0.1174399927607172
v -0.002291399587747989 -0.04477724287997864 -0.11756300149458715
v -0.001701946458592327 -0.04418628902500554 -0.11787495982239266
v -0.0018054704331597203 -0.04517237305621702 -0.11660692387349231
v -0.001803885783998455 -0.04492947982568607 -0.11700282843331239
v -0.0011759250722566397 -0.04437182827942365 -0.11703260596158221
v -0.0006228944359045614 -0.04397802180319932 -0.11637711124050648
v -0.0006484834263777857 -0.04410047359124203 -0.11579233338069977
v -0.0007494900582581677 -0.044268984036257564 -0.11568861175712092
v -0.0007494900582581677 -0.044268984036257564 -0.11568861175712092
v -0.0009240578851913569 -0.04453253385346301 -0.11570289398436179
v -0.0006228944359045614 -0.04397802180319932 -0.11637711124050648
v -0.0011759250722566397 -0.04437182827942365 -0.11703260596158221
v -0.001803885783998455 -0.04492947982568607 -0.11700282843331239
v -0.0011849592294850555 -0.04414992351424507 -0.11739304146454183
v -0.0010006691692714816 -0.044605093213598845 -0.11595113923541062
v -0.0008396091263928112 -0.044158189963612315 -0.116719335377855
v -0.0006228944359045614 -0.04397802180319932 -0.11637711124050648
v -0.0018225706489301279 -0.04462101957543929 -0.1174399927607172
v -0.001701946458592327 -0.04418628902500554 -0.11787495982239266
v -0.001415236063466441 -0.04407953090225902 -0.1177413080826461
v -0.0004936181243271784 -0.04381390970433996 -0.11603492525013243
v -0.0006228944359045614 -0.04397802180319932 -0.11637711124050648
v -0.00035438789620416416 -0.043519308249917454 -0.11626299075168761
v -0.0011849592294850555 -0.04414992351424507 -0.11739304146454183
v -0.0018225706489301279 -0.04462101957543929 -0.1174399927607172
v -0.001415236063466441 -0.04407953090225902 -0.1177413080826461
v -0.001701946458592327 -0.04418628902500554 -0.11787495982239266
v -0.002203271970494525 -0.04451008817368596 -0.11780718027815767
v -0.0018293751155008813 -0.04398755091742146 -0.11817447460712666
v -0.0003864278976878356 -0.0436001798357899 -0.11606702211444991
v -0.0004936181243271784 -0.04381390970433996 -0.11603492525013243
v -0.00035438789620416416 -0.043519308249917454 -0.11626299075168761
v -0.0008396091263928112 -0.044158189963612315 -0.116719335377855
v -0.0011759250722566397 -0.04437182827942365 -0.11703260596158221
v -0.00047180282330321424 -0.04311920370820843 -0.11773949991605631
v -0.0006228944359045614 -0.04397802180319932 -0.11637711124050648
v -0.0008396091263928112 -0.044158189963612315 -0.116719335377855
v -0.00024547263655728095 -0.04310300650284926 -0.11709948523721975
v -0.0004936181243271784 -0.04381390970433996 -0.11603492525013243
v -0.0003864278976878356 -0.0436001798357899 -0.11606702211444991
v -0.0004344903735062183 -0.04370059411668237 -0.11601140382567537
v -0.0004936181243271784 -0.04381390970433996 -0.11603492525013243
v -0.0005527898931803958 -0.043930559337566066 -0.11588489319954925
v -0.0006228944359045614 -0.04397802180319932 -0.11637711124050648
v -0.002203271970494525 -0.04451008817368596 -0.11780718027815767
v -0.001701946458592327 -0.04418628902500554 -0.11787495982239266
v -0.002291399587747989 -0.04477724287997864 -0.11756300149458715
v -0.0011759250722566397 -0.04437182827942365 -0.11703260596158221
v -0.0008396091263928112 -0.044158189963612315 -0.116719335377855
v -0.001314475837199264 -0.04483193801197105 -0.11640643863447758
v -0.0018225706489301279 -0.04462101957543929 -0.1174399927607172
v -0.0011849592294850555 -0.04414992351424507 -0.11739304146454183
v -0.001803885783998455 -0.04492947982568607 -0.11700282843331239
v -0.0005527898931803958 -0.043930559337566066 -0.11588489319954925
v -0.0006484834263777857 -0.04410047359124203 -0.11579233338069977
v -0.0006228944359045614 -0.04397802180319932 -0.11637711124050648
v -0.0011759250722566397 -0.04437182827942365 -0.11703260596158221
v -0.001314475837199264 -0.04483193801197105 -0.11640643863447758
v -0.0018054704331597203 -0.04517237305621702 -0.11660692387349231
v -0.0010006691692714816 -0.044605093213598845 -0.11595113923541062
v -0.0006228944359045614 -0.04397802180319932 -0.11637711124050648
v -0.0009240578851913569 -0.04453253385346301 -0.11570289398436179
v -0.002291399587747989 -0.04477724287997864 -0.11756300149458715
v -0.0018225706489301279 -0.04462101957543929 -0.1174399927607172
v -0.0023620961834368297 -0.04520495438711025 -0.11709419043716357
v -0.001314475837199264 -0.04483193801197105 -0.11640643863447758
v -0.0010006691692714816 -0.044605093213598845 -0.11595113923541062
v -0.0015580242420167039 -0.045301592117530376 -0.11559229827598377
v -0.0010133824829780538 -0.04465809461992487 -0.11549523711414705
v -0.0011154481702371074 -0.04479431746575058 -0.11542319273816654
v -0.0010006691692714816 -0.044605093213598845 -0.11595113923541062
v -0.0012016978834630823 -0.04490374206201242 -0.11536710142690859
v -0.001299808683144152 -0.04502288650736874 -0.11530565428043532
v -0.0015580242420167039 -0.045301592117530376 -0.11559229827598377
v -0.001314475837199264 -0.04483193801197105 -0.11640643863447758
v -0.0015580242420167039 -0.045301592117530376 -0.11559229827598377
v -0.0018091491128006958 -0.04545223070500759 -0.11593853547504634
v -0.0018054704331597203 -0.04517237305621702 -0.11660692387349231
v -0.001314475837199264 -0.04483193801197105 -0.11640643863447758
v -0.0018091491128006958 -0.04545223070500759 -0.11593853547504634
v -0.0023620961834368297 -0.04520495438711025 -0.11709419043716357
v -0.001803885783998455 -0.04492947982568607 -0.11700282843331239
v -0.002623263960505329 -0.04575899722958798 -0.11651052646901133
v -0.0015580242420167039 -0.045301592117530376 -0.11559229827598377
v -0.001429488965220688 -0.04517164444900468 -0.11523822568836545
v -0.0015746590646986002 -0.04533133531352318 -0.11525955747648803
v -0.001429488965220688 -0.04517164444900468 -0.11523822568836545
v -0.0014997915741888498 -0.04524833894117286 -0.11518990873050411
v -0.0015746590646986002 -0.04533133531352318 -0.11525955747648803
v -0.0028004495043520987 -0.045329424150102327 -0.11718845161107433
v -0.0023620961834368297 -0.04520495438711025 -0.11709419043716357
v -0.0032084519002875686 -0.04590001133540689 -0.11671201878815202
v -0.002309679141075938 -0.04581873920630253 -0.11596868684366596
v -0.0018091491128006958 -0.04545223070500759 -0.11593853547504634
v -0.0021056493328773522 -0.045783106117451844 -0.11557208037951566
v -0.003148288876342332 -0.04562747409101675 -0.11700274450996856
v -0.0028004495043520987 -0.045329424150102327 -0.11718845161107433
v -0.0032084519002875686 -0.04590001133540689 -0.11671201878815202
v -0.002623263960505329 -0.04575899722958798 -0.11651052646901133
v -0.0018054704331597203 -0.04517237305621702 -0.11660692387349231
v -0.002309679141075938 -0.04581873920630253 -0.11596868684366596
v -0.002623263960505329 -0.04575899722958798 -0.11651052646901133
v -0.002309679141075938 -0.04581873920630253 -0.11596868684366596
v -0.0029387222732182865 -0.0461185858697144 -0.11615536287792322
v -0.0015580242420167039 -0.045301592117530376 -0.11559229827598377
v -0.0023071118496942327 -0.045999410906778504 -0.11500613949570132
v -0.0021056493328773522 -0.045783106117451844 -0.11557208037951566
v -0.002309679141075938 -0.04581873920630253 -0.11596868684366596
v -0.0021056493328773522 -0.045783106117451844 -0.11557208037951566
v -0.002554878117794896 -0.04611622838669227 -0.11552821135887731
v -0.0029995142454050665 -0.046374834356006644 -0.11556538940019395
v -0.0027630466343046838 -0.04631593924212529 -0.11510374997397038
v -0.003435785456770147 -0.04671031792296665 -0.11507159970388864
v -0.0029387222732182865 -0.0461185858697144 -0.11615536287792322
v -0.0029995142454050665 -0.046374834356006644 -0.11556538940019395
v -0.003653264696073245 -0.04671189720770963 -0.11555103850839904
v -0.0029995142454050665 -0.046374834356006644 -0.11556538940019395
v -0.003435785456770147 -0.04671031792296665 -0.11507159970388864
v -0.003653264696073245 -0.04671189720770963 -0.11555103850839904
v -0.003672069962393083 -0.04604391316719303 -0.11673509007831034
v -0.0032084519002875686 -0.04590001133540689 -0.11671201878815202
v -0.004267482960262915 -0.046610315629398436 -0.11625114230141781
v -0.003435785456770147 -0.04671031792296665 -0.11507159970388864
v -0.003057892706200966 -0.046507784191422985 -0.11469708796735029
v -0.003347508351060486 -0.04666221840285978 -0.11453157587452795
v -0.003545572687708027 -0.046329820926134246 -0.1162737787160672
v -0.0038899087369305427 -0.04669066841641811 -0.11585445191392368
v -0.004267482960262915 -0.046610315629398436 -0.11625114230141781
v -0.003435785456770147 -0.04671031792296665 -0.11507159970388864
v -0.003347508351060486 -0.04666221840285978 -0.11453157587452795
v -0.003511532473459978 -0.04675967629323097 -0.11464444514258426
v -0.0042169210529541265 -0.046298002534730376 -0.11663681584268554
v -0.003672069962393083 -0.04604391316719303 -0.11673509007831034
v -0.004267482960262915 -0.046610315629398436 -0.11625114230141781
v -0.003511532473459978 -0.04675967629323097 -0.11464444514258426
v -0.003726795611965068 -0.046848455746910656 -0.11444171686147081
v -0.0039598798248487175 -0.04696948083810826 -0.11460191889544719
v -0.003435785456770147 -0.04671031792296665 -0.11507159970388864
v -0.003511532473459978 -0.04675967629323097 -0.11464444514258426
v -0.0039598798248487175 -0.04696948083810826 -0.11460191889544719
v -0.0038899087369305427 -0.04669066841641811 -0.11585445191392368
v -0.003653264696073245 -0.04671189720770963 -0.11555103850839904
v -0.0042401353942667095 -0.04694650110068865 -0.11551241088205261
v -0.003653264696073245 -0.04671189720770963 -0.11555103850839904
v -0.003435785456770147 -0.04671031792296665 -0.11507159970388864
v -0.004271890366325527 -0.04706569132241434 -0.11502625058064092
v -0.0042401353942667095 -0.04694650110068865 -0.11551241088205261
v -0.003653264696073245 -0.04671189720770963 -0.11555103850839904
v -0.004271890366325527 -0.04706569132241434 -0.11502625058064092
v -0.003435785456770147 -0.04671031792296665 -0.11507159970388864
v -0.0039598798248487175 -0.04696948083810826 -0.11460191889544719
v -0.004271890366325527 -0.04706569132241434 -0.11502625058064092
v -0.004439546319112976 -0.04714094767364507 -0.11442901391897292
v -0.0039598798248487175 -0.04696948083810826 -0.11460191889544719
v -0.004151180941341649 -0.04702650675024067 -0.11437112969991498
v -0.004271890366325527 -0.04706569132241434 -0.11502625058064092
v -0.0039598798248487175 -0.04696948083810826 -0.11460191889544719
v -0.004717282042448757 -0.04724054179458648 -0.114721852983175
v -0.0042401353942667095 -0.04694650110068865 -0.11551241088205261
v -0.004271890366325527 -0.04706569132241434 -0.11502625058064092
v -0.004805755843495519 -0.047225065567044755 -0.11512525723817552
v -0.004267482960262915 -0.046610315629398436 -0.11625114230141781
v -0.0038899087369305427 -0.04669066841641811 -0.11585445191392368
v -0.0047861382850381004 -0.04699186166802871 -0.11583820130280026
v -0.0038899087369305427 -0.04669066841641811 -0.11585445191392368
v -0.0042401353942667095 -0.04694650110068865 -0.11551241088205261
v -0.0047861382850381004 -0.04699186166802871 -0.11583820130280026
v -0.005257335912551842 -0.04693260415788991 -0.11617967775944921
v -0.004267482960262915 -0.046610315629398436 -0.11625114230141781
v -0.0047861382850381004 -0.04699186166802871 -0.11583820130280026
v -0.0047861382850381004 -0.04699186166802871 -0.11583820130280026
v -0.0042401353942667095 -0.04694650110068865 -0.11551241088205261
v -0.004709219679394917 -0.04710267862885864 -0.115490506889313
v -0.004439546319112976 -0.04714094767364507 -0.11442901391897292
v -0.004609623174267608 -0.047186102247323 -0.1143174721656281
v -0.0047065555900654985 -0.04722696528637327 -0.11441398401103248
v -0.004856927148721436 -0.04725884471293629 -0.11429714745763148
v -0.005045322657852847 -0.04730758510221422 -0.11428183526207997
v -0.0047065555900654985 -0.04722696528637327 -0.11441398401103248
v -0.004717282042448757 -0.04724054179458648 -0.114721852983175
v -0.0047065555900654985 -0.04722696528637327 -0.11441398401103248
v -0.005217996845131579 -0.047370836600579835 -0.11446109552450062
v -0.004604204873381591 -0.0465667823021354 -0.11645005588508445
v -0.005257335912551842 -0.04693260415788991 -0.11617967775944921
v -0.005555806900696959 -0.04686006387124131 -0.11637969760537542
v -0.004709219679394917 -0.04710267862885864 -0.115490506889313
v -0.004805755843495519 -0.047225065567044755 -0.11512525723817552
v -0.005724259648413611 -0.04732235942542573 -0.11556226897768246
v -0.0047861382850381004 -0.04699186166802871 -0.11583820130280026
v -0.004709219679394917 -0.04710267862885864 -0.115490506889313
v -0.0056083700936537815 -0.047173624371974476 -0.11586123444598412
v -0.005724259648413611 -0.04732235942542573 -0.11556226897768246
v -0.004805755843495519 -0.047225065567044755 -0.11512525723817552
v -0.00559342601640589 -0.0473951819996854 -0.11519576047638752
v -0.005257335912551842 -0.04693260415788991 -0.11617967775944921
v -0.0047861382850381004 -0.04699186166802871 -0.11583820130280026
v -0.0056083700936537815 -0.047173624371974476 -0.11586123444598412
v -0.004805755843495519 -0.047225065567044755 -0.11512525723817552
v -0.005506123327475299 -0.04743092571476204 -0.11478076717054359
v -0.00559342601640589 -0.0473951819996854 -0.11519576047638752
v -0.005506123327475299 -0.04743092571476204 -0.11478076717054359
v -0.005330430284004596 -0.04737631450611346 -0.1142978417325668
v -0.005861707012119744 -0.04747493969390337 -0.11434025353878047
v -0.005506123327475299 -0.04743092571476204 -0.11478076717054359
v -0.005861707012119744 -0.04747493969390337 -0.11434025353878047
v -0.006330402674945558 -0.04755177151517964 -0.11472278376935202
v -0.00559342601640589 -0.0473951819996854 -0.11519576047638752
v -0.005506123327475299 -0.04743092571476204 -0.11478076717054359
v -0.006330402674945558 -0.04755177151517964 -0.11472278376935202
v -0.005257335912551842 -0.04693260415788991 -0.11617967775944921
v -0.0056083700936537815 -0.047173624371974476 -0.11586123444598412
v -0.006387516801956429 -0.04709439310600416 -0.11626422671366038
v -0.005555806900696959 -0.04686006387124131 -0.11637969760537542
v -0.005257335912551842 -0.04693260415788991 -0.11617967775944921
v -0.006387516801956429 -0.04709439310600416 -0.11626422671366038
v -0.006053503324024991 -0.04748779903899658 -0.11425795525606292
v -0.006305989564960314 -0.047511915556255335 -0.11426460808841016
v -0.006330402674945558 -0.04755177151517964 -0.11472278376935202
v -0.006387516801956429 -0.04709439310600416 -0.11626422671366038
v -0.0056083700936537815 -0.047173624371974476 -0.11586123444598412
v -0.006480768988392506 -0.047277906756078014 -0.11594735505554338
v -0.00647018940186095 -0.04692873986937629 -0.11651944523164198
v -0.005555806900696959 -0.04686006387124131 -0.11637969760537542
v -0.006387516801956429 -0.04709439310600416 -0.11626422671366038
v -0.0061830323295059015 -0.04685281976078981 -0.11654667454201734
v -0.0058727558064372585 -0.04683019479023276 -0.1164984796544743
v -0.00647018940186095 -0.04692873986937629 -0.11651944523164198
v -0.006480768988392506 -0.047277906756078014 -0.11594735505554338
v -0.005724259648413611 -0.04732235942542573 -0.11556226897768246
v -0.006363713566725495 -0.04744891582792121 -0.11543701720171379
v -0.006307609857700848 -0.046862978300090674 -0.11656355076352204
v -0.0061830323295059015 -0.04685281976078981 -0.11654667454201734
v -0.00647018940186095 -0.04692873986937629 -0.11651944523164198
v -0.006865637628498957 -0.04753644787553579 -0.11429445428123403
v -0.007059422351448354 -0.04753593289138047 -0.11431007165258128
v -0.006683559735176649 -0.04754820477306687 -0.11439164514278394
v -0.006363713566725495 -0.04744891582792121 -0.11543701720171379
v -0.006740827880596935 -0.047546907775934955 -0.1150660149868265
v -0.007330829968557053 -0.04752163922004726 -0.11533307432568302
v -0.006480768988392506 -0.047277906756078014 -0.11594735505554338
v -0.006363713566725495 -0.04744891582792121 -0.11543701720171379
v -0.007247793541883542 -0.047406030999224136 -0.11577507568945039
v -0.006740827880596935 -0.047546907775934955 -0.1150660149868265
v -0.006330402674945558 -0.04755177151517964 -0.11472278376935202
v -0.007529563307769329 -0.047561010712395824 -0.11486960384468498
v -0.006387516801956429 -0.04709439310600416 -0.11626422671366038
v -0.006480768988392506 -0.047277906756078014 -0.11594735505554338
v -0.007342885366163345 -0.047271501879064814 -0.11612568453178701
v -0.006884074061259406 -0.04687824471927282 -0.11666962987012303
v -0.006694654782700706 -0.04688757546922773 -0.1166190164643987
v -0.0070477188596815305 -0.04706563791665008 -0.11644842319457721
v -0.007529563307769329 -0.047561010712395824 -0.11486960384468498
v -0.0076890405492308096 -0.04751297604214555 -0.11445816583686147
v -0.00790521134730965 -0.04750762020693022 -0.11463574000301063
v -0.00714180121964947 -0.04686588891424259 -0.11673519688983885
v -0.006884074061259406 -0.04687824471927282 -0.11666962987012303
v -0.0070477188596815305 -0.04706563791665008 -0.11644842319457721
v -0.0076890405492308096 -0.04751297604214555 -0.11445816583686147
v -0.007883978741320687 -0.04747953640432678 -0.11440624780461034
v -0.00790521134730965 -0.04750762020693022 -0.11463574000301063
v -0.007883978741320687 -0.04747953640432678 -0.11440624780461034
v -0.007937520881009798 -0.04747369610253571 -0.11442011804452695
v -0.00790521134730965 -0.04750762020693022 -0.11463574000301063
v -0.008300932324815104 -0.047423151361365434 -0.11450559778491515
v -0.007937520881009798 -0.04747369610253571 -0.11442011804452695
v -0.008112007526412947 -0.04744999920199611 -0.11444885797509124
v -0.00790521134730965 -0.04750762020693022 -0.11463574000301063
v -0.007937520881009798 -0.04747369610253571 -0.11442011804452695
v -0.008300932324815104 -0.047423151361365434 -0.11450559778491515
v -0.007247793541883542 -0.047406030999224136 -0.11577507568945039
v -0.007330829968557053 -0.04752163922004726 -0.11533307432568302
v -0.008117995647730082 -0.04741415630478585 -0.11566993499842132
v -0.008117995647730082 -0.04741415630478585 -0.11566993499842132
v -0.007529563307769329 -0.047561010712395824 -0.11486960384468498
v -0.00847665445535384 -0.047433851587703746 -0.1151107842760623
v -0.007342885366163345 -0.047271501879064814 -0.11612568453178701
v -0.007247793541883542 -0.047406030999224136 -0.11577507568945039
v -0.008056733514082983 -0.04721903834507879 -0.11626075533898378
v -0.008654594832457898 -0.047360552176263226 -0.11461497279011018
v -0.008300932324815104 -0.047423151361365434 -0.11450559778491515
v -0.00848642484918949 -0.04738499675750241 -0.11451683588359346
v -0.007987057588379755 -0.04702381357384322 -0.11663371830835872
v -0.007342885366163345 -0.047271501879064814 -0.11612568453178701
v -0.008056733514082983 -0.04721903834507879 -0.11626075533898378
v -0.00847665445535384 -0.047433851587703746 -0.1151107842760623
v -0.008654594832457898 -0.047360552176263226 -0.11461497279011018
v -0.009271848165303688 -0.04723755488648562 -0.11505541012792436
v -0.009271848165303688 -0.04723755488648562 -0.11505541012792436
v -0.008654594832457898 -0.047360552176263226 -0.11461497279011018
v -0.008834496917723979 -0.04730780253996869 -0.11458608027164802
v -0.008834496917723979 -0.04730780253996869 -0.11458608027164802
v -0.009086592152171004 -0.04724357066435925 -0.11465332575824044
v -0.009271848165303688 -0.04723755488648562 -0.11505541012792436
v -0.007928109068734148 -0.046762708977701184 -0.11699770147994387
v -0.007542117000229611 -0.04688618691935709 -0.11678161412837168
v -0.008268021976267083 -0.04676732094691438 -0.1170393350878784
v -0.009086592152171004 -0.04724357066435925 -0.11465332575824044
v -0.009297560179769572 -0.04718086466772853 -0.11470529719625583
v -0.009271848165303688 -0.04723755488648562 -0.11505541012792436
v -0.008784614980235085 -0.04729188380752314 -0.11582099701731513
v -0.00847665445535384 -0.047433851587703746 -0.1151107842760623
v -0.009443852873180504 -0.047176428174597884 -0.11567533661000601
v -0.00847665445535384 -0.047433851587703746 -0.1151107842760623
v -0.009271848165303688 -0.04723755488648562 -0.11505541012792436
v -0.009443852873180504 -0.047176428174597884 -0.11567533661000601
v -0.008739841876301837 -0.04696558603201506 -0.11673103886962183
v -0.008056733514082983 -0.04721903834507879 -0.11626075533898378
v -0.008668457442979617 -0.04720644221410941 -0.11618861178086964
v -0.009844446649837081 -0.04704847559283687 -0.11532641386394088
v -0.009430521459278253 -0.04714665064632806 -0.11478666469279636
v -0.009646299820357253 -0.04706536325843391 -0.11480676051894617
v -0.009271848165303688 -0.04723755488648562 -0.11505541012792436
v -0.009430521459278253 -0.04714665064632806 -0.11478666469279636
v -0.009844446649837081 -0.04704847559283687 -0.11532641386394088
v -0.009758379446042078 -0.04702434000209088 -0.11484135982478877
v -0.00994124936592178 -0.04695477517945079 -0.11490466091422119
v -0.009844446649837081 -0.04704847559283687 -0.11532641386394088
v -0.009443852873180504 -0.047176428174597884 -0.11567533661000601
v -0.009271848165303688 -0.04723755488648562 -0.11505541012792436
v -0.009844446649837081 -0.04704847559283687 -0.11532641386394088
v -0.008739841876301837 -0.04696558603201506 -0.11673103886962183
v -0.008668457442979617 -0.04720644221410941 -0.11618861178086964
v -0.009478558036877251 -0.04692186578457713 -0.11664973240824045
v -0.010489331743638865 -0.04677000267921949 -0.11551315856275218
v -0.009844446649837081 -0.04704847559283687 -0.11532641386394088
v -0.01015702772700078 -0.04688217385764304 -0.11507669613967758
v -0.008784614980235085 -0.04729188380752314 -0.11582099701731513
v -0.009443852873180504 -0.047176428174597884 -0.11567533661000601
v -0.01001716375246209 -0.04688259347436219 -0.11635843448180688
v -0.008739841876301837 -0.04696558603201506 -0.11673103886962183
v -0.009478558036877251 -0.04692186578457713 -0.11664973240824045
v -0.009629039268084784 -0.04668149406905853 -0.11712559302654574
v -0.009274305784133798 -0.046674982380516816 -0.11720445045216626
v -0.008739841876301837 -0.04696558603201506 -0.11673103886962183
v -0.009629039268084784 -0.04668149406905853 -0.11712559302654574
v -0.01001716375246209 -0.04688259347436219 -0.11635843448180688
v -0.009443852873180504 -0.047176428174597884 -0.11567533661000601
v -0.010259651671389316 -0.04686750634596004 -0.1159589441063868
v -0.00982945774989419 -0.04675979073415437 -0.11688052923316755
v -0.01001716375246209 -0.04688259347436219 -0.11635843448180688
v -0.01013094282585947 -0.04672976906524795 -0.11675559789178441
v -0.009629039268084784 -0.04668149406905853 -0.11712559302654574
v -0.009478558036877251 -0.04692186578457713 -0.11664973240824045
v -0.00982945774989419 -0.04675979073415437 -0.11688052923316755
v -0.010489331743638865 -0.04677000267921949 -0.11551315856275218
v -0.010564561391987472 -0.04669339973979003 -0.11523805784167779
v -0.01107135920658642 -0.046439024269944174 -0.1156030480933889
v -0.002203271970494525 -0.04451008817368596 -0.11780718027815767
v -0.003278559840476648 -0.04338194480955515 -0.1195158900761139
v -0.0018293751155008813 -0.04398755091742146 -0.11817447460712666
v -0.002291399587747989 -0.04477724287997864 -0.11756300149458715
v -0.0026393255056865465 -0.04474655363901903 -0.11775610147934484
v -0.003278559840476648 -0.04338194480955515 -0.1195158900761139
v -0.0028004495043520987 -0.045329424150102327 -0.11718845161107433
v -0.005031250715808734 -0.04234301195991552 -0.12143697933972403
v -0.0026393255056865465 -0.04474655363901903 -0.11775610147934484
v -0.0028004495043520987 -0.045329424150102327 -0.11718845161107433
v -0.0052804048185242656 -0.042478986850407185 -0.12139305691332142
v -0.005031250715808734 -0.04234301195991552 -0.12143697933972403
v -0.005503652357204126 -0.04259588062426989 -0.12135439114000052
v -0.0052804048185242656 -0.042478986850407185 -0.12139305691332142
v -0.003148288876342332 -0.04562747409101675 -0.11700274450996856
v -0.005728916440321808 -0.04270895970068578 -0.12131605343066004
v -0.005503652357204126 -0.04259588062426989 -0.12135439114000052
v -0.003148288876342332 -0.04562747409101675 -0.11700274450996856
v -0.0059561317411835355 -0.04281817830328549 -0.12127805904408978
v -0.005728916440321808 -0.04270895970068578 -0.12131605343066004
v -0.0034436156001169125 -0.04583603504452638 -0.11688436681879905
v -0.0034436156001169125 -0.04583603504452638 -0.11688436681879905
v -0.003672069962393083 -0.04604391316719303 -0.11673509007831034
v -0.0059561317411835355 -0.04281817830328549 -0.12127805904408978
v -0.00628842908210109 -0.04297000707636611 -0.12122360042333907
v -0.0059561317411835355 -0.04281817830328549 -0.12127805904408978
v -0.003672069962393083 -0.04604391316719303 -0.11673509007831034
v -0.006648826438086232 -0.0431224118687612 -0.12116626552071347
v -0.0042169210529541265 -0.046298002534730376 -0.11663681584268554
v -0.004604204873381591 -0.0465667823021354 -0.11645005588508445
v -0.006648826438086232 -0.0431224118687612 -0.12116626552071347
v -0.00628842908210109 -0.04297000707636611 -0.12122360042333907
v -0.0042169210529541265 -0.046298002534730376 -0.11663681584268554
v -0.004604204873381591 -0.0465667823021354 -0.11645005588508445
v -0.00522351766601148 -0.04667343742805086 -0.11651173954279942
v -0.0068831852367542985 -0.043215913917880044 -0.12112975123675257
v -0.007119161943976994 -0.04330541816407463 -0.12109364894011593
v -0.00522351766601148 -0.04667343742805086 -0.11651173954279942
v -0.005555806900696959 -0.04686006387124131 -0.11637969760537542
v -0.007356688372037458 -0.043390894089765375 -0.12105794337201375
v -0.005555806900696959 -0.04686006387124131 -0.11637969760537542
v -0.0058727558064372585 -0.04683019479023276 -0.1164984796544743
v -0.007595695856381647 -0.04347231880676761 -0.12102266505002562
v -0.0058727558064372585 -0.04683019479023276 -0.1164984796544743
v -0.0061830323295059015 -0.04685281976078981 -0.11654667454201734
v -0.007836115255618338 -0.04354966942689664 -0.12098780634475664
v -0.006307609857700848 -0.046862978300090674 -0.11656355076352204
v -0.00647018940186095 -0.04692873986937629 -0.11651944523164198
v -0.007836115255618338 -0.04354966942689664 -0.12098780634475664
v -0.0061830323295059015 -0.04685281976078981 -0.11654667454201734
v -0.006307609857700848 -0.046862978300090674 -0.11656355076352204
v -0.008077877428356308 -0.0436229230619678 -0.12095339014439149
v -0.006694654782700706 -0.04688757546922773 -0.1166190164643987
v -0.006884074061259406 -0.04687824471927282 -0.11666962987012303
v -0.008077877428356308 -0.0436229230619678 -0.12095339014439149
v -0.00647018940186095 -0.04692873986937629 -0.11651944523164198
v -0.006694654782700706 -0.04688757546922773 -0.1166190164643987
v -0.008320912756367151 -0.043692060638493846 -0.12091942407832507
v -0.006884074061259406 -0.04687824471927282 -0.11666962987012303
v -0.00714180121964947 -0.04686588891424259 -0.11673519688983885
v -0.00856514971407374 -0.0437570592682901 -0.12088591577595226
v -0.00714180121964947 -0.04686588891424259 -0.11673519688983885
v -0.007542117000229611 -0.04688618691935709 -0.11678161412837168
v -0.008810518683247672 -0.043817899877869326 -0.12085288049606285
v -0.007542117000229611 -0.04688618691935709 -0.11678161412837168
v -0.007928109068734148 -0.046762708977701184 -0.11699770147994387
v -0.009182997186046872 -0.04390230387357752 -0.12080383111629173
v -0.007928109068734148 -0.046762708977701184 -0.11699770147994387
v -0.008268021976267083 -0.04676732094691438 -0.1170393350878784
v -0.00955270812584841 -0.04397531718270953 -0.12075666619705933
v -0.008268021976267083 -0.04676732094691438 -0.1170393350878784
v -0.009041557741462649 -0.046545084303057926 -0.11740836128948823
v -0.009932058806098045 -0.04404116649003642 -0.1207095241660116
v -0.009041557741462649 -0.046545084303057926 -0.11740836128948823
v -0.009722454532836712 -0.04621311407244644 -0.1178855570518999
v -0.01042816211640485 -0.04411042995157821 -0.12065024376768813
v -0.009722454532836712 -0.04621311407244644 -0.1178855570518999
v -0.010480526468257258 -0.045847330363666394 -0.11838635053271757
v -0.010480526468257258 -0.045847330363666394 -0.11838635053271757
v -0.011038999128145101 -0.044179212761241704 -0.12057391167177739
v -0.010818966425738543 -0.04415445156011444 -0.1206050319735485
v -0.010480526468257258 -0.045847330363666394 -0.11838635053271757
v -0.011157476001448232 -0.04421975536570644 -0.12051984215016626
v -0.011038999128145101 -0.044179212761241704 -0.12057391167177739
v -0.010480526468257258 -0.045847330363666394 -0.11838635053271757
v -0.011302415430939907 -0.044334642608712116 -0.12036590384939755
v -0.011157476001448232 -0.04421975536570644 -0.12051984215016626
v -0.010480526468257258 -0.045847330363666394 -0.11838635053271757
v -0.01117372851992038 -0.04556160189550518 -0.11875349990318357
v -0.011302415430939907 -0.044334642608712116 -0.12036590384939755
v -0.010480526468257258 -0.045847330363666394 -0.11838635053271757
v -0.010818966425738543 -0.04415445156011444 -0.1206050319735485
v -0.01042816211640485 -0.04411042995157821 -0.12065024376768813
v -0.009722454532836712 -0.04621311407244644 -0.1178855570518999
v -0.01042816211640485 -0.04411042995157821 -0.12065024376768813
v -0.009932058806098045 -0.04404116649003642 -0.1207095241660116
v -0.009041557741462649 -0.046545084303057926 -0.11740836128948823
v -0.009932058806098045 -0.04404116649003642 -0.1207095241660116
v -0.00955270812584841 -0.04397531718270953 -0.12075666619705933
v -0.008268021976267083 -0.04676732094691438 -0.1170393350878784
v -0.00955270812584841 -0.04397531718270953 -0.12075666619705933
v -0.009182997186046872 -0.04390230387357752 -0.12080383111629173
v -0.007928109068734148 -0.046762708977701184 -0.11699770147994387
v -0.009182997186046872 -0.04390230387357752 -0.12080383111629173
v -0.008810518683247672 -0.043817899877869326 -0.12085288049606285
v -0.007542117000229611 -0.04688618691935709 -0.11678161412837168
v -0.008810518683247672 -0.043817899877869326 -0.12085288049606285
v -0.00856514971407374 -0.0437570592682901 -0.12088591577595226
v -0.00714180121964947 -0.04686588891424259 -0.11673519688983885
v -0.00856514971407374 -0.0437570592682901 -0.12088591577595226
v -0.008320912756367151 -0.043692060638493846 -0.12091942407832507
v -0.006884074061259406 -0.04687824471927282 -0.11666962987012303
v -0.008320912756367151 -0.043692060638493846 -0.12091942407832507
v -0.008077877428356308 -0.0436229230619678 -0.12095339014439149
v -0.00647018940186095 -0.04692873986937629 -0.11651944523164198
v -0.008077877428356308 -0.0436229230619678 -0.12095339014439149
v -0.007836115255618338 -0.04354966942689664 -0.12098780634475664
v -0.0061830323295059015 -0.04685281976078981 -0.11654667454201734
v -0.007836115255618338 -0.04354966942689664 -0.12098780634475664
v -0.007595695856381647 -0.04347231880676761 -0.12102266505002562
v -0.0058727558064372585 -0.04683019479023276 -0.1164984796544743
v -0.007595695856381647 -0.04347231880676761 -0.12102266505002562
v -0.007356688372037458 -0.043390894089765375 -0.12105794337201375
v -0.005555806900696959 -0.04686006387124131 -0.11637969760537542
v -0.007356688372037458 -0.043390894089765375 -0.12105794337201375
v -0.007119161943976994 -0.04330541816407463 -0.12109364894011593
v -0.00522351766601148 -0.04667343742805086 -0.11651173954279942
v -0.007119161943976994 -0.04330541816407463 -0.12109364894011593
v -0.0068831852367542985 -0.043215913917880044 -0.12112975123675257
v -0.004604204873381591 -0.0465667823021354 -0.11645005588508445
v -0.0068831852367542985 -0.043215913917880044 -0.12112975123675257
v -0.006648826438086232 -0.0431224118687612 -0.12116626552071347
v -0.003672069962393083 -0.04604391316719303 -0.11673509007831034
v -0.0042169210529541265 -0.046298002534730376 -0.11663681584268554
v -0.00628842908210109 -0.04297000707636611 -0.12122360042333907
v -0.003148288876342332 -0.04562747409101675 -0.11700274450996856
v -0.0034436156001169125 -0.04583603504452638 -0.11688436681879905
v -0.005728916440321808 -0.04270895970068578 -0.12131605343066004
v -0.0028004495043520987 -0.045329424150102327 -0.11718845161107433
v -0.003148288876342332 -0.04562747409101675 -0.11700274450996856
v -0.0052804048185242656 -0.042478986850407185 -0.12139305691332142
v -0.002203271970494525 -0.04451008817368596 -0.11780718027815767
v -0.002291399587747989 -0.04477724287997864 -0.11756300149458715
v -0.003278559840476648 -0.04338194480955515 -0.1195158900761139
v -0.011582505776274734 -0.04128769117004438 -0.12069844628462606
v -0.011519189428052525 -0.04129525190038397 -0.12079366876229342
v -0.011302415430939907 -0.044334642608712116 -0.12036590384939755
v -0.011619887903904782 -0.041278017097319264 -0.12060266686113147
v -0.011582505776274734 -0.04128769117004438 -0.12069844628462606
v -0.011362515989214452 -0.044456892217790145 -0.12020384024306713
v -0.011638869838400125 -0.041261652045272434 -0.12046729087813896
v -0.011619887903904782 -0.041278017097319264 -0.12060266686113147
v -0.011377040449743194 -0.04458280775111456 -0.12003726766435457
v -0.011196192319510303 -0.04129262738854056 -0.12096745111918045
v -0.011187542493049653 -0.04129207807210822 -0.1209684658287013
v -0.010818966425738543 -0.04415445156011444 -0.1206050319735485
v -0.011234278258819288 -0.041294824654269924 -0.12096126367992172
v -0.011196192319510303 -0.04129262738854056 -0.12096745111918045
v -0.011038999128145101 -0.044179212761241704 -0.12057391167177739
v -0.011309386790523958 -0.04129806333240227 -0.12094077112523743
v -0.011234278258819288 -0.041294824654269924 -0.12096126367992172
v -0.011038999128145101 -0.044179212761241704 -0.12057391167177739
v -0.011407664840846212 -0.041299348885441844 -0.12089158441635822
v -0.011309386790523958 -0.04129806333240227 -0.12094077112523743
v -0.011157476001448232 -0.04421975536570644 -0.12051984215016626
v -0.011469691821331398 -0.0412977886741861 -0.12084256555416667
v -0.011407664840846212 -0.041299348885441844 -0.12089158441635822
v -0.011157476001448232 -0.04421975536570644 -0.12051984215016626
v -0.011157476001448232 -0.04421975536570644 -0.12051984215016626
v -0.011302415430939907 -0.044334642608712116 -0.12036590384939755
v -0.011469691821331398 -0.0412977886741861 -0.12084256555416667
v -0.011519189428052525 -0.04129525190038397 -0.12079366876229342
v -0.011469691821331398 -0.0412977886741861 -0.12084256555416667
v -0.011302415430939907 -0.044334642608712116 -0.12036590384939755
v -0.011038999128145101 -0.044179212761241704 -0.12057391167177739
v -0.011157476001448232 -0.04421975536570644 -0.12051984215016626
v -0.011309386790523958 -0.04129806333240227 -0.12094077112523743
v -0.010818966425738543 -0.04415445156011444 -0.1206050319735485
v -0.011038999128145101 -0.044179212761241704 -0.12057391167177739
v -0.011196192319510303 -0.04129262738854056 -0.12096745111918045
v -0.011362515989214452 -0.044456892217790145 -0.12020384024306713
v -0.011377040449743194 -0.04458280775111456 -0.12003726766435457
v -0.011619887903904782 -0.041278017097319264 -0.12060266686113147
v -0.011302415430939907 -0.044334642608712116 -0.12036590384939755
v -0.011362515989214452 -0.044456892217790145 -0.12020384024306713
v -0.011582505776274734 -0.04128769117004438 -0.12069844628462606
v -0.011463983126602241 -0.040902902638584315 -0.11785310160602241
v -0.012453787441498724 -0.04099709896263848 -0.11797358501018257
v -0.012423740023384536 -0.041021894496042766 -0.11817954052533602
v -0.011543162894157024 -0.04087038234285023 -0.11755915627956076
v -0.012525407432388284 -0.04097582820967505 -0.1177694452910138
v -0.012453787441498724 -0.04099709896263848 -0.11797358501018257
v -0.012453787441498724 -0.04099709896263848 -0.11797358501018257
v -0.011498613903698775 -0.04088618663437238 -0.1177056406615184
v -0.011543162894157024 -0.04087038234285023 -0.11755915627956076
v -0.014527551387348295 -0.0412497196716588 -0.11864491072566258
v -0.015749908241671776 -0.04139621168301133 -0.11902232163226051
v -0.015820676601356335 -0.04141478925957731 -0.11912071030880872
v -0.012453787441498724 -0.04099709896263848 -0.11797358501018257
v -0.011463983126602241 -0.040902902638584315 -0.11785310160602241
v -0.011498613903698775 -0.04088618663437238 -0.1177056406615184
v -0.01624373131657975 -0.041494272295579115 -0.11946946520818619
v -0.016024166868284787 -0.041447191299690544 -0.11924431413548037
v -0.016096316148445092 -0.04145527845827779 -0.11926262468322507
v -0.01624373131657975 -0.041494272295579115 -0.11946946520818619
v -0.01596951751266174 -0.04144010740653181 -0.11922337907589226
v -0.016024166868284787 -0.041447191299690544 -0.11924431413548037
v -0.01596951751266174 -0.04144010740653181 -0.11922337907589226
v -0.01624373131657975 -0.041494272295579115 -0.11946946520818619
v -0.014527551387348295 -0.0412497196716588 -0.11864491072566258
v -0.015693040639483406 -0.04137393766461939 -0.11888762466541353
v -0.015749908241671776 -0.04139621168301133 -0.11902232163226051
v -0.014527551387348295 -0.0412497196716588 -0.11864491072566258
v -0.014527551387348295 -0.0412497196716588 -0.11864491072566258
v -0.014599643447046898 -0.04122754102070303 -0.11843361463408358
v -0.015693040639483406 -0.04137393766461939 -0.11888762466541353
v -0.011425100869201234 -0.040946512259796286 -0.11820689953542457
v -0.012423740023384536 -0.041021894496042766 -0.11817954052533602
v -0.012436590785408489 -0.04105342297044068 -0.11841079511395675
v -0.012423740023384536 -0.041021894496042766 -0.11817954052533602
v -0.011425100869201234 -0.040946512259796286 -0.11820689953542457
v -0.011443463869035832 -0.04091827586929497 -0.11798193919759109
v -0.014527551387348295 -0.0412497196716588 -0.11864491072566258
v -0.01591633586188135 -0.04143215757705265 -0.1191949595799135
v -0.01596951751266174 -0.04144010740653181 -0.11922337907589226
v -0.015820676601356335 -0.04141478925957731 -0.11912071030880872
v -0.01591633586188135 -0.04143215757705265 -0.1191949595799135
v -0.014527551387348295 -0.0412497196716588 -0.11864491072566258
v -0.012436590785408489 -0.04105342297044068 -0.11841079511395675
v -0.011435349053892098 -0.04097696117481675 -0.11843158521504188
v -0.011425100869201234 -0.040946512259796286 -0.11820689953542457
v -0.011727320274425026 -0.040833028825451034 -0.11716563209094749
v -0.012646254186480247 -0.04095987895964992 -0.1175761164244093
v -0.012525407432388284 -0.04097582820967505 -0.1177694452910138
v -0.01550149037556348 -0.041178655672922115 -0.11752237496677859
v -0.015593021179776682 -0.041234129003193676 -0.1178879603112914
v -0.01460671017406712 -0.04117229657227828 -0.1180106638693656
v -0.016096316148445092 -0.04145527845827779 -0.11926262468322507
v -0.01622280388638653 -0.04146607786674972 -0.11926892656340721
v -0.01624373131657975 -0.041494272295579115 -0.11946946520818619
v -0.011638869838400125 -0.041261652045272434 -0.12046729087813896
v -0.011435349053892098 -0.04097696117481675 -0.11843158521504188
v -0.012485634443133446 -0.04108119396785348 -0.11859186354296719
v -0.012423740023384536 -0.041021894496042766 -0.11817954052533602
v -0.011443463869035832 -0.04091827586929497 -0.11798193919759109
v -0.011463983126602241 -0.040902902638584315 -0.11785310160602241
v -0.015344251407828916 -0.041120676086428 -0.1171772287711858
v -0.01550149037556348 -0.041178655672922115 -0.11752237496677859
v -0.01444995948760575 -0.04111065869093267 -0.11763747964753873
v -0.01624373131657975 -0.041494272295579115 -0.11946946520818619
v -0.01622280388638653 -0.04146607786674972 -0.11926892656340721
v -0.016388558212496743 -0.041473539414955685 -0.11922649186900885
v -0.012525407432388284 -0.04097582820967505 -0.1177694452910138
v -0.011543162894157024 -0.04087038234285023 -0.11755915627956076
v -0.011582338883261436 -0.04085983470440979 -0.11745574746117254
v -0.016388558212496743 -0.041473539414955685 -0.11922649186900885
v -0.01651603586442563 -0.041472711625609726 -0.11913934129113896
v -0.016446814364555754 -0.041480039659405055 -0.11924073594927526
v -0.016446814364555754 -0.041480039659405055 -0.11924073594927526
v -0.01624373131657975 -0.041494272295579115 -0.11946946520818619
v -0.016388558212496743 -0.041473539414955685 -0.11922649186900885
v -0.012485634443133446 -0.04108119396785348 -0.11859186354296719
v -0.012636878613830341 -0.04113224987848163 -0.11888815109366119
v -0.011638869838400125 -0.041261652045272434 -0.12046729087813896
v -0.015179535633098599 -0.041076005979325814 -0.11693739874270465
v -0.015344251407828916 -0.041120676086428 -0.1171772287711858
v -0.01444995948760575 -0.04111065869093267 -0.11763747964753873
v -0.015593021179776682 -0.041234129003193676 -0.1178879603112914
v -0.015693040639483406 -0.04137393766461939 -0.11888762466541353
v -0.014599643447046898 -0.04122754102070303 -0.11843361463408358
v -0.01651603586442563 -0.041472711625609726 -0.11913934129113896
v -0.01673555453635123 -0.03949145313917102 -0.11933156389548388
v -0.016446814364555754 -0.041480039659405055 -0.11924073594927526
v -0.011638869838400125 -0.041261652045272434 -0.12046729087813896
v -0.012636878613830341 -0.04113224987848163 -0.11888815109366119
v -0.0128061081293146 -0.041168108034481676 -0.11905843918768694
v -0.012436590785408489 -0.04105342297044068 -0.11841079511395675
v -0.012485634443133446 -0.04108119396785348 -0.11859186354296719
v -0.011435349053892098 -0.04097696117481675 -0.11843158521504188
v -0.012525407432388284 -0.04097582820967505 -0.1177694452910138
v -0.011635383204933738 -0.04084825709765871 -0.11733617958439962
v -0.011727320274425026 -0.040833028825451034 -0.11716563209094749
v -0.012646254186480247 -0.04095987895964992 -0.1175761164244093
v -0.011826901043925366 -0.04082138255414591 -0.1170176676063805
v -0.011914478867909308 -0.04081332591313824 -0.11690406591641439
v -0.012818348539747063 -0.04094903377480863 -0.11739072212849416
v -0.012646254186480247 -0.04095987895964992 -0.1175761164244093
v -0.011914478867909308 -0.04081332591313824 -0.11690406591641439
v -0.01460671017406712 -0.04117229657227828 -0.1180106638693656
v -0.01444995948760575 -0.04111065869093267 -0.11763747964753873
v -0.01550149037556348 -0.041178655672922115 -0.11752237496677859
v -0.015593021179776682 -0.041234129003193676 -0.1178879603112914
v -0.014599643447046898 -0.04122754102070303 -0.11843361463408358
v -0.01460671017406712 -0.04117229657227828 -0.1180106638693656
v -0.014458563537697037 -0.041262407355366904 -0.1187824381980151
v -0.01624373131657975 -0.041494272295579115 -0.11946946520818619
v -0.016048107909460988 -0.04150365263660083 -0.1196578731150843
v -0.014458563537697037 -0.041262407355366904 -0.1187824381980151
v -0.016048107909460988 -0.04150365263660083 -0.1196578731150843
v -0.015802099978464716 -0.04151170546291105 -0.11986639210692202
v -0.014346564974332957 -0.04127356534539883 -0.11893417160365954
v -0.015802099978464716 -0.04151170546291105 -0.11986639210692202
v -0.015471272249738547 -0.041516061847395314 -0.12009775350707125
v -0.015123583558297463 -0.041514143054579566 -0.12029167746647745
v -0.013998481461706128 -0.041281690650960545 -0.11920442002958159
v -0.014225101192928972 -0.04127931409445118 -0.11905055039336693
v -0.013998481461706128 -0.041281690650960545 -0.11920442002958159
v -0.015123583558297463 -0.041514143054579566 -0.12029167746647745
v -0.014703403217600223 -0.041504686419608916 -0.12047192192083939
v -0.013044815683072034 -0.04094715312896735 -0.1172406824485161
v -0.012818348539747063 -0.04094903377480863 -0.11739072212849416
v -0.011914478867909308 -0.04081332591313824 -0.11690406591641439
v -0.011619887903904782 -0.041278017097319264 -0.12060266686113147
v -0.011638869838400125 -0.041261652045272434 -0.12046729087813896
v -0.0128061081293146 -0.041168108034481676 -0.11905843918768694
v -0.012525407432388284 -0.04097582820967505 -0.1177694452910138
v -0.011582338883261436 -0.04085983470440979 -0.11745574746117254
v -0.011635383204933738 -0.04084825709765871 -0.11733617958439962
v -0.012646254186480247 -0.04095987895964992 -0.1175761164244093
v -0.011727320274425026 -0.040833028825451034 -0.11716563209094749
v -0.011826901043925366 -0.04082138255414591 -0.1170176676063805
v -0.015028715847492661 -0.04104087643053811 -0.1167616022255657
v -0.015179535633098599 -0.041076005979325814 -0.11693739874270465
v -0.014316849434896643 -0.04107702831824156 -0.11746240029351979
v -0.015802099978464716 -0.04151170546291105 -0.11986639210692202
v -0.014346564974332957 -0.04127356534539883 -0.11893417160365954
v -0.014458563537697037 -0.041262407355366904 -0.1187824381980151
v -0.014225101192928972 -0.04127931409445118 -0.11905055039336693
v -0.015471272249738547 -0.041516061847395314 -0.12009775350707125
v -0.015123583558297463 -0.041514143054579566 -0.12029167746647745
v -0.01321226278117427 -0.04122855954492133 -0.11927311510120381
v -0.011469691821331398 -0.0412977886741861 -0.12084256555416667
v -0.011519189428052525 -0.04129525190038397 -0.12079366876229342
v -0.013288386022399793 -0.04095567516306353 -0.11715924628742153
v -0.013044815683072034 -0.04094715312896735 -0.1172406824485161
v -0.011914478867909308 -0.04081332591313824 -0.11690406591641439
v -0.014830789316790386 -0.04100206569871423 -0.1165861108842225
v -0.014884703389480562 -0.04101215557346105 -0.11663023930428723
v -0.01411905260390756 -0.04103984264753002 -0.11729914650158596
v -0.01624373131657975 -0.041494272295579115 -0.11946946520818619
v -0.014458563537697037 -0.041262407355366904 -0.1187824381980151
v -0.014527551387348295 -0.0412497196716588 -0.11864491072566258
v -0.01376689308705881 -0.04145901304707822 -0.12068724633292222
v -0.011407664840846212 -0.041299348885441844 -0.12089158441635822
v -0.011469691821331398 -0.0412977886741861 -0.12084256555416667
v -0.012899744646518444 -0.04118474011534978 -0.1191283931094666
v -0.011519189428052525 -0.04129525190038397 -0.12079366876229342
v -0.011582505776274734 -0.04128769117004438 -0.12069844628462606
v -0.014316849434896643 -0.04107702831824156 -0.11746240029351979
v -0.01411905260390756 -0.04103984264753002 -0.11729914650158596
v -0.014884703389480562 -0.04101215557346105 -0.11663023930428723
v -0.014316849434896643 -0.04107702831824156 -0.11746240029351979
v -0.014884703389480562 -0.04101215557346105 -0.11663023930428723
v -0.015028715847492661 -0.04104087643053811 -0.1167616022255657
v -0.015471272249738547 -0.041516061847395314 -0.12009775350707125
v -0.014225101192928972 -0.04127931409445118 -0.11905055039336693
v -0.014346564974332957 -0.04127356534539883 -0.11893417160365954
v -0.011469691821331398 -0.0412977886741861 -0.12084256555416667
v -0.013432364148134871 -0.0412517567200954 -0.11931699175123706
v -0.01376689308705881 -0.04145901304707822 -0.12068724633292222
v -0.011519189428052525 -0.04129525190038397 -0.12079366876229342
v -0.01308456483046783 -0.041212846806137904 -0.11923059648346163
v -0.01321226278117427 -0.04122855954492133 -0.11927311510120381
v -0.01444995948760575 -0.04111065869093267 -0.11763747964753873
v -0.014316849434896643 -0.04107702831824156 -0.11746240029351979
v -0.015179535633098599 -0.041076005979325814 -0.11693739874270465
v -0.013998481461706128 -0.041281690650960545 -0.11920442002958159
v -0.014703403217600223 -0.041504686419608916 -0.12047192192083939
v -0.014301358902239495 -0.04148889357217911 -0.12059326744662252
v -0.01375175922861294 -0.04127297406729458 -0.11928627580739531
v -0.014301358902239495 -0.04148889357217911 -0.12059326744662252
v -0.01394870347472266 -0.04147009474316121 -0.12066223717646091
v -0.01376689308705881 -0.04145901304707822 -0.12068724633292222
v -0.013432364148134871 -0.0412517567200954 -0.11931699175123706
v -0.01375175922861294 -0.04127297406729458 -0.11928627580739531
v -0.0128061081293146 -0.041168108034481676 -0.11905843918768694
v -0.012899744646518444 -0.04118474011534978 -0.1191283931094666
v -0.011619887903904782 -0.041278017097319264 -0.12060266686113147
v -0.013545548128730548 -0.04097208599147972 -0.11712944587096702
v -0.011914478867909308 -0.04081332591313824 -0.11690406591641439
v -0.014830789316790386 -0.04100206569871423 -0.1165861108842225
v -0.011582505776274734 -0.04128769117004438 -0.12069844628462606
v -0.011619887903904782 -0.041278017097319264 -0.12060266686113147
v -0.012899744646518444 -0.04118474011534978 -0.1191283931094666
v -0.01411905260390756 -0.04103984264753002 -0.11729914650158596
v -0.013846757592805296 -0.041001962701883166 -0.11717528327548793
v -0.014830789316790386 -0.04100206569871423 -0.1165861108842225
v -0.01375175922861294 -0.04127297406729458 -0.11928627580739531
v -0.01394870347472266 -0.04147009474316121 -0.12066223717646091
v -0.01376689308705881 -0.04145901304707822 -0.12068724633292222
v -0.011469691821331398 -0.0412977886741861 -0.12084256555416667
v -0.01321226278117427 -0.04122855954492133 -0.11927311510120381
v -0.013432364148134871 -0.0412517567200954 -0.11931699175123706
v -0.012899744646518444 -0.04118474011534978 -0.1191283931094666
v -0.01308456483046783 -0.041212846806137904 -0.11923059648346163
v -0.011519189428052525 -0.04129525190038397 -0.12079366876229342
v -0.013545548128730548 -0.04097208599147972 -0.11712944587096702
v -0.013288386022399793 -0.04095567516306353 -0.11715924628742153
v -0.011914478867909308 -0.04081332591313824 -0.11690406591641439
v -0.011234278258819288 -0.041294824654269924 -0.12096126367992172
v -0.011309386790523958 -0.04129806333240227 -0.12094077112523743
v -0.01376689308705881 -0.04145901304707822 -0.12068724633292222
v -0.013846757592805296 -0.041001962701883166 -0.11717528327548793
v -0.013545548128730548 -0.04097208599147972 -0.11712944587096702
v -0.014830789316790386 -0.04100206569871423 -0.1165861108842225
v -0.01376689308705881 -0.04145901304707822 -0.12068724633292222
v -0.011187542493049653 -0.04129207807210822 -0.1209684658287013
v -0.011196192319510303 -0.04129262738854056 -0.12096745111918045
v -0.011309386790523958 -0.04129806333240227 -0.12094077112523743
v -0.011407664840846212 -0.041299348885441844 -0.12089158441635822
v -0.01376689308705881 -0.04145901304707822 -0.12068724633292222
v -0.011196192319510303 -0.04129262738854056 -0.12096745111918045
v -0.011234278258819288 -0.041294824654269924 -0.12096126367992172
v -0.01376689308705881 -0.04145901304707822 -0.12068724633292222
v -0.014301358902239495 -0.04148889357217911 -0.12059326744662252
v -0.01375175922861294 -0.04127297406729458 -0.11928627580739531
v -0.013998481461706128 -0.041281690650960545 -0.11920442002958159
v -0.011425100869201234 -0.040946512259796286 -0.11820689953542457
v -0.011435349053892098 -0.04097696117481675 -0.11843158521504188
v -0.011024252461490082 -0.04614832525100976 -0.1177250269539431
v -0.011443463869035832 -0.04091827586929497 -0.11798193919759109
v -0.011006376789254315 -0.04624149160675328 -0.11749477181605344
v -0.011018857525625926 -0.04631613379169508 -0.11725015815697398
v -0.011443463869035832 -0.04091827586929497 -0.11798193919759109
v -0.011425100869201234 -0.040946512259796286 -0.11820689953542457
v -0.011006376789254315 -0.04624149160675328 -0.11749477181605344
v -0.011463983126602241 -0.040902902638584315 -0.11785310160602241
v -0.011443463869035832 -0.04091827586929497 -0.11798193919759109
v -0.011018857525625926 -0.04631613379169508 -0.11725015815697398
v -0.011018857525625926 -0.04631613379169508 -0.11725015815697398
v -0.011045248556237343 -0.046356050785778535 -0.11706692297981375
v -0.011463983126602241 -0.040902902638584315 -0.11785310160602241
v -0.011498613903698775 -0.04088618663437238 -0.1177056406615184
v -0.011463983126602241 -0.040902902638584315 -0.11785310160602241
v -0.011045248556237343 -0.046356050785778535 -0.11706692297981375
v -0.011045248556237343 -0.046356050785778535 -0.11706692297981375
v -0.01108169512931856 -0.04637825995431388 -0.11691401464735568
v -0.011498613903698775 -0.04088618663437238 -0.1177056406615184
v -0.011543162894157024 -0.04087038234285023 -0.11755915627956076
v -0.011498613903698775 -0.04088618663437238 -0.1177056406615184
v -0.01108169512931856 -0.04637825995431388 -0.11691401464735568
v -0.011543162894157024 -0.04087038234285023 -0.11755915627956076
v -0.01108169512931856 -0.04637825995431388 -0.11691401464735568
v -0.0111232162036784 -0.046384504614034316 -0.11678502446788913
v -0.011582338883261436 -0.04085983470440979 -0.11745574746117254
v -0.011543162894157024 -0.04087038234285023 -0.11755915627956076
v -0.0111232162036784 -0.046384504614034316 -0.11678502446788913
v -0.0111232162036784 -0.046384504614034316 -0.11678502446788913
v -0.011173546368117295 -0.04638128119469176 -0.11666141301182259
v -0.011582338883261436 -0.04085983470440979 -0.11745574746117254
v -0.011635383204933738 -0.04084825709765871 -0.11733617958439962
v -0.011582338883261436 -0.04085983470440979 -0.11745574746117254
v -0.011173546368117295 -0.04638128119469176 -0.11666141301182259
v -0.011635383204933738 -0.04084825709765871 -0.11733617958439962
v -0.011173546368117295 -0.04638128119469176 -0.11666141301182259
v -0.0112536569218491 -0.04636194449333386 -0.11650103550176366
v -0.011727320274425026 -0.040833028825451034 -0.11716563209094749
v -0.0112536569218491 -0.04636194449333386 -0.11650103550176366
v -0.011344079556454003 -0.04632367544854743 -0.11635989169623157
v -0.011826901043925366 -0.04082138255414591 -0.1170176676063805
v -0.011344079556454003 -0.04632367544854743 -0.11635989169623157
v -0.01142475659275666 -0.046282106690469504 -0.11625472048762292
v -0.014601174094397432 -0.04500171493653893 -0.11613041475662106
v -0.015028715847492661 -0.04104087643053811 -0.1167616022255657
v -0.014884703389480562 -0.04101215557346105 -0.11663023930428723
v -0.015028715847492661 -0.04104087643053811 -0.1167616022255657
v -0.014601174094397432 -0.04500171493653893 -0.11613041475662106
v -0.014797370659807577 -0.04496645568803803 -0.11632941989302642
v -0.015179535633098599 -0.041076005979325814 -0.11693739874270465
v -0.014797370659807577 -0.04496645568803803 -0.11632941989302642
v -0.014946964020184365 -0.04493997405836225 -0.11652595310548625
v -0.015344251407828916 -0.041120676086428 -0.1171772287711858
v -0.014946964020184365 -0.04493997405836225 -0.11652595310548625
v -0.015057663679067804 -0.04491986297342265 -0.1167068918347835
v -0.015344251407828916 -0.041120676086428 -0.1171772287711858
v -0.015057663679067804 -0.04491986297342265 -0.1167068918347835
v -0.015172874217682101 -0.044897821651574965 -0.1169437921756255
v -0.015172874217682101 -0.044897821651574965 -0.1169437921756255
v -0.015248447188800921 -0.044881864772154945 -0.11716343482521813
v -0.01550149037556348 -0.041178655672922115 -0.11752237496677859
v -0.015593021179776682 -0.041234129003193676 -0.1178879603112914
v -0.015248447188800921 -0.044881864772154945 -0.11716343482521813
v -0.015307773363493763 -0.04486719726047195 -0.11742857155656145
v -0.014395535199132063 -0.043783411198252686 -0.11606158235589076
v -0.014292666160432569 -0.04506008362217262 -0.11589306428148033
v -0.014601174094397432 -0.04500171493653893 -0.11613041475662106
v -0.014884703389480562 -0.04101215557346105 -0.11663023930428723
v -0.014830789316790386 -0.04100206569871423 -0.1165861108842225
v -0.014611034133623083 -0.04378008096738162 -0.11621957949474288
v -0.014611034133623083 -0.04378008096738162 -0.11621957949474288
v -0.014601174094397432 -0.04500171493653893 -0.11613041475662106
v -0.014884703389480562 -0.04101215557346105 -0.11663023930428723
v -0.014395535199132063 -0.043783411198252686 -0.11606158235589076
v -0.013918015187437408 -0.045144773720189324 -0.11570210815668774
v -0.014292666160432569 -0.04506008362217262 -0.11589306428148033
v -0.013918015187437408 -0.045144773720189324 -0.11570210815668774
v -0.014395535199132063 -0.043783411198252686 -0.11606158235589076
v -0.014078144742162294 -0.04378104990053311 -0.11590522553694077
v -0.013918015187437408 -0.045144773720189324 -0.11570210815668774
v -0.014078144742162294 -0.04378104990053311 -0.11590522553694077
v -0.013765243230413064 -0.04377326791774161 -0.11580839325695086
v -0.013765243230413064 -0.04377326791774161 -0.11580839325695086
v -0.013528984712416484 -0.04524498963681456 -0.11559002471630547
v -0.013918015187437408 -0.045144773720189324 -0.11570210815668774
v -0.013528984712416484 -0.04524498963681456 -0.11559002471630547
v -0.013765243230413064 -0.04377326791774161 -0.11580839325695086
v -0.013541851686904586 -0.04376479166001479 -0.11576984955394826
v -0.013541851686904586 -0.04376479166001479 -0.11576984955394826
v -0.013326994575258991 -0.04530422425876868 -0.11555884337937522
v -0.013528984712416484 -0.04524498963681456 -0.11559002471630547
v -0.013399628321995042 -0.04375835245072457 -0.11575918365988697
v -0.013172772079530496 -0.045354372271404486 -0.11554628539538031
v -0.013326994575258991 -0.04530422425876868 -0.11555884337937522
v -0.013172772079530496 -0.045354372271404486 -0.11554628539538031
v -0.013399628321995042 -0.04375835245072457 -0.11575918365988697
v -0.013212712915472994 -0.043748315981742 -0.11575802399186313
v -0.013212712915472994 -0.043748315981742 -0.11575802399186313
v -0.012900906221890999 -0.045451639426903334 -0.11554669738270457
v -0.013172772079530496 -0.045354372271404486 -0.11554628539538031
v -0.012714946397079378 -0.043713380982524086 -0.1158412683195475
v -0.012460110302516817 -0.04563844134617634 -0.11561698699785955
v -0.012900906221890999 -0.045451639426903334 -0.11554669738270457
v -0.012900906221890999 -0.045451639426903334 -0.11554669738270457
v -0.01298969902701175 -0.04373396508994709 -0.11578163696905891
v -0.012714946397079378 -0.043713380982524086 -0.1158412683195475
v -0.01211126098937754 -0.04582717350235743 -0.1157474115035661
v -0.012460110302516817 -0.04563844134617634 -0.11561698699785955
v -0.012424015635275069 -0.04368677728253001 -0.11595476319798509
v -0.01211126098937754 -0.04582717350235743 -0.1157474115035661
v -0.012424015635275069 -0.04368677728253001 -0.11595476319798509
v -0.012239952668768875 -0.04366717736704828 -0.11605583742153586
v -0.012239952668768875 -0.04366717736704828 -0.11605583742153586
v -0.011973510357224383 -0.0459107115617452 -0.11581507660687768
v -0.01211126098937754 -0.04582717350235743 -0.1157474115035661
v -0.01205921993313375 -0.043645589994196765 -0.11617955568913091
v -0.01176961096399476 -0.04604492787671388 -0.1159377572767672
v -0.011973510357224383 -0.0459107115617452 -0.11581507660687768
v -0.011973510357224383 -0.0459107115617452 -0.11581507660687768
v -0.012153718571960574 -0.04365717523034274 -0.11611176088610614
v -0.01205921993313375 -0.043645589994196765 -0.11617955568913091
v -0.011596854760720922 -0.046175035762532346 -0.11607519319638099
v -0.01176961096399476 -0.04604492787671388 -0.1159377572767672
v -0.011854621496596997 -0.04361784951436354 -0.1163543451261439
v -0.011914478867909308 -0.04081332591313824 -0.11690406591641439
v -0.01142475659275666 -0.046282106690469504 -0.11625472048762292
v -0.011694959242309346 -0.04359175316912989 -0.11653745060359094
v -0.011694959242309346 -0.04359175316912989 -0.11653745060359094
v -0.01142475659275666 -0.046282106690469504 -0.11625472048762292
v -0.011596854760720922 -0.046175035762532346 -0.11607519319638099
v -0.011596854760720922 -0.046175035762532346 -0.11607519319638099
v -0.011854621496596997 -0.04361784951436354 -0.1163543451261439
v -0.011694959242309346 -0.04359175316912989 -0.11653745060359094
v -0.01205921993313375 -0.043645589994196765 -0.11617955568913091
v -0.011854621496596997 -0.04361784951436354 -0.1163543451261439
v -0.01176961096399476 -0.04604492787671388 -0.1159377572767672
v -0.012239952668768875 -0.04366717736704828 -0.11605583742153586
v -0.012153718571960574 -0.04365717523034274 -0.11611176088610614
v -0.011973510357224383 -0.0459107115617452 -0.11581507660687768
v -0.012714946397079378 -0.043713380982524086 -0.1158412683195475
v -0.012424015635275069 -0.04368677728253001 -0.11595476319798509
v -0.012460110302516817 -0.04563844134617634 -0.11561698699785955
v -0.012900906221890999 -0.045451639426903334 -0.11554669738270457
v -0.013212712915472994 -0.043748315981742 -0.11575802399186313
v -0.01298969902701175 -0.04373396508994709 -0.11578163696905891
v -0.013326994575258991 -0.04530422425876868 -0.11555884337937522
v -0.013436520261003174 -0.04376003091760117 -0.11576115204376952
v -0.013399628321995042 -0.04375835245072457 -0.11575918365988697
v -0.013326994575258991 -0.04530422425876868 -0.11555884337937522
v -0.013541851686904586 -0.04376479166001479 -0.11576984955394826
v -0.013436520261003174 -0.04376003091760117 -0.11576115204376952
v -0.014601174094397432 -0.04500171493653893 -0.11613041475662106
v -0.014611034133623083 -0.04378008096738162 -0.11621957949474288
v -0.014395535199132063 -0.043783411198252686 -0.11606158235589076
v -0.015248447188800921 -0.044881864772154945 -0.11716343482521813
v -0.015593021179776682 -0.041234129003193676 -0.1178879603112914
v -0.01550149037556348 -0.041178655672922115 -0.11752237496677859
v -0.015172874217682101 -0.044897821651574965 -0.1169437921756255
v -0.01550149037556348 -0.041178655672922115 -0.11752237496677859
v -0.015344251407828916 -0.041120676086428 -0.1171772287711858
v -0.014946964020184365 -0.04493997405836225 -0.11652595310548625
v -0.015344251407828916 -0.041120676086428 -0.1171772287711858
v -0.015179535633098599 -0.041076005979325814 -0.11693739874270465
v -0.014797370659807577 -0.04496645568803803 -0.11632941989302642
v -0.015179535633098599 -0.041076005979325814 -0.11693739874270465
v -0.015028715847492661 -0.04104087643053811 -0.1167616022255657
v -0.01142475659275666 -0.046282106690469504 -0.11625472048762292
v -0.011914478867909308 -0.04081332591313824 -0.11690406591641439
v -0.011826901043925366 -0.04082138255414591 -0.1170176676063805
v -0.011344079556454003 -0.04632367544854743 -0.11635989169623157
v -0.011826901043925366 -0.04082138255414591 -0.1170176676063805
v -0.011727320274425026 -0.040833028825451034 -0.11716563209094749
v -0.0112536569218491 -0.04636194449333386 -0.11650103550176366
v -0.011727320274425026 -0.040833028825451034 -0.11716563209094749
v -0.011635383204933738 -0.04084825709765871 -0.11733617958439962
v -0.011024252461490082 -0.04614832525100976 -0.1177250269539431
v -0.011006376789254315 -0.04624149160675328 -0.11749477181605344
v -0.011425100869201234 -0.040946512259796286 -0.11820689953542457
v -0.015593021179776682 -0.041234129003193676 -0.1178879603112914
v -0.015307773363493763 -0.04486719726047195 -0.11742857155656145
v -0.01539970471093888 -0.04483641646677361 -0.11825287426905357
v -0.01539970471093888 -0.04483641646677361 -0.11825287426905357
v -0.015693040639483406 -0.04137393766461939 -0.11888762466541353
v -0.015593021179776682 -0.041234129003193676 -0.1178879603112914
v -0.01471108887928119 -0.045207224132091106 -0.11185287243919091
v -0.014972364183133972 -0.04511266922647694 -0.11302509844701708
v -0.014261255941655508 -0.04526473832549671 -0.11099377968598385
v -0.013510245964883375 -0.045257108930603085 -0.11113814309616106
v -0.013543986010126078 -0.04520250153665195 -0.11274505387805162
v -0.013043981218005544 -0.04528966355861419 -0.1111610846866062
v -0.012565600038362271 -0.04536014009394407 -0.11152901988474624
v -0.013043981218005544 -0.04528966355861419 -0.1111610846866062
v -0.013543986010126078 -0.04520250153665195 -0.11274505387805162
v -0.013543986010126078 -0.04520250153665195 -0.11274505387805162
v -0.013247111949699634 -0.04525772309689202 -0.11358282247253099
v -0.012565600038362271 -0.04536014009394407 -0.11152901988474624
v -0.012596759440782205 -0.0454076902976186 -0.11319361652142751
v -0.012421359652177725 -0.04548450304540763 -0.11359280935044674
v -0.012100293734217952 -0.04547599245540379 -0.11188180310462754
v -0.012169875722996552 -0.04560246493455544 -0.11397556083347021
v -0.011631490306189264 -0.045777311592030134 -0.11351032796225174
v -0.01151918084498327 -0.04567190005748234 -0.11207747419546438
v -0.01151918084498327 -0.04567190005748234 -0.11207747419546438
v -0.012421359652177725 -0.04548450304540763 -0.11359280935044674
v -0.012169875722996552 -0.04560246493455544 -0.11397556083347021
v -0.01043324520075273 -0.04626372747817076 -0.11269244920026006
v -0.011053071547026396 -0.046030870716622374 -0.11332390369802597
v -0.010946028275645727 -0.04624054937648392 -0.114176328360096
v -0.011631490306189264 -0.045777311592030134 -0.11351032796225174
v -0.01182525214095398 -0.045817365915221675 -0.11455771418143351
v -0.01176961096399476 -0.04604492787671388 -0.1159377572767672
v -0.011053071547026396 -0.046030870716622374 -0.11332390369802597
v -0.01176961096399476 -0.04604492787671388 -0.1159377572767672
v -0.011596854760720922 -0.046175035762532346 -0.11607519319638099
v -0.011053071547026396 -0.046030870716622374 -0.11332390369802597
v -0.011596854760720922 -0.046175035762532346 -0.11607519319638099
v -0.010946028275645727 -0.04624054937648392 -0.114176328360096
v -0.013543986010126078 -0.04520250153665195 -0.11274505387805162
v -0.014638190011072586 -0.04502280639872236 -0.11485729000132666
v -0.014026374529437228 -0.04511107849764162 -0.11459745569943441
v -0.012596759440782205 -0.0454076902976186 -0.11319361652142751
v -0.013528984712416484 -0.04524498963681456 -0.11559002471630547
v -0.012421359652177725 -0.04548450304540763 -0.11359280935044674
v -0.011631490306189264 -0.045777311592030134 -0.11351032796225174
v -0.012169875722996552 -0.04560246493455544 -0.11397556083347021
v -0.01182525214095398 -0.045817365915221675 -0.11455771418143351
v -0.01182525214095398 -0.045817365915221675 -0.11455771418143351
v -0.011973510357224383 -0.0459107115617452 -0.11581507660687768
v -0.01176961096399476 -0.04604492787671388 -0.1159377572767672
v -0.013941261953678289 -0.04525049424523031 -0.11108822396537206
v -0.016023030088445637 -0.044876344904949406 -0.11618907717395816
v -0.014942125076473082 -0.045021780245109166 -0.11433096093580003
v -0.013247111949699634 -0.04525772309689202 -0.11358282247253099
v -0.013918015187437408 -0.045144773720189324 -0.11570210815668774
v -0.013528984712416484 -0.04524498963681456 -0.11559002471630547
v -0.014972364183133972 -0.04511266922647694 -0.11302509844701708
v -0.016307011425176213 -0.044899580227097946 -0.11599554994308642
v -0.016023030088445637 -0.044876344904949406 -0.11618907717395816
v -0.014942125076473082 -0.045021780245109166 -0.11433096093580003
v -0.016540034126063533 -0.04472076628427857 -0.11830606641025193
v -0.015478458186053982 -0.04488550017882176 -0.11634484652950133
v -0.014026374529437228 -0.04511107849764162 -0.11459745569943441
v -0.014883115521668325 -0.04495871566691845 -0.11606519868907034
v -0.014601174094397432 -0.04500171493653893 -0.11613041475662106
v -0.015478458186053982 -0.04488550017882176 -0.11634484652950133
v -0.016432106798549565 -0.0447107946651526 -0.11848433485133641
v -0.015564147734801751 -0.04483089659956807 -0.11750307259769771
v -0.016307011425176213 -0.044899580227097946 -0.11599554994308642
v -0.01689981731575974 -0.04479212401471866 -0.11746184334769255
v -0.016824063146512195 -0.044767000417333946 -0.1176965311640154
v -0.016824063146512195 -0.044767000417333946 -0.1176965311640154
v -0.016721348603059297 -0.044743860462621576 -0.11794734752114339
v -0.016023030088445637 -0.044876344904949406 -0.11618907717395816
v -0.016023030088445637 -0.044876344904949406 -0.11618907717395816
v -0.016721348603059297 -0.044743860462621576 -0.11794734752114339
v -0.01662835963074705 -0.044728586414044536 -0.11814443005003555
v -0.016540034126063533 -0.04472076628427857 -0.11830606641025193
v -0.016023030088445637 -0.044876344904949406 -0.11618907717395816
v -0.01662835963074705 -0.044728586414044536 -0.11814443005003555
v -0.016432106798549565 -0.0447107946651526 -0.11848433485133641
v -0.016309538662234727 -0.04470987913776536 -0.11866213789933239
v -0.01620694237440268 -0.044714040972679836 -0.11875380507897931
v -0.015564147734801751 -0.04483089659956807 -0.11750307259769771
v -0.01620694237440268 -0.044714040972679836 -0.11875380507897931
v -0.016100807954688715 -0.04472243712176027 -0.11880611221037002
v -0.015564147734801751 -0.04483089659956807 -0.11750307259769771
v -0.016432106798549565 -0.0447107946651526 -0.11848433485133641
v -0.01620694237440268 -0.044714040972679836 -0.11875380507897931
v -0.016100807954688715 -0.04472243712176027 -0.11880611221037002
v -0.015980780406873455 -0.04473523543169433 -0.1188360652147224
v -0.015564147734801751 -0.04483089659956807 -0.11750307259769771
v -0.015564147734801751 -0.04483089659956807 -0.11750307259769771
v -0.015980780406873455 -0.04473523543169433 -0.1188360652147224
v -0.01585290125803829 -0.04475295470133478 -0.11883045760947558
v -0.01585290125803829 -0.04475295470133478 -0.11883045760947558
v -0.015719074995883545 -0.04477322981826459 -0.11879022781020149
v -0.015307773363493763 -0.04486719726047195 -0.11742857155656145
v -0.015576116348041128 -0.04479850218884973 -0.1186985072247903
v -0.015489034434725272 -0.04481555007173954 -0.11858815565704889
v -0.01539970471093888 -0.04483641646677361 -0.11825287426905357
v -0.015489034434725272 -0.04481555007173954 -0.11858815565704889
v -0.015434211510368393 -0.04482708953151615 -0.11847891798096194
v -0.01539970471093888 -0.04483641646677361 -0.11825287426905357
v -0.015248447188800921 -0.044881864772154945 -0.11716343482521813
v -0.015172874217682101 -0.044897821651574965 -0.1169437921756255
v -0.015564147734801751 -0.04483089659956807 -0.11750307259769771
v -0.015564147734801751 -0.04483089659956807 -0.11750307259769771
v -0.015307773363493763 -0.04486719726047195 -0.11742857155656145
v -0.015248447188800921 -0.044881864772154945 -0.11716343482521813
v -0.015307773363493763 -0.04486719726047195 -0.11742857155656145
v -0.015564147734801751 -0.04483089659956807 -0.11750307259769771
v -0.01585290125803829 -0.04475295470133478 -0.11883045760947558
v -0.015564147734801751 -0.04483089659956807 -0.11750307259769771
v -0.015172874217682101 -0.044897821651574965 -0.1169437921756255
v -0.015057663679067804 -0.04491986297342265 -0.1167068918347835
v -0.015057663679067804 -0.04491986297342265 -0.1167068918347835
v -0.014883115521668325 -0.04495871566691845 -0.11606519868907034
v -0.015564147734801751 -0.04483089659956807 -0.11750307259769771
v -0.014883115521668325 -0.04495871566691845 -0.11606519868907034
v -0.014946964020184365 -0.04493997405836225 -0.11652595310548625
v -0.014797370659807577 -0.04496645568803803 -0.11632941989302642
v -0.014883115521668325 -0.04495871566691845 -0.11606519868907034
v -0.015057663679067804 -0.04491986297342265 -0.1167068918347835
v -0.014946964020184365 -0.04493997405836225 -0.11652595310548625
v -0.014883115521668325 -0.04495871566691845 -0.11606519868907034
v -0.014797370659807577 -0.04496645568803803 -0.11632941989302642
v -0.014601174094397432 -0.04500171493653893 -0.11613041475662106
v -0.014601174094397432 -0.04500171493653893 -0.11613041475662106
v -0.014292666160432569 -0.04506008362217262 -0.11589306428148033
v -0.014026374529437228 -0.04511107849764162 -0.11459745569943441
v -0.014026374529437228 -0.04511107849764162 -0.11459745569943441
v -0.014292666160432569 -0.04506008362217262 -0.11589306428148033
v -0.013918015187437408 -0.045144773720189324 -0.11570210815668774
v -0.013326994575258991 -0.04530422425876868 -0.11555884337937522
v -0.013172772079530496 -0.045354372271404486 -0.11554628539538031
v -0.012421359652177725 -0.04548450304540763 -0.11359280935044674
v -0.012169875722996552 -0.04560246493455544 -0.11397556083347021
v -0.013172772079530496 -0.045354372271404486 -0.11554628539538031
v -0.012900906221890999 -0.045451639426903334 -0.11554669738270457
v -0.012900906221890999 -0.045451639426903334 -0.11554669738270457
v -0.012460110302516817 -0.04563844134617634 -0.11561698699785955
v -0.012169875722996552 -0.04560246493455544 -0.11397556083347021
v -0.012460110302516817 -0.04563844134617634 -0.11561698699785955
v -0.01182525214095398 -0.045817365915221675 -0.11455771418143351
v -0.012169875722996552 -0.04560246493455544 -0.11397556083347021
v -0.01182525214095398 -0.045817365915221675 -0.11455771418143351
v -0.012460110302516817 -0.04563844134617634 -0.11561698699785955
v -0.01211126098937754 -0.04582717350235743 -0.1157474115035661
v -0.011973510357224383 -0.0459107115617452 -0.11581507660687768
v -0.01182525214095398 -0.045817365915221675 -0.11455771418143351
v -0.01211126098937754 -0.04582717350235743 -0.1157474115035661
v -0.01107135920658642 -0.046439024269944174 -0.1156030480933889
v -0.010946028275645727 -0.04624054937648392 -0.114176328360096
v -0.011596854760720922 -0.046175035762532346 -0.11607519319638099
v -0.013172772079530496 -0.045354372271404486 -0.11554628539538031
v -0.012169875722996552 -0.04560246493455544 -0.11397556083347021
v -0.012421359652177725 -0.04548450304540763 -0.11359280935044674
v -0.013918015187437408 -0.045144773720189324 -0.11570210815668774
v -0.013247111949699634 -0.04525772309689202 -0.11358282247253099
v -0.014026374529437228 -0.04511107849764162 -0.11459745569943441
v -0.015576116348041128 -0.04479850218884973 -0.1186985072247903
v -0.01539970471093888 -0.04483641646677361 -0.11825287426905357
v -0.015307773363493763 -0.04486719726047195 -0.11742857155656145
v -0.016432106798549565 -0.0447107946651526 -0.11848433485133641
v -0.015478458186053982 -0.04488550017882176 -0.11634484652950133
v -0.016540034126063533 -0.04472076628427857 -0.11830606641025193
v -0.016824063146512195 -0.044767000417333946 -0.1176965311640154
v -0.016023030088445637 -0.044876344904949406 -0.11618907717395816
v -0.016307011425176213 -0.044899580227097946 -0.11599554994308642
v -0.015564147734801751 -0.04483089659956807 -0.11750307259769771
v -0.014883115521668325 -0.04495871566691845 -0.11606519868907034
v -0.014638190011072586 -0.04502280639872236 -0.11485729000132666
v -0.015564147734801751 -0.04483089659956807 -0.11750307259769771
v -0.014638190011072586 -0.04502280639872236 -0.11485729000132666
v -0.015478458186053982 -0.04488550017882176 -0.11634484652950133
v -0.014883115521668325 -0.04495871566691845 -0.11606519868907034
v -0.014026374529437228 -0.04511107849764162 -0.11459745569943441
v -0.014638190011072586 -0.04502280639872236 -0.11485729000132666
v -0.015478458186053982 -0.04488550017882176 -0.11634484652950133
v -0.014638190011072586 -0.04502280639872236 -0.11485729000132666
v -0.014942125076473082 -0.045021780245109166 -0.11433096093580003
v -0.016540034126063533 -0.04472076628427857 -0.11830606641025193
v -0.014942125076473082 -0.045021780245109166 -0.11433096093580003
v -0.016023030088445637 -0.044876344904949406 -0.11618907717395816
v -0.014972364183133972 -0.04511266922647694 -0.11302509844701708
v -0.01581122854945494 -0.04501173614673171 -0.11453423853334582
v -0.016307011425176213 -0.044899580227097946 -0.11599554994308642
v -0.013326994575258991 -0.04530422425876868 -0.11555884337937522
v -0.012421359652177725 -0.04548450304540763 -0.11359280935044674
v -0.013528984712416484 -0.04524498963681456 -0.11559002471630547
v -0.014638190011072586 -0.04502280639872236 -0.11485729000132666
v -0.013510245964883375 -0.045257108930603085 -0.11113814309616106
v -0.014942125076473082 -0.045021780245109166 -0.11433096093580003
v -0.016023030088445637 -0.044876344904949406 -0.11618907717395816
v -0.013941261953678289 -0.04525049424523031 -0.11108822396537206
v -0.014972364183133972 -0.04511266922647694 -0.11302509844701708
v -0.014972364183133972 -0.04511266922647694 -0.11302509844701708
v -0.015249009856674326 -0.045125845191458236 -0.11301473772875154
v -0.01581122854945494 -0.04501173614673171 -0.11453423853334582
v -0.013528984712416484 -0.04524498963681456 -0.11559002471630547
v -0.012596759440782205 -0.0454076902976186 -0.11319361652142751
v -0.013247111949699634 -0.04525772309689202 -0.11358282247253099
v -0.014026374529437228 -0.04511107849764162 -0.11459745569943441
v -0.013247111949699634 -0.04525772309689202 -0.11358282247253099
v -0.013543986010126078 -0.04520250153665195 -0.11274505387805162
v -0.014638190011072586 -0.04502280639872236 -0.11485729000132666
v -0.013543986010126078 -0.04520250153665195 -0.11274505387805162
v -0.013510245964883375 -0.045257108930603085 -0.11113814309616106
v -0.014942125076473082 -0.045021780245109166 -0.11433096093580003
v -0.013510245964883375 -0.045257108930603085 -0.11113814309616106
v -0.013941261953678289 -0.04525049424523031 -0.11108822396537206
v -0.01176961096399476 -0.04604492787671388 -0.1159377572767672
v -0.011053071547026396 -0.046030870716622374 -0.11332390369802597
v -0.011631490306189264 -0.045777311592030134 -0.11351032796225174
v -0.014972364183133972 -0.04511266922647694 -0.11302509844701708
v -0.01471108887928119 -0.045207224132091106 -0.11185287243919091
v -0.015249009856674326 -0.045125845191458236 -0.11301473772875154
v -0.011062344122845237 -0.04587828281874984 -0.11228615340459486
v -0.01151918084498327 -0.04567190005748234 -0.11207747419546438
v -0.011631490306189264 -0.045777311592030134 -0.11351032796225174
v -0.012100293734217952 -0.04547599245540379 -0.11188180310462754
v -0.013247111949699634 -0.04525772309689202 -0.11358282247253099
v -0.012596759440782205 -0.0454076902976186 -0.11319361652142751
v -0.012100293734217952 -0.04547599245540379 -0.11188180310462754
v -0.012565600038362271 -0.04536014009394407 -0.11152901988474624
v -0.013247111949699634 -0.04525772309689202 -0.11358282247253099
v -0.014261255941655508 -0.04526473832549671 -0.11099377968598385
v -0.014353019442412965 -0.04526497102204097 -0.11104191353836775
v -0.01471108887928119 -0.045207224132091106 -0.11185287243919091
v -0.015693040639483406 -0.04137393766461939 -0.11888762466541353
v -0.01539970471093888 -0.04483641646677361 -0.11825287426905357
v -0.015434211510368393 -0.04482708953151615 -0.11847891798096194
v -0.015749908241671776 -0.04139621168301133 -0.11902232163226051
v -0.015434211510368393 -0.04482708953151615 -0.11847891798096194
v -0.015489034434725272 -0.04481555007173954 -0.11858815565704889
v -0.015820676601356335 -0.04141478925957731 -0.11912071030880872
v -0.015489034434725272 -0.04481555007173954 -0.11858815565704889
v -0.015576116348041128 -0.04479850218884973 -0.1186985072247903
v -0.015576116348041128 -0.04479850218884973 -0.1186985072247903
v -0.01591633586188135 -0.04143215757705265 -0.1191949595799135
v -0.015820676601356335 -0.04141478925957731 -0.11912071030880872
v -0.015576116348041128 -0.04479850218884973 -0.1186985072247903
v -0.015719074995883545 -0.04477322981826459 -0.11879022781020149
v -0.01591633586188135 -0.04143215757705265 -0.1191949595799135
v -0.015719074995883545 -0.04477322981826459 -0.11879022781020149
v -0.01596951751266174 -0.04144010740653181 -0.11922337907589226
v -0.01591633586188135 -0.04143215757705265 -0.1191949595799135
v -0.015719074995883545 -0.04477322981826459 -0.11879022781020149
v -0.016024166868284787 -0.041447191299690544 -0.11924431413548037
v -0.01596951751266174 -0.04144010740653181 -0.11922337907589226
v -0.015719074995883545 -0.04477322981826459 -0.11879022781020149
v -0.015784759317545864 -0.044761724690765003 -0.11881465713265088
v -0.016024166868284787 -0.041447191299690544 -0.11924431413548037
v -0.015784759317545864 -0.044761724690765003 -0.11881465713265088
v -0.016096316148445092 -0.04145527845827779 -0.11926262468322507
v -0.016024166868284787 -0.041447191299690544 -0.11924431413548037
v -0.016096316148445092 -0.04145527845827779 -0.11926262468322507
v -0.015784759317545864 -0.044761724690765003 -0.11881465713265088
v -0.01585290125803829 -0.04475295470133478 -0.11883045760947558
v -0.01585290125803829 -0.04475295470133478 -0.11883045760947558
v -0.01622280388638653 -0.04146607786674972 -0.11926892656340721
v -0.016096316148445092 -0.04145527845827779 -0.11926262468322507
v -0.01585290125803829 -0.04475295470133478 -0.11883045760947558
v -0.015980780406873455 -0.04473523543169433 -0.1188360652147224
v -0.01622280388638653 -0.04146607786674972 -0.11926892656340721
v -0.015980780406873455 -0.04473523543169433 -0.1188360652147224
v -0.016388558212496743 -0.041473539414955685 -0.11922649186900885
v -0.01622280388638653 -0.04146607786674972 -0.11926892656340721
v -0.016388558212496743 -0.041473539414955685 -0.11922649186900885
v -0.015980780406873455 -0.04473523543169433 -0.1188360652147224
v -0.016100807954688715 -0.04472243712176027 -0.11880611221037002
v -0.016100807954688715 -0.04472243712176027 -0.11880611221037002
v -0.01620694237440268 -0.044714040972679836 -0.11875380507897931
v -0.016388558212496743 -0.041473539414955685 -0.11922649186900885
v -0.01620694237440268 -0.044714040972679836 -0.11875380507897931
v -0.01651603586442563 -0.041472711625609726 -0.11913934129113896
v -0.016388558212496743 -0.041473539414955685 -0.11922649186900885
v -0.01620694237440268 -0.044714040972679836 -0.11875380507897931
v -0.016309538662234727 -0.04470987913776536 -0.11866213789933239
v -0.01651603586442563 -0.041472711625609726 -0.11913934129113896
v -0.01673555453635123 -0.03949145313917102 -0.11933156389548388
v -0.01651603586442563 -0.041472711625609726 -0.11913934129113896
v -0.016309538662234727 -0.04470987913776536 -0.11866213789933239
v -0.015489034434725272 -0.04481555007173954 -0.11858815565704889
v -0.015820676601356335 -0.04141478925957731 -0.11912071030880872
v -0.015749908241671776 -0.04139621168301133 -0.11902232163226051
v -0.015434211510368393 -0.04482708953151615 -0.11847891798096194
v -0.015749908241671776 -0.04139621168301133 -0.11902232163226051
v -0.015693040639483406 -0.04137393766461939 -0.11888762466541353
v -0.015307773363493763 -0.04486719726047195 -0.11742857155656145
v -0.015719074995883545 -0.04477322981826459 -0.11879022781020149
v -0.015576116348041128 -0.04479850218884973 -0.1186985072247903
v -0.01585290125803829 -0.04475295470133478 -0.11883045760947558
v -0.015784759317545864 -0.044761724690765003 -0.11881465713265088
v -0.015719074995883545 -0.04477322981826459 -0.11879022781020149
v -0.010565430189330984 -0.04605004338599006 -0.11807491100376483
v -0.01117372851992038 -0.04556160189550518 -0.11875349990318357
v -0.010480526468257258 -0.045847330363666394 -0.11838635053271757
v -0.010565430189330984 -0.04605004338599006 -0.11807491100376483
v -0.010480526468257258 -0.045847330363666394 -0.11838635053271757
v -0.009722454532836712 -0.04621311407244644 -0.1178855570518999
v -0.009274305784133798 -0.046674982380516816 -0.11720445045216626
v -0.010565430189330984 -0.04605004338599006 -0.11807491100376483
v -0.009722454532836712 -0.04621311407244644 -0.1178855570518999
v -0.009629039268084784 -0.04668149406905853 -0.11712559302654574
v -0.010565430189330984 -0.04605004338599006 -0.11807491100376483
v -0.009274305784133798 -0.046674982380516816 -0.11720445045216626
v -0.01061563256140541 -0.046693273854774286 -0.11610429170850528
v -0.01001716375246209 -0.04688259347436219 -0.11635843448180688
v -0.010259651671389316 -0.04686750634596004 -0.1159589441063868
v -0.011045248556237343 -0.046356050785778535 -0.11706692297981375
v -0.01013094282585947 -0.04672976906524795 -0.11675559789178441
v -0.01001716375246209 -0.04688259347436219 -0.11635843448180688
v -0.010489331743638865 -0.04677000267921949 -0.11551315856275218
v -0.011596854760720922 -0.046175035762532346 -0.11607519319638099
v -0.01142475659275666 -0.046282106690469504 -0.11625472048762292
v -0.010489331743638865 -0.04677000267921949 -0.11551315856275218
v -0.01142475659275666 -0.046282106690469504 -0.11625472048762292
v -0.011344079556454003 -0.04632367544854743 -0.11635989169623157
v -0.011344079556454003 -0.04632367544854743 -0.11635989169623157
v -0.01061563256140541 -0.046693273854774286 -0.11610429170850528
v -0.010489331743638865 -0.04677000267921949 -0.11551315856275218
v -0.01061563256140541 -0.046693273854774286 -0.11610429170850528
v -0.011344079556454003 -0.04632367544854743 -0.11635989169623157
v -0.0112536569218491 -0.04636194449333386 -0.11650103550176366
v -0.011173546368117295 -0.04638128119469176 -0.11666141301182259
v -0.0111232162036784 -0.046384504614034316 -0.11678502446788913
v -0.01061563256140541 -0.046693273854774286 -0.11610429170850528
v -0.01001716375246209 -0.04688259347436219 -0.11635843448180688
v -0.01061563256140541 -0.046693273854774286 -0.11610429170850528
v -0.0111232162036784 -0.046384504614034316 -0.11678502446788913
v -0.01001716375246209 -0.04688259347436219 -0.11635843448180688
v -0.0111232162036784 -0.046384504614034316 -0.11678502446788913
v -0.01108169512931856 -0.04637825995431388 -0.11691401464735568
v -0.011045248556237343 -0.046356050785778535 -0.11706692297981375
v -0.01001716375246209 -0.04688259347436219 -0.11635843448180688
v -0.01108169512931856 -0.04637825995431388 -0.11691401464735568
v -0.011045248556237343 -0.046356050785778535 -0.11706692297981375
v -0.011018857525625926 -0.04631613379169508 -0.11725015815697398
v -0.01013094282585947 -0.04672976906524795 -0.11675559789178441
v -0.00982945774989419 -0.04675979073415437 -0.11688052923316755
v -0.01013094282585947 -0.04672976906524795 -0.11675559789178441
v -0.011006376789254315 -0.04624149160675328 -0.11749477181605344
v -0.011006376789254315 -0.04624149160675328 -0.11749477181605344
v -0.011024252461490082 -0.04614832525100976 -0.1177250269539431
v -0.00982945774989419 -0.04675979073415437 -0.11688052923316755
v -0.011076301147128766 -0.04597072438197847 -0.11810275066573167
v -0.00982945774989419 -0.04675979073415437 -0.11688052923316755
v -0.011024252461490082 -0.04614832525100976 -0.1177250269539431
v -0.011076301147128766 -0.04597072438197847 -0.11810275066573167
v -0.01117372851992038 -0.04556160189550518 -0.11875349990318357
v -0.010565430189330984 -0.04605004338599006 -0.11807491100376483
v -0.011018857525625926 -0.04631613379169508 -0.11725015815697398
v -0.011006376789254315 -0.04624149160675328 -0.11749477181605344
v -0.01013094282585947 -0.04672976906524795 -0.11675559789178441
v -0.0112536569218491 -0.04636194449333386 -0.11650103550176366
v -0.011173546368117295 -0.04638128119469176 -0.11666141301182259
v -0.01061563256140541 -0.046693273854774286 -0.11610429170850528
v -0.009722454532836712 -0.04621311407244644 -0.1178855570518999
v -0.009041557741462649 -0.046545084303057926 -0.11740836128948823
v -0.009274305784133798 -0.046674982380516816 -0.11720445045216626
v -0.009629039268084784 -0.04668149406905853 -0.11712559302654574
v -0.00982945774989419 -0.04675979073415437 -0.11688052923316755
v -0.011076301147128766 -0.04597072438197847 -0.11810275066573167
v -0.010489331743638865 -0.04677000267921949 -0.11551315856275218
v -0.01107135920658642 -0.046439024269944174 -0.1156030480933889
v -0.011596854760720922 -0.046175035762532346 -0.11607519319638099
v -0.010565430189330984 -0.04605004338599006 -0.11807491100376483
v -0.009629039268084784 -0.04668149406905853 -0.11712559302654574
v -0.011076301147128766 -0.04597072438197847 -0.11810275066573167
v -0.01117372851992038 -0.04556160189550518 -0.11875349990318357
v -0.011076301147128766 -0.04597072438197847 -0.11810275066573167
v -0.011435349053892098 -0.04097696117481675 -0.11843158521504188
v -0.011435349053892098 -0.04097696117481675 -0.11843158521504188
v -0.011638869838400125 -0.041261652045272434 -0.12046729087813896
v -0.011377040449743194 -0.04458280775111456 -0.12003726766435457
v -0.011377040449743194 -0.04458280775111456 -0.12003726766435457
v -0.01117372851992038 -0.04556160189550518 -0.11875349990318357
v -0.011435349053892098 -0.04097696117481675 -0.11843158521504188
v -0.011076301147128766 -0.04597072438197847 -0.11810275066573167
v -0.011024252461490082 -0.04614832525100976 -0.1177250269539431
v -0.011435349053892098 -0.04097696117481675 -0.11843158521504188
v -0.011302415430939907 -0.044334642608712116 -0.12036590384939755
v -0.011377040449743194 -0.04458280775111456 -0.12003726766435457
v -0.011362515989214452 -0.044456892217790145 -0.12020384024306713
v -0.011377040449743194 -0.04458280775111456 -0.12003726766435457
v -0.011302415430939907 -0.044334642608712116 -0.12036590384939755
v -0.01117372851992038 -0.04556160189550518 -0.11875349990318357
usemtl DefaultMaterial
f 1 2 3
f 4 5 6
f 7 8 9
f 10 11 12
f 13 14 15
f 16 17 18
f 19 20 21
f 22 23 24
f 25 26 27
f 28 29 30
f 31 32 33
f 34 35 36
f 37 38 39
f 40 41 42
f 43 44 45
f 46 47 48
f 49 50 51
f 52 53 54
f 55 56 57
f 58 59 60
f 61 62 63
f 64 65 66
f 67 68 69
f 70 71 72
f 73 74 75
f 76 77 78
f 79 80 81
f 82 83 84
f 85 86 87
f 88 89 90
f 91 92 93
f 94 95 96
f 97 98 99
f 100 101 102
f 103 104 105
f 106 107 108
f 109 110 111
f 112 113 114
f 115 116 117
f 118 119 120
f 121 122 123
f 124 125 126
f 127 128 129
f 130 131 132
f 133 134 135
f 136 137 138
f 139 140 141
f 142 143 144
f 145 146 147
f 148 149 150
f 151 152 153
f 154 155 156
f 157 158 159
f 160 161 162
f 163 164 165
f 166 167 168
f 169 170 171
f 172 173 174
f 175 176 177
f 178 179 180
f 181 182 183
f 184 185 186
f 187 188 189
f 190 191 192
f 193 194 195
f 196 197 198
f 199 200 201
f 202 203 204
f 205 206 207
f 208 209 210
f 211 212 213
f 214 215 216
f 217 218 219
f 220 221 222
f 223 224 225
f 226 227 228
f 229 230 231
f 232 233 234
f 235 236 237
f 238 239 240
f 241 242 243
f 244 245 246
f 247 248 249
f 250 251 252
f 253 254 255
f 256 257 258
f 259 260 261
f 262 263 264
f 265 266 267
f 268 269 270
f 271 272 273
f 274 275 276
f 277 278 279
f 280 281 282
f 283 284 285
f 286 287 288
f 289 290 291
f 292 293 294
f 295 296 297
f 298 299 300
f 301 302 303
f 304 305 306
f 307 308 309
f 310 311 312
f 313 314 315
f 316 317 318
f 319 320 321
f 322 323 324
f 325 326 327
f 328 329 330
f 331 332 333
f 334 335 336
f 337 338 339
f 340 341 342
f 343 344 345
f 346 347 348
f 349 350 351
f 352 353 354
f 355 356 357
f 358 359 360
f 361 362 363
f 364 365 366
f 367 368 369
f 370 371 372
f 373 374 375
f 376 377 378
f 379 380 381
f 382 383 384
f 385 386 387
f 388 389 390
f 391 392 393
f 394 395 396
f 397 398 399
f 400 401 402
f 403 404 405
f 406 407 408
f 409 410 411
f 412 413 414
f 415 416 417
f 418 419 420
f 421 422 423
f 424 425 426
f 427 428 429
f 430 431 432
f 433 434 435
f 436 437 438
f 439 440 441
f 442 443 444
f 445 446 447
f 448 449 450
f 451 452 453
f 454 455 456
f 457 458 459
f 460 461 462
f 463 464 465
f 466 467 468
f 469 470 471
f 472 473 474
f 475 476 477
f 478 479 480
f 481 482 483
f 484 485 486
f 487 488 489
f 490 491 492
f 493 494 495
f 496 497 498
f 499 500 501
f 502 503 504
f 505 506 507
f 508 509 510
f 511 512 513
f 514 515 516
f 517 518 519
f 520 521 522
f 523 524 525
f 526 527 528
f 529 530 531
f 532 533 534
f 535 536 537
f 538 539 540
f 541 542 543
f 544 545 546
f 547 548 549
f 550 551 552
f 553 554 555
f 556 557 558
f 559 560 561
f 562 563 564
f 565 566 567
f 568 569 570
f 571 572 573
f 574 575 576
f 577 578 579
f 580 581 582
f 583 584 585
f 586 587 588
f 589 590 591
f 592 593 594
f 595 596 597
f 598 599 600
f 601 602 603
f 604 605 606
f 607 608 609
f 610 611 612
f 613 614 615
f 616 617 618
f 619 620 621
f 622 623 624
f 625 626 627
f 628 629 630
f 631 632 633
f 634 635 636
f 637 638 639
f 640 641 642
f 643 644 645
f 646 647 648
f 649 650 651
f 652 653 654
f 655 656 657
f 658 659 660
f 661 662 663
f 664 665 666
f 667 668 669
f 670 671 672
f 673 674 675
f 676 677 678
f 679 680 681
f 682 683 684
f 685 686 687
f 688 689 690
f 691 692 693
f 694 695 696
f 697 698 699
f 700 701 702
f 703 704 705
f 706 707 708
f 709 710 711
f 712 713 714
f 715 716 717
f 718 719 720
f 721 722 723
f 724 725 726
f 727 728 729
f 730 731 732
f 733 734 735
f 736 737 738
f 739 740 741
f 742 743 744
f 745 746 747
f 748 749 750
f 751 752 753
f 754 755 756
f 757 758 759
f 760 761 762
f 763 764 765
f 766 767 768
f 769 770 771
f 772 773 774
f 775 776 777
f 778 779 780
f 781 782 783
f 784 785 786
f 787 788 789
f 790 791 792
f 793 794 795
f 796 797 798
f 799 800 801
f 802 803 804
f 805 806 807
f 808 809 810
f 811 812 813
f 814 815 816
f 817 818 819
f 820 821 822
f 823 824 825
f 826 827 828
f 829 830 831
f 832 833 834
f 835 836 837
f 838 839 840
f 841 842 843
f 844 845 846
f 847 848 849
f 850 851 852
f 853 854 855
f 856 857 858
f 859 860 861
f 862 863 864
f 865 866 867
f 868 869 870
f 871 872 873
f 874 875 876
f 877 878 879
f 880 881 882
f 883 884 885
f 886 887 888
f 889 890 891
f 892 893 894
f 895 896 897
f 898 899 900
f 901 902 903
f 904 905 906
f 907 908 909
f 910 911 912
f 913 914 915
f 916 917 918
f 919 920 921
f 922 923 924
f 925 926 927
f 928 929 930
f 931 932 933
f 934 935 936
f 937 938 939
f 940 941 942
f 943 944 945
f 946 947 948
f 949 950 951
f 952 953 954
f 955 956 957
f 958 959 960
f 961 962 963
f 964 965 966
f 967 968 969
f 970 971 972
f 973 974 975
f 976 977 978
f 979 980 981
f 982 983 984
f 985 986 987
f 988 989 990
f 991 992 993
f 994 995 996
f 997 998 999
f 1000 1001 1002
f 1003 1004 1005
f 1006 1007 1008
f 1009 1010 1011
f 1012 1013 1014
f 1015 1016 1017
f 1018 1019 1020
f 1021 1022 1023
f 1024 1025 1026
f 1027 1028 1029
f 1030 1031 1032
f 1033 1034 1035
f 1036 1037 1038
f 1039 1040 1041
f 1042 1043 1044
f 1045 1046 1047
f 1048 1049 1050
f 1051 1052 1053
f 1054 1055 1056
f 1057 1058 1059
f 1060 1061 1062
f 1063 1064 1065
f 1066 1067 1068
f 1069 1070 1071
f 1072 1073 1074
f 1075 1076 1077
f 1078 1079 1080
f 1081 1082 1083
f 1084 1085 1086
f 1087 1088 1089
f 1090 1091 1092
f 1093 1094 1095
f 1096 1097 1098
f 1099 1100 1101
f 1102 1103 1104
f 1105 1106 1107
f 1108 1109 1110
f 1111 1112 1113
f 1114 1115 1116
f 1117 1118 1119
f 1120 1121 1122
f 1123 1124 1125
f 1126 1127 1128
f 1129 1130 1131
f 1132 1133 1134
f 1135 1136 1137
f 1138 1139 1140
f 1141 1142 1143
f 1144 1145 1146
f 1147 1148 1149
f 1150 1151 1152
f 1153 1154 1155
f 1156 1157 1158
f 1159 1160 1161
f 1162 1163 1164
f 1165 1166 1167
f 1168 1169 1170
f 1171 1172 1173
f 1174 1175 1176
f 1177 1178 1179
f 1180 1181 1182
f 1183 1184 1185
f 1186 1187 1188
f 1189 1190 1191
f 1192 1193 1194
f 1195 1196 1197
f 1198 1199 1200
f 1201 1202 1203
f 1204 1205 1206
f 1207 1208 1209
f 1210 1211 1212
f 1213 1214 1215
f 1216 1217 1218
f 1219 1220 1221
f 1222 1223 1224
f 1225 1226 1227
f 1228 1229 1230
f 1231 1232 1233
f 1234 1235 1236
f 1237 1238 1239
f 1240 1241 1242
f 1243 1244 1245
f 1246 1247 1248
f 1249 1250 1251
f 1252 1253 1254
f 1255 1256 1257
f 1258 1259 1260
f 1261 1262 1263
f 1264 1265 1266
f 1267 1268 1269
f 1270 1271 1272
f 1273 1274 1275
f 1276 1277 1278
f 1279 1280 1281
f 1282 1283 1284
f 1285 1286 1287
f 1288 1289 1290
f 1291 1292 1293
f 1294 1295 1296
f 1297 1298 1299
f 1300 1301 1302
f 1303 1304 1305
f 1306 1307 1308
f 1309 1310 1311
f 1312 1313 1314
f 1315 1316 1317
f 1318 1319 1320
f 1321 1322 1323
f 1324 1325 1326
f 1327 1328 1329
f 1330 1331 1332
f 1333 1334 1335
f 1336 1337 1338
f 1339 1340 1341
f 1342 1343 1344
f 1345 1346 1347
f 1348 1349 1350
f 1351 1352 1353
f 1354 1355 1356
f 1357 1358 1359
f 1360 1361 1362
f 1363 1364 1365
f 1366 1367 1368
f 1369 1370 1371
f 1372 1373 1374
f 1375 1376 1377
f 1378 1379 1380
f 1381 1382 1383
f 1384 1385 1386
f 1387 1388 1389
f 1390 1391 1392
f 1393 1394 1395
f 1396 1397 1398
f 1399 1400 1401
f 1402 1403 1404
f 1405 1406 1407
f 1408 1409 1410
f 1411 1412 1413
f 1414 1415 1416
f 1417 1418 1419
f 1420 1421 1422
f 1423 1424 1425
f 1426 1427 1428
f 1429 1430 1431
f 1432 1433 1434
f 1435 1436 1437
f 1438 1439 1440
f 1441 1442 1443
f 1444 1445 1446
f 1447 1448 1449
f 1450 1451 1452
f 1453 1454 1455
f 1456 1457 1458
f 1459 1460 1461
f 1462 1463 1464
f 1465 1466 1467
f 1468 1469 1470
f 1471 1472 1473
f 1474 1475 1476
f 1477 1478 1479
f 1480 1481 1482
f 1483 1484 1485
f 1486 1487 1488
f 1489 1490 1491
f 1492 1493 1494
f 1495 1496 1497
f 1498 1499 1500
f 1501 1502 1503
f 1504 1505 1506
f 1507 1508 1509
f 1510 1511 1512
f 1513 1514 1515
f 1516 1517 1518
f 1519 1520 1521
f 1522 1523 1524
f 1525 1526 1527
f 1528 1529 1530
f 1531 1532 1533
f 1534 1535 1536
f 1537 1538 1539
f 1540 1541 1542
f 1543 1544 1545
f 1546 1547 1548
f 1549 1550 1551
f 1552 1553 1554
f 1555 1556 1557
f 1558 1559 1560
f 1561 1562 1563
f 1564 1565 1566
f 1567 1568 1569
f 1570 1571 1572
f 1573 1574 1575
f 1576 1577 1578
f 1579 1580 1581
f 1582 1583 1584
f 1585 1586 1587
f 1588 1589 1590
f 1591 1592 1593
f 1594 1595 1596
f 1597 1598 1599
f 1600 1601 1602
f 1603 1604 1605
f 1606 1607 1608
f 1609 1610 1611
f 1612 1613 1614
f 1615 1616 1617
f 1618 1619 1620
f 1621 1622 1623
f 1624 1625 1626
f 1627 1628 1629
f 1630 1631 1632
f 1633 1634 1635
f 1636 1637 1638
f 1639 1640 1641
f 1642 1643 1644
f 1645 1646 1647
f 1648 1649 1650
f 1651 1652 1653
f 1654 1655 1656
f 1657 1658 1659
f 1660 1661 1662
f 1663 1664 1665
f 1666 1667 1668
f 1669 1670 1671
f 1672 1673 1674
f 1675 1676 1677
f 1678 1679 1680
f 1681 1682 1683
f 1684 1685 1686
f 1687 1688 1689
f 1690 1691 1692
f 1693 1694 1695
f 1696 1697 1698
f 1699 1700 1701
f 1702 1703 1704
f 1705 1706 1707
f 1708 1709 1710
f 1711 1712 1713
f 1714 1715 1716
f 1717 1718 1719
f 1720 1721 1722
f 1723 1724 1725
f 1726 1727 1728
f 1729 1730 1731
f 1732 1733 1734
f 1735 1736 1737
f 1738 1739 1740
f 1741 1742 1743
f 1744 1745 1746
f 1747 1748 1749
f 1750 1751 1752
f 1753 1754 1755
f 1756 1757 1758
f 1759 1760 1761
f 1762 1763 1764
f 1765 1766 1767
f 1768 1769 1770
f 1771 1772 1773
f 1774 1775 1776
f 1777 1778 1779
f 1780 1781 1782
f 1783 1784 1785
f 1786 1787 1788
f 1789 1790 1791
f 1792 1793 1794
f 1795 1796 1797
f 1798 1799 1800
f 1801 1802 1803
f 1804 1805 1806
f 1807 1808 1809
f 1810 1811 1812
f 1813 1814 1815
f 1816 1817 1818
f 1819 1820 1821
f 1822 1823 1824
f 1825 1826 1827
f 1828 1829 1830
f 1831 1832 1833
f 1834 1835 1836
f 1837 1838 1839
f 1840 1841 1842
f 1843 1844 1845
f 1846 1847 1848
f 1849 1850 1851
f 1852 1853 1854
f 1855 1856 1857
f 1858 1859 1860
f 1861 1862 1863
f 1864 1865 1866
f 1867 1868 1869
f 1870 1871 1872
f 1873 1874 1875
f 1876 1877 1878
f 1879 1880 1881
f 1882 1883 1884
f 1885 1886 1887
f 1888 1889 1890
f 1891 1892 1893
f 1894 1895 1896
f 1897 1898 1899
f 1900 1901 1902
f 1903 1904 1905
f 1906 1907 1908
f 1909 1910 1911
f 1912 1913 1914
f 1915 1916 1917
f 1918 1919 1920
f 1921 1922 1923
f 1924 1925 1926
f 1927 1928 1929
f 1930 1931 1932
f 1933 1934 1935
f 1936 1937 1938
f 1939 1940 1941
f 1942 1943 1944
f 1945 1946 1947
f 1948 1949 1950
f 1951 1952 1953
f 1954 1955 1956
f 1957 1958 1959
f 1960 1961 1962
f 1963 1964 1965
f 1966 1967 1968
f 1969 1970 1971
f 1972 1973 1974
f 1975 1976 1977
f 1978 1979 1980
f 1981 1982 1983
f 1984 1985 1986
f 1987 1988 1989
f 1990 1991 1992
f 1993 1994 1995
f 1996 1997 1998
f 1999 2000 2001
f 2002 2003 2004
f 2005 2006 2007
f 2008 2009 2010
f 2011 2012 2013
f 2014 2015 2016
f 2017 2018 2019
f 2020 2021 2022
f 2023 2024 2025
f 2026 2027 2028
f 2029 2030 2031
f 2032 2033 2034
f 2035 2036 2037
f 2038 2039 2040
f 2041 2042 2043
f 2044 2045 2046
f 2047 2048 2049
f 2050 2051 2052
f 2053 2054 2055
f 2056 2057 2058
f 2059 2060 2061
f 2062 2063 2064
f 2065 2066 2067
f 2068 2069 2070
f 2071 2072 2073
f 2074 2075 2076
f 2077 2078 2079
f 2080 2081 2082
f 2083 2084 2085
f 2086 2087 2088
f 2089 2090 2091
f 2092 2093 2094
f 2095 2096 2097
f 2098 2099 2100
f 2101 2102 2103
f 2104 2105 2106
f 2107 2108 2109
f 2110 2111 2112
f 2113 2114 2115
f 2116 2117 2118
f 2119 2120 2121
f 2122 2123 2124
f 2125 2126 2127
f 2128 2129 2130
f 2131 2132 2133
f 2134 2135 2136
f 2137 2138 2139
f 2140 2141 2142
f 2143 2144 2145
f 2146 2147 2148
f 2149 2150 2151
f 2152 2153 2154
f 2155 2156 2157
f 2158 2159 2160
f 2161 2162 2163
f 2164 2165 2166
f 2167 2168 2169
f 2170 2171 2172
f 2173 2174 2175
f 2176 2177 2178
f 2179 2180 2181
f 2182 2183 2184
f 2185 2186 2187
f 2188 2189 2190
f 2191 2192 2193
f 2194 2195 2196
f 2197 2198 2199
f 2200 2201 2202
f 2203 2204 2205
f 2206 2207 2208
f 2209 2210 2211
f 2212 2213 2214
f 2215 2216 2217
f 2218 2219 2220
f 2221 2222 2223
f 2224 2225 2226
f 2227 2228 2229
f 2230 2231 2232
f 2233 2234 2235
f 2236 2237 2238
f 2239 2240 2241
f 2242 2243 2244
f 2245 2246 2247
f 2248 2249 2250
f 2251 2252 2253
f 2254 2255 2256
f 2257 2258 2259
f 2260 2261 2262
f 2263 2264 2265
f 2266 2267 2268
f 2269 2270 2271
f 2272 2273 2274
f 2275 2276 2277
f 2278 2279 2280
f 2281 2282 2283
f 2284 2285 2286
f 2287 2288 2289
f 2290 2291 2292
f 2293 2294 2295
f 2296 2297 2298
f 2299 2300 2301
f 2302 2303 2304
f 2305 2306 2307
f 2308 2309 2310
f 2311 2312 2313
f 2314 2315 2316
f 2317 2318 2319
f 2320 2321 2322
f 2323 2324 2325
f 2326 2327 2328
f 2329 2330 2331
f 2332 2333 2334
f 2335 2336 2337
f 2338 2339 2340
f 2341 2342 2343
f 2344 2345 2346
f 2347 2348 2349
f 2350 2351 2352
f 2353 2354 2355
f 2356 2357 2358
f 2359 2360 2361
f 2362 2363 2364
f 2365 2366 2367
f 2368 2369 2370
f 2371 2372 2373
f 2374 2375 2376
f 2377 2378 2379
f 2380 2381 2382
f 2383 2384 2385
f 2386 2387 2388
f 2389 2390 2391
f 2392 2393 2394
f 2395 2396 2397
f 2398 2399 2400
f 2401 2402 2403
f 2404 2405 2406
f 2407 2408 2409
f 2410 2411 2412
f 2413 2414 2415
f 2416 2417 2418
f 2419 2420 2421
f 2422 2423 2424
f 2425 2426 2427
f 2428 2429 2430
f 2431 2432 2433
f 2434 2435 2436
f 2437 2438 2439
f 2440 2441 2442
f 2443 2444 2445
f 2446 2447 2448
f 2449 2450 2451
f 2452 2453 2454
f 2455 2456 2457
f 2458 2459 2460
f 2461 2462 2463
f 2464 2465 2466
f 2467 2468 2469
f 2470 2471 2472
f 2473 2474 2475
f 2476 2477 2478
f 2479 2480 2481
f 2482 2483 2484
f 2485 2486 2487
f 2488 2489 2490
f 2491 2492 2493
f 2494 2495 2496
f 2497 2498 2499
f 2500 2501 2502
f 2503 2504 2505
f 2506 2507 2508
f 2509 2510 2511
f 2512 2513 2514
f 2515 2516 2517
f 2518 2519 2520
f 2521 2522 2523
f 2524 2525 2526
f 2527 2528 2529
f 2530 2531 2532
f 2533 2534 2535
f 2536 2537 2538
f 2539 2540 2541
f 2542 2543 2544
f 2545 2546 2547
f 2548 2549 2550
f 2551 2552 2553
f 2554 2555 2556
f 2557 2558 2559
f 2560 2561 2562
f 2563 2564 2565
f 2566 2567 2568
f 2569 2570 2571
f 2572 2573 2574
f 2575 2576 2577
f 2578 2579 2580
f 2581 2582 2583
f 2584 2585 2586
f 2587 2588 2589
f 2590 2591 2592
f 2593 2594 2595
f 2596 2597 2598
f 2599 2600 2601
f 2602 2603 2604
f 2605 2606 2607
f 2608 2609 2610
f 2611 2612 2613
f 2614 2615 2616
f 2617 2618 2619
f 2620 2621 2622
f 2623 2624 2625
f 2626 2627 2628
f 2629 2630 2631
f 2632 2633 2634
f 2635 2636 2637
f 2638 2639 2640
f 2641 2642 2643
f 2644 2645 2646
f 2647 2648 2649
f 2650 2651 2652
f 2653 2654 2655
f 2656 2657 2658
f 2659 2660 2661
f 2662 2663 2664
f 2665 2666 2667
f 2668 2669 2670
f 2671 2672 2673
f 2674 2675 2676
f 2677 2678 2679
f 2680 2681 2682
f 2683 2684 2685
f 2686 2687 2688
f 2689 2690 2691
f 2692 2693 2694
f 2695 2696 2697
f 2698 2699 2700
f 2701 2702 2703
f 2704 2705 2706
f 2707 2708 2709
f 2710 2711 2712
f 2713 2714 2715
f 2716 2717 2718
f 2719 2720 2721
f 2722 2723 2724
f 2725 2726 2727
f 2728 2729 2730
f 2731 2732 2733
f 2734 2735 2736
f 2737 2738 2739
f 2740 2741 2742
f 2743 2744 2745
f 2746 2747 2748
f 2749 2750 2751
f 2752 2753 2754
f 2755 2756 2757
f 2758 2759 2760
f 2761 2762 2763
f 2764 2765 2766
f 2767 2768 2769
f 2770 2771 2772
f 2773 2774 2775
f 2776 2777 2778
f 2779 2780 2781
f 2782 2783 2784
f 2785 2786 2787
f 2788 2789 2790
f 2791 2792 2793
f 2794 2795 2796
f 2797 2798 2799
f 2800 2801 2802
f 2803 2804 2805
f 2806 2807 2808
f 2809 2810 2811
f 2812 2813 2814
f 2815 2816 2817
f 2818 2819 2820
f 2821 2822 2823
f 2824 2825 2826
f 2827 2828 2829
f 2830 2831 2832
f 2833 2834 2835
f 2836 2837 2838
f 2839 2840 2841
f 2842 2843 2844
f 2845 2846 2847
f 2848 2849 2850
f 2851 2852 2853
f 2854 2855 2856
f 2857 2858 2859
f 2860 2861 2862
f 2863 2864 2865
f 2866 2867 2868
f 2869 2870 2871
f 2872 2873 2874
f 2875 2876 2877
f 2878 2879 2880
f 2881 2882 2883
f 2884 2885 2886
f 2887 2888 2889
f 2890 2891 2892
f 2893 2894 2895
f 2896 2897 2898
f 2899 2900 2901
f 2902 2903 2904
f 2905 2906 2907
f 2908 2909 2910
f 2911 2912 2913
f 2914 2915 2916
f 2917 2918 2919
f 2920 2921 2922
f 2923 2924 2925
f 2926 2927 2928
f 2929 2930 2931
f 2932 2933 2934
f 2935 2936 2937
f 2938 2939 2940
f 2941 2942 2943
f 2944 2945 2946
f 2947 2948 2949
f 2950 2951 2952
f 2953 2954 2955
f 2956 2957 2958
f 2959 2960 2961
f 2962 2963 2964
f 2965 2966 2967
f 2968 2969 2970
f 2971 2972 2973
f 2974 2975 2976
f 2977 2978 2979
f 2980 2981 2982
f 2983 2984 2985
f 2986 2987 2988
f 2989 2990 2991
f 2992 2993 2994
f 2995 2996 2997
f 2998 2999 3000
f 3001 3002 3003
f 3004 3005 3006
f 3007 3008 3009
f 3010 3011 3012
f 3013 3014 3015
f 3016 3017 3018
f 3019 3020 3021
f 3022 3023 3024
f 3025 3026 3027
f 3028 3029 3030
f 3031 3032 3033
f 3034 3035 3036
f 3037 3038 3039
f 3040 3041 3042
f 3043 3044 3045
f 3046 3047 3048
f 3049 3050 3051
f 3052 3053 3054
f 3055 3056 3057
f 3058 3059 3060
f 3061 3062 3063
f 3064 3065 3066
f 3067 3068 3069
f 3070 3071 3072
f 3073 3074 3075
f 3076 3077 3078
f 3079 3080 3081
f 3082 3083 3084
f 3085 3086 3087
f 3088 3089 3090
f 3091 3092 3093
f 3094 3095 3096
f 3097 3098 3099
f 3100 3101 3102
f 3103 3104 3105
f 3106 3107 3108
f 3109 3110 3111
f 3112 3113 3114
f 3115 3116 3117
f 3118 3119 3120
f 3121 3122 3123
f 3124 3125 3126
f 3127 3128 3129
f 3130 3131 3132
f 3133 3134 3135
f 3136 3137 3138
f 3139 3140 3141
f 3142 3143 3144
f 3145 3146 3147
f 3148 3149 3150
f 3151 3152 3153
f 3154 3155 3156
f 3157 3158 3159
f 3160 3161 3162
f 3163 3164 3165
f 3166 3167 3168
f 3169 3170 3171
f 3172 3173 3174
f 3175 3176 3177
f 3178 3179 3180
f 3181 3182 3183
f 3184 3185 3186
f 3187 3188 3189
f 3190 3191 3192
f 3193 3194 3195
f 3196 3197 3198
f 3199 3200 3201
f 3202 3203 3204
f 3205 3206 3207
f 3208 3209 3210
f 3211 3212 3213
f 3214 3215 3216
f 3217 3218 3219
f 3220 3221 3222
f 3223 3224 3225
f 3226 3227 3228
f 3229 3230 3231
f 3232 3233 3234
f 3235 3236 3237
f 3238 3239 3240
f 3241 3242 3243
f 3244 3245 3246
f 3247 3248 3249
f 3250 3251 3252
f 3253 3254 3255
f 3256 3257 3258
f 3259 3260 3261
f 3262 3263 3264
f 3265 3266 3267
f 3268 3269 3270
f 3271 3272 3273
f 3274 3275 3276
f 3277 3278 3279
f 3280 3281 3282
f 3283 3284 3285
f 3286 3287 3288
f 3289 3290 3291
f 3292 3293 3294
f 3295 3296 3297
f 3298 3299 3300
f 3301 3302 3303
f 3304 3305 3306
f 3307 3308 3309
f 3310 3311 3312
f 3313 3314 3315
f 3316 3317 3318
f 3319 3320 3321
f 3322 3323 3324
f 3325 3326 3327
f 3328 3329 3330
f 3331 3332 3333
f 3334 3335 3336
f 3337 3338 3339
f 3340 3341 3342
f 3343 3344 3345
f 3346 3347 3348
f 3349 3350 3351
f 3352 3353 3354
f 3355 3356 3357
f 3358 3359 3360
f 3361 3362 3363
f 3364 3365 3366
f 3367 3368 3369
f 3370 3371 3372
f 3373 3374 3375
f 3376 3377 3378
f 3379 3380 3381
f 3382 3383 3384
f 3385 3386 3387
f 3388 3389 3390
f 3391 3392 3393
f 3394 3395 3396
f 3397 3398 3399
f 3400 3401 3402
f 3403 3404 3405
f 3406 3407 3408
f 3409 3410 3411
f 3412 3413 3414
f 3415 3416 3417
f 3418 3419 3420
f 3421 3422 3423
f 3424 3425 3426
f 3427 3428 3429
f 3430 3431 3432
f 3433 3434 3435
f 3436 3437 3438
f 3439 3440 3441
f 3442 3443 3444
f 3445 3446 3447
f 3448 3449 3450
f 3451 3452 3453
f 3454 3455 3456
f 3457 3458 3459
f 3460 3461 3462
f 3463 3464 3465
f 3466 3467 3468
f 3469 3470 3471
f 3472 3473 3474
f 3475 3476 3477
f 3478 3479 3480
f 3481 3482 3483
f 3484 3485 3486
f 3487 3488 3489
f 3490 3491 3492
f 3493 3494 3495
f 3496 3497 3498
f 3499 3500 3501
f 3502 3503 3504
f 3505 3506 3507
f 3508 3509 3510
f 3511 3512 3513
f 3514 3515 3516
f 3517 3518 3519
f 3520 3521 3522
f 3523 3524 3525
f 3526 3527 3528
f 3529 3530 3531
f 3532 3533 3534
f 3535 3536 3537
f 3538 3539 3540
f 3541 3542 3543
f 3544 3545 3546
f 3547 3548 3549
f 3550 3551 3552
f 3553 3554 3555
f 3556 3557 3558
f 3559 3560 3561
f 3562 3563 3564
f 3565 3566 3567
f 3568 3569 3570
f 3571 3572 3573
f 3574 3575 3576
f 3577 3578 3579
f 3580 3581 3582
f 3583 3584 3585
f 3586 3587 3588
f 3589 3590 3591
f 3592 3593 3594
f 3595 3596 3597
f 3598 3599 3600
f 3601 3602 3603
f 3604 3605 3606
f 3607 3608 3609
f 3610 3611 3612
f 3613 3614 3615
f 3616 3617 3618
f 3619 3620 3621
f 3622 3623 3624
f 3625 3626 3627
f 3628 3629 3630
f 3631 3632 3633
f 3634 3635 3636
f 3637 3638 3639
f 3640 3641 3642
f 3643 3644 3645
f 3646 3647 3648
f 3649 3650 3651
f 3652 3653 3654
f 3655 3656 3657
f 3658 3659 3660
f 3661 3662 3663
f 3664 3665 3666
f 3667 3668 3669
f 3670 3671 3672
f 3673 3674 3675
f 3676 3677 3678
f 3679 3680 3681
f 3682 3683 3684
f 3685 3686 3687
f 3688 3689 3690
f 3691 3692 3693
f 3694 3695 3696
f 3697 3698 3699
f 3700 3701 3702
f 3703 3704 3705
f 3706 3707 3708
f 3709 3710 3711
f 3712 3713 3714
f 3715 3716 3717
f 3718 3719 3720
f 3721 3722 3723
f 3724 3725 3726
f 3727 3728 3729
f 3730 3731 3732
f 3733 3734 3735
f 3736 3737 3738
f 3739 3740 3741
f 3742 3743 3744
f 3745 3746 3747
f 3748 3749 3750
f 3751 3752 3753
f 3754 3755 3756
f 3757 3758 3759
f 3760 3761 3762
f 3763 3764 3765
f 3766 3767 3768
f 3769 3770 3771
f 3772 3773 3774
f 3775 3776 3777
f 3778 3779 3780
f 3781 3782 3783
f 3784 3785 3786
f 3787 3788 3789
f 3790 3791 3792
f 3793 3794 3795
f 3796 3797 3798
f 3799 3800 3801
f 3802 3803 3804
f 3805 3806 3807
f 3808 3809 3810
f 3811 3812 3813
f 3814 3815 3816
f 3817 3818 3819
f 3820 3821 3822
f 3823 3824 3825
f 3826 3827 3828
f 3829 3830 3831
f 3832 3833 3834
f 3835 3836 3837
f 3838 3839 3840
f 3841 3842 3843
f 3844 3845 3846
f 3847 3848 3849
f 3850 3851 3852
f 3853 3854 3855
f 3856 3857 3858
f 3859 3860 3861
f 3862 3863 3864
f 3865 3866 3867
f 3868 3869 3870
f 3871 3872 3873
f 3874 3875 3876
f 3877 3878 3879
f 3880 3881 3882
f 3883 3884 3885
f 3886 3887 3888
f 3889 3890 3891
f 3892 3893 3894
f 3895 3896 3897
f 3898 3899 3900
f 3901 3902 3903
f 3904 3905 3906
f 3907 3908 3909
f 3910 3911 3912
f 3913 3914 3915
f 3916 3917 3918
f 3919 3920 3921
f 3922 3923 3924
f 3925 3926 3927
f 3928 3929 3930
f 3931 3932 3933
f 3934 3935 3936
f 3937 3938 3939
f 3940 3941 3942
f 3943 3944 3945
f 3946 3947 3948
f 3949 3950 3951
f 3952 3953 3954
f 3955 3956 3957
f 3958 3959 3960
f 3961 3962 3963
f 3964 3965 3966
f 3967 3968 3969
f 3970 3971 3972
f 3973 3974 3975
f 3976 3977 3978
f 3979 3980 3981
f 3982 3983 3984
f 3985 3986 3987
f 3988 3989 3990
f 3991 3992 3993
f 3994 3995 3996
f 3997 3998 3999
f 4000 4001 4002
f 4003 4004 4005
f 4006 4007 4008
f 4009 4010 4011
f 4012 4013 4014
f 4015 4016 4017
f 4018 4019 4020
f 4021 4022 4023
f 4024 4025 4026
f 4027 4028 4029
f 4030 4031 4032
f 4033 4034 4035
f 4036 4037 4038
f 4039 4040 4041
f 4042 4043 4044
f 4045 4046 4047
f 4048 4049 4050
f 4051 4052 4053
f 4054 4055 4056
f 4057 4058 4059
f 4060 4061 4062
f 4063 4064 4065
f 4066 4067 4068
f 4069 4070 4071
f 4072 4073 4074
f 4075 4076 4077
f 4078 4079 4080
f 4081 4082 4083
f 4084 4085 4086
f 4087 4088 4089
f 4090 4091 4092
f 4093 4094 4095
f 4096 4097 4098
f 4099 4100 4101
f 4102 4103 4104
f 4105 4106 4107
f 4108 4109 4110
f 4111 4112 4113
f 4114 4115 4116
f 4117 4118 4119
f 4120 4121 4122
f 4123 4124 4125
f 4126 4127 4128
f 4129 4130 4131
f 4132 4133 4134
f 4135 4136 4137
f 4138 4139 4140
f 4141 4142 4143
f 4144 4145 4146
f 4147 4148 4149
f 4150 4151 4152
f 4153 4154 4155
f 4156 4157 4158
f 4159 4160 4161
f 4162 4163 4164
f 4165 4166 4167
f 4168 4169 4170
f 4171 4172 4173
f 4174 4175 4176
f 4177 4178 4179
f 4180 4181 4182
f 4183 4184 4185
f 4186 4187 4188
f 4189 4190 4191
f 4192 4193 4194
f 4195 4196 4197
f 4198 4199 4200
f 4201 4202 4203
f 4204 4205 4206
f 4207 4208 4209
f 4210 4211 4212
f 4213 4214 4215
f 4216 4217 4218
f 4219 4220 4221
f 4222 4223 4224
f 4225 4226 4227
f 4228 4229 4230
f 4231 4232 4233
f 4234 4235 4236
f 4237 4238 4239
f 4240 4241 4242
f 4243 4244 4245
f 4246 4247 4248
f 4249 4250 4251
f 4252 4253 4254
f 4255 4256 4257
f 4258 4259 4260
f 4261 4262 4263
f 4264 4265 4266
f 4267 4268 4269
f 4270 4271 4272
f 4273 4274 4275
f 4276 4277 4278
f 4279 4280 4281
f 4282 4283 4284
f 4285 4286 4287
f 4288 4289 4290
f 4291 4292 4293
f 4294 4295 4296
f 4297 4298 4299
f 4300 4301 4302
f 4303 4304 4305
f 4306 4307 4308
f 4309 4310 4311
f 4312 4313 4314
f 4315 4316 4317
f 4318 4319 4320
f 4321 4322 4323
f 4324 4325 4326
f 4327 4328 4329
f 4330 4331 4332
f 4333 4334 4335
f 4336 4337 4338
f 4339 4340 4341
f 4342 4343 4344
f 4345 4346 4347
f 4348 4349 4350
f 4351 4352 4353
f 4354 4355 4356
f 4357 4358 4359
f 4360 4361 4362
f 4363 4364 4365
f 4366 4367 4368
f 4369 4370 4371
f 4372 4373 4374
f 4375 4376 4377
f 4378 4379 4380
f 4381 4382 4383
f 4384 4385 4386
f 4387 4388 4389
f 4390 4391 4392
f 4393 4394 4395
f 4396 4397 4398
f 4399 4400 4401
f 4402 4403 4404
f 4405 4406 4407
f 4408 4409 4410
f 4411 4412 4413
f 4414 4415 4416
f 4417 4418 4419
f 4420 4421 4422
f 4423 4424 4425
f 4426 4427 4428
f 4429 4430 4431
f 4432 4433 4434
f 4435 4436 4437
f 4438 4439 4440
f 4441 4442 4443
f 4444 4445 4446
f 4447 4448 4449
f 4450 4451 4452
f 4453 4454 4455
f 4456 4457 4458
f 4459 4460 4461
f 4462 4463 4464
f 4465 4466 4467
f 4468 4469 4470
f 4471 4472 4473
f 4474 4475 4476
f 4477 4478 4479
f 4480 4481 4482
f 4483 4484 4485
f 4486 4487 4488
f 4489 4490 4491
f 4492 4493 4494
f 4495 4496 4497
f 4498 4499 4500
f 4501 4502 4503
f 4504 4505 4506
f 4507 4508 4509
f 4510 4511 4512
f 4513 4514 4515
f 4516 4517 4518
f 4519 4520 4521
f 4522 4523 4524
f 4525 4526 4527
f 4528 4529 4530
f 4531 4532 4533
f 4534 4535 4536
f 4537 4538 4539
f 4540 4541 4542
f 4543 4544 4545
f 4546 4547 4548
f 4549 4550 4551
f 4552 4553 4554
f 4555 4556 4557
f 4558 4559 4560
f 4561 4562 4563
f 4564 4565 4566
f 4567 4568 4569
f 4570 4571 4572
f 4573 4574 4575
f 4576 4577 4578
f 4579 4580 4581
f 4582 4583 4584
f 4585 4586 4587
f 4588 4589 4590
f 4591 4592 4593
f 4594 4595 4596
f 4597 4598 4599
f 4600 4601 4602
f 4603 4604 4605
f 4606 4607 4608
f 4609 4610 4611
f 4612 4613 4614
f 4615 4616 4617
f 4618 4619 4620
f 4621 4622 4623
f 4624 4625 4626
f 4627 4628 4629
f 4630 4631 4632
f 4633 4634 4635
f 4636 4637 4638
f 4639 4640 4641
f 4642 4643 4644
f 4645 4646 4647
f 4648 4649 4650
f 4651 4652 4653
f 4654 4655 4656
f 4657 4658 4659
f 4660 4661 4662
f 4663 4664 4665
f 4666 4667 4668
f 4669 4670 4671
f 4672 4673 4674
f 4675 4676 4677
f 4678 4679 4680
f 4681 4682 4683
f 4684 4685 4686
f 4687 4688 4689
f 4690 4691 4692
f 4693 4694 4695
f 4696 4697 4698
f 4699 4700 4701
f 4702 4703 4704
f 4705 4706 4707
f 4708 4709 4710
f 4711 4712 4713
f 4714 4715 4716
f 4717 4718 4719
f 4720 4721 4722
f 4723 4724 4725
f 4726 4727 4728
f 4729 4730 4731
f 4732 4733 4734
f 4735 4736 4737
f 4738 4739 4740
f 4741 4742 4743
f 4744 4745 4746
f 4747 4748 4749
f 4750 4751 4752
f 4753 4754 4755
f 4756 4757 4758
f 4759 4760 4761
f 4762 4763 4764
f 4765 4766 4767
f 4768 4769 4770
f 4771 4772 4773
f 4774 4775 4776
f 4777 4778 4779
f 4780 4781 4782
f 4783 4784 4785
f 4786 4787 4788
f 4789 4790 4791
f 4792 4793 4794
f 4795 4796 4797
f 4798 4799 4800
f 4801 4802 4803
f 4804 4805 4806
f 4807 4808 4809
f 4810 4811 4812
f 4813 4814 4815
f 4816 4817 4818
f 4819 4820 4821
f 4822 4823 4824
f 4825 4826 4827
f 4828 4829 4830
f 4831 4832 4833
f 4834 4835 4836
f 4837 4838 4839
f 4840 4841 4842
f 4843 4844 4845
f 4846 4847 4848
f 4849 4850 4851
f 4852 4853 4854
f 4855 4856 4857
f 4858 4859 4860
f 4861 4862 4863
f 4864 4865 4866
f 4867 4868 4869
f 4870 4871 4872
f 4873 4874 4875
f 4876 4877 4878
f 4879 4880 4881
f 4882 4883 4884
f 4885 4886 4887
f 4888 4889 4890
f 4891 4892 4893
f 4894 4895 4896
f 4897 4898 4899
f 4900 4901 4902
f 4903 4904 4905
f 4906 4907 4908
f 4909 4910 4911
f 4912 4913 4914
f 4915 4916 4917
f 4918 4919 4920
f 4921 4922 4923
f 4924 4925 4926
f 4927 4928 4929
f 4930 4931 4932
f 4933 4934 4935
f 4936 4937 4938
f 4939 4940 4941
f 4942 4943 4944
f 4945 4946 4947
f 4948 4949 4950
f 4951 4952 4953
f 4954 4955 4956
f 4957 4958 4959
f 4960 4961 4962
f 4963 4964 4965
f 4966 4967 4968
f 4969 4970 4971
f 4972 4973 4974
f 4975 4976 4977
f 4978 4979 4980
f 4981 4982 4983
f 4984 4985 4986
f 4987 4988 4989
f 4990 4991 4992
f 4993 4994 4995
f 4996 4997 4998
f 4999 5000 5001
f 5002 5003 5004
f 5005 5006 5007
f 5008 5009 5010
f 5011 5012 5013
f 5014 5015 5016
f 5017 5018 5019
f 5020 5021 5022
f 5023 5024 5025
f 5026 5027 5028
f 5029 5030 5031
f 5032 5033 5034
f 5035 5036 5037
f 5038 5039 5040
f 5041 5042 5043
f 5044 5045 5046
f 5047 5048 5049
f 5050 5051 5052
f 5053 5054 5055
f 5056 5057 5058
f 5059 5060 5061
f 5062 5063 5064
f 5065 5066 5067
f 5068 5069 5070
f 5071 5072 5073
f 5074 5075 5076
f 5077 5078 5079
f 5080 5081 5082
f 5083 5084 5085
f 5086 5087 5088
f 5089 5090 5091
f 5092 5093 5094
f 5095 5096 5097
f 5098 5099 5100
f 5101 5102 5103
f 5104 5105 5106
f 5107 5108 5109
f 5110 5111 5112
f 5113 5114 5115
f 5116 5117 5118
f 5119 5120 5121
f 5122 5123 5124
f 5125 5126 5127
f 5128 5129 5130
f 5131 5132 5133
f 5134 5135 5136
f 5137 5138 5139
f 5140 5141 5142
f 5143 5144 5145
f 5146 5147 5148
f 5149 5150 5151
f 5152 5153 5154
f 5155 5156 5157
f 5158 5159 5160
f 5161 5162 5163
f 5164 5165 5166
f 5167 5168 5169
f 5170 5171 5172
f 5173 5174 5175
f 5176 5177 5178
f 5179 5180 5181
f 5182 5183 5184
f 5185 5186 5187
f 5188 5189 5190
f 5191 5192 5193
f 5194 5195 5196
f 5197 5198 5199
f 5200 5201 5202
f 5203 5204 5205
f 5206 5207 5208
f 5209 5210 5211
f 5212 5213 5214
f 5215 5216 5217
f 5218 5219 5220
f 5221 5222 5223
f 5224 5225 5226
f 5227 5228 5229
f 5230 5231 5232
f 5233 5234 5235
f 5236 5237 5238
f 5239 5240 5241
f 5242 5243 5244
f 5245 5246 5247
f 5248 5249 5250
f 5251 5252 5253
f 5254 5255 5256
f 5257 5258 5259
f 5260 5261 5262
f 5263 5264 5265
f 5266 5267 5268
f 5269 5270 5271
f 5272 5273 5274
f 5275 5276 5277
f 5278 5279 5280
f 5281 5282 5283
f 5284 5285 5286
f 5287 5288 5289
f 5290 5291 5292
f 5293 5294 5295
f 5296 5297 5298
f 5299 5300 5301
f 5302 5303 5304
f 5305 5306 5307
f 5308 5309 5310
f 5311 5312 5313
f 5314 5315 5316
f 5317 5318 5319
f 5320 5321 5322
f 5323 5324 5325
f 5326 5327 5328
f 5329 5330 5331
f 5332 5333 5334
f 5335 5336 5337
f 5338 5339 5340
f 5341 5342 5343
f 5344 5345 5346
f 5347 5348 5349
f 5350 5351 5352
f 5353 5354 5355
f 5356 5357 5358
f 5359 5360 5361
f 5362 5363 5364
f 5365 5366 5367
f 5368 5369 5370
f 5371 5372 5373
f 5374 5375 5376
f 5377 5378 5379
f 5380 5381 5382
f 5383 5384 5385
f 5386 5387 5388
f 5389 5390 5391
f 5392 5393 5394
f 5395 5396 5397
f 5398 5399 5400
f 5401 5402 5403
f 5404 5405 5406
f 5407 5408 5409
f 5410 5411 5412
f 5413 5414 5415
f 5416 5417 5418
f 5419 5420 5421
f 5422 5423 5424
f 5425 5426 5427
f 5428 5429 5430
f 5431 5432 5433
f 5434 5435 5436
f 5437 5438 5439
f 5440 5441 5442
f 5443 5444 5445
f 5446 5447 5448
f 5449 5450 5451
f 5452 5453 5454
f 5455 5456 5457
f 5458 5459 5460
f 5461 5462 5463
f 5464 5465 5466
f 5467 5468 5469
f 5470 5471 5472
f 5473 5474 5475
f 5476 5477 5478
f 5479 5480 5481
f 5482 5483 5484
f 5485 5486 5487
f 5488 5489 5490
f 5491 5492 5493
f 5494 5495 5496
f 5497 5498 5499
f 5500 5501 5502
f 5503 5504 5505
f 5506 5507 5508
f 5509 5510 5511
f 5512 5513 5514
f 5515 5516 5517
f 5518 5519 5520
f 5521 5522 5523
f 5524 5525 5526
f 5527 5528 5529
f 5530 5531 5532
f 5533 5534 5535
f 5536 5537 5538
f 5539 5540 5541
f 5542 5543 5544
f 5545 5546 5547
f 5548 5549 5550
f 5551 5552 5553
f 5554 5555 5556
f 5557 5558 5559
f 5560 5561 5562
f 5563 5564 5565
f 5566 5567 5568
f 5569 5570 5571
f 5572 5573 5574
f 5575 5576 5577
f 5578 5579 5580
f 5581 5582 5583
f 5584 5585 5586
f 5587 5588 5589
f 5590 5591 5592
f 5593 5594 5595
f 5596 5597 5598
f 5599 5600 5601
f 5602 5603 5604
f 5605 5606 5607
f 5608 5609 5610
f 5611 5612 5613
f 5614 5615 5616
f 5617 5618 5619
f 5620 5621 5622
f 5623 5624 5625
f 5626 5627 5628
f 5629 5630 5631
f 5632 5633 5634
f 5635 5636 5637
f 5638 5639 5640
f 5641 5642 5643
f 5644 5645 5646
f 5647 5648 5649
f 5650 5651 5652
f 5653 5654 5655
f 5656 5657 5658
f 5659 5660 5661
f 5662 5663 5664
f 5665 5666 5667
f 5668 5669 5670
f 5671 5672 5673
f 5674 5675 5676
f 5677 5678 5679
f 5680 5681 5682
f 5683 5684 5685
f 5686 5687 5688
f 5689 5690 5691
f 5692 5693 5694
f 5695 5696 5697
f 5698 5699 5700
f 5701 5702 5703
f 5704 5705 5706
f 5707 5708 5709
f 5710 5711 5712
f 5713 5714 5715
f 5716 5717 5718
f 5719 5720 5721
f 5722 5723 5724
f 5725 5726 5727
f 5728 5729 5730
f 5731 5732 5733
f 5734 5735 5736
f 5737 5738 5739
f 5740 5741 5742
f 5743 5744 5745
f 5746 5747 5748
f 5749 5750 5751
f 5752 5753 5754
f 5755 5756 5757
f 5758 5759 5760
f 5761 5762 5763
f 5764 5765 5766
f 5767 5768 5769
f 5770 5771 5772
f 5773 5774 5775
f 5776 5777 5778
f 5779 5780 5781
f 5782 5783 5784
f 5785 5786 5787
f 5788 5789 5790
f 5791 5792 5793
f 5794 5795 5796
f 5797 5798 5799
f 5800 5801 5802
f 5803 5804 5805
f 5806 5807 5808
f 5809 5810 5811
f 5812 5813 5814
f 5815 5816 5817
f 5818 5819 5820
f 5821 5822 5823
f 5824 5825 5826
f 5827 5828 5829
f 5830 5831 5832
f 5833 5834 5835
f 5836 5837 5838
f 5839 5840 5841
f 5842 5843 5844
f 5845 5846 5847
f 5848 5849 5850
f 5851 5852 5853
f 5854 5855 5856
f 5857 5858 5859
f 5860 5861 5862
f 5863 5864 5865
f 5866 5867 5868
f 5869 5870 5871
f 5872 5873 5874
f 5875 5876 5877
f 5878 5879 5880
f 5881 5882 5883
f 5884 5885 5886
f 5887 5888 5889
f 5890 5891 5892
f 5893 5894 5895
f 5896 5897 5898
f 5899 5900 5901
f 5902 5903 5904
f 5905 5906 5907
f 5908 5909 5910
f 5911 5912 5913
f 5914 5915 5916
f 5917 5918 5919
f 5920 5921 5922
f 5923 5924 5925
f 5926 5927 5928
f 5929 5930 5931
f 5932 5933 5934
f 5935 5936 5937
f 5938 5939 5940
f 5941 5942 5943
f 5944 5945 5946
f 5947 5948 5949
f 5950 5951 5952
f 5953 5954 5955
f 5956 5957 5958
f 5959 5960 5961
f 5962 5963 5964
f 5965 5966 5967
f 5968 5969 5970
f 5971 5972 5973
f 5974 5975 5976
f 5977 5978 5979
f 5980 5981 5982
f 5983 5984 5985
f 5986 5987 5988
f 5989 5990 5991
f 5992 5993 5994
f 5995 5996 5997
f 5998 5999 6000
f 6001 6002 6003
f 6004 6005 6006
f 6007 6008 6009
f 6010 6011 6012
f 6013 6014 6015
f 6016 6017 6018
f 6019 6020 6021
f 6022 6023 6024
f 6025 6026 6027
f 6028 6029 6030
f 6031 6032 6033
f 6034 6035 6036
f 6037 6038 6039
f 6040 6041 6042
f 6043 6044 6045
f 6046 6047 6048
f 6049 6050 6051
f 6052 6053 6054
f 6055 6056 6057
f 6058 6059 6060
f 6061 6062 6063
f 6064 6065 6066
f 6067 6068 6069
f 6070 6071 6072
f 6073 6074 6075
f 6076 6077 6078
f 6079 6080 6081
f 6082 6083 6084
f 6085 6086 6087
f 6088 6089 6090
f 6091 6092 6093
f 6094 6095 6096
f 6097 6098 6099
f 6100 6101 6102
f 6103 6104 6105
f 6106 6107 6108
f 6109 6110 6111
f 6112 6113 6114
f 6115 6116 6117
f 6118 6119 6120
f 6121 6122 6123
f 6124 6125 6126
f 6127 6128 6129
f 6130 6131 6132
f 6133 6134 6135
f 6136 6137 6138
f 6139 6140 6141
f 6142 6143 6144
f 6145 6146 6147
f 6148 6149 6150
f 6151 6152 6153
f 6154 6155 6156
f 6157 6158 6159
f 6160 6161 6162
f 6163 6164 6165
f 6166 6167 6168
f 6169 6170 6171
f 6172 6173 6174
f 6175 6176 6177
f 6178 6179 6180
f 6181 6182 6183
f 6184 6185 6186
f 6187 6188 6189
f 6190 6191 6192
f 6193 6194 6195
f 6196 6197 6198
f 6199 6200 6201
f 6202 6203 6204
f 6205 6206 6207
f 6208 6209 6210
f 6211 6212 6213
f 6214 6215 6216
f 6217 6218 6219
f 6220 6221 6222
f 6223 6224 6225
f 6226 6227 6228
f 6229 6230 6231
f 6232 6233 6234
f 6235 6236 6237
f 6238 6239 6240
f 6241 6242 6243
f 6244 6245 6246
f 6247 6248 6249
f 6250 6251 6252
f 6253 6254 6255
f 6256 6257 6258
f 6259 6260 6261
f 6262 6263 6264
f 6265 6266 6267
f 6268 6269 6270
f 6271 6272 6273
f 6274 6275 6276
f 6277 6278 6279
f 6280 6281 6282
f 6283 6284 6285
f 6286 6287 6288
f 6289 6290 6291
f 6292 6293 6294
f 6295 6296 6297
f 6298 6299 6300
f 6301 6302 6303
f 6304 6305 6306
f 6307 6308 6309
f 6310 6311 6312
f 6313 6314 6315
f 6316 6317 6318
f 6319 6320 6321
f 6322 6323 6324
f 6325 6326 6327
f 6328 6329 6330
f 6331 6332 6333
f 6334 6335 6336
f 6337 6338 6339
f 6340 6341 6342
f 6343 6344 6345
f 6346 6347 6348
f 6349 6350 6351
f 6352 6353 6354
f 6355 6356 6357
f 6358 6359 6360
f 6361 6362 6363
f 6364 6365 6366
f 6367 6368 6369
f 6370 6371 6372
f 6373 6374 6375
f 6376 6377 6378
f 6379 6380 6381
f 6382 6383 6384
f 6385 6386 6387
f 6388 6389 6390
f 6391 6392 6393
f 6394 6395 6396
f 6397 6398 6399
f 6400 6401 6402
f 6403 6404 6405
f 6406 6407 6408
f 6409 6410 6411
f 6412 6413 6414
f 6415 6416 6417
f 6418 6419 6420
f 6421 6422 6423
f 6424 6425 6426
f 6427 6428 6429
f 6430 6431 6432
f 6433 6434 6435
f 6436 6437 6438
f 6439 6440 6441
f 6442 6443 6444
f 6445 6446 6447
f 6448 6449 6450
f 6451 6452 6453
f 6454 6455 6456
f 6457 6458 6459
f 6460 6461 6462
f 6463 6464 6465
f 6466 6467 6468
f 6469 6470 6471
f 6472 6473 6474
f 6475 6476 6477
f 6478 6479 6480
f 6481 6482 6483
f 6484 6485 6486
f 6487 6488 6489
f 6490 6491 6492
f 6493 6494 6495
f 6496 6497 6498
f 6499 6500 6501
f 6502 6503 6504
f 6505 6506 6507
f 6508 6509 6510
f 6511 6512 6513
f 6514 6515 6516
f 6517 6518 6519
f 6520 6521 6522
f 6523 6524 6525
f 6526 6527 6528
f 6529 6530 6531
f 6532 6533 6534
f 6535 6536 6537
f 6538 6539 6540
f 6541 6542 6543
f 6544 6545 6546
f 6547 6548 6549
f 6550 6551 6552
f 6553 6554 6555
f 6556 6557 6558
f 6559 6560 6561
f 6562 6563 6564
f 6565 6566 6567
f 6568 6569 6570
f 6571 6572 6573
f 6574 6575 6576
f 6577 6578 6579
f 6580 6581 6582
f 6583 6584 6585
f 6586 6587 6588
f 6589 6590 6591
f 6592 6593 6594
f 6595 6596 6597
f 6598 6599 6600
f 6601 6602 6603
f 6604 6605 6606
f 6607 6608 6609
f 6610 6611 6612
f 6613 6614 6615
f 6616 6617 6618
f 6619 6620 6621
f 6622 6623 6624
f 6625 6626 6627
f 6628 6629 6630
f 6631 6632 6633
f 6634 6635 6636
f 6637 6638 6639
f 6640 6641 6642
f 6643 6644 6645
f 6646 6647 6648
f 6649 6650 6651
f 6652 6653 6654
f 6655 6656 6657
f 6658 6659 6660
f 6661 6662 6663
f 6664 6665 6666
f 6667 6668 6669
f 6670 6671 6672
f 6673 6674 6675
f 6676 6677 6678
f 6679 6680 6681
f 6682 6683 6684
f 6685 6686 6687
f 6688 6689 6690
f 6691 6692 6693
f 6694 6695 6696
f 6697 6698 6699
f 6700 6701 6702
f 6703 6704 6705
f 6706 6707 6708
f 6709 6710 6711
f 6712 6713 6714
f 6715 6716 6717
f 6718 6719 6720
f 6721 6722 6723
f 6724 6725 6726
f 6727 6728 6729
f 6730 6731 6732
f 6733 6734 6735
f 6736 6737 6738
f 6739 6740 6741
f 6742 6743 6744
f 6745 6746 6747
f 6748 6749 6750
f 6751 6752 6753
f 6754 6755 6756
f 6757 6758 6759
f 6760 6761 6762
f 6763 6764 6765
f 6766 6767 6768
f 6769 6770 6771
f 6772 6773 6774
f 6775 6776 6777
f 6778 6779 6780
f 6781 6782 6783
f 6784 6785 6786
f 6787 6788 6789
f 6790 6791 6792
f 6793 6794 6795
f 6796 6797 6798
f 6799 6800 6801
f 6802 6803 6804
f 6805 6806 6807
f 6808 6809 6810
f 6811 6812 6813
f 6814 6815 6816
f 6817 6818 6819
f 6820 6821 6822
f 6823 6824 6825
f 6826 6827 6828
f 6829 6830 6831
f 6832 6833 6834
f 6835 6836 6837
f 6838 6839 6840
f 6841 6842 6843
f 6844 6845 6846
f 6847 6848 6849
f 6850 6851 6852
f 6853 6854 6855
f 6856 6857 6858
f 6859 6860 6861
f 6862 6863 6864
f 6865 6866 6867
f 6868 6869 6870
f 6871 6872 6873
f 6874 6875 6876
f 6877 6878 6879
f 6880 6881 6882
f 6883 6884 6885
f 6886 6887 6888
f 6889 6890 6891
f 6892 6893 6894
f 6895 6896 6897
f 6898 6899 6900
f 6901 6902 6903
f 6904 6905 6906
f 6907 6908 6909
f 6910 6911 6912
f 6913 6914 6915
f 6916 6917 6918
f 6919 6920 6921
f 6922 6923 6924
f 6925 6926 6927
f 6928 6929 6930
f 6931 6932 6933
f 6934 6935 6936
f 6937 6938 6939
f 6940 6941 6942
f 6943 6944 6945
f 6946 6947 6948
f 6949 6950 6951
f 6952 6953 6954
f 6955 6956 6957
f 6958 6959 6960
f 6961 6962 6963
f 6964 6965 6966
f 6967 6968 6969
f 6970 6971 6972
f 6973 6974 6975
f 6976 6977 6978
f 6979 6980 6981
f 6982 6983 6984
f 6985 6986 6987
f 6988 6989 6990
f 6991 6992 6993
f 6994 6995 6996
f 6997 6998 6999
f 7000 7001 7002
f 7003 7004 7005
f 7006 7007 7008
f 7009 7010 7011
f 7012 7013 7014
f 7015 7016 7017
f 7018 7019 7020
f 7021 7022 7023
f 7024 7025 7026
f 7027 7028 7029
f 7030 7031 7032
f 7033 7034 7035
f 7036 7037 7038
f 7039 7040 7041
f 7042 7043 7044
f 7045 7046 7047
f 7048 7049 7050
f 7051 7052 7053
f 7054 7055 7056
f 7057 7058 7059
f 7060 7061 7062
f 7063 7064 7065
f 7066 7067 7068
f 7069 7070 7071
f 7072 7073 7074
f 7075 7076 7077
f 7078 7079 7080
f 7081 7082 7083
f 7084 7085 7086
f 7087 7088 7089
f 7090 7091 7092
f 7093 7094 7095
f 7096 7097 7098
f 7099 7100 7101
f 7102 7103 7104
f 7105 7106 7107
f 7108 7109 7110
f 7111 7112 7113
f 7114 7115 7116
f 7117 7118 7119
f 7120 7121 7122
f 7123 7124 7125
f 7126 7127 7128
f 7129 7130 7131
f 7132 7133 7134
f 7135 7136 7137
f 7138 7139 7140
f 7141 7142 7143
f 7144 7145 7146
f 7147 7148 7149
f 7150 7151 7152
f 7153 7154 7155
f 7156 7157 7158
f 7159 7160 7161
f 7162 7163 7164
f 7165 7166 7167
f 7168 7169 7170
f 7171 7172 7173
f 7174 7175 7176
f 7177 7178 7179
f 7180 7181 7182
f 7183 7184 7185
f 7186 7187 7188
f 7189 7190 7191
f 7192 7193 7194
f 7195 7196 7197
f 7198 7199 7200
f 7201 7202 7203
f 7204 7205 7206
f 7207 7208 7209
f 7210 7211 7212
f 7213 7214 7215
f 7216 7217 7218
f 7219 7220 7221
f 7222 7223 7224
f 7225 7226 7227
f 7228 7229 7230
f 7231 7232 7233
f 7234 7235 7236
f 7237 7238 7239
f 7240 7241 7242
f 7243 7244 7245
f 7246 7247 7248
f 7249 7250 7251
f 7252 7253 7254
f 7255 7256 7257
f 7258 7259 7260
f 7261 7262 7263
f 7264 7265 7266
f 7267 7268 7269
f 7270 7271 7272
f 7273 7274 7275
f 7276 7277 7278
f 7279 7280 7281
f 7282 7283 7284
f 7285 7286 7287
f 7288 7289 7290
f 7291 7292 7293
f 7294 7295 7296
f 7297 7298 7299
f 7300 7301 7302
f 7303 7304 7305
f 7306 7307 7308
f 7309 7310 7311
f 7312 7313 7314
f 7315 7316 7317
f 7318 7319 7320
f 7321 7322 7323
f 7324 7325 7326
f 7327 7328 7329
f 7330 7331 7332
f 7333 7334 7335
f 7336 7337 7338
f 7339 7340 7341
f 7342 7343 7344
f 7345 7346 7347
f 7348 7349 7350
f 7351 7352 7353
f 7354 7355 7356
f 7357 7358 7359
f 7360 7361 7362
f 7363 7364 7365
f 7366 7367 7368
f 7369 7370 7371
f 7372 7373 7374
f 7375 7376 7377
f 7378 7379 7380
f 7381 7382 7383
f 7384 7385 7386
f 7387 7388 7389
f 7390 7391 7392
f 7393 7394 7395
f 7396 7397 7398
f 7399 7400 7401
f 7402 7403 7404
f 7405 7406 7407
f 7408 7409 7410
f 7411 7412 7413
f 7414 7415 7416
f 7417 7418 7419
f 7420 7421 7422
f 7423 7424 7425
f 7426 7427 7428
f 7429 7430 7431
f 7432 7433 7434
f 7435 7436 7437
f 7438 7439 7440
f 7441 7442 7443
f 7444 7445 7446
f 7447 7448 7449
f 7450 7451 7452
f 7453 7454 7455
f 7456 7457 7458
f 7459 7460 7461
f 7462 7463 7464
f 7465 7466 7467
f 7468 7469 7470
f 7471 7472 7473
f 7474 7475 7476
f 7477 7478 7479
f 7480 7481 7482
f 7483 7484 7485
f 7486 7487 7488
f 7489 7490 7491
f 7492 7493 7494
f 7495 7496 7497
f 7498 7499 7500
f 7501 7502 7503
f 7504 7505 7506
f 7507 7508 7509
f 7510 7511 7512
f 7513 7514 7515
f 7516 7517 7518
f 7519 7520 7521
f 7522 7523 7524
f 7525 7526 7527
f 7528 7529 7530
f 7531 7532 7533
f 7534 7535 7536
f 7537 7538 7539
f 7540 7541 7542
f 7543 7544 7545
f 7546 7547 7548
f 7549 7550 7551
f 7552 7553 7554
f 7555 7556 7557
f 7558 7559 7560
f 7561 7562 7563
f 7564 7565 7566
f 7567 7568 7569
f 7570 7571 7572
f 7573 7574 7575
f 7576 7577 7578
f 7579 7580 7581
f 7582 7583 7584
f 7585 7586 7587
f 7588 7589 7590
f 7591 7592 7593
f 7594 7595 7596
f 7597 7598 7599
f 7600 7601 7602
f 7603 7604 7605
f 7606 7607 7608
f 7609 7610 7611
f 7612 7613 7614
f 7615 7616 7617
f 7618 7619 7620
f 7621 7622 7623
f 7624 7625 7626
f 7627 7628 7629
f 7630 7631 7632
f 7633 7634 7635
f 7636 7637 7638
f 7639 7640 7641
f 7642 7643 7644
f 7645 7646 7647
f 7648 7649 7650
f 7651 7652 7653
f 7654 7655 7656
f 7657 7658 7659
f 7660 7661 7662
f 7663 7664 7665
f 7666 7667 7668
f 7669 7670 7671
f 7672 7673 7674
f 7675 7676 7677
f 7678 7679 7680
f 7681 7682 7683
f 7684 7685 7686
f 7687 7688 7689
f 7690 7691 7692
f 7693 7694 7695
f 7696 7697 7698
f 7699 7700 7701
f 7702 7703 7704
f 7705 7706 7707
f 7708 7709 7710
f 7711 7712 7713
f 7714 7715 7716
f 7717 7718 7719
f 7720 7721 7722
f 7723 7724 7725
f 7726 7727 7728
f 7729 7730 7731
f 7732 7733 7734
f 7735 7736 7737
f 7738 7739 7740
f 7741 7742 7743
f 7744 7745 7746
f 7747 7748 7749
f 7750 7751 7752
f 7753 7754 7755
f 7756 7757 7758
f 7759 7760 7761
f 7762 7763 7764
f 7765 7766 7767
f 7768 7769 7770
f 7771 7772 7773
f 7774 7775 7776
f 7777 7778 7779
f 7780 7781 7782
f 7783 7784 7785
f 7786 7787 7788
f 7789 7790 7791
f 7792 7793 7794
f 7795 7796 7797
f 7798 7799 7800
f 7801 7802 7803
f 7804 7805 7806
f 7807 7808 7809
f 7810 7811 7812
f 7813 7814 7815
f 7816 7817 7818
f 7819 7820 7821
f 7822 7823 7824
f 7825 7826 7827
f 7828 7829 7830
f 7831 7832 7833
f 7834 7835 7836
f 7837 7838 7839
f 7840 7841 7842
f 7843 7844 7845
f 7846 7847 7848
f 7849 7850 7851
f 7852 7853 7854
f 7855 7856 7857
f 7858 7859 7860
f 7861 7862 7863
f 7864 7865 7866
f 7867 7868 7869
f 7870 7871 7872
f 7873 7874 7875
f 7876 7877 7878
f 7879 7880 7881
f 7882 7883 7884
f 7885 7886 7887
f 7888 7889 7890
f 7891 7892 7893
f 7894 7895 7896
f 7897 7898 7899
f 7900 7901 7902
f 7903 7904 7905
f 7906 7907 7908
f 7909 7910 7911
f 7912 7913 7914
f 7915 7916 7917
f 7918 7919 7920
f 7921 7922 7923
f 7924 7925 7926
f 7927 7928 7929
f 7930 7931 7932
f 7933 7934 7935
f 7936 7937 7938
f 7939 7940 7941
f 7942 7943 7944
f 7945 7946 7947
f 7948 7949 7950
f 7951 7952 7953
f 7954 7955 7956
f 7957 7958 7959
f 7960 7961 7962
f 7963 7964 7965
f 7966 7967 7968
f 7969 7970 7971
f 7972 7973 7974
f 7975 7976 7977
f 7978 7979 7980
f 7981 7982 7983
f 7984 7985 7986
f 7987 7988 7989
f 7990 7991 7992
f 7993 7994 7995
f 7996 7997 7998
f 7999 8000 8001
f 8002 8003 8004
f 8005 8006 8007
f 8008 8009 8010
f 8011 8012 8013
f 8014 8015 8016
f 8017 8018 8019
f 8020 8021 8022
f 8023 8024 8025
f 8026 8027 8028
f 8029 8030 8031
f 8032 8033 8034
f 8035 8036 8037
f 8038 8039 8040
f 8041 8042 8043
f 8044 8045 8046
f 8047 8048 8049
f 8050 8051 8052
f 8053 8054 8055
f 8056 8057 8058
f 8059 8060 8061
f 8062 8063 8064
f 8065 8066 8067
f 8068 8069 8070
f 8071 8072 8073
f 8074 8075 8076
f 8077 8078 8079
f 8080 8081 8082
f 8083 8084 8085
f 8086 8087 8088
f 8089 8090 8091
f 8092 8093 8094
f 8095 8096 8097
f 8098 8099 8100
f 8101 8102 8103
f 8104 8105 8106
f 8107 8108 8109
f 8110 8111 8112
f 8113 8114 8115
f 8116 8117 8118
f 8119 8120 8121
f 8122 8123 8124
f 8125 8126 8127
f 8128 8129 8130
f 8131 8132 8133
f 8134 8135 8136
f 8137 8138 8139
f 8140 8141 8142
f 8143 8144 8145
f 8146 8147 8148
f 8149 8150 8151
f 8152 8153 8154
f 8155 8156 8157
f 8158 8159 8160
f 8161 8162 8163
f 8164 8165 8166
f 8167 8168 8169
f 8170 8171 8172
f 8173 8174 8175
f 8176 8177 8178
f 8179 8180 8181
f 8182 8183 8184
f 8185 8186 8187
f 8188 8189 8190
f 8191 8192 8193
f 8194 8195 8196
f 8197 8198 8199
f 8200 8201 8202
f 8203 8204 8205
f 8206 8207 8208
f 8209 8210 8211
f 8212 8213 8214
f 8215 8216 8217
f 8218 8219 8220
f 8221 8222 8223
f 8224 8225 8226
f 8227 8228 8229
f 8230 8231 8232
f 8233 8234 8235
f 8236 8237 8238
f 8239 8240 8241
f 8242 8243 8244
f 8245 8246 8247
f 8248 8249 8250
f 8251 8252 8253
f 8254 8255 8256
f 8257 8258 8259
f 8260 8261 8262
f 8263 8264 8265
f 8266 8267 8268
f 8269 8270 8271
f 8272 8273 8274
f 8275 8276 8277
f 8278 8279 8280
f 8281 8282 8283
f 8284 8285 8286
f 8287 8288 8289
f 8290 8291 8292
f 8293 8294 8295
f 8296 8297 8298
f 8299 8300 8301
f 8302 8303 8304
f 8305 8306 8307
f 8308 8309 8310
f 8311 8312 8313
f 8314 8315 8316
f 8317 8318 8319
f 8320 8321 8322
f 8323 8324 8325
f 8326 8327 8328
f 8329 8330 8331
f 8332 8333 8334
f 8335 8336 8337
f 8338 8339 8340
f 8341 8342 8343
f 8344 8345 8346
f 8347 8348 8349
f 8350 8351 8352
f 8353 8354 8355
f 8356 8357 8358
f 8359 8360 8361
f 8362 8363 8364
f 8365 8366 8367
f 8368 8369 8370
f 8371 8372 8373
f 8374 8375 8376
f 8377 8378 8379
f 8380 8381 8382
f 8383 8384 8385
f 8386 8387 8388
f 8389 8390 8391
f 8392 8393 8394
f 8395 8396 8397
f 8398 8399 8400
f 8401 8402 8403
f 8404 8405 8406
f 8407 8408 8409
f 8410 8411 8412
f 8413 8414 8415
f 8416 8417 8418
f 8419 8420 8421
f 8422 8423 8424
f 8425 8426 8427
f 8428 8429 8430
f 8431 8432 8433
f 8434 8435 8436
f 8437 8438 8439
f 8440 8441 8442
f 8443 8444 8445
f 8446 8447 8448
f 8449 8450 8451
f 8452 8453 8454
f 8455 8456 8457
f 8458 8459 8460
f 8461 8462 8463
f 8464 8465 8466
f 8467 8468 8469
f 8470 8471 8472
f 8473 8474 8475
f 8476 8477 8478
f 8479 8480 8481
f 8482 8483 8484
f 8485 8486 8487
f 8488 8489 8490
f 8491 8492 8493
f 8494 8495 8496
f 8497 8498 8499
f 8500 8501 8502
f 8503 8504 8505
f 8506 8507 8508
f 8509 8510 8511
f 8512 8513 8514
f 8515 8516 8517
f 8518 8519 8520
f 8521 8522 8523
f 8524 8525 8526
f 8527 8528 8529
f 8530 8531 8532
f 8533 8534 8535
f 8536 8537 8538
f 8539 8540 8541
f 8542 8543 8544
f 8545 8546 8547
f 8548 8549 8550
f 8551 8552 8553
f 8554 8555 8556
f 8557 8558 8559
f 8560 8561 8562
f 8563 8564 8565
f 8566 8567 8568
f 8569 8570 8571
f 8572 8573 8574
f 8575 8576 8577
f 8578 8579 8580
f 8581 8582 8583
f 8584 8585 8586
f 8587 8588 8589
f 8590 8591 8592
f 8593 8594 8595
f 8596 8597 8598
f 8599 8600 8601
f 8602 8603 8604
f 8605 8606 8607
f 8608 8609 8610
f 8611 8612 8613
f 8614 8615 8616
f 8617 8618 8619
f 8620 8621 8622
f 8623 8624 8625
f 8626 8627 8628
f 8629 8630 8631
f 8632 8633 8634
f 8635 8636 8637
f 8638 8639 8640
f 8641 8642 8643
f 8644 8645 8646
f 8647 8648 8649
f 8650 8651 8652
f 8653 8654 8655
f 8656 8657 8658
f 8659 8660 8661
f 8662 8663 8664
f 8665 8666 8667
f 8668 8669 8670
f 8671 8672 8673
f 8674 8675 8676
f 8677 8678 8679
f 8680 8681 8682
f 8683 8684 8685
f 8686 8687 8688
f 8689 8690 8691
f 8692 8693 8694
f 8695 8696 8697
f 8698 8699 8700
f 8701 8702 8703
f 8704 8705 8706
f 8707 8708 8709
f 8710 8711 8712
f 8713 8714 8715
f 8716 8717 8718
f 8719 8720 8721
f 8722 8723 8724
f 8725 8726 8727
f 8728 8729 8730
f 8731 8732 8733
f 8734 8735 8736
f 8737 8738 8739
f 8740 8741 8742
f 8743 8744 8745
f 8746 8747 8748
f 8749 8750 8751
f 8752 8753 8754
f 8755 8756 8757
f 8758 8759 8760
f 8761 8762 8763
f 8764 8765 8766
f 8767 8768 8769
f 8770 8771 8772
f 8773 8774 8775
f 8776 8777 8778
f 8779 8780 8781
f 8782 8783 8784
f 8785 8786 8787
f 8788 8789 8790
f 8791 8792 8793
f 8794 8795 8796
f 8797 8798 8799
f 8800 8801 8802
f 8803 8804 8805
f 8806 8807 8808
f 8809 8810 8811
f 8812 8813 8814
f 8815 8816 8817
f 8818 8819 8820
f 8821 8822 8823
f 8824 8825 8826
f 8827 8828 8829
f 8830 8831 8832
f 8833 8834 8835
f 8836 8837 8838
f 8839 8840 8841
f 8842 8843 8844
f 8845 8846 8847
f 8848 8849 8850
f 8851 8852 8853
f 8854 8855 8856
f 8857 8858 8859
f 8860 8861 8862
f 8863 8864 8865
f 8866 8867 8868
f 8869 8870 8871
f 8872 8873 8874
f 8875 8876 8877
f 8878 8879 8880
f 8881 8882 8883
f 8884 8885 8886
f 8887 8888 8889
f 8890 8891 8892
f 8893 8894 8895
f 8896 8897 8898
f 8899 8900 8901
f 8902 8903 8904
f 8905 8906 8907
f 8908 8909 8910
f 8911 8912 8913
f 8914 8915 8916
f 8917 8918 8919
f 8920 8921 8922
f 8923 8924 8925
f 8926 8927 8928
f 8929 8930 8931
f 8932 8933 8934
f 8935 8936 8937
f 8938 8939 8940
f 8941 8942 8943
f 8944 8945 8946
f 8947 8948 8949
f 8950 8951 8952
f 8953 8954 8955
f 8956 8957 8958
f 8959 8960 8961
f 8962 8963 8964
f 8965 8966 8967
f 8968 8969 8970
f 8971 8972 8973
f 8974 8975 8976
f 8977 8978 8979
f 8980 8981 8982
f 8983 8984 8985
f 8986 8987 8988
f 8989 8990 8991
f 8992 8993 8994
f 8995 8996 8997
f 8998 8999 9000
f 9001 9002 9003
f 9004 9005 9006
f 9007 9008 9009
f 9010 9011 9012
f 9013 9014 9015
f 9016 9017 9018
f 9019 9020 9021
f 9022 9023 9024
f 9025 9026 9027
f 9028 9029 9030
f 9031 9032 9033
f 9034 9035 9036
f 9037 9038 9039
f 9040 9041 9042
f 9043 9044 9045
f 9046 9047 9048
f 9049 9050 9051
f 9052 9053 9054
f 9055 9056 9057
f 9058 9059 9060
f 9061 9062 9063
f 9064 9065 9066
f 9067 9068 9069
f 9070 9071 9072
f 9073 9074 9075
f 9076 9077 9078
f 9079 9080 9081
f 9082 9083 9084
f 9085 9086 9087
f 9088 9089 9090
f 9091 9092 9093
f 9094 9095 9096
f 9097 9098 9099
f 9100 9101 9102
f 9103 9104 9105
f 9106 9107 9108
f 9109 9110 9111
f 9112 9113 9114
f 9115 9116 9117
f 9118 9119 9120
f 9121 9122 9123
f 9124 9125 9126
f 9127 9128 9129
f 9130 9131 9132
f 9133 9134 9135
f 9136 9137 9138
f 9139 9140 9141
f 9142 9143 9144
f 9145 9146 9147
f 9148 9149 9150
f 9151 9152 9153
f 9154 9155 9156
f 9157 9158 9159
f 9160 9161 9162
f 9163 9164 9165
f 9166 9167 9168
f 9169 9170 9171
f 9172 9173 9174
f 9175 9176 9177
f 9178 9179 9180
f 9181 9182 9183
f 9184 9185 9186
f 9187 9188 9189
f 9190 9191 9192
f 9193 9194 9195
f 9196 9197 9198
f 9199 9200 9201
f 9202 9203 9204
f 9205 9206 9207
f 9208 9209 9210
f 9211 9212 9213
f 9214 9215 9216
f 9217 9218 9219
f 9220 9221 9222
f 9223 9224 9225
f 9226 9227 9228
f 9229 9230 9231
f 9232 9233 9234
f 9235 9236 9237
f 9238 9239 9240
f 9241 9242 9243
f 9244 9245 9246
f 9247 9248 9249
f 9250 9251 9252
f 9253 9254 9255
f 9256 9257 9258
f 9259 9260 9261
f 9262 9263 9264
f 9265 9266 9267
f 9268 9269 9270
f 9271 9272 9273
f 9274 9275 9276
f 9277 9278 9279
f 9280 9281 9282
f 9283 9284 9285
f 9286 9287 9288
f 9289 9290 9291
f 9292 9293 9294
f 9295 9296 9297
f 9298 9299 9300
f 9301 9302 9303
f 9304 9305 9306
f 9307 9308 9309
f 9310 9311 9312
f 9313 9314 9315
f 9316 9317 9318
f 9319 9320 9321
f 9322 9323 9324
f 9325 9326 9327
f 9328 9329 9330
f 9331 9332 9333
f 9334 9335 9336
f 9337 9338 9339
f 9340 9341 9342
f 9343 9344 9345
f 9346 9347 9348
f 9349 9350 9351
f 9352 9353 9354
f 9355 9356 9357
f 9358 9359 9360
f 9361 9362 9363
f 9364 9365 9366
f 9367 9368 9369
f 9370 9371 9372
f 9373 9374 9375
f 9376 9377 9378
f 9379 9380 9381
f 9382 9383 9384
f 9385 9386 9387
f 9388 9389 9390
f 9391 9392 9393
f 9394 9395 9396
f 9397 9398 9399
f 9400 9401 9402
f 9403 9404 9405
f 9406 9407 9408
f 9409 9410 9411
f 9412 9413 9414
f 9415 9416 9417
f 9418 9419 9420
f 9421 9422 9423
f 9424 9425 9426
f 9427 9428 9429
f 9430 9431 9432
f 9433 9434 9435
f 9436 9437 9438
f 9439 9440 9441
f 9442 9443 9444
f 9445 9446 9447
f 9448 9449 9450
f 9451 9452 9453
f 9454 9455 9456
f 9457 9458 9459
f 9460 9461 9462
f 9463 9464 9465
f 9466 9467 9468
f 9469 9470 9471
f 9472 9473 9474
f 9475 9476 9477
f 9478 9479 9480
f 9481 9482 9483
f 9484 9485 9486
f 9487 9488 9489
f 9490 9491 9492
f 9493 9494 9495
f 9496 9497 9498
f 9499 9500 9501
f 9502 9503 9504
f 9505 9506 9507
f 9508 9509 9510
f 9511 9512 9513
f 9514 9515 9516
f 9517 9518 9519
f 9520 9521 9522
f 9523 9524 9525
f 9526 9527 9528
f 9529 9530 9531
f 9532 9533 9534
f 9535 9536 9537
f 9538 9539 9540
f 9541 9542 9543
f 9544 9545 9546
f 9547 9548 9549
f 9550 9551 9552
f 9553 9554 9555
f 9556 9557 9558
f 9559 9560 9561
f 9562 9563 9564
f 9565 9566 9567
f 9568 9569 9570
f 9571 9572 9573
f 9574 9575 9576
f 9577 9578 9579
f 9580 9581 9582
f 9583 9584 9585
f 9586 9587 9588
f 9589 9590 9591
f 9592 9593 9594
f 9595 9596 9597
f 9598 9599 9600
f 9601 9602 9603
f 9604 9605 9606
f 9607 9608 9609
f 9610 9611 9612
f 9613 9614 9615
f 9616 9617 9618
f 9619 9620 9621
f 9622 9623 9624
f 9625 9626 9627
f 9628 9629 9630
f 9631 9632 9633
f 9634 9635 9636
f 9637 9638 9639
f 9640 9641 9642
f 9643 9644 9645
f 9646 9647 9648
f 9649 9650 9651
f 9652 9653 9654
f 9655 9656 9657
f 9658 9659 9660
f 9661 9662 9663
f 9664 9665 9666
f 9667 9668 9669
f 9670 9671 9672
f 9673 9674 9675
f 9676 9677 9678
f 9679 9680 9681
f 9682 9683 9684
f 9685 9686 9687
f 9688 9689 9690
f 9691 9692 9693
f 9694 9695 9696
f 9697 9698 9699
f 9700 9701 9702
f 9703 9704 9705
f 9706 9707 9708
f 9709 9710 9711
f 9712 9713 9714
f 9715 9716 9717
f 9718 9719 9720
f 9721 9722 9723
f 9724 9725 9726
f 9727 9728 9729
f 9730 9731 9732
f 9733 9734 9735
f 9736 9737 9738
f 9739 9740 9741
f 9742 9743 9744
f 9745 9746 9747
f 9748 9749 9750
f 9751 9752 9753
f 9754 9755 9756
f 9757 9758 9759
f 9760 9761 9762
f 9763 9764 9765
f 9766 9767 9768
f 9769 9770 9771
f 9772 9773 9774
f 9775 9776 9777
f 9778 9779 9780
f 9781 9782 9783
f 9784 9785 9786
f 9787 9788 9789
f 9790 9791 9792
f 9793 9794 9795
f 9796 9797 9798
f 9799 9800 9801
f 9802 9803 9804
f 9805 9806 9807
f 9808 9809 9810
f 9811 9812 9813
f 9814 9815 9816
f 9817 9818 9819
f 9820 9821 9822
f 9823 9824 9825
f 9826 9827 9828
f 9829 9830 9831
f 9832 9833 9834
f 9835 9836 9837
f 9838 9839 9840
f 9841 9842 9843
f 9844 9845 9846
f 9847 9848 9849
f 9850 9851 9852
f 9853 9854 9855
f 9856 9857 9858
f 9859 9860 9861
f 9862 9863 9864
f 9865 9866 9867
f 9868 9869 9870
f 9871 9872 9873
f 9874 9875 9876
f 9877 9878 9879
f 9880 9881 9882
f 9883 9884 9885
f 9886 9887 9888
f 9889 9890 9891
f 9892 9893 9894
f 9895 9896 9897
f 9898 9899 9900
f 9901 9902 9903
f 9904 9905 9906
f 9907 9908 9909
f 9910 9911 9912
f 9913 9914 9915
f 9916 9917 9918
f 9919 9920 9921
f 9922 9923 9924
f 9925 9926 9927
f 9928 9929 9930
f 9931 9932 9933
f 9934 9935 9936
f 9937 9938 9939
f 9940 9941 9942
f 9943 9944 9945
f 9946 9947 9948
f 9949 9950 9951
f 9952 9953 9954
f 9955 9956 9957
f 9958 9959 9960
f 9961 9962 9963
f 9964 9965 9966
f 9967 9968 9969
f 9970 9971 9972
f 9973 9974 9975
f 9976 9977 9978
f 9979 9980 9981
f 9982 9983 9984
f 9985 9986 9987
f 9988 9989 9990
f 9991 9992 9993
f 9994 9995 9996
f 9997 9998 9999
f 10000 10001 10002
f 10003 10004 10005
f 10006 10007 10008
f 10009 10010 10011
f 10012 10013 10014
f 10015 10016 10017
f 10018 10019 10020
f 10021 10022 10023
f 10024 10025 10026
f 10027 10028 10029
f 10030 10031 10032
f 10033 10034 10035
f 10036 10037 10038
f 10039 10040 10041
f 10042 10043 10044
f 10045 10046 10047
f 10048 10049 10050
f 10051 10052 10053
f 10054 10055 10056
f 10057 10058 10059
f 10060 10061 10062
f 10063 10064 10065
f 10066 10067 10068
f 10069 10070 10071
f 10072 10073 10074
f 10075 10076 10077
f 10078 10079 10080
f 10081 10082 10083
f 10084 10085 10086
f 10087 10088 10089
f 10090 10091 10092
f 10093 10094 10095
f 10096 10097 10098
f 10099 10100 10101
f 10102 10103 10104
f 10105 10106 10107
f 10108 10109 10110
f 10111 10112 10113
f 10114 10115 10116
f 10117 10118 10119
f 10120 10121 10122
f 10123 10124 10125
f 10126 10127 10128
f 10129 10130 10131
f 10132 10133 10134
f 10135 10136 10137
f 10138 10139 10140
f 10141 10142 10143
f 10144 10145 10146
f 10147 10148 10149
f 10150 10151 10152
f 10153 10154 10155
f 10156 10157 10158
f 10159 10160 10161
f 10162 10163 10164
f 10165 10166 10167
f 10168 10169 10170
f 10171 10172 10173
f 10174 10175 10176
f 10177 10178 10179
f 10180 10181 10182
f 10183 10184 10185
f 10186 10187 10188
f 10189 10190 10191
f 10192 10193 10194
f 10195 10196 10197
f 10198 10199 10200
f 10201 10202 10203
f 10204 10205 10206
f 10207 10208 10209
f 10210 10211 10212
f 10213 10214 10215
f 10216 10217 10218
f 10219 10220 10221
f 10222 10223 10224
f 10225 10226 10227
f 10228 10229 10230
f 10231 10232 10233
f 10234 10235 10236
f 10237 10238 10239
f 10240 10241 10242
f 10243 10244 10245
f 10246 10247 10248
f 10249 10250 10251
f 10252 10253 10254
f 10255 10256 10257
f 10258 10259 10260
f 10261 10262 10263
f 10264 10265 10266
f 10267 10268 10269
f 10270 10271 10272
f 10273 10274 10275
f 10276 10277 10278
f 10279 10280 10281
f 10282 10283 10284
f 10285 10286 10287
f 10288 10289 10290
f 10291 10292 10293
f 10294 10295 10296
f 10297 10298 10299
f 10300 10301 10302
f 10303 10304 10305
f 10306 10307 10308
f 10309 10310 10311
f 10312 10313 10314
f 10315 10316 10317
f 10318 10319 10320
f 10321 10322 10323
f 10324 10325 10326
f 10327 10328 10329
f 10330 10331 10332
f 10333 10334 10335
f 10336 10337 10338
f 10339 10340 10341
f 10342 10343 10344
f 10345 10346 10347
f 10348 10349 10350
f 10351 10352 10353
f 10354 10355 10356
f 10357 10358 10359
f 10360 10361 10362
f 10363 10364 10365
f 10366 10367 10368
f 10369 10370 10371
f 10372 10373 10374
f 10375 10376 10377
f 10378 10379 10380
f 10381 10382 10383
f 10384 10385 10386
f 10387 10388 10389
f 10390 10391 10392
f 10393 10394 10395
f 10396 10397 10398
f 10399 10400 10401
f 10402 10403 10404
f 10405 10406 10407
f 10408 10409 10410
f 10411 10412 10413
f 10414 10415 10416
f 10417 10418 10419
f 10420 10421 10422
f 10423 10424 10425
f 10426 10427 10428
f 10429 10430 10431
f 10432 10433 10434
f 10435 10436 10437
f 10438 10439 10440
f 10441 10442 10443
f 10444 10445 10446
f 10447 10448 10449
f 10450 10451 10452
f 10453 10454 10455
f 10456 10457 10458
f 10459 10460 10461
f 10462 10463 10464
f 10465 10466 10467
f 10468 10469 10470
f 10471 10472 10473
f 10474 10475 10476
f 10477 10478 10479
f 10480 10481 10482
f 10483 10484 10485
f 10486 10487 10488
f 10489 10490 10491
f 10492 10493 10494
f 10495 10496 10497
f 10498 10499 10500
f 10501 10502 10503
f 10504 10505 10506
f 10507 10508 10509
f 10510 10511 10512
f 10513 10514 10515
f 10516 10517 10518
f 10519 10520 10521
f 10522 10523 10524
f 10525 10526 10527
f 10528 10529 10530
f 10531 10532 10533
f 10534 10535 10536
f 10537 10538 10539
f 10540 10541 10542
f 10543 10544 10545
f 10546 10547 10548
f 10549 10550 10551
f 10552 10553 10554
f 10555 10556 10557
f 10558 10559 10560
f 10561 10562 10563
f 10564 10565 10566
f 10567 10568 10569
f 10570 10571 10572
f 10573 10574 10575
f 10576 10577 10578
f 10579 10580 10581
f 10582 10583 10584
f 10585 10586 10587
f 10588 10589 10590
f 10591 10592 10593
f 10594 10595 10596
f 10597 10598 10599
f 10600 10601 10602
f 10603 10604 10605
f 10606 10607 10608
f 10609 10610 10611
f 10612 10613 10614
f 10615 10616 10617
f 10618 10619 10620
f 10621 10622 10623
f 10624 10625 10626
f 10627 10628 10629
f 10630 10631 10632
f 10633 10634 10635
f 10636 10637 10638
f 10639 10640 10641
f 10642 10643 10644
f 10645 10646 10647
f 10648 10649 10650
f 10651 10652 10653
f 10654 10655 10656
f 10657 10658 10659
f 10660 10661 10662
f 10663 10664 10665
f 10666 10667 10668
f 10669 10670 10671
f 10672 10673 10674
f 10675 10676 10677
f 10678 10679 10680
f 10681 10682 10683
f 10684 10685 10686
f 10687 10688 10689
f 10690 10691 10692
f 10693 10694 10695
f 10696 10697 10698
f 10699 10700 10701
f 10702 10703 10704
f 10705 10706 10707
f 10708 10709 10710
f 10711 10712 10713
f 10714 10715 10716
f 10717 10718 10719
f 10720 10721 10722
f 10723 10724 10725
f 10726 10727 10728
f 10729 10730 10731
f 10732 10733 10734
f 10735 10736 10737
f 10738 10739 10740
f 10741 10742 10743
f 10744 10745 10746
f 10747 10748 10749
f 10750 10751 10752
f 10753 10754 10755
f 10756 10757 10758
f 10759 10760 10761
f 10762 10763 10764
f 10765 10766 10767
f 10768 10769 10770
f 10771 10772 10773
f 10774 10775 10776
f 10777 10778 10779
f 10780 10781 10782
f 10783 10784 10785
f 10786 10787 10788
f 10789 10790 10791
f 10792 10793 10794
f 10795 10796 10797
f 10798 10799 10800
f 10801 10802 10803
f 10804 10805 10806
f 10807 10808 10809
f 10810 10811 10812
f 10813 10814 10815
f 10816 10817 10818
f 10819 10820 10821
f 10822 10823 10824
f 10825 10826 10827
f 10828 10829 10830
f 10831 10832 10833
f 10834 10835 10836
f 10837 10838 10839
f 10840 10841 10842
f 10843 10844 10845
f 10846 10847 10848
f 10849 10850 10851
f 10852 10853 10854
f 10855 10856 10857
f 10858 10859 10860
f 10861 10862 10863
f 10864 10865 10866
f 10867 10868 10869
f 10870 10871 10872
f 10873 10874 10875
f 10876 10877 10878
f 10879 10880 10881
f 10882 10883 10884
f 10885 10886 10887
f 10888 10889 10890
f 10891 10892 10893
f 10894 10895 10896
f 10897 10898 10899
f 10900 10901 10902
f 10903 10904 10905
f 10906 10907 10908
f 10909 10910 10911
f 10912 10913 10914
f 10915 10916 10917
f 10918 10919 10920
f 10921 10922 10923
f 10924 10925 10926
f 10927 10928 10929
f 10930 10931 10932
f 10933 10934 10935
f 10936 10937 10938
f 10939 10940 10941
f 10942 10943 10944
f 10945 10946 10947
f 10948 10949 10950
f 10951 10952 10953
f 10954 10955 10956
f 10957 10958 10959
f 10960 10961 10962
f 10963 10964 10965
f 10966 10967 10968
f 10969 10970 10971
f 10972 10973 10974
f 10975 10976 10977
f 10978 10979 10980
f 10981 10982 10983
f 10984 10985 10986
f 10987 10988 10989
f 10990 10991 10992
f 10993 10994 10995
f 10996 10997 10998
f 10999 11000 11001
f 11002 11003 11004
f 11005 11006 11007
f 11008 11009 11010
f 11011 11012 11013
f 11014 11015 11016
f 11017 11018 11019
f 11020 11021 11022
f 11023 11024 11025
f 11026 11027 11028
f 11029 11030 11031
f 11032 11033 11034
f 11035 11036 11037
f 11038 11039 11040
f 11041 11042 11043
f 11044 11045 11046
f 11047 11048 11049
f 11050 11051 11052
f 11053 11054 11055
f 11056 11057 11058
f 11059 11060 11061
f 11062 11063 11064
f 11065 11066 11067
f 11068 11069 11070
f 11071 11072 11073
f 11074 11075 11076
f 11077 11078 11079
f 11080 11081 11082
f 11083 11084 11085
f 11086 11087 11088
f 11089 11090 11091
f 11092 11093 11094
f 11095 11096 11097
f 11098 11099 11100
f 11101 11102 11103
f 11104 11105 11106
f 11107 11108 11109
f 11110 11111 11112
f 11113 11114 11115
f 11116 11117 11118
f 11119 11120 11121
f 11122 11123 11124
f 11125 11126 11127
f 11128 11129 11130
f 11131 11132 11133
f 11134 11135 11136
f 11137 11138 11139
f 11140 11141 11142
f 11143 11144 11145
f 11146 11147 11148
f 11149 11150 11151
f 11152 11153 11154
f 11155 11156 11157
f 11158 11159 11160
f 11161 11162 11163
f 11164 11165 11166
f 11167 11168 11169
f 11170 11171 11172
f 11173 11174 11175
f 11176 11177 11178
f 11179 11180 11181
f 11182 11183 11184
f 11185 11186 11187
f 11188 11189 11190
f 11191 11192 11193
f 11194 11195 11196
f 11197 11198 11199
f 11200 11201 11202
f 11203 11204 11205
f 11206 11207 11208
f 11209 11210 11211
f 11212 11213 11214
f 11215 11216 11217
f 11218 11219 11220
f 11221 11222 11223
f 11224 11225 11226
f 11227 11228 11229
f 11230 11231 11232
f 11233 11234 11235
f 11236 11237 11238
f 11239 11240 11241
f 11242 11243 11244
f 11245 11246 11247
f 11248 11249 11250
f 11251 11252 11253
f 11254 11255 11256
f 11257 11258 11259
f 11260 11261 11262
f 11263 11264 11265
f 11266 11267 11268
f 11269 11270 11271
f 11272 11273 11274
f 11275 11276 11277
f 11278 11279 11280
f 11281 11282 11283
f 11284 11285 11286
f 11287 11288 11289
f 11290 11291 11292
f 11293 11294 11295
f 11296 11297 11298
f 11299 11300 11301
f 11302 11303 11304
f 11305 11306 11307
f 11308 11309 11310
f 11311 11312 11313
f 11314 11315 11316
f 11317 11318 11319
f 11320 11321 11322
f 11323 11324 11325
f 11326 11327 11328
f 11329 11330 11331
f 11332 11333 11334
f 11335 11336 11337
f 11338 11339 11340
f 11341 11342 11343
f 11344 11345 11346
f 11347 11348 11349
f 11350 11351 11352
f 11353 11354 11355
f 11356 11357 11358
f 11359 11360 11361
f 11362 11363 11364
f 11365 11366 11367
f 11368 11369 11370
f 11371 11372 11373
f 11374 11375 11376
f 11377 11378 11379
f 11380 11381 11382
f 11383 11384 11385
f 11386 11387 11388
f 11389 11390 11391
f 11392 11393 11394
f 11395 11396 11397
f 11398 11399 11400
f 11401 11402 11403
f 11404 11405 11406
f 11407 11408 11409
f 11410 11411 11412
f 11413 11414 11415
f 11416 11417 11418
f 11419 11420 11421
f 11422 11423 11424
f 11425 11426 11427
f 11428 11429 11430
f 11431 11432 11433
f 11434 11435 11436
f 11437 11438 11439
f 11440 11441 11442
f 11443 11444 11445
f 11446 11447 11448
f 11449 11450 11451
f 11452 11453 11454
f 11455 11456 11457
f 11458 11459 11460
f 11461 11462 11463
f 11464 11465 11466
f 11467 11468 11469
f 11470 11471 11472
f 11473 11474 11475
f 11476 11477 11478
f 11479 11480 11481
f 11482 11483 11484
f 11485 11486 11487
f 11488 11489 11490
f 11491 11492 11493
f 11494 11495 11496
f 11497 11498 11499
f 11500 11501 11502
f 11503 11504 11505
f 11506 11507 11508
f 11509 11510 11511
f 11512 11513 11514
f 11515 11516 11517
f 11518 11519 11520
f 11521 11522 11523
f 11524 11525 11526
f 11527 11528 11529
f 11530 11531 11532
f 11533 11534 11535
f 11536 11537 11538
f 11539 11540 11541
f 11542 11543 11544
f 11545 11546 11547
f 11548 11549 11550
f 11551 11552 11553
f 11554 11555 11556
f 11557 11558 11559
f 11560 11561 11562
f 11563 11564 11565
f 11566 11567 11568
f 11569 11570 11571
f 11572 11573 11574
f 11575 11576 11577
f 11578 11579 11580
f 11581 11582 11583
f 11584 11585 11586
f 11587 11588 11589
f 11590 11591 11592
f 11593 11594 11595
f 11596 11597 11598
f 11599 11600 11601
f 11602 11603 11604
f 11605 11606 11607
f 11608 11609 11610
f 11611 11612 11613
f 11614 11615 11616
f 11617 11618 11619
f 11620 11621 11622
f 11623 11624 11625
f 11626 11627 11628
f 11629 11630 11631
f 11632 11633 11634
f 11635 11636 11637
f 11638 11639 11640
f 11641 11642 11643
f 11644 11645 11646
f 11647 11648 11649
f 11650 11651 11652
f 11653 11654 11655
f 11656 11657 11658
f 11659 11660 11661
f 11662 11663 11664
f 11665 11666 11667
f 11668 11669 11670
f 11671 11672 11673
f 11674 11675 11676
f 11677 11678 11679
f 11680 11681 11682
f 11683 11684 11685
f 11686 11687 11688
f 11689 11690 11691
f 11692 11693 11694
f 11695 11696 11697
f 11698 11699 11700
f 11701 11702 11703
f 11704 11705 11706
f 11707 11708 11709
f 11710 11711 11712
f 11713 11714 11715
f 11716 11717 11718
f 11719 11720 11721
f 11722 11723 11724
f 11725 11726 11727
f 11728 11729 11730
f 11731 11732 11733
f 11734 11735 11736
f 11737 11738 11739
f 11740 11741 11742
f 11743 11744 11745
f 11746 11747 11748
f 11749 11750 11751
f 11752 11753 11754
f 11755 11756 11757
f 11758 11759 11760
f 11761 11762 11763
f 11764 11765 11766
f 11767 11768 11769
f 11770 11771 11772
f 11773 11774 11775
f 11776 11777 11778
f 11779 11780 11781
f 11782 11783 11784
f 11785 11786 11787
f 11788 11789 11790
f 11791 11792 11793
f 11794 11795 11796
f 11797 11798 11799
f 11800 11801 11802
f 11803 11804 11805
f 11806 11807 11808
f 11809 11810 11811
f 11812 11813 11814
f 11815 11816 11817
f 11818 11819 11820
f 11821 11822 11823
f 11824 11825 11826
f 11827 11828 11829
f 11830 11831 11832
f 11833 11834 11835
f 11836 11837 11838
f 11839 11840 11841
f 11842 11843 11844
f 11845 11846 11847
f 11848 11849 11850
f 11851 11852 11853
f 11854 11855 11856
f 11857 11858 11859
f 11860 11861 11862
f 11863 11864 11865
f 11866 11867 11868
f 11869 11870 11871
f 11872 11873 11874
f 11875 11876 11877
f 11878 11879 11880
f 11881 11882 11883
f 11884 11885 11886
f 11887 11888 11889
f 11890 11891 11892
f 11893 11894 11895
f 11896 11897 11898
f 11899 11900 11901
f 11902 11903 11904
f 11905 11906 11907
f 11908 11909 11910
f 11911 11912 11913
f 11914 11915 11916
f 11917 11918 11919
f 11920 11921 11922
f 11923 11924 11925
f 11926 11927 11928
f 11929 11930 11931
f 11932 11933 11934
f 11935 11936 11937
f 11938 11939 11940
f 11941 11942 11943
f 11944 11945 11946
f 11947 11948 11949
f 11950 11951 11952
f 11953 11954 11955
f 11956 11957 11958
f 11959 11960 11961
f 11962 11963 11964
f 11965 11966 11967
f 11968 11969 11970
f 11971 11972 11973
f 11974 11975 11976
f 11977 11978 11979
f 11980 11981 11982
f 11983 11984 11985
f 11986 11987 11988
f 11989 11990 11991
f 11992 11993 11994
f 11995 11996 11997
f 11998 11999 12000
f 12001 12002 12003
f 12004 12005 12006
f 12007 12008 12009
f 12010 12011 12012
f 12013 12014 12015
f 12016 12017 12018
f 12019 12020 12021
f 12022 12023 12024
f 12025 12026 12027
f 12028 12029 12030
f 12031 12032 12033
f 12034 12035 12036
f 12037 12038 12039
f 12040 12041 12042
f 12043 12044 12045
f 12046 12047 12048
f 12049 12050 12051
f 12052 12053 12054
f 12055 12056 12057
f 12058 12059 12060
f 12061 12062 12063
f 12064 12065 12066
f 12067 12068 12069
f 12070 12071 12072
f 12073 12074 12075
f 12076 12077 12078
f 12079 12080 12081
f 12082 12083 12084
f 12085 12086 12087
f 12088 12089 12090
f 12091 12092 12093
f 12094 12095 12096
f 12097 12098 12099
f 12100 12101 12102
f 12103 12104 12105
f 12106 12107 12108
f 12109 12110 12111
f 12112 12113 12114
f 12115 12116 12117
f 12118 12119 12120
f 12121 12122 12123
f 12124 12125 12126
f 12127 12128 12129
f 12130 12131 12132
f 12133 12134 12135
f 12136 12137 12138
f 12139 12140 12141
f 12142 12143 12144
f 12145 12146 12147
f 12148 12149 12150
f 12151 12152 12153
f 12154 12155 12156
f 12157 12158 12159
f 12160 12161 12162
f 12163 12164 12165
f 12166 12167 12168
f 12169 12170 12171
f 12172 12173 12174
f 12175 12176 12177
f 12178 12179 12180
f 12181 12182 12183
f 12184 12185 12186
f 12187 12188 12189
f 12190 12191 12192
f 12193 12194 12195
f 12196 12197 12198
f 12199 12200 12201
f 12202 12203 12204
f 12205 12206 12207
f 12208 12209 12210
f 12211 12212 12213
f 12214 12215 12216
f 12217 12218 12219
f 12220 12221 12222
f 12223 12224 12225
f 12226 12227 12228
f 12229 12230 12231
f 12232 12233 12234
f 12235 12236 12237
f 12238 12239 12240
f 12241 12242 12243
f 12244 12245 12246
f 12247 12248 12249
f 12250 12251 12252
f 12253 12254 12255
f 12256 12257 12258
f 12259 12260 12261
f 12262 12263 12264
f 12265 12266 12267
f 12268 12269 12270
f 12271 12272 12273
f 12274 12275 12276
f 12277 12278 12279
f 12280 12281 12282
f 12283 12284 12285
f 12286 12287 12288
f 12289 12290 12291
f 12292 12293 12294
f 12295 12296 12297
f 12298 12299 12300
f 12301 12302 12303
f 12304 12305 12306
f 12307 12308 12309
f 12310 12311 12312
f 12313 12314 12315
f 12316 12317 12318
f 12319 12320 12321
f 12322 12323 12324
f 12325 12326 12327
f 12328 12329 12330
f 12331 12332 12333
f 12334 12335 12336
f 12337 12338 12339
f 12340 12341 12342
f 12343 12344 12345
f 12346 12347 12348
f 12349 12350 12351
f 12352 12353 12354
f 12355 12356 12357
f 12358 12359 12360
f 12361 12362 12363
f 12364 12365 12366
f 12367 12368 12369
f 12370 12371 12372
f 12373 12374 12375
f 12376 12377 12378
f 12379 12380 12381
f 12382 12383 12384
f 12385 12386 12387
f 12388 12389 12390
f 12391 12392 12393
f 12394 12395 12396
f 12397 12398 12399
f 12400 12401 12402
f 12403 12404 12405
f 12406 12407 12408
f 12409 12410 12411
f 12412 12413 12414
f 12415 12416 12417
f 12418 12419 12420
f 12421 12422 12423
f 12424 12425 12426
f 12427 12428 12429
f 12430 12431 12432
f 12433 12434 12435
f 12436 12437 12438
f 12439 12440 12441
f 12442 12443 12444
f 12445 12446 12447
f 12448 12449 12450
f 12451 12452 12453
f 12454 12455 12456
f 12457 12458 12459
f 12460 12461 12462
f 12463 12464 12465
f 12466 12467 12468
f 12469 12470 12471
f 12472 12473 12474
f 12475 12476 12477
f 12478 12479 12480
f 12481 12482 12483
f 12484 12485 12486
f 12487 12488 12489
f 12490 12491 12492
f 12493 12494 12495
f 12496 12497 12498
f 12499 12500 12501
f 12502 12503 12504
f 12505 12506 12507
f 12508 12509 12510
f 12511 12512 12513
f 12514 12515 12516
f 12517 12518 12519
f 12520 12521 12522
f 12523 12524 12525
f 12526 12527 12528
f 12529 12530 12531
f 12532 12533 12534
f 12535 12536 12537
f 12538 12539 12540
f 12541 12542 12543
f 12544 12545 12546
f 12547 12548 12549
f 12550 12551 12552
f 12553 12554 12555
f 12556 12557 12558
f 12559 12560 12561
f 12562 12563 12564
f 12565 12566 12567
f 12568 12569 12570
f 12571 12572 12573
f 12574 12575 12576
f 12577 12578 12579
f 12580 12581 12582
f 12583 12584 12585
f 12586 12587 12588
f 12589 12590 12591
f 12592 12593 12594
f 12595 12596 12597
f 12598 12599 12600
f 12601 12602 12603
f 12604 12605 12606
f 12607 12608 12609
f 12610 12611 12612
f 12613 12614 12615
f 12616 12617 12618
f 12619 12620 12621
f 12622 12623 12624
f 12625 12626 12627
f 12628 12629 12630
f 12631 12632 12633
f 12634 12635 12636
f 12637 12638 12639
f 12640 12641 12642
f 12643 12644 12645
f 12646 12647 12648
f 12649 12650 12651
f 12652 12653 12654
f 12655 12656 12657
f 12658 12659 12660
f 12661 12662 12663
f 12664 12665 12666
f 12667 12668 12669
f 12670 12671 12672
f 12673 12674 12675
f 12676 12677 12678
f 12679 12680 12681
f 12682 12683 12684
f 12685 12686 12687
f 12688 12689 12690
f 12691 12692 12693
f 12694 12695 12696
f 12697 12698 12699
f 12700 12701 12702
f 12703 12704 12705
f 12706 12707 12708
f 12709 12710 12711
f 12712 12713 12714
f 12715 12716 12717
f 12718 12719 12720
f 12721 12722 12723
f 12724 12725 12726
f 12727 12728 12729
f 12730 12731 12732
f 12733 12734 12735
f 12736 12737 12738
f 12739 12740 12741
f 12742 12743 12744
f 12745 12746 12747
f 12748 12749 12750
f 12751 12752 12753
f 12754 12755 12756
f 12757 12758 12759
f 12760 12761 12762
f 12763 12764 12765
f 12766 12767 12768
f 12769 12770 12771
f 12772 12773 12774
f 12775 12776 12777
f 12778 12779 12780
f 12781 12782 12783
f 12784 12785 12786
f 12787 12788 12789
f 12790 12791 12792
f 12793 12794 12795
f 12796 12797 12798
f 12799 12800 12801
f 12802 12803 12804
f 12805 12806 12807
f 12808 12809 12810
f 12811 12812 12813
f 12814 12815 12816
f 12817 12818 12819
f 12820 12821 12822
f 12823 12824 12825
f 12826 12827 12828
f 12829 12830 12831
f 12832 12833 12834
f 12835 12836 12837
f 12838 12839 12840
f 12841 12842 12843
f 12844 12845 12846
f 12847 12848 12849
f 12850 12851 12852
f 12853 12854 12855
f 12856 12857 12858
f 12859 12860 12861
f 12862 12863 12864
f 12865 12866 12867
f 12868 12869 12870
f 12871 12872 12873
f 12874 12875 12876
f 12877 12878 12879
f 12880 12881 12882
f 12883 12884 12885
f 12886 12887 12888
f 12889 12890 12891
f 12892 12893 12894
f 12895 12896 12897
f 12898 12899 12900
f 12901 12902 12903
f 12904 12905 12906
f 12907 12908 12909
f 12910 12911 12912
f 12913 12914 12915
f 12916 12917 12918
f 12919 12920 12921
f 12922 12923 12924
f 12925 12926 12927
f 12928 12929 12930
f 12931 12932 12933
f 12934 12935 12936
f 12937 12938 12939
f 12940 12941 12942
f 12943 12944 12945
f 12946 12947 12948
f 12949 12950 12951
f 12952 12953 12954
f 12955 12956 12957
f 12958 12959 12960
f 12961 12962 12963
f 12964 12965 12966
f 12967 12968 12969
f 12970 12971 12972
f 12973 12974 12975
f 12976 12977 12978
f 12979 12980 12981
f 12982 12983 12984
f 12985 12986 12987
f 12988 12989 12990
f 12991 12992 12993
f 12994 12995 12996
f 12997 12998 12999
f 13000 13001 13002
f 13003 13004 13005
f 13006 13007 13008
f 13009 13010 13011
f 13012 13013 13014
f 13015 13016 13017
f 13018 13019 13020
f 13021 13022 13023
f 13024 13025 13026
f 13027 13028 13029
f 13030 13031 13032
f 13033 13034 13035
f 13036 13037 13038
f 13039 13040 13041
f 13042 13043 13044
f 13045 13046 13047
f 13048 13049 13050
f 13051 13052 13053
f 13054 13055 13056
f 13057 13058 13059
f 13060 13061 13062
f 13063 13064 13065
f 13066 13067 13068
f 13069 13070 13071
f 13072 13073 13074
f 13075 13076 13077
f 13078 13079 13080
f 13081 13082 13083
f 13084 13085 13086
f 13087 13088 13089
f 13090 13091 13092
f 13093 13094 13095
f 13096 13097 13098
f 13099 13100 13101
f 13102 13103 13104
f 13105 13106 13107
f 13108 13109 13110
f 13111 13112 13113
f 13114 13115 13116
f 13117 13118 13119
f 13120 13121 13122
f 13123 13124 13125
f 13126 13127 13128
f 13129 13130 13131
f 13132 13133 13134
f 13135 13136 13137
f 13138 13139 13140
f 13141 13142 13143
f 13144 13145 13146
f 13147 13148 13149
f 13150 13151 13152
f 13153 13154 13155
f 13156 13157 13158
f 13159 13160 13161
f 13162 13163 13164
f 13165 13166 13167
f 13168 13169 13170
f 13171 13172 13173
f 13174 13175 13176
f 13177 13178 13179
f 13180 13181 13182
f 13183 13184 13185
f 13186 13187 13188
f 13189 13190 13191
f 13192 13193 13194
f 13195 13196 13197
f 13198 13199 13200
f 13201 13202 13203
f 13204 13205 13206
f 13207 13208 13209
f 13210 13211 13212
f 13213 13214 13215
f 13216 13217 13218
f 13219 13220 13221
f 13222 13223 13224
f 13225 13226 13227
f 13228 13229 13230
f 13231 13232 13233
f 13234 13235 13236
f 13237 13238 13239
f 13240 13241 13242
f 13243 13244 13245
f 13246 13247 13248
f 13249 13250 13251
f 13252 13253 13254
f 13255 13256 13257
f 13258 13259 13260
f 13261 13262 13263
f 13264 13265 13266
f 13267 13268 13269
f 13270 13271 13272
f 13273 13274 13275
f 13276 13277 13278
f 13279 13280 13281
f 13282 13283 13284
