mtllib L_Hand_Middle_Middle_visuals_ALLEX_Hand_Middle_Frame2.mtl
v 0.0033894850433466286 0.0013000770232676762 0.001965772126106893
v 0.0032741614943204702 0.0013001787087964928 0.001986877535777864
v 0.003297000564771723 -0.0012995232960914122 0.0019810236441271385
v 0.0034419244970550203 -0.0013001098058238597 0.0019599777198944786
v 0.0034897877443387784 0.0013001274487995512 0.001956449482384062
v 0.0033894850433466286 0.0013000770232676762 0.001965772126106893
v 0.0033894850433466286 0.0013000770232676762 0.001965772126106893
v 0.003297000564771723 -0.0012995232960914122 0.0019810236441271385
v 0.0034419244970550203 -0.0013001098058238597 0.0019599777198944786
v 0.0034419244970550203 -0.0013001098058238597 0.0019599777198944786
v 0.0035784210474225355 -0.0012998932025344578 0.0019570001101186503
v 0.0034897877443387784 0.0013001274487995512 0.001956449482384062
v 0.003633786850909814 0.0012999567410888063 0.0019617328383478984
v 0.0034897877443387784 0.0013001274487995512 0.001956449482384062
v 0.0035784210474225355 -0.0012998932025344578 0.0019570001101186503
v 0.003633786850909814 0.0012999567410888063 0.0019617328383478984
v 0.0035784210474225355 -0.0012998932025344578 0.0019570001101186503
v 0.003746525703997166 -0.001300087036848474 0.0019812084185347185
v 0.0037758762245715385 0.0013002632281867987 0.0019886860599955393
v 0.003633786850909814 0.0012999567410888063 0.0019617328383478984
v 0.003746525703997166 -0.001300087036848474 0.0019812084185347185
v 0.003746525703997166 -0.001300087036848474 0.0019812084185347185
v 0.003857388679615047 -0.0013003515622745515 0.002013258552808483
v 0.0037758762245715385 0.0013002632281867987 0.0019886860599955393
v 0.003857388679615047 -0.0013003515622745515 0.002013258552808483
v 0.0039720179537058855 -0.0012999175212306813 0.002062635042885674
v 0.0038974837723855507 0.0012999529263913595 0.0020285726557087154
v 0.0039720179537058855 -0.0012999175212306813 0.002062635042885674
v 0.003993713091760275 0.0012998071334233141 0.0020737558396174967
v 0.0038974837723855507 0.0012999529263913595 0.0020285726557087154
v 0.003993713091760275 0.0012998071334233141 0.0020737558396174967
v 0.0039720179537058855 -0.0012999175212306813 0.002062635042885674
v 0.004059118940508976 -0.0012998420617468115 0.002111533980526242
v 0.004086087420946404 0.0013004230878516793 0.0021287165699196415
v 0.004059118940508976 -0.0012998420617468115 0.002111533980526242
v 0.004159532744564264 -0.0012997216603586464 0.002184263333117053
v 0.004180534084520514 0.0012992853543381672 0.0022019988152216503
v 0.004086087420946404 0.0013004230878516793 0.0021287165699196415
v 0.004159532744564264 -0.0012997216603586464 0.002184263333117053
v 0.004180534084520514 0.0012992853543381672 0.0022019988152216503
v 0.004159532744564264 -0.0012997216603586464 0.002184263333117053
v 0.004268142902921212 -0.0013003818414355356 0.0022874637736572385
v 0.004279128277893673 0.0013000695130820777 0.002299933781192281
v 0.004180534084520514 0.0012992853543381672 0.0022019988152216503
v 0.004268142902921212 -0.0013003818414355356 0.0022874637736572385
v 0.004343986717558756 -0.0013000969312199767 0.002384361618759517
v 0.004344321934096894 0.0012999590060654154 0.002384957426816991
v 0.004279128277893673 0.0013000695130820777 0.002299933781192281
v 0.004279128277893673 0.0013000695130820777 0.002299933781192281
v 0.004268142902921212 -0.0013003818414355356 0.0022874637736572385
v 0.004343986717558756 -0.0013000969312199767 0.002384361618759517
v 0.004343986717558756 -0.0013000969312199767 0.002384361618759517
v 0.004391442030634295 -0.0013001174352187533 0.002458972570865969
v 0.004392728060511052 0.0013000274322008676 0.0024607907510365563
v 0.004392728060511052 0.0013000274322008676 0.0024607907510365563
v 0.004344321934096894 0.0012999590060654154 0.002384957426816991
v 0.004343986717558756 -0.0013000969312199767 0.002384361618759517
v 0.004392728060511052 0.0013000274322008676 0.0024607907510365563
v 0.004391442030634295 -0.0013001174352187533 0.002458972570865969
v 0.004445180150404736 -0.0013008670232670522 0.0025651730325294826
v 0.004445180150404736 -0.0013008670232670522 0.0025651730325294826
v 0.004453426572610385 0.0013001602313557348 0.0025848664080986568
v 0.004392728060511052 0.0013000274322008676 0.0024607907510365563
v 0.004445180150404736 -0.0013008670232670522 0.0025651730325294826
v 0.004486836169686758 -0.0013002548835361338 0.002686138519079478
v 0.004453426572610385 0.0013001602313557348 0.0025848664080986568
v 0.004490842078843093 0.001299996914621293 0.0027028013559457493
v 0.004453426572610385 0.0013001602313557348 0.0025848664080986568
v 0.004486836169686758 -0.0013002548835361338 0.002686138519079478
v 0.004490842078843093 0.001299996914621293 0.0027028013559457493
v 0.004486836169686758 -0.0013002548835361338 0.002686138519079478
v 0.004509152149750616 -0.0013004998586377964 0.0027832971941196822
v 0.004509152149750616 -0.0013004998586377964 0.0027832971941196822
v 0.0045125396010833865 0.001300105514289232 0.00280281342467617
v 0.004490842078843093 0.001299996914621293 0.0027028013559457493
v 0.004509152149750616 -0.0013004998586377964 0.0027832971941196822
v 0.0045220939876761115 -0.0012997702977510933 0.002893814939618627
v 0.0045125396010833865 0.001300105514289232 0.00280281342467617
v 0.004524327493031221 0.0012990705391881935 0.0029376796687223534
v 0.0045125396010833865 0.001300105514289232 0.00280281342467617
v 0.0045220939876761115 -0.0012997702977510933 0.002893814939618627
v 0.004524327493031221 0.0012990705391881935 0.0029376796687223534
v 0.0045220939876761115 -0.0012997702977510933 0.002893814939618627
v 0.004523300862580847 -0.001300679387836387 0.0030165595056903796
v 0.004518701767971533 0.001300100984336014 0.003062820580046476
v 0.004523300862580847 -0.001300679387836387 0.0030165595056903796
v 0.004507240032655401 -0.001300182165866054 0.003139315515854473
v 0.004507240032655401 -0.001300182165866054 0.003139315515854473
v 0.004494872783532832 0.001299745502217689 0.0032000774472988594
v 0.004518701767971533 0.001300100984336014 0.003062820580046476
v 0.00444337389116367 0.0013005169055670118 0.0033520175618612083
v 0.004494872783532832 0.001299745502217689 0.0032000774472988594
v 0.004477961752913927 -0.0013007534168087143 0.0032602776645442024
v 0.004418891162950022 -0.001299924077741918 0.0034053498931907447
v 0.00438622686238732 0.0012992733141993507 0.0034635826802278937
v 0.00444337389116367 0.0013005169055670118 0.0033520175618612083
v 0.004418891162950022 -0.001299924077741918 0.0034053498931907447
v 0.004339066234689547 -0.0012995267531609733 0.0035373014699689722
v 0.00438622686238732 0.0012992733141993507 0.0034635826802278937
v 0.004335136142644968 0.001299958290809644 0.003541979719550308
v 0.00438622686238732 0.0012992733141993507 0.0034635826802278937
v 0.004339066234689547 -0.0012995267531609733 0.0035373014699689722
v 0.0042838832982611255 0.001299934210532011 0.003607081584596216
v 0.004339066234689547 -0.0012995267531609733 0.0035373014699689722
v 0.004268354141792329 -0.0012995739600418776 0.0036247724824244034
v 0.004202684602082617 0.0013007565162503898 0.003692387994669171
v 0.0042838832982611255 0.001299934210532011 0.003607081584596216
v 0.004268354141792329 -0.0012995739600418776 0.0036247724824244034
v 0.004202684602082617 0.0013007565162503898 0.003692387994669171
v 0.004268354141792329 -0.0012995739600418776 0.0036247724824244034
v 0.004201234063378466 -0.0013003968618067324 0.003693269905035156
v 0.004089260295547791 -0.0013004669568723176 0.00378297633019442
v 0.004076938822794584 0.0012999150178354818 0.003791300238441957
v 0.004202684602082617 0.0013007565162503898 0.003692387994669171
v 0.004202684602082617 0.0013007565162503898 0.003692387994669171
v 0.004201234063378466 -0.0013003968618067324 0.003693269905035156
v 0.004089260295547791 -0.0013004669568723176 0.00378297633019442
v 0.003907177395435084 0.0013002949378593254 0.003882538026207526
v 0.004076938822794584 0.0012999150178354818 0.003791300238441957
v 0.003953007647398281 -0.0013007522247157621 0.0038612930224518607
v 0.003953007647398281 -0.0013007522247157621 0.0038612930224518607
v 0.0037906979930825415 -0.0012997493169151358 0.003921723552055555
v 0.003907177395435084 0.0013002949378593254 0.003882538026207526
v 0.0037906979930825415 -0.0012997493169151358 0.003921723552055555
v 0.003724936185378335 0.001299936356299325 0.0039374234162350965
v 0.003907177395435084 0.0013002949378593254 0.003882538026207526
v 0.0037906979930825415 -0.0012997493169151358 0.003921723552055555
v 0.0036591989347889422 -0.001299789728866213 0.003947947689653674
v 0.003724936185378335 0.001299936356299325 0.0039374234162350965
v 0.0035883960044087717 0.0013000621221057745 0.003955189654337859
v 0.003724936185378335 0.001299936356299325 0.0039374234162350965
v 0.0036591989347889422 -0.001299789728866213 0.003947947689653674
v 0.0035883960044087717 0.0013000621221057745 0.003955189654337859
v 0.0036591989347889422 -0.001299789728866213 0.003947947689653674
v 0.0035915502823601056 -0.0013000592610826894 0.003954622456511236
v 0.0035915502823601056 -0.0013000592610826894 0.003954622456511236
v 0.003470290825688115 -0.0013001261374973039 0.003957082221108659
v 0.0035883960044087717 0.0013000621221057745 0.003955189654337859
v 0.003470290825688115 -0.0013001261374973039 0.003957082221108659
v 0.00333448306662834 0.0013001287601017986 0.003939304300494966
v 0.003465295956218694 0.001300197901493022 0.003955885359784721
v 0.00333448306662834 0.0013001287601017986 0.003939304300494966
v 0.003470290825688115 -0.0013001261374973039 0.003957082221108659
v 0.0033112734936875656 -0.0013000794074535804 0.003934459634737513
v 0.0033112734936875656 -0.0013000794074535804 0.003934459634737513
v 0.003229347382389668 0.0012999535224378356 0.003912970490345251
v 0.00333448306662834 0.0013001287601017986 0.003939304300494966
v 0.0033112734936875656 -0.0013000794074535804 0.003934459634737513
v 0.0031975506870775263 -0.0013000980041036336 0.003902652210588802
v 0.003229347382389668 0.0012999535224378356 0.003912970490345251
v 0.0031554974624238554 0.0013000071666206814 0.0038864824233675313
v 0.003229347382389668 0.0012999535224378356 0.003912970490345251
v 0.0031975506870775263 -0.0013000980041036336 0.003902652210588802
v 0.0031164921810301885 -0.0012999706885763462 0.0038701390674124305
v 0.003041874314784614 -0.0013002485654434875 0.003833785000744299
v 0.0030691436794831597 0.0013002517840944583 0.003848372880618094
v 0.003041874314784614 -0.0013002485654434875 0.003833785000744299
v 0.0029359854662187874 0.0012995635888331941 0.0037674064041466606
v 0.0030691436794831597 0.0013002517840944583 0.003848372880618094
v 0.0029226266341786373 -0.001299333395684138 0.0037575356360844405
v 0.0028246821314643895 0.001299819888817902 0.0036724688366948635
v 0.0029359854662187874 0.0012995635888331941 0.0037674064041466606
v 0.0028246821314643895 0.001299819888817902 0.0036724688366948635
v 0.0029226266341786373 -0.001299333395684138 0.0037575356360844405
v 0.0028092104338758857 -0.0013002585790242854 0.003657278473043062
v 0.00275504435273563 0.0013000575921525565 0.003596715382703091
v 0.0028092104338758857 -0.0013002585790242854 0.003657278473043062
v 0.002704497704216629 -0.0013000672481054687 0.003533626247397558
v 0.00275504435273563 0.0013000575921525565 0.003596715382703091
v 0.0028246821314643895 0.001299819888817902 0.0036724688366948635
v 0.0028092104338758857 -0.0013002585790242854 0.003657278473043062
v 0.002704497704216629 -0.0013000672481054687 0.003533626247397558
v 0.0026704078989017717 0.001299621166922782 0.0034818178876980235
v 0.00275504435273563 0.0013000575921525565 0.003596715382703091
v 0.0026704078989017717 0.001299621166922782 0.0034818178876980235
v 0.002704497704216629 -0.0013000672481054687 0.003533626247397558
v 0.002616620188064522 -0.0013001791856336736 0.003378644388458556
v 0.002602502231232456 0.0012995801589252287 0.0033466440836701907
v 0.0026704078989017717 0.001299621166922782 0.0034818178876980235
v 0.002616620188064522 -0.0013001791856336736 0.003378644388458556
v 0.002616620188064522 -0.0013001791856336736 0.003378644388458556
v 0.0025726424485489337 -0.0013004284522699638 0.003267423784955036
v 0.002602502231232456 0.0012995801589252287 0.0033466440836701907
v 0.0025667899874097506 0.0013000509164320245 0.003248499070921395
v 0.002602502231232456 0.0012995801589252287 0.0033466440836701907
v 0.0025726424485489337 -0.0013004284522699638 0.003267423784955036
v 0.0025667899874097506 0.0013000509164320245 0.003248499070921395
v 0.0025726424485489337 -0.0013004284522699638 0.003267423784955036
v 0.0025410600915495847 -0.0012999914309937133 0.0031448883119870865
v 0.0025410600915495847 -0.0012999914309937133 0.0031448883119870865
v 0.002541153313218441 0.001299538316462609 0.0031440826955700376
v 0.0025667899874097506 0.0013000509164320245 0.003248499070921395
v 0.0025410600915495847 -0.0012999914309937133 0.0031448883119870865
v 0.002525550485405203 -0.0012997090241733539 0.003024783278129938
v 0.0025271216639161094 0.00130030876613757 0.0030456627861864807
v 0.0025271216639161094 0.00130030876613757 0.0030456627861864807
v 0.002541153313218441 0.001299538316462609 0.0031440826955700376
v 0.0025410600915495847 -0.0012999914309937133 0.0031448883119870865
v 0.0025242103345084195 0.0013001069448007746 0.002901214260572493
v 0.002525550485405203 -0.0012997090241733539 0.003024783278129938
v 0.0025256882913504692 -0.0012996786258030746 0.002880358117537812
v 0.0025516484995689865 0.00129959482166854 0.0027158213951689043
v 0.0025242103345084195 0.0013001069448007746 0.002901214260572493
v 0.0025256882913504692 -0.0012996786258030746 0.002880358117537812
v 0.0025513669272136936 -0.0013006023786316795 0.0027193917135605312
v 0.0025941680709855304 -0.0012999135873239392 0.002587640169979671
v 0.0025516484995689865 0.00129959482166854 0.0027158213951689043
v 0.0025919796267440116 0.0013000280282473436 0.002593855981050663
v 0.0025516484995689865 0.00129959482166854 0.0027158213951689043
v 0.0025941680709855304 -0.0012999135873239392 0.002587640169979671
v 0.0026270467098610246 0.0012996009013425958 0.0025128580333252932
v 0.0025941680709855304 -0.0012999135873239392 0.002587640169979671
v 0.0026325396357658455 -0.0013003047130215328 0.0025021134611291625
v 0.0026270467098610246 0.0012996009013425958 0.0025128580333252932
v 0.0025919796267440116 0.0013000280282473436 0.002593855981050663
v 0.0025941680709855304 -0.0012999135873239392 0.002587640169979671
v 0.0026851006829553543 0.0013000242135498968 0.0024112397385511737
v 0.0026325396357658455 -0.0013003047130215328 0.0025021134611291625
v 0.002697132953958375 -0.0013003132960907882 0.0023929661456879854
v 0.0026851006829553543 0.0013000242135498968 0.0024112397385511737
v 0.0026270467098610246 0.0012996009013425958 0.0025128580333252932
v 0.0026325396357658455 -0.0013003047130215328 0.0025021134611291625
v 0.002697132953958375 -0.0013003132960907882 0.0023929661456879854
v 0.0027475074642550885 0.001299458803862702 0.0023260775717254263
v 0.0026851006829553543 0.0013000242135498968 0.0024112397385511737
v 0.0027475074642550885 0.001299458803862702 0.0023260775717254263
v 0.002697132953958375 -0.0013003132960907882 0.0023929661456879854
v 0.0027739037400754947 -0.0013002615592566658 0.002294291843668444
v 0.0028290983590148473 0.0013002149484222375 0.0022360929120711355
v 0.0027475074642550885 0.001299458803862702 0.0023260775717254263
v 0.0027739037400754947 -0.0013002615592566658 0.002294291843668444
v 0.0027739037400754947 -0.0013002615592566658 0.002294291843668444
v 0.0028434046665333497 -0.0012998397967702024 0.0022235303981230077
v 0.0028290983590148473 0.0013002149484222375 0.0022360929120711355
v 0.0029259025056110883 -0.0013001937291676896 0.0021546417306053662
v 0.002944422146459596 0.001299805345283886 0.002140848976730641
v 0.0028290983590148473 0.0013002149484222375 0.0022360929120711355
v 0.0028290983590148473 0.0013002149484222375 0.0022360929120711355
v 0.0028434046665333497 -0.0012998397967702024 0.0022235303981230077
v 0.0029259025056110883 -0.0013001937291676896 0.0021546417306053662
v 0.0029259025056110883 -0.0013001937291676896 0.0021546417306053662
v 0.003013812923528674 -0.0012998668572802158 0.0020962422889735095
v 0.002944422146459596 0.001299805345283886 0.002140848976730641
v 0.003035647774877053 0.0012999581716003489 0.0020837939775301957
v 0.002944422146459596 0.001299805345283886 0.002140848976730641
v 0.003013812923528674 -0.0012998668572802158 0.0020962422889735095
v 0.0032741614943204702 0.0013001787087964928 0.001986877535777864
v 0.0031237258010637084 0.0012998791358376227 0.002039710618579049
v 0.0031223272376122704 -0.0013002313993049769 0.00203996882591248
v 0.0031223272376122704 -0.0013002313993049769 0.00203996882591248
v 0.003297000564771723 -0.0012995232960914122 0.0019810236441271385
v 0.0032741614943204702 0.0013001787087964928 0.001986877535777864
v 0.0031237258010637084 0.0012998791358376227 0.002039710618579049
v 0.003035647774877053 0.0012999581716003489 0.0020837939775301957
v 0.0031223272376122704 -0.0013002313993049769 0.00203996882591248
v 0.003013812923528674 -0.0012998668572802158 0.0020962422889735095
v 0.0031223272376122704 -0.0013002313993049769 0.00203996882591248
v 0.003035647774877053 0.0012999581716003489 0.0020837939775301957
v 0.0025256882913504692 -0.0012996786258030746 0.002880358117537812
v 0.0025513669272136936 -0.0013006023786316795 0.0027193917135605312
v 0.0025516484995689865 0.00129959482166854 0.0027158213951689043
v 0.0025242103345084195 0.0013001069448007746 0.002901214260572493
v 0.0025271216639161094 0.00130030876613757 0.0030456627861864807
v 0.002525550485405203 -0.0012997090241733539 0.003024783278129938
v 0.003041874314784614 -0.0013002485654434875 0.003833785000744299
v 0.0029226266341786373 -0.001299333395684138 0.0037575356360844405
v 0.0029359854662187874 0.0012995635888331941 0.0037674064041466606
v 0.0030691436794831597 0.0013002517840944583 0.003848372880618094
v 0.0031554974624238554 0.0013000071666206814 0.0038864824233675313
v 0.0031164921810301885 -0.0012999706885763462 0.0038701390674124305
v 0.0031975506870775263 -0.0013000980041036336 0.003902652210588802
v 0.0031164921810301885 -0.0012999706885763462 0.0038701390674124305
v 0.0031554974624238554 0.0013000071666206814 0.0038864824233675313
v 0.003465295956218694 0.001300197901493022 0.003955885359784721
v 0.0035883960044087717 0.0013000621221057745 0.003955189654337859
v 0.003470290825688115 -0.0013001261374973039 0.003957082221108659
v 0.004089260295547791 -0.0013004669568723176 0.00378297633019442
v 0.003953007647398281 -0.0013007522247157621 0.0038612930224518607
v 0.004076938822794584 0.0012999150178354818 0.003791300238441957
v 0.0042838832982611255 0.001299934210532011 0.003607081584596216
v 0.004335136142644968 0.001299958290809644 0.003541979719550308
v 0.004339066234689547 -0.0012995267531609733 0.0035373014699689722
v 0.004477961752913927 -0.0013007534168087143 0.0032602776645442024
v 0.004418891162950022 -0.001299924077741918 0.0034053498931907447
v 0.00444337389116367 0.0013005169055670118 0.0033520175618612083
v 0.004494872783532832 0.001299745502217689 0.0032000774472988594
v 0.004507240032655401 -0.001300182165866054 0.003139315515854473
v 0.004477961752913927 -0.0013007534168087143 0.0032602776645442024
v 0.004518701767971533 0.001300100984336014 0.003062820580046476
v 0.004524327493031221 0.0012990705391881935 0.0029376796687223534
v 0.004523300862580847 -0.001300679387836387 0.0030165595056903796
v 0.004086087420946404 0.0013004230878516793 0.0021287165699196415
v 0.003993713091760275 0.0012998071334233141 0.0020737558396174967
v 0.004059118940508976 -0.0012998420617468115 0.002111533980526242
v 0.0038974837723855507 0.0012999529263913595 0.0020285726557087154
v 0.0037758762245715385 0.0013002632281867987 0.0019886860599955393
v 0.003857388679615047 -0.0013003515622745515 0.002013258552808483
v 0.0031134168196322856 0.001500000071246177 0.0018288873110648691
v 0.0030380996716609923 0.001500000071246177 0.0018589583326195087
v 0.0031237258010637084 0.0012998791358376227 0.002039710618579049
v 0.003035647774877053 0.0012999581716003489 0.0020837939775301957
v 0.0030380996716609923 0.001500000071246177 0.0018589583326195087
v 0.0029323586426212296 0.001500000071246177 0.0019124101116628485
v 0.0029323586426212296 0.001500000071246177 0.0019124101116628485
v 0.002807822122423836 0.001500000071246177 0.0019923031084308897
v 0.002944422146459596 0.001299805345283886 0.002140848976730641
v 0.002944422146459596 0.001299805345283886 0.002140848976730641
v 0.003035647774877053 0.0012999581716003489 0.0020837939775301957
v 0.0029323586426212296 0.001500000071246177 0.0019124101116628485
v 0.002807822122423836 0.001500000071246177 0.0019923031084308897
v 0.0028290983590148473 0.0013002149484222375 0.0022360929120711355
v 0.002944422146459596 0.001299805345283886 0.002140848976730641
v 0.0028290983590148473 0.0013002149484222375 0.0022360929120711355
v 0.002807822122423836 0.001500000071246177 0.0019923031084308897
v 0.002639899617652291 0.001500000071246177 0.0021438480441796077
v 0.002639899617652291 0.001500000071246177 0.0021438480441796077
v 0.002508801102590607 0.0014999999520368817 0.0023112879897241308
v 0.0027475074642550885 0.001299458803862702 0.0023260775717254263
v 0.002508801102590607 0.0014999999520368817 0.0023112879897241308
v 0.0026851006829553543 0.0013000242135498968 0.0024112397385511737
v 0.0027475074642550885 0.001299458803862702 0.0023260775717254263
v 0.0026270467098610246 0.0012996009013425958 0.0025128580333252932
v 0.002508801102590607 0.0014999999520368817 0.0023112879897241308
v 0.0024017735668369062 0.001500000071246177 0.0025280584105578925
v 0.0024017735668369062 0.001500000071246177 0.0025280584105578925
v 0.0023105174208398744 0.0014999987599439296 0.002933835168951737
v 0.0025516484995689865 0.00129959482166854 0.0027158213951689043
v 0.0025242103345084195 0.0013001069448007746 0.002901214260572493
v 0.0025516484995689865 0.00129959482166854 0.0027158213951689043
v 0.0023105174208398744 0.0014999987599439296 0.002933835168951737
v 0.0024051347921247297 0.001499999594408996 0.003402867478827231
v 0.0025667899874097506 0.0013000509164320245 0.003248499070921395
v 0.002541153313218441 0.001299538316462609 0.0031440826955700376
v 0.002541153313218441 0.001299538316462609 0.0031440826955700376
v 0.0023105174208398744 0.0014999987599439296 0.002933835168951737
v 0.0024051347921247297 0.001499999594408996 0.003402867478827231
v 0.0024051347921247297 0.001499999594408996 0.003402867478827231
v 0.00258639657861201 0.001500000071246177 0.0037089855048416656
v 0.0026704078989017717 0.001299621166922782 0.0034818178876980235
v 0.00258639657861201 0.001500000071246177 0.0037089855048416656
v 0.00275504435273563 0.0013000575921525565 0.003596715382703091
v 0.0026704078989017717 0.001299621166922782 0.0034818178876980235
v 0.00258639657861201 0.001500000071246177 0.0037089855048416656
v 0.0028521992130783875 0.0014999987599439296 0.003967142531950268
v 0.0028246821314643895 0.001299819888817902 0.0036724688366948635
v 0.0028521992130783875 0.0014999987599439296 0.003967142531950268
v 0.0030691436794831597 0.0013002517840944583 0.003848372880618094
v 0.0029359854662187874 0.0012995635888331941 0.0037674064041466606
v 0.0031554974624238554 0.0013000071666206814 0.0038864824233675313
v 0.0028521992130783875 0.0014999987599439296 0.003967142531950268
v 0.0032522813434399103 0.0014999992367811105 0.0041298586899626835
v 0.0032522813434399103 0.0014999992367811105 0.0041298586899626835
v 0.00333448306662834 0.0013001287601017986 0.003939304300494966
v 0.003229347382389668 0.0012999535224378356 0.003912970490345251
v 0.0032522813434399103 0.0014999992367811105 0.0041298586899626835
v 0.003465295956218694 0.001300197901493022 0.003955885359784721
v 0.00333448306662834 0.0013001287601017986 0.003939304300494966
v 0.0032522813434399103 0.0014999992367811105 0.0041298586899626835
v 0.0037115468357586104 0.001499999475199701 0.004148552137963612
v 0.003465295956218694 0.001300197901493022 0.003955885359784721
v 0.003724936185378335 0.001299936356299325 0.0039374234162350965
v 0.0035883960044087717 0.0013000621221057745 0.003955189654337859
v 0.0037115468357586104 0.001499999475199701 0.004148552137963612
v 0.0037115468357586104 0.001499999475199701 0.004148552137963612
v 0.003907177395435084 0.0013002949378593254 0.003882538026207526
v 0.003724936185378335 0.001299936356299325 0.0039374234162350965
v 0.0037115468357586104 0.001499999475199701 0.004148552137963612
v 0.004127458768431457 0.0014999986407346344 0.004004802417238162
v 0.003907177395435084 0.0013002949378593254 0.003882538026207526
v 0.004127458768431457 0.0014999986407346344 0.004004802417238162
v 0.004202684602082617 0.0013007565162503898 0.003692387994669171
v 0.004076938822794584 0.0012999150178354818 0.003791300238441957
v 0.004202684602082617 0.0013007565162503898 0.003692387994669171
v 0.004127458768431457 0.0014999986407346344 0.004004802417238162
v 0.004447170468797611 0.0014999998328275865 0.0037269863468374067
v 0.004447170468797611 0.0014999998328275865 0.0037269863468374067
v 0.004584666469896192 0.0014999998328275865 0.003521877694517144
v 0.00438622686238732 0.0012992733141993507 0.0034635826802278937
v 0.00438622686238732 0.0012992733141993507 0.0034635826802278937
v 0.004335136142644968 0.001299958290809644 0.003541979719550308
v 0.004447170468797611 0.0014999998328275865 0.0037269863468374067
v 0.004584666469896192 0.0014999998328275865 0.003521877694517144
v 0.00444337389116367 0.0013005169055670118 0.0033520175618612083
v 0.00438622686238732 0.0012992733141993507 0.0034635826802278937
v 0.004584666469896192 0.0014999998328275865 0.003521877694517144
v 0.004702702268807034 0.0014999992367811105 0.0032018434137981435
v 0.00444337389116367 0.0013005169055670118 0.0033520175618612083
v 0.004702702268807034 0.0014999992367811105 0.0032018434137981435
v 0.004518701767971533 0.001300100984336014 0.003062820580046476
v 0.004494872783532832 0.001299745502217689 0.0032000774472988594
v 0.004524327493031221 0.0012990705391881935 0.0029376796687223534
v 0.004702702268807034 0.0014999992367811105 0.0032018434137981435
v 0.004725301013319138 0.001500000071246177 0.0029020298905703397
v 0.004725301013319138 0.001500000071246177 0.0029020298905703397
v 0.004678505166064716 0.0014999997136182913 0.0026184099964228487
v 0.0045125396010833865 0.001300105514289232 0.00280281342467617
v 0.004678505166064716 0.0014999997136182913 0.0026184099964228487
v 0.004490842078843093 0.001299996914621293 0.0027028013559457493
v 0.0045125396010833865 0.001300105514289232 0.00280281342467617
v 0.004453426572610385 0.0013001602313557348 0.0025848664080986568
v 0.004678505166064716 0.0014999997136182913 0.0026184099964228487
v 0.004545962549600823 0.0014999999520368817 0.002321347585309968
v 0.004545962549600823 0.0014999999520368817 0.002321347585309968
v 0.004392728060511052 0.0013000274322008676 0.0024607907510365563
v 0.004453426572610385 0.0013001602313557348 0.0025848664080986568
v 0.004545962549600823 0.0014999999520368817 0.002321347585309968
v 0.004279128277893673 0.0013000695130820777 0.002299933781192281
v 0.004344321934096894 0.0012999590060654154 0.002384957426816991
v 0.004279128277893673 0.0013000695130820777 0.002299933781192281
v 0.004545962549600823 0.0014999999520368817 0.002321347585309968
v 0.004328147140085225 0.0014999992367811105 0.002059727528175431
v 0.004328147140085225 0.0014999992367811105 0.002059727528175431
v 0.0038918601930931765 0.0014999992367811105 0.0018020540139682124
v 0.004086087420946404 0.0013004230878516793 0.0021287165699196415
v 0.0038918601930931765 0.0014999992367811105 0.0018020540139682124
v 0.0038974837723855507 0.0012999529263913595 0.0020285726557087154
v 0.003993713091760275 0.0012998071334233141 0.0020737558396174967
v 0.003633786850909814 0.0012999567410888063 0.0019617328383478984
v 0.0038918601930931765 0.0014999992367811105 0.0018020540139682124
v 0.0034902240503592577 0.001500000071246177 0.001755611622274097
v 0.0034902240503592577 0.001500000071246177 0.001755611622274097
v 0.0033894850433466286 0.0013000770232676762 0.001965772126106893
v 0.0034897877443387784 0.0013001274487995512 0.001956449482384062
v 0.0033894850433466286 0.0013000770232676762 0.001965772126106893
v 0.0034902240503592577 0.001500000071246177 0.001755611622274097
v 0.003330819049730676 0.001500000071246177 0.001772442782665209
v 0.0032741614943204702 0.0013001787087964928 0.001986877535777864
v 0.003330819049730676 0.001500000071246177 0.001772442782665209
v 0.0032621001362494175 0.001500000071246177 0.0017854349269132842
v 0.0032621001362494175 0.001500000071246177 0.0017854349269132842
v 0.0031848565660674835 0.001500000071246177 0.0018056870364491213
v 0.0032741614943204702 0.0013001787087964928 0.001986877535777864
v 0.0031848565660674835 0.001500000071246177 0.0018056870364491213
v 0.0031134168196322856 0.001500000071246177 0.0018288873110648691
v 0.0032741614943204702 0.0013001787087964928 0.001986877535777864
v 0.0032741614943204702 0.0013001787087964928 0.001986877535777864
v 0.0033894850433466286 0.0013000770232676762 0.001965772126106893
v 0.003330819049730676 0.001500000071246177 0.001772442782665209
v 0.0034897877443387784 0.0013001274487995512 0.001956449482384062
v 0.003633786850909814 0.0012999567410888063 0.0019617328383478984
v 0.0034902240503592577 0.001500000071246177 0.001755611622274097
v 0.003633786850909814 0.0012999567410888063 0.0019617328383478984
v 0.0037758762245715385 0.0013002632281867987 0.0019886860599955393
v 0.0038918601930931765 0.0014999992367811105 0.0018020540139682124
v 0.0037758762245715385 0.0013002632281867987 0.0019886860599955393
v 0.0038974837723855507 0.0012999529263913595 0.0020285726557087154
v 0.0038918601930931765 0.0014999992367811105 0.0018020540139682124
v 0.003993713091760275 0.0012998071334233141 0.0020737558396174967
v 0.004086087420946404 0.0013004230878516793 0.0021287165699196415
v 0.0038918601930931765 0.0014999992367811105 0.0018020540139682124
v 0.004086087420946404 0.0013004230878516793 0.0021287165699196415
v 0.004180534084520514 0.0012992853543381672 0.0022019988152216503
v 0.004328147140085225 0.0014999992367811105 0.002059727528175431
v 0.004180534084520514 0.0012992853543381672 0.0022019988152216503
v 0.004279128277893673 0.0013000695130820777 0.002299933781192281
v 0.004328147140085225 0.0014999992367811105 0.002059727528175431
v 0.004344321934096894 0.0012999590060654154 0.002384957426816991
v 0.004392728060511052 0.0013000274322008676 0.0024607907510365563
v 0.004545962549600823 0.0014999999520368817 0.002321347585309968
v 0.004453426572610385 0.0013001602313557348 0.0025848664080986568
v 0.004490842078843093 0.001299996914621293 0.0027028013559457493
v 0.004678505166064716 0.0014999997136182913 0.0026184099964228487
v 0.0045125396010833865 0.001300105514289232 0.00280281342467617
v 0.004524327493031221 0.0012990705391881935 0.0029376796687223534
v 0.004725301013319138 0.001500000071246177 0.0029020298905703397
v 0.004524327493031221 0.0012990705391881935 0.0029376796687223534
v 0.004518701767971533 0.001300100984336014 0.003062820580046476
v 0.004702702268807034 0.0014999992367811105 0.0032018434137981435
v 0.004494872783532832 0.001299745502217689 0.0032000774472988594
v 0.00444337389116367 0.0013005169055670118 0.0033520175618612083
v 0.004702702268807034 0.0014999992367811105 0.0032018434137981435
v 0.004335136142644968 0.001299958290809644 0.003541979719550308
v 0.0042838832982611255 0.001299934210532011 0.003607081584596216
v 0.004447170468797611 0.0014999998328275865 0.0037269863468374067
v 0.0042838832982611255 0.001299934210532011 0.003607081584596216
v 0.004202684602082617 0.0013007565162503898 0.003692387994669171
v 0.004447170468797611 0.0014999998328275865 0.0037269863468374067
v 0.004076938822794584 0.0012999150178354818 0.003791300238441957
v 0.003907177395435084 0.0013002949378593254 0.003882538026207526
v 0.004127458768431457 0.0014999986407346344 0.004004802417238162
v 0.0035883960044087717 0.0013000621221057745 0.003955189654337859
v 0.003465295956218694 0.001300197901493022 0.003955885359784721
v 0.0037115468357586104 0.001499999475199701 0.004148552137963612
v 0.003229347382389668 0.0012999535224378356 0.003912970490345251
v 0.0031554974624238554 0.0013000071666206814 0.0038864824233675313
v 0.0032522813434399103 0.0014999992367811105 0.0041298586899626835
v 0.0031554974624238554 0.0013000071666206814 0.0038864824233675313
v 0.0030691436794831597 0.0013002517840944583 0.003848372880618094
v 0.0028521992130783875 0.0014999987599439296 0.003967142531950268
v 0.0029359854662187874 0.0012995635888331941 0.0037674064041466606
v 0.0028246821314643895 0.001299819888817902 0.0036724688366948635
v 0.0028521992130783875 0.0014999987599439296 0.003967142531950268
v 0.0028246821314643895 0.001299819888817902 0.0036724688366948635
v 0.00275504435273563 0.0013000575921525565 0.003596715382703091
v 0.00258639657861201 0.001500000071246177 0.0037089855048416656
v 0.0026704078989017717 0.001299621166922782 0.0034818178876980235
v 0.002602502231232456 0.0012995801589252287 0.0033466440836701907
v 0.0024051347921247297 0.001499999594408996 0.003402867478827231
v 0.002602502231232456 0.0012995801589252287 0.0033466440836701907
v 0.0025667899874097506 0.0013000509164320245 0.003248499070921395
v 0.0024051347921247297 0.001499999594408996 0.003402867478827231
v 0.002541153313218441 0.001299538316462609 0.0031440826955700376
v 0.0025271216639161094 0.00130030876613757 0.0030456627861864807
v 0.0023105174208398744 0.0014999987599439296 0.002933835168951737
v 0.0025271216639161094 0.00130030876613757 0.0030456627861864807
v 0.0025242103345084195 0.0013001069448007746 0.002901214260572493
v 0.0023105174208398744 0.0014999987599439296 0.002933835168951737
v 0.0025516484995689865 0.00129959482166854 0.0027158213951689043
v 0.0025919796267440116 0.0013000280282473436 0.002593855981050663
v 0.0024017735668369062 0.001500000071246177 0.0025280584105578925
v 0.0025919796267440116 0.0013000280282473436 0.002593855981050663
v 0.0026270467098610246 0.0012996009013425958 0.0025128580333252932
v 0.0024017735668369062 0.001500000071246177 0.0025280584105578925
v 0.0026270467098610246 0.0012996009013425958 0.0025128580333252932
v 0.0026851006829553543 0.0013000242135498968 0.0024112397385511737
v 0.002508801102590607 0.0014999999520368817 0.0023112879897241308
v 0.0027475074642550885 0.001299458803862702 0.0023260775717254263
v 0.0028290983590148473 0.0013002149484222375 0.0022360929120711355
v 0.002639899617652291 0.001500000071246177 0.0021438480441796077
v 0.003035647774877053 0.0012999581716003489 0.0020837939775301957
v 0.0031237258010637084 0.0012998791358376227 0.002039710618579049
v 0.0030380996716609923 0.001500000071246177 0.0018589583326195087
v 0.0031237258010637084 0.0012998791358376227 0.002039710618579049
v 0.0032741614943204702 0.0013001787087964928 0.001986877535777864
v 0.0031134168196322856 0.001500000071246177 0.0018288873110648691
v 0.0037906979930825415 -0.0012997493169151358 0.003921723552055555
v 0.004120784955248257 -0.0014999982831067488 0.004008886050854975
v 0.003662875111034718 -0.0014999997136182913 0.004152968127095479
v 0.003662875111034718 -0.0014999997136182913 0.004152968127095479
v 0.0035915502823601056 -0.0013000592610826894 0.003954622456511236
v 0.0036591989347889422 -0.001299789728866213 0.003947947689653674
v 0.003662875111034718 -0.0014999997136182913 0.004152968127095479
v 0.003303103365430853 -0.001499999594408996 0.004144270140079564
v 0.003470290825688115 -0.0013001261374973039 0.003957082221108659
v 0.003303103365430853 -0.001499999594408996 0.004144270140079564
v 0.0033112734936875656 -0.0013000794074535804 0.003934459634737513
v 0.003470290825688115 -0.0013001261374973039 0.003957082221108659
v 0.0031975506870775263 -0.0013000980041036336 0.003902652210588802
v 0.003303103365430853 -0.001499999594408996 0.004144270140079564
v 0.0029808107838233395 -0.0014999999520368817 0.0040301997191646835
v 0.003041874314784614 -0.0013002485654434875 0.003833785000744299
v 0.0031164921810301885 -0.0012999706885763462 0.0038701390674124305
v 0.0029808107838233395 -0.0014999999520368817 0.0040301997191646835
v 0.0029226266341786373 -0.001299333395684138 0.0037575356360844405
v 0.0029808107838233395 -0.0014999999520368817 0.0040301997191646835
v 0.0026890882338802265 -0.0014999992367811105 0.0038296589286183893
v 0.0026890882338802265 -0.0014999992367811105 0.0038296589286183893
v 0.0028092104338758857 -0.0013002585790242854 0.003657278473043062
v 0.0029226266341786373 -0.001299333395684138 0.0037575356360844405
v 0.0026890882338802265 -0.0014999992367811105 0.0038296589286183893
v 0.0024309071264939914 -0.001499999594408996 0.003459793493570256
v 0.002704497704216629 -0.0013000672481054687 0.003533626247397558
v 0.0024309071264939914 -0.001499999594408996 0.003459793493570256
v 0.002616620188064522 -0.0013001791856336736 0.003378644388458556
v 0.002704497704216629 -0.0013000672481054687 0.003533626247397558
v 0.0025726424485489337 -0.0013004284522699638 0.003267423784955036
v 0.002616620188064522 -0.0013001791856336736 0.003378644388458556
v 0.0024309071264939914 -0.001499999594408996 0.003459793493570256
v 0.0024309071264939914 -0.001499999594408996 0.003459793493570256
v 0.002316693892843446 -0.0014999988791532248 0.003062803175489375
v 0.0025726424485489337 -0.0013004284522699638 0.003267423784955036
v 0.002316693892843446 -0.0014999988791532248 0.003062803175489375
v 0.0025410600915495847 -0.0012999914309937133 0.0031448883119870865
v 0.0025726424485489337 -0.0013004284522699638 0.003267423784955036
v 0.002316693892843446 -0.0014999988791532248 0.003062803175489375
v 0.0025256882913504692 -0.0012996786258030746 0.002880358117537812
v 0.002525550485405203 -0.0012997090241733539 0.003024783278129938
v 0.002316693892843446 -0.0014999988791532248 0.003062803175489375
v 0.002357709519791584 -0.0014999999520368817 0.0026592544388230606
v 0.0025256882913504692 -0.0012996786258030746 0.002880358117537812
v 0.002357709519791584 -0.0014999999520368817 0.0026592544388230606
v 0.002501901030165093 -0.0014999997136182913 0.0023196507602019074
v 0.0025941680709855304 -0.0012999135873239392 0.002587640169979671
v 0.002501901030165093 -0.0014999997136182913 0.0023196507602019074
v 0.0026325396357658455 -0.0013003047130215328 0.0025021134611291625
v 0.0025941680709855304 -0.0012999135873239392 0.002587640169979671
v 0.002501901030165093 -0.0014999997136182913 0.0023196507602019074
v 0.002697132953958375 -0.0013003132960907882 0.0023929661456879854
v 0.0026325396357658455 -0.0013003047130215328 0.0025021134611291625
v 0.002501901030165093 -0.0014999997136182913 0.0023196507602019074
v 0.0027739037400754947 -0.0013002615592566658 0.002294291843668444
v 0.002697132953958375 -0.0013003132960907882 0.0023929661456879854
v 0.002501901030165093 -0.0014999997136182913 0.0023196507602019074
v 0.0026574343513037497 -0.001500000071246177 0.0021262003001162873
v 0.0027739037400754947 -0.0013002615592566658 0.002294291843668444
v 0.0028434046665333497 -0.0012998397967702024 0.0022235303981230077
v 0.0026574343513037497 -0.001500000071246177 0.0021262003001162873
v 0.0028251172453919167 -0.001500000071246177 0.0019773692831823865
v 0.0028251172453919167 -0.001500000071246177 0.0019773692831823865
v 0.0029259025056110883 -0.0013001937291676896 0.0021546417306053662
v 0.0028434046665333497 -0.0012998397967702024 0.0022235303981230077
v 0.003013812923528674 -0.0012998668572802158 0.0020962422889735095
v 0.0028251172453919167 -0.001500000071246177 0.0019773692831823865
v 0.003021205091924827 -0.001500000071246177 0.001866354554131699
v 0.003021205091924827 -0.001500000071246177 0.001866354554131699
v 0.0031137141276145466 -0.001500000071246177 0.0018290705357516114
v 0.0031223272376122704 -0.0013002313993049769 0.00203996882591248
v 0.0031137141276145466 -0.001500000071246177 0.0018290705357516114
v 0.003177496584181038 -0.001500000071246177 0.0018075899744286052
v 0.003297000564771723 -0.0012995232960914122 0.0019810236441271385
v 0.003177496584181038 -0.001500000071246177 0.0018075899744286052
v 0.0033060506960456973 -0.001500000071246177 0.0017762361416481793
v 0.003297000564771723 -0.0012995232960914122 0.0019810236441271385
v 0.003297000564771723 -0.0012995232960914122 0.0019810236441271385
v 0.0033060506960456973 -0.001500000071246177 0.0017762361416481793
v 0.0033560046359488995 -0.001500000071246177 0.0017662142161996293
v 0.0033560046359488995 -0.001500000071246177 0.0017662142161996293
v 0.0034419244970550203 -0.0013001098058238597 0.0019599777198944786
v 0.003297000564771723 -0.0012995232960914122 0.0019810236441271385
v 0.0033560046359488995 -0.001500000071246177 0.0017662142161996293
v 0.003712663588436165 -0.0014999998328275865 0.001765931928588565
v 0.0035784210474225355 -0.0012998932025344578 0.0019570001101186503
v 0.003712663588436165 -0.0014999998328275865 0.001765931928588565
v 0.003746525703997166 -0.001300087036848474 0.0019812084185347185
v 0.0035784210474225355 -0.0012998932025344578 0.0019570001101186503
v 0.003712663588436165 -0.0014999998328275865 0.001765931928588565
v 0.004062748625129619 -0.0014999998328275865 0.0018789000211506114
v 0.003857388679615047 -0.0013003515622745515 0.002013258552808483
v 0.004062748625129619 -0.0014999998328275865 0.0018789000211506114
v 0.004059118940508976 -0.0012998420617468115 0.002111533980526242
v 0.0039720179537058855 -0.0012999175212306813 0.002062635042885674
v 0.004062748625129619 -0.0014999998328275865 0.0018789000211506114
v 0.004374957769292253 -0.001499999475199701 0.0021025281951100867
v 0.004059118940508976 -0.0012998420617468115 0.002111533980526242
v 0.004374957769292253 -0.001499999475199701 0.0021025281951100867
v 0.004159532744564264 -0.0012997216603586464 0.002184263333117053
v 0.004059118940508976 -0.0012998420617468115 0.002111533980526242
v 0.004374957769292253 -0.001499999475199701 0.0021025281951100867
v 0.004268142902921212 -0.0013003818414355356 0.0022874637736572385
v 0.004159532744564264 -0.0012997216603586464 0.002184263333117053
v 0.004374957769292253 -0.001499999475199701 0.0021025281951100867
v 0.004343986717558756 -0.0013000969312199767 0.002384361618759517
v 0.004268142902921212 -0.0013003818414355356 0.0022874637736572385
v 0.004343986717558756 -0.0013000969312199767 0.002384361618759517
v 0.004374957769292253 -0.001499999475199701 0.0021025281951100867
v 0.004574053504761976 -0.0014999999520368817 0.0023703342609918128
v 0.004574053504761976 -0.0014999999520368817 0.0023703342609918128
v 0.004445180150404736 -0.0013008670232670522 0.0025651730325294826
v 0.004391442030634295 -0.0013001174352187533 0.002458972570865969
v 0.004445180150404736 -0.0013008670232670522 0.0025651730325294826
v 0.004574053504761976 -0.0014999999520368817 0.0023703342609918128
v 0.004686573728001907 -0.001499999475199701 0.0026461666887202247
v 0.004686573728001907 -0.001499999475199701 0.0026461666887202247
v 0.004509152149750616 -0.0013004998586377964 0.0027832971941196822
v 0.004486836169686758 -0.0013002548835361338 0.002686138519079478
v 0.004686573728001907 -0.001499999475199701 0.0026461666887202247
v 0.004719729170860886 -0.0014999980446881583 0.003139910608656176
v 0.0045220939876761115 -0.0012997702977510933 0.002893814939618627
v 0.004719729170860886 -0.0014999980446881583 0.003139910608656176
v 0.004523300862580847 -0.001300679387836387 0.0030165595056903796
v 0.0045220939876761115 -0.0012997702977510933 0.002893814939618627
v 0.004719729170860886 -0.0014999980446881583 0.003139910608656176
v 0.004507240032655401 -0.001300182165866054 0.003139315515854473
v 0.004523300862580847 -0.001300679387836387 0.0030165595056903796
v 0.004418891162950022 -0.001299924077741918 0.0034053498931907447
v 0.004719729170860886 -0.0014999980446881583 0.003139910608656176
v 0.004493223880561447 -0.0014999981638974536 0.0036809694131179063
v 0.004268354141792329 -0.0012995739600418776 0.0036247724824244034
v 0.004339066234689547 -0.0012995267531609733 0.0035373014699689722
v 0.004493223880561447 -0.0014999981638974536 0.0036809694131179063
v 0.004493223880561447 -0.0014999981638974536 0.0036809694131179063
v 0.004201234063378466 -0.0013003968618067324 0.003693269905035156
v 0.004268354141792329 -0.0012995739600418776 0.0036247724824244034
v 0.004201234063378466 -0.0013003968618067324 0.003693269905035156
v 0.004493223880561447 -0.0014999981638974536 0.0036809694131179063
v 0.004120784955248257 -0.0014999982831067488 0.004008886050854975
v 0.004120784955248257 -0.0014999982831067488 0.004008886050854975
v 0.004089260295547791 -0.0013004669568723176 0.00378297633019442
v 0.004201234063378466 -0.0013003968618067324 0.003693269905035156
v 0.0037906979930825415 -0.0012997493169151358 0.003921723552055555
v 0.003953007647398281 -0.0013007522247157621 0.0038612930224518607
v 0.004120784955248257 -0.0014999982831067488 0.004008886050854975
v 0.003953007647398281 -0.0013007522247157621 0.0038612930224518607
v 0.004089260295547791 -0.0013004669568723176 0.00378297633019442
v 0.004120784955248257 -0.0014999982831067488 0.004008886050854975
v 0.004339066234689547 -0.0012995267531609733 0.0035373014699689722
v 0.004418891162950022 -0.001299924077741918 0.0034053498931907447
v 0.004493223880561447 -0.0014999981638974536 0.0036809694131179063
v 0.004418891162950022 -0.001299924077741918 0.0034053498931907447
v 0.004477961752913927 -0.0013007534168087143 0.0032602776645442024
v 0.004719729170860886 -0.0014999980446881583 0.003139910608656176
v 0.004477961752913927 -0.0013007534168087143 0.0032602776645442024
v 0.004507240032655401 -0.001300182165866054 0.003139315515854473
v 0.004719729170860886 -0.0014999980446881583 0.003139910608656176
v 0.0045220939876761115 -0.0012997702977510933 0.002893814939618627
v 0.004509152149750616 -0.0013004998586377964 0.0027832971941196822
v 0.004686573728001907 -0.001499999475199701 0.0026461666887202247
v 0.004486836169686758 -0.0013002548835361338 0.002686138519079478
v 0.004445180150404736 -0.0013008670232670522 0.0025651730325294826
v 0.004686573728001907 -0.001499999475199701 0.0026461666887202247
v 0.004391442030634295 -0.0013001174352187533 0.002458972570865969
v 0.004343986717558756 -0.0013000969312199767 0.002384361618759517
v 0.004574053504761976 -0.0014999999520368817 0.0023703342609918128
v 0.0039720179537058855 -0.0012999175212306813 0.002062635042885674
v 0.003857388679615047 -0.0013003515622745515 0.002013258552808483
v 0.004062748625129619 -0.0014999998328275865 0.0018789000211506114
v 0.003857388679615047 -0.0013003515622745515 0.002013258552808483
v 0.003746525703997166 -0.001300087036848474 0.0019812084185347185
v 0.003712663588436165 -0.0014999998328275865 0.001765931928588565
v 0.0035784210474225355 -0.0012998932025344578 0.0019570001101186503
v 0.0034419244970550203 -0.0013001098058238597 0.0019599777198944786
v 0.0033560046359488995 -0.001500000071246177 0.0017662142161996293
v 0.003297000564771723 -0.0012995232960914122 0.0019810236441271385
v 0.0031223272376122704 -0.0013002313993049769 0.00203996882591248
v 0.0031137141276145466 -0.001500000071246177 0.0018290705357516114
v 0.0031223272376122704 -0.0013002313993049769 0.00203996882591248
v 0.003013812923528674 -0.0012998668572802158 0.0020962422889735095
v 0.003021205091924827 -0.001500000071246177 0.001866354554131699
v 0.003013812923528674 -0.0012998668572802158 0.0020962422889735095
v 0.0029259025056110883 -0.0013001937291676896 0.0021546417306053662
v 0.0028251172453919167 -0.001500000071246177 0.0019773692831823865
v 0.0028434046665333497 -0.0012998397967702024 0.0022235303981230077
v 0.0027739037400754947 -0.0013002615592566658 0.002294291843668444
v 0.0026574343513037497 -0.001500000071246177 0.0021262003001162873
v 0.0025941680709855304 -0.0012999135873239392 0.002587640169979671
v 0.0025513669272136936 -0.0013006023786316795 0.0027193917135605312
v 0.002357709519791584 -0.0014999999520368817 0.0026592544388230606
v 0.0025513669272136936 -0.0013006023786316795 0.0027193917135605312
v 0.0025256882913504692 -0.0012996786258030746 0.002880358117537812
v 0.002357709519791584 -0.0014999999520368817 0.0026592544388230606
v 0.002525550485405203 -0.0012997090241733539 0.003024783278129938
v 0.0025410600915495847 -0.0012999914309937133 0.0031448883119870865
v 0.002316693892843446 -0.0014999988791532248 0.003062803175489375
v 0.002704497704216629 -0.0013000672481054687 0.003533626247397558
v 0.0028092104338758857 -0.0013002585790242854 0.003657278473043062
v 0.0026890882338802265 -0.0014999992367811105 0.0038296589286183893
v 0.0029226266341786373 -0.001299333395684138 0.0037575356360844405
v 0.003041874314784614 -0.0013002485654434875 0.003833785000744299
v 0.0029808107838233395 -0.0014999999520368817 0.0040301997191646835
v 0.0031164921810301885 -0.0012999706885763462 0.0038701390674124305
v 0.0031975506870775263 -0.0013000980041036336 0.003902652210588802
v 0.0029808107838233395 -0.0014999999520368817 0.0040301997191646835
v 0.0031975506870775263 -0.0013000980041036336 0.003902652210588802
v 0.0033112734936875656 -0.0013000794074535804 0.003934459634737513
v 0.003303103365430853 -0.001499999594408996 0.004144270140079564
v 0.003470290825688115 -0.0013001261374973039 0.003957082221108659
v 0.0035915502823601056 -0.0013000592610826894 0.003954622456511236
v 0.003662875111034718 -0.0014999997136182913 0.004152968127095479
v 0.0036591989347889422 -0.001299789728866213 0.003947947689653674
v 0.0037906979930825415 -0.0012997493169151358 0.003921723552055555
v 0.003662875111034718 -0.0014999997136182913 0.004152968127095479
v -0.0014138426260146967 -0.0014999993559904057 -0.014782837616209573
v -0.0014151724057027968 -0.0014999988791532248 -0.015287029038777985
v -0.00017570639491176762 -0.0015000004288740626 -0.015218064077311407
v -0.004633119803191254 -0.0015000007865019482 -0.013949886984605527
v -0.003756227910115955 -0.0014999999520368817 -0.014716654522856084
v -0.003674566920290611 -0.0015000001904554722 -0.01449763176159857
v -0.003674566920290611 -0.0015000001904554722 -0.01449763176159857
v -0.003007117891090926 -0.0015000001904554722 -0.011927024454137512
v -0.003083089974930119 -0.001499999594408996 -0.012144731144775874
v -0.00017570639491176762 -0.0015000004288740626 -0.015218064077311407
v -2.068624743725971e-05 -0.001500000071246177 -0.014807694184773009
v -0.0014138426260146967 -0.0014999993559904057 -0.014782837616209573
v -0.003674566920290611 -0.0015000001904554722 -0.01449763176159857
v -0.003280002511367313 -0.00149999899836252 -0.012524741767683808
v -0.003561316897745386 -0.0014999999520368817 -0.012863501206076263
v -0.003083089974930119 -0.001499999594408996 -0.012144731144775874
v -0.003280002511367313 -0.00149999899836252 -0.012524741767683808
v -0.003674566920290611 -0.0015000001904554722 -0.01449763176159857
v -0.003007117891090926 -0.0015000001904554722 -0.011927024454137512
v -0.003674566920290611 -0.0015000001904554722 -0.01449763176159857
v 0.0031137141276145466 -0.001500000071246177 0.0018290705357516114
v 0.0031137141276145466 -0.001500000071246177 0.0018290705357516114
v 0.003021205091924827 -0.001500000071246177 0.001866354554131699
v -0.002982084177514804 -0.001500000071246177 -0.011833949651132712
v -2.068624743725971e-05 -0.001500000071246177 -0.014807694184773009
v 5.994698317469655e-05 -0.001500000071246177 -0.014517140124341573
v -0.0014138426260146967 -0.0014999993559904057 -0.014782837616209573
v -0.004305522646365355 -0.0014999998328275865 -0.01348781840491919
v -0.004633119803191254 -0.0015000007865019482 -0.013949886984605527
v -0.003674566920290611 -0.0015000001904554722 -0.01449763176159857
v -0.002982084177514804 -0.001500000071246177 -0.011833949651132712
v -0.003007117891090926 -0.0015000001904554722 -0.011927024454137512
v 0.0031137141276145466 -0.001500000071246177 0.0018290705357516114
v -0.000522206331260988 -0.001500000071246177 -0.016031407164038832
v -0.0014151724057027968 -0.0014999988791532248 -0.015287029038777985
v -0.0015310449135334104 -0.0014999999520368817 -0.015585709358445495
v -0.000522206331260988 -0.001500000071246177 -0.016031407164038832
v -0.00017570639491176762 -0.0015000004288740626 -0.015218064077311407
v -0.0014151724057027968 -0.0014999988791532248 -0.015287029038777985
v -0.003998897980846266 -0.0015000004288740626 -0.013207062394879895
v -0.004305522646365355 -0.0014999998328275865 -0.01348781840491919
v -0.003674566920290611 -0.0015000001904554722 -0.01449763176159857
v -0.0009408169835635122 -0.0015000003096647674 -0.016631071880631728
v -0.0016608826710889225 -0.0014999998328275865 -0.015787978922190967
v -0.0020237873561802784 -0.0014999987599439296 -0.01609616737524466
v -0.0016608826710889225 -0.0014999998328275865 -0.015787978922190967
v -0.0009408169835635122 -0.0015000003096647674 -0.016631071880631728
v -0.0006809566344402606 -0.0015000001904554722 -0.01630681115356025
v -0.003561316897745386 -0.0014999999520368817 -0.012863501206076263
v -0.003998897980846266 -0.0015000004288740626 -0.013207062394879895
v -0.003674566920290611 -0.0015000001904554722 -0.01449763176159857
v -0.0015310449135334104 -0.0014999999520368817 -0.015585709358445495
v -0.0016608826710889225 -0.0014999998328275865 -0.015787978922190967
v -0.0006809566344402606 -0.0015000001904554722 -0.01630681115356025
v 5.994698317469655e-05 -0.001500000071246177 -0.014517140124341573
v -0.0015408652560637555 -0.001500000071246177 -0.014456124038679793
v -0.0014138426260146967 -0.0014999993559904057 -0.014782837616209573
v 0.004719729170860886 -0.0014999980446881583 0.003139910608656176
v 0.004686573728001907 -0.001499999475199701 0.0026461666887202247
v 0.0058136299033603725 -0.0015000005480833578 0.0026957100718107137
v 0.004719729170860886 -0.0014999980446881583 0.003139910608656176
v 0.005810888089570475 -0.0015000007865019482 0.003259779131271622
v 0.005595853117656423 -0.0015000016209670147 0.003975902746218284
v 0.004493223880561447 -0.0014999981638974536 0.0036809694131179063
v 0.004719729170860886 -0.0014999980446881583 0.003139910608656176
v 0.005595853117656423 -0.0015000016209670147 0.003975902746218284
v -0.0037974731341666726 -0.0014999999520368817 -0.014953390831707877
v -0.004882882350149552 -0.0015000001904554722 -0.014765469298734232
v -0.00489606642136292 -0.0015000001904554722 -0.015159660105726332
v -0.0016164460949960597 -0.001500000071246177 -0.014331342424171441
v 5.994698317469655e-05 -0.001500000071246177 -0.014517140124341573
v 0.0033060506960456973 -0.001500000071246177 0.0017762361416481793
v -0.0016164460949960597 -0.001500000071246177 -0.014331342424171441
v -0.0015408652560637555 -0.001500000071246177 -0.014456124038679793
v 5.994698317469655e-05 -0.001500000071246177 -0.014517140124341573
v 0.004062748625129619 -0.0014999998328275865 0.0018789000211506114
v 0.004432727547426795 -0.0014999999520368817 0.0004906190568782115
v 0.004909260982994267 -0.001500000071246177 0.0010739942107104714
v 0.004120784955248257 -0.0014999982831067488 0.004008886050854975
v 0.004914488549007944 -0.0015000013825484243 0.00479804777046705
v 0.004557184435814986 -0.001500000071246177 0.00501317667930573
v -0.004633119803191254 -0.0015000007865019482 -0.013949886984605527
v -0.0048087131876911595 -0.0015000001904554722 -0.014391342846638008
v -0.003756227910115955 -0.0014999999520368817 -0.014716654522856084
v -0.0037974731341666726 -0.0014999999520368817 -0.014953390831707877
v -0.003756227910115955 -0.0014999999520368817 -0.014716654522856084
v -0.0048087131876911595 -0.0015000001904554722 -0.014391342846638008
v -0.00489606642136292 -0.0015000001904554722 -0.015159660105726332
v -0.003776988447295875 -0.0014999991175718153 -0.015268664131594663
v -0.0037974731341666726 -0.0014999999520368817 -0.014953390831707877
v 0.005716945442896525 -0.0015000007865019482 0.00224633561313442
v 0.004686573728001907 -0.001499999475199701 0.0026461666887202247
v 0.004574053504761976 -0.0014999999520368817 0.0023703342609918128
v 0.005595853117656423 -0.0015000016209670147 0.003975902746218284
v 0.005265238058312915 -0.001500000071246177 0.004463663313208909
v 0.004493223880561447 -0.0014999981638974536 0.0036809694131179063
v 0.002501901030165093 -0.0014999997136182913 0.0023196507602019074
v 0.002357709519791584 -0.0014999999520368817 0.0026592544388230606
v 0.00039053605861713917 -0.001500000071246177 0.0017092367030410722
v -0.004835899582720237 -0.0015000005480833578 -0.015572769904705904
v -0.004725661025390681 -0.001500000071246177 -0.01590359095771154
v -0.003776988447295875 -0.0014999991175718153 -0.015268664131594663
v -0.004725661025390681 -0.001500000071246177 -0.01590359095771154
v -0.0036036464495453604 -0.0014999985215253392 -0.01569863966166096
v -0.003776988447295875 -0.0014999991175718153 -0.015268664131594663
v -0.0036036464495453604 -0.0014999985215253392 -0.01569863966166096
v -0.004725661025390681 -0.001500000071246177 -0.01590359095771154
v -0.004531267858198517 -0.001500000667292653 -0.016286099253772775
v -0.0016680652695440913 -0.00150000174017631 -0.017143469671082597
v -0.0020237873561802784 -0.0014999987599439296 -0.01609616737524466
v -0.002475250600127293 -0.0014999991175718153 -0.01623284035536909
v 0.003177496584181038 -0.001500000071246177 0.0018075899744286052
v 0.0031137141276145466 -0.001500000071246177 0.0018290705357516114
v -0.002273734677546157 -0.001500000071246177 -0.01387441605664341
v 0.0031137141276145466 -0.001500000071246177 0.0018290705357516114
v -0.002647236234516875 -0.001500000071246177 -0.013827490509675796
v -0.0024020048328696193 -0.001500000071246177 -0.01384560460050199
v 0.004909260982994267 -0.001500000071246177 0.0010739942107104714
v 0.004374957769292253 -0.001499999475199701 0.0021025281951100867
v 0.004062748625129619 -0.0014999998328275865 0.0018789000211506114
v 0.004909260982994267 -0.001500000071246177 0.0010739942107104714
v 0.005270341169822389 -0.0014999999520368817 0.0014576992488863486
v 0.004374957769292253 -0.001499999475199701 0.0021025281951100867
v 0.005270341169822389 -0.0014999999520368817 0.0014576992488863486
v 0.005515877032009619 -0.0015000010249205387 0.0017958472628036566
v 0.004374957769292253 -0.001499999475199701 0.0021025281951100867
v 0.004574053504761976 -0.0014999999520368817 0.0023703342609918128
v 0.005515877032009619 -0.0015000010249205387 0.0017958472628036566
v 0.005716945442896525 -0.0015000007865019482 0.00224633561313442
v 0.004686573728001907 -0.001499999475199701 0.0026461666887202247
v 0.005716945442896525 -0.0015000007865019482 0.00224633561313442
v 0.0058136299033603725 -0.0015000005480833578 0.0026957100718107137
v 0.004120784955248257 -0.0014999982831067488 0.004008886050854975
v 0.004557184435814986 -0.001500000071246177 0.00501317667930573
v 0.004170913894396832 -0.0015000015017577195 0.005172095544428434
v 0.002357709519791584 -0.0014999999520368817 0.0026592544388230606
v 0.002316693892843446 -0.0014999988791532248 0.003062803175489375
v 0.0007036930656883349 -0.001500000071246177 0.0025269180544398857
v -0.003776988447295875 -0.0014999991175718153 -0.015268664131594663
v -0.00489606642136292 -0.0015000001904554722 -0.015159660105726332
v -0.004835899582720237 -0.0015000005480833578 -0.015572769904705904
v -0.002475250600127293 -0.0014999991175718153 -0.01623284035536909
v -0.00221646033324252 -0.0015000015017577195 -0.01730644117540536
v -0.0016680652695440913 -0.00150000174017631 -0.017143469671082597
v -0.0016680652695440913 -0.00150000174017631 -0.017143469671082597
v -0.0012304235089119484 -0.0015000003096647674 -0.0168844707879312
v -0.0020237873561802784 -0.0014999987599439296 -0.01609616737524466
v -0.0012304235089119484 -0.0015000003096647674 -0.0168844707879312
v -0.0009408169835635122 -0.0015000003096647674 -0.016631071880631728
v -0.0020237873561802784 -0.0014999987599439296 -0.01609616737524466
v -0.0018222576053208979 -0.001500000071246177 -0.014112633421778927
v -0.0016164460949960597 -0.001500000071246177 -0.014331342424171441
v 0.0033060506960456973 -0.001500000071246177 0.0017762361416481793
v 0.0033060506960456973 -0.001500000071246177 0.0017762361416481793
v -0.001985375260239591 -0.001500000071246177 -0.0139952446909225
v -0.0018222576053208979 -0.001500000071246177 -0.014112633421778927
v 0.0033060506960456973 -0.001500000071246177 0.0017762361416481793
v -0.002273734677546157 -0.001500000071246177 -0.01387441605664341
v -0.0021629589631323716 -0.001500000071246177 -0.013910804455588562
v 0.0033060506960456973 -0.001500000071246177 0.0017762361416481793
v 0.003177496584181038 -0.001500000071246177 0.0018075899744286052
v -0.002273734677546157 -0.001500000071246177 -0.01387441605664341
v 0.004120784955248257 -0.0014999982831067488 0.004008886050854975
v 0.004493223880561447 -0.0014999981638974536 0.0036809694131179063
v 0.004914488549007944 -0.0015000013825484243 0.00479804777046705
v 0.003662875111034718 -0.0014999997136182913 0.004152968127095479
v 0.004120784955248257 -0.0014999982831067488 0.004008886050854975
v 0.004170913894396832 -0.0015000015017577195 0.005172095544428434
v 0.0005157203919270436 -0.0015000001904554722 0.0021011928125851116
v 0.00039053605861713917 -0.001500000071246177 0.0017092367030410722
v 0.002357709519791584 -0.0014999999520368817 0.0026592544388230606
v 0.00039053605861713917 -0.001500000071246177 0.0017092367030410722
v 0.0003520167041130839 -0.001500000071246177 0.0015625948456044615
v 0.002501901030165093 -0.0014999997136182913 0.0023196507602019074
v -0.0048087131876911595 -0.0015000001904554722 -0.014391342846638008
v -0.004882882350149552 -0.0015000001904554722 -0.014765469298734232
v -0.0037974731341666726 -0.0014999999520368817 -0.014953390831707877
v -0.0006809566344402606 -0.0015000001904554722 -0.01630681115356025
v -0.000522206331260988 -0.001500000071246177 -0.016031407164038832
v -0.0015310449135334104 -0.0014999999520368817 -0.015585709358445495
v -0.0029897252549193616 -0.001500000071246177 -0.013892222110650772
v -0.002647236234516875 -0.001500000071246177 -0.013827490509675796
v 0.0031137141276145466 -0.001500000071246177 0.0018290705357516114
v -0.003674566920290611 -0.0015000001904554722 -0.01449763176159857
v -0.0035356935749951404 -0.001500000071246177 -0.014281166754979143
v 0.0031137141276145466 -0.001500000071246177 0.0018290705357516114
v 0.004574053504761976 -0.0014999999520368817 0.0023703342609918128
v 0.004374957769292253 -0.001499999475199701 0.0021025281951100867
v 0.005515877032009619 -0.0015000010249205387 0.0017958472628036566
v 0.005265238058312915 -0.001500000071246177 0.004463663313208909
v 0.004914488549007944 -0.0015000013825484243 0.00479804777046705
v 0.004493223880561447 -0.0014999981638974536 0.0036809694131179063
v 0.0028214408307275503 -0.0015000005480833578 0.005152667290331813
v 0.0029808107838233395 -0.0014999999520368817 0.0040301997191646835
v 0.003303103365430853 -0.001499999594408996 0.004144270140079564
v -0.0036036464495453604 -0.0014999985215253392 -0.01569863966166096
v -0.004531267858198517 -0.001500000667292653 -0.016286099253772775
v -0.00415248175317101 -0.0015000005480833578 -0.016731081803594835
v -0.0032502721899783918 -0.0014999987599439296 -0.01605049781741141
v -0.0036036464495453604 -0.0014999985215253392 -0.01569863966166096
v -0.00415248175317101 -0.0015000005480833578 -0.016731081803594835
v 0.0031137141276145466 -0.001500000071246177 0.0018290705357516114
v -0.003360244195323852 -0.001500000071246177 -0.014101293279943913
v -0.003197144660218031 -0.001500000071246177 -0.013991385170780687
v 0.003712663588436165 -0.0014999998328275865 0.001765931928588565
v 0.003489415811337714 -0.0014999999520368817 -0.0011502010176519387
v 0.003927339740371626 -0.0014999999520368817 -0.0002810087039428234
v 0.003712663588436165 -0.0014999998328275865 0.001765931928588565
v 0.003927339740371626 -0.0014999999520368817 -0.0002810087039428234
v 0.004432727547426795 -0.0014999999520368817 0.0004906190568782115
v 0.0058136299033603725 -0.0015000005480833578 0.0026957100718107137
v 0.005810888089570475 -0.0015000007865019482 0.003259779131271622
v 0.004719729170860886 -0.0014999980446881583 0.003139910608656176
v 0.0029808107838233395 -0.0014999999520368817 0.0040301997191646835
v 0.0028214408307275503 -0.0015000005480833578 0.005152667290331813
v 0.002417959089685145 -0.001500000071246177 0.004975822685069352
v 0.002417959089685145 -0.001500000071246177 0.004975822685069352
v 0.002114764552426512 -0.001500000071246177 0.004777556646294311
v 0.0026890882338802265 -0.0014999992367811105 0.0038296589286183893
v 0.00180703004836899 -0.001500000071246177 0.004490140174512879
v 0.0015186370140411738 -0.0015000004288740626 0.004096071914676257
v 0.0026890882338802265 -0.0014999992367811105 0.0038296589286183893
v 0.0026574343513037497 -0.001500000071246177 0.0021262003001162873
v 0.0003520167041130839 -0.001500000071246177 0.0015625948456044615
v -0.002982084177514804 -0.001500000071246177 -0.011833949651132712
v 0.0026574343513037497 -0.001500000071246177 0.0021262003001162873
v 0.002501901030165093 -0.0014999997136182913 0.0023196507602019074
v 0.0003520167041130839 -0.001500000071246177 0.0015625948456044615
v -0.0024020048328696193 -0.001500000071246177 -0.01384560460050199
v -0.002273734677546157 -0.001500000071246177 -0.01387441605664341
v 0.0031137141276145466 -0.001500000071246177 0.0018290705357516114
v -0.003197144660218031 -0.001500000071246177 -0.013991385170780687
v -0.0029897252549193616 -0.001500000071246177 -0.013892222110650772
v 0.0031137141276145466 -0.001500000071246177 0.0018290705357516114
v 0.0033560046359488995 -0.001500000071246177 0.0017662142161996293
v 0.0031789101680036727 -0.0014999999520368817 -0.0020157474044739383
v 0.003489415811337714 -0.0014999999520368817 -0.0011502010176519387
v -0.0027416926732531928 -0.001500000667292653 -0.017330490935458794
v -0.002475250600127293 -0.0014999991175718153 -0.01623284035536909
v -0.0028497497004803525 -0.0014999997136182913 -0.016206686789673738
v 0.004432727547426795 -0.0014999999520368817 0.0004906190568782115
v 0.004062748625129619 -0.0014999998328275865 0.0018789000211506114
v 0.003712663588436165 -0.0014999998328275865 0.001765931928588565
v 0.003662875111034718 -0.0014999997136182913 0.004152968127095479
v 0.004170913894396832 -0.0015000015017577195 0.005172095544428434
v 0.003763815581756257 -0.001500000071246177 0.005244841824739165
v 0.0024309071264939914 -0.001499999594408996 0.003459793493570256
v 0.0026890882338802265 -0.0014999992367811105 0.0038296589286183893
v 0.0015186370140411738 -0.0015000004288740626 0.004096071914676257
v 0.0015186370140411738 -0.0015000004288740626 0.004096071914676257
v 0.0011082226564356615 -0.001500000071246177 0.0032393595326760108
v 0.002316693892843446 -0.0014999988791532248 0.003062803175489375
v 0.0007036930656883349 -0.001500000071246177 0.0025269180544398857
v 0.0005157203919270436 -0.0015000001904554722 0.0021011928125851116
v 0.002357709519791584 -0.0014999999520368817 0.0026592544388230606
v -0.002475250600127293 -0.0014999991175718153 -0.01623284035536909
v -0.0027416926732531928 -0.001500000667292653 -0.017330490935458794
v -0.00221646033324252 -0.0015000015017577195 -0.01730644117540536
v -0.0021629589631323716 -0.001500000071246177 -0.013910804455588562
v -0.001985375260239591 -0.001500000071246177 -0.0139952446909225
v 0.0033060506960456973 -0.001500000071246177 0.0017762361416481793
v 0.0031137141276145466 -0.001500000071246177 0.0018290705357516114
v -0.0035356935749951404 -0.001500000071246177 -0.014281166754979143
v -0.003360244195323852 -0.001500000071246177 -0.014101293279943913
v 0.003662875111034718 -0.0014999997136182913 0.004152968127095479
v 0.003763815581756257 -0.001500000071246177 0.005244841824739165
v 0.003393868130713017 -0.0015000007865019482 0.005259444963402748
v 0.003303103365430853 -0.001499999594408996 0.004144270140079564
v 0.003393868130713017 -0.0015000007865019482 0.005259444963402748
v 0.0028214408307275503 -0.0015000005480833578 0.005152667290331813
v 0.0026890882338802265 -0.0014999992367811105 0.0038296589286183893
v 0.0029808107838233395 -0.0014999999520368817 0.0040301997191646835
v 0.002417959089685145 -0.001500000071246177 0.004975822685069352
v 0.002114764552426512 -0.001500000071246177 0.004777556646294311
v 0.00180703004836899 -0.001500000071246177 0.004490140174512879
v 0.0026890882338802265 -0.0014999992367811105 0.0038296589286183893
v 0.0011082226564356615 -0.001500000071246177 0.0032393595326760108
v 0.0007036930656883349 -0.001500000071246177 0.0025269180544398857
v 0.002316693892843446 -0.0014999988791532248 0.003062803175489375
v -0.00415248175317101 -0.0015000005480833578 -0.016731081803594835
v -0.0037004293768870536 -0.0015000007865019482 -0.017054560517689717
v -0.0032502721899783918 -0.0014999987599439296 -0.01605049781741141
v 0.0033560046359488995 -0.001500000071246177 0.0017662142161996293
v 5.994698317469655e-05 -0.001500000071246177 -0.014517140124341573
v 0.003074975636623566 -0.001500000071246177 -0.0024026404568316946
v 0.0033560046359488995 -0.001500000071246177 0.0017662142161996293
v 0.003074975636623566 -0.001500000071246177 -0.0024026404568316946
v 0.0031789101680036727 -0.0014999999520368817 -0.0020157474044739383
v -0.0028497497004803525 -0.0014999997136182913 -0.016206686789673738
v -0.0032502721899783918 -0.0014999987599439296 -0.01605049781741141
v -0.003233617459344195 -0.0015000007865019482 -0.01724582372562677
v -0.0028497497004803525 -0.0014999997136182913 -0.016206686789673738
v -0.003233617459344195 -0.0015000007865019482 -0.01724582372562677
v -0.0027416926732531928 -0.001500000667292653 -0.017330490935458794
v 0.003303103365430853 -0.001499999594408996 0.004144270140079564
v 0.003662875111034718 -0.0014999997136182913 0.004152968127095479
v 0.003393868130713017 -0.0015000007865019482 0.005259444963402748
v -0.002982084177514804 -0.001500000071246177 -0.011833949651132712
v 0.003021205091924827 -0.001500000071246177 0.001866354554131699
v 0.0028251172453919167 -0.001500000071246177 0.0019773692831823865
v 0.003489415811337714 -0.0014999999520368817 -0.0011502010176519387
v 0.003712663588436165 -0.0014999998328275865 0.001765931928588565
v 0.0033560046359488995 -0.001500000071246177 0.0017662142161996293
v -0.0032502721899783918 -0.0014999987599439296 -0.01605049781741141
v -0.0037004293768870536 -0.0015000007865019482 -0.017054560517689717
v -0.003233617459344195 -0.0015000007865019482 -0.01724582372562677
v 0.002316693892843446 -0.0014999988791532248 0.003062803175489375
v 0.0024309071264939914 -0.001499999594408996 0.003459793493570256
v 0.0015186370140411738 -0.0015000004288740626 0.004096071914676257
v 0.0033560046359488995 -0.001500000071246177 0.0017662142161996293
v 0.0033060506960456973 -0.001500000071246177 0.0017762361416481793
v 5.994698317469655e-05 -0.001500000071246177 -0.014517140124341573
v 0.0028251172453919167 -0.001500000071246177 0.0019773692831823865
v 0.0026574343513037497 -0.001500000071246177 0.0021262003001162873
v -0.002982084177514804 -0.001500000071246177 -0.011833949651132712
v 0.005270341169822389 -0.0014999999520368817 0.0014576992488863486
v 0.004909260982994267 -0.001500000071246177 0.0010739942107104714
v 0.005162462479700868 -0.0012997576615658007 0.001052976062243596
v 0.004909260982994267 -0.001500000071246177 0.0010739942107104714
v 0.004432727547426795 -0.0014999999520368817 0.0004906190568782115
v 0.004803970565090409 -0.0012997710130068646 0.0006382209365714957
v 0.004432727547426795 -0.0014999999520368817 0.0004906190568782115
v 0.003927339740371626 -0.0014999999520368817 -0.0002810087039428234
v 0.004322371688150749 -0.001300213517910695 -2.6200690619866504e-05
v 0.003927339740371626 -0.0014999999520368817 -0.0002810087039428234
v 0.003489415811337714 -0.0014999999520368817 -0.0011502010176519387
v 0.003850142661814825 -0.0012997737548206545 -0.0008585769941913191
v 0.003489415811337714 -0.0014999999520368817 -0.0011502010176519387
v 0.0031789101680036727 -0.0014999999520368817 -0.0020157474044739383
v 0.0034365905963500134 -0.0012999312302996308 -0.0018709803516231411
v 0.0031789101680036727 -0.0014999999520368817 -0.0020157474044739383
v 0.003074975636623566 -0.001500000071246177 -0.0024026404568316946
v 0.00326905528336932 -0.0013000000140629686 -0.0024509423943218363
v 0.00326905528336932 -0.0013000000140629686 -0.0024509423943218363
v 0.0033177701618580793 -0.0012999317071368116 -0.0022637761714426603
v 0.0031789101680036727 -0.0014999999520368817 -0.0020157474044739383
v 0.0033177701618580793 -0.0012999317071368116 -0.0022637761714426603
v 0.0033783456499647526 -0.0013000000140629686 -0.002055390694015585
v 0.0031789101680036727 -0.0014999999520368817 -0.0020157474044739383
v 0.0033783456499647526 -0.0013000000140629686 -0.002055390694015585
v 0.0034365905963500134 -0.0012999312302996308 -0.0018709803516231411
v 0.0031789101680036727 -0.0014999999520368817 -0.0020157474044739383
v 0.0034365905963500134 -0.0012999312302996308 -0.0018709803516231411
v 0.003507775950149227 -0.0013000000140629686 -0.0016659637288787828
v 0.003489415811337714 -0.0014999999520368817 -0.0011502010176519387
v 0.003507775950149227 -0.0013000000140629686 -0.0016659637288787828
v 0.0035754031449049253 -0.0012999315879275164 -0.0014847763289917157
v 0.003489415811337714 -0.0014999999520368817 -0.0011502010176519387
v 0.0035754031449049253 -0.0012999315879275164 -0.0014847763289917157
v 0.0036788648922202174 -0.0012999314687182212 -0.0012314962733595695
v 0.003489415811337714 -0.0014999999520368817 -0.0011502010176519387
v 0.0036788648922202174 -0.0012999314687182212 -0.0012314962733595695
v 0.003767300307873921 -0.0013000000140629686 -0.0010333042635568555
v 0.003489415811337714 -0.0014999999520368817 -0.0011502010176519387
v 0.003767300307873921 -0.0013000000140629686 -0.0010333042635568555
v 0.003850142661814825 -0.0012997737548206545 -0.0008585769941913191
v 0.003489415811337714 -0.0014999999520368817 -0.0011502010176519387
v 0.003850142661814825 -0.0012997737548206545 -0.0008585769941913191
v 0.003948631235752425 -0.0013000000140629686 -0.0006651674824986047
v 0.003927339740371626 -0.0014999999520368817 -0.0002810087039428234
v 0.003948631235752425 -0.0013000000140629686 -0.0006651674824986047
v 0.004040324879862888 -0.0012997714898440454 -0.0004949177440635894
v 0.003927339740371626 -0.0014999999520368817 -0.0002810087039428234
v 0.004040324879862888 -0.0012997714898440454 -0.0004949177440635894
v 0.004177369792988383 -0.001299931349508926 -0.00025809897218183325
v 0.003927339740371626 -0.0014999999520368817 -0.0002810087039428234
v 0.004177369792988383 -0.001299931349508926 -0.00025809897218183325
v 0.004322371688150749 -0.001300213517910695 -2.6200690619866504e-05
v 0.003927339740371626 -0.0014999999520368817 -0.0002810087039428234
v 0.004322371688150749 -0.001300213517910695 -2.6200690619866504e-05
v 0.00444330665712117 -0.0013000000140629686 0.00015414775150039692
v 0.004432727547426795 -0.0014999999520368817 0.0004906190568782115
v 0.00444330665712117 -0.0013000000140629686 0.00015414775150039692
v 0.0045546986835912065 -0.0012997717282626359 0.00031226159625252764
v 0.004432727547426795 -0.0014999999520368817 0.0004906190568782115
v 0.0045546986835912065 -0.0012997717282626359 0.00031226159625252764
v 0.004684640630070735 -0.0013000000140629686 0.0004860567979411179
v 0.004432727547426795 -0.0014999999520368817 0.0004906190568782115
v 0.004684640630070735 -0.0013000000140629686 0.0004860567979411179
v 0.004803970565090409 -0.0012997710130068646 0.0006382209365714957
v 0.004432727547426795 -0.0014999999520368817 0.0004906190568782115
v 0.004803970565090409 -0.0012997710130068646 0.0006382209365714957
v 0.004979413745878346 -0.0012997636220305614 0.000848375599148826
v 0.004909260982994267 -0.001500000071246177 0.0010739942107104714
v 0.004979413745878346 -0.0012997636220305614 0.000848375599148826
v 0.005162462479700868 -0.0012997576615658007 0.001052976062243596
v 0.004909260982994267 -0.001500000071246177 0.0010739942107104714
v 0.005162462479700868 -0.0012997576615658007 0.001052976062243596
v 0.005371443049929646 -0.0012998549363506945 0.0012719528087131585
v 0.005270341169822389 -0.0014999999520368817 0.0014576992488863486
v 0.0015186370140411738 -0.0015000004288740626 0.004096071914676257
v 0.0013683561736588937 -0.0012991641184849356 0.004226651869303765
v 0.0012641180162038799 -0.0013000206372710404 0.004027435970864467
v 0.0015181045061194577 -0.001300578536772637 0.004450366231583679
v 0.0015186370140411738 -0.0015000004288740626 0.004096071914676257
v 0.00180703004836899 -0.001500000071246177 0.004490140174512879
v 0.00180703004836899 -0.001500000071246177 0.004490140174512879
v 0.0016681676703286792 -0.0013002609632101897 0.004633700590877531
v 0.0015181045061194577 -0.001300578536772637 0.004450366231583679
v 0.00180703004836899 -0.001500000071246177 0.004490140174512879
v 0.00182045313421926 -0.0013001018188010804 0.004787542093698526
v 0.0016681676703286792 -0.0013002609632101897 0.004633700590877531
v 0.00182045313421926 -0.0013001018188010804 0.004787542093698526
v 0.00180703004836899 -0.001500000071246177 0.004490140174512879
v 0.002114764552426512 -0.001500000071246177 0.004777556646294311
v 0.002114764552426512 -0.001500000071246177 0.004777556646294311
v 0.002065517285225332 -0.0013000707051750299 0.004987779854216389
v 0.001954616520260868 -0.0013003088853468653 0.004903526539057345
v 0.002114764552426512 -0.001500000071246177 0.004777556646294311
v 0.002417959089685145 -0.001500000071246177 0.004975822685069352
v 0.002210337028584613 -0.0012997720858905215 0.00508500409436896
v 0.002417959089685145 -0.001500000071246177 0.004975822685069352
v 0.0028214408307275503 -0.0015000005480833578 0.005152667290331813
v 0.0023919719401659096 -0.0013007623575058552 0.005186799772574357
v 0.0028214408307275503 -0.0015000005480833578 0.005152667290331813
v 0.0025593870901770284 -0.0012999609134141388 0.005263587724829987
v 0.0023919719401659096 -0.0013007623575058552 0.005186799772574357
v 0.0028214408307275503 -0.0015000005480833578 0.005152667290331813
v 0.002749138724250782 -0.0013008930108934086 0.005334901109412259
v 0.0025593870901770284 -0.0012999609134141388 0.005263587724829987
v 0.0028214408307275503 -0.0015000005480833578 0.005152667290331813
v 0.0029769436342866325 -0.0013001062295450033 0.005397030133054147
v 0.002749138724250782 -0.0013008930108934086 0.005334901109412259
v 0.0028214408307275503 -0.0015000005480833578 0.005152667290331813
v 0.003393868130713017 -0.0015000007865019482 0.005259444963402748
v 0.0031285840566808156 -0.0013001605889836204 0.005425652284834769
v 0.003393868130713017 -0.0015000007865019482 0.005259444963402748
v 0.00337472740943645 -0.001299746575101346 0.00545403315700188
v 0.0031285840566808156 -0.0013001605889836204 0.005425652284834769
v 0.003393868130713017 -0.0015000007865019482 0.005259444963402748
v 0.0036690043761573856 -0.0012999958417376362 0.005452646037642782
v 0.0035901750839305293 -0.001300074639081772 0.005456061622369223
v 0.003763815581756257 -0.001500000071246177 0.005244841824739165
v 0.003792889536765736 -0.0013000580689897373 0.005442857523994259
v 0.0036690043761573856 -0.0012999958417376362 0.005452646037642782
v 0.0036690043761573856 -0.0012999958417376362 0.005452646037642782
v 0.003393868130713017 -0.0015000007865019482 0.005259444963402748
v 0.003763815581756257 -0.001500000071246177 0.005244841824739165
v 0.003763815581756257 -0.001500000071246177 0.005244841824739165
v 0.004170913894396832 -0.0015000015017577195 0.005172095544428434
v 0.0039527036636954884 -0.0013004673145002033 0.005420104761072741
v 0.004170913894396832 -0.0015000015017577195 0.005172095544428434
v 0.004301785673379021 -0.0012996513268744708 0.005333951249748003
v 0.004115522580120378 -0.001300448121803674 0.0053862950976016335
v 0.004170913894396832 -0.0015000015017577195 0.005172095544428434
v 0.004533225274825913 -0.0012994752547454413 0.005244993458962676
v 0.004301785673379021 -0.0012996513268744708 0.005333951249748003
v 0.004170913894396832 -0.0015000015017577195 0.005172095544428434
v 0.004557184435814986 -0.001500000071246177 0.00501317667930573
v 0.004533225274825913 -0.0012994752547454413 0.005244993458962676
v 0.004557184435814986 -0.001500000071246177 0.00501317667930573
v 0.004752161251716513 -0.0012993430516370502 0.005135291343461578
v 0.004533225274825913 -0.0012994752547454413 0.005244993458962676
v 0.004557184435814986 -0.001500000071246177 0.00501317667930573
v 0.004914488549007944 -0.0015000013825484243 0.00479804777046705
v 0.004752161251716513 -0.0012993430516370502 0.005135291343461578
v 0.004914488549007944 -0.0015000013825484243 0.00479804777046705
v 0.004953521963795281 -0.0012997145078009337 0.00500855183548865
v 0.004752161251716513 -0.0012993430516370502 0.005135291343461578
v 0.004914488549007944 -0.0015000013825484243 0.00479804777046705
v 0.005141231304223447 -0.001299556793903367 0.004864156954057507
v 0.004953521963795281 -0.0012997145078009337 0.00500855183548865
v 0.004914488549007944 -0.0015000013825484243 0.00479804777046705
v 0.005293407214771727 -0.001299722494823713 0.004723129019960358
v 0.005141231304223447 -0.001299556793903367 0.004864156954057507
v 0.005293407214771727 -0.001299722494823713 0.004723129019960358
v 0.004914488549007944 -0.0015000013825484243 0.00479804777046705
v 0.005265238058312915 -0.001500000071246177 0.004463663313208909
v 0.005265238058312915 -0.001500000071246177 0.004463663313208909
v 0.005517682337576323 -0.0013005055806839666 0.004465918753074337
v 0.005410784501535814 -0.0012999966762027027 0.00459737465760307
v 0.005265238058312915 -0.001500000071246177 0.004463663313208909
v 0.005595853117656423 -0.0015000016209670147 0.003975902746218284
v 0.005617264537588206 -0.0013003439328796579 0.004324014392238783
v 0.005595853117656423 -0.0015000016209670147 0.003975902746218284
v 0.005904963296980702 -0.0013000902554994448 0.0037194887974242854
v 0.005821707048366819 -0.0012998939177902291 0.003945363708970639
v 0.005595853117656423 -0.0015000016209670147 0.003975902746218284
v 0.005810888089570475 -0.0015000007865019482 0.003259779131271622
v 0.005904963296980702 -0.0013000902554994448 0.0037194887974242854
v 0.005810888089570475 -0.0015000007865019482 0.003259779131271622
v 0.005954272553015393 -0.0012995473763690452 0.003545236040658344
v 0.005904963296980702 -0.0013000902554994448 0.0037194887974242854
v 0.005810888089570475 -0.0015000007865019482 0.003259779131271622
v 0.006016142654068078 -0.0013000178954572505 0.003155647189298643
v 0.005997237490358852 -0.0012995906493432074 0.003325588861112504
v 0.0058136299033603725 -0.0015000005480833578 0.0026957100718107137
v 0.006020623969893722 -0.0012999914309937133 0.002814130201489323
v 0.006023742961893673 -0.0013006237170955226 0.003002819680742729
v 0.006023742961893673 -0.0013006237170955226 0.003002819680742729
v 0.005810888089570475 -0.0015000007865019482 0.003259779131271622
v 0.0058136299033603725 -0.0015000005480833578 0.0026957100718107137
v 0.0058136299033603725 -0.0015000005480833578 0.0026957100718107137
v 0.006007038401774077 -0.0013001101634517453 0.002666339524074745
v 0.006020623969893722 -0.0012999914309937133 0.002814130201489323
v 0.0058136299033603725 -0.0015000005480833578 0.0026957100718107137
v 0.0059834650020643134 -0.0013002786061858812 0.002507358670118531
v 0.006007038401774077 -0.0013001101634517453 0.002666339524074745
v 0.0059834650020643134 -0.0013002786061858812 0.002507358670118531
v 0.0058136299033603725 -0.0015000005480833578 0.0026957100718107137
v 0.005716945442896525 -0.0015000007865019482 0.00224633561313442
v 0.005716945442896525 -0.0015000007865019482 0.00224633561313442
v 0.005897126954750586 -0.0013004360816648575 0.0021703740197132055
v 0.005940379424914099 -0.0013000099084344713 0.002315072884847141
v 0.005716945442896525 -0.0015000007865019482 0.00224633561313442
v 0.0058593604963527715 -0.0012999644896929952 0.002064731934388469
v 0.005897126954750586 -0.0013004360816648575 0.0021703740197132055
v 0.005716945442896525 -0.0015000007865019482 0.00224633561313442
v 0.005515877032009619 -0.0015000010249205387 0.0017958472628036566
v 0.0058242161656124605 -0.0012999988219700165 0.001978162859460619
v 0.005515877032009619 -0.0015000010249205387 0.0017958472628036566
v 0.005514267229687063 -0.0012992132327145633 0.0014418149679271128
v 0.005645647793941221 -0.0013007401845769456 0.0016340963424545797
v 0.005515877032009619 -0.0015000010249205387 0.0017958472628036566
v 0.005270341169822389 -0.0014999999520368817 0.0014576992488863486
v 0.005514267229687063 -0.0012992132327145633 0.0014418149679271128
v 0.005371443049929646 -0.0012998549363506945 0.0012719528087131585
v 0.005514267229687063 -0.0012992132327145633 0.0014418149679271128
v 0.005270341169822389 -0.0014999999520368817 0.0014576992488863486
v 0.005645647793941221 -0.0013007401845769456 0.0016340963424545797
v 0.005754129206259339 -0.0013000445983393782 0.001825783816273296
v 0.005515877032009619 -0.0015000010249205387 0.0017958472628036566
v 0.005754129206259339 -0.0013000445983393782 0.001825783816273296
v 0.0058242161656124605 -0.0012999988219700165 0.001978162859460619
v 0.005515877032009619 -0.0015000010249205387 0.0017958472628036566
v 0.0058242161656124605 -0.0012999988219700165 0.001978162859460619
v 0.0058593604963527715 -0.0012999644896929952 0.002064731934388469
v 0.005716945442896525 -0.0015000007865019482 0.00224633561313442
v 0.005940379424914099 -0.0013000099084344713 0.002315072884847141
v 0.0059834650020643134 -0.0013002786061858812 0.002507358670118531
v 0.005716945442896525 -0.0015000007865019482 0.00224633561313442
v 0.006023742961893673 -0.0013006237170955226 0.003002819680742729
v 0.006016142654068078 -0.0013000178954572505 0.003155647189298643
v 0.005810888089570475 -0.0015000007865019482 0.003259779131271622
v 0.005997237490358852 -0.0012995906493432074 0.003325588861112504
v 0.005954272553015393 -0.0012995473763690452 0.003545236040658344
v 0.005810888089570475 -0.0015000007865019482 0.003259779131271622
v 0.005821707048366819 -0.0012998939177902291 0.003945363708970639
v 0.005704682621116563 -0.0012997636220305614 0.004180558403216738
v 0.005595853117656423 -0.0015000016209670147 0.003975902746218284
v 0.005704682621116563 -0.0012997636220305614 0.004180558403216738
v 0.005617264537588206 -0.0013003439328796579 0.004324014392238783
v 0.005595853117656423 -0.0015000016209670147 0.003975902746218284
v 0.005617264537588206 -0.0013003439328796579 0.004324014392238783
v 0.005517682337576323 -0.0013005055806839666 0.004465918753074337
v 0.005265238058312915 -0.001500000071246177 0.004463663313208909
v 0.005410784501535814 -0.0012999966762027027 0.00459737465760307
v 0.005293407214771727 -0.001299722494823713 0.004723129019960358
v 0.005265238058312915 -0.001500000071246177 0.004463663313208909
v 0.004115522580120378 -0.001300448121803674 0.0053862950976016335
v 0.0039527036636954884 -0.0013004673145002033 0.005420104761072741
v 0.004170913894396832 -0.0015000015017577195 0.005172095544428434
v 0.0039527036636954884 -0.0013004673145002033 0.005420104761072741
v 0.003792889536765736 -0.0013000580689897373 0.005442857523994259
v 0.003763815581756257 -0.001500000071246177 0.005244841824739165
v 0.0035901750839305293 -0.001300074639081772 0.005456061622369223
v 0.00337472740943645 -0.001299746575101346 0.00545403315700188
v 0.003393868130713017 -0.0015000007865019482 0.005259444963402748
v 0.0031285840566808156 -0.0013001605889836204 0.005425652284834769
v 0.0029769436342866325 -0.0013001062295450033 0.005397030133054147
v 0.0028214408307275503 -0.0015000005480833578 0.005152667290331813
v 0.0023919719401659096 -0.0013007623575058552 0.005186799772574357
v 0.002210337028584613 -0.0012997720858905215 0.00508500409436896
v 0.002417959089685145 -0.001500000071246177 0.004975822685069352
v 0.002210337028584613 -0.0012997720858905215 0.00508500409436896
v 0.002065517285225332 -0.0013000707051750299 0.004987779854216389
v 0.002114764552426512 -0.001500000071246177 0.004777556646294311
v 0.001954616520260868 -0.0013003088853468653 0.004903526539057345
v 0.00182045313421926 -0.0013001018188010804 0.004787542093698526
v 0.002114764552426512 -0.001500000071246177 0.004777556646294311
v 0.0015181045061194577 -0.001300578536772637 0.004450366231583679
v 0.0013683561736588937 -0.0012991641184849356 0.004226651869303765
v 0.0015186370140411738 -0.0015000004288740626 0.004096071914676257
v 0.0012641180162038799 -0.0013000206372710404 0.004027435970864467
v 0.0011555462432399908 -0.0012997778079366917 0.00378475684022772
v 0.0015186370140411738 -0.0015000004288740626 0.004096071914676257
v 0.00025402663364574094 -0.0013000000140629686 -0.014565441823413124
v 0.00326905528336932 -0.0013000000140629686 -0.0024509423943218363
v 0.003074975636623566 -0.001500000071246177 -0.0024026404568316946
v 0.003074975636623566 -0.001500000071246177 -0.0024026404568316946
v 5.994698317469655e-05 -0.001500000071246177 -0.014517140124341573
v 0.00025402663364574094 -0.0013000000140629686 -0.014565441823413124
v 0.005216737041299767 0.0013000000140629686 0.0011105987361078454
v 0.005378584640387262 0.001299763383611971 0.001279612244349179
v 0.005371443049929646 -0.0012998549363506945 0.0012719528087131585
v 0.005085386517788003 0.0012996177098532208 0.0009685345752120584
v 0.005216737041299767 0.0013000000140629686 0.0011105987361078454
v 0.005162462479700868 -0.0012997576615658007 0.001052976062243596
v 0.00490594267305272 0.0012997726819369976 0.0007621411447126384
v 0.005085386517788003 0.0012996177098532208 0.0009685345752120584
v 0.004979413745878346 -0.0012997636220305614 0.000848375599148826
v 0.004733568416360744 0.0012999314687182212 0.0005496207140671601
v 0.00490594267305272 0.0012997726819369976 0.0007621411447126384
v 0.004803970565090409 -0.0012997710130068646 0.0006382209365714957
v 0.00460230753823898 0.0013000000140629686 0.00037680156828544936
v 0.004733568416360744 0.0012999314687182212 0.0005496207140671601
v 0.004684640630070735 -0.0013000000140629686 0.0004860567979411179
v 0.004488905643051654 0.0012997738740299497 0.0002201294109472999
v 0.00460230753823898 0.0013000000140629686 0.00037680156828544936
v 0.0045546986835912065 -0.0012997717282626359 0.00031226159625252764
v 0.004335328784866032 0.0012999314687182212 -6.3094280863002085e-06
v 0.004488905643051654 0.0012997738740299497 0.0002201294109472999
v 0.00444330665712117 -0.0013000000140629686 0.00015414775150039692
v 0.004189636906302973 0.0013002092263760673 -0.0002377819531847527
v 0.004335328784866032 0.0012999314687182212 -6.3094280863002085e-06
v 0.004322371688150749 -0.001300213517910695 -2.6200690619866504e-05
v 0.004079905226896662 0.0013000000140629686 -0.00042511918179791153
v 0.004189636906302973 0.0013002092263760673 -0.0002377819531847527
v 0.004177369792988383 -0.001299931349508926 -0.00025809897218183325
v 0.003986083220029467 0.0013002128026549237 -0.0005941036029712131
v 0.004079905226896662 0.0013000000140629686 -0.00042511918179791153
v 0.004040324879862888 -0.0012997714898440454 -0.0004949177440635894
v 0.0038605772898434023 0.0012999866626219048 -0.0008373920123157933
v 0.003986083220029467 0.0013002128026549237 -0.0005941036029712131
v 0.003948631235752425 -0.0013000000140629686 -0.0006651674824986047
v 0.003767300307873921 0.0013000000140629686 -0.0010333042635568555
v 0.0038605772898434023 0.0012999866626219048 -0.0008373920123157933
v 0.003850142661814825 -0.0012997737548206545 -0.0008585769941913191
v 0.0037110826347630512 0.0013000000140629686 -0.0011580237700224009
v 0.003767300307873921 0.0013000000140629686 -0.0010333042635568555
v 0.003767300307873921 -0.0013000000140629686 -0.0010333042635568555
v 0.0036350194750223155 0.0012999315879275164 -0.0013358315863901819
v 0.0037110826347630512 0.0013000000140629686 -0.0011580237700224009
v 0.0036788648922202174 -0.0012999314687182212 -0.0012314962733595695
v 0.0035553375979160964 0.0013000000140629686 -0.0015376934543460253
v 0.0036350194750223155 0.0012999315879275164 -0.0013358315863901819
v 0.0035754031449049253 -0.0012999315879275164 -0.0014847763289917157
v 0.003507775950149227 0.0013000000140629686 -0.0016659637288787828
v 0.0035553375979160964 0.0013000000140629686 -0.0015376934543460253
v 0.0035754031449049253 -0.0012999315879275164 -0.0014847763289917157
v 0.0034624146675533976 0.0013000000140629686 -0.0017950286525734295
v 0.003507775950149227 0.0013000000140629686 -0.0016659637288787828
v 0.003507775950149227 -0.0013000000140629686 -0.0016659637288787828
v 0.0034018124765645965 0.0012999314687182212 -0.001978688214824622
v 0.0034624146675533976 0.0013000000140629686 -0.0017950286525734295
v 0.0034365905963500134 -0.0012999312302996308 -0.0018709803516231411
v 0.00332405797534338 0.0012999317071368116 -0.002241019116986514
v 0.0034018124765645965 0.0012999314687182212 -0.001978688214824622
v 0.0033783456499647526 -0.0013000000140629686 -0.002055390694015585
v 0.00326905528336932 0.0013000000140629686 -0.0024509423943218363
v 0.00332405797534338 0.0012999317071368116 -0.002241019116986514
v 0.0033177701618580793 -0.0012999317071368116 -0.0022637761714426603
v 0.0033177701618580793 -0.0012999317071368116 -0.0022637761714426603
v 0.00326905528336932 -0.0013000000140629686 -0.0024509423943218363
v 0.00326905528336932 0.0013000000140629686 -0.0024509423943218363
v 0.0033783456499647526 -0.0013000000140629686 -0.002055390694015585
v 0.0033177701618580793 -0.0012999317071368116 -0.0022637761714426603
v 0.00332405797534338 0.0012999317071368116 -0.002241019116986514
v 0.0034365905963500134 -0.0012999312302996308 -0.0018709803516231411
v 0.0033783456499647526 -0.0013000000140629686 -0.002055390694015585
v 0.0034018124765645965 0.0012999314687182212 -0.001978688214824622
v 0.003507775950149227 -0.0013000000140629686 -0.0016659637288787828
v 0.0034365905963500134 -0.0012999312302996308 -0.0018709803516231411
v 0.0034624146675533976 0.0013000000140629686 -0.0017950286525734295
v 0.0035754031449049253 -0.0012999315879275164 -0.0014847763289917157
v 0.003507775950149227 -0.0013000000140629686 -0.0016659637288787828
v 0.003507775950149227 0.0013000000140629686 -0.0016659637288787828
v 0.0036788648922202174 -0.0012999314687182212 -0.0012314962733595695
v 0.0035754031449049253 -0.0012999315879275164 -0.0014847763289917157
v 0.0036350194750223155 0.0012999315879275164 -0.0013358315863901819
v 0.003767300307873921 -0.0013000000140629686 -0.0010333042635568555
v 0.0036788648922202174 -0.0012999314687182212 -0.0012314962733595695
v 0.0037110826347630512 0.0013000000140629686 -0.0011580237700224009
v 0.003850142661814825 -0.0012997737548206545 -0.0008585769941913191
v 0.003767300307873921 -0.0013000000140629686 -0.0010333042635568555
v 0.003767300307873921 0.0013000000140629686 -0.0010333042635568555
v 0.003948631235752425 -0.0013000000140629686 -0.0006651674824986047
v 0.003850142661814825 -0.0012997737548206545 -0.0008585769941913191
v 0.0038605772898434023 0.0012999866626219048 -0.0008373920123157933
v 0.004040324879862888 -0.0012997714898440454 -0.0004949177440635894
v 0.003948631235752425 -0.0013000000140629686 -0.0006651674824986047
v 0.003986083220029467 0.0013002128026549237 -0.0005941036029712131
v 0.004177369792988383 -0.001299931349508926 -0.00025809897218183325
v 0.004040324879862888 -0.0012997714898440454 -0.0004949177440635894
v 0.004079905226896662 0.0013000000140629686 -0.00042511918179791153
v 0.004322371688150749 -0.001300213517910695 -2.6200690619866504e-05
v 0.004177369792988383 -0.001299931349508926 -0.00025809897218183325
v 0.004189636906302973 0.0013002092263760673 -0.0002377819531847527
v 0.00444330665712117 -0.0013000000140629686 0.00015414775150039692
v 0.004322371688150749 -0.001300213517910695 -2.6200690619866504e-05
v 0.004335328784866032 0.0012999314687182212 -6.3094280863002085e-06
v 0.0045546986835912065 -0.0012997717282626359 0.00031226159625252764
v 0.00444330665712117 -0.0013000000140629686 0.00015414775150039692
v 0.004488905643051654 0.0012997738740299497 0.0002201294109472999
v 0.004684640630070735 -0.0013000000140629686 0.0004860567979411179
v 0.0045546986835912065 -0.0012997717282626359 0.00031226159625252764
v 0.00460230753823898 0.0013000000140629686 0.00037680156828544936
v 0.004803970565090409 -0.0012997710130068646 0.0006382209365714957
v 0.004684640630070735 -0.0013000000140629686 0.0004860567979411179
v 0.004733568416360744 0.0012999314687182212 0.0005496207140671601
v 0.004979413745878346 -0.0012997636220305614 0.000848375599148826
v 0.004803970565090409 -0.0012997710130068646 0.0006382209365714957
v 0.00490594267305272 0.0012997726819369976 0.0007621411447126384
v 0.005162462479700868 -0.0012997576615658007 0.001052976062243596
v 0.004979413745878346 -0.0012997636220305614 0.000848375599148826
v 0.005085386517788003 0.0012996177098532208 0.0009685345752120584
v 0.005371443049929646 -0.0012998549363506945 0.0012719528087131585
v 0.005162462479700868 -0.0012997576615658007 0.001052976062243596
v 0.005216737041299767 0.0013000000140629686 0.0011105987361078454
v 0.0011082226564356615 -0.001500000071246177 0.0032393595326760108
v 0.0015186370140411738 -0.0015000004288740626 0.004096071914676257
v 0.0011555462432399908 -0.0012997778079366917 0.00378475684022772
v 0.0011555462432399908 -0.0012997778079366917 0.00378475684022772
v 0.0010608410147045636 -0.0013000000140629686 0.0035881735598639044
v 0.0011082226564356615 -0.001500000071246177 0.0032393595326760108
v 0.0010608410147045636 -0.0013000000140629686 0.0035881735598639044
v 0.000999805140299778 -0.0013000000140629686 0.003467917368620426
v 0.0011082226564356615 -0.001500000071246177 0.0032393595326760108
v 0.000999805140299778 -0.0013000000140629686 0.003467917368620426
v 0.0009103132918718974 -0.0012997784039831678 0.0032995902675009283
v 0.0011082226564356615 -0.001500000071246177 0.0032393595326760108
v 0.0009103132918718974 -0.0012997784039831678 0.0032995902675009283
v 0.0008038720870367012 -0.001300005259271958 0.0031122185277968053
v 0.0011082226564356615 -0.001500000071246177 0.0032393595326760108
v 0.0012659972315336163 0.001299874844302995 0.004031740856933196
v 0.0011555462432399908 -0.0012997778079366917 0.00378475684022772
v 0.0012641180162038799 -0.0013000206372710404 0.004027435970864467
v 0.0012641180162038799 -0.0013000206372710404 0.004027435970864467
v 0.0013683561736588937 -0.0012991641184849356 0.004226651869303765
v 0.0012659972315336163 0.001299874844302995 0.004031740856933196
v 0.0013723805602559867 0.001299526037905202 0.004232484541699943
v 0.0012659972315336163 0.001299874844302995 0.004031740856933196
v 0.0013683561736588937 -0.0012991641184849356 0.004226651869303765
v 0.0015020497558680674 0.0012998444459327158 0.004428689213342162
v 0.0013723805602559867 0.001299526037905202 0.004232484541699943
v 0.0013683561736588937 -0.0012991641184849356 0.004226651869303765
v 0.0015181045061194577 -0.001300578536772637 0.004450366231583679
v 0.0016681676703286792 -0.0013002609632101897 0.004633700590877531
v 0.0016574613643163118 0.001299306573592715 0.004621731023963792
v 0.0016681676703286792 -0.0013002609632101897 0.004633700590877531
v 0.00182045313421926 -0.0013001018188010804 0.004787542093698526
v 0.0018068500423332186 0.0012997524163568114 0.0047748772981751056
v 0.0018068500423332186 0.0012997524163568114 0.0047748772981751056
v 0.0016574613643163118 0.001299306573592715 0.004621731023963792
v 0.0016681676703286792 -0.0013002609632101897 0.004633700590877531
v 0.001931013556645891 0.0012999202630444712 0.004884073012590139
v 0.0018068500423332186 0.0012997524163568114 0.0047748772981751056
v 0.00182045313421926 -0.0013001018188010804 0.004787542093698526
v 0.002059095003655031 0.0012997856757501758 0.004983424900243671
v 0.001931013556645891 0.0012999202630444712 0.004884073012590139
v 0.001954616520260868 -0.0013003088853468653 0.004903526539057345
v 0.001954616520260868 -0.0013003088853468653 0.004903526539057345
v 0.002065517285225332 -0.0013000707051750299 0.004987779854216389
v 0.002059095003655031 0.0012997856757501758 0.004983424900243671
v 0.002210337028584613 -0.0012997720858905215 0.00508500409436896
v 0.002209663972903841 0.0012999404094153622 0.005084310773108002
v 0.002059095003655031 0.0012997856757501758 0.004983424900243671
v 0.002059095003655031 0.0012997856757501758 0.004983424900243671
v 0.002065517285225332 -0.0013000707051750299 0.004987779854216389
v 0.002210337028584613 -0.0012997720858905215 0.00508500409436896
v 0.0023651748826949977 0.001300091447592397 0.005172919519076945
v 0.002209663972903841 0.0012999404094153622 0.005084310773108002
v 0.002210337028584613 -0.0012997720858905215 0.00508500409436896
v 0.002210337028584613 -0.0012997720858905215 0.00508500409436896
v 0.0023919719401659096 -0.0013007623575058552 0.005186799772574357
v 0.0023651748826949977 0.001300091447592397 0.005172919519076945
v 0.0023919719401659096 -0.0013007623575058552 0.005186799772574357
v 0.0025593870901770284 -0.0012999609134141388 0.005263587724829987
v 0.002521219134872937 0.0012996360680846836 0.005247646581036935
v 0.0025593870901770284 -0.0012999609134141388 0.005263587724829987
v 0.002749138724250782 -0.0013008930108934086 0.005334901109412259
v 0.0027001947254966237 0.001300021471736107 0.005317784085131227
v 0.0028456105153319695 0.0013001320979620645 0.005363291041485806
v 0.0027001947254966237 0.001300021471736107 0.005317784085131227
v 0.002749138724250782 -0.0013008930108934086 0.005334901109412259
v 0.002749138724250782 -0.0013008930108934086 0.005334901109412259
v 0.0029769436342866325 -0.0013001062295450033 0.005397030133054147
v 0.0028456105153319695 0.0013001320979620645 0.005363291041485806
v 0.002999128722544347 0.0012998747250936998 0.005401814240489632
v 0.0028456105153319695 0.0013001320979620645 0.005363291041485806
v 0.0029769436342866325 -0.0013001062295450033 0.005397030133054147
v 0.002999128722544347 0.0012998747250936998 0.005401814240489632
v 0.0029769436342866325 -0.0013001062295450033 0.005397030133054147
v 0.0031285840566808156 -0.0013001605889836204 0.005425652284834769
v 0.00337472740943645 -0.001299746575101346 0.00545403315700188
v 0.003369932573164396 0.0012997825763085002 0.0054535649028902835
v 0.0031495756214748585 0.0013005149982182884 0.005428859968550358
v 0.0031495756214748585 0.0013005149982182884 0.005428859968550358
v 0.0031285840566808156 -0.0013001605889836204 0.005425652284834769
v 0.00337472740943645 -0.001299746575101346 0.00545403315700188
v 0.003598375014511045 0.001299766244635056 0.005456041595207627
v 0.003369932573164396 0.0012997825763085002 0.0054535649028902835
v 0.00337472740943645 -0.001299746575101346 0.00545403315700188
v 0.003709533867599645 0.0013000190875502027 0.005449961921151768
v 0.003598375014511045 0.001299766244635056 0.005456041595207627
v 0.0036690043761573856 -0.0012999958417376362 0.005452646037642782
v 0.0035901750839305293 -0.001300074639081772 0.005456061622369223
v 0.0036690043761573856 -0.0012999958417376362 0.005452646037642782
v 0.003598375014511045 0.001299766244635056 0.005456041595207627
v 0.0036690043761573856 -0.0012999958417376362 0.005452646037642782
v 0.003792889536765736 -0.0013000580689897373 0.005442857523994259
v 0.003709533867599645 0.0013000190875502027 0.005449961921151768
v 0.0039724714258648755 0.0013005393169145119 0.005416463155522576
v 0.003824353876562824 0.0013002873084644317 0.005439279337789148
v 0.0039527036636954884 -0.0013004673145002033 0.005420104761072741
v 0.0039527036636954884 -0.0013004673145002033 0.005420104761072741
v 0.004115522580120378 -0.001300448121803674 0.0053862950976016335
v 0.0039724714258648755 0.0013005393169145119 0.005416463155522576
v 0.004115522580120378 -0.001300448121803674 0.0053862950976016335
v 0.004301785673379021 -0.0012996513268744708 0.005333951249748003
v 0.0041533686703273945 0.001300037803409551 0.0053767440488691745
v 0.004332747188368901 0.0012999053618825696 0.005322891488175329
v 0.0041533686703273945 0.001300037803409551 0.0053767440488691745
v 0.004301785673379021 -0.0012996513268744708 0.005333951249748003
v 0.004301785673379021 -0.0012996513268744708 0.005333951249748003
v 0.004533225274825913 -0.0012994752547454413 0.005244993458962676
v 0.0045363418826399595 0.0012992743870830076 0.005243959199117409
v 0.0045363418826399595 0.0012992743870830076 0.005243959199117409
v 0.004332747188368901 0.0012999053618825696 0.005322891488175329
v 0.004301785673379021 -0.0012996513268744708 0.005333951249748003
v 0.004533225274825913 -0.0012994752547454413 0.005244993458962676
v 0.004752161251716513 -0.0012993430516370502 0.005135291343461578
v 0.0045363418826399595 0.0012992743870830076 0.005243959199117409
v 0.004772991407124837 0.0012993519923341912 0.005123585944346031
v 0.0045363418826399595 0.0012992743870830076 0.005243959199117409
v 0.004752161251716513 -0.0012993430516370502 0.005135291343461578
v 0.004752161251716513 -0.0012993430516370502 0.005135291343461578
v 0.004953521963795281 -0.0012997145078009337 0.00500855183548865
v 0.004772991407124837 0.0012993519923341912 0.005123585944346031
v 0.004956560847148849 0.00130079585531781 0.005006109952285508
v 0.004772991407124837 0.0012993519923341912 0.005123585944346031
v 0.004953521963795281 -0.0012997145078009337 0.00500855183548865
v 0.005124670272095288 0.0013001114747539927 0.0048782045774053975
v 0.004953521963795281 -0.0012997145078009337 0.00500855183548865
v 0.005141231304223447 -0.001299556793903367 0.004864156954057507
v 0.005273945582072447 0.0013002637050239796 0.004742403255647564
v 0.005124670272095288 0.0013001114747539927 0.0048782045774053975
v 0.005141231304223447 -0.001299556793903367 0.004864156954057507
v 0.005141231304223447 -0.001299556793903367 0.004864156954057507
v 0.005293407214771727 -0.001299722494823713 0.004723129019960358
v 0.005273945582072447 0.0013002637050239796 0.004742403255647564
v 0.005401194828991706 0.0012997207066842847 0.004608367661970424
v 0.005273945582072447 0.0013002637050239796 0.004742403255647564
v 0.005293407214771727 -0.001299722494823713 0.004723129019960358
v 0.005293407214771727 -0.001299722494823713 0.004723129019960358
v 0.005410784501535814 -0.0012999966762027027 0.00459737465760307
v 0.005401194828991706 0.0012997207066842847 0.004608367661970424
v 0.005410784501535814 -0.0012999966762027027 0.00459737465760307
v 0.005517682337576323 -0.0013005055806839666 0.004465918753074337
v 0.005525068068670535 0.0012994264981436993 0.004456673833811985
v 0.005525068068670535 0.0012994264981436993 0.004456673833811985
v 0.005401194828991706 0.0012997207066842847 0.004608367661970424
v 0.005410784501535814 -0.0012999966762027027 0.00459737465760307
v 0.005517682337576323 -0.0013005055806839666 0.004465918753074337
v 0.005617264537588206 -0.0013003439328796579 0.004324014392238783
v 0.005525068068670535 0.0012994264981436993 0.004456673833811985
v 0.005666975767366355 0.0013001330516364262 0.004245950423687194
v 0.005525068068670535 0.0012994264981436993 0.004456673833811985
v 0.005617264537588206 -0.0013003439328796579 0.004324014392238783
v 0.005617264537588206 -0.0013003439328796579 0.004324014392238783
v 0.005704682621116563 -0.0012997636220305614 0.004180558403216738
v 0.005666975767366355 0.0013001330516364262 0.004245950423687194
v 0.005866328994913738 0.0012999497077403888 0.003833963576268528
v 0.005778120315339529 0.001300504627009605 0.004038927270085812
v 0.005821707048366819 -0.0012998939177902291 0.003945363708970639
v 0.005866328994913738 0.0012999497077403888 0.003833963576268528
v 0.005821707048366819 -0.0012998939177902291 0.003945363708970639
v 0.005904963296980702 -0.0013000902554994448 0.0037194887974242854
v 0.005948091312640013 0.001299780788169072 0.0035714875963943618
v 0.005866328994913738 0.0012999497077403888 0.003833963576268528
v 0.005904963296980702 -0.0013000902554994448 0.0037194887974242854
v 0.005904963296980702 -0.0013000902554994448 0.0037194887974242854
v 0.005954272553015393 -0.0012995473763690452 0.003545236040658344
v 0.005948091312640013 0.001299780788169072 0.0035714875963943618
v 0.00598642473044586 0.0013000004909001495 0.003386772078206173
v 0.005948091312640013 0.001299780788169072 0.0035714875963943618
v 0.005954272553015393 -0.0012995473763690452 0.003545236040658344
v 0.005954272553015393 -0.0012995473763690452 0.003545236040658344
v 0.005997237490358852 -0.0012995906493432074 0.003325588861112504
v 0.00598642473044586 0.0013000004909001495 0.003386772078206173
v 0.006012336062853339 0.0013000361344794181 0.003202949437639129
v 0.00598642473044586 0.0013000004909001495 0.003386772078206173
v 0.005997237490358852 -0.0012995906493432074 0.003325588861112504
v 0.005997237490358852 -0.0012995906493432074 0.003325588861112504
v 0.006016142654068078 -0.0013000178954572505 0.003155647189298643
v 0.006012336062853339 0.0013000361344794181 0.003202949437639129
v 0.006023609447483034 0.0013007723710866531 0.003013389015274897
v 0.006012336062853339 0.0013000361344794181 0.003202949437639129
v 0.006016142654068078 -0.0013000178954572505 0.003155647189298643
v 0.006016142654068078 -0.0013000178954572505 0.003155647189298643
v 0.006023742961893673 -0.0013006237170955226 0.003002819680742729
v 0.006023609447483034 0.0013007723710866531 0.003013389015274897
v 0.006023742961893673 -0.0013006237170955226 0.003002819680742729
v 0.006020623969893722 -0.0012999914309937133 0.002814130201489323
v 0.006023062992073778 0.0013000981233129288 0.002890280860852745
v 0.0060143950458002565 0.001301468195742811 0.002734439502895258
v 0.006023062992073778 0.0013000981233129288 0.002890280860852745
v 0.006020623969893722 -0.0012999914309937133 0.002814130201489323
v 0.006020623969893722 -0.0012999914309937133 0.002814130201489323
v 0.006007038401774077 -0.0013001101634517453 0.002666339524074745
v 0.0060143950458002565 0.001301468195742811 0.002734439502895258
v 0.006007038401774077 -0.0013001101634517453 0.002666339524074745
v 0.0059834650020643134 -0.0013002786061858812 0.002507358670118531
v 0.005986069963583306 0.0013000429294092453 0.002521479011136501
v 0.0059438069305700605 0.001299793066726479 0.002328010669656599
v 0.005986069963583306 0.0013000429294092453 0.002521479011136501
v 0.0059834650020643134 -0.0013002786061858812 0.002507358670118531
v 0.0059834650020643134 -0.0013002786061858812 0.002507358670118531
v 0.005940379424914099 -0.0013000099084344713 0.002315072884847141
v 0.0059438069305700605 0.001299793066726479 0.002328010669656599
v 0.005940379424914099 -0.0013000099084344713 0.002315072884847141
v 0.005897126954750586 -0.0013004360816648575 0.0021703740197132055
v 0.005905570310711926 0.0012999944112260936 0.002196785077486218
v 0.0058831694536298764 0.0013000000140629686 0.0021301492272295104
v 0.005905570310711926 0.0012999944112260936 0.002196785077486218
v 0.005897126954750586 -0.0013004360816648575 0.0021703740197132055
v 0.0058831694536298764 0.0013000000140629686 0.0021301492272295104
v 0.005897126954750586 -0.0013004360816648575 0.0021703740197132055
v 0.0058593604963527715 -0.0012999644896929952 0.002064731934388469
v 0.0058593604963527715 -0.0012999644896929952 0.002064731934388469
v 0.005825007715332674 0.0012999961993655218 0.001980028961767882
v 0.005859509269553197 0.0013000022790395777 0.0020652903107272465
v 0.005755344187396149 0.0013004930637079692 0.001827619162582394
v 0.005825007715332674 0.0012999961993655218 0.001980028961767882
v 0.0058242161656124605 -0.0012999988219700165 0.001978162859460619
v 0.005645647793941221 -0.0013007401845769456 0.0016340963424545797
v 0.005628269462885082 0.0012999420783454951 0.0016065183448907279
v 0.005755344187396149 0.0013004930637079692 0.001827619162582394
v 0.005645647793941221 -0.0013007401845769456 0.0016340963424545797
v 0.005514267229687063 -0.0012992132327145633 0.0014418149679271128
v 0.005628269462885082 0.0012999420783454951 0.0016065183448907279
v 0.005510424875683761 0.0012993957421455343 0.001437585660551549
v 0.005628269462885082 0.0012999420783454951 0.0016065183448907279
v 0.005514267229687063 -0.0012992132327145633 0.0014418149679271128
v 0.005378584640387262 0.001299763383611971 0.001279612244349179
v 0.005510424875683761 0.0012993957421455343 0.001437585660551549
v 0.005514267229687063 -0.0012992132327145633 0.0014418149679271128
v 0.005514267229687063 -0.0012992132327145633 0.0014418149679271128
v 0.005371443049929646 -0.0012998549363506945 0.0012719528087131585
v 0.005378584640387262 0.001299763383611971 0.001279612244349179
v 0.005754129206259339 -0.0013000445983393782 0.001825783816273296
v 0.005645647793941221 -0.0013007401845769456 0.0016340963424545797
v 0.005755344187396149 0.0013004930637079692 0.001827619162582394
v 0.0058242161656124605 -0.0012999988219700165 0.001978162859460619
v 0.005754129206259339 -0.0013000445983393782 0.001825783816273296
v 0.005755344187396149 0.0013004930637079692 0.001827619162582394
v 0.0058593604963527715 -0.0012999644896929952 0.002064731934388469
v 0.0058242161656124605 -0.0012999988219700165 0.001978162859460619
v 0.005825007715332674 0.0012999961993655218 0.001980028961767882
v 0.0058593604963527715 -0.0012999644896929952 0.002064731934388469
v 0.005859509269553197 0.0013000022790395777 0.0020652903107272465
v 0.0058831694536298764 0.0013000000140629686 0.0021301492272295104
v 0.005905570310711926 0.0012999944112260936 0.002196785077486218
v 0.0059438069305700605 0.001299793066726479 0.002328010669656599
v 0.005940379424914099 -0.0013000099084344713 0.002315072884847141
v 0.005986069963583306 0.0013000429294092453 0.002521479011136501
v 0.0060143950458002565 0.001301468195742811 0.002734439502895258
v 0.006007038401774077 -0.0013001101634517453 0.002666339524074745
v 0.006023062992073778 0.0013000981233129288 0.002890280860852745
v 0.006023609447483034 0.0013007723710866531 0.003013389015274897
v 0.006023742961893673 -0.0013006237170955226 0.003002819680742729
v 0.005704682621116563 -0.0012997636220305614 0.004180558403216738
v 0.005821707048366819 -0.0012998939177902291 0.003945363708970639
v 0.005778120315339529 0.001300504627009605 0.004038927270085812
v 0.005704682621116563 -0.0012997636220305614 0.004180558403216738
v 0.005778120315339529 0.001300504627009605 0.004038927270085812
v 0.005666975767366355 0.0013001330516364262 0.004245950423687194
v 0.005124670272095288 0.0013001114747539927 0.0048782045774053975
v 0.004956560847148849 0.00130079585531781 0.005006109952285508
v 0.004953521963795281 -0.0012997145078009337 0.00500855183548865
v 0.0041533686703273945 0.001300037803409551 0.0053767440488691745
v 0.0039724714258648755 0.0013005393169145119 0.005416463155522576
v 0.004115522580120378 -0.001300448121803674 0.0053862950976016335
v 0.003792889536765736 -0.0013000580689897373 0.005442857523994259
v 0.0039527036636954884 -0.0013004673145002033 0.005420104761072741
v 0.003824353876562824 0.0013002873084644317 0.005439279337789148
v 0.003824353876562824 0.0013002873084644317 0.005439279337789148
v 0.003709533867599645 0.0013000190875502027 0.005449961921151768
v 0.003792889536765736 -0.0013000580689897373 0.005442857523994259
v 0.00337472740943645 -0.001299746575101346 0.00545403315700188
v 0.0035901750839305293 -0.001300074639081772 0.005456061622369223
v 0.003598375014511045 0.001299766244635056 0.005456041595207627
v 0.0031285840566808156 -0.0013001605889836204 0.005425652284834769
v 0.0031495756214748585 0.0013005149982182884 0.005428859968550358
v 0.002999128722544347 0.0012998747250936998 0.005401814240489632
v 0.0027001947254966237 0.001300021471736107 0.005317784085131227
v 0.002521219134872937 0.0012996360680846836 0.005247646581036935
v 0.0025593870901770284 -0.0012999609134141388 0.005263587724829987
v 0.002521219134872937 0.0012996360680846836 0.005247646581036935
v 0.0023651748826949977 0.001300091447592397 0.005172919519076945
v 0.0023919719401659096 -0.0013007623575058552 0.005186799772574357
v 0.00182045313421926 -0.0013001018188010804 0.004787542093698526
v 0.001954616520260868 -0.0013003088853468653 0.004903526539057345
v 0.001931013556645891 0.0012999202630444712 0.004884073012590139
v 0.0016574613643163118 0.001299306573592715 0.004621731023963792
v 0.0015020497558680674 0.0012998444459327158 0.004428689213342162
v 0.0015181045061194577 -0.001300578536772637 0.004450366231583679
v 0.0013683561736588937 -0.0012991641184849356 0.004226651869303765
v 0.0015181045061194577 -0.001300578536772637 0.004450366231583679
v 0.0015020497558680674 0.0012998444459327158 0.004428689213342162
v 0.00025402663364574094 -0.0013000000140629686 -0.014565441823413124
v 5.994698317469655e-05 -0.001500000071246177 -0.014517140124341573
v -2.068624743725971e-05 -0.001500000071246177 -0.014807694184773009
v 7.816791905701502e-05 -0.00129969567273229 -0.015130372766078422
v -2.068624743725971e-05 -0.001500000071246177 -0.014807694184773009
v -0.00017570639491176762 -0.0015000004288740626 -0.015218064077311407
v -0.00017570639491176762 -0.0015000004288740626 -0.015218064077311407
v -2.163147470281008e-05 -0.001299888195744059 -0.015372853055610754
v 7.816791905701502e-05 -0.00129969567273229 -0.015130372766078422
v -2.068624743725971e-05 -0.001500000071246177 -0.014807694184773009
v 7.816791905701502e-05 -0.00129969567273229 -0.015130372766078422
v 0.00016974110217466557 -0.001299806537376838 -0.014865579357505317
v -2.068624743725971e-05 -0.001500000071246177 -0.014807694184773009
v 0.00016974110217466557 -0.001299806537376838 -0.014865579357505317
v 0.0002254712688727622 -0.0013000190875502027 -0.014675442438989435
v -2.068624743725971e-05 -0.001500000071246177 -0.014807694184773009
v 0.0002254712688727622 -0.0013000190875502027 -0.014675442438989435
v 0.00025402663364574094 -0.0013000000140629686 -0.014565441823413124
v 0.00326905528336932 -0.0013000000140629686 -0.0024509423943218363
v 0.00025402663364574094 -0.0013000000140629686 -0.014565441823413124
v 0.00025402663364574094 0.0013000000140629686 -0.014565441823413124
v 0.00025402663364574094 0.0013000000140629686 -0.014565441823413124
v 0.00326905528336932 0.0013000000140629686 -0.0024509423943218363
v 0.00326905528336932 -0.0013000000140629686 -0.0024509423943218363
v 0.0030763672859358817 0.001500000071246177 -0.0023970471567003044
v 0.00323296514608079 0.0014999999520368817 -0.0018433184307154594
v 0.00332405797534338 0.0012999317071368116 -0.002241019116986514
v 0.00323296514608079 0.0014999999520368817 -0.0018433184307154594
v 0.0034249557691372326 0.001500000071246177 -0.0013200467259831537
v 0.0035553375979160964 0.0013000000140629686 -0.0015376934543460253
v 0.0034249557691372326 0.001500000071246177 -0.0013200467259831537
v 0.0036952986088210895 0.001500000071246177 -0.000713348005321572
v 0.0037110826347630512 0.0013000000140629686 -0.0011580237700224009
v 0.0036952986088210895 0.001500000071246177 -0.000713348005321572
v 0.0041269394927415095 0.001500000071246177 4.803379480701257e-05
v 0.004079905226896662 0.0013000000140629686 -0.00042511918179791153
v 0.0041269394927415095 0.001500000071246177 4.803379480701257e-05
v 0.004622369985786134 0.001500000071246177 0.0007357611409610289
v 0.00460230753823898 0.0013000000140629686 0.00037680156828544936
v 0.004622369985786134 0.001500000071246177 0.0007357611409610289
v 0.005224983463505416 0.0015000009057112434 0.0014145858959703492
v 0.005085386517788003 0.0012996177098532208 0.0009685345752120584
v 0.005378584640387262 0.001299763383611971 0.001279612244349179
v 0.005216737041299767 0.0013000000140629686 0.0011105987361078454
v 0.005224983463505416 0.0015000009057112434 0.0014145858959703492
v 0.005216737041299767 0.0013000000140629686 0.0011105987361078454
v 0.005085386517788003 0.0012996177098532208 0.0009685345752120584
v 0.005224983463505416 0.0015000009057112434 0.0014145858959703492
v 0.005085386517788003 0.0012996177098532208 0.0009685345752120584
v 0.00490594267305272 0.0012997726819369976 0.0007621411447126384
v 0.004622369985786134 0.001500000071246177 0.0007357611409610289
v 0.00490594267305272 0.0012997726819369976 0.0007621411447126384
v 0.004733568416360744 0.0012999314687182212 0.0005496207140671601
v 0.004622369985786134 0.001500000071246177 0.0007357611409610289
v 0.004733568416360744 0.0012999314687182212 0.0005496207140671601
v 0.00460230753823898 0.0013000000140629686 0.00037680156828544936
v 0.004622369985786134 0.001500000071246177 0.0007357611409610289
v 0.00460230753823898 0.0013000000140629686 0.00037680156828544936
v 0.004488905643051654 0.0012997738740299497 0.0002201294109472999
v 0.0041269394927415095 0.001500000071246177 4.803379480701257e-05
v 0.004488905643051654 0.0012997738740299497 0.0002201294109472999
v 0.004335328784866032 0.0012999314687182212 -6.3094280863002085e-06
v 0.0041269394927415095 0.001500000071246177 4.803379480701257e-05
v 0.004335328784866032 0.0012999314687182212 -6.3094280863002085e-06
v 0.004189636906302973 0.0013002092263760673 -0.0002377819531847527
v 0.0041269394927415095 0.001500000071246177 4.803379480701257e-05
v 0.004189636906302973 0.0013002092263760673 -0.0002377819531847527
v 0.004079905226896662 0.0013000000140629686 -0.00042511918179791153
v 0.0041269394927415095 0.001500000071246177 4.803379480701257e-05
v 0.004079905226896662 0.0013000000140629686 -0.00042511918179791153
v 0.003986083220029467 0.0013002128026549237 -0.0005941036029712131
v 0.0036952986088210895 0.001500000071246177 -0.000713348005321572
v 0.003986083220029467 0.0013002128026549237 -0.0005941036029712131
v 0.0038605772898434023 0.0012999866626219048 -0.0008373920123157933
v 0.0036952986088210895 0.001500000071246177 -0.000713348005321572
v 0.0038605772898434023 0.0012999866626219048 -0.0008373920123157933
v 0.003767300307873921 0.0013000000140629686 -0.0010333042635568555
v 0.0036952986088210895 0.001500000071246177 -0.000713348005321572
v 0.003767300307873921 0.0013000000140629686 -0.0010333042635568555
v 0.0037110826347630512 0.0013000000140629686 -0.0011580237700224009
v 0.0036952986088210895 0.001500000071246177 -0.000713348005321572
v 0.0037110826347630512 0.0013000000140629686 -0.0011580237700224009
v 0.0036350194750223155 0.0012999315879275164 -0.0013358315863901819
v 0.0034249557691372326 0.001500000071246177 -0.0013200467259831537
v 0.0036350194750223155 0.0012999315879275164 -0.0013358315863901819
v 0.0035553375979160964 0.0013000000140629686 -0.0015376934543460253
v 0.0034249557691372326 0.001500000071246177 -0.0013200467259831537
v 0.0035553375979160964 0.0013000000140629686 -0.0015376934543460253
v 0.003507775950149227 0.0013000000140629686 -0.0016659637288787828
v 0.00323296514608079 0.0014999999520368817 -0.0018433184307154594
v 0.003507775950149227 0.0013000000140629686 -0.0016659637288787828
v 0.0034624146675533976 0.0013000000140629686 -0.0017950286525734295
v 0.00323296514608079 0.0014999999520368817 -0.0018433184307154594
v 0.0034624146675533976 0.0013000000140629686 -0.0017950286525734295
v 0.0034018124765645965 0.0012999314687182212 -0.001978688214824622
v 0.00323296514608079 0.0014999999520368817 -0.0018433184307154594
v 0.0034018124765645965 0.0012999314687182212 -0.001978688214824622
v 0.00332405797534338 0.0012999317071368116 -0.002241019116986514
v 0.00323296514608079 0.0014999999520368817 -0.0018433184307154594
v 0.00332405797534338 0.0012999317071368116 -0.002241019116986514
v 0.00326905528336932 0.0013000000140629686 -0.0024509423943218363
v 0.0030763672859358817 0.001500000071246177 -0.0023970471567003044
v 0.00015793705736732996 -0.0013000000140629686 0.0016108969023038984
v 0.0003520167041130839 -0.001500000071246177 0.0015625948456044615
v 0.00039053605861713917 -0.001500000071246177 0.0017092367030410722
v 0.00019789182589620592 -0.0013004160545032617 0.0017630520704348114
v 0.00039053605861713917 -0.001500000071246177 0.0017092367030410722
v 0.0005157203919270436 -0.0015000001904554722 0.0021011928125851116
v 0.00037349789128489 -0.0013009713314003635 0.002277404654908582
v 0.0005157203919270436 -0.0015000001904554722 0.0021011928125851116
v 0.0007036930656883349 -0.001500000071246177 0.0025269180544398857
v 0.0005664778024799809 -0.0013000869176391788 0.0026968678324858215
v 0.0007036930656883349 -0.001500000071246177 0.0025269180544398857
v 0.0011082226564356615 -0.001500000071246177 0.0032393595326760108
v 0.0011082226564356615 -0.001500000071246177 0.0032393595326760108
v 0.0008038720870367012 -0.001300005259271958 0.0031122185277968053
v 0.0006680537779542999 -0.0013000208756896309 0.0028832098422978954
v 0.0011082226564356615 -0.001500000071246177 0.0032393595326760108
v 0.0006680537779542999 -0.0013000208756896309 0.0028832098422978954
v 0.0005664778024799809 -0.0013000869176391788 0.0026968678324858215
v 0.0007036930656883349 -0.001500000071246177 0.0025269180544398857
v 0.0005664778024799809 -0.0013000869176391788 0.0026968678324858215
v 0.0004757623898460349 -0.0013000206372710404 0.0025111740828211155
v 0.0007036930656883349 -0.001500000071246177 0.0025269180544398857
v 0.0004757623898460349 -0.0013000206372710404 0.0025111740828211155
v 0.00037349789128489 -0.0013009713314003635 0.002277404654908582
v 0.0005157203919270436 -0.0015000001904554722 0.0021011928125851116
v 0.00037349789128489 -0.0013009713314003635 0.002277404654908582
v 0.00030363361489522603 -0.0013000000140629686 0.0020917733709145676
v 0.0005157203919270436 -0.0015000001904554722 0.0021011928125851116
v 0.00030363361489522603 -0.0013000000140629686 0.0020917733709145676
v 0.00026026732965710864 -0.0013001280448460273 0.0019661392907361487
v 0.0005157203919270436 -0.0015000001904554722 0.0021011928125851116
v 0.00026026732965710864 -0.0013001280448460273 0.0019661392907361487
v 0.00019789182589620592 -0.0013004160545032617 0.0017630520704348114
v 0.00039053605861713917 -0.001500000071246177 0.0017092367030410722
v 0.00019789182589620592 -0.0013004160545032617 0.0017630520704348114
v 0.00015793705736732996 -0.0013000000140629686 0.0016108969023038984
v 0.0010608410147045636 -0.0013000000140629686 0.0035881735598639044
v 0.0011555462432399908 -0.0012997778079366917 0.00378475684022772
v 0.001143880063982569 0.001299697937708899 0.003759776055578672
v 0.000999805140299778 -0.0013000000140629686 0.003467917368620426
v 0.0010608410147045636 -0.0013000000140629686 0.0035881735598639044
v 0.0010608410147045636 0.0013000000140629686 0.0035881735598639044
v 0.0009103132918718974 -0.0012997784039831678 0.0032995902675009283
v 0.000999805140299778 -0.0013000000140629686 0.003467917368620426
v 0.000999805140299778 0.0013000000140629686 0.003467917368620426
v 0.0008038720870367012 -0.001300005259271958 0.0031122185277968053
v 0.0009103132918718974 -0.0012997784039831678 0.0032995902675009283
v 0.0008991089294241303 0.0012996242663644575 0.0032792441018311682
v 0.0008991089294241303 0.0012996242663644575 0.0032792441018311682
v 0.0008042294168991019 0.0013000465056881017 0.003112830786737019
v 0.0008038720870367012 -0.001300005259271958 0.0031122185277968053
v 0.000999805140299778 0.0013000000140629686 0.003467917368620426
v 0.0008991089294241303 0.0012996242663644575 0.0032792441018311682
v 0.0009103132918718974 -0.0012997784039831678 0.0032995902675009283
v 0.0010608410147045636 0.0013000000140629686 0.0035881735598639044
v 0.000999805140299778 0.0013000000140629686 0.003467917368620426
v 0.000999805140299778 -0.0013000000140629686 0.003467917368620426
v 0.001143880063982569 0.001299697937708899 0.003759776055578672
v 0.0010608410147045636 0.0013000000140629686 0.0035881735598639044
v 0.0010608410147045636 -0.0013000000140629686 0.0035881735598639044
v 0.0012659972315336163 0.001299874844302995 0.004031740856933196
v 0.001143880063982569 0.001299697937708899 0.003759776055578672
v 0.0011555462432399908 -0.0012997778079366917 0.00378475684022772
v 0.005224983463505416 0.0015000009057112434 0.0014145858959703492
v 0.005510424875683761 0.0012993957421455343 0.001437585660551549
v 0.005378584640387262 0.001299763383611971 0.001279612244349179
v 0.005510424875683761 0.0012993957421455343 0.001437585660551549
v 0.005224983463505416 0.0015000009057112434 0.0014145858959703492
v 0.00549852683434715 0.0015000009057112434 0.0017655191067992427
v 0.00549852683434715 0.0015000009057112434 0.0017655191067992427
v 0.005825007715332674 0.0012999961993655218 0.001980028961767882
v 0.005755344187396149 0.0013004930637079692 0.001827619162582394
v 0.005825007715332674 0.0012999961993655218 0.001980028961767882
v 0.00549852683434715 0.0015000009057112434 0.0017655191067992427
v 0.005709379467347952 0.0015000003096647674 0.002229038105980435
v 0.0058831694536298764 0.0013000000140629686 0.0021301492272295104
v 0.005859509269553197 0.0013000022790395777 0.0020652903107272465
v 0.005709379467347952 0.0015000003096647674 0.002229038105980435
v 0.0059438069305700605 0.001299793066726479 0.002328010669656599
v 0.005709379467347952 0.0015000003096647674 0.002229038105980435
v 0.005784739769084112 0.001500000071246177 0.0025275932558879717
v 0.005784739769084112 0.001500000071246177 0.0025275932558879717
v 0.005986069963583306 0.0013000429294092453 0.002521479011136501
v 0.0059438069305700605 0.001299793066726479 0.002328010669656599
v 0.0060143950458002565 0.001301468195742811 0.002734439502895258
v 0.005784739769084112 0.001500000071246177 0.0025275932558879717
v 0.005827918806321774 0.0015000005480833578 0.002875697034094987
v 0.005809213437391324 0.001500000071246177 0.0032317875966626766
v 0.006012336062853339 0.0013000361344794181 0.003202949437639129
v 0.006023609447483034 0.0013007723710866531 0.003013389015274897
v 0.006023609447483034 0.0013007723710866531 0.003013389015274897
v 0.005827918806321774 0.0015000005480833578 0.002875697034094987
v 0.005809213437391324 0.001500000071246177 0.0032317875966626766
v 0.005809213437391324 0.001500000071246177 0.0032317875966626766
v 0.00598642473044586 0.0013000004909001495 0.003386772078206173
v 0.006012336062853339 0.0013000361344794181 0.003202949437639129
v 0.00570313003925571 0.0015000030514785573 0.0037370433198187494
v 0.005948091312640013 0.001299780788169072 0.0035714875963943618
v 0.00598642473044586 0.0013000004909001495 0.003386772078206173
v 0.00598642473044586 0.0013000004909001495 0.003386772078206173
v 0.005809213437391324 0.001500000071246177 0.0032317875966626766
v 0.00570313003925571 0.0015000030514785573 0.0037370433198187494
v 0.00570313003925571 0.0015000030514785573 0.0037370433198187494
v 0.005866328994913738 0.0012999497077403888 0.003833963576268528
v 0.005948091312640013 0.001299780788169072 0.0035714875963943618
v 0.005666975767366355 0.0013001330516364262 0.004245950423687194
v 0.005778120315339529 0.001300504627009605 0.004038927270085812
v 0.00570313003925571 0.0015000030514785573 0.0037370433198187494
v 0.00570313003925571 0.0015000030514785573 0.0037370433198187494
v 0.005457738658734278 0.001500000071246177 0.0042043616384476725
v 0.005666975767366355 0.0013001330516364262 0.004245950423687194
v 0.005457738658734278 0.001500000071246177 0.0042043616384476725
v 0.005525068068670535 0.0012994264981436993 0.004456673833811985
v 0.005666975767366355 0.0013001330516364262 0.004245950423687194
v 0.005457738658734278 0.001500000071246177 0.0042043616384476725
v 0.00525309158480508 0.0015000005480833578 0.004479268763626642
v 0.005525068068670535 0.0012994264981436993 0.004456673833811985
v 0.00525309158480508 0.0015000005480833578 0.004479268763626642
v 0.005273945582072447 0.0013002637050239796 0.004742403255647564
v 0.005401194828991706 0.0012997207066842847 0.004608367661970424
v 0.00525309158480508 0.0015000005480833578 0.004479268763626642
v 0.005006588696815083 0.001500000071246177 0.004716820940894872
v 0.005273945582072447 0.0013002637050239796 0.004742403255647564
v 0.005006588696815083 0.001500000071246177 0.004716820940894872
v 0.005124670272095288 0.0013001114747539927 0.0048782045774053975
v 0.005273945582072447 0.0013002637050239796 0.004742403255647564
v 0.005006588696815083 0.001500000071246177 0.004716820940894872
v 0.004707198366585285 0.001500000667292653 0.004935227628514726
v 0.004956560847148849 0.00130079585531781 0.005006109952285508
v 0.004707198366585285 0.001500000667292653 0.004935227628514726
v 0.004772991407124837 0.0012993519923341912 0.005123585944346031
v 0.004956560847148849 0.00130079585531781 0.005006109952285508
v 0.004707198366585285 0.001500000667292653 0.004935227628514726
v 0.0045363418826399595 0.0012992743870830076 0.005243959199117409
v 0.004772991407124837 0.0012993519923341912 0.005123585944346031
v 0.0045363418826399595 0.0012992743870830076 0.005243959199117409
v 0.004707198366585285 0.001500000667292653 0.004935227628514726
v 0.0041992919055408575 0.0015000013825484243 0.0051641295024851255
v 0.0041992919055408575 0.0015000013825484243 0.0051641295024851255
v 0.0041533686703273945 0.001300037803409551 0.0053767440488691745
v 0.004332747188368901 0.0012999053618825696 0.005322891488175329
v 0.003824353876562824 0.0013002873084644317 0.005439279337789148
v 0.0041992919055408575 0.0015000013825484243 0.0051641295024851255
v 0.003717805562175879 0.0015000001904554722 0.00525029779576247
v 0.003717805562175879 0.0015000001904554722 0.00525029779576247
v 0.003598375014511045 0.001299766244635056 0.005456041595207627
v 0.003709533867599645 0.0013000190875502027 0.005449961921151768
v 0.003598375014511045 0.001299766244635056 0.005456041595207627
v 0.003717805562175879 0.0015000001904554722 0.00525029779576247
v 0.003333118120198152 0.001500000667292653 0.005253882657688113
v 0.003333118120198152 0.001500000667292653 0.005253882657688113
v 0.003369932573164396 0.0012997825763085002 0.0054535649028902835
v 0.003598375014511045 0.001299766244635056 0.005456041595207627
v 0.0029956852428428267 0.001500000071246177 0.005196807154488891
v 0.002999128722544347 0.0012998747250936998 0.005401814240489632
v 0.0031495756214748585 0.0013005149982182884 0.005428859968550358
v 0.0031495756214748585 0.0013005149982182884 0.005428859968550358
v 0.003333118120198152 0.001500000667292653 0.005253882657688113
v 0.0029956852428428267 0.001500000071246177 0.005196807154488891
v 0.0026518286534056574 0.0015000003096647674 0.005089001897293221
v 0.0027001947254966237 0.001300021471736107 0.005317784085131227
v 0.0028456105153319695 0.0013001320979620645 0.005363291041485806
v 0.0028456105153319695 0.0013001320979620645 0.005363291041485806
v 0.0029956852428428267 0.001500000071246177 0.005196807154488891
v 0.0026518286534056574 0.0015000003096647674 0.005089001897293221
v 0.0026518286534056574 0.0015000003096647674 0.005089001897293221
v 0.0022130852796764518 0.0015000004288740626 0.0048522612969068004
v 0.0023651748826949977 0.001300091447592397 0.005172919519076945
v 0.0022130852796764518 0.0015000004288740626 0.0048522612969068004
v 0.002209663972903841 0.0012999404094153622 0.005084310773108002
v 0.0023651748826949977 0.001300091447592397 0.005172919519076945
v 0.0022130852796764518 0.0015000004288740626 0.0048522612969068004
v 0.002059095003655031 0.0012997856757501758 0.004983424900243671
v 0.002209663972903841 0.0012999404094153622 0.005084310773108002
v 0.0022130852796764518 0.0015000004288740626 0.0048522612969068004
v 0.0018068500423332186 0.0012997524163568114 0.0047748772981751056
v 0.001931013556645891 0.0012999202630444712 0.004884073012590139
v 0.0018068500423332186 0.0012997524163568114 0.0047748772981751056
v 0.0022130852796764518 0.0015000004288740626 0.0048522612969068004
v 0.0017707720643928 0.001500000071246177 0.004451212617579691
v 0.0015020497558680674 0.0012998444459327158 0.004428689213342162
v 0.0017707720643928 0.001500000071246177 0.004451212617579691
v 0.0015080250025813198 0.0015000003096647674 0.00407573290156421
v 0.0015080250025813198 0.0015000003096647674 0.00407573290156421
v 0.0012659972315336163 0.001299874844302995 0.004031740856933196
v 0.0013723805602559867 0.001299526037905202 0.004232484541699943
v 0.0013723805602559867 0.001299526037905202 0.004232484541699943
v 0.0015020497558680674 0.0012998444459327158 0.004428689213342162
v 0.0015080250025813198 0.0015000003096647674 0.00407573290156421
v 0.0015020497558680674 0.0012998444459327158 0.004428689213342162
v 0.0016574613643163118 0.001299306573592715 0.004621731023963792
v 0.0017707720643928 0.001500000071246177 0.004451212617579691
v 0.0016574613643163118 0.001299306573592715 0.004621731023963792
v 0.0018068500423332186 0.0012997524163568114 0.0047748772981751056
v 0.0017707720643928 0.001500000071246177 0.004451212617579691
v 0.001931013556645891 0.0012999202630444712 0.004884073012590139
v 0.002059095003655031 0.0012997856757501758 0.004983424900243671
v 0.0022130852796764518 0.0015000004288740626 0.0048522612969068004
v 0.0023651748826949977 0.001300091447592397 0.005172919519076945
v 0.002521219134872937 0.0012996360680846836 0.005247646581036935
v 0.0026518286534056574 0.0015000003096647674 0.005089001897293221
v 0.002521219134872937 0.0012996360680846836 0.005247646581036935
v 0.0027001947254966237 0.001300021471736107 0.005317784085131227
v 0.0026518286534056574 0.0015000003096647674 0.005089001897293221
v 0.0028456105153319695 0.0013001320979620645 0.005363291041485806
v 0.002999128722544347 0.0012998747250936998 0.005401814240489632
v 0.0029956852428428267 0.001500000071246177 0.005196807154488891
v 0.0031495756214748585 0.0013005149982182884 0.005428859968550358
v 0.003369932573164396 0.0012997825763085002 0.0054535649028902835
v 0.003333118120198152 0.001500000667292653 0.005253882657688113
v 0.003709533867599645 0.0013000190875502027 0.005449961921151768
v 0.003824353876562824 0.0013002873084644317 0.005439279337789148
v 0.003717805562175879 0.0015000001904554722 0.00525029779576247
v 0.003824353876562824 0.0013002873084644317 0.005439279337789148
v 0.0039724714258648755 0.0013005393169145119 0.005416463155522576
v 0.0041992919055408575 0.0015000013825484243 0.0051641295024851255
v 0.0039724714258648755 0.0013005393169145119 0.005416463155522576
v 0.0041533686703273945 0.001300037803409551 0.0053767440488691745
v 0.0041992919055408575 0.0015000013825484243 0.0051641295024851255
v 0.004332747188368901 0.0012999053618825696 0.005322891488175329
v 0.0045363418826399595 0.0012992743870830076 0.005243959199117409
v 0.0041992919055408575 0.0015000013825484243 0.0051641295024851255
v 0.004956560847148849 0.00130079585531781 0.005006109952285508
v 0.005124670272095288 0.0013001114747539927 0.0048782045774053975
v 0.005006588696815083 0.001500000071246177 0.004716820940894872
v 0.005401194828991706 0.0012997207066842847 0.004608367661970424
v 0.005525068068670535 0.0012994264981436993 0.004456673833811985
v 0.00525309158480508 0.0015000005480833578 0.004479268763626642
v 0.005778120315339529 0.001300504627009605 0.004038927270085812
v 0.005866328994913738 0.0012999497077403888 0.003833963576268528
v 0.00570313003925571 0.0015000030514785573 0.0037370433198187494
v 0.006023609447483034 0.0013007723710866531 0.003013389015274897
v 0.006023062992073778 0.0013000981233129288 0.002890280860852745
v 0.005827918806321774 0.0015000005480833578 0.002875697034094987
v 0.006023062992073778 0.0013000981233129288 0.002890280860852745
v 0.0060143950458002565 0.001301468195742811 0.002734439502895258
v 0.005827918806321774 0.0015000005480833578 0.002875697034094987
v 0.0060143950458002565 0.001301468195742811 0.002734439502895258
v 0.005986069963583306 0.0013000429294092453 0.002521479011136501
v 0.005784739769084112 0.001500000071246177 0.0025275932558879717
v 0.0059438069305700605 0.001299793066726479 0.002328010669656599
v 0.005905570310711926 0.0012999944112260936 0.002196785077486218
v 0.005709379467347952 0.0015000003096647674 0.002229038105980435
v 0.005905570310711926 0.0012999944112260936 0.002196785077486218
v 0.0058831694536298764 0.0013000000140629686 0.0021301492272295104
v 0.005709379467347952 0.0015000003096647674 0.002229038105980435
v 0.005859509269553197 0.0013000022790395777 0.0020652903107272465
v 0.005825007715332674 0.0012999961993655218 0.001980028961767882
v 0.005709379467347952 0.0015000003096647674 0.002229038105980435
v 0.005755344187396149 0.0013004930637079692 0.001827619162582394
v 0.005628269462885082 0.0012999420783454951 0.0016065183448907279
v 0.00549852683434715 0.0015000009057112434 0.0017655191067992427
v 0.005628269462885082 0.0012999420783454951 0.0016065183448907279
v 0.005510424875683761 0.0012993957421455343 0.001437585660551549
v 0.00549852683434715 0.0015000009057112434 0.0017655191067992427
v -0.00017570639491176762 -0.0015000004288740626 -0.015218064077311407
v -0.000522206331260988 -0.001500000071246177 -0.016031407164038832
v -0.00023041472933362292 -0.0012999824902965723 -0.015846903599977532
v -0.00023041472933362292 -0.0012999824902965723 -0.015846903599977532
v -0.0001511882317351172 -0.0012999288461137265 -0.01565795305236761
v -0.00017570639491176762 -0.0015000004288740626 -0.015218064077311407
v -0.0001511882317351172 -0.0012999288461137265 -0.01565795305236761
v -2.163147470281008e-05 -0.001299888195744059 -0.015372853055610754
v -0.00017570639491176762 -0.0015000004288740626 -0.015218064077311407
v -2.163147470281008e-05 -0.001299888195744059 -0.015372853055610754
v -0.00013967595167781521 0.0012998945138367052 -0.01563159349301013
v -2.3532462492730024e-05 0.0013000391147117984 -0.015376963392109696
v -2.163147470281008e-05 -0.001299888195744059 -0.015372853055610754
v -2.3532462492730024e-05 0.0013000391147117984 -0.015376963392109696
v 7.015750890414488e-05 0.0013000586650362134 -0.015151363138779513
v 7.816791905701502e-05 -0.00129969567273229 -0.015130372766078422
v 7.015750890414488e-05 0.0013000586650362134 -0.015151363138779513
v 0.00016372922840545906 0.001300051750897091 -0.01488446020251832
v 0.00016974110217466557 -0.001299806537376838 -0.014865579357505317
v 0.00016372922840545906 0.001300051750897091 -0.01488446020251832
v 0.0002217812196452558 0.0013000362536887133 -0.014688878757071474
v 0.0002254712688727622 -0.0013000190875502027 -0.014675442438989435
v 0.0002217812196452558 0.0013000362536887133 -0.014688878757071474
v 0.00025402663364574094 0.0013000000140629686 -0.014565441823413124
v 0.00025402663364574094 0.0013000000140629686 -0.014565441823413124
v 0.00025402663364574094 -0.0013000000140629686 -0.014565441823413124
v 0.0002254712688727622 -0.0013000190875502027 -0.014675442438989435
v 0.0002217812196452558 0.0013000362536887133 -0.014688878757071474
v 0.0002254712688727622 -0.0013000190875502027 -0.014675442438989435
v 0.00016974110217466557 -0.001299806537376838 -0.014865579357505317
v 0.00016372922840545906 0.001300051750897091 -0.01488446020251832
v 0.00016974110217466557 -0.001299806537376838 -0.014865579357505317
v 7.816791905701502e-05 -0.00129969567273229 -0.015130372766078422
v 7.015750890414488e-05 0.0013000586650362134 -0.015151363138779513
v 7.816791905701502e-05 -0.00129969567273229 -0.015130372766078422
v -2.163147470281008e-05 -0.001299888195744059 -0.015372853055610754
v 0.00025402663364574094 0.0013000000140629686 -0.014565441823413124
v 5.994698317469655e-05 0.001500000071246177 -0.014517140124341573
v 0.0030763672859358817 0.001500000071246177 -0.0023970471567003044
v 0.0030763672859358817 0.001500000071246177 -0.0023970471567003044
v 0.00326905528336932 0.0013000000140629686 -0.0024509423943218363
v 0.00025402663364574094 0.0013000000140629686 -0.014565441823413124
v -0.003176164062679148 -0.0013000000140629686 -0.01178564795206116
v -0.002982084177514804 -0.001500000071246177 -0.011833949651132712
v 0.0003520167041130839 -0.001500000071246177 0.0015625948456044615
v 0.0003520167041130839 -0.001500000071246177 0.0015625948456044615
v 0.00015793705736732996 -0.0013000000140629686 0.0016108969023038984
v -0.003176164062679148 -0.0013000000140629686 -0.01178564795206116
v 0.0008038720870367012 -0.001300005259271958 0.0031122185277968053
v 0.0008042294168991019 0.0013000465056881017 0.003112830786737019
v 0.0006753031336147879 0.0013000208756896309 0.0028958593790315286
v 0.0006680537779542999 -0.0013000208756896309 0.0028832098422978954
v 0.0006753031336147879 0.0013000208756896309 0.0028958593790315286
v 0.0005569704439542174 0.0013000296971774766 0.002679251321257847
v 0.0004757623898460349 -0.0013000206372710404 0.0025111740828211155
v 0.0005569704439542174 0.0013000296971774766 0.002679251321257847
v 0.00044703056551381726 0.0012997915170056412 0.0024482332438788275
v 0.00037349789128489 -0.0013009713314003635 0.002277404654908582
v 0.00044703056551381726 0.0012997915170056412 0.0024482332438788275
v 0.00035097991107029333 0.0012999132296960536 0.0022207013231290147
v 0.00030363361489522603 -0.0013000000140629686 0.0020917733709145676
v 0.00035097991107029333 0.0012999132296960536 0.0022207013231290147
v 0.0002760045361483755 0.0013000000140629686 0.0020126822950754237
v 0.00026026732965710864 -0.0013001280448460273 0.0019661392907361487
v 0.0002760045361483755 0.0013000000140629686 0.0020126822950754237
v 0.00021524753698857856 0.001300391616597743 0.0018244784744907146
v 0.00019789182589620592 -0.0013004160545032617 0.0017630520704348114
v 0.00021524753698857856 0.001300391616597743 0.0018244784744907146
v 0.00015793705736732996 0.0013000000140629686 0.0016108969023038984
v 0.00015793705736732996 0.0013000000140629686 0.0016108969023038984
v 0.00015793705736732996 -0.0013000000140629686 0.0016108969023038984
v 0.00019789182589620592 -0.0013004160545032617 0.0017630520704348114
v 0.00021524753698857856 0.001300391616597743 0.0018244784744907146
v 0.00019789182589620592 -0.0013004160545032617 0.0017630520704348114
v 0.00026026732965710864 -0.0013001280448460273 0.0019661392907361487
v 0.0002760045361483755 0.0013000000140629686 0.0020126822950754237
v 0.00026026732965710864 -0.0013001280448460273 0.0019661392907361487
v 0.00030363361489522603 -0.0013000000140629686 0.0020917733709145676
v 0.00035097991107029333 0.0012999132296960536 0.0022207013231290147
v 0.00030363361489522603 -0.0013000000140629686 0.0020917733709145676
v 0.00037349789128489 -0.0013009713314003635 0.002277404654908582
v 0.00044703056551381726 0.0012997915170056412 0.0024482332438788275
v 0.00037349789128489 -0.0013009713314003635 0.002277404654908582
v 0.0004757623898460349 -0.0013000206372710404 0.0025111740828211155
v 0.0005569704439542174 0.0013000296971774766 0.002679251321257847
v 0.0004757623898460349 -0.0013000206372710404 0.0025111740828211155
v 0.0005664778024799809 -0.0013000869176391788 0.0026968678324858215
v 0.0005569704439542174 0.0013000296971774766 0.002679251321257847
v 0.0005664778024799809 -0.0013000869176391788 0.0026968678324858215
v 0.0006680537779542999 -0.0013000208756896309 0.0028832098422978954
v 0.0006753031336147879 0.0013000208756896309 0.0028958593790315286
v 0.0006680537779542999 -0.0013000208756896309 0.0028832098422978954
v 0.0008038720870367012 -0.001300005259271958 0.0031122185277968053
v 0.0015080250025813198 0.0015000003096647674 0.00407573290156421
v 0.0012621129158583986 0.001500000071246177 0.003541034151420679
v 0.001143880063982569 0.001299697937708899 0.003759776055578672
v 0.0012621129158583986 0.001500000071246177 0.003541034151420679
v 0.0009752437339512891 0.0015000003096647674 0.0030097104548432166
v 0.0008991089294241303 0.0012996242663644575 0.0032792441018311682
v 0.0008042294168991019 0.0013000465056881017 0.003112830786737019
v 0.0008991089294241303 0.0012996242663644575 0.0032792441018311682
v 0.0009752437339512891 0.0015000003096647674 0.0030097104548432166
v 0.0008991089294241303 0.0012996242663644575 0.0032792441018311682
v 0.000999805140299778 0.0013000000140629686 0.003467917368620426
v 0.0012621129158583986 0.001500000071246177 0.003541034151420679
v 0.000999805140299778 0.0013000000140629686 0.003467917368620426
v 0.0010608410147045636 0.0013000000140629686 0.0035881735598639044
v 0.0012621129158583986 0.001500000071246177 0.003541034151420679
v 0.0010608410147045636 0.0013000000140629686 0.0035881735598639044
v 0.001143880063982569 0.001299697937708899 0.003759776055578672
v 0.0012621129158583986 0.001500000071246177 0.003541034151420679
v 0.001143880063982569 0.001299697937708899 0.003759776055578672
v 0.0012659972315336163 0.001299874844302995 0.004031740856933196
v 0.0015080250025813198 0.0015000003096647674 0.00407573290156421
v -0.000522206331260988 -0.001500000071246177 -0.016031407164038832
v -0.00043755655578838956 -0.001299581470227476 -0.01629171830311193
v -0.0003417252166457336 -0.0012997412106830614 -0.016112562944871064
v -0.000522206331260988 -0.001500000071246177 -0.016031407164038832
v -0.0006809566344402606 -0.0015000001904554722 -0.01630681115356025
v -0.00043755655578838956 -0.001299581470227476 -0.01629171830311193
v -0.0006809566344402606 -0.0015000001904554722 -0.01630681115356025
v -0.0005414066571851616 -0.0012999977490863596 -0.01645403749417129
v -0.0004983362196154388 -0.0012999976298770644 -0.01638982087735163
v -0.0006809566344402606 -0.0015000001904554722 -0.01630681115356025
v -0.0006218810376859562 -0.001300553383611347 -0.016564583611482494
v -0.0005414066571851616 -0.0012999977490863596 -0.01645403749417129
v -0.0006809566344402606 -0.0015000001904554722 -0.01630681115356025
v -0.0009408169835635122 -0.0015000003096647674 -0.016631071880631728
v -0.0006218810376859562 -0.001300553383611347 -0.016564583611482494
v -0.0009408169835635122 -0.0015000003096647674 -0.016631071880631728
v -0.0012304235089119484 -0.0015000003096647674 -0.0168844707879312
v -0.0008852857771791259 -0.0013005902192835678 -0.016854050483141588
v -0.0012304235089119484 -0.0015000003096647674 -0.0168844707879312
v -0.0010118843797651126 -0.0013000255248521442 -0.016964741558955772
v -0.0008852857771791259 -0.0013005902192835678 -0.016854050483141588
v -0.0012304235089119484 -0.0015000003096647674 -0.0168844707879312
v -0.001172305878053975 -0.0012999331376483542 -0.017086136675805715
v -0.0010118843797651126 -0.0013000255248521442 -0.016964741558955772
v -0.0012304235089119484 -0.0015000003096647674 -0.0168844707879312
v -0.0013103149559591518 -0.0012999278924393648 -0.017174445014350722
v -0.001172305878053975 -0.0012999331376483542 -0.017086136675805715
v -0.0013103149559591518 -0.0012999278924393648 -0.017174445014350722
v -0.0012304235089119484 -0.0015000003096647674 -0.0168844707879312
v -0.0016680652695440913 -0.00150000174017631 -0.017143469671082597
v -0.0016680652695440913 -0.00150000174017631 -0.017143469671082597
v -0.0019060133408817233 -0.0013000288627124101 -0.017432602756715095
v -0.001735892020659976 -0.0013000090739694048 -0.017377598634229493
v -0.0019060133408817233 -0.0013000288627124101 -0.017432602756715095
v -0.0016680652695440913 -0.00150000174017631 -0.017143469671082597
v -0.00221646033324252 -0.0015000015017577195 -0.01730644117540536
v -0.00221646033324252 -0.0015000015017577195 -0.01730644117540536
v -0.0021056979702697982 -0.0013000281474566389 -0.0174823673922575
v -0.0019060133408817233 -0.0013000288627124101 -0.017432602756715095
v -0.00221646033324252 -0.0015000015017577195 -0.01730644117540536
v -0.0022647024276664647 -0.001300066294431107 -0.017508919593836044
v -0.0021056979702697982 -0.0013000281474566389 -0.0174823673922575
v -0.00221646033324252 -0.0015000015017577195 -0.01730644117540536
v -0.0027416926732531928 -0.001500000667292653 -0.017330490935458794
v -0.002475902913390698 -0.0013001102826610406 -0.01752789199158777
v -0.0027416926732531928 -0.001500000667292653 -0.017330490935458794
v -0.0029474083393046797 -0.0012999786755991255 -0.01750640380086987
v -0.0026985205501546534 -0.0013001744172618651 -0.017529707787572454
v -0.0029474083393046797 -0.0012999786755991255 -0.01750640380086987
v -0.0027416926732531928 -0.001500000667292653 -0.017330490935458794
v -0.003233617459344195 -0.0015000007865019482 -0.01724582372562677
v -0.003233617459344195 -0.0015000007865019482 -0.01724582372562677
v -0.003321215072071142 -0.0013000345847585804 -0.01742261778614806
v -0.0031132279921086683 -0.0013000342271306947 -0.017477024908483237
v -0.003233617459344195 -0.0015000007865019482 -0.01724582372562677
v -0.0034814349874417996 -0.0013002927920920115 -0.017369223465985014
v -0.003321215072071142 -0.0013000345847585804 -0.01742261778614806
v -0.003233617459344195 -0.0015000007865019482 -0.01724582372562677
v -0.0037004293768870536 -0.0015000007865019482 -0.017054560517689717
v -0.0034814349874417996 -0.0013002927920920115 -0.017369223465985014
v -0.0037004293768870536 -0.0015000007865019482 -0.017054560517689717
v -0.0037101203773320926 -0.0013000004909001495 -0.017268601284081694
v -0.0036309015091284804 -0.0013000354192236468 -0.017306742536503657
v -0.0037004293768870536 -0.0015000007865019482 -0.017054560517689717
v -0.0038025245088420248 -0.0013001120708004688 -0.0172206791474061
v -0.0037101203773320926 -0.0013000004909001495 -0.017268601284081694
v -0.0037004293768870536 -0.0015000007865019482 -0.017054560517689717
v -0.003935970016507861 -0.0013000474593624634 -0.017141178945265786
v -0.0038025245088420248 -0.0013001120708004688 -0.0172206791474061
v -0.004078032210450277 -0.0013000004909001495 -0.017045018052026514
v -0.0037004293768870536 -0.0015000007865019482 -0.017054560517689717
v -0.00415248175317101 -0.0015000005480833578 -0.016731081803594835
v -0.004317555632624147 -0.0013000139615505085 -0.016843781317614766
v -0.004214948854374122 -0.0013000364921073038 -0.016935908168304033
v -0.00415248175317101 -0.0015000005480833578 -0.016731081803594835
v -0.0044349825104550425 -0.0013000093123879952 -0.01672404177945674
v -0.00415248175317101 -0.0015000005480833578 -0.016731081803594835
v -0.004531267858198517 -0.001500000667292653 -0.016286099253772775
v -0.004531267858198517 -0.001500000667292653 -0.016286099253772775
v -0.0045635907433397285 -0.0013001113555446975 -0.016573647332616123
v -0.0044349825104550425 -0.0013000093123879952 -0.01672404177945674
v -0.004531267858198517 -0.001500000667292653 -0.016286099253772775
v -0.004882197135120669 -0.0012997595689145242 -0.01604480438147204
v -0.0047935554873862465 -0.0012997300050093114 -0.016224345024155037
v -0.004882197135120669 -0.0012997595689145242 -0.01604480438147204
v -0.004531267858198517 -0.001500000667292653 -0.016286099253772775
v -0.004725661025390681 -0.001500000071246177 -0.01590359095771154
v -0.004955169436255124 -0.0012996876857095108 -0.015860358037872443
v -0.004725661025390681 -0.001500000071246177 -0.01590359095771154
v -0.004835899582720237 -0.0015000005480833578 -0.015572769904705904
v -0.004835899582720237 -0.0015000005480833578 -0.015572769904705904
v -0.005024849176655798 -0.0012991312167194569 -0.01563075425957183
v -0.004955169436255124 -0.0012996876857095108 -0.015860358037872443
v -0.004835899582720237 -0.0015000005480833578 -0.015572769904705904
v -0.00506592297774 -0.0012998242995618248 -0.015421330230764859
v -0.005024849176655798 -0.0012991312167194569 -0.01563075425957183
v -0.00506592297774 -0.0012998242995618248 -0.015421330230764859
v -0.004835899582720237 -0.0015000005480833578 -0.015572769904705904
v -0.00489606642136292 -0.0015000001904554722 -0.015159660105726332
v -0.005085952523521674 -0.0012999038121617318 -0.015260730514579653
v -0.00506592297774 -0.0012998242995618248 -0.015421330230764859
v -0.00489606642136292 -0.0015000001904554722 -0.015159660105726332
v -0.00489606642136292 -0.0015000001904554722 -0.015159660105726332
v -0.005093017343193173 -0.0012999948880632745 -0.015161507372964952
v -0.005085952523521674 -0.0012999038121617318 -0.015260730514579653
v -0.005094295743675036 -0.0012996414325029682 -0.014912553541865377
v -0.005096311334438496 -0.0012999721190878888 -0.015068497419816747
v -0.00489606642136292 -0.0015000001904554722 -0.015159660105726332
v -0.00489606642136292 -0.0015000001904554722 -0.015159660105726332
v -0.004882882350149552 -0.0015000001904554722 -0.014765469298734232
v -0.005094295743675036 -0.0012996414325029682 -0.014912553541865377
v -0.004882882350149552 -0.0015000001904554722 -0.014765469298734232
v -0.005054897548444347 -0.0012997154614752954 -0.014572901464270368
v -0.005082269433136776 -0.001300006928202091 -0.01476236699603561
v -0.004882882350149552 -0.0015000001904554722 -0.014765469298734232
v -0.0048087131876911595 -0.0015000001904554722 -0.014391342846638008
v -0.005054897548444347 -0.0012997154614752954 -0.014572901464270368
v -0.0049683582758403 -0.0012999209783002424 -0.014238975247543025
v -0.0050163671968828085 -0.0012998682877917583 -0.014401464192638765
v -0.0048087131876911595 -0.0015000001904554722 -0.014391342846638008
v -0.0048087131876911595 -0.0015000001904554722 -0.014391342846638008
v -0.004916067356913744 -0.001299879255046918 -0.014097175314050078
v -0.0049683582758403 -0.0012999209783002424 -0.014238975247543025
v -0.004916067356913744 -0.001299879255046918 -0.014097175314050078
v -0.0048087131876911595 -0.0015000001904554722 -0.014391342846638008
v -0.004633119803191254 -0.0015000007865019482 -0.013949886984605527
v -0.004633119803191254 -0.0015000007865019482 -0.013949886984605527
v -0.004848395577881636 -0.0012999822518779819 -0.013943607992608072
v -0.004916067356913744 -0.001299879255046918 -0.014097175314050078
v -0.004633119803191254 -0.0015000007865019482 -0.013949886984605527
v -0.004305522646365355 -0.0014999998328275865 -0.01348781840491919
v -0.004639631968570145 -0.0012997497937523167 -0.013589186360173363
v -0.004305522646365355 -0.0014999998328275865 -0.01348781840491919
v -0.003998897980846266 -0.0015000004288740626 -0.013207062394879895
v -0.00425679322434258 -0.001300038876293208 -0.013161274581425794
v -0.004100757793652487 -0.001299959363693301 -0.01303276886853499
v -0.00425679322434258 -0.001300038876293208 -0.013161274581425794
v -0.003998897980846266 -0.0015000004288740626 -0.013207062394879895
v -0.00425679322434258 -0.001300038876293208 -0.013161274581425794
v -0.0043889658151541324 -0.0012999989411793117 -0.01328847757513851
v -0.004305522646365355 -0.0014999998328275865 -0.01348781840491919
v -0.0043889658151541324 -0.0012999989411793117 -0.01328847757513851
v -0.004522886967907868 -0.0012995745560883537 -0.013435126942760719
v -0.004305522646365355 -0.0014999998328275865 -0.01348781840491919
v -0.004522886967907868 -0.0012995745560883537 -0.013435126942760719
v -0.004639631968570145 -0.0012997497937523167 -0.013589186360173363
v -0.004305522646365355 -0.0014999998328275865 -0.01348781840491919
v -0.004639631968570145 -0.0012997497937523167 -0.013589186360173363
v -0.0047543218009829516 -0.001299943151229152 -0.013766080556502632
v -0.004633119803191254 -0.0015000007865019482 -0.013949886984605527
v -0.0047543218009829516 -0.001299943151229152 -0.013766080556502632
v -0.004848395577881636 -0.0012999822518779819 -0.013943607992608072
v -0.004633119803191254 -0.0015000007865019482 -0.013949886984605527
v -0.0050163671968828085 -0.0012998682877917583 -0.014401464192638765
v -0.005054897548444347 -0.0012997154614752954 -0.014572901464270368
v -0.0048087131876911595 -0.0015000001904554722 -0.014391342846638008
v -0.005082269433136776 -0.001300006928202091 -0.01476236699603561
v -0.005094295743675036 -0.0012996414325029682 -0.014912553541865377
v -0.004882882350149552 -0.0015000001904554722 -0.014765469298734232
v -0.005096311334438496 -0.0012999721190878888 -0.015068497419816747
v -0.005093017343193173 -0.0012999948880632745 -0.015161507372964952
v -0.00489606642136292 -0.0015000001904554722 -0.015159660105726332
v -0.004955169436255124 -0.0012996876857095108 -0.015860358037872443
v -0.004882197135120669 -0.0012997595689145242 -0.01604480438147204
v -0.004725661025390681 -0.001500000071246177 -0.01590359095771154
v -0.0047935554873862465 -0.0012997300050093114 -0.016224345024155037
v -0.004682290776443498 -0.0012998699567218913 -0.016410570924113573
v -0.004531267858198517 -0.001500000667292653 -0.016286099253772775
v -0.004682290776443498 -0.0012998699567218913 -0.016410570924113573
v -0.0045635907433397285 -0.0013001113555446975 -0.016573647332616123
v -0.004531267858198517 -0.001500000667292653 -0.016286099253772775
v -0.0044349825104550425 -0.0013000093123879952 -0.01672404177945674
v -0.004317555632624147 -0.0013000139615505085 -0.016843781317614766
v -0.00415248175317101 -0.0015000005480833578 -0.016731081803594835
v -0.004214948854374122 -0.0013000364921073038 -0.016935908168304033
v -0.004078032210450277 -0.0013000004909001495 -0.017045018052026514
v -0.00415248175317101 -0.0015000005480833578 -0.016731081803594835
v -0.004078032210450277 -0.0013000004909001495 -0.017045018052026514
v -0.003935970016507861 -0.0013000474593624634 -0.017141178945265786
v -0.0037004293768870536 -0.0015000007865019482 -0.017054560517689717
v -0.0036309015091284804 -0.0013000354192236468 -0.017306742536503657
v -0.0034814349874417996 -0.0013002927920920115 -0.017369223465985014
v -0.0037004293768870536 -0.0015000007865019482 -0.017054560517689717
v -0.0031132279921086683 -0.0013000342271306947 -0.017477024908483237
v -0.0029474083393046797 -0.0012999786755991255 -0.01750640380086987
v -0.003233617459344195 -0.0015000007865019482 -0.01724582372562677
v -0.0026985205501546534 -0.0013001744172618651 -0.017529707787572454
v -0.002475902913390698 -0.0013001102826610406 -0.01752789199158777
v -0.0027416926732531928 -0.001500000667292653 -0.017330490935458794
v -0.002475902913390698 -0.0013001102826610406 -0.01752789199158777
v -0.002389611596120694 -0.001300005259271958 -0.017521914360688614
v -0.00221646033324252 -0.0015000015017577195 -0.01730644117540536
v -0.002389611596120694 -0.001300005259271958 -0.017521914360688614
v -0.0022647024276664647 -0.001300066294431107 -0.017508919593836044
v -0.00221646033324252 -0.0015000015017577195 -0.01730644117540536
v -0.001735892020659976 -0.0013000090739694048 -0.017377598634229493
v -0.0015867358007687344 -0.0013002069613994582 -0.017318297255070055
v -0.0016680652695440913 -0.00150000174017631 -0.017143469671082597
v -0.0015867358007687344 -0.0013002069613994582 -0.017318297255070055
v -0.001424763866386333 -0.0013000264785265059 -0.017238720758980804
v -0.0016680652695440913 -0.00150000174017631 -0.017143469671082597
v -0.001424763866386333 -0.0013000264785265059 -0.017238720758980804
v -0.0013103149559591518 -0.0012999278924393648 -0.017174445014350722
v -0.0016680652695440913 -0.00150000174017631 -0.017143469671082597
v -0.0008852857771791259 -0.0013005902192835678 -0.016854050483141588
v -0.0007462946530999852 -0.0013002299687934343 -0.01671289332616843
v -0.0009408169835635122 -0.0015000003096647674 -0.016631071880631728
v -0.0007462946530999852 -0.0013002299687934343 -0.01671289332616843
v -0.0006218810376859562 -0.001300553383611347 -0.016564583611482494
v -0.0009408169835635122 -0.0015000003096647674 -0.016631071880631728
v -0.0004983362196154388 -0.0012999976298770644 -0.01638982087735163
v -0.00043755655578838956 -0.001299581470227476 -0.01629171830311193
v -0.0006809566344402606 -0.0015000001904554722 -0.01630681115356025
v -0.0003417252166457336 -0.0012997412106830614 -0.016112562944871064
v -0.00023041472933362292 -0.0012999824902965723 -0.015846903599977532
v -0.000522206331260988 -0.001500000071246177 -0.016031407164038832
v -0.0001511882317351172 -0.0012999288461137265 -0.01565795305236761
v -0.00023041472933362292 -0.0012999824902965723 -0.015846903599977532
v -0.00022143806078782352 0.001299991788621599 -0.01582456854642644
v -2.163147470281008e-05 -0.001299888195744059 -0.015372853055610754
v -0.0001511882317351172 -0.0012999288461137265 -0.01565795305236761
v -0.00013967595167781521 0.0012998945138367052 -0.01563159349301013
v -0.00022143806078782352 0.001299991788621599 -0.01582456854642644
v -0.00013967595167781521 0.0012998945138367052 -0.01563159349301013
v -0.0001511882317351172 -0.0012999288461137265 -0.01565795305236761
v -2.3532462492730024e-05 0.0013000391147117984 -0.015376963392109696
v -0.0002488716511916868 0.001500000071246177 -0.015389151350452265
v -0.00014517150018713076 0.001500000071246177 -0.015152298693328344
v 7.015750890414488e-05 0.0013000586650362134 -0.015151363138779513
v -0.00014517150018713076 0.001500000071246177 -0.015152298693328344
v -5.111558233098552e-05 0.001500000071246177 -0.01489735960193472
v 0.00016372922840545906 0.001300051750897091 -0.01488446020251832
v -5.111558233098552e-05 0.001500000071246177 -0.01489735960193472
v 1.7856241120647872e-05 0.001500000071246177 -0.014676221590942947
v 0.0002217812196452558 0.0013000362536887133 -0.014688878757071474
v 1.7856241120647872e-05 0.001500000071246177 -0.014676221590942947
v 5.994698317469655e-05 0.001500000071246177 -0.014517140124341573
v 5.994698317469655e-05 0.001500000071246177 -0.014517140124341573
v 0.00025402663364574094 0.0013000000140629686 -0.014565441823413124
v 0.0002217812196452558 0.0013000362536887133 -0.014688878757071474
v 1.7856241120647872e-05 0.001500000071246177 -0.014676221590942947
v 0.0002217812196452558 0.0013000362536887133 -0.014688878757071474
v 0.00016372922840545906 0.001300051750897091 -0.01488446020251832
v -5.111558233098552e-05 0.001500000071246177 -0.01489735960193472
v 0.00016372922840545906 0.001300051750897091 -0.01488446020251832
v 7.015750890414488e-05 0.0013000586650362134 -0.015151363138779513
v -0.00014517150018713076 0.001500000071246177 -0.015152298693328344
v 7.015750890414488e-05 0.0013000586650362134 -0.015151363138779513
v -2.3532462492730024e-05 0.0013000391147117984 -0.015376963392109696
v -0.0002488716511916868 0.001500000071246177 -0.015389151350452265
v -2.3532462492730024e-05 0.0013000391147117984 -0.015376963392109696
v -0.00013967595167781521 0.0012998945138367052 -0.01563159349301013
v -0.003998897980846266 -0.0015000004288740626 -0.013207062394879895
v -0.003561316897745386 -0.0014999999520368817 -0.012863501206076263
v -0.0038578872128876276 -0.0013002384326533944 -0.012857944145570618
v -0.003561316897745386 -0.0014999999520368817 -0.012863501206076263
v -0.0037098500106505497 -0.0013003236672994717 -0.012724769243004915
v -0.0038578872128876276 -0.0013002384326533944 -0.012857944145570618
v -0.003561316897745386 -0.0014999999520368817 -0.012863501206076263
v -0.003280002511367313 -0.00149999899836252 -0.012524741767683808
v -0.0036132270621830323 -0.0012999849936917718 -0.012621061924541484
v -0.003280002511367313 -0.00149999899836252 -0.012524741767683808
v -0.0033045329232990464 -0.001299783053145681 -0.012148689847051305
v -0.0033640309977955854 -0.001299739303334338 -0.012266597376760498
v -0.003280002511367313 -0.00149999899836252 -0.012524741767683808
v -0.003083089974930119 -0.001499999594408996 -0.012144731144775874
v -0.0033045329232990464 -0.001299783053145681 -0.012148689847051305
v -0.003083089974930119 -0.001499999594408996 -0.012144731144775874
v -0.0032019743056042873 -0.0013000569961060804 -0.01188203105142671
v -0.003249788677077008 -0.0013000057361091388 -0.012019951437616246
v -0.003083089974930119 -0.001499999594408996 -0.012144731144775874
v -0.003007117891090926 -0.0015000001904554722 -0.011927024454137512
v -0.0032019743056042873 -0.0013000569961060804 -0.01188203105142671
v -0.002982084177514804 -0.001500000071246177 -0.011833949651132712
v -0.003176164062679148 -0.0013000000140629686 -0.01178564795206116
v -0.0032019743056042873 -0.0013000569961060804 -0.01188203105142671
v -0.0032019743056042873 -0.0013000569961060804 -0.01188203105142671
v -0.003007117891090926 -0.0015000001904554722 -0.011927024454137512
v -0.002982084177514804 -0.001500000071246177 -0.011833949651132712
v -0.003249788677077008 -0.0013000057361091388 -0.012019951437616246
v -0.0033045329232990464 -0.001299783053145681 -0.012148689847051305
v -0.003083089974930119 -0.001499999594408996 -0.012144731144775874
v -0.0033640309977955854 -0.001299739303334338 -0.012266597376760498
v -0.003495678114033839 -0.0013007238529035015 -0.012476746198082363
v -0.003280002511367313 -0.00149999899836252 -0.012524741767683808
v -0.003495678114033839 -0.0013007238529035015 -0.012476746198082363
v -0.0036132270621830323 -0.0012999849936917718 -0.012621061924541484
v -0.003280002511367313 -0.00149999899836252 -0.012524741767683808
v -0.0036132270621830323 -0.0012999849936917718 -0.012621061924541484
v -0.0037098500106505497 -0.0013003236672994717 -0.012724769243004915
v -0.003561316897745386 -0.0014999999520368817 -0.012863501206076263
v -0.0038578872128876276 -0.0013002384326533944 -0.012857944145570618
v -0.004100757793652487 -0.001299959363693301 -0.01303276886853499
v -0.003998897980846266 -0.0015000004288740626 -0.013207062394879895
v 0.00015793705736732996 0.0013000000140629686 0.0016108969023038984
v -0.0031761650163535096 0.0013000000140629686 -0.011785651766758607
v -0.003176164062679148 -0.0013000000140629686 -0.01178564795206116
v -0.003176164062679148 -0.0013000000140629686 -0.01178564795206116
v 0.00015793705736732996 -0.0013000000140629686 0.0016108969023038984
v 0.00015793705736732996 0.0013000000140629686 0.0016108969023038984
v 0.0005569704439542174 0.0013000296971774766 0.002679251321257847
v 0.0009752437339512891 0.0015000003096647674 0.0030097104548432166
v 0.0005913663191345341 0.0015000003096647674 0.002296025862076611
v 0.0002760045361483755 0.0013000000140629686 0.0020126822950754237
v 0.0005913663191345341 0.0015000003096647674 0.002296025862076611
v 0.00040682994271472653 0.001500000071246177 0.0017669355516449626
v 0.00021524753698857856 0.001300391616597743 0.0018244784744907146
v 0.00040682994271472653 0.001500000071246177 0.0017669355516449626
v 0.0003520167041130839 0.001500000071246177 0.0015625948456044615
v 0.0003520167041130839 0.001500000071246177 0.0015625948456044615
v 0.00015793705736732996 0.0013000000140629686 0.0016108969023038984
v 0.00021524753698857856 0.001300391616597743 0.0018244784744907146
v 0.00040682994271472653 0.001500000071246177 0.0017669355516449626
v 0.00021524753698857856 0.001300391616597743 0.0018244784744907146
v 0.0002760045361483755 0.0013000000140629686 0.0020126822950754237
v 0.0005913663191345341 0.0015000003096647674 0.002296025862076611
v 0.0002760045361483755 0.0013000000140629686 0.0020126822950754237
v 0.00035097991107029333 0.0012999132296960536 0.0022207013231290147
v 0.0005913663191345341 0.0015000003096647674 0.002296025862076611
v 0.00035097991107029333 0.0012999132296960536 0.0022207013231290147
v 0.00044703056551381726 0.0012997915170056412 0.0024482332438788275
v 0.0005913663191345341 0.0015000003096647674 0.002296025862076611
v 0.00044703056551381726 0.0012997915170056412 0.0024482332438788275
v 0.0005569704439542174 0.0013000296971774766 0.002679251321257847
v 0.0009752437339512891 0.0015000003096647674 0.0030097104548432166
v 0.0005569704439542174 0.0013000296971774766 0.002679251321257847
v 0.0006753031336147879 0.0013000208756896309 0.0028958593790315286
v 0.0009752437339512891 0.0015000003096647674 0.0030097104548432166
v 0.0006753031336147879 0.0013000208756896309 0.0028958593790315286
v 0.0008042294168991019 0.0013000465056881017 0.003112830786737019
v -0.00032887782228437074 0.0012999668738788994 -0.016085673142568476
v -0.00023041472933362292 -0.0012999824902965723 -0.015846903599977532
v -0.0003417252166457336 -0.0012997412106830614 -0.016112562944871064
v -0.0003417252166457336 -0.0012997412106830614 -0.016112562944871064
v -0.0004093626335984964 0.0013002017161904689 -0.016242590722043145
v -0.00032887782228437074 0.0012999668738788994 -0.016085673142568476
v -0.0004093626335984964 0.0013002017161904689 -0.016242590722043145
v -0.0003417252166457336 -0.0012997412106830614 -0.016112562944871064
v -0.00043755655578838956 -0.001299581470227476 -0.01629171830311193
v -0.00043755655578838956 -0.001299581470227476 -0.01629171830311193
v -0.00048045697110081487 0.0013000251672242585 -0.01636218911639564
v -0.0004093626335984964 0.0013002017161904689 -0.016242590722043145
v -0.00048045697110081487 0.0013000251672242585 -0.01636218911639564
v -0.00043755655578838956 -0.001299581470227476 -0.01629171830311193
v -0.0004983362196154388 -0.0012999976298770644 -0.01638982087735163
v -0.0004983362196154388 -0.0012999976298770644 -0.01638982087735163
v -0.0005226848373719727 0.0013000341079213995 -0.016426903551232105
v -0.00048045697110081487 0.0013000251672242585 -0.01636218911639564
v -0.0004983362196154388 -0.0012999976298770644 -0.01638982087735163
v -0.0005414066571851616 -0.0012999977490863596 -0.01645403749417129
v -0.0005226848373719727 0.0013000341079213995 -0.016426903551232105
v -0.0005414066571851616 -0.0012999977490863596 -0.01645403749417129
v -0.0006218810376859562 -0.001300553383611347 -0.016564583611482494
v -0.0005682909162555218 0.0012998903415113727 -0.01649249155178389
v -0.0007462946530999852 -0.0013002299687934343 -0.01671289332616843
v -0.0007677117354732905 0.00130113452892551 -0.016736327012584203
v -0.0006402606672172363 0.0013000218293639926 -0.016587647272245928
v -0.0006402606672172363 0.0013000218293639926 -0.016587647272245928
v -0.0006218810376859562 -0.001300553383611347 -0.016564583611482494
v -0.0007462946530999852 -0.0013002299687934343 -0.01671289332616843
v -0.0007677117354732905 0.00130113452892551 -0.016736327012584203
v -0.0007462946530999852 -0.0013002299687934343 -0.01671289332616843
v -0.0008852857771791259 -0.0013005902192835678 -0.016854050483141588
v -0.0009121303991588279 0.0013004545591056155 -0.01687860759795545
v -0.0007677117354732905 0.00130113452892551 -0.016736327012584203
v -0.0008852857771791259 -0.0013005902192835678 -0.016854050483141588
v -0.0008852857771791259 -0.0013005902192835678 -0.016854050483141588
v -0.0010118843797651126 -0.0013000255248521442 -0.016964741558955772
v -0.0009121303991588279 0.0013004545591056155 -0.01687860759795545
v -0.0010817654646654016 0.0012995404622299228 -0.017021099899034994
v -0.0010118843797651126 -0.0013000255248521442 -0.016964741558955772
v -0.001172305878053975 -0.0012999331376483542 -0.017086136675805715
v -0.001172305878053975 -0.0012999331376483542 -0.017086136675805715
v -0.0012527353166504743 0.0013000072858299766 -0.01713851628644791
v -0.0010817654646654016 0.0012995404622299228 -0.017021099899034994
v -0.001172305878053975 -0.0012999331376483542 -0.017086136675805715
v -0.0013103149559591518 -0.0012999278924393648 -0.017174445014350722
v -0.0012527353166504743 0.0013000072858299766 -0.01713851628644791
v -0.0013103149559591518 -0.0012999278924393648 -0.017174445014350722
v -0.0013711521084688175 0.001300028743503115 -0.01720924077711183
v -0.0012527353166504743 0.0013000072858299766 -0.01713851628644791
v -0.0013711521084688175 0.001300028743503115 -0.01720924077711183
v -0.0013103149559591518 -0.0012999278924393648 -0.017174445014350722
v -0.001424763866386333 -0.0013000264785265059 -0.017238720758980804
v -0.0015458850402758763 0.001300034942386466 -0.01729976164017599
v -0.0013711521084688175 0.001300028743503115 -0.01720924077711183
v -0.001424763866386333 -0.0013000264785265059 -0.017238720758980804
v -0.0015458850402758763 0.001300034942386466 -0.01729976164017599
v -0.001424763866386333 -0.0013000264785265059 -0.017238720758980804
v -0.0015867358007687344 -0.0013002069613994582 -0.017318297255070055
v -0.0017136056045013305 0.0012999530456006547 -0.017369767060371185
v -0.0015867358007687344 -0.0013002069613994582 -0.017318297255070055
v -0.001735892020659976 -0.0013000090739694048 -0.017377598634229493
v -0.0019007461973820357 0.0012992716452692177 -0.017433077686547224
v -0.0017136056045013305 0.0012999530456006547 -0.017369767060371185
v -0.001735892020659976 -0.0013000090739694048 -0.017377598634229493
v -0.0019007461973820357 0.0012992716452692177 -0.017433077686547224
v -0.0019060133408817233 -0.0013000288627124101 -0.017432602756715095
v -0.0021056979702697982 -0.0013000281474566389 -0.0174823673922575
v -0.0021056979702697982 -0.0013000281474566389 -0.0174823673922575
v -0.0022647024276664647 -0.001300066294431107 -0.017508919593836044
v -0.0022380682100928135 0.0013000122926203755 -0.017505019065696677
v -0.0024210096555496437 0.0012998822352792982 -0.017525101540405427
v -0.0022647024276664647 -0.001300066294431107 -0.017508919593836044
v -0.002389611596120694 -0.001300005259271958 -0.017521914360688614
v -0.0024210096555496437 0.0012998822352792982 -0.017525101540405427
v -0.002389611596120694 -0.001300005259271958 -0.017521914360688614
v -0.002475902913390698 -0.0013001102826610406 -0.01752789199158777
v -0.002475902913390698 -0.0013001102826610406 -0.01752789199158777
v -0.002633653050583134 0.0012996820828726358 -0.017530829308621817
v -0.0024210096555496437 0.0012998822352792982 -0.017525101540405427
v -0.002633653050583134 0.0012996820828726358 -0.017530829308621817
v -0.002475902913390698 -0.0013001102826610406 -0.01752789199158777
v -0.0026985205501546534 -0.0013001744172618651 -0.017529707787572454
v -0.0028068515203422124 0.001300004663225482 -0.01752178847567287
v -0.002633653050583134 0.0012996820828726358 -0.017530829308621817
v -0.0026985205501546534 -0.0013001744172618651 -0.017529707787572454
v -0.0026985205501546534 -0.0013001744172618651 -0.017529707787572454
v -0.0029474083393046797 -0.0012999786755991255 -0.01750640380086987
v -0.0028068515203422124 0.001300004663225482 -0.01752178847567287
v -0.0029474083393046797 -0.0012999786755991255 -0.01750640380086987
v -0.002957156560211421 0.0012998242995618248 -0.017504927512957954
v -0.0028068515203422124 0.001300004663225482 -0.01752178847567287
v -0.0031132279921086683 -0.0013000342271306947 -0.017477024908483237
v -0.003115069298882527 0.0013001677415413332 -0.01747642790833281
v -0.002957156560211421 0.0012998242995618248 -0.017504927512957954
v -0.002957156560211421 0.0012998242995618248 -0.017504927512957954
v -0.0029474083393046797 -0.0012999786755991255 -0.01750640380086987
v -0.0031132279921086683 -0.0013000342271306947 -0.017477024908483237
v -0.0031132279921086683 -0.0013000342271306947 -0.017477024908483237
v -0.003321215072071142 -0.0013000345847585804 -0.01742261778614806
v -0.003257782613995396 0.0012999945304353888 -0.017440937870636383
v -0.003321215072071142 -0.0013000345847585804 -0.01742261778614806
v -0.003448039933899443 0.0013008692882436612 -0.017381602159199924
v -0.003257782613995396 0.0012999945304353888 -0.017440937870636383
v -0.003448039933899443 0.0013008692882436612 -0.017381602159199924
v -0.003321215072071142 -0.0013000345847585804 -0.01742261778614806
v -0.0034814349874417996 -0.0013002927920920115 -0.017369223465985014
v -0.0034814349874417996 -0.0013002927920920115 -0.017369223465985014
v -0.0035833341393154408 0.0013000171802014793 -0.01732733618067028
v -0.003448039933899443 0.0013008692882436612 -0.017381602159199924
v -0.0035833341393154408 0.0013000171802014793 -0.01732733618067028
v -0.0034814349874417996 -0.0013002927920920115 -0.017369223465985014
v -0.0036309015091284804 -0.0013000354192236468 -0.017306742536503657
v -0.0036309015091284804 -0.0013000354192236468 -0.017306742536503657
v -0.003682880099701579 0.0013000049016440723 -0.017281838284222136
v -0.0035833341393154408 0.0013000171802014793 -0.01732733618067028
v -0.0036309015091284804 -0.0013000354192236468 -0.017306742536503657
v -0.0037101203773320926 -0.0013000004909001495 -0.017268601284081694
v -0.003682880099701579 0.0013000049016440723 -0.017281838284222136
v -0.0037101203773320926 -0.0013000004909001495 -0.017268601284081694
v -0.0038025245088420248 -0.0013001120708004688 -0.0172206791474061
v -0.0037825588592425843 0.0013000188491316123 -0.01723123250789271
v -0.0038025245088420248 -0.0013001120708004688 -0.0172206791474061
v -0.003935970016507861 -0.0013000474593624634 -0.017141178945265786
v -0.003917525715933927 0.0012992826125243773 -0.01715420422969793
v -0.004078032210450277 -0.0013000004909001495 -0.017045018052026514
v -0.00403810901748347 0.0013000145575969846 -0.017072928285896124
v -0.003917525715933927 0.0012992826125243773 -0.01715420422969793
v -0.003917525715933927 0.0012992826125243773 -0.01715420422969793
v -0.003935970016507861 -0.0013000474593624634 -0.017141178945265786
v -0.004078032210450277 -0.0013000004909001495 -0.017045018052026514
v -0.004159752089667456 0.0012997016331970507 -0.016982817502807498
v -0.004078032210450277 -0.0013000004909001495 -0.017045018052026514
v -0.004214948854374122 -0.0013000364921073038 -0.016935908168304033
v -0.004214948854374122 -0.0013000364921073038 -0.016935908168304033
v -0.004272410595689834 0.0013000195643873835 -0.016885502663590565
v -0.004159752089667456 0.0012997016331970507 -0.016982817502807498
v -0.004272410595689834 0.0013000195643873835 -0.016885502663590565
v -0.004214948854374122 -0.0013000364921073038 -0.016935908168304033
v -0.004317555632624147 -0.0013000139615505085 -0.016843781317614766
v -0.004317555632624147 -0.0013000139615505085 -0.016843781317614766
v -0.004415707797930656 0.0013006258628628364 -0.016746426424074642
v -0.004307366575743709 0.0013000006101094447 -0.016853308524488183
v -0.004415707797930656 0.0013006258628628364 -0.016746426424074642
v -0.004317555632624147 -0.0013000139615505085 -0.016843781317614766
v -0.0044349825104550425 -0.0013000093123879952 -0.01672404177945674
v -0.0044349825104550425 -0.0013000093123879952 -0.01672404177945674
v -0.0045635907433397285 -0.0013001113555446975 -0.016573647332616123
v -0.004563872554113612 0.0013003359458568786 -0.01657365114731357
v -0.004682290776443498 -0.0012998699567218913 -0.016410570924113573
v -0.004691077932012232 0.0013000751159189528 -0.016397106949475045
v -0.004563872554113612 0.0013003359458568786 -0.01657365114731357
v -0.004563872554113612 0.0013003359458568786 -0.01657365114731357
v -0.0045635907433397285 -0.0013001113555446975 -0.016573647332616123
v -0.004682290776443498 -0.0012998699567218913 -0.016410570924113573
v -0.004691077932012232 0.0013000751159189528 -0.016397106949475045
v -0.004682290776443498 -0.0012998699567218913 -0.016410570924113573
v -0.0047935554873862465 -0.0012997300050093114 -0.016224345024155037
v -0.0047935554873862465 -0.0012997300050093114 -0.016224345024155037
v -0.004793474901902683 0.0013007715366215866 -0.016224203880349505
v -0.004691077932012232 0.0013000751159189528 -0.016397106949475045
v -0.0047935554873862465 -0.0012997300050093114 -0.016224345024155037
v -0.004882197135120669 -0.0012997595689145242 -0.01604480438147204
v -0.004870799295986771 0.0012999245545790988 -0.016067307281710793
v -0.004882197135120669 -0.0012997595689145242 -0.01604480438147204
v -0.004946789499638836 0.001300189437633062 -0.01588393859013992
v -0.004870799295986771 0.0012999245545790988 -0.016067307281710793
v -0.004946789499638836 0.001300189437633062 -0.01588393859013992
v -0.004882197135120669 -0.0012997595689145242 -0.01604480438147204
v -0.004955169436255124 -0.0012996876857095108 -0.015860358037872443
v -0.004955169436255124 -0.0012996876857095108 -0.015860358037872443
v -0.005003126382044919 0.0012997867486338327 -0.01571039179082023
v -0.004946789499638836 0.001300189437633062 -0.01588393859013992
v -0.004955169436255124 -0.0012996876857095108 -0.015860358037872443
v -0.005024849176655798 -0.0012991312167194569 -0.01563075425957183
v -0.005003126382044919 0.0012997867486338327 -0.01571039179082023
v -0.005024849176655798 -0.0012991312167194569 -0.01563075425957183
v -0.005047231437087795 0.0013002707383723972 -0.015525617383240205
v -0.005003126382044919 0.0012997867486338327 -0.01571039179082023
v -0.005024849176655798 -0.0012991312167194569 -0.01563075425957183
v -0.00506592297774 -0.0012998242995618248 -0.015421330230764859
v -0.005047231437087795 0.0013002707383723972 -0.015525617383240205
v -0.005079432728747889 0.001299651446083766 -0.015327463878039845
v -0.00506592297774 -0.0012998242995618248 -0.015421330230764859
v -0.005085952523521674 -0.0012999038121617318 -0.015260730514579653
v -0.005085952523521674 -0.0012999038121617318 -0.015260730514579653
v -0.005093017343193173 -0.0012999948880632745 -0.015161507372964952
v -0.005093039754540673 0.0012999743840644978 -0.01516147304068793
v -0.005096311334438496 -0.0012999721190878888 -0.015068497419816747
v -0.005095456365373229 0.0013000000140629686 -0.015097406150743061
v -0.005093039754540673 0.0012999743840644978 -0.01516147304068793
v -0.005093039754540673 0.0012999743840644978 -0.01516147304068793
v -0.005093017343193173 -0.0012999948880632745 -0.015161507372964952
v -0.005096311334438496 -0.0012999721190878888 -0.015068497419816747
v -0.005096311334438496 -0.0012999721190878888 -0.015068497419816747
v -0.005095976117900357 0.0012992736718272363 -0.014935676330439237
v -0.005095456365373229 0.0013000000140629686 -0.015097406150743061
v -0.005095976117900357 0.0012992736718272363 -0.014935676330439237
v -0.005096311334438496 -0.0012999721190878888 -0.015068497419816747
v -0.005094295743675036 -0.0012996414325029682 -0.014912553541865377
v -0.005095976117900357 0.0012992736718272363 -0.014935676330439237
v -0.005094295743675036 -0.0012996414325029682 -0.014912553541865377
v -0.005082269433136776 -0.001300006928202091 -0.01476236699603561
v -0.005082269433136776 -0.001300006928202091 -0.01476236699603561
v -0.005083877804947789 0.0013000323197819713 -0.014779782043554675
v -0.005095976117900357 0.0012992736718272363 -0.014935676330439237
v -0.005082269433136776 -0.001300006928202091 -0.01476236699603561
v -0.005054897548444347 -0.0012997154614752954 -0.014572901464270368
v -0.005074517967924851 0.001300009789225176 -0.01469834397511138
v -0.0050485603823108285 0.0012993279120565582 -0.014538387989120324
v -0.005054897548444347 -0.0012997154614752954 -0.014572901464270368
v -0.0050163671968828085 -0.0012998682877917583 -0.014401464192638765
v -0.0050163671968828085 -0.0012998682877917583 -0.014401464192638765
v -0.005004099129893857 0.0013000115773646043 -0.014355432238548068
v -0.0050485603823108285 0.0012993279120565582 -0.014538387989120324
v -0.005004099129893857 0.0013000115773646043 -0.014355432238548068
v -0.0050163671968828085 -0.0012998682877917583 -0.014401464192638765
v -0.0049683582758403 -0.0012999209783002424 -0.014238975247543025
v -0.0049683582758403 -0.0012999209783002424 -0.014238975247543025
v -0.0049472105468695285 0.0013000392339210937 -0.014180452066662737
v -0.005004099129893857 0.0013000115773646043 -0.014355432238548068
v -0.0049683582758403 -0.0012999209783002424 -0.014238975247543025
v -0.004916067356913744 -0.001299879255046918 -0.014097175314050078
v -0.0049472105468695285 0.0013000392339210937 -0.014180452066662737
v -0.004916067356913744 -0.001299879255046918 -0.014097175314050078
v -0.004848395577881636 -0.0012999822518779819 -0.013943607992608072
v -0.00490015911488617 0.0012996671817107341 -0.014058498096636837
v -0.0047543218009829516 -0.001299943151229152 -0.013766080556502632
v -0.004757352578104445 0.001300389351621134 -0.013772045789635087
v -0.004834511032849597 0.0013000060937370245 -0.013916784947510804
v -0.004834511032849597 0.0013000060937370245 -0.013916784947510804
v -0.004848395577881636 -0.0012999822518779819 -0.013943607992608072
v -0.0047543218009829516 -0.001299943151229152 -0.013766080556502632
v -0.004664430362997517 0.0013000697515006682 -0.01362520187244309
v -0.0047543218009829516 -0.001299943151229152 -0.013766080556502632
v -0.004639631968570145 -0.0012997497937523167 -0.013589186360173363
v -0.004639631968570145 -0.0012997497937523167 -0.013589186360173363
v -0.004534001088919159 0.0012995424887879414 -0.013448621434978821
v -0.004664430362997517 0.0013000697515006682 -0.01362520187244309
v -0.004534001088919159 0.0012995424887879414 -0.013448621434978821
v -0.004639631968570145 -0.0012997497937523167 -0.013589186360173363
v -0.004522886967907868 -0.0012995745560883537 -0.013435126942760719
v -0.004368849485005543 0.0012995998284589388 -0.013266505871519226
v -0.004534001088919159 0.0012995424887879414 -0.013448621434978821
v -0.004522886967907868 -0.0012995745560883537 -0.013435126942760719
v -0.004522886967907868 -0.0012995745560883537 -0.013435126942760719
v -0.0043889658151541324 -0.0012999989411793117 -0.01328847757513851
v -0.004368849485005543 0.0012995998284589388 -0.013266505871519226
v -0.004368849485005543 0.0012995998284589388 -0.013266505871519226
v -0.0043889658151541324 -0.0012999989411793117 -0.01328847757513851
v -0.00425679322434258 -0.001300038876293208 -0.013161274581425794
v -0.004194392403507607 0.0012995676419492314 -0.013106785443095511
v -0.00425679322434258 -0.001300038876293208 -0.013161274581425794
v -0.004100757793652487 -0.001299959363693301 -0.01303276886853499
v -0.004005086612197949 0.0012995961329707872 -0.01296544804166799
v -0.004194392403507607 0.0012995676419492314 -0.013106785443095511
v -0.004100757793652487 -0.001299959363693301 -0.01303276886853499
v -0.004194392403507607 0.0012995676419492314 -0.013106785443095511
v -0.004368849485005543 0.0012995998284589388 -0.013266505871519226
v -0.00425679322434258 -0.001300038876293208 -0.013161274581425794
v -0.0047543218009829516 -0.001299943151229152 -0.013766080556502632
v -0.004664430362997517 0.0013000697515006682 -0.01362520187244309
v -0.004757352578104445 0.001300389351621134 -0.013772045789635087
v -0.004848395577881636 -0.0012999822518779819 -0.013943607992608072
v -0.004834511032849597 0.0013000060937370245 -0.013916784947510804
v -0.00490015911488617 0.0012996671817107341 -0.014058498096636837
v -0.00490015911488617 0.0012996671817107341 -0.014058498096636837
v -0.0049472105468695285 0.0013000392339210937 -0.014180452066662737
v -0.004916067356913744 -0.001299879255046918 -0.014097175314050078
v -0.0050485603823108285 0.0012993279120565582 -0.014538387989120324
v -0.005074517967924851 0.001300009789225176 -0.01469834397511138
v -0.005054897548444347 -0.0012997154614752954 -0.014572901464270368
v -0.005074517967924851 0.001300009789225176 -0.01469834397511138
v -0.005083877804947789 0.0013000323197819713 -0.014779782043554675
v -0.005082269433136776 -0.001300006928202091 -0.01476236699603561
v -0.005093039754540673 0.0012999743840644978 -0.01516147304068793
v -0.005079432728747889 0.001299651446083766 -0.015327463878039845
v -0.005085952523521674 -0.0012999038121617318 -0.015260730514579653
v -0.005079432728747889 0.001299651446083766 -0.015327463878039845
v -0.005047231437087795 0.0013002707383723972 -0.015525617383240205
v -0.00506592297774 -0.0012998242995618248 -0.015421330230764859
v -0.004870799295986771 0.0012999245545790988 -0.016067307281710793
v -0.004793474901902683 0.0013007715366215866 -0.016224203880349505
v -0.0047935554873862465 -0.0012997300050093114 -0.016224345024155037
v -0.004563872554113612 0.0013003359458568786 -0.01657365114731357
v -0.004415707797930656 0.0013006258628628364 -0.016746426424074642
v -0.0044349825104550425 -0.0013000093123879952 -0.01672404177945674
v -0.004317555632624147 -0.0013000139615505085 -0.016843781317614766
v -0.004307366575743709 0.0013000006101094447 -0.016853308524488183
v -0.004272410595689834 0.0013000195643873835 -0.016885502663590565
v -0.004159752089667456 0.0012997016331970507 -0.016982817502807498
v -0.00403810901748347 0.0013000145575969846 -0.017072928285896124
v -0.004078032210450277 -0.0013000004909001495 -0.017045018052026514
v -0.003917525715933927 0.0012992826125243773 -0.01715420422969793
v -0.0037825588592425843 0.0013000188491316123 -0.01723123250789271
v -0.0038025245088420248 -0.0013001120708004688 -0.0172206791474061
v -0.0037825588592425843 0.0013000188491316123 -0.01723123250789271
v -0.003682880099701579 0.0013000049016440723 -0.017281838284222136
v -0.0037101203773320926 -0.0013000004909001495 -0.017268601284081694
v -0.003257782613995396 0.0012999945304353888 -0.017440937870636383
v -0.003115069298882527 0.0013001677415413332 -0.01747642790833281
v -0.0031132279921086683 -0.0013000342271306947 -0.017477024908483237
v -0.0024210096555496437 0.0012998822352792982 -0.017525101540405427
v -0.0022380682100928135 0.0013000122926203755 -0.017505019065696677
v -0.0022647024276664647 -0.001300066294431107 -0.017508919593836044
v -0.0022380682100928135 0.0013000122926203755 -0.017505019065696677
v -0.002104137997432642 0.0012998265645384338 -0.01748186957424069
v -0.0021056979702697982 -0.0013000281474566389 -0.0174823673922575
v -0.0021056979702697982 -0.0013000281474566389 -0.0174823673922575
v -0.002104137997432642 0.0012998265645384338 -0.01748186957424069
v -0.0019007461973820357 0.0012992716452692177 -0.017433077686547224
v -0.001735892020659976 -0.0013000090739694048 -0.017377598634229493
v -0.0019060133408817233 -0.0013000288627124101 -0.017432602756715095
v -0.0019007461973820357 0.0012992716452692177 -0.017433077686547224
v -0.0017136056045013305 0.0012999530456006547 -0.017369767060371185
v -0.0015458850402758763 0.001300034942386466 -0.01729976164017599
v -0.0015867358007687344 -0.0013002069613994582 -0.017318297255070055
v -0.0010817654646654016 0.0012995404622299228 -0.017021099899034994
v -0.0009121303991588279 0.0013004545591056155 -0.01687860759795545
v -0.0010118843797651126 -0.0013000255248521442 -0.016964741558955772
v -0.0006402606672172363 0.0013000218293639926 -0.016587647272245928
v -0.0005682909162555218 0.0012998903415113727 -0.01649249155178389
v -0.0006218810376859562 -0.001300553383611347 -0.016564583611482494
v -0.0005682909162555218 0.0012998903415113727 -0.01649249155178389
v -0.0005226848373719727 0.0013000341079213995 -0.016426903551232105
v -0.0005414066571851616 -0.0012999977490863596 -0.01645403749417129
v -0.00023041472933362292 -0.0012999824902965723 -0.015846903599977532
v -0.00032887782228437074 0.0012999668738788994 -0.016085673142568476
v -0.00022143806078782352 0.001299991788621599 -0.01582456854642644
v -0.00048563646596619717 0.0015000004288740626 -0.015938631814783607
v -0.0002488716511916868 0.001500000071246177 -0.015389151350452265
v -0.00013967595167781521 0.0012998945138367052 -0.01563159349301013
v -0.00013967595167781521 0.0012998945138367052 -0.01563159349301013
v -0.00022143806078782352 0.001299991788621599 -0.01582456854642644
v -0.00048563646596619717 0.0015000004288740626 -0.015938631814783607
v -0.004005086612197949 0.0012995961329707872 -0.01296544804166799
v -0.004100757793652487 -0.001299959363693301 -0.01303276886853499
v -0.0038578872128876276 -0.0013002384326533944 -0.012857944145570618
v -0.0038223101524056937 0.0013004657647793655 -0.012828241003901005
v -0.0038578872128876276 -0.0013002384326533944 -0.012857944145570618
v -0.0037098500106505497 -0.0013003236672994717 -0.012724769243004915
v -0.003694700416577711 0.0012996924540813193 -0.012709216721514257
v -0.0038223101524056937 0.0013004657647793655 -0.012828241003901005
v -0.0037098500106505497 -0.0013003236672994717 -0.012724769243004915
v -0.0036132270621830323 -0.0012999849936917718 -0.012621061924541484
v -0.003608154945090313 0.0013000281474566389 -0.012616209629389138
v -0.003694700416577711 0.0012996924540813193 -0.012709216721514257
v -0.003694700416577711 0.0012996924540813193 -0.012709216721514257
v -0.0037098500106505497 -0.0013003236672994717 -0.012724769243004915
v -0.0036132270621830323 -0.0012999849936917718 -0.012621061924541484
v -0.003495678114033839 -0.0013007238529035015 -0.012476746198082363
v -0.0034966408483019787 0.0012994943282326754 -0.012477149602337364
v -0.003608154945090313 0.0013000281474566389 -0.012616209629389138
v -0.003608154945090313 0.0013000281474566389 -0.012616209629389138
v -0.0036132270621830323 -0.0012999849936917718 -0.012621061924541484
v -0.003495678114033839 -0.0013007238529035015 -0.012476746198082363
v -0.003495678114033839 -0.0013007238529035015 -0.012476746198082363
v -0.003380372684820553 0.0012996905467325959 -0.012296743023333941
v -0.0034966408483019787 0.0012994943282326754 -0.012477149602337364
v -0.003380372684820553 0.0012996905467325959 -0.012296743023333941
v -0.003495678114033839 -0.0013007238529035015 -0.012476746198082363
v -0.0033640309977955854 -0.001299739303334338 -0.012266597376760498
v -0.0033640309977955854 -0.001299739303334338 -0.012266597376760498
v -0.0033045329232990464 -0.001299783053145681 -0.012148689847051305
v -0.003311229386248337 0.0013000183722944314 -0.012162825208440472
v -0.0032586580870594397 0.001300082030058075 -0.012044389343134895
v -0.003311229386248337 0.0013000183722944314 -0.012162825208440472
v -0.0033045329232990464 -0.001299783053145681 -0.012148689847051305
v -0.0032586580870594397 0.001300082030058075 -0.012044389343134895
v -0.0033045329232990464 -0.001299783053145681 -0.012148689847051305
v -0.003249788677077008 -0.0013000057361091388 -0.012019951437616246
v -0.003249788677077008 -0.0013000057361091388 -0.012019951437616246
v -0.0032019743056042873 -0.0013000569961060804 -0.01188203105142671
v -0.0032586580870594397 0.001300082030058075 -0.012044389343134895
v -0.003202866467969661 0.0012999630591814526 -0.011882044402867773
v -0.0032586580870594397 0.001300082030058075 -0.012044389343134895
v -0.0032019743056042873 -0.0013000569961060804 -0.01188203105142671
v -0.0032019743056042873 -0.0013000569961060804 -0.01188203105142671
v -0.0031761650163535096 0.0013000000140629686 -0.011785651766758607
v -0.003202866467969661 0.0012999630591814526 -0.011882044402867773
v -0.0032019743056042873 -0.0013000569961060804 -0.01188203105142671
v -0.003176164062679148 -0.0013000000140629686 -0.01178564795206116
v -0.0031761650163535096 0.0013000000140629686 -0.011785651766758607
v -0.003311229386248337 0.0013000183722944314 -0.012162825208440472
v -0.003380372684820553 0.0012996905467325959 -0.012296743023333941
v -0.0033640309977955854 -0.001299739303334338 -0.012266597376760498
v -0.0038223101524056937 0.0013004657647793655 -0.012828241003901005
v -0.004005086612197949 0.0012995961329707872 -0.01296544804166799
v -0.0038578872128876276 -0.0013002384326533944 -0.012857944145570618
v -0.004216619215018646 0.0015000011441298339 -0.013383244196460971
v -0.004534001088919159 0.0012995424887879414 -0.013448621434978821
v -0.004368849485005543 0.0012995998284589388 -0.013266505871519226
v -0.004216619215018646 0.0015000011441298339 -0.013383244196460971
v -0.004664430362997517 0.0013000697515006682 -0.01362520187244309
v -0.004534001088919159 0.0012995424887879414 -0.013448621434978821
v -0.004664430362997517 0.0013000697515006682 -0.01362520187244309
v -0.004216619215018646 0.0015000011441298339 -0.013383244196460971
v -0.004672040207566729 0.0015000011441298339 -0.014019927690752106
v -0.004672040207566729 0.0015000011441298339 -0.014019927690752106
v -0.004757352578104445 0.001300389351621134 -0.013772045789635087
v -0.004664430362997517 0.0013000697515006682 -0.01362520187244309
v -0.004672040207566729 0.0015000011441298339 -0.014019927690752106
v -0.004834511032849597 0.0013000060937370245 -0.013916784947510804
v -0.004757352578104445 0.001300389351621134 -0.013772045789635087
v -0.004672040207566729 0.0015000011441298339 -0.014019927690752106
v -0.00490015911488617 0.0012996671817107341 -0.014058498096636837
v -0.004834511032849597 0.0013000060937370245 -0.013916784947510804
v -0.004672040207566729 0.0015000011441298339 -0.014019927690752106
v -0.005004099129893857 0.0013000115773646043 -0.014355432238548068
v -0.0049472105468695285 0.0013000392339210937 -0.014180452066662737
v -0.005004099129893857 0.0013000115773646043 -0.014355432238548068
v -0.004672040207566729 0.0015000011441298339 -0.014019927690752106
v -0.004850617639144405 0.0015000003096647674 -0.014560565686401735
v -0.004850617639144405 0.0015000003096647674 -0.014560565686401735
v -0.0050485603823108285 0.0012993279120565582 -0.014538387989120324
v -0.005004099129893857 0.0013000115773646043 -0.014355432238548068
v -0.004850617639144405 0.0015000003096647674 -0.014560565686401735
v -0.004897064918419624 0.0015000001904554722 -0.014939237350505837
v -0.005083877804947789 0.0013000323197819713 -0.014779782043554675
v -0.004897064918419624 0.0015000001904554722 -0.014939237350505837
v -0.005095976117900357 0.0012992736718272363 -0.014935676330439237
v -0.005083877804947789 0.0013000323197819713 -0.014779782043554675
v -0.004897064918419624 0.0015000001904554722 -0.014939237350505837
v -0.005095456365373229 0.0013000000140629686 -0.015097406150743061
v -0.005095976117900357 0.0012992736718272363 -0.014935676330439237
v -0.004897064918419624 0.0015000001904554722 -0.014939237350505837
v -0.00488114523229971 0.0015000001904554722 -0.015318913233712813
v -0.005095456365373229 0.0013000000140629686 -0.015097406150743061
v -0.00488114523229971 0.0015000001904554722 -0.015318913233712813
v -0.005093039754540673 0.0012999743840644978 -0.01516147304068793
v -0.005095456365373229 0.0013000000140629686 -0.015097406150743061
v -0.004778665292739791 0.0015000004288740626 -0.01577086428209584
v -0.005003126382044919 0.0012997867486338327 -0.01571039179082023
v -0.005047231437087795 0.0013002707383723972 -0.015525617383240205
v -0.005047231437087795 0.0013002707383723972 -0.015525617383240205
v -0.00488114523229971 0.0015000001904554722 -0.015318913233712813
v -0.004778665292739791 0.0015000004288740626 -0.01577086428209584
v -0.004778665292739791 0.0015000004288740626 -0.01577086428209584
v -0.004946789499638836 0.001300189437633062 -0.01588393859013992
v -0.005003126382044919 0.0012997867486338327 -0.01571039179082023
v -0.004778665292739791 0.0015000004288740626 -0.01577086428209584
v -0.004870799295986771 0.0012999245545790988 -0.016067307281710793
v -0.004946789499638836 0.001300189437633062 -0.01588393859013992
v -0.004778665292739791 0.0015000004288740626 -0.01577086428209584
v -0.004628611784483482 0.001500000071246177 -0.01610873680333191
v -0.004870799295986771 0.0012999245545790988 -0.016067307281710793
v -0.004431427689271793 0.0015000009057112434 -0.01642668802082636
v -0.004691077932012232 0.0013000751159189528 -0.016397106949475045
v -0.004793474901902683 0.0013007715366215866 -0.016224203880349505
v -0.004793474901902683 0.0013007715366215866 -0.016224203880349505
v -0.004628611784483482 0.001500000071246177 -0.01610873680333191
v -0.004431427689271793 0.0015000009057112434 -0.01642668802082636
v -0.004431427689271793 0.0015000009057112434 -0.01642668802082636
v -0.004563872554113612 0.0013003359458568786 -0.01657365114731357
v -0.004691077932012232 0.0013000751159189528 -0.016397106949475045
v -0.004415707797930656 0.0013006258628628364 -0.016746426424074642
v -0.004431427689271793 0.0015000009057112434 -0.01642668802082636
v -0.004118529992220009 0.0015000003096647674 -0.016756995043351038
v -0.004118529992220009 0.0015000003096647674 -0.016756995043351038
v -0.004307366575743709 0.0013000006101094447 -0.016853308524488183
v -0.004415707797930656 0.0013006258628628364 -0.016746426424074642
v -0.004118529992220009 0.0015000003096647674 -0.016756995043351038
v -0.004272410595689834 0.0013000195643873835 -0.016885502663590565
v -0.004307366575743709 0.0013000006101094447 -0.016853308524488183
v -0.004118529992220009 0.0015000003096647674 -0.016756995043351038
v -0.004159752089667456 0.0012997016331970507 -0.016982817502807498
v -0.004272410595689834 0.0013000195643873835 -0.016885502663590565
v -0.004159752089667456 0.0012997016331970507 -0.016982817502807498
v -0.004118529992220009 0.0015000003096647674 -0.016756995043351038
v -0.0038103184125630454 0.0015000001904554722 -0.016987557264385163
v -0.0038103184125630454 0.0015000001904554722 -0.016987557264385163
v -0.003917525715933927 0.0012992826125243773 -0.01715420422969793
v -0.00403810901748347 0.0013000145575969846 -0.017072928285896124
v -0.0038103184125630454 0.0015000001904554722 -0.016987557264385163
v -0.003337509313796615 0.0015000004288740626 -0.017214703423855667
v -0.003682880099701579 0.0013000049016440723 -0.017281838284222136
v -0.003337509313796615 0.0015000004288740626 -0.017214703423855667
v -0.0035833341393154408 0.0013000171802014793 -0.01732733618067028
v -0.003682880099701579 0.0013000049016440723 -0.017281838284222136
v -0.003337509313796615 0.0015000004288740626 -0.017214703423855667
v -0.003448039933899443 0.0013008692882436612 -0.017381602159199924
v -0.0035833341393154408 0.0013000171802014793 -0.01732733618067028
v -0.003337509313796615 0.0015000004288740626 -0.017214703423855667
v -0.003257782613995396 0.0012999945304353888 -0.017440937870636383
v -0.003448039933899443 0.0013008692882436612 -0.017381602159199924
v -0.003337509313796615 0.0015000004288740626 -0.017214703423855667
v -0.002957156560211421 0.0012998242995618248 -0.017504927512957954
v -0.003115069298882527 0.0013001677415413332 -0.01747642790833281
v -0.003337509313796615 0.0015000004288740626 -0.017214703423855667
v -0.0027791592010642514 0.0015000001904554722 -0.017325957167543257
v -0.002957156560211421 0.0012998242995618248 -0.017504927512957954
v -0.0027791592010642514 0.0015000001904554722 -0.017325957167543257
v -0.0028068515203422124 0.001300004663225482 -0.01752178847567287
v -0.002957156560211421 0.0012998242995618248 -0.017504927512957954
v -0.0027791592010642514 0.0015000001904554722 -0.017325957167543257
v -0.002633653050583134 0.0012996820828726358 -0.017530829308621817
v -0.0028068515203422124 0.001300004663225482 -0.01752178847567287
v -0.0027791592010642514 0.0015000001904554722 -0.017325957167543257
v -0.0023552633450538147 0.0015000003096647674 -0.01732119451778091
v -0.002633653050583134 0.0012996820828726358 -0.017530829308621817
v -0.0023552633450538147 0.0015000003096647674 -0.01732119451778091
v -0.0024210096555496437 0.0012998822352792982 -0.017525101540405427
v -0.002633653050583134 0.0012996820828726358 -0.017530829308621817
v -0.002104137997432642 0.0012998265645384338 -0.01748186957424069
v -0.0023552633450538147 0.0015000003096647674 -0.01732119451778091
v -0.0018464835567126576 0.0015000013825484243 -0.017212687356255026
v -0.0019007461973820357 0.0012992716452692177 -0.017433077686547224
v -0.002104137997432642 0.0012998265645384338 -0.01748186957424069
v -0.0018464835567126576 0.0015000013825484243 -0.017212687356255026
v -0.0013387926260739755 0.0015000009057112434 -0.016963585705629388
v -0.0013711521084688175 0.001300028743503115 -0.01720924077711183
v -0.0015458850402758763 0.001300034942386466 -0.01729976164017599
v -0.0015458850402758763 0.001300034942386466 -0.01729976164017599
v -0.0018464835567126576 0.0015000013825484243 -0.017212687356255026
v -0.0013387926260739755 0.0015000009057112434 -0.016963585705629388
v -0.0013387926260739755 0.0015000009057112434 -0.016963585705629388
v -0.0012527353166504743 0.0013000072858299766 -0.01713851628644791
v -0.0013711521084688175 0.001300028743503115 -0.01720924077711183
v -0.0013387926260739755 0.0015000009057112434 -0.016963585705629388
v -0.0010817654646654016 0.0012995404622299228 -0.017021099899034994
v -0.0012527353166504743 0.0013000072858299766 -0.01713851628644791
v -0.0009121303991588279 0.0013004545591056155 -0.01687860759795545
v -0.0013387926260739755 0.0015000009057112434 -0.016963585705629388
v -0.0008840284767425153 0.0015000005480833578 -0.01657360727829293
v -0.0008840284767425153 0.0015000005480833578 -0.01657360727829293
v -0.0007677117354732905 0.00130113452892551 -0.016736327012584203
v -0.0009121303991588279 0.0013004545591056155 -0.01687860759795545
v -0.0008840284767425153 0.0015000005480833578 -0.01657360727829293
v -0.0006402606672172363 0.0013000218293639926 -0.016587647272245928
v -0.0007677117354732905 0.00130113452892551 -0.016736327012584203
v -0.0008840284767425153 0.0015000005480833578 -0.01657360727829293
v -0.000630280286208068 0.0015000001904554722 -0.01622863083673653
v -0.0005682909162555218 0.0012998903415113727 -0.01649249155178389
v -0.000630280286208068 0.0015000001904554722 -0.01622863083673653
v -0.00048045697110081487 0.0013000251672242585 -0.01636218911639564
v -0.0005226848373719727 0.0013000341079213995 -0.016426903551232105
v -0.000630280286208068 0.0015000001904554722 -0.01622863083673653
v -0.0004093626335984964 0.0013002017161904689 -0.016242590722043145
v -0.00048045697110081487 0.0013000251672242585 -0.01636218911639564
v -0.000630280286208068 0.0015000001904554722 -0.01622863083673653
v -0.00048563646596619717 0.0015000004288740626 -0.015938631814783607
v -0.0004093626335984964 0.0013002017161904689 -0.016242590722043145
v -0.00048563646596619717 0.0015000004288740626 -0.015938631814783607
v -0.00032887782228437074 0.0012999668738788994 -0.016085673142568476
v -0.0004093626335984964 0.0013002017161904689 -0.016242590722043145
v -0.00048563646596619717 0.0015000004288740626 -0.015938631814783607
v -0.00022143806078782352 0.001299991788621599 -0.01582456854642644
v -0.00032887782228437074 0.0012999668738788994 -0.016085673142568476
v -0.0005226848373719727 0.0013000341079213995 -0.016426903551232105
v -0.0005682909162555218 0.0012998903415113727 -0.01649249155178389
v -0.000630280286208068 0.0015000001904554722 -0.01622863083673653
v -0.0005682909162555218 0.0012998903415113727 -0.01649249155178389
v -0.0006402606672172363 0.0013000218293639926 -0.016587647272245928
v -0.0008840284767425153 0.0015000005480833578 -0.01657360727829293
v -0.0009121303991588279 0.0013004545591056155 -0.01687860759795545
v -0.0010817654646654016 0.0012995404622299228 -0.017021099899034994
v -0.0013387926260739755 0.0015000009057112434 -0.016963585705629388
v -0.0015458850402758763 0.001300034942386466 -0.01729976164017599
v -0.0017136056045013305 0.0012999530456006547 -0.017369767060371185
v -0.0018464835567126576 0.0015000013825484243 -0.017212687356255026
v -0.0017136056045013305 0.0012999530456006547 -0.017369767060371185
v -0.0019007461973820357 0.0012992716452692177 -0.017433077686547224
v -0.0018464835567126576 0.0015000013825484243 -0.017212687356255026
v -0.002104137997432642 0.0012998265645384338 -0.01748186957424069
v -0.0022380682100928135 0.0013000122926203755 -0.017505019065696677
v -0.0023552633450538147 0.0015000003096647674 -0.01732119451778091
v -0.0022380682100928135 0.0013000122926203755 -0.017505019065696677
v -0.0024210096555496437 0.0012998822352792982 -0.017525101540405427
v -0.0023552633450538147 0.0015000003096647674 -0.01732119451778091
v -0.003115069298882527 0.0013001677415413332 -0.01747642790833281
v -0.003257782613995396 0.0012999945304353888 -0.017440937870636383
v -0.003337509313796615 0.0015000004288740626 -0.017214703423855667
v -0.003682880099701579 0.0013000049016440723 -0.017281838284222136
v -0.0037825588592425843 0.0013000188491316123 -0.01723123250789271
v -0.0038103184125630454 0.0015000001904554722 -0.016987557264385163
v -0.0037825588592425843 0.0013000188491316123 -0.01723123250789271
v -0.003917525715933927 0.0012992826125243773 -0.01715420422969793
v -0.0038103184125630454 0.0015000001904554722 -0.016987557264385163
v -0.00403810901748347 0.0013000145575969846 -0.017072928285896124
v -0.004159752089667456 0.0012997016331970507 -0.016982817502807498
v -0.0038103184125630454 0.0015000001904554722 -0.016987557264385163
v -0.004415707797930656 0.0013006258628628364 -0.016746426424074642
v -0.004563872554113612 0.0013003359458568786 -0.01657365114731357
v -0.004431427689271793 0.0015000009057112434 -0.01642668802082636
v -0.004793474901902683 0.0013007715366215866 -0.016224203880349505
v -0.004870799295986771 0.0012999245545790988 -0.016067307281710793
v -0.004628611784483482 0.001500000071246177 -0.01610873680333191
v -0.005047231437087795 0.0013002707383723972 -0.015525617383240205
v -0.005079432728747889 0.001299651446083766 -0.015327463878039845
v -0.00488114523229971 0.0015000001904554722 -0.015318913233712813
v -0.005079432728747889 0.001299651446083766 -0.015327463878039845
v -0.005093039754540673 0.0012999743840644978 -0.01516147304068793
v -0.00488114523229971 0.0015000001904554722 -0.015318913233712813
v -0.005083877804947789 0.0013000323197819713 -0.014779782043554675
v -0.005074517967924851 0.001300009789225176 -0.01469834397511138
v -0.004850617639144405 0.0015000003096647674 -0.014560565686401735
v -0.005074517967924851 0.001300009789225176 -0.01469834397511138
v -0.0050485603823108285 0.0012993279120565582 -0.014538387989120324
v -0.004850617639144405 0.0015000003096647674 -0.014560565686401735
v -0.0049472105468695285 0.0013000392339210937 -0.014180452066662737
v -0.00490015911488617 0.0012996671817107341 -0.014058498096636837
v -0.004672040207566729 0.0015000011441298339 -0.014019927690752106
v -0.004368849485005543 0.0012995998284589388 -0.013266505871519226
v -0.004194392403507607 0.0012995676419492314 -0.013106785443095511
v -0.004216619215018646 0.0015000011441298339 -0.013383244196460971
v -0.004194392403507607 0.0012995676419492314 -0.013106785443095511
v -0.004005086612197949 0.0012995961329707872 -0.01296544804166799
v -0.004216619215018646 0.0015000011441298339 -0.013383244196460971
v -0.0031761650163535096 0.0013000000140629686 -0.011785651766758607
v 0.00015793705736732996 0.0013000000140629686 0.0016108969023038984
v 0.0003520167041130839 0.001500000071246177 0.0015625948456044615
v 0.0003520167041130839 0.001500000071246177 0.0015625948456044615
v -0.002982084177514804 0.001500000071246177 -0.011833949651132712
v -0.0031761650163535096 0.0013000000140629686 -0.011785651766758607
v -0.002982084177514804 0.001500000071246177 -0.011833949651132712
v -0.003071312334981673 0.001499999475199701 -0.012124202350465848
v -0.0031761650163535096 0.0013000000140629686 -0.011785651766758607
v -0.003071312334981673 0.001499999475199701 -0.012124202350465848
v -0.003202866467969661 0.0012999630591814526 -0.011882044402867773
v -0.0031761650163535096 0.0013000000140629686 -0.011785651766758607
v -0.003071312334981673 0.001499999475199701 -0.012124202350465848
v -0.0032586580870594397 0.001300082030058075 -0.012044389343134895
v -0.003202866467969661 0.0012999630591814526 -0.011882044402867773
v -0.003071312334981673 0.001499999475199701 -0.012124202350465848
v -0.003311229386248337 0.0013000183722944314 -0.012162825208440472
v -0.0032586580870594397 0.001300082030058075 -0.012044389343134895
v -0.003380372684820553 0.0012996905467325959 -0.012296743023333941
v -0.003071312334981673 0.001499999475199701 -0.012124202350465848
v -0.003306402601885166 0.0014999991175718153 -0.012561255097970344
v -0.003306402601885166 0.0014999991175718153 -0.012561255097970344
v -0.0034966408483019787 0.0012994943282326754 -0.012477149602337364
v -0.003380372684820553 0.0012996905467325959 -0.012296743023333941
v -0.003306402601885166 0.0014999991175718153 -0.012561255097970344
v -0.003608154945090313 0.0013000281474566389 -0.012616209629389138
v -0.0034966408483019787 0.0012994943282326754 -0.012477149602337364
v -0.003306402601885166 0.0014999991175718153 -0.012561255097970344
v -0.0036689662291829175 0.0014999993559904057 -0.012966335912498735
v -0.003608154945090313 0.0013000281474566389 -0.012616209629389138
v -0.0036689662291829175 0.0014999993559904057 -0.012966335912498735
v -0.003694700416577711 0.0012996924540813193 -0.012709216721514257
v -0.003608154945090313 0.0013000281474566389 -0.012616209629389138
v -0.0036689662291829175 0.0014999993559904057 -0.012966335912498735
v -0.0038223101524056937 0.0013004657647793655 -0.012828241003901005
v -0.003694700416577711 0.0012996924540813193 -0.012709216721514257
v -0.004005086612197949 0.0012995961329707872 -0.01296544804166799
v -0.0036689662291829175 0.0014999993559904057 -0.012966335912498735
v -0.004216619215018646 0.0015000011441298339 -0.013383244196460971
v -0.004005086612197949 0.0012995961329707872 -0.01296544804166799
v -0.0038223101524056937 0.0013004657647793655 -0.012828241003901005
v -0.0036689662291829175 0.0014999993559904057 -0.012966335912498735
v -0.003380372684820553 0.0012996905467325959 -0.012296743023333941
v -0.003311229386248337 0.0013000183722944314 -0.012162825208440472
v -0.003071312334981673 0.001499999475199701 -0.012124202350465848
v 0.0023105174208398744 0.0014999987599439296 0.002933835168951737
v 0.0009752437339512891 0.0015000003096647674 0.0030097104548432166
v 0.0012621129158583986 0.001500000071246177 0.003541034151420679
v 0.0024017735668369062 0.001500000071246177 0.0025280584105578925
v 0.00040682994271472653 0.001500000071246177 0.0017669355516449626
v 0.0005913663191345341 0.0015000003096647674 0.002296025862076611
v 0.0003520167041130839 0.001500000071246177 0.0015625948456044615
v 0.0024017735668369062 0.001500000071246177 0.0025280584105578925
v 0.002508801102590607 0.0014999999520368817 0.0023112879897241308
v 0.0024051347921247297 0.001499999594408996 0.003402867478827231
v 0.0012621129158583986 0.001500000071246177 0.003541034151420679
v 0.0015080250025813198 0.0015000003096647674 0.00407573290156421
v 0.0031848565660674835 0.001500000071246177 0.0018056870364491213
v 0.0032621001362494175 0.001500000071246177 0.0017854349269132842
v -0.0002488716511916868 0.001500000071246177 -0.015389151350452265
v 0.0024017735668369062 0.001500000071246177 0.0025280584105578925
v 0.0003520167041130839 0.001500000071246177 0.0015625948456044615
v 0.00040682994271472653 0.001500000071246177 0.0017669355516449626
v 0.0012621129158583986 0.001500000071246177 0.003541034151420679
v 0.0024051347921247297 0.001499999594408996 0.003402867478827231
v 0.0023105174208398744 0.0014999987599439296 0.002933835168951737
v 0.0015080250025813198 0.0015000003096647674 0.00407573290156421
v 0.00258639657861201 0.001500000071246177 0.0037089855048416656
v 0.0024051347921247297 0.001499999594408996 0.003402867478827231
v -0.0037985016719657696 0.0014999968525952062 -0.015186946636563389
v -0.00488114523229971 0.0015000001904554722 -0.015318913233712813
v -0.004897064918419624 0.0015000001904554722 -0.014939237350505837
v -0.003723068414140939 0.001499998402316044 -0.014585571028165597
v -0.0037985016719657696 0.0014999968525952062 -0.015186946636563389
v -0.004897064918419624 0.0015000001904554722 -0.014939237350505837
v -0.0002488716511916868 0.001500000071246177 -0.015389151350452265
v -0.0014406375377182948 0.001500000071246177 -0.015357288136353394
v 0.0031848565660674835 0.001500000071246177 0.0018056870364491213
v 0.0005913663191345341 0.0015000003096647674 0.002296025862076611
v 0.0023105174208398744 0.0014999987599439296 0.002933835168951737
v 0.0024017735668369062 0.001500000071246177 0.0025280584105578925
v 0.00258639657861201 0.001500000071246177 0.0037089855048416656
v 0.0015080250025813198 0.0015000003096647674 0.00407573290156421
v 0.0017707720643928 0.001500000071246177 0.004451212617579691
v 0.0031848565660674835 0.001500000071246177 0.0018056870364491213
v -0.0013997705647612877 0.001500000071246177 -0.015136392358649494
v -0.001397727198232043 0.001500000071246177 -0.014962017769983845
v -0.004897064918419624 0.0015000001904554722 -0.014939237350505837
v -0.004850617639144405 0.0015000003096647674 -0.014560565686401735
v -0.003723068414140939 0.001499998402316044 -0.014585571028165597
v -0.0002488716511916868 0.001500000071246177 -0.015389151350452265
v -0.00048563646596619717 0.0015000004288740626 -0.015938631814783607
v -0.0014406375377182948 0.001500000071246177 -0.015357288136353394
v 0.00570313003925571 0.0015000030514785573 0.0037370433198187494
v 0.004702702268807034 0.0014999992367811105 0.0032018434137981435
v 0.004584666469896192 0.0014999998328275865 0.003521877694517144
v 0.004725301013319138 0.001500000071246177 0.0029020298905703397
v 0.005827918806321774 0.0015000005480833578 0.002875697034094987
v 0.005784739769084112 0.001500000071246177 0.0025275932558879717
v 0.005224983463505416 0.0015000009057112434 0.0014145858959703492
v 0.004328147140085225 0.0014999992367811105 0.002059727528175431
v 0.004545962549600823 0.0014999999520368817 0.002321347585309968
v 0.0032621001362494175 0.001500000071246177 0.0017854349269132842
v -5.111558233098552e-05 0.001500000071246177 -0.01489735960193472
v -0.00014517150018713076 0.001500000071246177 -0.015152298693328344
v -0.00048563646596619717 0.0015000004288740626 -0.015938631814783607
v -0.0015198680884328376 0.0014999998328275865 -0.015566413665085151
v -0.0014406375377182948 0.001500000071246177 -0.015357288136353394
v -0.0025772529872505885 0.001500000071246177 -0.013830161751562927
v 0.0003520167041130839 0.001500000071246177 0.0015625948456044615
v 0.002639899617652291 0.001500000071246177 0.0021438480441796077
v 0.0023105174208398744 0.0014999987599439296 0.002933835168951737
v 0.0005913663191345341 0.0015000003096647674 0.002296025862076611
v 0.0009752437339512891 0.0015000003096647674 0.0030097104548432166
v -0.004431427689271793 0.0015000009057112434 -0.01642668802082636
v -0.0036524190253330027 0.0014999999520368817 -0.015604968812180094
v -0.0034634973263725213 0.001499999594408996 -0.01586668280623926
v 0.004725301013319138 0.001500000071246177 0.0029020298905703397
v 0.004702702268807034 0.0014999992367811105 0.0032018434137981435
v 0.005827918806321774 0.0015000005480833578 0.002875697034094987
v 0.005784739769084112 0.001500000071246177 0.0025275932558879717
v 0.004678505166064716 0.0014999997136182913 0.0026184099964228487
v 0.004725301013319138 0.001500000071246177 0.0029020298905703397
v 0.004678505166064716 0.0014999997136182913 0.0026184099964228487
v 0.005784739769084112 0.001500000071246177 0.0025275932558879717
v 0.005709379467347952 0.0015000003096647674 0.002229038105980435
v 0.004678505166064716 0.0014999997136182913 0.0026184099964228487
v 0.005709379467347952 0.0015000003096647674 0.002229038105980435
v 0.00549852683434715 0.0015000009057112434 0.0017655191067992427
v 0.0032621001362494175 0.001500000071246177 0.0017854349269132842
v 1.7856241120647872e-05 0.001500000071246177 -0.014676221590942947
v -5.111558233098552e-05 0.001500000071246177 -0.01489735960193472
v -0.0025772529872505885 0.001500000071246177 -0.013830161751562927
v 0.002807822122423836 0.001500000071246177 0.0019923031084308897
v 0.0029323586426212296 0.001500000071246177 0.0019124101116628485
v 0.002508801102590607 0.0014999999520368817 0.0023112879897241308
v 0.002639899617652291 0.001500000071246177 0.0021438480441796077
v 0.0003520167041130839 0.001500000071246177 0.0015625948456044615
v 0.0028521992130783875 0.0014999987599439296 0.003967142531950268
v 0.0022130852796764518 0.0015000004288740626 0.0048522612969068004
v 0.0026518286534056574 0.0015000003096647674 0.005089001897293221
v 0.0032522813434399103 0.0014999992367811105 0.0041298586899626835
v 0.0028521992130783875 0.0014999987599439296 0.003967142531950268
v 0.0026518286534056574 0.0015000003096647674 0.005089001897293221
v 0.0026518286534056574 0.0015000003096647674 0.005089001897293221
v 0.0029956852428428267 0.001500000071246177 0.005196807154488891
v 0.0032522813434399103 0.0014999992367811105 0.0041298586899626835
v 0.0032522813434399103 0.0014999992367811105 0.0041298586899626835
v 0.0029956852428428267 0.001500000071246177 0.005196807154488891
v 0.003333118120198152 0.001500000667292653 0.005253882657688113
v -0.001397727198232043 0.001500000071246177 -0.014962017769983845
v -0.0014287694179147823 0.001500000071246177 -0.014740711912304413
v 0.0031848565660674835 0.001500000071246177 0.0018056870364491213
v -0.0014406375377182948 0.001500000071246177 -0.015357288136353394
v -0.0013997705647612877 0.001500000071246177 -0.015136392358649494
v 0.0031848565660674835 0.001500000071246177 0.0018056870364491213
v -0.0037985016719657696 0.0014999968525952062 -0.015186946636563389
v -0.0036524190253330027 0.0014999999520368817 -0.015604968812180094
v -0.004778665292739791 0.0015000004288740626 -0.01577086428209584
v -0.003723068414140939 0.001499998402316044 -0.014585571028165597
v -0.004672040207566729 0.0015000011441298339 -0.014019927690752106
v -0.004216619215018646 0.0015000011441298339 -0.013383244196460971
v 0.004584666469896192 0.0014999998328275865 0.003521877694517144
v 0.005457738658734278 0.001500000071246177 0.0042043616384476725
v 0.00570313003925571 0.0015000030514785573 0.0037370433198187494
v 0.004702702268807034 0.0014999992367811105 0.0032018434137981435
v 0.005809213437391324 0.001500000071246177 0.0032317875966626766
v 0.005827918806321774 0.0015000005480833578 0.002875697034094987
v 0.004545962549600823 0.0014999999520368817 0.002321347585309968
v 0.004678505166064716 0.0014999997136182913 0.0026184099964228487
v 0.00549852683434715 0.0015000009057112434 0.0017655191067992427
v 0.0034249557691372326 0.001500000071246177 -0.0013200467259831537
v 0.00323296514608079 0.0014999999520368817 -0.0018433184307154594
v 0.0034902240503592577 0.001500000071246177 0.001755611622274097
v 0.0032621001362494175 0.001500000071246177 0.0017854349269132842
v 0.003330819049730676 0.001500000071246177 0.001772442782665209
v 5.994698317469655e-05 0.001500000071246177 -0.014517140124341573
v -0.000630280286208068 0.0015000001904554722 -0.01622863083673653
v -0.001695390185774206 0.001499999594408996 -0.01583124235960964
v -0.0015198680884328376 0.0014999998328275865 -0.015566413665085151
v -0.001695390185774206 0.001499999594408996 -0.01583124235960964
v -0.000630280286208068 0.0015000001904554722 -0.01622863083673653
v -0.0008840284767425153 0.0015000005480833578 -0.01657360727829293
v -0.0019681817035910316 0.0014999997136182913 -0.016055371093399714
v -0.001695390185774206 0.001499999594408996 -0.01583124235960964
v -0.0013387926260739755 0.0015000009057112434 -0.016963585705629388
v -0.0027791592010642514 0.0015000001904554722 -0.017325957167543257
v -0.0027869862449693412 0.0014999998328275865 -0.016217966850023965
v -0.0023312340889991563 0.0014999969718045014 -0.016208790595315655
v -0.002209681854298123 0.001500000071246177 -0.013893971149430136
v 0.0030380996716609923 0.001500000071246177 0.0018589583326195087
v 0.0031134168196322856 0.001500000071246177 0.0018288873110648691
v 0.002639899617652291 0.001500000071246177 0.0021438480441796077
v 0.002807822122423836 0.001500000071246177 0.0019923031084308897
v -0.0025772529872505885 0.001500000071246177 -0.013830161751562927
v 0.003333118120198152 0.001500000667292653 0.005253882657688113
v 0.0037115468357586104 0.001499999475199701 0.004148552137963612
v 0.0032522813434399103 0.0014999992367811105 0.0041298586899626835
v -0.0015059107065214235 0.001500000071246177 -0.014527968143044353
v -0.001632251697820455 0.001500000071246177 -0.014309263909023647
v 0.0031848565660674835 0.001500000071246177 0.0018056870364491213
v -0.0014287694179147823 0.001500000071246177 -0.014740711912304413
v -0.0015059107065214235 0.001500000071246177 -0.014527968143044353
v 0.0031848565660674835 0.001500000071246177 0.0018056870364491213
v -0.0037985016719657696 0.0014999968525952062 -0.015186946636563389
v -0.004778665292739791 0.0015000004288740626 -0.01577086428209584
v -0.00488114523229971 0.0015000001904554722 -0.015318913233712813
v -0.004850617639144405 0.0015000003096647674 -0.014560565686401735
v -0.004672040207566729 0.0015000011441298339 -0.014019927690752106
v -0.003723068414140939 0.001499998402316044 -0.014585571028165597
v -0.004216619215018646 0.0015000011441298339 -0.013383244196460971
v -0.0033727885894591072 0.001499996733385911 -0.014098389341512526
v -0.003723068414140939 0.001499998402316044 -0.014585571028165597
v 0.00570313003925571 0.0015000030514785573 0.0037370433198187494
v 0.005809213437391324 0.001500000071246177 0.0032317875966626766
v 0.004702702268807034 0.0014999992367811105 0.0032018434137981435
v 0.004622369985786134 0.001500000071246177 0.0007357611409610289
v 0.0038918601930931765 0.0014999992367811105 0.0018020540139682124
v 0.004328147140085225 0.0014999992367811105 0.002059727528175431
v 0.0036952986088210895 0.001500000071246177 -0.000713348005321572
v 0.0034249557691372326 0.001500000071246177 -0.0013200467259831537
v 0.0034902240503592577 0.001500000071246177 0.001755611622274097
v 5.994698317469655e-05 0.001500000071246177 -0.014517140124341573
v 1.7856241120647872e-05 0.001500000071246177 -0.014676221590942947
v 0.0032621001362494175 0.001500000071246177 0.0017854349269132842
v -0.0018464835567126576 0.0015000013825484243 -0.017212687356255026
v -0.0023312340889991563 0.0014999969718045014 -0.016208790595315655
v -0.0019681817035910316 0.0014999997136182913 -0.016055371093399714
v -0.0023312340889991563 0.0014999969718045014 -0.016208790595315655
v -0.0023552633450538147 0.0015000003096647674 -0.01732119451778091
v -0.0027791592010642514 0.0015000001904554722 -0.017325957167543257
v 0.0028521992130783875 0.0014999987599439296 0.003967142531950268
v 0.0017707720643928 0.001500000071246177 0.004451212617579691
v 0.0022130852796764518 0.0015000004288740626 0.0048522612969068004
v -0.0036524190253330027 0.0014999999520368817 -0.015604968812180094
v -0.004431427689271793 0.0015000009057112434 -0.01642668802082636
v -0.004628611784483482 0.001500000071246177 -0.01610873680333191
v -0.0036524190253330027 0.0014999999520368817 -0.015604968812180094
v -0.004628611784483482 0.001500000071246177 -0.01610873680333191
v -0.004778665292739791 0.0015000004288740626 -0.01577086428209584
v 0.005224983463505416 0.0015000009057112434 0.0014145858959703492
v 0.004622369985786134 0.001500000071246177 0.0007357611409610289
v 0.004328147140085225 0.0014999992367811105 0.002059727528175431
v 0.003330819049730676 0.001500000071246177 0.001772442782665209
v 0.0034902240503592577 0.001500000071246177 0.001755611622274097
v 0.0030763672859358817 0.001500000071246177 -0.0023970471567003044
v -0.00048563646596619717 0.0015000004288740626 -0.015938631814783607
v -0.000630280286208068 0.0015000001904554722 -0.01622863083673653
v -0.0015198680884328376 0.0014999998328275865 -0.015566413665085151
v -0.0023312340889991563 0.0014999969718045014 -0.016208790595315655
v -0.0018464835567126576 0.0015000013825484243 -0.017212687356255026
v -0.0023552633450538147 0.0015000003096647674 -0.01732119451778091
v -0.0027869862449693412 0.0014999998328275865 -0.016217966850023965
v -0.0027791592010642514 0.0015000001904554722 -0.017325957167543257
v -0.003337509313796615 0.0015000004288740626 -0.017214703423855667
v 0.0031848565660674835 0.001500000071246177 0.0018056870364491213
v -0.0020717876941535314 0.001500000071246177 -0.013949912733813293
v -0.002209681854298123 0.001500000071246177 -0.013893971149430136
v -0.002209681854298123 0.001500000071246177 -0.013893971149430136
v -0.00240164696656539 0.001500000071246177 -0.013843356790031455
v 0.0030380996716609923 0.001500000071246177 0.0018589583326195087
v -0.0025772529872505885 0.001500000071246177 -0.013830161751562927
v 0.0029323586426212296 0.001500000071246177 0.0019124101116628485
v 0.0030380996716609923 0.001500000071246177 0.0018589583326195087
v 0.0031848565660674835 0.001500000071246177 0.0018056870364491213
v -0.001632251697820455 0.001500000071246177 -0.014309263909023647
v -0.0018601927448714385 0.001500000071246177 -0.014078830434028352
v -0.0038103184125630454 0.0015000001904554722 -0.016987557264385163
v -0.004118529992220009 0.0015000003096647674 -0.016756995043351038
v -0.0034634973263725213 0.001499999594408996 -0.01586668280623926
v -0.002890096086445165 0.001499999594408996 -0.013861487093321797
v -0.0033727885894591072 0.001499996733385911 -0.014098389341512526
v -0.0036689662291829175 0.0014999993559904057 -0.012966335912498735
v 0.004127458768431457 0.0014999986407346344 0.004004802417238162
v 0.0037115468357586104 0.001499999475199701 0.004148552137963612
v 0.0041992919055408575 0.0015000013825484243 0.0051641295024851255
v 0.004447170468797611 0.0014999998328275865 0.0037269863468374067
v 0.00525309158480508 0.0015000005480833578 0.004479268763626642
v 0.005457738658734278 0.001500000071246177 0.0042043616384476725
v 0.0034902240503592577 0.001500000071246177 0.001755611622274097
v 0.0038918601930931765 0.0014999992367811105 0.0018020540139682124
v 0.0036952986088210895 0.001500000071246177 -0.000713348005321572
v 0.00323296514608079 0.0014999999520368817 -0.0018433184307154594
v 0.0030763672859358817 0.001500000071246177 -0.0023970471567003044
v 0.0034902240503592577 0.001500000071246177 0.001755611622274097
v 0.0030763672859358817 0.001500000071246177 -0.0023970471567003044
v 5.994698317469655e-05 0.001500000071246177 -0.014517140124341573
v 0.003330819049730676 0.001500000071246177 0.001772442782665209
v -0.003147220522638632 0.0014999992367811105 -0.016101958085968923
v -0.0027869862449693412 0.0014999998328275865 -0.016217966850023965
v -0.003337509313796615 0.0015000004288740626 -0.017214703423855667
v -0.002209681854298123 0.001500000071246177 -0.013893971149430136
v 0.0031134168196322856 0.001500000071246177 0.0018288873110648691
v 0.0031848565660674835 0.001500000071246177 0.0018056870364491213
v 0.0031848565660674835 0.001500000071246177 0.0018056870364491213
v -0.0018601927448714385 0.001500000071246177 -0.014078830434028352
v -0.0020717876941535314 0.001500000071246177 -0.013949912733813293
v -0.0036689662291829175 0.0014999993559904057 -0.012966335912498735
v -0.003306402601885166 0.0014999991175718153 -0.012561255097970344
v -0.002890096086445165 0.001499999594408996 -0.013861487093321797
v 0.00549852683434715 0.0015000009057112434 0.0017655191067992427
v 0.005224983463505416 0.0015000009057112434 0.0014145858959703492
v 0.004545962549600823 0.0014999999520368817 0.002321347585309968
v -0.00014517150018713076 0.001500000071246177 -0.015152298693328344
v -0.0002488716511916868 0.001500000071246177 -0.015389151350452265
v 0.0032621001362494175 0.001500000071246177 0.0017854349269132842
v 0.0028521992130783875 0.0014999987599439296 0.003967142531950268
v 0.00258639657861201 0.001500000071246177 0.0037089855048416656
v 0.0017707720643928 0.001500000071246177 0.004451212617579691
v -0.004118529992220009 0.0015000003096647674 -0.016756995043351038
v -0.004431427689271793 0.0015000009057112434 -0.01642668802082636
v -0.0034634973263725213 0.001499999594408996 -0.01586668280623926
v 0.004584666469896192 0.0014999998328275865 0.003521877694517144
v 0.004447170468797611 0.0014999998328275865 0.0037269863468374067
v 0.005457738658734278 0.001500000071246177 0.0042043616384476725
v 0.004622369985786134 0.001500000071246177 0.0007357611409610289
v 0.0041269394927415095 0.001500000071246177 4.803379480701257e-05
v 0.0038918601930931765 0.0014999992367811105 0.0018020540139682124
v 0.0041269394927415095 0.001500000071246177 4.803379480701257e-05
v 0.0036952986088210895 0.001500000071246177 -0.000713348005321572
v 0.0038918601930931765 0.0014999992367811105 0.0018020540139682124
v -0.0008840284767425153 0.0015000005480833578 -0.01657360727829293
v -0.0013387926260739755 0.0015000009057112434 -0.016963585705629388
v -0.001695390185774206 0.001499999594408996 -0.01583124235960964
v -0.0034634973263725213 0.001499999594408996 -0.01586668280623926
v -0.003147220522638632 0.0014999992367811105 -0.016101958085968923
v -0.0038103184125630454 0.0015000001904554722 -0.016987557264385163
v -0.003306402601885166 0.0014999991175718153 -0.012561255097970344
v -0.003071312334981673 0.001499999475199701 -0.012124202350465848
v -0.002890096086445165 0.001499999594408996 -0.013861487093321797
v -0.002982084177514804 0.001500000071246177 -0.011833949651132712
v 0.0003520167041130839 0.001500000071246177 0.0015625948456044615
v -0.0025772529872505885 0.001500000071246177 -0.013830161751562927
v 0.0041992919055408575 0.0015000013825484243 0.0051641295024851255
v 0.004707198366585285 0.001500000667292653 0.004935227628514726
v 0.004127458768431457 0.0014999986407346344 0.004004802417238162
v 0.004127458768431457 0.0014999986407346344 0.004004802417238162
v 0.004707198366585285 0.001500000667292653 0.004935227628514726
v 0.005006588696815083 0.001500000071246177 0.004716820940894872
v 0.005006588696815083 0.001500000071246177 0.004716820940894872
v 0.004447170468797611 0.0014999998328275865 0.0037269863468374067
v 0.004127458768431457 0.0014999986407346344 0.004004802417238162
v -0.0025772529872505885 0.001500000071246177 -0.013830161751562927
v -0.002890096086445165 0.001499999594408996 -0.013861487093321797
v -0.002982084177514804 0.001500000071246177 -0.011833949651132712
v 0.0037115468357586104 0.001499999475199701 0.004148552137963612
v 0.003717805562175879 0.0015000001904554722 0.00525029779576247
v 0.0041992919055408575 0.0015000013825484243 0.0051641295024851255
v -0.003337509313796615 0.0015000004288740626 -0.017214703423855667
v -0.0038103184125630454 0.0015000001904554722 -0.016987557264385163
v -0.003147220522638632 0.0014999992367811105 -0.016101958085968923
v 0.005006588696815083 0.001500000071246177 0.004716820940894872
v 0.00525309158480508 0.0015000005480833578 0.004479268763626642
v 0.004447170468797611 0.0014999998328275865 0.0037269863468374067
v -0.0013387926260739755 0.0015000009057112434 -0.016963585705629388
v -0.0018464835567126576 0.0015000013825484243 -0.017212687356255026
v -0.0019681817035910316 0.0014999997136182913 -0.016055371093399714
v -0.004216619215018646 0.0015000011441298339 -0.013383244196460971
v -0.0036689662291829175 0.0014999993559904057 -0.012966335912498735
v -0.0033727885894591072 0.001499996733385911 -0.014098389341512526
v -0.003071312334981673 0.001499999475199701 -0.012124202350465848
v -0.002982084177514804 0.001500000071246177 -0.011833949651132712
v -0.002890096086445165 0.001499999594408996 -0.013861487093321797
v 0.0037115468357586104 0.001499999475199701 0.004148552137963612
v 0.003333118120198152 0.001500000667292653 0.005253882657688113
v 0.003717805562175879 0.0015000001904554722 0.00525029779576247
v -0.00240164696656539 0.001500000071246177 -0.013843356790031455
v -0.0025772529872505885 0.001500000071246177 -0.013830161751562927
v 0.0030380996716609923 0.001500000071246177 0.0018589583326195087
v -0.003147220522638632 0.0014999992367811105 -0.016101958085968923
v -0.0034634973263725213 0.001499999594408996 -0.01586668280623926
v -0.0031438664499085214 0.0013001725099131417 -0.01586882189783256
v -0.0033479043643391817 0.0012996388098984735 -0.015692064076937014
v -0.003253474866903582 0.001299940290206067 -0.01578467157950458
v -0.0034634973263725213 0.001499999594408996 -0.01586668280623926
v -0.0034634973263725213 0.001499999594408996 -0.01586668280623926
v -0.003424361391591301 0.001300118865730296 -0.01559163549092912
v -0.0033479043643391817 0.0012996388098984735 -0.015692064076937014
v -0.003424361391591301 0.001300118865730296 -0.01559163549092912
v -0.0034634973263725213 0.001499999594408996 -0.01586668280623926
v -0.0036524190253330027 0.0014999999520368817 -0.015604968812180094
v -0.0036524190253330027 0.0014999999520368817 -0.015604968812180094
v -0.0034992930167018757 0.001300043883083607 -0.015461348314330655
v -0.0034595951293030216 0.001299853029001971 -0.015535525106183942
v -0.003545379807068371 0.0012995390317183803 -0.015347948803329233
v -0.0036524190253330027 0.0014999999520368817 -0.015604968812180094
v -0.0037985016719657696 0.0014999968525952062 -0.015186946636563389
v -0.003545379807068371 0.0012995390317183803 -0.015347948803329233
v -0.0034992930167018757 0.001300043883083607 -0.015461348314330655
v -0.0036524190253330027 0.0014999999520368817 -0.015604968812180094
v -0.0037985016719657696 0.0014999968525952062 -0.015186946636563389
v -0.0035771333486156456 0.001300051154850615 -0.015228253134191846
v -0.003545379807068371 0.0012995390317183803 -0.015347948803329233
v -0.0035947775164001097 0.001299003066727103 -0.01510092711648647
v -0.0035771333486156456 0.001300051154850615 -0.015228253134191846
v -0.0037985016719657696 0.0014999968525952062 -0.015186946636563389
v -0.0037985016719657696 0.0014999968525952062 -0.015186946636563389
v -0.003594586781527769 0.0012996096036211463 -0.014958657021533203
v -0.0035947775164001097 0.001299003066727103 -0.01510092711648647
v -0.0037985016719657696 0.0014999968525952062 -0.015186946636563389
v -0.003723068414140939 0.001499998402316044 -0.014585571028165597
v -0.003594586781527769 0.0012996096036211463 -0.014958657021533203
v -0.003723068414140939 0.001499998402316044 -0.014585571028165597
v -0.0035395070803490017 0.0013000709435936203 -0.014692379695653287
v -0.00357870905707977 0.0013000369689444846 -0.014840955485486137
v -0.003723068414140939 0.001499998402316044 -0.014585571028165597
v -0.0034710933426634885 0.001299993457551732 -0.01454445526540948
v -0.0035395070803490017 0.0013000709435936203 -0.014692379695653287
v -0.003414822740625544 0.0012999592444840058 -0.014456255645741708
v -0.003723068414140939 0.001499998402316044 -0.014585571028165597
v -0.0033727885894591072 0.001499996733385911 -0.014098389341512526
v -0.0033727885894591072 0.001499996733385911 -0.014098389341512526
v -0.0033537971182201467 0.0013002231738636072 -0.01437670871355767
v -0.003414822740625544 0.0012999592444840058 -0.014456255645741708
v -0.003007347965030687 0.0012999550721586733 -0.01411782522500404
v -0.0033727885894591072 0.001499996733385911 -0.014098389341512526
v -0.002890096086445165 0.001499999594408996 -0.013861487093321797
v -0.0028666016032888315 0.0012994506976306275 -0.014066907597158337
v -0.003007347965030687 0.0012999550721586733 -0.01411782522500404
v -0.002890096086445165 0.001499999594408996 -0.013861487093321797
v -0.002890096086445165 0.001499999594408996 -0.013861487093321797
v -0.0027048846575888903 0.0013004837653829426 -0.0140348841657667
v -0.0028666016032888315 0.0012994506976306275 -0.014066907597158337
v -0.002890096086445165 0.001499999594408996 -0.013861487093321797
v -0.0025772529872505885 0.001500000071246177 -0.013830161751562927
v -0.0027048846575888903 0.0013004837653829426 -0.0140348841657667
v -0.0025772529872505885 0.001500000071246177 -0.013830161751562927
v -0.0025660580423371433 0.0012998593470946174 -0.014030536364351694
v -0.0027048846575888903 0.0013004837653829426 -0.0140348841657667
v -0.0025660580423371433 0.0012998593470946174 -0.014030536364351694
v -0.0025772529872505885 0.001500000071246177 -0.013830161751562927
v -0.00240164696656539 0.001500000071246177 -0.013843356790031455
v -0.00240164696656539 0.001500000071246177 -0.013843356790031455
v -0.002405363435552948 0.0013001654765647241 -0.014046806048962353
v -0.0025660580423371433 0.0012998593470946174 -0.014030536364351694
v -0.002209681854298123 0.001500000071246177 -0.013893971149430136
v -0.002272510636502911 0.0013000074050392718 -0.014084168149430806
v -0.002405363435552948 0.0013001654765647241 -0.014046806048962353
v -0.002405363435552948 0.0013001654765647241 -0.014046806048962353
v -0.00240164696656539 0.001500000071246177 -0.013843356790031455
v -0.002209681854298123 0.001500000071246177 -0.013893971149430136
v -0.002209681854298123 0.001500000071246177 -0.013893971149430136
v -0.0020717876941535314 0.001500000071246177 -0.013949912733813293
v -0.002178090675810928 0.0012999127528588728 -0.014121428206742555
v -0.0020450042265422737 0.0012999617478792053 -0.014194606501539139
v -0.0020717876941535314 0.001500000071246177 -0.013949912733813293
v -0.0018601927448714385 0.001500000071246177 -0.014078830434028352
v -0.0018601927448714385 0.001500000071246177 -0.014078830434028352
v -0.001632251697820455 0.001500000071246177 -0.014309263909023647
v -0.0018990198083687622 0.0013000798842907613 -0.014312102997598438
v -0.001632251697820455 0.001500000071246177 -0.014309263909023647
v -0.0017717569715898491 0.0012996830365469975 -0.014461171837076289
v -0.0018990198083687622 0.0013000798842907613 -0.014312102997598438
v -0.001632251697820455 0.001500000071246177 -0.014309263909023647
v -0.0015059107065214235 0.001500000071246177 -0.014527968143044353
v -0.0017717569715898491 0.0012996830365469975 -0.014461171837076289
v -0.0015059107065214235 0.001500000071246177 -0.014527968143044353
v -0.0016767289242829854 0.0013002675197214264 -0.014635618904993427
v -0.0017717569715898491 0.0012996830365469975 -0.014461171837076289
v -0.0015059107065214235 0.001500000071246177 -0.014527968143044353
v -0.0014287694179147823 0.001500000071246177 -0.014740711912304413
v -0.0016767289242829854 0.0013002675197214264 -0.014635618904993427
v -0.0014287694179147823 0.001500000071246177 -0.014740711912304413
v -0.001629700261275013 0.0012998822352792982 -0.014771071181934877
v -0.0016767289242829854 0.0013002675197214264 -0.014635618904993427
v -0.0014287694179147823 0.001500000071246177 -0.014740711912304413
v -0.001397727198232043 0.001500000071246177 -0.014962017769983845
v -0.001598064140883523 0.0013002335450722907 -0.014944857353519355
v -0.0013997705647612877 0.001500000071246177 -0.015136392358649494
v -0.0015986355110354784 0.0013000995538244714 -0.015103655578835303
v -0.001598064140883523 0.0013002335450722907 -0.014944857353519355
v -0.001598064140883523 0.0013002335450722907 -0.014944857353519355
v -0.001397727198232043 0.001500000071246177 -0.014962017769983845
v -0.0013997705647612877 0.001500000071246177 -0.015136392358649494
v -0.0016101229955593761 0.0012999648473208808 -0.015196934468153508
v -0.0013997705647612877 0.001500000071246177 -0.015136392358649494
v -0.0014406375377182948 0.001500000071246177 -0.015357288136353394
v -0.0014406375377182948 0.001500000071246177 -0.015357288136353394
v -0.0015198680884328376 0.0014999998328275865 -0.015566413665085151
v -0.0016353066744288765 0.0012999750993202691 -0.015311009180603016
v -0.0015198680884328376 0.0014999998328275865 -0.015566413665085151
v -0.0017021740291368877 0.0013000022790395777 -0.01547847821321557
v -0.0016757469973183166 0.001299745502217689 -0.015421041267433263
v -0.0017396312586229197 0.0012999814174129154 -0.015546477102553743
v -0.0017021740291368877 0.0013000022790395777 -0.01547847821321557
v -0.0015198680884328376 0.0014999998328275865 -0.015566413665085151
v -0.0015198680884328376 0.0014999998328275865 -0.015566413665085151
v -0.001695390185774206 0.001499999594408996 -0.01583124235960964
v -0.0018085006142347366 0.0012988662144561985 -0.015648193148949937
v -0.001974309180574271 0.0012999567410888063 -0.015813467776856212
v -0.001695390185774206 0.001499999594408996 -0.01583124235960964
v -0.0019681817035910316 0.0014999997136182913 -0.016055371093399714
v -0.0019681817035910316 0.0014999997136182913 -0.016055371093399714
v -0.0020578309082885933 0.0013009666822378502 -0.01587441519796395
v -0.001974309180574271 0.0012999567410888063 -0.015813467776856212
v -0.0021621123387177694 0.0013003651521342058 -0.01593158988329679
v -0.0019681817035910316 0.0014999997136182913 -0.016055371093399714
v -0.0023312340889991563 0.0014999969718045014 -0.016208790595315655
v -0.0024032221981923336 0.0012999942920167984 -0.016011475369879232
v -0.002285545934515853 0.0013000357768515325 -0.015982011600474407
v -0.0023312340889991563 0.0014999969718045014 -0.016208790595315655
v -0.0023312340889991563 0.0014999969718045014 -0.016208790595315655
v -0.0027869862449693412 0.0014999998328275865 -0.016217966850023965
v -0.0026483720606816637 0.0012999594829025962 -0.016029299543699468
v -0.0026483720606816637 0.0012999594829025962 -0.016029299543699468
v -0.002528551937040074 0.0012993393561488986 -0.016029337690673936
v -0.0023312340889991563 0.0014999969718045014 -0.016208790595315655
v -0.0027869862449693412 0.0014999998328275865 -0.016217966850023965
v -0.002699972042533166 0.0013000466248973969 -0.01602518539250308
v -0.0026483720606816637 0.0012999594829025962 -0.016029299543699468
v -0.002855357305727168 0.001299853505839152 -0.015996579930023788
v -0.0027633503795888854 0.001299904527417503 -0.01601685981532541
v -0.0027869862449693412 0.0014999998328275865 -0.016217966850023965
v -0.0027869862449693412 0.0014999998328275865 -0.016217966850023965
v -0.003147220522638632 0.0014999992367811105 -0.016101958085968923
v -0.002855357305727168 0.001299853505839152 -0.015996579930023788
v -0.002932376762434102 0.0013000000140629686 -0.01597203616665099
v -0.002855357305727168 0.001299853505839152 -0.015996579930023788
v -0.003147220522638632 0.0014999992367811105 -0.016101958085968923
v -0.0027633503795888854 0.001299904527417503 -0.01601685981532541
v -0.002699972042533166 0.0013000466248973969 -0.01602518539250308
v -0.0027869862449693412 0.0014999998328275865 -0.016217966850023965
v -0.002528551937040074 0.0012993393561488986 -0.016029337690673936
v -0.0024032221981923336 0.0012999942920167984 -0.016011475369879232
v -0.0023312340889991563 0.0014999969718045014 -0.016208790595315655
v -0.002285545934515853 0.0013000357768515325 -0.015982011600474407
v -0.0021621123387177694 0.0013003651521342058 -0.01593158988329679
v -0.0023312340889991563 0.0014999969718045014 -0.016208790595315655
v -0.0021621123387177694 0.0013003651521342058 -0.01593158988329679
v -0.0020578309082885933 0.0013009666822378502 -0.01587441519796395
v -0.0019681817035910316 0.0014999997136182913 -0.016055371093399714
v -0.001974309180574271 0.0012999567410888063 -0.015813467776856212
v -0.0019090487671657298 0.0012994171998186727 -0.015757664475255503
v -0.001695390185774206 0.001499999594408996 -0.01583124235960964
v -0.0019090487671657298 0.0012994171998186727 -0.015757664475255503
v -0.0018085006142347366 0.0012988662144561985 -0.015648193148949937
v -0.001695390185774206 0.001499999594408996 -0.01583124235960964
v -0.0018085006142347366 0.0012988662144561985 -0.015648193148949937
v -0.0017396312586229197 0.0012999814174129154 -0.015546477102553743
v -0.0015198680884328376 0.0014999998328275865 -0.015566413665085151
v -0.0016757469973183166 0.001299745502217689 -0.015421041267433263
v -0.0016353066744288765 0.0012999750993202691 -0.015311009180603016
v -0.0015198680884328376 0.0014999998328275865 -0.015566413665085151
v -0.0016353066744288765 0.0012999750993202691 -0.015311009180603016
v -0.0016101229955593761 0.0012999648473208808 -0.015196934468153508
v -0.0014406375377182948 0.001500000071246177 -0.015357288136353394
v -0.0016101229955593761 0.0012999648473208808 -0.015196934468153508
v -0.0015986355110354784 0.0013000995538244714 -0.015103655578835303
v -0.0013997705647612877 0.001500000071246177 -0.015136392358649494
v -0.001598064140883523 0.0013002335450722907 -0.014944857353519355
v -0.001629700261275013 0.0012998822352792982 -0.014771071181934877
v -0.0014287694179147823 0.001500000071246177 -0.014740711912304413
v -0.0018990198083687622 0.0013000798842907613 -0.014312102997598438
v -0.0020450042265422737 0.0012999617478792053 -0.014194606501539139
v -0.0018601927448714385 0.001500000071246177 -0.014078830434028352
v -0.0020450042265422737 0.0012999617478792053 -0.014194606501539139
v -0.002178090675810928 0.0012999127528588728 -0.014121428206742555
v -0.0020717876941535314 0.001500000071246177 -0.013949912733813293
v -0.002178090675810928 0.0012999127528588728 -0.014121428206742555
v -0.002272510636502911 0.0013000074050392718 -0.014084168149430806
v -0.002209681854298123 0.001500000071246177 -0.013893971149430136
v -0.003007347965030687 0.0012999550721586733 -0.01411782522500404
v -0.003151231915422547 0.0013003469131120382 -0.014197231013382546
v -0.0033727885894591072 0.001499996733385911 -0.014098389341512526
v -0.003151231915422547 0.0013003469131120382 -0.014197231013382546
v -0.0032713617448130996 0.0013002030274927162 -0.014291691505234901
v -0.0033727885894591072 0.001499996733385911 -0.014098389341512526
v -0.0032713617448130996 0.0013002030274927162 -0.014291691505234901
v -0.0033537971182201467 0.0013002231738636072 -0.01437670871355767
v -0.0033727885894591072 0.001499996733385911 -0.014098389341512526
v -0.003414822740625544 0.0012999592444840058 -0.014456255645741708
v -0.0034710933426634885 0.001299993457551732 -0.01454445526540948
v -0.003723068414140939 0.001499998402316044 -0.014585571028165597
v -0.00357870905707977 0.0013000369689444846 -0.014840955485486137
v -0.003594586781527769 0.0012996096036211463 -0.014958657021533203
v -0.003723068414140939 0.001499998402316044 -0.014585571028165597
v -0.0034595951293030216 0.001299853029001971 -0.015535525106183942
v -0.003424361391591301 0.001300118865730296 -0.01559163549092912
v -0.0036524190253330027 0.0014999999520368817 -0.015604968812180094
v -0.003253474866903582 0.001299940290206067 -0.01578467157950458
v -0.0031438664499085214 0.0013001725099131417 -0.01586882189783256
v -0.0034634973263725213 0.001499999594408996 -0.01586668280623926
v -0.0031438664499085214 0.0013001725099131417 -0.01586882189783256
v -0.003022209549446291 0.001299638571479883 -0.015935731691049667
v -0.003147220522638632 0.0014999992367811105 -0.016101958085968923
v -0.003022209549446291 0.001299638571479883 -0.015935731691049667
v -0.002932376762434102 0.0013000000140629686 -0.01597203616665099
v -0.003147220522638632 0.0014999992367811105 -0.016101958085968923
v -0.002855357305727168 0.001299853505839152 -0.015996579930023788
v -0.002932376762434102 0.0013000000140629686 -0.01597203616665099
v -0.002883311647036007 -0.001299300374709364 -0.01598880939132463
v -0.002883311647036007 -0.001299300374709364 -0.01598880939132463
v -0.002786506308346814 -0.0012999591252747106 -0.016011673734146466
v -0.002855357305727168 0.001299853505839152 -0.015996579930023788
v -0.0027633503795888854 0.001299904527417503 -0.01601685981532541
v -0.002855357305727168 0.001299853505839152 -0.015996579930023788
v -0.002786506308346814 -0.0012999591252747106 -0.016011673734146466
v -0.0026804682097433803 -0.0013004216573401367 -0.016027169035175422
v -0.0026483720606816637 0.0012999594829025962 -0.016029299543699468
v -0.002699972042533166 0.0013000466248973969 -0.01602518539250308
v -0.0026804682097433803 -0.0013004216573401367 -0.016027169035175422
v -0.002534940124751944 -0.0012995929143198165 -0.016030461119072022
v -0.0026483720606816637 0.0012999594829025962 -0.016029299543699468
v -0.002528551937040074 0.0012993393561488986 -0.016029337690673936
v -0.0026483720606816637 0.0012999594829025962 -0.016029299543699468
v -0.002534940124751944 -0.0012995929143198165 -0.016030461119072022
v -0.0024032221981923336 0.0012999942920167984 -0.016011475369879232
v -0.002528551937040074 0.0012993393561488986 -0.016029337690673936
v -0.002534940124751944 -0.0012995929143198165 -0.016030461119072022
v -0.002534940124751944 -0.0012995929143198165 -0.016030461119072022
v -0.0023942803089584126 -0.0013000040671790059 -0.016009640500407315
v -0.0024032221981923336 0.0012999942920167984 -0.016011475369879232
v -0.0023942803089584126 -0.0013000040671790059 -0.016009640500407315
v -0.002285545934515853 0.0013000357768515325 -0.015982011600474407
v -0.0024032221981923336 0.0012999942920167984 -0.016011475369879232
v -0.0022891093387683577 -0.0013002956531150967 -0.015982801242845898
v -0.0021514400073545377 -0.001300221385724179 -0.015927293580297316
v -0.002285545934515853 0.0013000357768515325 -0.015982011600474407
v -0.0021621123387177694 0.0013003651521342058 -0.01593158988329679
v -0.002285545934515853 0.0013000357768515325 -0.015982011600474407
v -0.0021514400073545377 -0.001300221385724179 -0.015927293580297316
v -0.0020578309082885933 0.0013009666822378502 -0.01587441519796395
v -0.0021621123387177694 0.0013003651521342058 -0.01593158988329679
v -0.0021514400073545377 -0.001300221385724179 -0.015927293580297316
v -0.0021514400073545377 -0.001300221385724179 -0.015927293580297316
v -0.002021191454567722 -0.0012994512936771035 -0.015849313535089556
v -0.0020578309082885933 0.0013009666822378502 -0.01587441519796395
v -0.002021191454567722 -0.0012994512936771035 -0.015849313535089556
v -0.001974309180574271 0.0012999567410888063 -0.015813467776856212
v -0.0020578309082885933 0.0013009666822378502 -0.01587441519796395
v -0.001974309180574271 0.0012999567410888063 -0.015813467776856212
v -0.002021191454567722 -0.0012994512936771035 -0.015849313535089556
v -0.0019380432095753015 -0.0012999797484827824 -0.015783330713352025
v -0.0019090487671657298 0.0012994171998186727 -0.015757664475255503
v -0.001974309180574271 0.0012999567410888063 -0.015813467776856212
v -0.0019380432095753015 -0.0012999797484827824 -0.015783330713352025
v -0.0019090487671657298 0.0012994171998186727 -0.015757664475255503
v -0.0019380432095753015 -0.0012999797484827824 -0.015783330713352025
v -0.0018534170077408314 -0.0013002041003763731 -0.01570154550744107
v -0.0018085006142347366 0.0012988662144561985 -0.015648193148949937
v -0.0019090487671657298 0.0012994171998186727 -0.015757664475255503
v -0.0018534170077408314 -0.0013002041003763731 -0.01570154550744107
v -0.0018085006142347366 0.0012988662144561985 -0.015648193148949937
v -0.0018534170077408314 -0.0013002041003763731 -0.01570154550744107
v -0.0017631497028475908 -0.0013001473567518518 -0.015584455276659855
v -0.0017396312586229197 0.0012999814174129154 -0.015546477102553743
v -0.0018085006142347366 0.0012988662144561985 -0.015648193148949937
v -0.0017631497028475908 -0.0013001473567518518 -0.015584455276659855
v -0.0017631497028475908 -0.0013001473567518518 -0.015584455276659855
v -0.0017212366683250903 -0.0012999187133236334 -0.015514512798972532
v -0.0017396312586229197 0.0012999814174129154 -0.015546477102553743
v -0.0017021740291368877 0.0013000022790395777 -0.01547847821321557
v -0.0017396312586229197 0.0012999814174129154 -0.015546477102553743
v -0.0017212366683250903 -0.0012999187133236334 -0.015514512798972532
v -0.0017021740291368877 0.0013000022790395777 -0.01547847821321557
v -0.0017212366683250903 -0.0012999187133236334 -0.015514512798972532
v -0.0016912163107209162 -0.001300022663829059 -0.015456013459951286
v -0.0016912163107209162 -0.001300022663829059 -0.015456013459951286
v -0.0016757469973183166 0.001299745502217689 -0.015421041267433263
v -0.0017021740291368877 0.0013000022790395777 -0.01547847821321557
v -0.0016757469973183166 0.001299745502217689 -0.015421041267433263
v -0.0016912163107209162 -0.001300022663829059 -0.015456013459951286
v -0.0016433482950653495 -0.0012988265177608926 -0.015337135089741879
v -0.0016433482950653495 -0.0012988265177608926 -0.015337135089741879
v -0.0016353066744288765 0.0012999750993202691 -0.015311009180603016
v -0.0016757469973183166 0.001299745502217689 -0.015421041267433263
v -0.0016101229955593761 0.0012999648473208808 -0.015196934468153508
v -0.0016353066744288765 0.0012999750993202691 -0.015311009180603016
v -0.0016134283116877447 -0.0013000753543375432 -0.015215224988736616
v -0.0016134283116877447 -0.0013000753543375432 -0.015215224988736616
v -0.0015975735946337217 -0.001300333323252384 -0.015099451782248915
v -0.0016101229955593761 0.0012999648473208808 -0.015196934468153508
v -0.0015986355110354784 0.0013000995538244714 -0.015103655578835303
v -0.0016101229955593761 0.0012999648473208808 -0.015196934468153508
v -0.0015975735946337217 -0.001300333323252384 -0.015099451782248915
v -0.0015975735946337217 -0.001300333323252384 -0.015099451782248915
v -0.001598064140883523 0.0013002335450722907 -0.014944857353519355
v -0.0015986355110354784 0.0013000995538244714 -0.015103655578835303
v -0.0016243841227549928 -0.0013002882621387934 -0.014792500244842351
v -0.0016703875858241342 -0.0012996212861320772 -0.01465014908756834
v -0.001629700261275013 0.0012998822352792982 -0.014771071181934877
v -0.0016703875858241342 -0.0012996212861320772 -0.01465014908756834
v -0.0016767289242829854 0.0013002675197214264 -0.014635618904993427
v -0.001629700261275013 0.0012998822352792982 -0.014771071181934877
v -0.0017572015166443518 -0.0013002027890741258 -0.014483716698986956
v -0.0017717569715898491 0.0012996830365469975 -0.014461171837076289
v -0.0016767289242829854 0.0013002675197214264 -0.014635618904993427
v -0.0016767289242829854 0.0013002675197214264 -0.014635618904993427
v -0.0016703875858241342 -0.0012996212861320772 -0.01465014908756834
v -0.0017572015166443518 -0.0013002027890741258 -0.014483716698986956
v -0.0018557555364850232 -0.0013000325582005617 -0.014357737269480305
v -0.0018990198083687622 0.0013000798842907613 -0.014312102997598438
v -0.0017717569715898491 0.0012996830365469975 -0.014461171837076289
v -0.0018990198083687622 0.0013000798842907613 -0.014312102997598438
v -0.0018557555364850232 -0.0013000325582005617 -0.014357737269480305
v -0.0019336693013246443 -0.0012999534032285404 -0.014280992232570951
v -0.0020450042265422737 0.0012999617478792053 -0.014194606501539139
v -0.0019336693013246443 -0.0012999534032285404 -0.014280992232570951
v -0.002041786767664477 -0.0012998917720229153 -0.014196996409489567
v -0.0020450042265422737 0.0012999617478792053 -0.014194606501539139
v -0.0018990198083687622 0.0013000798842907613 -0.014312102997598438
v -0.0019336693013246443 -0.0012999534032285404 -0.014280992232570951
v -0.002178090675810928 0.0012999127528588728 -0.014121428206742555
v -0.0020450042265422737 0.0012999617478792053 -0.014194606501539139
v -0.0021616600586517316 -0.0013001865766099768 -0.014129378989896076
v -0.002178090675810928 0.0012999127528588728 -0.014121428206742555
v -0.0021616600586517316 -0.0013001865766099768 -0.014129378989896076
v -0.002242582189265346 -0.0012999909541565324 -0.01409529562188316
v -0.002272510636502911 0.0013000074050392718 -0.014084168149430806
v -0.002178090675810928 0.0012999127528588728 -0.014121428206742555
v -0.002242582189265346 -0.0012999909541565324 -0.01409529562188316
v -0.002272510636502911 0.0013000074050392718 -0.014084168149430806
v -0.002242582189265346 -0.0012999909541565324 -0.01409529562188316
v -0.0023181346563853895 -0.0012998902223020775 -0.014069514942863234
v -0.0023181346563853895 -0.0012998902223020775 -0.014069514942863234
v -0.002405363435552948 0.0013001654765647241 -0.014046806048962353
v -0.002272510636502911 0.0013000074050392718 -0.014084168149430806
v -0.002405363435552948 0.0013001654765647241 -0.014046806048962353
v -0.0023181346563853895 -0.0012998902223020775 -0.014069514942863234
v -0.002453950044840058 -0.00129995316480995 -0.014039464663725961
v -0.002453950044840058 -0.00129995316480995 -0.014039464663725961
v -0.0025660580423371433 0.0012998593470946174 -0.014030536364351694
v -0.002405363435552948 0.0013001654765647241 -0.014046806048962353
v -0.0025660580423371433 0.0012998593470946174 -0.014030536364351694
v -0.002453950044840058 -0.00129995316480995 -0.014039464663725961
v -0.002639019376216439 -0.001300220312840522 -0.01402997941852446
v -0.002639019376216439 -0.001300220312840522 -0.01402997941852446
v -0.0027048846575888903 0.0013004837653829426 -0.0140348841657667
v -0.0025660580423371433 0.0012998593470946174 -0.014030536364351694
v -0.0028737489157926173 -0.001299982847924458 -0.014068445873903764
v -0.0028666016032888315 0.0012994506976306275 -0.014066907597158337
v -0.0027048846575888903 0.0013004837653829426 -0.0140348841657667
v -0.0027048846575888903 0.0013004837653829426 -0.0140348841657667
v -0.002758338105562363 -0.0012999569795073967 -0.01404351205771703
v -0.0028737489157926173 -0.001299982847924458 -0.014068445873903764
v -0.0028737489157926173 -0.001299982847924458 -0.014068445873903764
v -0.003007347965030687 0.0012999550721586733 -0.01411782522500404
v -0.0028666016032888315 0.0012994506976306275 -0.014066907597158337
v -0.003151231915422547 0.0013003469131120382 -0.014197231013382546
v -0.0030225497727748287 -0.001300230922467796 -0.01412486238811905
v -0.00312761798455241 -0.0013000037095511202 -0.014182729441038485
v -0.003151231915422547 0.0013003469131120382 -0.014197231013382546
v -0.003007347965030687 0.0012999550721586733 -0.01411782522500404
v -0.0030225497727748287 -0.001300230922467796 -0.01412486238811905
v -0.0032713617448130996 0.0013002030274927162 -0.014291691505234901
v -0.003151231915422547 0.0013003469131120382 -0.014197231013382546
v -0.0032341429339174934 -0.0013000507972227293 -0.014258722982550816
v -0.0032341429339174934 -0.0013000507972227293 -0.014258722982550816
v -0.003310146727429213 -0.0012999315879275164 -0.014329973901462397
v -0.0032713617448130996 0.0013002030274927162 -0.014291691505234901
v -0.0033537971182201467 0.0013002231738636072 -0.01437670871355767
v -0.0032713617448130996 0.0013002030274927162 -0.014291691505234901
v -0.003310146727429213 -0.0012999315879275164 -0.014329973901462397
v -0.0033537971182201467 0.0013002231738636072 -0.01437670871355767
v -0.003310146727429213 -0.0012999315879275164 -0.014329973901462397
v -0.0033789087946753385 -0.0013002153060501231 -0.014405844418982069
v -0.0033789087946753385 -0.0013002153060501231 -0.014405844418982069
v -0.003414822740625544 0.0012999592444840058 -0.014456255645741708
v -0.0033537971182201467 0.0013002231738636072 -0.01437670871355767
v -0.0033789087946753385 -0.0013002153060501231 -0.014405844418982069
v -0.003462459251829807 -0.0012999432704384473 -0.014529000972378078
v -0.003414822740625544 0.0012999592444840058 -0.014456255645741708
v -0.0034710933426634885 0.001299993457551732 -0.01454445526540948
v -0.003414822740625544 0.0012999592444840058 -0.014456255645741708
v -0.003462459251829807 -0.0012999432704384473 -0.014529000972378078
v -0.003532761741588674 -0.0013002436778623838 -0.0146742579754322
v -0.0035395070803490017 0.0013000709435936203 -0.014692379695653287
v -0.0034710933426634885 0.001299993457551732 -0.01454445526540948
v -0.003572020223525373 -0.0012999768874596973 -0.014812587487922909
v -0.00357870905707977 0.0013000369689444846 -0.014840955485486137
v -0.0035395070803490017 0.0013000709435936203 -0.014692379695653287
v -0.00357870905707977 0.0013000369689444846 -0.014840955485486137
v -0.003572020223525373 -0.0012999768874596973 -0.014812587487922909
v -0.0035880007063858457 -0.0012999959609469314 -0.014898727170969402
v -0.003594586781527769 0.0012996096036211463 -0.014958657021533203
v -0.00357870905707977 0.0013000369689444846 -0.014840955485486137
v -0.0035880007063858457 -0.0012999959609469314 -0.014898727170969402
v -0.0035880007063858457 -0.0012999959609469314 -0.014898727170969402
v -0.0035963675299796596 -0.0012994983813487127 -0.014998719927793999
v -0.003594586781527769 0.0012996096036211463 -0.014958657021533203
v -0.0035963675299796596 -0.0012994983813487127 -0.014998719927793999
v -0.0035947775164001097 0.001299003066727103 -0.01510092711648647
v -0.003594586781527769 0.0012996096036211463 -0.014958657021533203
v -0.003593520812009975 -0.0013000088355508144 -0.015104386093396368
v -0.0035812315257664753 -0.0012993780991698428 -0.015207224614516287
v -0.0035947775164001097 0.001299003066727103 -0.01510092711648647
v -0.0035771333486156456 0.001300051154850615 -0.015228253134191846
v -0.0035947775164001097 0.001299003066727103 -0.01510092711648647
v -0.0035812315257664753 -0.0012993780991698428 -0.015207224614516287
v -0.0035436820282859485 -0.0013001951596792322 -0.01535436893913222
v -0.003545379807068371 0.0012995390317183803 -0.015347948803329233
v -0.0035771333486156456 0.001300051154850615 -0.015228253134191846
v -0.0035771333486156456 0.001300051154850615 -0.015228253134191846
v -0.0035812315257664753 -0.0012993780991698428 -0.015207224614516287
v -0.0035436820282859485 -0.0013001951596792322 -0.01535436893913222
v -0.0035436820282859485 -0.0013001951596792322 -0.01535436893913222
v -0.0034992930167018757 0.001300043883083607 -0.015461348314330655
v -0.003545379807068371 0.0012995390317183803 -0.015347948803329233
v -0.0034992930167018757 0.001300043883083607 -0.015461348314330655
v -0.0035436820282859485 -0.0013001951596792322 -0.01535436893913222
v -0.003487788127620877 -0.0013002731225583014 -0.015484983226036749
v -0.003487788127620877 -0.0013002731225583014 -0.015484983226036749
v -0.0034595951293030216 0.001299853029001971 -0.015535525106183942
v -0.0034992930167018757 0.001300043883083607 -0.015461348314330655
v -0.003487788127620877 -0.0013002731225583014 -0.015484983226036749
v -0.0034368957721457585 -0.0012999802253199633 -0.0155726554637825
v -0.0034595951293030216 0.001299853029001971 -0.015535525106183942
v -0.003424361391591301 0.001300118865730296 -0.01559163549092912
v -0.0034595951293030216 0.001299853029001971 -0.015535525106183942
v -0.0034368957721457585 -0.0012999802253199633 -0.0155726554637825
v -0.0033621298479555297 -0.0012982593199342696 -0.015675839215021355
v -0.0033479043643391817 0.0012996388098984735 -0.015692064076937014
v -0.003424361391591301 0.001300118865730296 -0.01559163549092912
v -0.003253474866903582 0.001299940290206067 -0.01578467157950458
v -0.0033479043643391817 0.0012996388098984735 -0.015692064076937014
v -0.0032521318549837133 -0.001299888195744059 -0.015786157404160114
v -0.0033479043643391817 0.0012996388098984735 -0.015692064076937014
v -0.0033621298479555297 -0.0012982593199342696 -0.015675839215021355
v -0.0032521318549837133 -0.001299888195744059 -0.015786157404160114
v -0.0031438664499085214 0.0013001725099131417 -0.01586882189783256
v -0.0032521318549837133 -0.001299888195744059 -0.015786157404160114
v -0.003134382396799972 -0.0012991506478345766 -0.015874951162955227
v -0.003022209549446291 0.001299638571479883 -0.015935731691049667
v -0.003134382396799972 -0.0012991506478345766 -0.015874951162955227
v -0.0029939171305762287 -0.0013000077626671575 -0.015948897165612982
v -0.003022209549446291 0.001299638571479883 -0.015935731691049667
v -0.0031438664499085214 0.0013001725099131417 -0.01586882189783256
v -0.003134382396799972 -0.0012991506478345766 -0.015874951162955227
v -0.002932376762434102 0.0013000000140629686 -0.01597203616665099
v -0.003022209549446291 0.001299638571479883 -0.015935731691049667
v -0.0029939171305762287 -0.0013000077626671575 -0.015948897165612982
v -0.0029939171305762287 -0.0013000077626671575 -0.015948897165612982
v -0.002883311647036007 -0.001299300374709364 -0.01598880939132463
v -0.002932376762434102 0.0013000000140629686 -0.01597203616665099
v -0.0031438664499085214 0.0013001725099131417 -0.01586882189783256
v -0.003253474866903582 0.001299940290206067 -0.01578467157950458
v -0.0032521318549837133 -0.001299888195744059 -0.015786157404160114
v -0.0034368957721457585 -0.0012999802253199633 -0.0155726554637825
v -0.0033621298479555297 -0.0012982593199342696 -0.015675839215021355
v -0.003424361391591301 0.001300118865730296 -0.01559163549092912
v -0.0035963675299796596 -0.0012994983813487127 -0.014998719927793999
v -0.003593520812009975 -0.0013000088355508144 -0.015104386093396368
v -0.0035947775164001097 0.001299003066727103 -0.01510092711648647
v -0.003532761741588674 -0.0013002436778623838 -0.0146742579754322
v -0.003572020223525373 -0.0012999768874596973 -0.014812587487922909
v -0.0035395070803490017 0.0013000709435936203 -0.014692379695653287
v -0.003462459251829807 -0.0012999432704384473 -0.014529000972378078
v -0.003532761741588674 -0.0013002436778623838 -0.0146742579754322
v -0.0034710933426634885 0.001299993457551732 -0.01454445526540948
v -0.00312761798455241 -0.0013000037095511202 -0.014182729441038485
v -0.0032341429339174934 -0.0013000507972227293 -0.014258722982550816
v -0.003151231915422547 0.0013003469131120382 -0.014197231013382546
v -0.0028737489157926173 -0.001299982847924458 -0.014068445873903764
v -0.0030225497727748287 -0.001300230922467796 -0.01412486238811905
v -0.003007347965030687 0.0012999550721586733 -0.01411782522500404
v -0.002639019376216439 -0.001300220312840522 -0.01402997941852446
v -0.002758338105562363 -0.0012999569795073967 -0.01404351205771703
v -0.0027048846575888903 0.0013004837653829426 -0.0140348841657667
v -0.002041786767664477 -0.0012998917720229153 -0.014196996409489567
v -0.0021616600586517316 -0.0013001865766099768 -0.014129378989896076
v -0.0020450042265422737 0.0012999617478792053 -0.014194606501539139
v -0.0017572015166443518 -0.0013002027890741258 -0.014483716698986956
v -0.0018557555364850232 -0.0013000325582005617 -0.014357737269480305
v -0.0017717569715898491 0.0012996830365469975 -0.014461171837076289
v -0.001629700261275013 0.0012998822352792982 -0.014771071181934877
v -0.001598064140883523 0.0013002335450722907 -0.014944857353519355
v -0.0016243841227549928 -0.0013002882621387934 -0.014792500244842351
v -0.0015984127088627255 -0.0013001843116333678 -0.014948047394259253
v -0.0016243841227549928 -0.0013002882621387934 -0.014792500244842351
v -0.001598064140883523 0.0013002335450722907 -0.014944857353519355
v -0.0015975735946337217 -0.001300333323252384 -0.015099451782248915
v -0.0015984127088627255 -0.0013001843116333678 -0.014948047394259253
v -0.001598064140883523 0.0013002335450722907 -0.014944857353519355
v -0.0016433482950653495 -0.0012988265177608926 -0.015337135089741879
v -0.0016134283116877447 -0.0013000753543375432 -0.015215224988736616
v -0.0016353066744288765 0.0012999750993202691 -0.015311009180603016
v -0.0023942803089584126 -0.0013000040671790059 -0.016009640500407315
v -0.0022891093387683577 -0.0013002956531150967 -0.015982801242845898
v -0.002285545934515853 0.0013000357768515325 -0.015982011600474407
v -0.002699972042533166 0.0013000466248973969 -0.01602518539250308
v -0.0027633503795888854 0.001299904527417503 -0.01601685981532541
v -0.0026804682097433803 -0.0013004216573401367 -0.016027169035175422
v -0.002786506308346814 -0.0012999591252747106 -0.016011673734146466
v -0.0026804682097433803 -0.0013004216573401367 -0.016027169035175422
v -0.0027633503795888854 0.001299904527417503 -0.01601685981532541
v -0.0023181346563853895 -0.0012998902223020775 -0.014069514942863234
v -0.0021629589631323716 -0.001500000071246177 -0.013910804455588562
v -0.002273734677546157 -0.001500000071246177 -0.01387441605664341
v -0.0024020048328696193 -0.001500000071246177 -0.01384560460050199
v -0.002453950044840058 -0.00129995316480995 -0.014039464663725961
v -0.0023181346563853895 -0.0012998902223020775 -0.014069514942863234
v -0.0023181346563853895 -0.0012998902223020775 -0.014069514942863234
v -0.002273734677546157 -0.001500000071246177 -0.01387441605664341
v -0.0024020048328696193 -0.001500000071246177 -0.01384560460050199
v -0.002453950044840058 -0.00129995316480995 -0.014039464663725961
v -0.0024020048328696193 -0.001500000071246177 -0.01384560460050199
v -0.002647236234516875 -0.001500000071246177 -0.013827490509675796
v -0.002647236234516875 -0.001500000071246177 -0.013827490509675796
v -0.002639019376216439 -0.001300220312840522 -0.01402997941852446
v -0.002453950044840058 -0.00129995316480995 -0.014039464663725961
v -0.0029897252549193616 -0.001500000071246177 -0.013892222110650772
v -0.0028737489157926173 -0.001299982847924458 -0.014068445873903764
v -0.002758338105562363 -0.0012999569795073967 -0.01404351205771703
v -0.002758338105562363 -0.0012999569795073967 -0.01404351205771703
v -0.002647236234516875 -0.001500000071246177 -0.013827490509675796
v -0.0029897252549193616 -0.001500000071246177 -0.013892222110650772
v -0.0029897252549193616 -0.001500000071246177 -0.013892222110650772
v -0.003197144660218031 -0.001500000071246177 -0.013991385170780687
v -0.0030225497727748287 -0.001300230922467796 -0.01412486238811905
v -0.003197144660218031 -0.001500000071246177 -0.013991385170780687
v -0.00312761798455241 -0.0013000037095511202 -0.014182729441038485
v -0.0030225497727748287 -0.001300230922467796 -0.01412486238811905
v -0.00312761798455241 -0.0013000037095511202 -0.014182729441038485
v -0.003197144660218031 -0.001500000071246177 -0.013991385170780687
v -0.003360244195323852 -0.001500000071246177 -0.014101293279943913
v -0.003310146727429213 -0.0012999315879275164 -0.014329973901462397
v -0.0032341429339174934 -0.0013000507972227293 -0.014258722982550816
v -0.003360244195323852 -0.001500000071246177 -0.014101293279943913
v -0.003360244195323852 -0.001500000071246177 -0.014101293279943913
v -0.0035356935749951404 -0.001500000071246177 -0.014281166754979143
v -0.003310146727429213 -0.0012999315879275164 -0.014329973901462397
v -0.0035356935749951404 -0.001500000071246177 -0.014281166754979143
v -0.0033789087946753385 -0.0013002153060501231 -0.014405844418982069
v -0.003310146727429213 -0.0012999315879275164 -0.014329973901462397
v -0.0035356935749951404 -0.001500000071246177 -0.014281166754979143
v -0.003674566920290611 -0.0015000001904554722 -0.01449763176159857
v -0.003462459251829807 -0.0012999432704384473 -0.014529000972378078
v -0.003462459251829807 -0.0012999432704384473 -0.014529000972378078
v -0.0033789087946753385 -0.0013002153060501231 -0.014405844418982069
v -0.0035356935749951404 -0.001500000071246177 -0.014281166754979143
v -0.003674566920290611 -0.0015000001904554722 -0.01449763176159857
v -0.003756227910115955 -0.0014999999520368817 -0.014716654522856084
v -0.003532761741588674 -0.0013002436778623838 -0.0146742579754322
v -0.0037974731341666726 -0.0014999999520368817 -0.014953390831707877
v -0.0035880007063858457 -0.0012999959609469314 -0.014898727170969402
v -0.003572020223525373 -0.0012999768874596973 -0.014812587487922909
v -0.003572020223525373 -0.0012999768874596973 -0.014812587487922909
v -0.003756227910115955 -0.0014999999520368817 -0.014716654522856084
v -0.0037974731341666726 -0.0014999999520368817 -0.014953390831707877
v -0.003593520812009975 -0.0013000088355508144 -0.015104386093396368
v -0.0037974731341666726 -0.0014999999520368817 -0.014953390831707877
v -0.003776988447295875 -0.0014999991175718153 -0.015268664131594663
v -0.003776988447295875 -0.0014999991175718153 -0.015268664131594663
v -0.0035436820282859485 -0.0013001951596792322 -0.01535436893913222
v -0.0035812315257664753 -0.0012993780991698428 -0.015207224614516287
v -0.003776988447295875 -0.0014999991175718153 -0.015268664131594663
v -0.0036036464495453604 -0.0014999985215253392 -0.01569863966166096
v -0.0035436820282859485 -0.0013001951596792322 -0.01535436893913222
v -0.0036036464495453604 -0.0014999985215253392 -0.01569863966166096
v -0.003487788127620877 -0.0013002731225583014 -0.015484983226036749
v -0.0035436820282859485 -0.0013001951596792322 -0.01535436893913222
v -0.0036036464495453604 -0.0014999985215253392 -0.01569863966166096
v -0.0032502721899783918 -0.0014999987599439296 -0.01605049781741141
v -0.0033621298479555297 -0.0012982593199342696 -0.015675839215021355
v -0.0032502721899783918 -0.0014999987599439296 -0.01605049781741141
v -0.0032521318549837133 -0.001299888195744059 -0.015786157404160114
v -0.0033621298479555297 -0.0012982593199342696 -0.015675839215021355
v -0.0032502721899783918 -0.0014999987599439296 -0.01605049781741141
v -0.003134382396799972 -0.0012991506478345766 -0.015874951162955227
v -0.0032521318549837133 -0.001299888195744059 -0.015786157404160114
v -0.0032502721899783918 -0.0014999987599439296 -0.01605049781741141
v -0.0029939171305762287 -0.0013000077626671575 -0.015948897165612982
v -0.003134382396799972 -0.0012991506478345766 -0.015874951162955227
v -0.002883311647036007 -0.001299300374709364 -0.01598880939132463
v -0.0032502721899783918 -0.0014999987599439296 -0.01605049781741141
v -0.0028497497004803525 -0.0014999997136182913 -0.016206686789673738
v -0.0028497497004803525 -0.0014999997136182913 -0.016206686789673738
v -0.002475250600127293 -0.0014999991175718153 -0.01623284035536909
v -0.0026804682097433803 -0.0013004216573401367 -0.016027169035175422
v -0.0022891093387683577 -0.0013002956531150967 -0.015982801242845898
v -0.002475250600127293 -0.0014999991175718153 -0.01623284035536909
v -0.0020237873561802784 -0.0014999987599439296 -0.01609616737524466
v -0.002021191454567722 -0.0012994512936771035 -0.015849313535089556
v -0.0021514400073545377 -0.001300221385724179 -0.015927293580297316
v -0.0020237873561802784 -0.0014999987599439296 -0.01609616737524466
v -0.0020237873561802784 -0.0014999987599439296 -0.01609616737524466
v -0.0019380432095753015 -0.0012999797484827824 -0.015783330713352025
v -0.002021191454567722 -0.0012994512936771035 -0.015849313535089556
v -0.0016608826710889225 -0.0014999998328275865 -0.015787978922190967
v -0.0018534170077408314 -0.0013002041003763731 -0.01570154550744107
v -0.0019380432095753015 -0.0012999797484827824 -0.015783330713352025
v -0.0019380432095753015 -0.0012999797484827824 -0.015783330713352025
v -0.0020237873561802784 -0.0014999987599439296 -0.01609616737524466
v -0.0016608826710889225 -0.0014999998328275865 -0.015787978922190967
v -0.0016608826710889225 -0.0014999998328275865 -0.015787978922190967
v -0.0017631497028475908 -0.0013001473567518518 -0.015584455276659855
v -0.0018534170077408314 -0.0013002041003763731 -0.01570154550744107
v -0.0016608826710889225 -0.0014999998328275865 -0.015787978922190967
v -0.0015310449135334104 -0.0014999999520368817 -0.015585709358445495
v -0.0017631497028475908 -0.0013001473567518518 -0.015584455276659855
v -0.0015310449135334104 -0.0014999999520368817 -0.015585709358445495
v -0.0016912163107209162 -0.001300022663829059 -0.015456013459951286
v -0.0017212366683250903 -0.0012999187133236334 -0.015514512798972532
v -0.0016433482950653495 -0.0012988265177608926 -0.015337135089741879
v -0.0015310449135334104 -0.0014999999520368817 -0.015585709358445495
v -0.0014151724057027968 -0.0014999988791532248 -0.015287029038777985
v -0.0016433482950653495 -0.0012988265177608926 -0.015337135089741879
v -0.0016912163107209162 -0.001300022663829059 -0.015456013459951286
v -0.0015310449135334104 -0.0014999999520368817 -0.015585709358445495
v -0.0015975735946337217 -0.001300333323252384 -0.015099451782248915
v -0.0016134283116877447 -0.0013000753543375432 -0.015215224988736616
v -0.0014151724057027968 -0.0014999988791532248 -0.015287029038777985
v -0.0015984127088627255 -0.0013001843116333678 -0.014948047394259253
v -0.0014151724057027968 -0.0014999988791532248 -0.015287029038777985
v -0.0014138426260146967 -0.0014999993559904057 -0.014782837616209573
v -0.0016703875858241342 -0.0012996212861320772 -0.01465014908756834
v -0.0014138426260146967 -0.0014999993559904057 -0.014782837616209573
v -0.0015408652560637555 -0.001500000071246177 -0.014456124038679793
v -0.0015408652560637555 -0.001500000071246177 -0.014456124038679793
v -0.0017572015166443518 -0.0013002027890741258 -0.014483716698986956
v -0.0016703875858241342 -0.0012996212861320772 -0.01465014908756834
v -0.0017572015166443518 -0.0013002027890741258 -0.014483716698986956
v -0.0015408652560637555 -0.001500000071246177 -0.014456124038679793
v -0.0016164460949960597 -0.001500000071246177 -0.014331342424171441
v -0.0016164460949960597 -0.001500000071246177 -0.014331342424171441
v -0.0018222576053208979 -0.001500000071246177 -0.014112633421778927
v -0.0019336693013246443 -0.0012999534032285404 -0.014280992232570951
v -0.0018222576053208979 -0.001500000071246177 -0.014112633421778927
v -0.002041786767664477 -0.0012998917720229153 -0.014196996409489567
v -0.0019336693013246443 -0.0012999534032285404 -0.014280992232570951
v -0.0018222576053208979 -0.001500000071246177 -0.014112633421778927
v -0.001985375260239591 -0.001500000071246177 -0.0139952446909225
v -0.002041786767664477 -0.0012998917720229153 -0.014196996409489567
v -0.001985375260239591 -0.001500000071246177 -0.0139952446909225
v -0.0021629589631323716 -0.001500000071246177 -0.013910804455588562
v -0.0021616600586517316 -0.0013001865766099768 -0.014129378989896076
v -0.0021629589631323716 -0.001500000071246177 -0.013910804455588562
v -0.002242582189265346 -0.0012999909541565324 -0.01409529562188316
v -0.0021616600586517316 -0.0013001865766099768 -0.014129378989896076
v -0.0021629589631323716 -0.001500000071246177 -0.013910804455588562
v -0.0023181346563853895 -0.0012998902223020775 -0.014069514942863234
v -0.002242582189265346 -0.0012999909541565324 -0.01409529562188316
v -0.0021616600586517316 -0.0013001865766099768 -0.014129378989896076
v -0.002041786767664477 -0.0012998917720229153 -0.014196996409489567
v -0.001985375260239591 -0.001500000071246177 -0.0139952446909225
v -0.0019336693013246443 -0.0012999534032285404 -0.014280992232570951
v -0.0018557555364850232 -0.0013000325582005617 -0.014357737269480305
v -0.0016164460949960597 -0.001500000071246177 -0.014331342424171441
v -0.0018557555364850232 -0.0013000325582005617 -0.014357737269480305
v -0.0017572015166443518 -0.0013002027890741258 -0.014483716698986956
v -0.0016164460949960597 -0.001500000071246177 -0.014331342424171441
v -0.0016703875858241342 -0.0012996212861320772 -0.01465014908756834
v -0.0016243841227549928 -0.0013002882621387934 -0.014792500244842351
v -0.0014138426260146967 -0.0014999993559904057 -0.014782837616209573
v -0.0016243841227549928 -0.0013002882621387934 -0.014792500244842351
v -0.0015984127088627255 -0.0013001843116333678 -0.014948047394259253
v -0.0014138426260146967 -0.0014999993559904057 -0.014782837616209573
v -0.0015984127088627255 -0.0013001843116333678 -0.014948047394259253
v -0.0015975735946337217 -0.001300333323252384 -0.015099451782248915
v -0.0014151724057027968 -0.0014999988791532248 -0.015287029038777985
v -0.0016134283116877447 -0.0013000753543375432 -0.015215224988736616
v -0.0016433482950653495 -0.0012988265177608926 -0.015337135089741879
v -0.0014151724057027968 -0.0014999988791532248 -0.015287029038777985
v -0.0017212366683250903 -0.0012999187133236334 -0.015514512798972532
v -0.0017631497028475908 -0.0013001473567518518 -0.015584455276659855
v -0.0015310449135334104 -0.0014999999520368817 -0.015585709358445495
v -0.0021514400073545377 -0.001300221385724179 -0.015927293580297316
v -0.0022891093387683577 -0.0013002956531150967 -0.015982801242845898
v -0.0020237873561802784 -0.0014999987599439296 -0.01609616737524466
v -0.0022891093387683577 -0.0013002956531150967 -0.015982801242845898
v -0.0023942803089584126 -0.0013000040671790059 -0.016009640500407315
v -0.002475250600127293 -0.0014999991175718153 -0.01623284035536909
v -0.0023942803089584126 -0.0013000040671790059 -0.016009640500407315
v -0.002534940124751944 -0.0012995929143198165 -0.016030461119072022
v -0.002475250600127293 -0.0014999991175718153 -0.01623284035536909
v -0.002534940124751944 -0.0012995929143198165 -0.016030461119072022
v -0.0026804682097433803 -0.0013004216573401367 -0.016027169035175422
v -0.002475250600127293 -0.0014999991175718153 -0.01623284035536909
v -0.0026804682097433803 -0.0013004216573401367 -0.016027169035175422
v -0.002786506308346814 -0.0012999591252747106 -0.016011673734146466
v -0.0028497497004803525 -0.0014999997136182913 -0.016206686789673738
v -0.002786506308346814 -0.0012999591252747106 -0.016011673734146466
v -0.002883311647036007 -0.001299300374709364 -0.01598880939132463
v -0.0028497497004803525 -0.0014999997136182913 -0.016206686789673738
v -0.002883311647036007 -0.001299300374709364 -0.01598880939132463
v -0.0029939171305762287 -0.0013000077626671575 -0.015948897165612982
v -0.0032502721899783918 -0.0014999987599439296 -0.01605049781741141
v -0.0033621298479555297 -0.0012982593199342696 -0.015675839215021355
v -0.0034368957721457585 -0.0012999802253199633 -0.0155726554637825
v -0.0036036464495453604 -0.0014999985215253392 -0.01569863966166096
v -0.0034368957721457585 -0.0012999802253199633 -0.0155726554637825
v -0.003487788127620877 -0.0013002731225583014 -0.015484983226036749
v -0.0036036464495453604 -0.0014999985215253392 -0.01569863966166096
v -0.0035812315257664753 -0.0012993780991698428 -0.015207224614516287
v -0.003593520812009975 -0.0013000088355508144 -0.015104386093396368
v -0.003776988447295875 -0.0014999991175718153 -0.015268664131594663
v -0.003593520812009975 -0.0013000088355508144 -0.015104386093396368
v -0.0035963675299796596 -0.0012994983813487127 -0.014998719927793999
v -0.0037974731341666726 -0.0014999999520368817 -0.014953390831707877
v -0.0035963675299796596 -0.0012994983813487127 -0.014998719927793999
v -0.0035880007063858457 -0.0012999959609469314 -0.014898727170969402
v -0.0037974731341666726 -0.0014999999520368817 -0.014953390831707877
v -0.003572020223525373 -0.0012999768874596973 -0.014812587487922909
v -0.003532761741588674 -0.0013002436778623838 -0.0146742579754322
v -0.003756227910115955 -0.0014999999520368817 -0.014716654522856084
v -0.003532761741588674 -0.0013002436778623838 -0.0146742579754322
v -0.003462459251829807 -0.0012999432704384473 -0.014529000972378078
v -0.003674566920290611 -0.0015000001904554722 -0.01449763176159857
v -0.0032341429339174934 -0.0013000507972227293 -0.014258722982550816
v -0.00312761798455241 -0.0013000037095511202 -0.014182729441038485
v -0.003360244195323852 -0.001500000071246177 -0.014101293279943913
v -0.0030225497727748287 -0.001300230922467796 -0.01412486238811905
v -0.0028737489157926173 -0.001299982847924458 -0.014068445873903764
v -0.0029897252549193616 -0.001500000071246177 -0.013892222110650772
v -0.002758338105562363 -0.0012999569795073967 -0.01404351205771703
v -0.002639019376216439 -0.001300220312840522 -0.01402997941852446
v -0.002647236234516875 -0.001500000071246177 -0.013827490509675796
usemtl Gray
f 1 2 3
f 4 5 6
f 7 8 9
f 10 11 12
f 13 14 15
f 16 17 18
f 19 20 21
f 22 23 24
f 25 26 27
f 28 29 30
f 31 32 33
f 34 35 36
f 37 38 39
f 40 41 42
f 43 44 45
f 46 47 48
f 49 50 51
f 52 53 54
f 55 56 57
f 58 59 60
f 61 62 63
f 64 65 66
f 67 68 69
f 70 71 72
f 73 74 75
f 76 77 78
f 79 80 81
f 82 83 84
f 85 86 87
f 88 89 90
f 91 92 93
f 94 95 96
f 97 98 99
f 100 101 102
f 103 104 105
f 106 107 108
f 109 110 111
f 112 113 114
f 115 116 117
f 118 119 120
f 121 122 123
f 124 125 126
f 127 128 129
f 130 131 132
f 133 134 135
f 136 137 138
f 139 140 141
f 142 143 144
f 145 146 147
f 148 149 150
f 151 152 153
f 154 155 156
f 157 158 159
f 160 161 162
f 163 164 165
f 166 167 168
f 169 170 171
f 172 173 174
f 175 176 177
f 178 179 180
f 181 182 183
f 184 185 186
f 187 188 189
f 190 191 192
f 193 194 195
f 196 197 198
f 199 200 201
f 202 203 204
f 205 206 207
f 208 209 210
f 211 212 213
f 214 215 216
f 217 218 219
f 220 221 222
f 223 224 225
f 226 227 228
f 229 230 231
f 232 233 234
f 235 236 237
f 238 239 240
f 241 242 243
f 244 245 246
f 247 248 249
f 250 251 252
f 253 254 255
f 256 257 258
f 259 260 261
f 262 263 264
f 265 266 267
f 268 269 270
f 271 272 273
f 274 275 276
f 277 278 279
f 280 281 282
f 283 284 285
f 286 287 288
f 289 290 291
f 292 293 294
f 295 296 297
f 298 299 300
f 301 302 303
f 304 305 306
f 307 308 309
f 310 311 312
f 313 314 315
f 316 317 318
f 319 320 321
f 322 323 324
f 325 326 327
f 328 329 330
f 331 332 333
f 334 335 336
f 337 338 339
f 340 341 342
f 343 344 345
f 346 347 348
f 349 350 351
f 352 353 354
f 355 356 357
f 358 359 360
f 361 362 363
f 364 365 366
f 367 368 369
f 370 371 372
f 373 374 375
f 376 377 378
f 379 380 381
f 382 383 384
f 385 386 387
f 388 389 390
f 391 392 393
f 394 395 396
f 397 398 399
f 400 401 402
f 403 404 405
f 406 407 408
f 409 410 411
f 412 413 414
f 415 416 417
f 418 419 420
f 421 422 423
f 424 425 426
f 427 428 429
f 430 431 432
f 433 434 435
f 436 437 438
f 439 440 441
f 442 443 444
f 445 446 447
f 448 449 450
f 451 452 453
f 454 455 456
f 457 458 459
f 460 461 462
f 463 464 465
f 466 467 468
f 469 470 471
f 472 473 474
f 475 476 477
f 478 479 480
f 481 482 483
f 484 485 486
f 487 488 489
f 490 491 492
f 493 494 495
f 496 497 498
f 499 500 501
f 502 503 504
f 505 506 507
f 508 509 510
f 511 512 513
f 514 515 516
f 517 518 519
f 520 521 522
f 523 524 525
f 526 527 528
f 529 530 531
f 532 533 534
f 535 536 537
f 538 539 540
f 541 542 543
f 544 545 546
f 547 548 549
f 550 551 552
f 553 554 555
f 556 557 558
f 559 560 561
f 562 563 564
f 565 566 567
f 568 569 570
f 571 572 573
f 574 575 576
f 577 578 579
f 580 581 582
f 583 584 585
f 586 587 588
f 589 590 591
f 592 593 594
f 595 596 597
f 598 599 600
f 601 602 603
f 604 605 606
f 607 608 609
f 610 611 612
f 613 614 615
f 616 617 618
f 619 620 621
f 622 623 624
f 625 626 627
f 628 629 630
f 631 632 633
f 634 635 636
f 637 638 639
f 640 641 642
f 643 644 645
f 646 647 648
f 649 650 651
f 652 653 654
f 655 656 657
f 658 659 660
f 661 662 663
f 664 665 666
f 667 668 669
f 670 671 672
f 673 674 675
f 676 677 678
f 679 680 681
f 682 683 684
f 685 686 687
f 688 689 690
f 691 692 693
f 694 695 696
f 697 698 699
f 700 701 702
f 703 704 705
f 706 707 708
f 709 710 711
f 712 713 714
f 715 716 717
f 718 719 720
f 721 722 723
f 724 725 726
f 727 728 729
f 730 731 732
f 733 734 735
f 736 737 738
f 739 740 741
f 742 743 744
f 745 746 747
f 748 749 750
f 751 752 753
f 754 755 756
f 757 758 759
f 760 761 762
f 763 764 765
f 766 767 768
f 769 770 771
f 772 773 774
f 775 776 777
f 778 779 780
f 781 782 783
f 784 785 786
f 787 788 789
f 790 791 792
f 793 794 795
f 796 797 798
f 799 800 801
f 802 803 804
f 805 806 807
f 808 809 810
f 811 812 813
f 814 815 816
f 817 818 819
f 820 821 822
f 823 824 825
f 826 827 828
f 829 830 831
f 832 833 834
f 835 836 837
f 838 839 840
f 841 842 843
f 844 845 846
f 847 848 849
f 850 851 852
f 853 854 855
f 856 857 858
f 859 860 861
f 862 863 864
f 865 866 867
f 868 869 870
f 871 872 873
f 874 875 876
f 877 878 879
f 880 881 882
f 883 884 885
f 886 887 888
f 889 890 891
f 892 893 894
f 895 896 897
f 898 899 900
f 901 902 903
f 904 905 906
f 907 908 909
f 910 911 912
f 913 914 915
f 916 917 918
f 919 920 921
f 922 923 924
f 925 926 927
f 928 929 930
f 931 932 933
f 934 935 936
f 937 938 939
f 940 941 942
f 943 944 945
f 946 947 948
f 949 950 951
f 952 953 954
f 955 956 957
f 958 959 960
f 961 962 963
f 964 965 966
f 967 968 969
f 970 971 972
f 973 974 975
f 976 977 978
f 979 980 981
f 982 983 984
f 985 986 987
f 988 989 990
f 991 992 993
f 994 995 996
f 997 998 999
f 1000 1001 1002
f 1003 1004 1005
f 1006 1007 1008
f 1009 1010 1011
f 1012 1013 1014
f 1015 1016 1017
f 1018 1019 1020
f 1021 1022 1023
f 1024 1025 1026
f 1027 1028 1029
f 1030 1031 1032
f 1033 1034 1035
f 1036 1037 1038
f 1039 1040 1041
f 1042 1043 1044
f 1045 1046 1047
f 1048 1049 1050
f 1051 1052 1053
f 1054 1055 1056
f 1057 1058 1059
f 1060 1061 1062
f 1063 1064 1065
f 1066 1067 1068
f 1069 1070 1071
f 1072 1073 1074
f 1075 1076 1077
f 1078 1079 1080
f 1081 1082 1083
f 1084 1085 1086
f 1087 1088 1089
f 1090 1091 1092
f 1093 1094 1095
f 1096 1097 1098
f 1099 1100 1101
f 1102 1103 1104
f 1105 1106 1107
f 1108 1109 1110
f 1111 1112 1113
f 1114 1115 1116
f 1117 1118 1119
f 1120 1121 1122
f 1123 1124 1125
f 1126 1127 1128
f 1129 1130 1131
f 1132 1133 1134
f 1135 1136 1137
f 1138 1139 1140
f 1141 1142 1143
f 1144 1145 1146
f 1147 1148 1149
f 1150 1151 1152
f 1153 1154 1155
f 1156 1157 1158
f 1159 1160 1161
f 1162 1163 1164
f 1165 1166 1167
f 1168 1169 1170
f 1171 1172 1173
f 1174 1175 1176
f 1177 1178 1179
f 1180 1181 1182
f 1183 1184 1185
f 1186 1187 1188
f 1189 1190 1191
f 1192 1193 1194
f 1195 1196 1197
f 1198 1199 1200
f 1201 1202 1203
f 1204 1205 1206
f 1207 1208 1209
f 1210 1211 1212
f 1213 1214 1215
f 1216 1217 1218
f 1219 1220 1221
f 1222 1223 1224
f 1225 1226 1227
f 1228 1229 1230
f 1231 1232 1233
f 1234 1235 1236
f 1237 1238 1239
f 1240 1241 1242
f 1243 1244 1245
f 1246 1247 1248
f 1249 1250 1251
f 1252 1253 1254
f 1255 1256 1257
f 1258 1259 1260
f 1261 1262 1263
f 1264 1265 1266
f 1267 1268 1269
f 1270 1271 1272
f 1273 1274 1275
f 1276 1277 1278
f 1279 1280 1281
f 1282 1283 1284
f 1285 1286 1287
f 1288 1289 1290
f 1291 1292 1293
f 1294 1295 1296
f 1297 1298 1299
f 1300 1301 1302
f 1303 1304 1305
f 1306 1307 1308
f 1309 1310 1311
f 1312 1313 1314
f 1315 1316 1317
f 1318 1319 1320
f 1321 1322 1323
f 1324 1325 1326
f 1327 1328 1329
f 1330 1331 1332
f 1333 1334 1335
f 1336 1337 1338
f 1339 1340 1341
f 1342 1343 1344
f 1345 1346 1347
f 1348 1349 1350
f 1351 1352 1353
f 1354 1355 1356
f 1357 1358 1359
f 1360 1361 1362
f 1363 1364 1365
f 1366 1367 1368
f 1369 1370 1371
f 1372 1373 1374
f 1375 1376 1377
f 1378 1379 1380
f 1381 1382 1383
f 1384 1385 1386
f 1387 1388 1389
f 1390 1391 1392
f 1393 1394 1395
f 1396 1397 1398
f 1399 1400 1401
f 1402 1403 1404
f 1405 1406 1407
f 1408 1409 1410
f 1411 1412 1413
f 1414 1415 1416
f 1417 1418 1419
f 1420 1421 1422
f 1423 1424 1425
f 1426 1427 1428
f 1429 1430 1431
f 1432 1433 1434
f 1435 1436 1437
f 1438 1439 1440
f 1441 1442 1443
f 1444 1445 1446
f 1447 1448 1449
f 1450 1451 1452
f 1453 1454 1455
f 1456 1457 1458
f 1459 1460 1461
f 1462 1463 1464
f 1465 1466 1467
f 1468 1469 1470
f 1471 1472 1473
f 1474 1475 1476
f 1477 1478 1479
f 1480 1481 1482
f 1483 1484 1485
f 1486 1487 1488
f 1489 1490 1491
f 1492 1493 1494
f 1495 1496 1497
f 1498 1499 1500
f 1501 1502 1503
f 1504 1505 1506
f 1507 1508 1509
f 1510 1511 1512
f 1513 1514 1515
f 1516 1517 1518
f 1519 1520 1521
f 1522 1523 1524
f 1525 1526 1527
f 1528 1529 1530
f 1531 1532 1533
f 1534 1535 1536
f 1537 1538 1539
f 1540 1541 1542
f 1543 1544 1545
f 1546 1547 1548
f 1549 1550 1551
f 1552 1553 1554
f 1555 1556 1557
f 1558 1559 1560
f 1561 1562 1563
f 1564 1565 1566
f 1567 1568 1569
f 1570 1571 1572
f 1573 1574 1575
f 1576 1577 1578
f 1579 1580 1581
f 1582 1583 1584
f 1585 1586 1587
f 1588 1589 1590
f 1591 1592 1593
f 1594 1595 1596
f 1597 1598 1599
f 1600 1601 1602
f 1603 1604 1605
f 1606 1607 1608
f 1609 1610 1611
f 1612 1613 1614
f 1615 1616 1617
f 1618 1619 1620
f 1621 1622 1623
f 1624 1625 1626
f 1627 1628 1629
f 1630 1631 1632
f 1633 1634 1635
f 1636 1637 1638
f 1639 1640 1641
f 1642 1643 1644
f 1645 1646 1647
f 1648 1649 1650
f 1651 1652 1653
f 1654 1655 1656
f 1657 1658 1659
f 1660 1661 1662
f 1663 1664 1665
f 1666 1667 1668
f 1669 1670 1671
f 1672 1673 1674
f 1675 1676 1677
f 1678 1679 1680
f 1681 1682 1683
f 1684 1685 1686
f 1687 1688 1689
f 1690 1691 1692
f 1693 1694 1695
f 1696 1697 1698
f 1699 1700 1701
f 1702 1703 1704
f 1705 1706 1707
f 1708 1709 1710
f 1711 1712 1713
f 1714 1715 1716
f 1717 1718 1719
f 1720 1721 1722
f 1723 1724 1725
f 1726 1727 1728
f 1729 1730 1731
f 1732 1733 1734
f 1735 1736 1737
f 1738 1739 1740
f 1741 1742 1743
f 1744 1745 1746
f 1747 1748 1749
f 1750 1751 1752
f 1753 1754 1755
f 1756 1757 1758
f 1759 1760 1761
f 1762 1763 1764
f 1765 1766 1767
f 1768 1769 1770
f 1771 1772 1773
f 1774 1775 1776
f 1777 1778 1779
f 1780 1781 1782
f 1783 1784 1785
f 1786 1787 1788
f 1789 1790 1791
f 1792 1793 1794
f 1795 1796 1797
f 1798 1799 1800
f 1801 1802 1803
f 1804 1805 1806
f 1807 1808 1809
f 1810 1811 1812
f 1813 1814 1815
f 1816 1817 1818
f 1819 1820 1821
f 1822 1823 1824
f 1825 1826 1827
f 1828 1829 1830
f 1831 1832 1833
f 1834 1835 1836
f 1837 1838 1839
f 1840 1841 1842
f 1843 1844 1845
f 1846 1847 1848
f 1849 1850 1851
f 1852 1853 1854
f 1855 1856 1857
f 1858 1859 1860
f 1861 1862 1863
f 1864 1865 1866
f 1867 1868 1869
f 1870 1871 1872
f 1873 1874 1875
f 1876 1877 1878
f 1879 1880 1881
f 1882 1883 1884
f 1885 1886 1887
f 1888 1889 1890
f 1891 1892 1893
f 1894 1895 1896
f 1897 1898 1899
f 1900 1901 1902
f 1903 1904 1905
f 1906 1907 1908
f 1909 1910 1911
f 1912 1913 1914
f 1915 1916 1917
f 1918 1919 1920
f 1921 1922 1923
f 1924 1925 1926
f 1927 1928 1929
f 1930 1931 1932
f 1933 1934 1935
f 1936 1937 1938
f 1939 1940 1941
f 1942 1943 1944
f 1945 1946 1947
f 1948 1949 1950
f 1951 1952 1953
f 1954 1955 1956
f 1957 1958 1959
f 1960 1961 1962
f 1963 1964 1965
f 1966 1967 1968
f 1969 1970 1971
f 1972 1973 1974
f 1975 1976 1977
f 1978 1979 1980
f 1981 1982 1983
f 1984 1985 1986
f 1987 1988 1989
f 1990 1991 1992
f 1993 1994 1995
f 1996 1997 1998
f 1999 2000 2001
f 2002 2003 2004
f 2005 2006 2007
f 2008 2009 2010
f 2011 2012 2013
f 2014 2015 2016
f 2017 2018 2019
f 2020 2021 2022
f 2023 2024 2025
f 2026 2027 2028
f 2029 2030 2031
f 2032 2033 2034
f 2035 2036 2037
f 2038 2039 2040
f 2041 2042 2043
f 2044 2045 2046
f 2047 2048 2049
f 2050 2051 2052
f 2053 2054 2055
f 2056 2057 2058
f 2059 2060 2061
f 2062 2063 2064
f 2065 2066 2067
f 2068 2069 2070
f 2071 2072 2073
f 2074 2075 2076
f 2077 2078 2079
f 2080 2081 2082
f 2083 2084 2085
f 2086 2087 2088
f 2089 2090 2091
f 2092 2093 2094
f 2095 2096 2097
f 2098 2099 2100
f 2101 2102 2103
f 2104 2105 2106
f 2107 2108 2109
f 2110 2111 2112
f 2113 2114 2115
f 2116 2117 2118
f 2119 2120 2121
f 2122 2123 2124
f 2125 2126 2127
f 2128 2129 2130
f 2131 2132 2133
f 2134 2135 2136
f 2137 2138 2139
f 2140 2141 2142
f 2143 2144 2145
f 2146 2147 2148
f 2149 2150 2151
f 2152 2153 2154
f 2155 2156 2157
f 2158 2159 2160
f 2161 2162 2163
f 2164 2165 2166
f 2167 2168 2169
f 2170 2171 2172
f 2173 2174 2175
f 2176 2177 2178
f 2179 2180 2181
f 2182 2183 2184
f 2185 2186 2187
f 2188 2189 2190
f 2191 2192 2193
f 2194 2195 2196
f 2197 2198 2199
f 2200 2201 2202
f 2203 2204 2205
f 2206 2207 2208
f 2209 2210 2211
f 2212 2213 2214
f 2215 2216 2217
f 2218 2219 2220
f 2221 2222 2223
f 2224 2225 2226
f 2227 2228 2229
f 2230 2231 2232
f 2233 2234 2235
f 2236 2237 2238
f 2239 2240 2241
f 2242 2243 2244
f 2245 2246 2247
f 2248 2249 2250
f 2251 2252 2253
f 2254 2255 2256
f 2257 2258 2259
f 2260 2261 2262
f 2263 2264 2265
f 2266 2267 2268
f 2269 2270 2271
f 2272 2273 2274
f 2275 2276 2277
f 2278 2279 2280
f 2281 2282 2283
f 2284 2285 2286
f 2287 2288 2289
f 2290 2291 2292
f 2293 2294 2295
f 2296 2297 2298
f 2299 2300 2301
f 2302 2303 2304
f 2305 2306 2307
f 2308 2309 2310
f 2311 2312 2313
f 2314 2315 2316
f 2317 2318 2319
f 2320 2321 2322
f 2323 2324 2325
f 2326 2327 2328
f 2329 2330 2331
f 2332 2333 2334
f 2335 2336 2337
f 2338 2339 2340
f 2341 2342 2343
f 2344 2345 2346
f 2347 2348 2349
f 2350 2351 2352
f 2353 2354 2355
f 2356 2357 2358
f 2359 2360 2361
f 2362 2363 2364
f 2365 2366 2367
f 2368 2369 2370
f 2371 2372 2373
f 2374 2375 2376
f 2377 2378 2379
f 2380 2381 2382
f 2383 2384 2385
f 2386 2387 2388
f 2389 2390 2391
f 2392 2393 2394
f 2395 2396 2397
f 2398 2399 2400
f 2401 2402 2403
f 2404 2405 2406
f 2407 2408 2409
f 2410 2411 2412
f 2413 2414 2415
f 2416 2417 2418
f 2419 2420 2421
f 2422 2423 2424
f 2425 2426 2427
f 2428 2429 2430
f 2431 2432 2433
f 2434 2435 2436
f 2437 2438 2439
f 2440 2441 2442
f 2443 2444 2445
f 2446 2447 2448
f 2449 2450 2451
f 2452 2453 2454
f 2455 2456 2457
f 2458 2459 2460
f 2461 2462 2463
f 2464 2465 2466
f 2467 2468 2469
f 2470 2471 2472
f 2473 2474 2475
f 2476 2477 2478
f 2479 2480 2481
f 2482 2483 2484
f 2485 2486 2487
f 2488 2489 2490
f 2491 2492 2493
f 2494 2495 2496
f 2497 2498 2499
f 2500 2501 2502
f 2503 2504 2505
f 2506 2507 2508
f 2509 2510 2511
f 2512 2513 2514
f 2515 2516 2517
f 2518 2519 2520
f 2521 2522 2523
f 2524 2525 2526
f 2527 2528 2529
f 2530 2531 2532
f 2533 2534 2535
f 2536 2537 2538
f 2539 2540 2541
f 2542 2543 2544
f 2545 2546 2547
f 2548 2549 2550
f 2551 2552 2553
f 2554 2555 2556
f 2557 2558 2559
f 2560 2561 2562
f 2563 2564 2565
f 2566 2567 2568
f 2569 2570 2571
f 2572 2573 2574
f 2575 2576 2577
f 2578 2579 2580
f 2581 2582 2583
f 2584 2585 2586
f 2587 2588 2589
f 2590 2591 2592
f 2593 2594 2595
f 2596 2597 2598
f 2599 2600 2601
f 2602 2603 2604
f 2605 2606 2607
f 2608 2609 2610
f 2611 2612 2613
f 2614 2615 2616
f 2617 2618 2619
f 2620 2621 2622
f 2623 2624 2625
f 2626 2627 2628
f 2629 2630 2631
f 2632 2633 2634
f 2635 2636 2637
f 2638 2639 2640
f 2641 2642 2643
f 2644 2645 2646
f 2647 2648 2649
f 2650 2651 2652
f 2653 2654 2655
f 2656 2657 2658
f 2659 2660 2661
f 2662 2663 2664
f 2665 2666 2667
f 2668 2669 2670
f 2671 2672 2673
f 2674 2675 2676
f 2677 2678 2679
f 2680 2681 2682
f 2683 2684 2685
f 2686 2687 2688
f 2689 2690 2691
f 2692 2693 2694
f 2695 2696 2697
f 2698 2699 2700
f 2701 2702 2703
f 2704 2705 2706
f 2707 2708 2709
f 2710 2711 2712
f 2713 2714 2715
f 2716 2717 2718
f 2719 2720 2721
f 2722 2723 2724
f 2725 2726 2727
f 2728 2729 2730
f 2731 2732 2733
f 2734 2735 2736
f 2737 2738 2739
f 2740 2741 2742
f 2743 2744 2745
f 2746 2747 2748
f 2749 2750 2751
f 2752 2753 2754
f 2755 2756 2757
f 2758 2759 2760
f 2761 2762 2763
f 2764 2765 2766
f 2767 2768 2769
f 2770 2771 2772
f 2773 2774 2775
f 2776 2777 2778
f 2779 2780 2781
f 2782 2783 2784
f 2785 2786 2787
f 2788 2789 2790
f 2791 2792 2793
f 2794 2795 2796
f 2797 2798 2799
f 2800 2801 2802
f 2803 2804 2805
f 2806 2807 2808
f 2809 2810 2811
f 2812 2813 2814
f 2815 2816 2817
f 2818 2819 2820
f 2821 2822 2823
f 2824 2825 2826
f 2827 2828 2829
f 2830 2831 2832
f 2833 2834 2835
f 2836 2837 2838
f 2839 2840 2841
f 2842 2843 2844
f 2845 2846 2847
f 2848 2849 2850
f 2851 2852 2853
f 2854 2855 2856
f 2857 2858 2859
f 2860 2861 2862
f 2863 2864 2865
f 2866 2867 2868
f 2869 2870 2871
f 2872 2873 2874
f 2875 2876 2877
f 2878 2879 2880
f 2881 2882 2883
f 2884 2885 2886
f 2887 2888 2889
f 2890 2891 2892
f 2893 2894 2895
f 2896 2897 2898
f 2899 2900 2901
f 2902 2903 2904
f 2905 2906 2907
f 2908 2909 2910
f 2911 2912 2913
f 2914 2915 2916
f 2917 2918 2919
f 2920 2921 2922
f 2923 2924 2925
f 2926 2927 2928
f 2929 2930 2931
f 2932 2933 2934
f 2935 2936 2937
f 2938 2939 2940
f 2941 2942 2943
f 2944 2945 2946
f 2947 2948 2949
f 2950 2951 2952
f 2953 2954 2955
f 2956 2957 2958
f 2959 2960 2961
f 2962 2963 2964
f 2965 2966 2967
f 2968 2969 2970
f 2971 2972 2973
f 2974 2975 2976
f 2977 2978 2979
f 2980 2981 2982
f 2983 2984 2985
f 2986 2987 2988
f 2989 2990 2991
f 2992 2993 2994
f 2995 2996 2997
f 2998 2999 3000
f 3001 3002 3003
f 3004 3005 3006
f 3007 3008 3009
f 3010 3011 3012
f 3013 3014 3015
f 3016 3017 3018
f 3019 3020 3021
f 3022 3023 3024
f 3025 3026 3027
f 3028 3029 3030
f 3031 3032 3033
f 3034 3035 3036
f 3037 3038 3039
f 3040 3041 3042
f 3043 3044 3045
f 3046 3047 3048
f 3049 3050 3051
f 3052 3053 3054
f 3055 3056 3057
f 3058 3059 3060
f 3061 3062 3063
f 3064 3065 3066
f 3067 3068 3069
f 3070 3071 3072
f 3073 3074 3075
f 3076 3077 3078
f 3079 3080 3081
f 3082 3083 3084
f 3085 3086 3087
f 3088 3089 3090
f 3091 3092 3093
f 3094 3095 3096
f 3097 3098 3099
f 3100 3101 3102
f 3103 3104 3105
f 3106 3107 3108
f 3109 3110 3111
f 3112 3113 3114
f 3115 3116 3117
f 3118 3119 3120
f 3121 3122 3123
f 3124 3125 3126
f 3127 3128 3129
f 3130 3131 3132
f 3133 3134 3135
f 3136 3137 3138
f 3139 3140 3141
f 3142 3143 3144
f 3145 3146 3147
f 3148 3149 3150
f 3151 3152 3153
f 3154 3155 3156
f 3157 3158 3159
f 3160 3161 3162
f 3163 3164 3165
f 3166 3167 3168
f 3169 3170 3171
f 3172 3173 3174
f 3175 3176 3177
f 3178 3179 3180
f 3181 3182 3183
f 3184 3185 3186
f 3187 3188 3189
f 3190 3191 3192
f 3193 3194 3195
f 3196 3197 3198
f 3199 3200 3201
f 3202 3203 3204
f 3205 3206 3207
f 3208 3209 3210
f 3211 3212 3213
f 3214 3215 3216
f 3217 3218 3219
f 3220 3221 3222
f 3223 3224 3225
f 3226 3227 3228
f 3229 3230 3231
f 3232 3233 3234
f 3235 3236 3237
f 3238 3239 3240
f 3241 3242 3243
f 3244 3245 3246
f 3247 3248 3249
f 3250 3251 3252
f 3253 3254 3255
f 3256 3257 3258
f 3259 3260 3261
f 3262 3263 3264
f 3265 3266 3267
f 3268 3269 3270
f 3271 3272 3273
f 3274 3275 3276
f 3277 3278 3279
f 3280 3281 3282
f 3283 3284 3285
f 3286 3287 3288
f 3289 3290 3291
f 3292 3293 3294
f 3295 3296 3297
f 3298 3299 3300
f 3301 3302 3303
f 3304 3305 3306
f 3307 3308 3309
f 3310 3311 3312
f 3313 3314 3315
f 3316 3317 3318
f 3319 3320 3321
f 3322 3323 3324
f 3325 3326 3327
f 3328 3329 3330
f 3331 3332 3333
f 3334 3335 3336
f 3337 3338 3339
f 3340 3341 3342
f 3343 3344 3345
f 3346 3347 3348
f 3349 3350 3351
f 3352 3353 3354
f 3355 3356 3357
f 3358 3359 3360
f 3361 3362 3363
f 3364 3365 3366
f 3367 3368 3369
f 3370 3371 3372
f 3373 3374 3375
f 3376 3377 3378
f 3379 3380 3381
f 3382 3383 3384
f 3385 3386 3387
f 3388 3389 3390
f 3391 3392 3393
f 3394 3395 3396
f 3397 3398 3399
f 3400 3401 3402
f 3403 3404 3405
f 3406 3407 3408
f 3409 3410 3411
f 3412 3413 3414
f 3415 3416 3417
f 3418 3419 3420
f 3421 3422 3423
f 3424 3425 3426
f 3427 3428 3429
f 3430 3431 3432
f 3433 3434 3435
f 3436 3437 3438
f 3439 3440 3441
f 3442 3443 3444
f 3445 3446 3447
f 3448 3449 3450
f 3451 3452 3453
f 3454 3455 3456
f 3457 3458 3459
f 3460 3461 3462
f 3463 3464 3465
f 3466 3467 3468
f 3469 3470 3471
f 3472 3473 3474
f 3475 3476 3477
f 3478 3479 3480
f 3481 3482 3483
f 3484 3485 3486
f 3487 3488 3489
f 3490 3491 3492
f 3493 3494 3495
f 3496 3497 3498
f 3499 3500 3501
f 3502 3503 3504
f 3505 3506 3507
f 3508 3509 3510
f 3511 3512 3513
f 3514 3515 3516
f 3517 3518 3519
f 3520 3521 3522
f 3523 3524 3525
f 3526 3527 3528
f 3529 3530 3531
f 3532 3533 3534
f 3535 3536 3537
f 3538 3539 3540
f 3541 3542 3543
f 3544 3545 3546
f 3547 3548 3549
f 3550 3551 3552
f 3553 3554 3555
f 3556 3557 3558
f 3559 3560 3561
f 3562 3563 3564
f 3565 3566 3567
f 3568 3569 3570
f 3571 3572 3573
f 3574 3575 3576
f 3577 3578 3579
f 3580 3581 3582
f 3583 3584 3585
f 3586 3587 3588
f 3589 3590 3591
f 3592 3593 3594
f 3595 3596 3597
f 3598 3599 3600
f 3601 3602 3603
f 3604 3605 3606
f 3607 3608 3609
f 3610 3611 3612
f 3613 3614 3615
f 3616 3617 3618
f 3619 3620 3621
f 3622 3623 3624
f 3625 3626 3627
f 3628 3629 3630
f 3631 3632 3633
f 3634 3635 3636
f 3637 3638 3639
f 3640 3641 3642
f 3643 3644 3645
f 3646 3647 3648
f 3649 3650 3651
f 3652 3653 3654
f 3655 3656 3657
f 3658 3659 3660
f 3661 3662 3663
f 3664 3665 3666
f 3667 3668 3669
f 3670 3671 3672
f 3673 3674 3675
f 3676 3677 3678
f 3679 3680 3681
f 3682 3683 3684
f 3685 3686 3687
f 3688 3689 3690
f 3691 3692 3693
f 3694 3695 3696
f 3697 3698 3699
f 3700 3701 3702
f 3703 3704 3705
f 3706 3707 3708
f 3709 3710 3711
f 3712 3713 3714
f 3715 3716 3717
f 3718 3719 3720
f 3721 3722 3723
f 3724 3725 3726
f 3727 3728 3729
f 3730 3731 3732
f 3733 3734 3735
f 3736 3737 3738
f 3739 3740 3741
f 3742 3743 3744
f 3745 3746 3747
f 3748 3749 3750
f 3751 3752 3753
f 3754 3755 3756
f 3757 3758 3759
f 3760 3761 3762
f 3763 3764 3765
f 3766 3767 3768
f 3769 3770 3771
f 3772 3773 3774
f 3775 3776 3777
f 3778 3779 3780
f 3781 3782 3783
f 3784 3785 3786
f 3787 3788 3789
f 3790 3791 3792
f 3793 3794 3795
f 3796 3797 3798
f 3799 3800 3801
f 3802 3803 3804
f 3805 3806 3807
f 3808 3809 3810
f 3811 3812 3813
f 3814 3815 3816
f 3817 3818 3819
f 3820 3821 3822
f 3823 3824 3825
f 3826 3827 3828
f 3829 3830 3831
f 3832 3833 3834
f 3835 3836 3837
f 3838 3839 3840
f 3841 3842 3843
f 3844 3845 3846
f 3847 3848 3849
f 3850 3851 3852
f 3853 3854 3855
f 3856 3857 3858
f 3859 3860 3861
f 3862 3863 3864
f 3865 3866 3867
f 3868 3869 3870
f 3871 3872 3873
f 3874 3875 3876
f 3877 3878 3879
f 3880 3881 3882
f 3883 3884 3885
f 3886 3887 3888
f 3889 3890 3891
f 3892 3893 3894
f 3895 3896 3897
f 3898 3899 3900
f 3901 3902 3903
f 3904 3905 3906
f 3907 3908 3909
f 3910 3911 3912
f 3913 3914 3915
f 3916 3917 3918
f 3919 3920 3921
f 3922 3923 3924
f 3925 3926 3927
f 3928 3929 3930
f 3931 3932 3933
f 3934 3935 3936
f 3937 3938 3939
f 3940 3941 3942
f 3943 3944 3945
f 3946 3947 3948
f 3949 3950 3951
f 3952 3953 3954
f 3955 3956 3957
f 3958 3959 3960
f 3961 3962 3963
f 3964 3965 3966
f 3967 3968 3969
f 3970 3971 3972
f 3973 3974 3975
f 3976 3977 3978
f 3979 3980 3981
f 3982 3983 3984
f 3985 3986 3987
f 3988 3989 3990
f 3991 3992 3993
f 3994 3995 3996
f 3997 3998 3999
f 4000 4001 4002
f 4003 4004 4005
f 4006 4007 4008
f 4009 4010 4011
f 4012 4013 4014
f 4015 4016 4017
f 4018 4019 4020
f 4021 4022 4023
f 4024 4025 4026
f 4027 4028 4029
f 4030 4031 4032
f 4033 4034 4035
f 4036 4037 4038
f 4039 4040 4041
f 4042 4043 4044
f 4045 4046 4047
f 4048 4049 4050
f 4051 4052 4053
f 4054 4055 4056
f 4057 4058 4059
f 4060 4061 4062
f 4063 4064 4065
f 4066 4067 4068
f 4069 4070 4071
f 4072 4073 4074
f 4075 4076 4077
f 4078 4079 4080
f 4081 4082 4083
f 4084 4085 4086
f 4087 4088 4089
f 4090 4091 4092
f 4093 4094 4095
f 4096 4097 4098
f 4099 4100 4101
f 4102 4103 4104
f 4105 4106 4107
f 4108 4109 4110
f 4111 4112 4113
f 4114 4115 4116
f 4117 4118 4119
f 4120 4121 4122
f 4123 4124 4125
f 4126 4127 4128
f 4129 4130 4131
f 4132 4133 4134
f 4135 4136 4137
f 4138 4139 4140
f 4141 4142 4143
f 4144 4145 4146
f 4147 4148 4149
f 4150 4151 4152
f 4153 4154 4155
f 4156 4157 4158
f 4159 4160 4161
f 4162 4163 4164
f 4165 4166 4167
f 4168 4169 4170
f 4171 4172 4173
f 4174 4175 4176
f 4177 4178 4179
f 4180 4181 4182
f 4183 4184 4185
f 4186 4187 4188
f 4189 4190 4191
f 4192 4193 4194
f 4195 4196 4197
f 4198 4199 4200
f 4201 4202 4203
f 4204 4205 4206
f 4207 4208 4209
f 4210 4211 4212
f 4213 4214 4215
f 4216 4217 4218
f 4219 4220 4221
f 4222 4223 4224
f 4225 4226 4227
f 4228 4229 4230
f 4231 4232 4233
f 4234 4235 4236
f 4237 4238 4239
f 4240 4241 4242
f 4243 4244 4245
f 4246 4247 4248
