mtllib R_Hand_Little_Middle_visuals_ALLEX_Hand_Middle_Frame2.mtl
v 0.0033894850433466308 0.0013000770232676755 0.0019657721261068933
v 0.0032741614943204724 0.0013001787087964921 0.0019868775357778645
v 0.003297000564771725 -0.0012995232960914115 0.001981023644127139
v 0.0034419244970550224 -0.001300109805823859 0.001959977719894479
v 0.0034897877443387806 0.0013001274487995506 0.0019564494823840622
v 0.0033894850433466308 0.0013000770232676755 0.0019657721261068933
v 0.0033894850433466308 0.0013000770232676755 0.0019657721261068933
v 0.003297000564771725 -0.0012995232960914115 0.001981023644127139
v 0.0034419244970550224 -0.001300109805823859 0.001959977719894479
v 0.0034419244970550224 -0.001300109805823859 0.001959977719894479
v 0.003578421047422538 -0.0012998932025344572 0.0019570001101186507
v 0.0034897877443387806 0.0013001274487995506 0.0019564494823840622
v 0.0036337868509098165 0.0012999567410888057 0.001961732838347899
v 0.0034897877443387806 0.0013001274487995506 0.0019564494823840622
v 0.003578421047422538 -0.0012998932025344572 0.0019570001101186507
v 0.0036337868509098165 0.0012999567410888057 0.001961732838347899
v 0.003578421047422538 -0.0012998932025344572 0.0019570001101186507
v 0.0037465257039971684 -0.0013000870368484734 0.001981208418534719
v 0.003775876224571541 0.001300263228186798 0.0019886860599955397
v 0.0036337868509098165 0.0012999567410888057 0.001961732838347899
v 0.0037465257039971684 -0.0013000870368484734 0.001981208418534719
v 0.0037465257039971684 -0.0013000870368484734 0.001981208418534719
v 0.00385738867961505 -0.0013003515622745509 0.0020132585528084834
v 0.003775876224571541 0.001300263228186798 0.0019886860599955397
v 0.00385738867961505 -0.0013003515622745509 0.0020132585528084834
v 0.003972017953705888 -0.0012999175212306806 0.0020626350428856743
v 0.0038974837723855533 0.0012999529263913589 0.002028572655708716
v 0.003972017953705888 -0.0012999175212306806 0.0020626350428856743
v 0.003993713091760278 0.0012998071334233135 0.002073755839617497
v 0.0038974837723855533 0.0012999529263913589 0.002028572655708716
v 0.003993713091760278 0.0012998071334233135 0.002073755839617497
v 0.003972017953705888 -0.0012999175212306806 0.0020626350428856743
v 0.0040591189405089784 -0.0012998420617468108 0.0021115339805262423
v 0.004086087420946407 0.0013004230878516786 0.002128716569919642
v 0.0040591189405089784 -0.0012998420617468108 0.0021115339805262423
v 0.004159532744564267 -0.0012997216603586458 0.0021842633331170536
v 0.004180534084520517 0.0012992853543381665 0.0022019988152216508
v 0.004086087420946407 0.0013004230878516786 0.002128716569919642
v 0.004159532744564267 -0.0012997216603586458 0.0021842633331170536
v 0.004180534084520517 0.0012992853543381665 0.0022019988152216508
v 0.004159532744564267 -0.0012997216603586458 0.0021842633331170536
v 0.004268142902921214 -0.001300381841435535 0.002287463773657239
v 0.004279128277893675 0.001300069513082077 0.0022999337811922815
v 0.004180534084520517 0.0012992853543381665 0.0022019988152216508
v 0.004268142902921214 -0.001300381841435535 0.002287463773657239
v 0.004343986717558758 -0.001300096931219976 0.0023843616187595174
v 0.004344321934096897 0.0012999590060654147 0.0023849574268169915
v 0.004279128277893675 0.001300069513082077 0.0022999337811922815
v 0.004279128277893675 0.001300069513082077 0.0022999337811922815
v 0.004268142902921214 -0.001300381841435535 0.002287463773657239
v 0.004343986717558758 -0.001300096931219976 0.0023843616187595174
v 0.004343986717558758 -0.001300096931219976 0.0023843616187595174
v 0.004391442030634298 -0.0013001174352187527 0.0024589725708659693
v 0.004392728060511055 0.001300027432200867 0.0024607907510365568
v 0.004392728060511055 0.001300027432200867 0.0024607907510365568
v 0.004344321934096897 0.0012999590060654147 0.0023849574268169915
v 0.004343986717558758 -0.001300096931219976 0.0023843616187595174
v 0.004392728060511055 0.001300027432200867 0.0024607907510365568
v 0.004391442030634298 -0.0013001174352187527 0.0024589725708659693
v 0.004445180150404739 -0.0013008670232670515 0.002565173032529483
v 0.004445180150404739 -0.0013008670232670515 0.002565173032529483
v 0.004453426572610388 0.0013001602313557341 0.002584866408098657
v 0.004392728060511055 0.001300027432200867 0.0024607907510365568
v 0.004445180150404739 -0.0013008670232670515 0.002565173032529483
v 0.00448683616968676 -0.0013002548835361332 0.0026861385190794784
v 0.004453426572610388 0.0013001602313557341 0.002584866408098657
v 0.004490842078843095 0.0012999969146212924 0.0027028013559457498
v 0.004453426572610388 0.0013001602313557341 0.002584866408098657
v 0.00448683616968676 -0.0013002548835361332 0.0026861385190794784
v 0.004490842078843095 0.0012999969146212924 0.0027028013559457498
v 0.00448683616968676 -0.0013002548835361332 0.0026861385190794784
v 0.004509152149750619 -0.0013004998586377957 0.0027832971941196827
v 0.004509152149750619 -0.0013004998586377957 0.0027832971941196827
v 0.004512539601083389 0.0013001055142892314 0.0028028134246761705
v 0.004490842078843095 0.0012999969146212924 0.0027028013559457498
v 0.004509152149750619 -0.0013004998586377957 0.0027832971941196827
v 0.004522093987676114 -0.0012997702977510927 0.0028938149396186275
v 0.004512539601083389 0.0013001055142892314 0.0028028134246761705
v 0.004524327493031223 0.0012990705391881928 0.002937679668722354
v 0.004512539601083389 0.0013001055142892314 0.0028028134246761705
v 0.004522093987676114 -0.0012997702977510927 0.0028938149396186275
v 0.004524327493031223 0.0012990705391881928 0.002937679668722354
v 0.004522093987676114 -0.0012997702977510927 0.0028938149396186275
v 0.00452330086258085 -0.0013006793878363864 0.0030165595056903804
v 0.004518701767971535 0.0013001009843360133 0.003062820580046477
v 0.00452330086258085 -0.0013006793878363864 0.0030165595056903804
v 0.004507240032655404 -0.0013001821658660533 0.003139315515854474
v 0.004507240032655404 -0.0013001821658660533 0.003139315515854474
v 0.0044948727835328346 0.0012997455022176884 0.0032000774472988602
v 0.004518701767971535 0.0013001009843360133 0.003062820580046477
v 0.004443373891163673 0.0013005169055670112 0.003352017561861209
v 0.0044948727835328346 0.0012997455022176884 0.0032000774472988602
v 0.00447796175291393 -0.0013007534168087136 0.0032602776645442033
v 0.0044188911629500244 -0.0012999240777419173 0.0034053498931907455
v 0.004386226862387323 0.00129927331419935 0.0034635826802278946
v 0.004443373891163673 0.0013005169055670112 0.003352017561861209
v 0.0044188911629500244 -0.0012999240777419173 0.0034053498931907455
v 0.00433906623468955 -0.0012995267531609727 0.003537301469968973
v 0.004386226862387323 0.00129927331419935 0.0034635826802278946
v 0.00433513614264497 0.0012999582908096434 0.003541979719550309
v 0.004386226862387323 0.00129927331419935 0.0034635826802278946
v 0.00433906623468955 -0.0012995267531609727 0.003537301469968973
v 0.004283883298261128 0.0012999342105320104 0.0036070815845962168
v 0.00433906623468955 -0.0012995267531609727 0.003537301469968973
v 0.004268354141792332 -0.001299573960041877 0.0036247724824244043
v 0.00420268460208262 0.0013007565162503891 0.0036923879946691718
v 0.004283883298261128 0.0012999342105320104 0.0036070815845962168
v 0.004268354141792332 -0.001299573960041877 0.0036247724824244043
v 0.00420268460208262 0.0013007565162503891 0.0036923879946691718
v 0.004268354141792332 -0.001299573960041877 0.0036247724824244043
v 0.004201234063378469 -0.0013003968618067318 0.003693269905035157
v 0.004089260295547794 -0.001300466956872317 0.003782976330194421
v 0.004076938822794586 0.0012999150178354812 0.003791300238441958
v 0.00420268460208262 0.0013007565162503891 0.0036923879946691718
v 0.00420268460208262 0.0013007565162503891 0.0036923879946691718
v 0.004201234063378469 -0.0013003968618067318 0.003693269905035157
v 0.004089260295547794 -0.001300466956872317 0.003782976330194421
v 0.003907177395435087 0.0013002949378593247 0.003882538026207527
v 0.004076938822794586 0.0012999150178354812 0.003791300238441958
v 0.003953007647398284 -0.0013007522247157615 0.0038612930224518616
v 0.003953007647398284 -0.0013007522247157615 0.0038612930224518616
v 0.003790697993082544 -0.0012997493169151352 0.003921723552055556
v 0.003907177395435087 0.0013002949378593247 0.003882538026207527
v 0.003790697993082544 -0.0012997493169151352 0.003921723552055556
v 0.0037249361853783376 0.0012999363562993243 0.003937423416235097
v 0.003907177395435087 0.0013002949378593247 0.003882538026207527
v 0.003790697993082544 -0.0012997493169151352 0.003921723552055556
v 0.003659198934788945 -0.0012997897288662124 0.003947947689653675
v 0.0037249361853783376 0.0012999363562993243 0.003937423416235097
v 0.0035883960044087743 0.001300062122105774 0.0039551896543378595
v 0.0037249361853783376 0.0012999363562993243 0.003937423416235097
v 0.003659198934788945 -0.0012997897288662124 0.003947947689653675
v 0.0035883960044087743 0.001300062122105774 0.0039551896543378595
v 0.003659198934788945 -0.0012997897288662124 0.003947947689653675
v 0.003591550282360108 -0.0013000592610826888 0.0039546224565112365
v 0.003591550282360108 -0.0013000592610826888 0.0039546224565112365
v 0.0034702908256881173 -0.0013001261374973032 0.00395708222110866
v 0.0035883960044087743 0.001300062122105774 0.0039551896543378595
v 0.0034702908256881173 -0.0013001261374973032 0.00395708222110866
v 0.0033344830666283422 0.001300128760101798 0.003939304300494967
v 0.003465295956218696 0.0013001979014930214 0.003955885359784722
v 0.0033344830666283422 0.001300128760101798 0.003939304300494967
v 0.0034702908256881173 -0.0013001261374973032 0.00395708222110866
v 0.003311273493687568 -0.0013000794074535798 0.003934459634737514
v 0.003311273493687568 -0.0013000794074535798 0.003934459634737514
v 0.0032293473823896703 0.001299953522437835 0.003912970490345252
v 0.0033344830666283422 0.001300128760101798 0.003939304300494967
v 0.003311273493687568 -0.0013000794074535798 0.003934459634737514
v 0.0031975506870775285 -0.001300098004103633 0.003902652210588803
v 0.0032293473823896703 0.001299953522437835 0.003912970490345252
v 0.0031554974624238576 0.0013000071666206807 0.003886482423367532
v 0.0032293473823896703 0.001299953522437835 0.003912970490345252
v 0.0031975506870775285 -0.001300098004103633 0.003902652210588803
v 0.0031164921810301906 -0.0012999706885763456 0.0038701390674124314
v 0.0030418743147846163 -0.001300248565443487 0.0038337850007442997
v 0.003069143679483162 0.0013002517840944576 0.003848372880618095
v 0.0030418743147846163 -0.001300248565443487 0.0038337850007442997
v 0.002935985466218789 0.0012995635888331935 0.0037674064041466615
v 0.003069143679483162 0.0013002517840944576 0.003848372880618095
v 0.002922626634178639 -0.0012993333956841373 0.0037575356360844414
v 0.0028246821314643913 0.0012998198888179012 0.0036724688366948643
v 0.002935985466218789 0.0012995635888331935 0.0037674064041466615
v 0.0028246821314643913 0.0012998198888179012 0.0036724688366948643
v 0.002922626634178639 -0.0012993333956841373 0.0037575356360844414
v 0.0028092104338758874 -0.0013002585790242848 0.003657278473043063
v 0.002755044352735632 0.0013000575921525558 0.0035967153827030918
v 0.0028092104338758874 -0.0013002585790242848 0.003657278473043063
v 0.002704497704216631 -0.001300067248105468 0.003533626247397559
v 0.002755044352735632 0.0013000575921525558 0.0035967153827030918
v 0.0028246821314643913 0.0012998198888179012 0.0036724688366948643
v 0.0028092104338758874 -0.0013002585790242848 0.003657278473043063
v 0.002704497704216631 -0.001300067248105468 0.003533626247397559
v 0.0026704078989017734 0.0012996211669227813 0.0034818178876980244
v 0.002755044352735632 0.0013000575921525558 0.0035967153827030918
v 0.0026704078989017734 0.0012996211669227813 0.0034818178876980244
v 0.002704497704216631 -0.001300067248105468 0.003533626247397559
v 0.0026166201880645236 -0.001300179185633673 0.003378644388458557
v 0.0026025022312324577 0.001299580158925228 0.0033466440836701916
v 0.0026704078989017734 0.0012996211669227813 0.0034818178876980244
v 0.0026166201880645236 -0.001300179185633673 0.003378644388458557
v 0.0026166201880645236 -0.001300179185633673 0.003378644388458557
v 0.0025726424485489354 -0.0013004284522699632 0.003267423784955037
v 0.0026025022312324577 0.001299580158925228 0.0033466440836701916
v 0.0025667899874097524 0.0013000509164320239 0.0032484990709213957
v 0.0026025022312324577 0.001299580158925228 0.0033466440836701916
v 0.0025726424485489354 -0.0013004284522699632 0.003267423784955037
v 0.0025667899874097524 0.0013000509164320239 0.0032484990709213957
v 0.0025726424485489354 -0.0013004284522699632 0.003267423784955037
v 0.0025410600915495864 -0.0012999914309937126 0.0031448883119870874
v 0.0025410600915495864 -0.0012999914309937126 0.0031448883119870874
v 0.002541153313218443 0.0012995383164626083 0.0031440826955700385
v 0.0025667899874097524 0.0013000509164320239 0.0032484990709213957
v 0.0025410600915495864 -0.0012999914309937126 0.0031448883119870874
v 0.002525550485405205 -0.0012997090241733532 0.003024783278129939
v 0.002527121663916111 0.0013003087661375694 0.0030456627861864816
v 0.002527121663916111 0.0013003087661375694 0.0030456627861864816
v 0.002541153313218443 0.0012995383164626083 0.0031440826955700385
v 0.0025410600915495864 -0.0012999914309937126 0.0031448883119870874
v 0.0025242103345084212 0.001300106944800774 0.0029012142605724933
v 0.002525550485405205 -0.0012997090241733532 0.003024783278129939
v 0.002525688291350471 -0.001299678625803074 0.0028803581175378123
v 0.0025516484995689883 0.0012995948216685393 0.0027158213951689048
v 0.0025242103345084212 0.001300106944800774 0.0029012142605724933
v 0.002525688291350471 -0.001299678625803074 0.0028803581175378123
v 0.0025513669272136954 -0.0013006023786316788 0.0027193917135605317
v 0.002594168070985532 -0.0012999135873239386 0.0025876401699796714
v 0.0025516484995689883 0.0012995948216685393 0.0027158213951689048
v 0.0025919796267440134 0.001300028028247343 0.0025938559810506634
v 0.0025516484995689883 0.0012995948216685393 0.0027158213951689048
v 0.002594168070985532 -0.0012999135873239386 0.0025876401699796714
v 0.0026270467098610264 0.0012996009013425951 0.0025128580333252937
v 0.002594168070985532 -0.0012999135873239386 0.0025876401699796714
v 0.0026325396357658472 -0.0013003047130215322 0.002502113461129163
v 0.0026270467098610264 0.0012996009013425951 0.0025128580333252937
v 0.0025919796267440134 0.001300028028247343 0.0025938559810506634
v 0.002594168070985532 -0.0012999135873239386 0.0025876401699796714
v 0.002685100682955356 0.0013000242135498962 0.002411239738551174
v 0.0026325396357658472 -0.0013003047130215322 0.002502113461129163
v 0.002697132953958377 -0.0013003132960907875 0.002392966145687986
v 0.002685100682955356 0.0013000242135498962 0.002411239738551174
v 0.0026270467098610264 0.0012996009013425951 0.0025128580333252937
v 0.0026325396357658472 -0.0013003047130215322 0.002502113461129163
v 0.002697132953958377 -0.0013003132960907875 0.002392966145687986
v 0.0027475074642550903 0.0012994588038627013 0.0023260775717254267
v 0.002685100682955356 0.0013000242135498962 0.002411239738551174
v 0.0027475074642550903 0.0012994588038627013 0.0023260775717254267
v 0.002697132953958377 -0.0013003132960907875 0.002392966145687986
v 0.0027739037400754964 -0.001300261559256665 0.0022942918436684445
v 0.002829098359014849 0.0013002149484222369 0.002236092912071136
v 0.0027475074642550903 0.0012994588038627013 0.0023260775717254267
v 0.0027739037400754964 -0.001300261559256665 0.0022942918436684445
v 0.0027739037400754964 -0.001300261559256665 0.0022942918436684445
v 0.0028434046665333514 -0.0012998397967702018 0.002223530398123008
v 0.002829098359014849 0.0013002149484222369 0.002236092912071136
v 0.00292590250561109 -0.001300193729167689 0.0021546417306053667
v 0.002944422146459598 0.0012998053452838853 0.0021408489767306416
v 0.002829098359014849 0.0013002149484222369 0.002236092912071136
v 0.002829098359014849 0.0013002149484222369 0.002236092912071136
v 0.0028434046665333514 -0.0012998397967702018 0.002223530398123008
v 0.00292590250561109 -0.001300193729167689 0.0021546417306053667
v 0.00292590250561109 -0.001300193729167689 0.0021546417306053667
v 0.003013812923528676 -0.0012998668572802151 0.00209624228897351
v 0.002944422146459598 0.0012998053452838853 0.0021408489767306416
v 0.003035647774877055 0.0012999581716003482 0.002083793977530196
v 0.002944422146459598 0.0012998053452838853 0.0021408489767306416
v 0.003013812923528676 -0.0012998668572802151 0.00209624228897351
v 0.0032741614943204724 0.0013001787087964921 0.0019868775357778645
v 0.0031237258010637105 0.001299879135837622 0.0020397106185790492
v 0.0031223272376122726 -0.0013002313993049762 0.0020399688259124804
v 0.0031223272376122726 -0.0013002313993049762 0.0020399688259124804
v 0.003297000564771725 -0.0012995232960914115 0.001981023644127139
v 0.0032741614943204724 0.0013001787087964921 0.0019868775357778645
v 0.0031237258010637105 0.001299879135837622 0.0020397106185790492
v 0.003035647774877055 0.0012999581716003482 0.002083793977530196
v 0.0031223272376122726 -0.0013002313993049762 0.0020399688259124804
v 0.003013812923528676 -0.0012998668572802151 0.00209624228897351
v 0.0031223272376122726 -0.0013002313993049762 0.0020399688259124804
v 0.003035647774877055 0.0012999581716003482 0.002083793977530196
v 0.002525688291350471 -0.001299678625803074 0.0028803581175378123
v 0.0025513669272136954 -0.0013006023786316788 0.0027193917135605317
v 0.0025516484995689883 0.0012995948216685393 0.0027158213951689048
v 0.0025242103345084212 0.001300106944800774 0.0029012142605724933
v 0.002527121663916111 0.0013003087661375694 0.0030456627861864816
v 0.002525550485405205 -0.0012997090241733532 0.003024783278129939
v 0.0030418743147846163 -0.001300248565443487 0.0038337850007442997
v 0.002922626634178639 -0.0012993333956841373 0.0037575356360844414
v 0.002935985466218789 0.0012995635888331935 0.0037674064041466615
v 0.003069143679483162 0.0013002517840944576 0.003848372880618095
v 0.0031554974624238576 0.0013000071666206807 0.003886482423367532
v 0.0031164921810301906 -0.0012999706885763456 0.0038701390674124314
v 0.0031975506870775285 -0.001300098004103633 0.003902652210588803
v 0.0031164921810301906 -0.0012999706885763456 0.0038701390674124314
v 0.0031554974624238576 0.0013000071666206807 0.003886482423367532
v 0.003465295956218696 0.0013001979014930214 0.003955885359784722
v 0.0035883960044087743 0.001300062122105774 0.0039551896543378595
v 0.0034702908256881173 -0.0013001261374973032 0.00395708222110866
v 0.004089260295547794 -0.001300466956872317 0.003782976330194421
v 0.003953007647398284 -0.0013007522247157615 0.0038612930224518616
v 0.004076938822794586 0.0012999150178354812 0.003791300238441958
v 0.004283883298261128 0.0012999342105320104 0.0036070815845962168
v 0.00433513614264497 0.0012999582908096434 0.003541979719550309
v 0.00433906623468955 -0.0012995267531609727 0.003537301469968973
v 0.00447796175291393 -0.0013007534168087136 0.0032602776645442033
v 0.0044188911629500244 -0.0012999240777419173 0.0034053498931907455
v 0.004443373891163673 0.0013005169055670112 0.003352017561861209
v 0.0044948727835328346 0.0012997455022176884 0.0032000774472988602
v 0.004507240032655404 -0.0013001821658660533 0.003139315515854474
v 0.00447796175291393 -0.0013007534168087136 0.0032602776645442033
v 0.004518701767971535 0.0013001009843360133 0.003062820580046477
v 0.004524327493031223 0.0012990705391881928 0.002937679668722354
v 0.00452330086258085 -0.0013006793878363864 0.0030165595056903804
v 0.004086087420946407 0.0013004230878516786 0.002128716569919642
v 0.003993713091760278 0.0012998071334233135 0.002073755839617497
v 0.0040591189405089784 -0.0012998420617468108 0.0021115339805262423
v 0.0038974837723855533 0.0012999529263913589 0.002028572655708716
v 0.003775876224571541 0.001300263228186798 0.0019886860599955397
v 0.00385738867961505 -0.0013003515622745509 0.0020132585528084834
v 0.0031134168196322877 0.0015000000712461763 0.0018288873110648696
v 0.0030380996716609945 0.0015000000712461763 0.0018589583326195092
v 0.0031237258010637105 0.001299879135837622 0.0020397106185790492
v 0.003035647774877055 0.0012999581716003482 0.002083793977530196
v 0.0030380996716609945 0.0015000000712461763 0.0018589583326195092
v 0.0029323586426212313 0.0015000000712461763 0.001912410111662849
v 0.0029323586426212313 0.0015000000712461763 0.001912410111662849
v 0.0028078221224238377 0.0015000000712461763 0.00199230310843089
v 0.002944422146459598 0.0012998053452838853 0.0021408489767306416
v 0.002944422146459598 0.0012998053452838853 0.0021408489767306416
v 0.003035647774877055 0.0012999581716003482 0.002083793977530196
v 0.0029323586426212313 0.0015000000712461763 0.001912410111662849
v 0.0028078221224238377 0.0015000000712461763 0.00199230310843089
v 0.002829098359014849 0.0013002149484222369 0.002236092912071136
v 0.002944422146459598 0.0012998053452838853 0.0021408489767306416
v 0.002829098359014849 0.0013002149484222369 0.002236092912071136
v 0.0028078221224238377 0.0015000000712461763 0.00199230310843089
v 0.002639899617652293 0.0015000000712461763 0.002143848044179608
v 0.002639899617652293 0.0015000000712461763 0.002143848044179608
v 0.002508801102590609 0.001499999952036881 0.002311287989724131
v 0.0027475074642550903 0.0012994588038627013 0.0023260775717254267
v 0.002508801102590609 0.001499999952036881 0.002311287989724131
v 0.002685100682955356 0.0013000242135498962 0.002411239738551174
v 0.0027475074642550903 0.0012994588038627013 0.0023260775717254267
v 0.0026270467098610264 0.0012996009013425951 0.0025128580333252937
v 0.002508801102590609 0.001499999952036881 0.002311287989724131
v 0.0024017735668369075 0.0015000000712461763 0.002528058410557893
v 0.0024017735668369075 0.0015000000712461763 0.002528058410557893
v 0.0023105174208398757 0.001499998759943929 0.0029338351689517372
v 0.0025516484995689883 0.0012995948216685393 0.0027158213951689048
v 0.0025242103345084212 0.001300106944800774 0.0029012142605724933
v 0.0025516484995689883 0.0012995948216685393 0.0027158213951689048
v 0.0023105174208398757 0.001499998759943929 0.0029338351689517372
v 0.002405134792124731 0.0014999995944089955 0.0034028674788272317
v 0.0025667899874097524 0.0013000509164320239 0.0032484990709213957
v 0.002541153313218443 0.0012995383164626083 0.0031440826955700385
v 0.002541153313218443 0.0012995383164626083 0.0031440826955700385
v 0.0023105174208398757 0.001499998759943929 0.0029338351689517372
v 0.002405134792124731 0.0014999995944089955 0.0034028674788272317
v 0.002405134792124731 0.0014999995944089955 0.0034028674788272317
v 0.0025863965786120115 0.0015000000712461763 0.0037089855048416664
v 0.0026704078989017734 0.0012996211669227813 0.0034818178876980244
v 0.0025863965786120115 0.0015000000712461763 0.0037089855048416664
v 0.002755044352735632 0.0013000575921525558 0.0035967153827030918
v 0.0026704078989017734 0.0012996211669227813 0.0034818178876980244
v 0.0025863965786120115 0.0015000000712461763 0.0037089855048416664
v 0.0028521992130783893 0.001499998759943929 0.0039671425319502684
v 0.0028246821314643913 0.0012998198888179012 0.0036724688366948643
v 0.0028521992130783893 0.001499998759943929 0.0039671425319502684
v 0.003069143679483162 0.0013002517840944576 0.003848372880618095
v 0.002935985466218789 0.0012995635888331935 0.0037674064041466615
v 0.0031554974624238576 0.0013000071666206807 0.003886482423367532
v 0.0028521992130783893 0.001499998759943929 0.0039671425319502684
v 0.0032522813434399125 0.0014999992367811098 0.004129858689962684
v 0.0032522813434399125 0.0014999992367811098 0.004129858689962684
v 0.0033344830666283422 0.001300128760101798 0.003939304300494967
v 0.0032293473823896703 0.001299953522437835 0.003912970490345252
v 0.0032522813434399125 0.0014999992367811098 0.004129858689962684
v 0.003465295956218696 0.0013001979014930214 0.003955885359784722
v 0.0033344830666283422 0.001300128760101798 0.003939304300494967
v 0.0032522813434399125 0.0014999992367811098 0.004129858689962684
v 0.003711546835758613 0.0014999994751997002 0.0041485521379636126
v 0.003465295956218696 0.0013001979014930214 0.003955885359784722
v 0.0037249361853783376 0.0012999363562993243 0.003937423416235097
v 0.0035883960044087743 0.001300062122105774 0.0039551896543378595
v 0.003711546835758613 0.0014999994751997002 0.0041485521379636126
v 0.003711546835758613 0.0014999994751997002 0.0041485521379636126
v 0.003907177395435087 0.0013002949378593247 0.003882538026207527
v 0.0037249361853783376 0.0012999363562993243 0.003937423416235097
v 0.003711546835758613 0.0014999994751997002 0.0041485521379636126
v 0.00412745876843146 0.0014999986407346338 0.0040048024172381624
v 0.003907177395435087 0.0013002949378593247 0.003882538026207527
v 0.00412745876843146 0.0014999986407346338 0.0040048024172381624
v 0.00420268460208262 0.0013007565162503891 0.0036923879946691718
v 0.004076938822794586 0.0012999150178354812 0.003791300238441958
v 0.00420268460208262 0.0013007565162503891 0.0036923879946691718
v 0.00412745876843146 0.0014999986407346338 0.0040048024172381624
v 0.004447170468797614 0.0014999998328275859 0.0037269863468374076
v 0.004447170468797614 0.0014999998328275859 0.0037269863468374076
v 0.004584666469896194 0.0014999998328275859 0.003521877694517145
v 0.004386226862387323 0.00129927331419935 0.0034635826802278946
v 0.004386226862387323 0.00129927331419935 0.0034635826802278946
v 0.00433513614264497 0.0012999582908096434 0.003541979719550309
v 0.004447170468797614 0.0014999998328275859 0.0037269863468374076
v 0.004584666469896194 0.0014999998328275859 0.003521877694517145
v 0.004443373891163673 0.0013005169055670112 0.003352017561861209
v 0.004386226862387323 0.00129927331419935 0.0034635826802278946
v 0.004584666469896194 0.0014999998328275859 0.003521877694517145
v 0.004702702268807037 0.0014999992367811098 0.0032018434137981444
v 0.004443373891163673 0.0013005169055670112 0.003352017561861209
v 0.004702702268807037 0.0014999992367811098 0.0032018434137981444
v 0.004518701767971535 0.0013001009843360133 0.003062820580046477
v 0.0044948727835328346 0.0012997455022176884 0.0032000774472988602
v 0.004524327493031223 0.0012990705391881928 0.002937679668722354
v 0.004702702268807037 0.0014999992367811098 0.0032018434137981444
v 0.00472530101331914 0.0015000000712461763 0.00290202989057034
v 0.00472530101331914 0.0015000000712461763 0.00290202989057034
v 0.004678505166064719 0.0014999997136182907 0.002618409996422849
v 0.004512539601083389 0.0013001055142892314 0.0028028134246761705
v 0.004678505166064719 0.0014999997136182907 0.002618409996422849
v 0.004490842078843095 0.0012999969146212924 0.0027028013559457498
v 0.004512539601083389 0.0013001055142892314 0.0028028134246761705
v 0.004453426572610388 0.0013001602313557341 0.002584866408098657
v 0.004678505166064719 0.0014999997136182907 0.002618409996422849
v 0.0045459625496008255 0.001499999952036881 0.0023213475853099685
v 0.0045459625496008255 0.001499999952036881 0.0023213475853099685
v 0.004392728060511055 0.001300027432200867 0.0024607907510365568
v 0.004453426572610388 0.0013001602313557341 0.002584866408098657
v 0.0045459625496008255 0.001499999952036881 0.0023213475853099685
v 0.004279128277893675 0.001300069513082077 0.0022999337811922815
v 0.004344321934096897 0.0012999590060654147 0.0023849574268169915
v 0.004279128277893675 0.001300069513082077 0.0022999337811922815
v 0.0045459625496008255 0.001499999952036881 0.0023213475853099685
v 0.004328147140085227 0.0014999992367811098 0.0020597275281754313
v 0.004328147140085227 0.0014999992367811098 0.0020597275281754313
v 0.003891860193093179 0.0014999992367811098 0.0018020540139682129
v 0.004086087420946407 0.0013004230878516786 0.002128716569919642
v 0.003891860193093179 0.0014999992367811098 0.0018020540139682129
v 0.0038974837723855533 0.0012999529263913589 0.002028572655708716
v 0.003993713091760278 0.0012998071334233135 0.002073755839617497
v 0.0036337868509098165 0.0012999567410888057 0.001961732838347899
v 0.003891860193093179 0.0014999992367811098 0.0018020540139682129
v 0.00349022405035926 0.0015000000712461763 0.0017556116222740975
v 0.00349022405035926 0.0015000000712461763 0.0017556116222740975
v 0.0033894850433466308 0.0013000770232676755 0.0019657721261068933
v 0.0034897877443387806 0.0013001274487995506 0.0019564494823840622
v 0.0033894850433466308 0.0013000770232676755 0.0019657721261068933
v 0.00349022405035926 0.0015000000712461763 0.0017556116222740975
v 0.003330819049730678 0.0015000000712461763 0.0017724427826652095
v 0.0032741614943204724 0.0013001787087964921 0.0019868775357778645
v 0.003330819049730678 0.0015000000712461763 0.0017724427826652095
v 0.0032621001362494197 0.0015000000712461763 0.0017854349269132846
v 0.0032621001362494197 0.0015000000712461763 0.0017854349269132846
v 0.0031848565660674857 0.0015000000712461763 0.0018056870364491218
v 0.0032741614943204724 0.0013001787087964921 0.0019868775357778645
v 0.0031848565660674857 0.0015000000712461763 0.0018056870364491218
v 0.0031134168196322877 0.0015000000712461763 0.0018288873110648696
v 0.0032741614943204724 0.0013001787087964921 0.0019868775357778645
v 0.0032741614943204724 0.0013001787087964921 0.0019868775357778645
v 0.0033894850433466308 0.0013000770232676755 0.0019657721261068933
v 0.003330819049730678 0.0015000000712461763 0.0017724427826652095
v 0.0034897877443387806 0.0013001274487995506 0.0019564494823840622
v 0.0036337868509098165 0.0012999567410888057 0.001961732838347899
v 0.00349022405035926 0.0015000000712461763 0.0017556116222740975
v 0.0036337868509098165 0.0012999567410888057 0.001961732838347899
v 0.003775876224571541 0.001300263228186798 0.0019886860599955397
v 0.003891860193093179 0.0014999992367811098 0.0018020540139682129
v 0.003775876224571541 0.001300263228186798 0.0019886860599955397
v 0.0038974837723855533 0.0012999529263913589 0.002028572655708716
v 0.003891860193093179 0.0014999992367811098 0.0018020540139682129
v 0.003993713091760278 0.0012998071334233135 0.002073755839617497
v 0.004086087420946407 0.0013004230878516786 0.002128716569919642
v 0.003891860193093179 0.0014999992367811098 0.0018020540139682129
v 0.004086087420946407 0.0013004230878516786 0.002128716569919642
v 0.004180534084520517 0.0012992853543381665 0.0022019988152216508
v 0.004328147140085227 0.0014999992367811098 0.0020597275281754313
v 0.004180534084520517 0.0012992853543381665 0.0022019988152216508
v 0.004279128277893675 0.001300069513082077 0.0022999337811922815
v 0.004328147140085227 0.0014999992367811098 0.0020597275281754313
v 0.004344321934096897 0.0012999590060654147 0.0023849574268169915
v 0.004392728060511055 0.001300027432200867 0.0024607907510365568
v 0.0045459625496008255 0.001499999952036881 0.0023213475853099685
v 0.004453426572610388 0.0013001602313557341 0.002584866408098657
v 0.004490842078843095 0.0012999969146212924 0.0027028013559457498
v 0.004678505166064719 0.0014999997136182907 0.002618409996422849
v 0.004512539601083389 0.0013001055142892314 0.0028028134246761705
v 0.004524327493031223 0.0012990705391881928 0.002937679668722354
v 0.00472530101331914 0.0015000000712461763 0.00290202989057034
v 0.004524327493031223 0.0012990705391881928 0.002937679668722354
v 0.004518701767971535 0.0013001009843360133 0.003062820580046477
v 0.004702702268807037 0.0014999992367811098 0.0032018434137981444
v 0.0044948727835328346 0.0012997455022176884 0.0032000774472988602
v 0.004443373891163673 0.0013005169055670112 0.003352017561861209
v 0.004702702268807037 0.0014999992367811098 0.0032018434137981444
v 0.00433513614264497 0.0012999582908096434 0.003541979719550309
v 0.004283883298261128 0.0012999342105320104 0.0036070815845962168
v 0.004447170468797614 0.0014999998328275859 0.0037269863468374076
v 0.004283883298261128 0.0012999342105320104 0.0036070815845962168
v 0.00420268460208262 0.0013007565162503891 0.0036923879946691718
v 0.004447170468797614 0.0014999998328275859 0.0037269863468374076
v 0.004076938822794586 0.0012999150178354812 0.003791300238441958
v 0.003907177395435087 0.0013002949378593247 0.003882538026207527
v 0.00412745876843146 0.0014999986407346338 0.0040048024172381624
v 0.0035883960044087743 0.001300062122105774 0.0039551896543378595
v 0.003465295956218696 0.0013001979014930214 0.003955885359784722
v 0.003711546835758613 0.0014999994751997002 0.0041485521379636126
v 0.0032293473823896703 0.001299953522437835 0.003912970490345252
v 0.0031554974624238576 0.0013000071666206807 0.003886482423367532
v 0.0032522813434399125 0.0014999992367811098 0.004129858689962684
v 0.0031554974624238576 0.0013000071666206807 0.003886482423367532
v 0.003069143679483162 0.0013002517840944576 0.003848372880618095
v 0.0028521992130783893 0.001499998759943929 0.0039671425319502684
v 0.002935985466218789 0.0012995635888331935 0.0037674064041466615
v 0.0028246821314643913 0.0012998198888179012 0.0036724688366948643
v 0.0028521992130783893 0.001499998759943929 0.0039671425319502684
v 0.0028246821314643913 0.0012998198888179012 0.0036724688366948643
v 0.002755044352735632 0.0013000575921525558 0.0035967153827030918
v 0.0025863965786120115 0.0015000000712461763 0.0037089855048416664
v 0.0026704078989017734 0.0012996211669227813 0.0034818178876980244
v 0.0026025022312324577 0.001299580158925228 0.0033466440836701916
v 0.002405134792124731 0.0014999995944089955 0.0034028674788272317
v 0.0026025022312324577 0.001299580158925228 0.0033466440836701916
v 0.0025667899874097524 0.0013000509164320239 0.0032484990709213957
v 0.002405134792124731 0.0014999995944089955 0.0034028674788272317
v 0.002541153313218443 0.0012995383164626083 0.0031440826955700385
v 0.002527121663916111 0.0013003087661375694 0.0030456627861864816
v 0.0023105174208398757 0.001499998759943929 0.0029338351689517372
v 0.002527121663916111 0.0013003087661375694 0.0030456627861864816
v 0.0025242103345084212 0.001300106944800774 0.0029012142605724933
v 0.0023105174208398757 0.001499998759943929 0.0029338351689517372
v 0.0025516484995689883 0.0012995948216685393 0.0027158213951689048
v 0.0025919796267440134 0.001300028028247343 0.0025938559810506634
v 0.0024017735668369075 0.0015000000712461763 0.002528058410557893
v 0.0025919796267440134 0.001300028028247343 0.0025938559810506634
v 0.0026270467098610264 0.0012996009013425951 0.0025128580333252937
v 0.0024017735668369075 0.0015000000712461763 0.002528058410557893
v 0.0026270467098610264 0.0012996009013425951 0.0025128580333252937
v 0.002685100682955356 0.0013000242135498962 0.002411239738551174
v 0.002508801102590609 0.001499999952036881 0.002311287989724131
v 0.0027475074642550903 0.0012994588038627013 0.0023260775717254267
v 0.002829098359014849 0.0013002149484222369 0.002236092912071136
v 0.002639899617652293 0.0015000000712461763 0.002143848044179608
v 0.003035647774877055 0.0012999581716003482 0.002083793977530196
v 0.0031237258010637105 0.001299879135837622 0.0020397106185790492
v 0.0030380996716609945 0.0015000000712461763 0.0018589583326195092
v 0.0031237258010637105 0.001299879135837622 0.0020397106185790492
v 0.0032741614943204724 0.0013001787087964921 0.0019868775357778645
v 0.0031134168196322877 0.0015000000712461763 0.0018288873110648696
v 0.003790697993082544 -0.0012997493169151352 0.003921723552055556
v 0.0041207849552482596 -0.0014999982831067481 0.004008886050854976
v 0.003662875111034721 -0.0014999997136182907 0.00415296812709548
v 0.003662875111034721 -0.0014999997136182907 0.00415296812709548
v 0.003591550282360108 -0.0013000592610826888 0.0039546224565112365
v 0.003659198934788945 -0.0012997897288662124 0.003947947689653675
v 0.003662875111034721 -0.0014999997136182907 0.00415296812709548
v 0.0033031033654308552 -0.0014999995944089955 0.0041442701400795645
v 0.0034702908256881173 -0.0013001261374973032 0.00395708222110866
v 0.0033031033654308552 -0.0014999995944089955 0.0041442701400795645
v 0.003311273493687568 -0.0013000794074535798 0.003934459634737514
v 0.0034702908256881173 -0.0013001261374973032 0.00395708222110866
v 0.0031975506870775285 -0.001300098004103633 0.003902652210588803
v 0.0033031033654308552 -0.0014999995944089955 0.0041442701400795645
v 0.0029808107838233413 -0.001499999952036881 0.004030199719164684
v 0.0030418743147846163 -0.001300248565443487 0.0038337850007442997
v 0.0031164921810301906 -0.0012999706885763456 0.0038701390674124314
v 0.0029808107838233413 -0.001499999952036881 0.004030199719164684
v 0.002922626634178639 -0.0012993333956841373 0.0037575356360844414
v 0.0029808107838233413 -0.001499999952036881 0.004030199719164684
v 0.002689088233880228 -0.0014999992367811098 0.00382965892861839
v 0.002689088233880228 -0.0014999992367811098 0.00382965892861839
v 0.0028092104338758874 -0.0013002585790242848 0.003657278473043063
v 0.002922626634178639 -0.0012993333956841373 0.0037575356360844414
v 0.002689088233880228 -0.0014999992367811098 0.00382965892861839
v 0.0024309071264939927 -0.0014999995944089955 0.003459793493570257
v 0.002704497704216631 -0.001300067248105468 0.003533626247397559
v 0.0024309071264939927 -0.0014999995944089955 0.003459793493570257
v 0.0026166201880645236 -0.001300179185633673 0.003378644388458557
v 0.002704497704216631 -0.001300067248105468 0.003533626247397559
v 0.0025726424485489354 -0.0013004284522699632 0.003267423784955037
v 0.0026166201880645236 -0.001300179185633673 0.003378644388458557
v 0.0024309071264939927 -0.0014999995944089955 0.003459793493570257
v 0.0024309071264939927 -0.0014999995944089955 0.003459793493570257
v 0.0023166938928434475 -0.0014999988791532242 0.003062803175489376
v 0.0025726424485489354 -0.0013004284522699632 0.003267423784955037
v 0.0023166938928434475 -0.0014999988791532242 0.003062803175489376
v 0.0025410600915495864 -0.0012999914309937126 0.0031448883119870874
v 0.0025726424485489354 -0.0013004284522699632 0.003267423784955037
v 0.0023166938928434475 -0.0014999988791532242 0.003062803175489376
v 0.002525688291350471 -0.001299678625803074 0.0028803581175378123
v 0.002525550485405205 -0.0012997090241733532 0.003024783278129939
v 0.0023166938928434475 -0.0014999988791532242 0.003062803175489376
v 0.002357709519791585 -0.001499999952036881 0.002659254438823061
v 0.002525688291350471 -0.001299678625803074 0.0028803581175378123
v 0.002357709519791585 -0.001499999952036881 0.002659254438823061
v 0.0025019010301650948 -0.0014999997136182907 0.002319650760201908
v 0.002594168070985532 -0.0012999135873239386 0.0025876401699796714
v 0.0025019010301650948 -0.0014999997136182907 0.002319650760201908
v 0.0026325396357658472 -0.0013003047130215322 0.002502113461129163
v 0.002594168070985532 -0.0012999135873239386 0.0025876401699796714
v 0.0025019010301650948 -0.0014999997136182907 0.002319650760201908
v 0.002697132953958377 -0.0013003132960907875 0.002392966145687986
v 0.0026325396357658472 -0.0013003047130215322 0.002502113461129163
v 0.0025019010301650948 -0.0014999997136182907 0.002319650760201908
v 0.0027739037400754964 -0.001300261559256665 0.0022942918436684445
v 0.002697132953958377 -0.0013003132960907875 0.002392966145687986
v 0.0025019010301650948 -0.0014999997136182907 0.002319650760201908
v 0.0026574343513037515 -0.0015000000712461763 0.0021262003001162877
v 0.0027739037400754964 -0.001300261559256665 0.0022942918436684445
v 0.0028434046665333514 -0.0012998397967702018 0.002223530398123008
v 0.0026574343513037515 -0.0015000000712461763 0.0021262003001162877
v 0.0028251172453919184 -0.0015000000712461763 0.001977369283182387
v 0.0028251172453919184 -0.0015000000712461763 0.001977369283182387
v 0.00292590250561109 -0.001300193729167689 0.0021546417306053667
v 0.0028434046665333514 -0.0012998397967702018 0.002223530398123008
v 0.003013812923528676 -0.0012998668572802151 0.00209624228897351
v 0.0028251172453919184 -0.0015000000712461763 0.001977369283182387
v 0.003021205091924829 -0.0015000000712461763 0.0018663545541316995
v 0.003021205091924829 -0.0015000000712461763 0.0018663545541316995
v 0.0031137141276145488 -0.0015000000712461763 0.0018290705357516118
v 0.0031223272376122726 -0.0013002313993049762 0.0020399688259124804
v 0.0031137141276145488 -0.0015000000712461763 0.0018290705357516118
v 0.00317749658418104 -0.0015000000712461763 0.0018075899744286056
v 0.003297000564771725 -0.0012995232960914115 0.001981023644127139
v 0.00317749658418104 -0.0015000000712461763 0.0018075899744286056
v 0.0033060506960456994 -0.0015000000712461763 0.0017762361416481798
v 0.003297000564771725 -0.0012995232960914115 0.001981023644127139
v 0.003297000564771725 -0.0012995232960914115 0.001981023644127139
v 0.0033060506960456994 -0.0015000000712461763 0.0017762361416481798
v 0.0033560046359489017 -0.0015000000712461763 0.0017662142161996297
v 0.0033560046359489017 -0.0015000000712461763 0.0017662142161996297
v 0.0034419244970550224 -0.001300109805823859 0.001959977719894479
v 0.003297000564771725 -0.0012995232960914115 0.001981023644127139
v 0.0033560046359489017 -0.0015000000712461763 0.0017662142161996297
v 0.0037126635884361676 -0.0014999998328275859 0.0017659319285885655
v 0.003578421047422538 -0.0012998932025344572 0.0019570001101186507
v 0.0037126635884361676 -0.0014999998328275859 0.0017659319285885655
v 0.0037465257039971684 -0.0013000870368484734 0.001981208418534719
v 0.003578421047422538 -0.0012998932025344572 0.0019570001101186507
v 0.0037126635884361676 -0.0014999998328275859 0.0017659319285885655
v 0.004062748625129621 -0.0014999998328275859 0.0018789000211506118
v 0.00385738867961505 -0.0013003515622745509 0.0020132585528084834
v 0.004062748625129621 -0.0014999998328275859 0.0018789000211506118
v 0.0040591189405089784 -0.0012998420617468108 0.0021115339805262423
v 0.003972017953705888 -0.0012999175212306806 0.0020626350428856743
v 0.004062748625129621 -0.0014999998328275859 0.0018789000211506118
v 0.004374957769292255 -0.0014999994751997002 0.002102528195110087
v 0.0040591189405089784 -0.0012998420617468108 0.0021115339805262423
v 0.004374957769292255 -0.0014999994751997002 0.002102528195110087
v 0.004159532744564267 -0.0012997216603586458 0.0021842633331170536
v 0.0040591189405089784 -0.0012998420617468108 0.0021115339805262423
v 0.004374957769292255 -0.0014999994751997002 0.002102528195110087
v 0.004268142902921214 -0.001300381841435535 0.002287463773657239
v 0.004159532744564267 -0.0012997216603586458 0.0021842633331170536
v 0.004374957769292255 -0.0014999994751997002 0.002102528195110087
v 0.004343986717558758 -0.001300096931219976 0.0023843616187595174
v 0.004268142902921214 -0.001300381841435535 0.002287463773657239
v 0.004343986717558758 -0.001300096931219976 0.0023843616187595174
v 0.004374957769292255 -0.0014999994751997002 0.002102528195110087
v 0.0045740535047619785 -0.001499999952036881 0.002370334260991813
v 0.0045740535047619785 -0.001499999952036881 0.002370334260991813
v 0.004445180150404739 -0.0013008670232670515 0.002565173032529483
v 0.004391442030634298 -0.0013001174352187527 0.0024589725708659693
v 0.004445180150404739 -0.0013008670232670515 0.002565173032529483
v 0.0045740535047619785 -0.001499999952036881 0.002370334260991813
v 0.00468657372800191 -0.0014999994751997002 0.002646166688720225
v 0.00468657372800191 -0.0014999994751997002 0.002646166688720225
v 0.004509152149750619 -0.0013004998586377957 0.0027832971941196827
v 0.00448683616968676 -0.0013002548835361332 0.0026861385190794784
v 0.00468657372800191 -0.0014999994751997002 0.002646166688720225
v 0.004719729170860889 -0.0014999980446881577 0.0031399106086561768
v 0.004522093987676114 -0.0012997702977510927 0.0028938149396186275
v 0.004719729170860889 -0.0014999980446881577 0.0031399106086561768
v 0.00452330086258085 -0.0013006793878363864 0.0030165595056903804
v 0.004522093987676114 -0.0012997702977510927 0.0028938149396186275
v 0.004719729170860889 -0.0014999980446881577 0.0031399106086561768
v 0.004507240032655404 -0.0013001821658660533 0.003139315515854474
v 0.00452330086258085 -0.0013006793878363864 0.0030165595056903804
v 0.0044188911629500244 -0.0012999240777419173 0.0034053498931907455
v 0.004719729170860889 -0.0014999980446881577 0.0031399106086561768
v 0.0044932238805614495 -0.001499998163897453 0.003680969413117907
v 0.004268354141792332 -0.001299573960041877 0.0036247724824244043
v 0.00433906623468955 -0.0012995267531609727 0.003537301469968973
v 0.0044932238805614495 -0.001499998163897453 0.003680969413117907
v 0.0044932238805614495 -0.001499998163897453 0.003680969413117907
v 0.004201234063378469 -0.0013003968618067318 0.003693269905035157
v 0.004268354141792332 -0.001299573960041877 0.0036247724824244043
v 0.004201234063378469 -0.0013003968618067318 0.003693269905035157
v 0.0044932238805614495 -0.001499998163897453 0.003680969413117907
v 0.0041207849552482596 -0.0014999982831067481 0.004008886050854976
v 0.0041207849552482596 -0.0014999982831067481 0.004008886050854976
v 0.004089260295547794 -0.001300466956872317 0.003782976330194421
v 0.004201234063378469 -0.0013003968618067318 0.003693269905035157
v 0.003790697993082544 -0.0012997493169151352 0.003921723552055556
v 0.003953007647398284 -0.0013007522247157615 0.0038612930224518616
v 0.0041207849552482596 -0.0014999982831067481 0.004008886050854976
v 0.003953007647398284 -0.0013007522247157615 0.0038612930224518616
v 0.004089260295547794 -0.001300466956872317 0.003782976330194421
v 0.0041207849552482596 -0.0014999982831067481 0.004008886050854976
v 0.00433906623468955 -0.0012995267531609727 0.003537301469968973
v 0.0044188911629500244 -0.0012999240777419173 0.0034053498931907455
v 0.0044932238805614495 -0.001499998163897453 0.003680969413117907
v 0.0044188911629500244 -0.0012999240777419173 0.0034053498931907455
v 0.00447796175291393 -0.0013007534168087136 0.0032602776645442033
v 0.004719729170860889 -0.0014999980446881577 0.0031399106086561768
v 0.00447796175291393 -0.0013007534168087136 0.0032602776645442033
v 0.004507240032655404 -0.0013001821658660533 0.003139315515854474
v 0.004719729170860889 -0.0014999980446881577 0.0031399106086561768
v 0.004522093987676114 -0.0012997702977510927 0.0028938149396186275
v 0.004509152149750619 -0.0013004998586377957 0.0027832971941196827
v 0.00468657372800191 -0.0014999994751997002 0.002646166688720225
v 0.00448683616968676 -0.0013002548835361332 0.0026861385190794784
v 0.004445180150404739 -0.0013008670232670515 0.002565173032529483
v 0.00468657372800191 -0.0014999994751997002 0.002646166688720225
v 0.004391442030634298 -0.0013001174352187527 0.0024589725708659693
v 0.004343986717558758 -0.001300096931219976 0.0023843616187595174
v 0.0045740535047619785 -0.001499999952036881 0.002370334260991813
v 0.003972017953705888 -0.0012999175212306806 0.0020626350428856743
v 0.00385738867961505 -0.0013003515622745509 0.0020132585528084834
v 0.004062748625129621 -0.0014999998328275859 0.0018789000211506118
v 0.00385738867961505 -0.0013003515622745509 0.0020132585528084834
v 0.0037465257039971684 -0.0013000870368484734 0.001981208418534719
v 0.0037126635884361676 -0.0014999998328275859 0.0017659319285885655
v 0.003578421047422538 -0.0012998932025344572 0.0019570001101186507
v 0.0034419244970550224 -0.001300109805823859 0.001959977719894479
v 0.0033560046359489017 -0.0015000000712461763 0.0017662142161996297
v 0.003297000564771725 -0.0012995232960914115 0.001981023644127139
v 0.0031223272376122726 -0.0013002313993049762 0.0020399688259124804
v 0.0031137141276145488 -0.0015000000712461763 0.0018290705357516118
v 0.0031223272376122726 -0.0013002313993049762 0.0020399688259124804
v 0.003013812923528676 -0.0012998668572802151 0.00209624228897351
v 0.003021205091924829 -0.0015000000712461763 0.0018663545541316995
v 0.003013812923528676 -0.0012998668572802151 0.00209624228897351
v 0.00292590250561109 -0.001300193729167689 0.0021546417306053667
v 0.0028251172453919184 -0.0015000000712461763 0.001977369283182387
v 0.0028434046665333514 -0.0012998397967702018 0.002223530398123008
v 0.0027739037400754964 -0.001300261559256665 0.0022942918436684445
v 0.0026574343513037515 -0.0015000000712461763 0.0021262003001162877
v 0.002594168070985532 -0.0012999135873239386 0.0025876401699796714
v 0.0025513669272136954 -0.0013006023786316788 0.0027193917135605317
v 0.002357709519791585 -0.001499999952036881 0.002659254438823061
v 0.0025513669272136954 -0.0013006023786316788 0.0027193917135605317
v 0.002525688291350471 -0.001299678625803074 0.0028803581175378123
v 0.002357709519791585 -0.001499999952036881 0.002659254438823061
v 0.002525550485405205 -0.0012997090241733532 0.003024783278129939
v 0.0025410600915495864 -0.0012999914309937126 0.0031448883119870874
v 0.0023166938928434475 -0.0014999988791532242 0.003062803175489376
v 0.002704497704216631 -0.001300067248105468 0.003533626247397559
v 0.0028092104338758874 -0.0013002585790242848 0.003657278473043063
v 0.002689088233880228 -0.0014999992367811098 0.00382965892861839
v 0.002922626634178639 -0.0012993333956841373 0.0037575356360844414
v 0.0030418743147846163 -0.001300248565443487 0.0038337850007442997
v 0.0029808107838233413 -0.001499999952036881 0.004030199719164684
v 0.0031164921810301906 -0.0012999706885763456 0.0038701390674124314
v 0.0031975506870775285 -0.001300098004103633 0.003902652210588803
v 0.0029808107838233413 -0.001499999952036881 0.004030199719164684
v 0.0031975506870775285 -0.001300098004103633 0.003902652210588803
v 0.003311273493687568 -0.0013000794074535798 0.003934459634737514
v 0.0033031033654308552 -0.0014999995944089955 0.0041442701400795645
v 0.0034702908256881173 -0.0013001261374973032 0.00395708222110866
v 0.003591550282360108 -0.0013000592610826888 0.0039546224565112365
v 0.003662875111034721 -0.0014999997136182907 0.00415296812709548
v 0.003659198934788945 -0.0012997897288662124 0.003947947689653675
v 0.003790697993082544 -0.0012997493169151352 0.003921723552055556
v 0.003662875111034721 -0.0014999997136182907 0.00415296812709548
v -0.0014138426260146976 -0.001499999355990405 -0.014782837616209576
v -0.0014151724057027977 -0.0014999988791532242 -0.015287029038777988
v -0.00017570639491176773 -0.001500000428874062 -0.01521806407731141
v -0.004633119803191256 -0.0015000007865019476 -0.01394988698460553
v -0.0037562279101159574 -0.001499999952036881 -0.014716654522856087
v -0.0036745669202906135 -0.0015000001904554715 -0.014497631761598573
v -0.0036745669202906135 -0.0015000001904554715 -0.014497631761598573
v -0.003007117891090928 -0.0015000001904554715 -0.011927024454137514
v -0.0030830899749301212 -0.0014999995944089955 -0.012144731144775878
v -0.00017570639491176773 -0.001500000428874062 -0.01521806407731141
v -2.0686247437259723e-05 -0.0015000000712461763 -0.014807694184773013
v -0.0014138426260146976 -0.001499999355990405 -0.014782837616209576
v -0.0036745669202906135 -0.0015000001904554715 -0.014497631761598573
v -0.003280002511367315 -0.0014999989983625194 -0.012524741767683811
v -0.0035613168977453886 -0.001499999952036881 -0.012863501206076267
v -0.0030830899749301212 -0.0014999995944089955 -0.012144731144775878
v -0.003280002511367315 -0.0014999989983625194 -0.012524741767683811
v -0.0036745669202906135 -0.0015000001904554715 -0.014497631761598573
v -0.003007117891090928 -0.0015000001904554715 -0.011927024454137514
v -0.0036745669202906135 -0.0015000001904554715 -0.014497631761598573
v 0.0031137141276145488 -0.0015000000712461763 0.0018290705357516118
v 0.0031137141276145488 -0.0015000000712461763 0.0018290705357516118
v 0.003021205091924829 -0.0015000000712461763 0.0018663545541316995
v -0.0029820841775148057 -0.0015000000712461763 -0.011833949651132714
v -2.0686247437259723e-05 -0.0015000000712461763 -0.014807694184773013
v 5.994698317469659e-05 -0.0015000000712461763 -0.014517140124341577
v -0.0014138426260146976 -0.001499999355990405 -0.014782837616209576
v -0.004305522646365358 -0.0014999998328275859 -0.013487818404919194
v -0.004633119803191256 -0.0015000007865019476 -0.01394988698460553
v -0.0036745669202906135 -0.0015000001904554715 -0.014497631761598573
v -0.0029820841775148057 -0.0015000000712461763 -0.011833949651132714
v -0.003007117891090928 -0.0015000001904554715 -0.011927024454137514
v 0.0031137141276145488 -0.0015000000712461763 0.0018290705357516118
v -0.0005222063312609884 -0.0015000000712461763 -0.016031407164038836
v -0.0014151724057027977 -0.0014999988791532242 -0.015287029038777988
v -0.0015310449135334115 -0.001499999952036881 -0.015585709358445499
v -0.0005222063312609884 -0.0015000000712461763 -0.016031407164038836
v -0.00017570639491176773 -0.001500000428874062 -0.01521806407731141
v -0.0014151724057027977 -0.0014999988791532242 -0.015287029038777988
v -0.003998897980846268 -0.001500000428874062 -0.013207062394879898
v -0.004305522646365358 -0.0014999998328275859 -0.013487818404919194
v -0.0036745669202906135 -0.0015000001904554715 -0.014497631761598573
v -0.0009408169835635129 -0.0015000003096647667 -0.01663107188063173
v -0.0016608826710889236 -0.0014999998328275859 -0.01578797892219097
v -0.0020237873561802797 -0.001499998759943929 -0.016096167375244663
v -0.0016608826710889236 -0.0014999998328275859 -0.01578797892219097
v -0.0009408169835635129 -0.0015000003096647667 -0.01663107188063173
v -0.000680956634440261 -0.0015000001904554715 -0.016306811153560252
v -0.0035613168977453886 -0.001499999952036881 -0.012863501206076267
v -0.003998897980846268 -0.001500000428874062 -0.013207062394879898
v -0.0036745669202906135 -0.0015000001904554715 -0.014497631761598573
v -0.0015310449135334115 -0.001499999952036881 -0.015585709358445499
v -0.0016608826710889236 -0.0014999998328275859 -0.01578797892219097
v -0.000680956634440261 -0.0015000001904554715 -0.016306811153560252
v 5.994698317469659e-05 -0.0015000000712461763 -0.014517140124341577
v -0.0015408652560637566 -0.0015000000712461763 -0.014456124038679796
v -0.0014138426260146976 -0.001499999355990405 -0.014782837616209576
v 0.004719729170860889 -0.0014999980446881577 0.0031399106086561768
v 0.00468657372800191 -0.0014999994751997002 0.002646166688720225
v 0.005813629903360376 -0.0015000005480833572 0.002695710071810714
v 0.004719729170860889 -0.0014999980446881577 0.0031399106086561768
v 0.005810888089570479 -0.0015000007865019476 0.003259779131271623
v 0.005595853117656427 -0.001500001620967014 0.003975902746218285
v 0.0044932238805614495 -0.001499998163897453 0.003680969413117907
v 0.004719729170860889 -0.0014999980446881577 0.0031399106086561768
v 0.005595853117656427 -0.001500001620967014 0.003975902746218285
v -0.003797473134166675 -0.001499999952036881 -0.01495339083170788
v -0.004882882350149555 -0.0015000001904554715 -0.014765469298734235
v -0.004896066421362923 -0.0015000001904554715 -0.015159660105726336
v -0.0016164460949960608 -0.0015000000712461763 -0.014331342424171445
v 5.994698317469659e-05 -0.0015000000712461763 -0.014517140124341577
v 0.0033060506960456994 -0.0015000000712461763 0.0017762361416481798
v -0.0016164460949960608 -0.0015000000712461763 -0.014331342424171445
v -0.0015408652560637566 -0.0015000000712461763 -0.014456124038679796
v 5.994698317469659e-05 -0.0015000000712461763 -0.014517140124341577
v 0.004062748625129621 -0.0014999998328275859 0.0018789000211506118
v 0.0044327275474267975 -0.001499999952036881 0.0004906190568782116
v 0.00490926098299427 -0.0015000000712461763 0.0010739942107104716
v 0.0041207849552482596 -0.0014999982831067481 0.004008886050854976
v 0.004914488549007947 -0.0015000013825484236 0.004798047770467051
v 0.004557184435814989 -0.0015000000712461763 0.005013176679305731
v -0.004633119803191256 -0.0015000007865019476 -0.01394988698460553
v -0.004808713187691162 -0.0015000001904554715 -0.014391342846638011
v -0.0037562279101159574 -0.001499999952036881 -0.014716654522856087
v -0.003797473134166675 -0.001499999952036881 -0.01495339083170788
v -0.0037562279101159574 -0.001499999952036881 -0.014716654522856087
v -0.004808713187691162 -0.0015000001904554715 -0.014391342846638011
v -0.004896066421362923 -0.0015000001904554715 -0.015159660105726336
v -0.0037769884472958776 -0.0014999991175718146 -0.015268664131594667
v -0.003797473134166675 -0.001499999952036881 -0.01495339083170788
v 0.005716945442896529 -0.0015000007865019476 0.0022463356131344203
v 0.00468657372800191 -0.0014999994751997002 0.002646166688720225
v 0.0045740535047619785 -0.001499999952036881 0.002370334260991813
v 0.005595853117656427 -0.001500001620967014 0.003975902746218285
v 0.005265238058312918 -0.0015000000712461763 0.00446366331320891
v 0.0044932238805614495 -0.001499998163897453 0.003680969413117907
v 0.0025019010301650948 -0.0014999997136182907 0.002319650760201908
v 0.002357709519791585 -0.001499999952036881 0.002659254438823061
v 0.00039053605861713944 -0.0015000000712461763 0.0017092367030410727
v -0.0048358995827202395 -0.0015000005480833572 -0.015572769904705908
v -0.004725661025390683 -0.0015000000712461763 -0.015903590957711544
v -0.0037769884472958776 -0.0014999991175718146 -0.015268664131594667
v -0.004725661025390683 -0.0015000000712461763 -0.015903590957711544
v -0.003603646449545363 -0.0014999985215253385 -0.015698639661660962
v -0.0037769884472958776 -0.0014999991175718146 -0.015268664131594667
v -0.003603646449545363 -0.0014999985215253385 -0.015698639661660962
v -0.004725661025390683 -0.0015000000712461763 -0.015903590957711544
v -0.0045312678581985195 -0.0015000006672926524 -0.01628609925377278
v -0.0016680652695440924 -0.0015000017401763093 -0.0171434696710826
v -0.0020237873561802797 -0.001499998759943929 -0.016096167375244663
v -0.0024752506001272942 -0.0014999991175718146 -0.016232840355369094
v 0.00317749658418104 -0.0015000000712461763 0.0018075899744286056
v 0.0031137141276145488 -0.0015000000712461763 0.0018290705357516118
v -0.0022737346775461584 -0.0015000000712461763 -0.013874416056643413
v 0.0031137141276145488 -0.0015000000712461763 0.0018290705357516118
v -0.0026472362345168767 -0.0015000000712461763 -0.0138274905096758
v -0.0024020048328696206 -0.0015000000712461763 -0.013845604600501993
v 0.00490926098299427 -0.0015000000712461763 0.0010739942107104716
v 0.004374957769292255 -0.0014999994751997002 0.002102528195110087
v 0.004062748625129621 -0.0014999998328275859 0.0018789000211506118
v 0.00490926098299427 -0.0015000000712461763 0.0010739942107104716
v 0.005270341169822393 -0.001499999952036881 0.0014576992488863488
v 0.004374957769292255 -0.0014999994751997002 0.002102528195110087
v 0.005270341169822393 -0.001499999952036881 0.0014576992488863488
v 0.005515877032009622 -0.001500001024920538 0.001795847262803657
v 0.004374957769292255 -0.0014999994751997002 0.002102528195110087
v 0.0045740535047619785 -0.001499999952036881 0.002370334260991813
v 0.005515877032009622 -0.001500001024920538 0.001795847262803657
v 0.005716945442896529 -0.0015000007865019476 0.0022463356131344203
v 0.00468657372800191 -0.0014999994751997002 0.002646166688720225
v 0.005716945442896529 -0.0015000007865019476 0.0022463356131344203
v 0.005813629903360376 -0.0015000005480833572 0.002695710071810714
v 0.0041207849552482596 -0.0014999982831067481 0.004008886050854976
v 0.004557184435814989 -0.0015000000712461763 0.005013176679305731
v 0.004170913894396834 -0.0015000015017577189 0.0051720955444284344
v 0.002357709519791585 -0.001499999952036881 0.002659254438823061
v 0.0023166938928434475 -0.0014999988791532242 0.003062803175489376
v 0.0007036930656883353 -0.0015000000712461763 0.002526918054439886
v -0.0037769884472958776 -0.0014999991175718146 -0.015268664131594667
v -0.004896066421362923 -0.0015000001904554715 -0.015159660105726336
v -0.0048358995827202395 -0.0015000005480833572 -0.015572769904705908
v -0.0024752506001272942 -0.0014999991175718146 -0.016232840355369094
v -0.002216460333242521 -0.0015000015017577189 -0.017306441175405363
v -0.0016680652695440924 -0.0015000017401763093 -0.0171434696710826
v -0.0016680652695440924 -0.0015000017401763093 -0.0171434696710826
v -0.001230423508911949 -0.0015000003096647667 -0.016884470787931205
v -0.0020237873561802797 -0.001499998759943929 -0.016096167375244663
v -0.001230423508911949 -0.0015000003096647667 -0.016884470787931205
v -0.0009408169835635129 -0.0015000003096647667 -0.01663107188063173
v -0.0020237873561802797 -0.001499998759943929 -0.016096167375244663
v -0.0018222576053208992 -0.0015000000712461763 -0.01411263342177893
v -0.0016164460949960608 -0.0015000000712461763 -0.014331342424171445
v 0.0033060506960456994 -0.0015000000712461763 0.0017762361416481798
v 0.0033060506960456994 -0.0015000000712461763 0.0017762361416481798
v -0.001985375260239592 -0.0015000000712461763 -0.013995244690922504
v -0.0018222576053208992 -0.0015000000712461763 -0.01411263342177893
v 0.0033060506960456994 -0.0015000000712461763 0.0017762361416481798
v -0.0022737346775461584 -0.0015000000712461763 -0.013874416056643413
v -0.002162958963132373 -0.0015000000712461763 -0.013910804455588566
v 0.0033060506960456994 -0.0015000000712461763 0.0017762361416481798
v 0.00317749658418104 -0.0015000000712461763 0.0018075899744286056
v -0.0022737346775461584 -0.0015000000712461763 -0.013874416056643413
v 0.0041207849552482596 -0.0014999982831067481 0.004008886050854976
v 0.0044932238805614495 -0.001499998163897453 0.003680969413117907
v 0.004914488549007947 -0.0015000013825484236 0.004798047770467051
v 0.003662875111034721 -0.0014999997136182907 0.00415296812709548
v 0.0041207849552482596 -0.0014999982831067481 0.004008886050854976
v 0.004170913894396834 -0.0015000015017577189 0.0051720955444284344
v 0.0005157203919270439 -0.0015000001904554715 0.002101192812585112
v 0.00039053605861713944 -0.0015000000712461763 0.0017092367030410727
v 0.002357709519791585 -0.001499999952036881 0.002659254438823061
v 0.00039053605861713944 -0.0015000000712461763 0.0017092367030410727
v 0.0003520167041130841 -0.0015000000712461763 0.001562594845604462
v 0.0025019010301650948 -0.0014999997136182907 0.002319650760201908
v -0.004808713187691162 -0.0015000001904554715 -0.014391342846638011
v -0.004882882350149555 -0.0015000001904554715 -0.014765469298734235
v -0.003797473134166675 -0.001499999952036881 -0.01495339083170788
v -0.000680956634440261 -0.0015000001904554715 -0.016306811153560252
v -0.0005222063312609884 -0.0015000000712461763 -0.016031407164038836
v -0.0015310449135334115 -0.001499999952036881 -0.015585709358445499
v -0.0029897252549193633 -0.0015000000712461763 -0.013892222110650776
v -0.0026472362345168767 -0.0015000000712461763 -0.0138274905096758
v 0.0031137141276145488 -0.0015000000712461763 0.0018290705357516118
v -0.0036745669202906135 -0.0015000001904554715 -0.014497631761598573
v -0.003535693574995143 -0.0015000000712461763 -0.014281166754979147
v 0.0031137141276145488 -0.0015000000712461763 0.0018290705357516118
v 0.0045740535047619785 -0.001499999952036881 0.002370334260991813
v 0.004374957769292255 -0.0014999994751997002 0.002102528195110087
v 0.005515877032009622 -0.001500001024920538 0.001795847262803657
v 0.005265238058312918 -0.0015000000712461763 0.00446366331320891
v 0.004914488549007947 -0.0015000013825484236 0.004798047770467051
v 0.0044932238805614495 -0.001499998163897453 0.003680969413117907
v 0.002821440830727552 -0.0015000005480833572 0.005152667290331814
v 0.0029808107838233413 -0.001499999952036881 0.004030199719164684
v 0.0033031033654308552 -0.0014999995944089955 0.0041442701400795645
v -0.003603646449545363 -0.0014999985215253385 -0.015698639661660962
v -0.0045312678581985195 -0.0015000006672926524 -0.01628609925377278
v -0.004152481753171013 -0.0015000005480833572 -0.01673108180359484
v -0.003250272189978394 -0.001499998759943929 -0.016050497817411413
v -0.003603646449545363 -0.0014999985215253385 -0.015698639661660962
v -0.004152481753171013 -0.0015000005480833572 -0.01673108180359484
v 0.0031137141276145488 -0.0015000000712461763 0.0018290705357516118
v -0.003360244195323854 -0.0015000000712461763 -0.014101293279943916
v -0.0031971446602180333 -0.0015000000712461763 -0.01399138517078069
v 0.0037126635884361676 -0.0014999998328275859 0.0017659319285885655
v 0.0034894158113377162 -0.001499999952036881 -0.001150201017651939
v 0.003927339740371629 -0.001499999952036881 -0.00028100870394282343
v 0.0037126635884361676 -0.0014999998328275859 0.0017659319285885655
v 0.003927339740371629 -0.001499999952036881 -0.00028100870394282343
v 0.0044327275474267975 -0.001499999952036881 0.0004906190568782116
v 0.005813629903360376 -0.0015000005480833572 0.002695710071810714
v 0.005810888089570479 -0.0015000007865019476 0.003259779131271623
v 0.004719729170860889 -0.0014999980446881577 0.0031399106086561768
v 0.0029808107838233413 -0.001499999952036881 0.004030199719164684
v 0.002821440830727552 -0.0015000005480833572 0.005152667290331814
v 0.0024179590896851464 -0.0015000000712461763 0.004975822685069353
v 0.0024179590896851464 -0.0015000000712461763 0.004975822685069353
v 0.0021147645524265133 -0.0015000000712461763 0.004777556646294312
v 0.002689088233880228 -0.0014999992367811098 0.00382965892861839
v 0.0018070300483689914 -0.0015000000712461763 0.00449014017451288
v 0.0015186370140411749 -0.001500000428874062 0.004096071914676258
v 0.002689088233880228 -0.0014999992367811098 0.00382965892861839
v 0.0026574343513037515 -0.0015000000712461763 0.0021262003001162877
v 0.0003520167041130841 -0.0015000000712461763 0.001562594845604462
v -0.0029820841775148057 -0.0015000000712461763 -0.011833949651132714
v 0.0026574343513037515 -0.0015000000712461763 0.0021262003001162877
v 0.0025019010301650948 -0.0014999997136182907 0.002319650760201908
v 0.0003520167041130841 -0.0015000000712461763 0.001562594845604462
v -0.0024020048328696206 -0.0015000000712461763 -0.013845604600501993
v -0.0022737346775461584 -0.0015000000712461763 -0.013874416056643413
v 0.0031137141276145488 -0.0015000000712461763 0.0018290705357516118
v -0.0031971446602180333 -0.0015000000712461763 -0.01399138517078069
v -0.0029897252549193633 -0.0015000000712461763 -0.013892222110650776
v 0.0031137141276145488 -0.0015000000712461763 0.0018290705357516118
v 0.0033560046359489017 -0.0015000000712461763 0.0017662142161996297
v 0.003178910168003675 -0.001499999952036881 -0.0020157474044739387
v 0.0034894158113377162 -0.001499999952036881 -0.001150201017651939
v -0.0027416926732531945 -0.0015000006672926524 -0.017330490935458798
v -0.0024752506001272942 -0.0014999991175718146 -0.016232840355369094
v -0.0028497497004803542 -0.0014999997136182907 -0.01620668678967374
v 0.0044327275474267975 -0.001499999952036881 0.0004906190568782116
v 0.004062748625129621 -0.0014999998328275859 0.0018789000211506118
v 0.0037126635884361676 -0.0014999998328275859 0.0017659319285885655
v 0.003662875111034721 -0.0014999997136182907 0.00415296812709548
v 0.004170913894396834 -0.0015000015017577189 0.0051720955444284344
v 0.0037638155817562597 -0.0015000000712461763 0.005244841824739166
v 0.0024309071264939927 -0.0014999995944089955 0.003459793493570257
v 0.002689088233880228 -0.0014999992367811098 0.00382965892861839
v 0.0015186370140411749 -0.001500000428874062 0.004096071914676258
v 0.0015186370140411749 -0.001500000428874062 0.004096071914676258
v 0.0011082226564356622 -0.0015000000712461763 0.0032393595326760116
v 0.0023166938928434475 -0.0014999988791532242 0.003062803175489376
v 0.0007036930656883353 -0.0015000000712461763 0.002526918054439886
v 0.0005157203919270439 -0.0015000001904554715 0.002101192812585112
v 0.002357709519791585 -0.001499999952036881 0.002659254438823061
v -0.0024752506001272942 -0.0014999991175718146 -0.016232840355369094
v -0.0027416926732531945 -0.0015000006672926524 -0.017330490935458798
v -0.002216460333242521 -0.0015000015017577189 -0.017306441175405363
v -0.002162958963132373 -0.0015000000712461763 -0.013910804455588566
v -0.001985375260239592 -0.0015000000712461763 -0.013995244690922504
v 0.0033060506960456994 -0.0015000000712461763 0.0017762361416481798
v 0.0031137141276145488 -0.0015000000712461763 0.0018290705357516118
v -0.003535693574995143 -0.0015000000712461763 -0.014281166754979147
v -0.003360244195323854 -0.0015000000712461763 -0.014101293279943916
v 0.003662875111034721 -0.0014999997136182907 0.00415296812709548
v 0.0037638155817562597 -0.0015000000712461763 0.005244841824739166
v 0.0033938681307130194 -0.0015000007865019476 0.0052594449634027485
v 0.0033031033654308552 -0.0014999995944089955 0.0041442701400795645
v 0.0033938681307130194 -0.0015000007865019476 0.0052594449634027485
v 0.002821440830727552 -0.0015000005480833572 0.005152667290331814
v 0.002689088233880228 -0.0014999992367811098 0.00382965892861839
v 0.0029808107838233413 -0.001499999952036881 0.004030199719164684
v 0.0024179590896851464 -0.0015000000712461763 0.004975822685069353
v 0.0021147645524265133 -0.0015000000712461763 0.004777556646294312
v 0.0018070300483689914 -0.0015000000712461763 0.00449014017451288
v 0.002689088233880228 -0.0014999992367811098 0.00382965892861839
v 0.0011082226564356622 -0.0015000000712461763 0.0032393595326760116
v 0.0007036930656883353 -0.0015000000712461763 0.002526918054439886
v 0.0023166938928434475 -0.0014999988791532242 0.003062803175489376
v -0.004152481753171013 -0.0015000005480833572 -0.01673108180359484
v -0.003700429376887056 -0.0015000007865019476 -0.01705456051768972
v -0.003250272189978394 -0.001499998759943929 -0.016050497817411413
v 0.0033560046359489017 -0.0015000000712461763 0.0017662142161996297
v 5.994698317469659e-05 -0.0015000000712461763 -0.014517140124341577
v 0.0030749756366235683 -0.0015000000712461763 -0.002402640456831695
v 0.0033560046359489017 -0.0015000000712461763 0.0017662142161996297
v 0.0030749756366235683 -0.0015000000712461763 -0.002402640456831695
v 0.003178910168003675 -0.001499999952036881 -0.0020157474044739387
v -0.0028497497004803542 -0.0014999997136182907 -0.01620668678967374
v -0.003250272189978394 -0.001499998759943929 -0.016050497817411413
v -0.003233617459344197 -0.0015000007865019476 -0.017245823725626774
v -0.0028497497004803542 -0.0014999997136182907 -0.01620668678967374
v -0.003233617459344197 -0.0015000007865019476 -0.017245823725626774
v -0.0027416926732531945 -0.0015000006672926524 -0.017330490935458798
v 0.0033031033654308552 -0.0014999995944089955 0.0041442701400795645
v 0.003662875111034721 -0.0014999997136182907 0.00415296812709548
v 0.0033938681307130194 -0.0015000007865019476 0.0052594449634027485
v -0.0029820841775148057 -0.0015000000712461763 -0.011833949651132714
v 0.003021205091924829 -0.0015000000712461763 0.0018663545541316995
v 0.0028251172453919184 -0.0015000000712461763 0.001977369283182387
v 0.0034894158113377162 -0.001499999952036881 -0.001150201017651939
v 0.0037126635884361676 -0.0014999998328275859 0.0017659319285885655
v 0.0033560046359489017 -0.0015000000712461763 0.0017662142161996297
v -0.003250272189978394 -0.001499998759943929 -0.016050497817411413
v -0.003700429376887056 -0.0015000007865019476 -0.01705456051768972
v -0.003233617459344197 -0.0015000007865019476 -0.017245823725626774
v 0.0023166938928434475 -0.0014999988791532242 0.003062803175489376
v 0.0024309071264939927 -0.0014999995944089955 0.003459793493570257
v 0.0015186370140411749 -0.001500000428874062 0.004096071914676258
v 0.0033560046359489017 -0.0015000000712461763 0.0017662142161996297
v 0.0033060506960456994 -0.0015000000712461763 0.0017762361416481798
v 5.994698317469659e-05 -0.0015000000712461763 -0.014517140124341577
v 0.0028251172453919184 -0.0015000000712461763 0.001977369283182387
v 0.0026574343513037515 -0.0015000000712461763 0.0021262003001162877
v -0.0029820841775148057 -0.0015000000712461763 -0.011833949651132714
v 0.005270341169822393 -0.001499999952036881 0.0014576992488863488
v 0.00490926098299427 -0.0015000000712461763 0.0010739942107104716
v 0.0051624624797008715 -0.0012997576615658 0.0010529760622435963
v 0.00490926098299427 -0.0015000000712461763 0.0010739942107104716
v 0.0044327275474267975 -0.001499999952036881 0.0004906190568782116
v 0.004803970565090411 -0.001299771013006864 0.0006382209365714958
v 0.0044327275474267975 -0.001499999952036881 0.0004906190568782116
v 0.003927339740371629 -0.001499999952036881 -0.00028100870394282343
v 0.004322371688150752 -0.0013002135179106943 -2.620069061986651e-05
v 0.003927339740371629 -0.001499999952036881 -0.00028100870394282343
v 0.0034894158113377162 -0.001499999952036881 -0.001150201017651939
v 0.0038501426618148277 -0.0012997737548206538 -0.0008585769941913193
v 0.0034894158113377162 -0.001499999952036881 -0.001150201017651939
v 0.003178910168003675 -0.001499999952036881 -0.0020157474044739387
v 0.0034365905963500156 -0.00129993123029963 -0.0018709803516231416
v 0.003178910168003675 -0.001499999952036881 -0.0020157474044739387
v 0.0030749756366235683 -0.0015000000712461763 -0.002402640456831695
v 0.0032690552833693222 -0.001300000014062968 -0.0024509423943218367
v 0.0032690552833693222 -0.001300000014062968 -0.0024509423943218367
v 0.0033177701618580815 -0.001299931707136811 -0.0022637761714426607
v 0.003178910168003675 -0.001499999952036881 -0.0020157474044739387
v 0.0033177701618580815 -0.001299931707136811 -0.0022637761714426607
v 0.003378345649964755 -0.001300000014062968 -0.0020553906940155853
v 0.003178910168003675 -0.001499999952036881 -0.0020157474044739387
v 0.003378345649964755 -0.001300000014062968 -0.0020553906940155853
v 0.0034365905963500156 -0.00129993123029963 -0.0018709803516231416
v 0.003178910168003675 -0.001499999952036881 -0.0020157474044739387
v 0.0034365905963500156 -0.00129993123029963 -0.0018709803516231416
v 0.0035077759501492296 -0.001300000014062968 -0.0016659637288787832
v 0.0034894158113377162 -0.001499999952036881 -0.001150201017651939
v 0.0035077759501492296 -0.001300000014062968 -0.0016659637288787832
v 0.003575403144904928 -0.0012999315879275157 -0.001484776328991716
v 0.0034894158113377162 -0.001499999952036881 -0.001150201017651939
v 0.003575403144904928 -0.0012999315879275157 -0.001484776328991716
v 0.00367886489222022 -0.0012999314687182205 -0.0012314962733595697
v 0.0034894158113377162 -0.001499999952036881 -0.001150201017651939
v 0.00367886489222022 -0.0012999314687182205 -0.0012314962733595697
v 0.0037673003078739237 -0.001300000014062968 -0.0010333042635568557
v 0.0034894158113377162 -0.001499999952036881 -0.001150201017651939
v 0.0037673003078739237 -0.001300000014062968 -0.0010333042635568557
v 0.0038501426618148277 -0.0012997737548206538 -0.0008585769941913193
v 0.0034894158113377162 -0.001499999952036881 -0.001150201017651939
v 0.0038501426618148277 -0.0012997737548206538 -0.0008585769941913193
v 0.003948631235752427 -0.001300000014062968 -0.0006651674824986048
v 0.003927339740371629 -0.001499999952036881 -0.00028100870394282343
v 0.003948631235752427 -0.001300000014062968 -0.0006651674824986048
v 0.0040403248798628905 -0.0012997714898440448 -0.0004949177440635895
v 0.003927339740371629 -0.001499999952036881 -0.00028100870394282343
v 0.0040403248798628905 -0.0012997714898440448 -0.0004949177440635895
v 0.004177369792988385 -0.0012999313495089253 -0.0002580989721818333
v 0.003927339740371629 -0.001499999952036881 -0.00028100870394282343
v 0.004177369792988385 -0.0012999313495089253 -0.0002580989721818333
v 0.004322371688150752 -0.0013002135179106943 -2.620069061986651e-05
v 0.003927339740371629 -0.001499999952036881 -0.00028100870394282343
v 0.004322371688150752 -0.0013002135179106943 -2.620069061986651e-05
v 0.004443306657121173 -0.001300000014062968 0.00015414775150039695
v 0.0044327275474267975 -0.001499999952036881 0.0004906190568782116
v 0.004443306657121173 -0.001300000014062968 0.00015414775150039695
v 0.004554698683591209 -0.0012997717282626352 0.0003122615962525277
v 0.0044327275474267975 -0.001499999952036881 0.0004906190568782116
v 0.004554698683591209 -0.0012997717282626352 0.0003122615962525277
v 0.004684640630070737 -0.001300000014062968 0.00048605679794111803
v 0.0044327275474267975 -0.001499999952036881 0.0004906190568782116
v 0.004684640630070737 -0.001300000014062968 0.00048605679794111803
v 0.004803970565090411 -0.001299771013006864 0.0006382209365714958
v 0.0044327275474267975 -0.001499999952036881 0.0004906190568782116
v 0.004803970565090411 -0.001299771013006864 0.0006382209365714958
v 0.004979413745878349 -0.0012997636220305607 0.0008483755991488262
v 0.00490926098299427 -0.0015000000712461763 0.0010739942107104716
v 0.004979413745878349 -0.0012997636220305607 0.0008483755991488262
v 0.0051624624797008715 -0.0012997576615658 0.0010529760622435963
v 0.00490926098299427 -0.0015000000712461763 0.0010739942107104716
v 0.0051624624797008715 -0.0012997576615658 0.0010529760622435963
v 0.00537144304992965 -0.0012998549363506938 0.0012719528087131587
v 0.005270341169822393 -0.001499999952036881 0.0014576992488863488
v 0.0015186370140411749 -0.001500000428874062 0.004096071914676258
v 0.0013683561736588946 -0.001299164118484935 0.004226651869303766
v 0.0012641180162038807 -0.0013000206372710398 0.004027435970864468
v 0.0015181045061194588 -0.0013005785367726363 0.00445036623158368
v 0.0015186370140411749 -0.001500000428874062 0.004096071914676258
v 0.0018070300483689914 -0.0015000000712461763 0.00449014017451288
v 0.0018070300483689914 -0.0015000000712461763 0.00449014017451288
v 0.0016681676703286803 -0.001300260963210189 0.004633700590877532
v 0.0015181045061194588 -0.0013005785367726363 0.00445036623158368
v 0.0018070300483689914 -0.0015000000712461763 0.00449014017451288
v 0.0018204531342192612 -0.0013001018188010798 0.004787542093698527
v 0.0016681676703286803 -0.001300260963210189 0.004633700590877532
v 0.0018204531342192612 -0.0013001018188010798 0.004787542093698527
v 0.0018070300483689914 -0.0015000000712461763 0.00449014017451288
v 0.0021147645524265133 -0.0015000000712461763 0.004777556646294312
v 0.0021147645524265133 -0.0015000000712461763 0.004777556646294312
v 0.002065517285225333 -0.0013000707051750292 0.00498777985421639
v 0.0019546165202608693 -0.0013003088853468646 0.004903526539057346
v 0.0021147645524265133 -0.0015000000712461763 0.004777556646294312
v 0.0024179590896851464 -0.0015000000712461763 0.004975822685069353
v 0.0022103370285846144 -0.0012997720858905209 0.005085004094368961
v 0.0024179590896851464 -0.0015000000712461763 0.004975822685069353
v 0.002821440830727552 -0.0015000005480833572 0.005152667290331814
v 0.002391971940165911 -0.0013007623575058546 0.0051867997725743575
v 0.002821440830727552 -0.0015000005480833572 0.005152667290331814
v 0.00255938709017703 -0.0012999609134141381 0.005263587724829988
v 0.002391971940165911 -0.0013007623575058546 0.0051867997725743575
v 0.002821440830727552 -0.0015000005480833572 0.005152667290331814
v 0.002749138724250784 -0.001300893010893408 0.00533490110941226
v 0.00255938709017703 -0.0012999609134141381 0.005263587724829988
v 0.002821440830727552 -0.0015000005480833572 0.005152667290331814
v 0.002976943634286634 -0.0013001062295450027 0.005397030133054148
v 0.002749138724250784 -0.001300893010893408 0.00533490110941226
v 0.002821440830727552 -0.0015000005480833572 0.005152667290331814
v 0.0033938681307130194 -0.0015000007865019476 0.0052594449634027485
v 0.003128584056680818 -0.0013001605889836198 0.00542565228483477
v 0.0033938681307130194 -0.0015000007865019476 0.0052594449634027485
v 0.0033747274094364523 -0.0012997465751013453 0.005454033157001881
v 0.003128584056680818 -0.0013001605889836198 0.00542565228483477
v 0.0033938681307130194 -0.0015000007865019476 0.0052594449634027485
v 0.0036690043761573882 -0.0012999958417376355 0.005452646037642783
v 0.003590175083930532 -0.0013000746390817712 0.005456061622369224
v 0.0037638155817562597 -0.0015000000712461763 0.005244841824739166
v 0.0037928895367657384 -0.0013000580689897367 0.00544285752399426
v 0.0036690043761573882 -0.0012999958417376355 0.005452646037642783
v 0.0036690043761573882 -0.0012999958417376355 0.005452646037642783
v 0.0033938681307130194 -0.0015000007865019476 0.0052594449634027485
v 0.0037638155817562597 -0.0015000000712461763 0.005244841824739166
v 0.0037638155817562597 -0.0015000000712461763 0.005244841824739166
v 0.004170913894396834 -0.0015000015017577189 0.0051720955444284344
v 0.003952703663695491 -0.0013004673145002026 0.0054201047610727415
v 0.004170913894396834 -0.0015000015017577189 0.0051720955444284344
v 0.004301785673379023 -0.0012996513268744702 0.0053339512497480035
v 0.0041155225801203805 -0.0013004481218036733 0.005386295097601634
v 0.004170913894396834 -0.0015000015017577189 0.0051720955444284344
v 0.004533225274825916 -0.0012994752547454407 0.005244993458962677
v 0.004301785673379023 -0.0012996513268744702 0.0053339512497480035
v 0.004170913894396834 -0.0015000015017577189 0.0051720955444284344
v 0.004557184435814989 -0.0015000000712461763 0.005013176679305731
v 0.004533225274825916 -0.0012994752547454407 0.005244993458962677
v 0.004557184435814989 -0.0015000000712461763 0.005013176679305731
v 0.004752161251716515 -0.0012993430516370496 0.005135291343461579
v 0.004533225274825916 -0.0012994752547454407 0.005244993458962677
v 0.004557184435814989 -0.0015000000712461763 0.005013176679305731
v 0.004914488549007947 -0.0015000013825484236 0.004798047770467051
v 0.004752161251716515 -0.0012993430516370496 0.005135291343461579
v 0.004914488549007947 -0.0015000013825484236 0.004798047770467051
v 0.004953521963795284 -0.001299714507800933 0.0050085518354886505
v 0.004752161251716515 -0.0012993430516370496 0.005135291343461579
v 0.004914488549007947 -0.0015000013825484236 0.004798047770467051
v 0.005141231304223451 -0.0012995567939033663 0.004864156954057508
v 0.004953521963795284 -0.001299714507800933 0.0050085518354886505
v 0.004914488549007947 -0.0015000013825484236 0.004798047770467051
v 0.005293407214771731 -0.0012997224948237123 0.004723129019960359
v 0.005141231304223451 -0.0012995567939033663 0.004864156954057508
v 0.005293407214771731 -0.0012997224948237123 0.004723129019960359
v 0.004914488549007947 -0.0015000013825484236 0.004798047770467051
v 0.005265238058312918 -0.0015000000712461763 0.00446366331320891
v 0.005265238058312918 -0.0015000000712461763 0.00446366331320891
v 0.005517682337576327 -0.001300505580683966 0.004465918753074338
v 0.005410784501535817 -0.001299996676202702 0.0045973746576030705
v 0.005265238058312918 -0.0015000000712461763 0.00446366331320891
v 0.005595853117656427 -0.001500001620967014 0.003975902746218285
v 0.0056172645375882095 -0.0013003439328796572 0.004324014392238784
v 0.005595853117656427 -0.001500001620967014 0.003975902746218285
v 0.005904963296980706 -0.0013000902554994441 0.0037194887974242863
v 0.0058217070483668224 -0.0012998939177902285 0.0039453637089706395
v 0.005595853117656427 -0.001500001620967014 0.003975902746218285
v 0.005810888089570479 -0.0015000007865019476 0.003259779131271623
v 0.005904963296980706 -0.0013000902554994441 0.0037194887974242863
v 0.005810888089570479 -0.0015000007865019476 0.003259779131271623
v 0.0059542725530153965 -0.0012995473763690445 0.003545236040658345
v 0.005904963296980706 -0.0013000902554994441 0.0037194887974242863
v 0.005810888089570479 -0.0015000007865019476 0.003259779131271623
v 0.006016142654068082 -0.00130001789545725 0.0031556471892986437
v 0.005997237490358856 -0.0012995906493432068 0.003325588861112505
v 0.005813629903360376 -0.0015000005480833572 0.002695710071810714
v 0.006020623969893726 -0.0012999914309937126 0.0028141302014893232
v 0.006023742961893677 -0.001300623717095522 0.00300281968074273
v 0.006023742961893677 -0.001300623717095522 0.00300281968074273
v 0.005810888089570479 -0.0015000007865019476 0.003259779131271623
v 0.005813629903360376 -0.0015000005480833572 0.002695710071810714
v 0.005813629903360376 -0.0015000005480833572 0.002695710071810714
v 0.006007038401774081 -0.0013001101634517447 0.0026663395240747456
v 0.006020623969893726 -0.0012999914309937126 0.0028141302014893232
v 0.005813629903360376 -0.0015000005480833572 0.002695710071810714
v 0.005983465002064317 -0.0013002786061858806 0.0025073586701185313
v 0.006007038401774081 -0.0013001101634517447 0.0026663395240747456
v 0.005983465002064317 -0.0013002786061858806 0.0025073586701185313
v 0.005813629903360376 -0.0015000005480833572 0.002695710071810714
v 0.005716945442896529 -0.0015000007865019476 0.0022463356131344203
v 0.005716945442896529 -0.0015000007865019476 0.0022463356131344203
v 0.005897126954750589 -0.0013004360816648568 0.002170374019713206
v 0.005940379424914102 -0.0013000099084344706 0.0023150728848471414
v 0.005716945442896529 -0.0015000007865019476 0.0022463356131344203
v 0.005859360496352775 -0.0012999644896929945 0.0020647319343884696
v 0.005897126954750589 -0.0013004360816648568 0.002170374019713206
v 0.005716945442896529 -0.0015000007865019476 0.0022463356131344203
v 0.005515877032009622 -0.001500001024920538 0.001795847262803657
v 0.005824216165612464 -0.0012999988219700158 0.0019781628594606193
v 0.005515877032009622 -0.001500001024920538 0.001795847262803657
v 0.005514267229687067 -0.0012992132327145627 0.001441814967927113
v 0.0056456477939412246 -0.001300740184576945 0.0016340963424545801
v 0.005515877032009622 -0.001500001024920538 0.001795847262803657
v 0.005270341169822393 -0.001499999952036881 0.0014576992488863488
v 0.005514267229687067 -0.0012992132327145627 0.001441814967927113
v 0.00537144304992965 -0.0012998549363506938 0.0012719528087131587
v 0.005514267229687067 -0.0012992132327145627 0.001441814967927113
v 0.005270341169822393 -0.001499999952036881 0.0014576992488863488
v 0.0056456477939412246 -0.001300740184576945 0.0016340963424545801
v 0.005754129206259342 -0.0013000445983393776 0.0018257838162732964
v 0.005515877032009622 -0.001500001024920538 0.001795847262803657
v 0.005754129206259342 -0.0013000445983393776 0.0018257838162732964
v 0.005824216165612464 -0.0012999988219700158 0.0019781628594606193
v 0.005515877032009622 -0.001500001024920538 0.001795847262803657
v 0.005824216165612464 -0.0012999988219700158 0.0019781628594606193
v 0.005859360496352775 -0.0012999644896929945 0.0020647319343884696
v 0.005716945442896529 -0.0015000007865019476 0.0022463356131344203
v 0.005940379424914102 -0.0013000099084344706 0.0023150728848471414
v 0.005983465002064317 -0.0013002786061858806 0.0025073586701185313
v 0.005716945442896529 -0.0015000007865019476 0.0022463356131344203
v 0.006023742961893677 -0.001300623717095522 0.00300281968074273
v 0.006016142654068082 -0.00130001789545725 0.0031556471892986437
v 0.005810888089570479 -0.0015000007865019476 0.003259779131271623
v 0.005997237490358856 -0.0012995906493432068 0.003325588861112505
v 0.0059542725530153965 -0.0012995473763690445 0.003545236040658345
v 0.005810888089570479 -0.0015000007865019476 0.003259779131271623
v 0.0058217070483668224 -0.0012998939177902285 0.0039453637089706395
v 0.005704682621116566 -0.0012997636220305607 0.004180558403216739
v 0.005595853117656427 -0.001500001620967014 0.003975902746218285
v 0.005704682621116566 -0.0012997636220305607 0.004180558403216739
v 0.0056172645375882095 -0.0013003439328796572 0.004324014392238784
v 0.005595853117656427 -0.001500001620967014 0.003975902746218285
v 0.0056172645375882095 -0.0013003439328796572 0.004324014392238784
v 0.005517682337576327 -0.001300505580683966 0.004465918753074338
v 0.005265238058312918 -0.0015000000712461763 0.00446366331320891
v 0.005410784501535817 -0.001299996676202702 0.0045973746576030705
v 0.005293407214771731 -0.0012997224948237123 0.004723129019960359
v 0.005265238058312918 -0.0015000000712461763 0.00446366331320891
v 0.0041155225801203805 -0.0013004481218036733 0.005386295097601634
v 0.003952703663695491 -0.0013004673145002026 0.0054201047610727415
v 0.004170913894396834 -0.0015000015017577189 0.0051720955444284344
v 0.003952703663695491 -0.0013004673145002026 0.0054201047610727415
v 0.0037928895367657384 -0.0013000580689897367 0.00544285752399426
v 0.0037638155817562597 -0.0015000000712461763 0.005244841824739166
v 0.003590175083930532 -0.0013000746390817712 0.005456061622369224
v 0.0033747274094364523 -0.0012997465751013453 0.005454033157001881
v 0.0033938681307130194 -0.0015000007865019476 0.0052594449634027485
v 0.003128584056680818 -0.0013001605889836198 0.00542565228483477
v 0.002976943634286634 -0.0013001062295450027 0.005397030133054148
v 0.002821440830727552 -0.0015000005480833572 0.005152667290331814
v 0.002391971940165911 -0.0013007623575058546 0.0051867997725743575
v 0.0022103370285846144 -0.0012997720858905209 0.005085004094368961
v 0.0024179590896851464 -0.0015000000712461763 0.004975822685069353
v 0.0022103370285846144 -0.0012997720858905209 0.005085004094368961
v 0.002065517285225333 -0.0013000707051750292 0.00498777985421639
v 0.0021147645524265133 -0.0015000000712461763 0.004777556646294312
v 0.0019546165202608693 -0.0013003088853468646 0.004903526539057346
v 0.0018204531342192612 -0.0013001018188010798 0.004787542093698527
v 0.0021147645524265133 -0.0015000000712461763 0.004777556646294312
v 0.0015181045061194588 -0.0013005785367726363 0.00445036623158368
v 0.0013683561736588946 -0.001299164118484935 0.004226651869303766
v 0.0015186370140411749 -0.001500000428874062 0.004096071914676258
v 0.0012641180162038807 -0.0013000206372710398 0.004027435970864468
v 0.0011555462432399914 -0.001299777807936691 0.003784756840227721
v 0.0015186370140411749 -0.001500000428874062 0.004096071914676258
v 0.0002540266336457411 -0.001300000014062968 -0.014565441823413128
v 0.0032690552833693222 -0.001300000014062968 -0.0024509423943218367
v 0.0030749756366235683 -0.0015000000712461763 -0.002402640456831695
v 0.0030749756366235683 -0.0015000000712461763 -0.002402640456831695
v 5.994698317469659e-05 -0.0015000000712461763 -0.014517140124341577
v 0.0002540266336457411 -0.001300000014062968 -0.014565441823413128
v 0.005216737041299771 0.001300000014062968 0.0011105987361078457
v 0.005378584640387265 0.0012997633836119703 0.0012796122443491792
v 0.00537144304992965 -0.0012998549363506938 0.0012719528087131587
v 0.005085386517788007 0.0012996177098532201 0.0009685345752120586
v 0.005216737041299771 0.001300000014062968 0.0011105987361078457
v 0.0051624624797008715 -0.0012997576615658 0.0010529760622435963
v 0.004905942673052723 0.001299772681936997 0.0007621411447126386
v 0.005085386517788007 0.0012996177098532201 0.0009685345752120586
v 0.004979413745878349 -0.0012997636220305607 0.0008483755991488262
v 0.004733568416360747 0.0012999314687182205 0.0005496207140671602
v 0.004905942673052723 0.001299772681936997 0.0007621411447126386
v 0.004803970565090411 -0.001299771013006864 0.0006382209365714958
v 0.004602307538238983 0.001300000014062968 0.0003768015682854495
v 0.004733568416360747 0.0012999314687182205 0.0005496207140671602
v 0.004684640630070737 -0.001300000014062968 0.00048605679794111803
v 0.004488905643051657 0.001299773874029949 0.00022012941094729996
v 0.004602307538238983 0.001300000014062968 0.0003768015682854495
v 0.004554698683591209 -0.0012997717282626352 0.0003122615962525277
v 0.004335328784866034 0.0012999314687182205 -6.30942808630021e-06
v 0.004488905643051657 0.001299773874029949 0.00022012941094729996
v 0.004443306657121173 -0.001300000014062968 0.00015414775150039695
v 0.004189636906302975 0.0013002092263760666 -0.00023778195318475276
v 0.004335328784866034 0.0012999314687182205 -6.30942808630021e-06
v 0.004322371688150752 -0.0013002135179106943 -2.620069061986651e-05
v 0.004079905226896665 0.001300000014062968 -0.00042511918179791164
v 0.004189636906302975 0.0013002092263760666 -0.00023778195318475276
v 0.004177369792988385 -0.0012999313495089253 -0.0002580989721818333
v 0.00398608322002947 0.001300212802654923 -0.0005941036029712132
v 0.004079905226896665 0.001300000014062968 -0.00042511918179791164
v 0.0040403248798628905 -0.0012997714898440448 -0.0004949177440635895
v 0.003860577289843405 0.0012999866626219041 -0.0008373920123157935
v 0.00398608322002947 0.001300212802654923 -0.0005941036029712132
v 0.003948631235752427 -0.001300000014062968 -0.0006651674824986048
v 0.0037673003078739237 0.001300000014062968 -0.0010333042635568557
v 0.003860577289843405 0.0012999866626219041 -0.0008373920123157935
v 0.0038501426618148277 -0.0012997737548206538 -0.0008585769941913193
v 0.003711082634763054 0.001300000014062968 -0.001158023770022401
v 0.0037673003078739237 0.001300000014062968 -0.0010333042635568557
v 0.0037673003078739237 -0.001300000014062968 -0.0010333042635568557
v 0.003635019475022318 0.0012999315879275157 -0.001335831586390182
v 0.003711082634763054 0.001300000014062968 -0.001158023770022401
v 0.00367886489222022 -0.0012999314687182205 -0.0012314962733595697
v 0.003555337597916099 0.001300000014062968 -0.0015376934543460258
v 0.003635019475022318 0.0012999315879275157 -0.001335831586390182
v 0.003575403144904928 -0.0012999315879275157 -0.001484776328991716
v 0.0035077759501492296 0.001300000014062968 -0.0016659637288787832
v 0.003555337597916099 0.001300000014062968 -0.0015376934543460258
v 0.003575403144904928 -0.0012999315879275157 -0.001484776328991716
v 0.0034624146675533997 0.001300000014062968 -0.00179502865257343
v 0.0035077759501492296 0.001300000014062968 -0.0016659637288787832
v 0.0035077759501492296 -0.001300000014062968 -0.0016659637288787832
v 0.0034018124765645987 0.0012999314687182205 -0.0019786882148246226
v 0.0034624146675533997 0.001300000014062968 -0.00179502865257343
v 0.0034365905963500156 -0.00129993123029963 -0.0018709803516231416
v 0.003324057975343382 0.001299931707136811 -0.0022410191169865146
v 0.0034018124765645987 0.0012999314687182205 -0.0019786882148246226
v 0.003378345649964755 -0.001300000014062968 -0.0020553906940155853
v 0.0032690552833693222 0.001300000014062968 -0.0024509423943218367
v 0.003324057975343382 0.001299931707136811 -0.0022410191169865146
v 0.0033177701618580815 -0.001299931707136811 -0.0022637761714426607
v 0.0033177701618580815 -0.001299931707136811 -0.0022637761714426607
v 0.0032690552833693222 -0.001300000014062968 -0.0024509423943218367
v 0.0032690552833693222 0.001300000014062968 -0.0024509423943218367
v 0.003378345649964755 -0.001300000014062968 -0.0020553906940155853
v 0.0033177701618580815 -0.001299931707136811 -0.0022637761714426607
v 0.003324057975343382 0.001299931707136811 -0.0022410191169865146
v 0.0034365905963500156 -0.00129993123029963 -0.0018709803516231416
v 0.003378345649964755 -0.001300000014062968 -0.0020553906940155853
v 0.0034018124765645987 0.0012999314687182205 -0.0019786882148246226
v 0.0035077759501492296 -0.001300000014062968 -0.0016659637288787832
v 0.0034365905963500156 -0.00129993123029963 -0.0018709803516231416
v 0.0034624146675533997 0.001300000014062968 -0.00179502865257343
v 0.003575403144904928 -0.0012999315879275157 -0.001484776328991716
v 0.0035077759501492296 -0.001300000014062968 -0.0016659637288787832
v 0.0035077759501492296 0.001300000014062968 -0.0016659637288787832
v 0.00367886489222022 -0.0012999314687182205 -0.0012314962733595697
v 0.003575403144904928 -0.0012999315879275157 -0.001484776328991716
v 0.003635019475022318 0.0012999315879275157 -0.001335831586390182
v 0.0037673003078739237 -0.001300000014062968 -0.0010333042635568557
v 0.00367886489222022 -0.0012999314687182205 -0.0012314962733595697
v 0.003711082634763054 0.001300000014062968 -0.001158023770022401
v 0.0038501426618148277 -0.0012997737548206538 -0.0008585769941913193
v 0.0037673003078739237 -0.001300000014062968 -0.0010333042635568557
v 0.0037673003078739237 0.001300000014062968 -0.0010333042635568557
v 0.003948631235752427 -0.001300000014062968 -0.0006651674824986048
v 0.0038501426618148277 -0.0012997737548206538 -0.0008585769941913193
v 0.003860577289843405 0.0012999866626219041 -0.0008373920123157935
v 0.0040403248798628905 -0.0012997714898440448 -0.0004949177440635895
v 0.003948631235752427 -0.001300000014062968 -0.0006651674824986048
v 0.00398608322002947 0.001300212802654923 -0.0005941036029712132
v 0.004177369792988385 -0.0012999313495089253 -0.0002580989721818333
v 0.0040403248798628905 -0.0012997714898440448 -0.0004949177440635895
v 0.004079905226896665 0.001300000014062968 -0.00042511918179791164
v 0.004322371688150752 -0.0013002135179106943 -2.620069061986651e-05
v 0.004177369792988385 -0.0012999313495089253 -0.0002580989721818333
v 0.004189636906302975 0.0013002092263760666 -0.00023778195318475276
v 0.004443306657121173 -0.001300000014062968 0.00015414775150039695
v 0.004322371688150752 -0.0013002135179106943 -2.620069061986651e-05
v 0.004335328784866034 0.0012999314687182205 -6.30942808630021e-06
v 0.004554698683591209 -0.0012997717282626352 0.0003122615962525277
v 0.004443306657121173 -0.001300000014062968 0.00015414775150039695
v 0.004488905643051657 0.001299773874029949 0.00022012941094729996
v 0.004684640630070737 -0.001300000014062968 0.00048605679794111803
v 0.004554698683591209 -0.0012997717282626352 0.0003122615962525277
v 0.004602307538238983 0.001300000014062968 0.0003768015682854495
v 0.004803970565090411 -0.001299771013006864 0.0006382209365714958
v 0.004684640630070737 -0.001300000014062968 0.00048605679794111803
v 0.004733568416360747 0.0012999314687182205 0.0005496207140671602
v 0.004979413745878349 -0.0012997636220305607 0.0008483755991488262
v 0.004803970565090411 -0.001299771013006864 0.0006382209365714958
v 0.004905942673052723 0.001299772681936997 0.0007621411447126386
v 0.0051624624797008715 -0.0012997576615658 0.0010529760622435963
v 0.004979413745878349 -0.0012997636220305607 0.0008483755991488262
v 0.005085386517788007 0.0012996177098532201 0.0009685345752120586
v 0.00537144304992965 -0.0012998549363506938 0.0012719528087131587
v 0.0051624624797008715 -0.0012997576615658 0.0010529760622435963
v 0.005216737041299771 0.001300000014062968 0.0011105987361078457
v 0.0011082226564356622 -0.0015000000712461763 0.0032393595326760116
v 0.0015186370140411749 -0.001500000428874062 0.004096071914676258
v 0.0011555462432399914 -0.001299777807936691 0.003784756840227721
v 0.0011555462432399914 -0.001299777807936691 0.003784756840227721
v 0.0010608410147045643 -0.001300000014062968 0.0035881735598639053
v 0.0011082226564356622 -0.0015000000712461763 0.0032393595326760116
v 0.0010608410147045643 -0.001300000014062968 0.0035881735598639053
v 0.0009998051402997786 -0.001300000014062968 0.0034679173686204268
v 0.0011082226564356622 -0.0015000000712461763 0.0032393595326760116
v 0.0009998051402997786 -0.001300000014062968 0.0034679173686204268
v 0.000910313291871898 -0.0012997784039831671 0.003299590267500929
v 0.0011082226564356622 -0.0015000000712461763 0.0032393595326760116
v 0.000910313291871898 -0.0012997784039831671 0.003299590267500929
v 0.0008038720870367017 -0.0013000052592719573 0.003112218527796806
v 0.0011082226564356622 -0.0015000000712461763 0.0032393595326760116
v 0.0012659972315336172 0.0012998748443029944 0.004031740856933197
v 0.0011555462432399914 -0.001299777807936691 0.003784756840227721
v 0.0012641180162038807 -0.0013000206372710398 0.004027435970864468
v 0.0012641180162038807 -0.0013000206372710398 0.004027435970864468
v 0.0013683561736588946 -0.001299164118484935 0.004226651869303766
v 0.0012659972315336172 0.0012998748443029944 0.004031740856933197
v 0.0013723805602559875 0.0012995260379052014 0.0042324845416999435
v 0.0012659972315336172 0.0012998748443029944 0.004031740856933197
v 0.0013683561736588946 -0.001299164118484935 0.004226651869303766
v 0.0015020497558680685 0.001299844445932715 0.004428689213342163
v 0.0013723805602559875 0.0012995260379052014 0.0042324845416999435
v 0.0013683561736588946 -0.001299164118484935 0.004226651869303766
v 0.0015181045061194588 -0.0013005785367726363 0.00445036623158368
v 0.0016681676703286803 -0.001300260963210189 0.004633700590877532
v 0.0016574613643163128 0.0012993065735927144 0.004621731023963793
v 0.0016681676703286803 -0.001300260963210189 0.004633700590877532
v 0.0018204531342192612 -0.0013001018188010798 0.004787542093698527
v 0.0018068500423332199 0.0012997524163568107 0.004774877298175106
v 0.0018068500423332199 0.0012997524163568107 0.004774877298175106
v 0.0016574613643163128 0.0012993065735927144 0.004621731023963793
v 0.0016681676703286803 -0.001300260963210189 0.004633700590877532
v 0.0019310135566458922 0.0012999202630444705 0.00488407301259014
v 0.0018068500423332199 0.0012997524163568107 0.004774877298175106
v 0.0018204531342192612 -0.0013001018188010798 0.004787542093698527
v 0.0020590950036550324 0.0012997856757501751 0.0049834249002436715
v 0.0019310135566458922 0.0012999202630444705 0.00488407301259014
v 0.0019546165202608693 -0.0013003088853468646 0.004903526539057346
v 0.0019546165202608693 -0.0013003088853468646 0.004903526539057346
v 0.002065517285225333 -0.0013000707051750292 0.00498777985421639
v 0.0020590950036550324 0.0012997856757501751 0.0049834249002436715
v 0.0022103370285846144 -0.0012997720858905209 0.005085004094368961
v 0.0022096639729038423 0.0012999404094153615 0.005084310773108003
v 0.0020590950036550324 0.0012997856757501751 0.0049834249002436715
v 0.0020590950036550324 0.0012997856757501751 0.0049834249002436715
v 0.002065517285225333 -0.0013000707051750292 0.00498777985421639
v 0.0022103370285846144 -0.0012997720858905209 0.005085004094368961
v 0.002365174882694999 0.0013000914475923963 0.005172919519076946
v 0.0022096639729038423 0.0012999404094153615 0.005084310773108003
v 0.0022103370285846144 -0.0012997720858905209 0.005085004094368961
v 0.0022103370285846144 -0.0012997720858905209 0.005085004094368961
v 0.002391971940165911 -0.0013007623575058546 0.0051867997725743575
v 0.002365174882694999 0.0013000914475923963 0.005172919519076946
v 0.002391971940165911 -0.0013007623575058546 0.0051867997725743575
v 0.00255938709017703 -0.0012999609134141381 0.005263587724829988
v 0.0025212191348729387 0.001299636068084683 0.0052476465810369355
v 0.00255938709017703 -0.0012999609134141381 0.005263587724829988
v 0.002749138724250784 -0.001300893010893408 0.00533490110941226
v 0.0027001947254966254 0.0013000214717361063 0.0053177840851312275
v 0.0028456105153319713 0.0013001320979620639 0.005363291041485807
v 0.0027001947254966254 0.0013000214717361063 0.0053177840851312275
v 0.002749138724250784 -0.001300893010893408 0.00533490110941226
v 0.002749138724250784 -0.001300893010893408 0.00533490110941226
v 0.002976943634286634 -0.0013001062295450027 0.005397030133054148
v 0.0028456105153319713 0.0013001320979620639 0.005363291041485807
v 0.0029991287225443488 0.0012998747250936992 0.005401814240489633
v 0.0028456105153319713 0.0013001320979620639 0.005363291041485807
v 0.002976943634286634 -0.0013001062295450027 0.005397030133054148
v 0.0029991287225443488 0.0012998747250936992 0.005401814240489633
v 0.002976943634286634 -0.0013001062295450027 0.005397030133054148
v 0.003128584056680818 -0.0013001605889836198 0.00542565228483477
v 0.0033747274094364523 -0.0012997465751013453 0.005454033157001881
v 0.0033699325731643983 0.0012997825763084996 0.005453564902890284
v 0.0031495756214748607 0.0013005149982182878 0.005428859968550359
v 0.0031495756214748607 0.0013005149982182878 0.005428859968550359
v 0.003128584056680818 -0.0013001605889836198 0.00542565228483477
v 0.0033747274094364523 -0.0012997465751013453 0.005454033157001881
v 0.0035983750145110478 0.0012997662446350554 0.005456041595207628
v 0.0033699325731643983 0.0012997825763084996 0.005453564902890284
v 0.0033747274094364523 -0.0012997465751013453 0.005454033157001881
v 0.0037095338675996476 0.001300019087550202 0.005449961921151769
v 0.0035983750145110478 0.0012997662446350554 0.005456041595207628
v 0.0036690043761573882 -0.0012999958417376355 0.005452646037642783
v 0.003590175083930532 -0.0013000746390817712 0.005456061622369224
v 0.0036690043761573882 -0.0012999958417376355 0.005452646037642783
v 0.0035983750145110478 0.0012997662446350554 0.005456041595207628
v 0.0036690043761573882 -0.0012999958417376355 0.005452646037642783
v 0.0037928895367657384 -0.0013000580689897367 0.00544285752399426
v 0.0037095338675996476 0.001300019087550202 0.005449961921151769
v 0.003972471425864878 0.0013005393169145112 0.005416463155522577
v 0.0038243538765628266 0.001300287308464431 0.005439279337789149
v 0.003952703663695491 -0.0013004673145002026 0.0054201047610727415
v 0.003952703663695491 -0.0013004673145002026 0.0054201047610727415
v 0.0041155225801203805 -0.0013004481218036733 0.005386295097601634
v 0.003972471425864878 0.0013005393169145112 0.005416463155522577
v 0.0041155225801203805 -0.0013004481218036733 0.005386295097601634
v 0.004301785673379023 -0.0012996513268744702 0.0053339512497480035
v 0.004153368670327397 0.0013000378034095505 0.005376744048869175
v 0.0043327471883689034 0.001299905361882569 0.00532289148817533
v 0.004153368670327397 0.0013000378034095505 0.005376744048869175
v 0.004301785673379023 -0.0012996513268744702 0.0053339512497480035
v 0.004301785673379023 -0.0012996513268744702 0.0053339512497480035
v 0.004533225274825916 -0.0012994752547454407 0.005244993458962677
v 0.004536341882639962 0.001299274387083007 0.0052439591991174095
v 0.004536341882639962 0.001299274387083007 0.0052439591991174095
v 0.0043327471883689034 0.001299905361882569 0.00532289148817533
v 0.004301785673379023 -0.0012996513268744702 0.0053339512497480035
v 0.004533225274825916 -0.0012994752547454407 0.005244993458962677
v 0.004752161251716515 -0.0012993430516370496 0.005135291343461579
v 0.004536341882639962 0.001299274387083007 0.0052439591991174095
v 0.00477299140712484 0.0012993519923341905 0.005123585944346032
v 0.004536341882639962 0.001299274387083007 0.0052439591991174095
v 0.004752161251716515 -0.0012993430516370496 0.005135291343461579
v 0.004752161251716515 -0.0012993430516370496 0.005135291343461579
v 0.004953521963795284 -0.001299714507800933 0.0050085518354886505
v 0.00477299140712484 0.0012993519923341905 0.005123585944346032
v 0.0049565608471488515 0.0013007958553178094 0.005006109952285509
v 0.00477299140712484 0.0012993519923341905 0.005123585944346032
v 0.004953521963795284 -0.001299714507800933 0.0050085518354886505
v 0.005124670272095291 0.001300111474753992 0.004878204577405398
v 0.004953521963795284 -0.001299714507800933 0.0050085518354886505
v 0.005141231304223451 -0.0012995567939033663 0.004864156954057508
v 0.0052739455820724505 0.001300263705023979 0.004742403255647565
v 0.005124670272095291 0.001300111474753992 0.004878204577405398
v 0.005141231304223451 -0.0012995567939033663 0.004864156954057508
v 0.005141231304223451 -0.0012995567939033663 0.004864156954057508
v 0.005293407214771731 -0.0012997224948237123 0.004723129019960359
v 0.0052739455820724505 0.001300263705023979 0.004742403255647565
v 0.005401194828991709 0.001299720706684284 0.004608367661970425
v 0.0052739455820724505 0.001300263705023979 0.004742403255647565
v 0.005293407214771731 -0.0012997224948237123 0.004723129019960359
v 0.005293407214771731 -0.0012997224948237123 0.004723129019960359
v 0.005410784501535817 -0.001299996676202702 0.0045973746576030705
v 0.005401194828991709 0.001299720706684284 0.004608367661970425
v 0.005410784501535817 -0.001299996676202702 0.0045973746576030705
v 0.005517682337576327 -0.001300505580683966 0.004465918753074338
v 0.005525068068670538 0.0012994264981436986 0.004456673833811986
v 0.005525068068670538 0.0012994264981436986 0.004456673833811986
v 0.005401194828991709 0.001299720706684284 0.004608367661970425
v 0.005410784501535817 -0.001299996676202702 0.0045973746576030705
v 0.005517682337576327 -0.001300505580683966 0.004465918753074338
v 0.0056172645375882095 -0.0013003439328796572 0.004324014392238784
v 0.005525068068670538 0.0012994264981436986 0.004456673833811986
v 0.005666975767366358 0.0013001330516364256 0.004245950423687195
v 0.005525068068670538 0.0012994264981436986 0.004456673833811986
v 0.0056172645375882095 -0.0013003439328796572 0.004324014392238784
v 0.0056172645375882095 -0.0013003439328796572 0.004324014392238784
v 0.005704682621116566 -0.0012997636220305607 0.004180558403216739
v 0.005666975767366358 0.0013001330516364256 0.004245950423687195
v 0.005866328994913741 0.0012999497077403881 0.0038339635762685287
v 0.005778120315339533 0.0013005046270096042 0.0040389272700858125
v 0.0058217070483668224 -0.0012998939177902285 0.0039453637089706395
v 0.005866328994913741 0.0012999497077403881 0.0038339635762685287
v 0.0058217070483668224 -0.0012998939177902285 0.0039453637089706395
v 0.005904963296980706 -0.0013000902554994441 0.0037194887974242863
v 0.005948091312640016 0.0012997807881690714 0.0035714875963943626
v 0.005866328994913741 0.0012999497077403881 0.0038339635762685287
v 0.005904963296980706 -0.0013000902554994441 0.0037194887974242863
v 0.005904963296980706 -0.0013000902554994441 0.0037194887974242863
v 0.0059542725530153965 -0.0012995473763690445 0.003545236040658345
v 0.005948091312640016 0.0012997807881690714 0.0035714875963943626
v 0.005986424730445863 0.0013000004909001488 0.003386772078206174
v 0.005948091312640016 0.0012997807881690714 0.0035714875963943626
v 0.0059542725530153965 -0.0012995473763690445 0.003545236040658345
v 0.0059542725530153965 -0.0012995473763690445 0.003545236040658345
v 0.005997237490358856 -0.0012995906493432068 0.003325588861112505
v 0.005986424730445863 0.0013000004909001488 0.003386772078206174
v 0.006012336062853343 0.0013000361344794175 0.00320294943763913
v 0.005986424730445863 0.0013000004909001488 0.003386772078206174
v 0.005997237490358856 -0.0012995906493432068 0.003325588861112505
v 0.005997237490358856 -0.0012995906493432068 0.003325588861112505
v 0.006016142654068082 -0.00130001789545725 0.0031556471892986437
v 0.006012336062853343 0.0013000361344794175 0.00320294943763913
v 0.0060236094474830386 0.0013007723710866525 0.0030133890152748977
v 0.006012336062853343 0.0013000361344794175 0.00320294943763913
v 0.006016142654068082 -0.00130001789545725 0.0031556471892986437
v 0.006016142654068082 -0.00130001789545725 0.0031556471892986437
v 0.006023742961893677 -0.001300623717095522 0.00300281968074273
v 0.0060236094474830386 0.0013007723710866525 0.0030133890152748977
v 0.006023742961893677 -0.001300623717095522 0.00300281968074273
v 0.006020623969893726 -0.0012999914309937126 0.0028141302014893232
v 0.0060230629920737825 0.0013000981233129282 0.0028902808608527453
v 0.006014395045800261 0.0013014681957428103 0.0027344395028952584
v 0.0060230629920737825 0.0013000981233129282 0.0028902808608527453
v 0.006020623969893726 -0.0012999914309937126 0.0028141302014893232
v 0.006020623969893726 -0.0012999914309937126 0.0028141302014893232
v 0.006007038401774081 -0.0013001101634517447 0.0026663395240747456
v 0.006014395045800261 0.0013014681957428103 0.0027344395028952584
v 0.006007038401774081 -0.0013001101634517447 0.0026663395240747456
v 0.005983465002064317 -0.0013002786061858806 0.0025073586701185313
v 0.00598606996358331 0.0013000429294092446 0.0025214790111365015
v 0.005943806930570064 0.0012997930667264783 0.0023280106696565994
v 0.00598606996358331 0.0013000429294092446 0.0025214790111365015
v 0.005983465002064317 -0.0013002786061858806 0.0025073586701185313
v 0.005983465002064317 -0.0013002786061858806 0.0025073586701185313
v 0.005940379424914102 -0.0013000099084344706 0.0023150728848471414
v 0.005943806930570064 0.0012997930667264783 0.0023280106696565994
v 0.005940379424914102 -0.0013000099084344706 0.0023150728848471414
v 0.005897126954750589 -0.0013004360816648568 0.002170374019713206
v 0.00590557031071193 0.001299994411226093 0.0021967850774862185
v 0.00588316945362988 0.001300000014062968 0.002130149227229511
v 0.00590557031071193 0.001299994411226093 0.0021967850774862185
v 0.005897126954750589 -0.0013004360816648568 0.002170374019713206
v 0.00588316945362988 0.001300000014062968 0.002130149227229511
v 0.005897126954750589 -0.0013004360816648568 0.002170374019713206
v 0.005859360496352775 -0.0012999644896929945 0.0020647319343884696
v 0.005859360496352775 -0.0012999644896929945 0.0020647319343884696
v 0.005825007715332678 0.0012999961993655211 0.0019800289617678823
v 0.005859509269553201 0.001300002279039577 0.002065290310727247
v 0.005755344187396152 0.0013004930637079686 0.0018276191625823945
v 0.005825007715332678 0.0012999961993655211 0.0019800289617678823
v 0.005824216165612464 -0.0012999988219700158 0.0019781628594606193
v 0.0056456477939412246 -0.001300740184576945 0.0016340963424545801
v 0.005628269462885085 0.0012999420783454945 0.0016065183448907283
v 0.005755344187396152 0.0013004930637079686 0.0018276191625823945
v 0.0056456477939412246 -0.001300740184576945 0.0016340963424545801
v 0.005514267229687067 -0.0012992132327145627 0.001441814967927113
v 0.005628269462885085 0.0012999420783454945 0.0016065183448907283
v 0.005510424875683764 0.0012993957421455337 0.0014375856605515491
v 0.005628269462885085 0.0012999420783454945 0.0016065183448907283
v 0.005514267229687067 -0.0012992132327145627 0.001441814967927113
v 0.005378584640387265 0.0012997633836119703 0.0012796122443491792
v 0.005510424875683764 0.0012993957421455337 0.0014375856605515491
v 0.005514267229687067 -0.0012992132327145627 0.001441814967927113
v 0.005514267229687067 -0.0012992132327145627 0.001441814967927113
v 0.00537144304992965 -0.0012998549363506938 0.0012719528087131587
v 0.005378584640387265 0.0012997633836119703 0.0012796122443491792
v 0.005754129206259342 -0.0013000445983393776 0.0018257838162732964
v 0.0056456477939412246 -0.001300740184576945 0.0016340963424545801
v 0.005755344187396152 0.0013004930637079686 0.0018276191625823945
v 0.005824216165612464 -0.0012999988219700158 0.0019781628594606193
v 0.005754129206259342 -0.0013000445983393776 0.0018257838162732964
v 0.005755344187396152 0.0013004930637079686 0.0018276191625823945
v 0.005859360496352775 -0.0012999644896929945 0.0020647319343884696
v 0.005824216165612464 -0.0012999988219700158 0.0019781628594606193
v 0.005825007715332678 0.0012999961993655211 0.0019800289617678823
v 0.005859360496352775 -0.0012999644896929945 0.0020647319343884696
v 0.005859509269553201 0.001300002279039577 0.002065290310727247
v 0.00588316945362988 0.001300000014062968 0.002130149227229511
v 0.00590557031071193 0.001299994411226093 0.0021967850774862185
v 0.005943806930570064 0.0012997930667264783 0.0023280106696565994
v 0.005940379424914102 -0.0013000099084344706 0.0023150728848471414
v 0.00598606996358331 0.0013000429294092446 0.0025214790111365015
v 0.006014395045800261 0.0013014681957428103 0.0027344395028952584
v 0.006007038401774081 -0.0013001101634517447 0.0026663395240747456
v 0.0060230629920737825 0.0013000981233129282 0.0028902808608527453
v 0.0060236094474830386 0.0013007723710866525 0.0030133890152748977
v 0.006023742961893677 -0.001300623717095522 0.00300281968074273
v 0.005704682621116566 -0.0012997636220305607 0.004180558403216739
v 0.0058217070483668224 -0.0012998939177902285 0.0039453637089706395
v 0.005778120315339533 0.0013005046270096042 0.0040389272700858125
v 0.005704682621116566 -0.0012997636220305607 0.004180558403216739
v 0.005778120315339533 0.0013005046270096042 0.0040389272700858125
v 0.005666975767366358 0.0013001330516364256 0.004245950423687195
v 0.005124670272095291 0.001300111474753992 0.004878204577405398
v 0.0049565608471488515 0.0013007958553178094 0.005006109952285509
v 0.004953521963795284 -0.001299714507800933 0.0050085518354886505
v 0.004153368670327397 0.0013000378034095505 0.005376744048869175
v 0.003972471425864878 0.0013005393169145112 0.005416463155522577
v 0.0041155225801203805 -0.0013004481218036733 0.005386295097601634
v 0.0037928895367657384 -0.0013000580689897367 0.00544285752399426
v 0.003952703663695491 -0.0013004673145002026 0.0054201047610727415
v 0.0038243538765628266 0.001300287308464431 0.005439279337789149
v 0.0038243538765628266 0.001300287308464431 0.005439279337789149
v 0.0037095338675996476 0.001300019087550202 0.005449961921151769
v 0.0037928895367657384 -0.0013000580689897367 0.00544285752399426
v 0.0033747274094364523 -0.0012997465751013453 0.005454033157001881
v 0.003590175083930532 -0.0013000746390817712 0.005456061622369224
v 0.0035983750145110478 0.0012997662446350554 0.005456041595207628
v 0.003128584056680818 -0.0013001605889836198 0.00542565228483477
v 0.0031495756214748607 0.0013005149982182878 0.005428859968550359
v 0.0029991287225443488 0.0012998747250936992 0.005401814240489633
v 0.0027001947254966254 0.0013000214717361063 0.0053177840851312275
v 0.0025212191348729387 0.001299636068084683 0.0052476465810369355
v 0.00255938709017703 -0.0012999609134141381 0.005263587724829988
v 0.0025212191348729387 0.001299636068084683 0.0052476465810369355
v 0.002365174882694999 0.0013000914475923963 0.005172919519076946
v 0.002391971940165911 -0.0013007623575058546 0.0051867997725743575
v 0.0018204531342192612 -0.0013001018188010798 0.004787542093698527
v 0.0019546165202608693 -0.0013003088853468646 0.004903526539057346
v 0.0019310135566458922 0.0012999202630444705 0.00488407301259014
v 0.0016574613643163128 0.0012993065735927144 0.004621731023963793
v 0.0015020497558680685 0.001299844445932715 0.004428689213342163
v 0.0015181045061194588 -0.0013005785367726363 0.00445036623158368
v 0.0013683561736588946 -0.001299164118484935 0.004226651869303766
v 0.0015181045061194588 -0.0013005785367726363 0.00445036623158368
v 0.0015020497558680685 0.001299844445932715 0.004428689213342163
v 0.0002540266336457411 -0.001300000014062968 -0.014565441823413128
v 5.994698317469659e-05 -0.0015000000712461763 -0.014517140124341577
v -2.0686247437259723e-05 -0.0015000000712461763 -0.014807694184773013
v 7.816791905701507e-05 -0.0012996956727322894 -0.015130372766078426
v -2.0686247437259723e-05 -0.0015000000712461763 -0.014807694184773013
v -0.00017570639491176773 -0.001500000428874062 -0.01521806407731141
v -0.00017570639491176773 -0.001500000428874062 -0.01521806407731141
v -2.1631474702810094e-05 -0.0012998881957440582 -0.015372853055610758
v 7.816791905701507e-05 -0.0012996956727322894 -0.015130372766078426
v -2.0686247437259723e-05 -0.0015000000712461763 -0.014807694184773013
v 7.816791905701507e-05 -0.0012996956727322894 -0.015130372766078426
v 0.00016974110217466567 -0.0012998065373768374 -0.01486557935750532
v -2.0686247437259723e-05 -0.0015000000712461763 -0.014807694184773013
v 0.00016974110217466567 -0.0012998065373768374 -0.01486557935750532
v 0.00022547126887276236 -0.001300019087550202 -0.014675442438989439
v -2.0686247437259723e-05 -0.0015000000712461763 -0.014807694184773013
v 0.00022547126887276236 -0.001300019087550202 -0.014675442438989439
v 0.0002540266336457411 -0.001300000014062968 -0.014565441823413128
v 0.0032690552833693222 -0.001300000014062968 -0.0024509423943218367
v 0.0002540266336457411 -0.001300000014062968 -0.014565441823413128
v 0.0002540266336457411 0.001300000014062968 -0.014565441823413128
v 0.0002540266336457411 0.001300000014062968 -0.014565441823413128
v 0.0032690552833693222 0.001300000014062968 -0.0024509423943218367
v 0.0032690552833693222 -0.001300000014062968 -0.0024509423943218367
v 0.003076367285935884 0.0015000000712461763 -0.002397047156700305
v 0.003232965146080792 0.001499999952036881 -0.0018433184307154599
v 0.003324057975343382 0.001299931707136811 -0.0022410191169865146
v 0.003232965146080792 0.001499999952036881 -0.0018433184307154599
v 0.0034249557691372347 0.0015000000712461763 -0.0013200467259831539
v 0.003555337597916099 0.001300000014062968 -0.0015376934543460258
v 0.0034249557691372347 0.0015000000712461763 -0.0013200467259831539
v 0.003695298608821092 0.0015000000712461763 -0.0007133480053215721
v 0.003711082634763054 0.001300000014062968 -0.001158023770022401
v 0.003695298608821092 0.0015000000712461763 -0.0007133480053215721
v 0.004126939492741512 0.0015000000712461763 4.803379480701258e-05
v 0.004079905226896665 0.001300000014062968 -0.00042511918179791164
v 0.004126939492741512 0.0015000000712461763 4.803379480701258e-05
v 0.004622369985786136 0.0015000000712461763 0.000735761140961029
v 0.004602307538238983 0.001300000014062968 0.0003768015682854495
v 0.004622369985786136 0.0015000000712461763 0.000735761140961029
v 0.00522498346350542 0.0015000009057112428 0.0014145858959703494
v 0.005085386517788007 0.0012996177098532201 0.0009685345752120586
v 0.005378584640387265 0.0012997633836119703 0.0012796122443491792
v 0.005216737041299771 0.001300000014062968 0.0011105987361078457
v 0.00522498346350542 0.0015000009057112428 0.0014145858959703494
v 0.005216737041299771 0.001300000014062968 0.0011105987361078457
v 0.005085386517788007 0.0012996177098532201 0.0009685345752120586
v 0.00522498346350542 0.0015000009057112428 0.0014145858959703494
v 0.005085386517788007 0.0012996177098532201 0.0009685345752120586
v 0.004905942673052723 0.001299772681936997 0.0007621411447126386
v 0.004622369985786136 0.0015000000712461763 0.000735761140961029
v 0.004905942673052723 0.001299772681936997 0.0007621411447126386
v 0.004733568416360747 0.0012999314687182205 0.0005496207140671602
v 0.004622369985786136 0.0015000000712461763 0.000735761140961029
v 0.004733568416360747 0.0012999314687182205 0.0005496207140671602
v 0.004602307538238983 0.001300000014062968 0.0003768015682854495
v 0.004622369985786136 0.0015000000712461763 0.000735761140961029
v 0.004602307538238983 0.001300000014062968 0.0003768015682854495
v 0.004488905643051657 0.001299773874029949 0.00022012941094729996
v 0.004126939492741512 0.0015000000712461763 4.803379480701258e-05
v 0.004488905643051657 0.001299773874029949 0.00022012941094729996
v 0.004335328784866034 0.0012999314687182205 -6.30942808630021e-06
v 0.004126939492741512 0.0015000000712461763 4.803379480701258e-05
v 0.004335328784866034 0.0012999314687182205 -6.30942808630021e-06
v 0.004189636906302975 0.0013002092263760666 -0.00023778195318475276
v 0.004126939492741512 0.0015000000712461763 4.803379480701258e-05
v 0.004189636906302975 0.0013002092263760666 -0.00023778195318475276
v 0.004079905226896665 0.001300000014062968 -0.00042511918179791164
v 0.004126939492741512 0.0015000000712461763 4.803379480701258e-05
v 0.004079905226896665 0.001300000014062968 -0.00042511918179791164
v 0.00398608322002947 0.001300212802654923 -0.0005941036029712132
v 0.003695298608821092 0.0015000000712461763 -0.0007133480053215721
v 0.00398608322002947 0.001300212802654923 -0.0005941036029712132
v 0.003860577289843405 0.0012999866626219041 -0.0008373920123157935
v 0.003695298608821092 0.0015000000712461763 -0.0007133480053215721
v 0.003860577289843405 0.0012999866626219041 -0.0008373920123157935
v 0.0037673003078739237 0.001300000014062968 -0.0010333042635568557
v 0.003695298608821092 0.0015000000712461763 -0.0007133480053215721
v 0.0037673003078739237 0.001300000014062968 -0.0010333042635568557
v 0.003711082634763054 0.001300000014062968 -0.001158023770022401
v 0.003695298608821092 0.0015000000712461763 -0.0007133480053215721
v 0.003711082634763054 0.001300000014062968 -0.001158023770022401
v 0.003635019475022318 0.0012999315879275157 -0.001335831586390182
v 0.0034249557691372347 0.0015000000712461763 -0.0013200467259831539
v 0.003635019475022318 0.0012999315879275157 -0.001335831586390182
v 0.003555337597916099 0.001300000014062968 -0.0015376934543460258
v 0.0034249557691372347 0.0015000000712461763 -0.0013200467259831539
v 0.003555337597916099 0.001300000014062968 -0.0015376934543460258
v 0.0035077759501492296 0.001300000014062968 -0.0016659637288787832
v 0.003232965146080792 0.001499999952036881 -0.0018433184307154599
v 0.0035077759501492296 0.001300000014062968 -0.0016659637288787832
v 0.0034624146675533997 0.001300000014062968 -0.00179502865257343
v 0.003232965146080792 0.001499999952036881 -0.0018433184307154599
v 0.0034624146675533997 0.001300000014062968 -0.00179502865257343
v 0.0034018124765645987 0.0012999314687182205 -0.0019786882148246226
v 0.003232965146080792 0.001499999952036881 -0.0018433184307154599
v 0.0034018124765645987 0.0012999314687182205 -0.0019786882148246226
v 0.003324057975343382 0.001299931707136811 -0.0022410191169865146
v 0.003232965146080792 0.001499999952036881 -0.0018433184307154599
v 0.003324057975343382 0.001299931707136811 -0.0022410191169865146
v 0.0032690552833693222 0.001300000014062968 -0.0024509423943218367
v 0.003076367285935884 0.0015000000712461763 -0.002397047156700305
v 0.00015793705736733007 -0.001300000014062968 0.0016108969023038988
v 0.0003520167041130841 -0.0015000000712461763 0.001562594845604462
v 0.00039053605861713944 -0.0015000000712461763 0.0017092367030410727
v 0.00019789182589620606 -0.001300416054503261 0.0017630520704348118
v 0.00039053605861713944 -0.0015000000712461763 0.0017092367030410727
v 0.0005157203919270439 -0.0015000001904554715 0.002101192812585112
v 0.0003734978912848902 -0.0013009713314003628 0.0022774046549085825
v 0.0005157203919270439 -0.0015000001904554715 0.002101192812585112
v 0.0007036930656883353 -0.0015000000712461763 0.002526918054439886
v 0.0005664778024799812 -0.0013000869176391782 0.002696867832485822
v 0.0007036930656883353 -0.0015000000712461763 0.002526918054439886
v 0.0011082226564356622 -0.0015000000712461763 0.0032393595326760116
v 0.0011082226564356622 -0.0015000000712461763 0.0032393595326760116
v 0.0008038720870367017 -0.0013000052592719573 0.003112218527796806
v 0.0006680537779543003 -0.0013000208756896302 0.002883209842297896
v 0.0011082226564356622 -0.0015000000712461763 0.0032393595326760116
v 0.0006680537779543003 -0.0013000208756896302 0.002883209842297896
v 0.0005664778024799812 -0.0013000869176391782 0.002696867832485822
v 0.0007036930656883353 -0.0015000000712461763 0.002526918054439886
v 0.0005664778024799812 -0.0013000869176391782 0.002696867832485822
v 0.00047576238984603524 -0.0013000206372710398 0.002511174082821116
v 0.0007036930656883353 -0.0015000000712461763 0.002526918054439886
v 0.00047576238984603524 -0.0013000206372710398 0.002511174082821116
v 0.0003734978912848902 -0.0013009713314003628 0.0022774046549085825
v 0.0005157203919270439 -0.0015000001904554715 0.002101192812585112
v 0.0003734978912848902 -0.0013009713314003628 0.0022774046549085825
v 0.0003036336148952262 -0.001300000014062968 0.002091773370914568
v 0.0005157203919270439 -0.0015000001904554715 0.002101192812585112
v 0.0003036336148952262 -0.001300000014062968 0.002091773370914568
v 0.0002602673296571088 -0.0013001280448460266 0.001966139290736149
v 0.0005157203919270439 -0.0015000001904554715 0.002101192812585112
v 0.0002602673296571088 -0.0013001280448460266 0.001966139290736149
v 0.00019789182589620606 -0.001300416054503261 0.0017630520704348118
v 0.00039053605861713944 -0.0015000000712461763 0.0017092367030410727
v 0.00019789182589620606 -0.001300416054503261 0.0017630520704348118
v 0.00015793705736733007 -0.001300000014062968 0.0016108969023038988
v 0.0010608410147045643 -0.001300000014062968 0.0035881735598639053
v 0.0011555462432399914 -0.001299777807936691 0.003784756840227721
v 0.0011438800639825696 0.0012996979377088984 0.003759776055578673
v 0.0009998051402997786 -0.001300000014062968 0.0034679173686204268
v 0.0010608410147045643 -0.001300000014062968 0.0035881735598639053
v 0.0010608410147045643 0.001300000014062968 0.0035881735598639053
v 0.000910313291871898 -0.0012997784039831671 0.003299590267500929
v 0.0009998051402997786 -0.001300000014062968 0.0034679173686204268
v 0.0009998051402997786 0.001300000014062968 0.0034679173686204268
v 0.0008038720870367017 -0.0013000052592719573 0.003112218527796806
v 0.000910313291871898 -0.0012997784039831671 0.003299590267500929
v 0.000899108929424131 0.0012996242663644568 0.003279244101831169
v 0.000899108929424131 0.0012996242663644568 0.003279244101831169
v 0.0008042294168991024 0.001300046505688101 0.0031128307867370197
v 0.0008038720870367017 -0.0013000052592719573 0.003112218527796806
v 0.0009998051402997786 0.001300000014062968 0.0034679173686204268
v 0.000899108929424131 0.0012996242663644568 0.003279244101831169
v 0.000910313291871898 -0.0012997784039831671 0.003299590267500929
v 0.0010608410147045643 0.001300000014062968 0.0035881735598639053
v 0.0009998051402997786 0.001300000014062968 0.0034679173686204268
v 0.0009998051402997786 -0.001300000014062968 0.0034679173686204268
v 0.0011438800639825696 0.0012996979377088984 0.003759776055578673
v 0.0010608410147045643 0.001300000014062968 0.0035881735598639053
v 0.0010608410147045643 -0.001300000014062968 0.0035881735598639053
v 0.0012659972315336172 0.0012998748443029944 0.004031740856933197
v 0.0011438800639825696 0.0012996979377088984 0.003759776055578673
v 0.0011555462432399914 -0.001299777807936691 0.003784756840227721
v 0.00522498346350542 0.0015000009057112428 0.0014145858959703494
v 0.005510424875683764 0.0012993957421455337 0.0014375856605515491
v 0.005378584640387265 0.0012997633836119703 0.0012796122443491792
v 0.005510424875683764 0.0012993957421455337 0.0014375856605515491
v 0.00522498346350542 0.0015000009057112428 0.0014145858959703494
v 0.005498526834347153 0.0015000009057112428 0.0017655191067992432
v 0.005498526834347153 0.0015000009057112428 0.0017655191067992432
v 0.005825007715332678 0.0012999961993655211 0.0019800289617678823
v 0.005755344187396152 0.0013004930637079686 0.0018276191625823945
v 0.005825007715332678 0.0012999961993655211 0.0019800289617678823
v 0.005498526834347153 0.0015000009057112428 0.0017655191067992432
v 0.005709379467347955 0.0015000003096647667 0.0022290381059804354
v 0.00588316945362988 0.001300000014062968 0.002130149227229511
v 0.005859509269553201 0.001300002279039577 0.002065290310727247
v 0.005709379467347955 0.0015000003096647667 0.0022290381059804354
v 0.005943806930570064 0.0012997930667264783 0.0023280106696565994
v 0.005709379467347955 0.0015000003096647667 0.0022290381059804354
v 0.0057847397690841155 0.0015000000712461763 0.002527593255887972
v 0.0057847397690841155 0.0015000000712461763 0.002527593255887972
v 0.00598606996358331 0.0013000429294092446 0.0025214790111365015
v 0.005943806930570064 0.0012997930667264783 0.0023280106696565994
v 0.006014395045800261 0.0013014681957428103 0.0027344395028952584
v 0.0057847397690841155 0.0015000000712461763 0.002527593255887972
v 0.005827918806321777 0.0015000005480833572 0.0028756970340949872
v 0.005809213437391328 0.0015000000712461763 0.0032317875966626775
v 0.006012336062853343 0.0013000361344794175 0.00320294943763913
v 0.0060236094474830386 0.0013007723710866525 0.0030133890152748977
v 0.0060236094474830386 0.0013007723710866525 0.0030133890152748977
v 0.005827918806321777 0.0015000005480833572 0.0028756970340949872
v 0.005809213437391328 0.0015000000712461763 0.0032317875966626775
v 0.005809213437391328 0.0015000000712461763 0.0032317875966626775
v 0.005986424730445863 0.0013000004909001488 0.003386772078206174
v 0.006012336062853343 0.0013000361344794175 0.00320294943763913
v 0.005703130039255713 0.0015000030514785566 0.0037370433198187503
v 0.005948091312640016 0.0012997807881690714 0.0035714875963943626
v 0.005986424730445863 0.0013000004909001488 0.003386772078206174
v 0.005986424730445863 0.0013000004909001488 0.003386772078206174
v 0.005809213437391328 0.0015000000712461763 0.0032317875966626775
v 0.005703130039255713 0.0015000030514785566 0.0037370433198187503
v 0.005703130039255713 0.0015000030514785566 0.0037370433198187503
v 0.005866328994913741 0.0012999497077403881 0.0038339635762685287
v 0.005948091312640016 0.0012997807881690714 0.0035714875963943626
v 0.005666975767366358 0.0013001330516364256 0.004245950423687195
v 0.005778120315339533 0.0013005046270096042 0.0040389272700858125
v 0.005703130039255713 0.0015000030514785566 0.0037370433198187503
v 0.005703130039255713 0.0015000030514785566 0.0037370433198187503
v 0.005457738658734282 0.0015000000712461763 0.004204361638447673
v 0.005666975767366358 0.0013001330516364256 0.004245950423687195
v 0.005457738658734282 0.0015000000712461763 0.004204361638447673
v 0.005525068068670538 0.0012994264981436986 0.004456673833811986
v 0.005666975767366358 0.0013001330516364256 0.004245950423687195
v 0.005457738658734282 0.0015000000712461763 0.004204361638447673
v 0.005253091584805083 0.0015000005480833572 0.004479268763626643
v 0.005525068068670538 0.0012994264981436986 0.004456673833811986
v 0.005253091584805083 0.0015000005480833572 0.004479268763626643
v 0.0052739455820724505 0.001300263705023979 0.004742403255647565
v 0.005401194828991709 0.001299720706684284 0.004608367661970425
v 0.005253091584805083 0.0015000005480833572 0.004479268763626643
v 0.005006588696815087 0.0015000000712461763 0.0047168209408948725
v 0.0052739455820724505 0.001300263705023979 0.004742403255647565
v 0.005006588696815087 0.0015000000712461763 0.0047168209408948725
v 0.005124670272095291 0.001300111474753992 0.004878204577405398
v 0.0052739455820724505 0.001300263705023979 0.004742403255647565
v 0.005006588696815087 0.0015000000712461763 0.0047168209408948725
v 0.004707198366585287 0.0015000006672926524 0.004935227628514727
v 0.0049565608471488515 0.0013007958553178094 0.005006109952285509
v 0.004707198366585287 0.0015000006672926524 0.004935227628514727
v 0.00477299140712484 0.0012993519923341905 0.005123585944346032
v 0.0049565608471488515 0.0013007958553178094 0.005006109952285509
v 0.004707198366585287 0.0015000006672926524 0.004935227628514727
v 0.004536341882639962 0.001299274387083007 0.0052439591991174095
v 0.00477299140712484 0.0012993519923341905 0.005123585944346032
v 0.004536341882639962 0.001299274387083007 0.0052439591991174095
v 0.004707198366585287 0.0015000006672926524 0.004935227628514727
v 0.00419929190554086 0.0015000013825484236 0.005164129502485126
v 0.00419929190554086 0.0015000013825484236 0.005164129502485126
v 0.004153368670327397 0.0013000378034095505 0.005376744048869175
v 0.0043327471883689034 0.001299905361882569 0.00532289148817533
v 0.0038243538765628266 0.001300287308464431 0.005439279337789149
v 0.00419929190554086 0.0015000013825484236 0.005164129502485126
v 0.0037178055621758816 0.0015000001904554715 0.005250297795762471
v 0.0037178055621758816 0.0015000001904554715 0.005250297795762471
v 0.0035983750145110478 0.0012997662446350554 0.005456041595207628
v 0.0037095338675996476 0.001300019087550202 0.005449961921151769
v 0.0035983750145110478 0.0012997662446350554 0.005456041595207628
v 0.0037178055621758816 0.0015000001904554715 0.005250297795762471
v 0.0033331181201981543 0.0015000006672926524 0.005253882657688114
v 0.0033331181201981543 0.0015000006672926524 0.005253882657688114
v 0.0033699325731643983 0.0012997825763084996 0.005453564902890284
v 0.0035983750145110478 0.0012997662446350554 0.005456041595207628
v 0.0029956852428428284 0.0015000000712461763 0.005196807154488892
v 0.0029991287225443488 0.0012998747250936992 0.005401814240489633
v 0.0031495756214748607 0.0013005149982182878 0.005428859968550359
v 0.0031495756214748607 0.0013005149982182878 0.005428859968550359
v 0.0033331181201981543 0.0015000006672926524 0.005253882657688114
v 0.0029956852428428284 0.0015000000712461763 0.005196807154488892
v 0.002651828653405659 0.0015000003096647667 0.005089001897293222
v 0.0027001947254966254 0.0013000214717361063 0.0053177840851312275
v 0.0028456105153319713 0.0013001320979620639 0.005363291041485807
v 0.0028456105153319713 0.0013001320979620639 0.005363291041485807
v 0.0029956852428428284 0.0015000000712461763 0.005196807154488892
v 0.002651828653405659 0.0015000003096647667 0.005089001897293222
v 0.002651828653405659 0.0015000003096647667 0.005089001897293222
v 0.002213085279676453 0.001500000428874062 0.004852261296906801
v 0.002365174882694999 0.0013000914475923963 0.005172919519076946
v 0.002213085279676453 0.001500000428874062 0.004852261296906801
v 0.0022096639729038423 0.0012999404094153615 0.005084310773108003
v 0.002365174882694999 0.0013000914475923963 0.005172919519076946
v 0.002213085279676453 0.001500000428874062 0.004852261296906801
v 0.0020590950036550324 0.0012997856757501751 0.0049834249002436715
v 0.0022096639729038423 0.0012999404094153615 0.005084310773108003
v 0.002213085279676453 0.001500000428874062 0.004852261296906801
v 0.0018068500423332199 0.0012997524163568107 0.004774877298175106
v 0.0019310135566458922 0.0012999202630444705 0.00488407301259014
v 0.0018068500423332199 0.0012997524163568107 0.004774877298175106
v 0.002213085279676453 0.001500000428874062 0.004852261296906801
v 0.0017707720643928013 0.0015000000712461763 0.004451212617579692
v 0.0015020497558680685 0.001299844445932715 0.004428689213342163
v 0.0017707720643928013 0.0015000000712461763 0.004451212617579692
v 0.0015080250025813209 0.0015000003096647667 0.004075732901564211
v 0.0015080250025813209 0.0015000003096647667 0.004075732901564211
v 0.0012659972315336172 0.0012998748443029944 0.004031740856933197
v 0.0013723805602559875 0.0012995260379052014 0.0042324845416999435
v 0.0013723805602559875 0.0012995260379052014 0.0042324845416999435
v 0.0015020497558680685 0.001299844445932715 0.004428689213342163
v 0.0015080250025813209 0.0015000003096647667 0.004075732901564211
v 0.0015020497558680685 0.001299844445932715 0.004428689213342163
v 0.0016574613643163128 0.0012993065735927144 0.004621731023963793
v 0.0017707720643928013 0.0015000000712461763 0.004451212617579692
v 0.0016574613643163128 0.0012993065735927144 0.004621731023963793
v 0.0018068500423332199 0.0012997524163568107 0.004774877298175106
v 0.0017707720643928013 0.0015000000712461763 0.004451212617579692
v 0.0019310135566458922 0.0012999202630444705 0.00488407301259014
v 0.0020590950036550324 0.0012997856757501751 0.0049834249002436715
v 0.002213085279676453 0.001500000428874062 0.004852261296906801
v 0.002365174882694999 0.0013000914475923963 0.005172919519076946
v 0.0025212191348729387 0.001299636068084683 0.0052476465810369355
v 0.002651828653405659 0.0015000003096647667 0.005089001897293222
v 0.0025212191348729387 0.001299636068084683 0.0052476465810369355
v 0.0027001947254966254 0.0013000214717361063 0.0053177840851312275
v 0.002651828653405659 0.0015000003096647667 0.005089001897293222
v 0.0028456105153319713 0.0013001320979620639 0.005363291041485807
v 0.0029991287225443488 0.0012998747250936992 0.005401814240489633
v 0.0029956852428428284 0.0015000000712461763 0.005196807154488892
v 0.0031495756214748607 0.0013005149982182878 0.005428859968550359
v 0.0033699325731643983 0.0012997825763084996 0.005453564902890284
v 0.0033331181201981543 0.0015000006672926524 0.005253882657688114
v 0.0037095338675996476 0.001300019087550202 0.005449961921151769
v 0.0038243538765628266 0.001300287308464431 0.005439279337789149
v 0.0037178055621758816 0.0015000001904554715 0.005250297795762471
v 0.0038243538765628266 0.001300287308464431 0.005439279337789149
v 0.003972471425864878 0.0013005393169145112 0.005416463155522577
v 0.00419929190554086 0.0015000013825484236 0.005164129502485126
v 0.003972471425864878 0.0013005393169145112 0.005416463155522577
v 0.004153368670327397 0.0013000378034095505 0.005376744048869175
v 0.00419929190554086 0.0015000013825484236 0.005164129502485126
v 0.0043327471883689034 0.001299905361882569 0.00532289148817533
v 0.004536341882639962 0.001299274387083007 0.0052439591991174095
v 0.00419929190554086 0.0015000013825484236 0.005164129502485126
v 0.0049565608471488515 0.0013007958553178094 0.005006109952285509
v 0.005124670272095291 0.001300111474753992 0.004878204577405398
v 0.005006588696815087 0.0015000000712461763 0.0047168209408948725
v 0.005401194828991709 0.001299720706684284 0.004608367661970425
v 0.005525068068670538 0.0012994264981436986 0.004456673833811986
v 0.005253091584805083 0.0015000005480833572 0.004479268763626643
v 0.005778120315339533 0.0013005046270096042 0.0040389272700858125
v 0.005866328994913741 0.0012999497077403881 0.0038339635762685287
v 0.005703130039255713 0.0015000030514785566 0.0037370433198187503
v 0.0060236094474830386 0.0013007723710866525 0.0030133890152748977
v 0.0060230629920737825 0.0013000981233129282 0.0028902808608527453
v 0.005827918806321777 0.0015000005480833572 0.0028756970340949872
v 0.0060230629920737825 0.0013000981233129282 0.0028902808608527453
v 0.006014395045800261 0.0013014681957428103 0.0027344395028952584
v 0.005827918806321777 0.0015000005480833572 0.0028756970340949872
v 0.006014395045800261 0.0013014681957428103 0.0027344395028952584
v 0.00598606996358331 0.0013000429294092446 0.0025214790111365015
v 0.0057847397690841155 0.0015000000712461763 0.002527593255887972
v 0.005943806930570064 0.0012997930667264783 0.0023280106696565994
v 0.00590557031071193 0.001299994411226093 0.0021967850774862185
v 0.005709379467347955 0.0015000003096647667 0.0022290381059804354
v 0.00590557031071193 0.001299994411226093 0.0021967850774862185
v 0.00588316945362988 0.001300000014062968 0.002130149227229511
v 0.005709379467347955 0.0015000003096647667 0.0022290381059804354
v 0.005859509269553201 0.001300002279039577 0.002065290310727247
v 0.005825007715332678 0.0012999961993655211 0.0019800289617678823
v 0.005709379467347955 0.0015000003096647667 0.0022290381059804354
v 0.005755344187396152 0.0013004930637079686 0.0018276191625823945
v 0.005628269462885085 0.0012999420783454945 0.0016065183448907283
v 0.005498526834347153 0.0015000009057112428 0.0017655191067992432
v 0.005628269462885085 0.0012999420783454945 0.0016065183448907283
v 0.005510424875683764 0.0012993957421455337 0.0014375856605515491
v 0.005498526834347153 0.0015000009057112428 0.0017655191067992432
v -0.00017570639491176773 -0.001500000428874062 -0.01521806407731141
v -0.0005222063312609884 -0.0015000000712461763 -0.016031407164038836
v -0.00023041472933362308 -0.0012999824902965717 -0.015846903599977535
v -0.00023041472933362308 -0.0012999824902965717 -0.015846903599977535
v -0.00015118823173511728 -0.0012999288461137258 -0.015657953052367612
v -0.00017570639491176773 -0.001500000428874062 -0.01521806407731141
v -0.00015118823173511728 -0.0012999288461137258 -0.015657953052367612
v -2.1631474702810094e-05 -0.0012998881957440582 -0.015372853055610758
v -0.00017570639491176773 -0.001500000428874062 -0.01521806407731141
v -2.1631474702810094e-05 -0.0012998881957440582 -0.015372853055610758
v -0.0001396759516778153 0.0012998945138367045 -0.015631593493010132
v -2.353246249273004e-05 0.0013000391147117978 -0.0153769633921097
v -2.1631474702810094e-05 -0.0012998881957440582 -0.015372853055610758
v -2.353246249273004e-05 0.0013000391147117978 -0.0153769633921097
v 7.015750890414493e-05 0.0013000586650362127 -0.015151363138779517
v 7.816791905701507e-05 -0.0012996956727322894 -0.015130372766078426
v 7.015750890414493e-05 0.0013000586650362127 -0.015151363138779517
v 0.00016372922840545917 0.0013000517508970904 -0.014884460202518324
v 0.00016974110217466567 -0.0012998065373768374 -0.01486557935750532
v 0.00016372922840545917 0.0013000517508970904 -0.014884460202518324
v 0.00022178121964525597 0.0013000362536887127 -0.014688878757071477
v 0.00022547126887276236 -0.001300019087550202 -0.014675442438989439
v 0.00022178121964525597 0.0013000362536887127 -0.014688878757071477
v 0.0002540266336457411 0.001300000014062968 -0.014565441823413128
v 0.0002540266336457411 0.001300000014062968 -0.014565441823413128
v 0.0002540266336457411 -0.001300000014062968 -0.014565441823413128
v 0.00022547126887276236 -0.001300019087550202 -0.014675442438989439
v 0.00022178121964525597 0.0013000362536887127 -0.014688878757071477
v 0.00022547126887276236 -0.001300019087550202 -0.014675442438989439
v 0.00016974110217466567 -0.0012998065373768374 -0.01486557935750532
v 0.00016372922840545917 0.0013000517508970904 -0.014884460202518324
v 0.00016974110217466567 -0.0012998065373768374 -0.01486557935750532
v 7.816791905701507e-05 -0.0012996956727322894 -0.015130372766078426
v 7.015750890414493e-05 0.0013000586650362127 -0.015151363138779517
v 7.816791905701507e-05 -0.0012996956727322894 -0.015130372766078426
v -2.1631474702810094e-05 -0.0012998881957440582 -0.015372853055610758
v 0.0002540266336457411 0.001300000014062968 -0.014565441823413128
v 5.994698317469659e-05 0.0015000000712461763 -0.014517140124341577
v 0.003076367285935884 0.0015000000712461763 -0.002397047156700305
v 0.003076367285935884 0.0015000000712461763 -0.002397047156700305
v 0.0032690552833693222 0.001300000014062968 -0.0024509423943218367
v 0.0002540266336457411 0.001300000014062968 -0.014565441823413128
v -0.00317616406267915 -0.001300000014062968 -0.011785647952061162
v -0.0029820841775148057 -0.0015000000712461763 -0.011833949651132714
v 0.0003520167041130841 -0.0015000000712461763 0.001562594845604462
v 0.0003520167041130841 -0.0015000000712461763 0.001562594845604462
v 0.00015793705736733007 -0.001300000014062968 0.0016108969023038988
v -0.00317616406267915 -0.001300000014062968 -0.011785647952061162
v 0.0008038720870367017 -0.0013000052592719573 0.003112218527796806
v 0.0008042294168991024 0.001300046505688101 0.0031128307867370197
v 0.0006753031336147883 0.0013000208756896302 0.002895859379031529
v 0.0006680537779543003 -0.0013000208756896302 0.002883209842297896
v 0.0006753031336147883 0.0013000208756896302 0.002895859379031529
v 0.0005569704439542177 0.001300029697177476 0.0026792513212578473
v 0.00047576238984603524 -0.0013000206372710398 0.002511174082821116
v 0.0005569704439542177 0.001300029697177476 0.0026792513212578473
v 0.0004470305655138176 0.0012997915170056406 0.002448233243878828
v 0.0003734978912848902 -0.0013009713314003628 0.0022774046549085825
v 0.0004470305655138176 0.0012997915170056406 0.002448233243878828
v 0.00035097991107029355 0.001299913229696053 0.002220701323129015
v 0.0003036336148952262 -0.001300000014062968 0.002091773370914568
v 0.00035097991107029355 0.001299913229696053 0.002220701323129015
v 0.00027600453614837564 0.001300000014062968 0.002012682295075424
v 0.0002602673296571088 -0.0013001280448460266 0.001966139290736149
v 0.00027600453614837564 0.001300000014062968 0.002012682295075424
v 0.0002152475369885787 0.0013003916165977424 0.001824478474490715
v 0.00019789182589620606 -0.001300416054503261 0.0017630520704348118
v 0.0002152475369885787 0.0013003916165977424 0.001824478474490715
v 0.00015793705736733007 0.001300000014062968 0.0016108969023038988
v 0.00015793705736733007 0.001300000014062968 0.0016108969023038988
v 0.00015793705736733007 -0.001300000014062968 0.0016108969023038988
v 0.00019789182589620606 -0.001300416054503261 0.0017630520704348118
v 0.0002152475369885787 0.0013003916165977424 0.001824478474490715
v 0.00019789182589620606 -0.001300416054503261 0.0017630520704348118
v 0.0002602673296571088 -0.0013001280448460266 0.001966139290736149
v 0.00027600453614837564 0.001300000014062968 0.002012682295075424
v 0.0002602673296571088 -0.0013001280448460266 0.001966139290736149
v 0.0003036336148952262 -0.001300000014062968 0.002091773370914568
v 0.00035097991107029355 0.001299913229696053 0.002220701323129015
v 0.0003036336148952262 -0.001300000014062968 0.002091773370914568
v 0.0003734978912848902 -0.0013009713314003628 0.0022774046549085825
v 0.0004470305655138176 0.0012997915170056406 0.002448233243878828
v 0.0003734978912848902 -0.0013009713314003628 0.0022774046549085825
v 0.00047576238984603524 -0.0013000206372710398 0.002511174082821116
v 0.0005569704439542177 0.001300029697177476 0.0026792513212578473
v 0.00047576238984603524 -0.0013000206372710398 0.002511174082821116
v 0.0005664778024799812 -0.0013000869176391782 0.002696867832485822
v 0.0005569704439542177 0.001300029697177476 0.0026792513212578473
v 0.0005664778024799812 -0.0013000869176391782 0.002696867832485822
v 0.0006680537779543003 -0.0013000208756896302 0.002883209842297896
v 0.0006753031336147883 0.0013000208756896302 0.002895859379031529
v 0.0006680537779543003 -0.0013000208756896302 0.002883209842297896
v 0.0008038720870367017 -0.0013000052592719573 0.003112218527796806
v 0.0015080250025813209 0.0015000003096647667 0.004075732901564211
v 0.0012621129158583994 0.0015000000712461763 0.00354103415142068
v 0.0011438800639825696 0.0012996979377088984 0.003759776055578673
v 0.0012621129158583994 0.0015000000712461763 0.00354103415142068
v 0.0009752437339512897 0.0015000003096647667 0.0030097104548432174
v 0.000899108929424131 0.0012996242663644568 0.003279244101831169
v 0.0008042294168991024 0.001300046505688101 0.0031128307867370197
v 0.000899108929424131 0.0012996242663644568 0.003279244101831169
v 0.0009752437339512897 0.0015000003096647667 0.0030097104548432174
v 0.000899108929424131 0.0012996242663644568 0.003279244101831169
v 0.0009998051402997786 0.001300000014062968 0.0034679173686204268
v 0.0012621129158583994 0.0015000000712461763 0.00354103415142068
v 0.0009998051402997786 0.001300000014062968 0.0034679173686204268
v 0.0010608410147045643 0.001300000014062968 0.0035881735598639053
v 0.0012621129158583994 0.0015000000712461763 0.00354103415142068
v 0.0010608410147045643 0.001300000014062968 0.0035881735598639053
v 0.0011438800639825696 0.0012996979377088984 0.003759776055578673
v 0.0012621129158583994 0.0015000000712461763 0.00354103415142068
v 0.0011438800639825696 0.0012996979377088984 0.003759776055578673
v 0.0012659972315336172 0.0012998748443029944 0.004031740856933197
v 0.0015080250025813209 0.0015000003096647667 0.004075732901564211
v -0.0005222063312609884 -0.0015000000712461763 -0.016031407164038836
v -0.0004375565557883899 -0.0012995814702274754 -0.016291718303111935
v -0.0003417252166457338 -0.0012997412106830607 -0.016112562944871067
v -0.0005222063312609884 -0.0015000000712461763 -0.016031407164038836
v -0.000680956634440261 -0.0015000001904554715 -0.016306811153560252
v -0.0004375565557883899 -0.0012995814702274754 -0.016291718303111935
v -0.000680956634440261 -0.0015000001904554715 -0.016306811153560252
v -0.0005414066571851619 -0.001299997749086359 -0.016454037494171292
v -0.0004983362196154392 -0.0012999976298770637 -0.016389820877351635
v -0.000680956634440261 -0.0015000001904554715 -0.016306811153560252
v -0.0006218810376859565 -0.0013005533836113463 -0.016564583611482497
v -0.0005414066571851619 -0.001299997749086359 -0.016454037494171292
v -0.000680956634440261 -0.0015000001904554715 -0.016306811153560252
v -0.0009408169835635129 -0.0015000003096647667 -0.01663107188063173
v -0.0006218810376859565 -0.0013005533836113463 -0.016564583611482497
v -0.0009408169835635129 -0.0015000003096647667 -0.01663107188063173
v -0.001230423508911949 -0.0015000003096647667 -0.016884470787931205
v -0.0008852857771791266 -0.0013005902192835671 -0.01685405048314159
v -0.001230423508911949 -0.0015000003096647667 -0.016884470787931205
v -0.0010118843797651132 -0.0013000255248521435 -0.016964741558955776
v -0.0008852857771791266 -0.0013005902192835671 -0.01685405048314159
v -0.001230423508911949 -0.0015000003096647667 -0.016884470787931205
v -0.0011723058780539757 -0.0012999331376483535 -0.01708613667580572
v -0.0010118843797651132 -0.0013000255248521435 -0.016964741558955776
v -0.001230423508911949 -0.0015000003096647667 -0.016884470787931205
v -0.0013103149559591527 -0.0012999278924393641 -0.017174445014350725
v -0.0011723058780539757 -0.0012999331376483535 -0.01708613667580572
v -0.0013103149559591527 -0.0012999278924393641 -0.017174445014350725
v -0.001230423508911949 -0.0015000003096647667 -0.016884470787931205
v -0.0016680652695440924 -0.0015000017401763093 -0.0171434696710826
v -0.0016680652695440924 -0.0015000017401763093 -0.0171434696710826
v -0.0019060133408817246 -0.0013000288627124095 -0.0174326027567151
v -0.0017358920206599771 -0.0013000090739694041 -0.017377598634229496
v -0.0019060133408817246 -0.0013000288627124095 -0.0174326027567151
v -0.0016680652695440924 -0.0015000017401763093 -0.0171434696710826
v -0.002216460333242521 -0.0015000015017577189 -0.017306441175405363
v -0.002216460333242521 -0.0015000015017577189 -0.017306441175405363
v -0.0021056979702697995 -0.0013000281474566382 -0.017482367392257503
v -0.0019060133408817246 -0.0013000288627124095 -0.0174326027567151
v -0.002216460333242521 -0.0015000015017577189 -0.017306441175405363
v -0.002264702427666466 -0.0013000662944311063 -0.017508919593836048
v -0.0021056979702697995 -0.0013000281474566382 -0.017482367392257503
v -0.002216460333242521 -0.0015000015017577189 -0.017306441175405363
v -0.0027416926732531945 -0.0015000006672926524 -0.017330490935458798
v -0.0024759029133906993 -0.00130011028266104 -0.017527891991587774
v -0.0027416926732531945 -0.0015000006672926524 -0.017330490935458798
v -0.0029474083393046815 -0.0012999786755991248 -0.017506403800869874
v -0.002698520550154655 -0.0013001744172618645 -0.017529707787572457
v -0.0029474083393046815 -0.0012999786755991248 -0.017506403800869874
v -0.0027416926732531945 -0.0015000006672926524 -0.017330490935458798
v -0.003233617459344197 -0.0015000007865019476 -0.017245823725626774
v -0.003233617459344197 -0.0015000007865019476 -0.017245823725626774
v -0.0033212150720711444 -0.0013000345847585797 -0.017422617786148065
v -0.0031132279921086705 -0.001300034227130694 -0.01747702490848324
v -0.003233617459344197 -0.0015000007865019476 -0.017245823725626774
v -0.0034814349874418018 -0.0013002927920920109 -0.017369223465985018
v -0.0033212150720711444 -0.0013000345847585797 -0.017422617786148065
v -0.003233617459344197 -0.0015000007865019476 -0.017245823725626774
v -0.003700429376887056 -0.0015000007865019476 -0.01705456051768972
v -0.0034814349874418018 -0.0013002927920920109 -0.017369223465985018
v -0.003700429376887056 -0.0015000007865019476 -0.01705456051768972
v -0.003710120377332095 -0.0013000004909001488 -0.017268601284081697
v -0.003630901509128483 -0.0013000354192236462 -0.01730674253650366
v -0.003700429376887056 -0.0015000007865019476 -0.01705456051768972
v -0.0038025245088420274 -0.001300112070800468 -0.017220679147406104
v -0.003710120377332095 -0.0013000004909001488 -0.017268601284081697
v -0.003700429376887056 -0.0015000007865019476 -0.01705456051768972
v -0.003935970016507863 -0.0013000474593624627 -0.01714117894526579
v -0.0038025245088420274 -0.001300112070800468 -0.017220679147406104
v -0.004078032210450279 -0.0013000004909001488 -0.017045018052026517
v -0.003700429376887056 -0.0015000007865019476 -0.01705456051768972
v -0.004152481753171013 -0.0015000005480833572 -0.01673108180359484
v -0.00431755563262415 -0.0013000139615505079 -0.01684378131761477
v -0.004214948854374125 -0.0013000364921073031 -0.016935908168304037
v -0.004152481753171013 -0.0015000005480833572 -0.01673108180359484
v -0.004434982510455045 -0.0013000093123879946 -0.016724041779456744
v -0.004152481753171013 -0.0015000005480833572 -0.01673108180359484
v -0.0045312678581985195 -0.0015000006672926524 -0.01628609925377278
v -0.0045312678581985195 -0.0015000006672926524 -0.01628609925377278
v -0.004563590743339731 -0.0013001113555446968 -0.016573647332616126
v -0.004434982510455045 -0.0013000093123879946 -0.016724041779456744
v -0.0045312678581985195 -0.0015000006672926524 -0.01628609925377278
v -0.004882197135120671 -0.0012997595689145235 -0.016044804381472044
v -0.004793555487386249 -0.0012997300050093107 -0.01622434502415504
v -0.004882197135120671 -0.0012997595689145235 -0.016044804381472044
v -0.0045312678581985195 -0.0015000006672926524 -0.01628609925377278
v -0.004725661025390683 -0.0015000000712461763 -0.015903590957711544
v -0.004955169436255126 -0.0012996876857095101 -0.015860358037872446
v -0.004725661025390683 -0.0015000000712461763 -0.015903590957711544
v -0.0048358995827202395 -0.0015000005480833572 -0.015572769904705908
v -0.0048358995827202395 -0.0015000005480833572 -0.015572769904705908
v -0.005024849176655802 -0.0012991312167194562 -0.015630754259571833
v -0.004955169436255126 -0.0012996876857095101 -0.015860358037872446
v -0.0048358995827202395 -0.0015000005480833572 -0.015572769904705908
v -0.005065922977740003 -0.0012998242995618241 -0.015421330230764863
v -0.005024849176655802 -0.0012991312167194562 -0.015630754259571833
v -0.005065922977740003 -0.0012998242995618241 -0.015421330230764863
v -0.0048358995827202395 -0.0015000005480833572 -0.015572769904705908
v -0.004896066421362923 -0.0015000001904554715 -0.015159660105726336
v -0.005085952523521678 -0.0012999038121617311 -0.015260730514579657
v -0.005065922977740003 -0.0012998242995618241 -0.015421330230764863
v -0.004896066421362923 -0.0015000001904554715 -0.015159660105726336
v -0.004896066421362923 -0.0015000001904554715 -0.015159660105726336
v -0.005093017343193176 -0.0012999948880632738 -0.015161507372964955
v -0.005085952523521678 -0.0012999038121617311 -0.015260730514579657
v -0.0050942957436750395 -0.0012996414325029675 -0.014912553541865381
v -0.0050963113344384995 -0.0012999721190878881 -0.015068497419816751
v -0.004896066421362923 -0.0015000001904554715 -0.015159660105726336
v -0.004896066421362923 -0.0015000001904554715 -0.015159660105726336
v -0.004882882350149555 -0.0015000001904554715 -0.014765469298734235
v -0.0050942957436750395 -0.0012996414325029675 -0.014912553541865381
v -0.004882882350149555 -0.0015000001904554715 -0.014765469298734235
v -0.005054897548444351 -0.0012997154614752947 -0.014572901464270371
v -0.005082269433136779 -0.0013000069282020903 -0.014762366996035614
v -0.004882882350149555 -0.0015000001904554715 -0.014765469298734235
v -0.004808713187691162 -0.0015000001904554715 -0.014391342846638011
v -0.005054897548444351 -0.0012997154614752947 -0.014572901464270371
v -0.004968358275840303 -0.0012999209783002418 -0.014238975247543029
v -0.005016367196882812 -0.0012998682877917577 -0.014401464192638769
v -0.004808713187691162 -0.0015000001904554715 -0.014391342846638011
v -0.004808713187691162 -0.0015000001904554715 -0.014391342846638011
v -0.0049160673569137465 -0.0012998792550469173 -0.014097175314050081
v -0.004968358275840303 -0.0012999209783002418 -0.014238975247543029
v -0.0049160673569137465 -0.0012998792550469173 -0.014097175314050081
v -0.004808713187691162 -0.0015000001904554715 -0.014391342846638011
v -0.004633119803191256 -0.0015000007865019476 -0.01394988698460553
v -0.004633119803191256 -0.0015000007865019476 -0.01394988698460553
v -0.0048483955778816385 -0.0012999822518779812 -0.013943607992608076
v -0.0049160673569137465 -0.0012998792550469173 -0.014097175314050081
v -0.004633119803191256 -0.0015000007865019476 -0.01394988698460553
v -0.004305522646365358 -0.0014999998328275859 -0.013487818404919194
v -0.004639631968570148 -0.001299749793752316 -0.013589186360173366
v -0.004305522646365358 -0.0014999998328275859 -0.013487818404919194
v -0.003998897980846268 -0.001500000428874062 -0.013207062394879898
v -0.004256793224342583 -0.0013000388762932074 -0.013161274581425797
v -0.004100757793652489 -0.0012999593636933004 -0.013032768868534994
v -0.004256793224342583 -0.0013000388762932074 -0.013161274581425797
v -0.003998897980846268 -0.001500000428874062 -0.013207062394879898
v -0.004256793224342583 -0.0013000388762932074 -0.013161274581425797
v -0.004388965815154135 -0.001299998941179311 -0.013288477575138513
v -0.004305522646365358 -0.0014999998328275859 -0.013487818404919194
v -0.004388965815154135 -0.001299998941179311 -0.013288477575138513
v -0.0045228869679078704 -0.001299574556088353 -0.013435126942760722
v -0.004305522646365358 -0.0014999998328275859 -0.013487818404919194
v -0.0045228869679078704 -0.001299574556088353 -0.013435126942760722
v -0.004639631968570148 -0.001299749793752316 -0.013589186360173366
v -0.004305522646365358 -0.0014999998328275859 -0.013487818404919194
v -0.004639631968570148 -0.001299749793752316 -0.013589186360173366
v -0.004754321800982954 -0.0012999431512291514 -0.013766080556502636
v -0.004633119803191256 -0.0015000007865019476 -0.01394988698460553
v -0.004754321800982954 -0.0012999431512291514 -0.013766080556502636
v -0.0048483955778816385 -0.0012999822518779812 -0.013943607992608076
v -0.004633119803191256 -0.0015000007865019476 -0.01394988698460553
v -0.005016367196882812 -0.0012998682877917577 -0.014401464192638769
v -0.005054897548444351 -0.0012997154614752947 -0.014572901464270371
v -0.004808713187691162 -0.0015000001904554715 -0.014391342846638011
v -0.005082269433136779 -0.0013000069282020903 -0.014762366996035614
v -0.0050942957436750395 -0.0012996414325029675 -0.014912553541865381
v -0.004882882350149555 -0.0015000001904554715 -0.014765469298734235
v -0.0050963113344384995 -0.0012999721190878881 -0.015068497419816751
v -0.005093017343193176 -0.0012999948880632738 -0.015161507372964955
v -0.004896066421362923 -0.0015000001904554715 -0.015159660105726336
v -0.004955169436255126 -0.0012996876857095101 -0.015860358037872446
v -0.004882197135120671 -0.0012997595689145235 -0.016044804381472044
v -0.004725661025390683 -0.0015000000712461763 -0.015903590957711544
v -0.004793555487386249 -0.0012997300050093107 -0.01622434502415504
v -0.0046822907764435 -0.0012998699567218907 -0.016410570924113577
v -0.0045312678581985195 -0.0015000006672926524 -0.01628609925377278
v -0.0046822907764435 -0.0012998699567218907 -0.016410570924113577
v -0.004563590743339731 -0.0013001113555446968 -0.016573647332616126
v -0.0045312678581985195 -0.0015000006672926524 -0.01628609925377278
v -0.004434982510455045 -0.0013000093123879946 -0.016724041779456744
v -0.00431755563262415 -0.0013000139615505079 -0.01684378131761477
v -0.004152481753171013 -0.0015000005480833572 -0.01673108180359484
v -0.004214948854374125 -0.0013000364921073031 -0.016935908168304037
v -0.004078032210450279 -0.0013000004909001488 -0.017045018052026517
v -0.004152481753171013 -0.0015000005480833572 -0.01673108180359484
v -0.004078032210450279 -0.0013000004909001488 -0.017045018052026517
v -0.003935970016507863 -0.0013000474593624627 -0.01714117894526579
v -0.003700429376887056 -0.0015000007865019476 -0.01705456051768972
v -0.003630901509128483 -0.0013000354192236462 -0.01730674253650366
v -0.0034814349874418018 -0.0013002927920920109 -0.017369223465985018
v -0.003700429376887056 -0.0015000007865019476 -0.01705456051768972
v -0.0031132279921086705 -0.001300034227130694 -0.01747702490848324
v -0.0029474083393046815 -0.0012999786755991248 -0.017506403800869874
v -0.003233617459344197 -0.0015000007865019476 -0.017245823725626774
v -0.002698520550154655 -0.0013001744172618645 -0.017529707787572457
v -0.0024759029133906993 -0.00130011028266104 -0.017527891991587774
v -0.0027416926732531945 -0.0015000006672926524 -0.017330490935458798
v -0.0024759029133906993 -0.00130011028266104 -0.017527891991587774
v -0.002389611596120695 -0.0013000052592719573 -0.017521914360688617
v -0.002216460333242521 -0.0015000015017577189 -0.017306441175405363
v -0.002389611596120695 -0.0013000052592719573 -0.017521914360688617
v -0.002264702427666466 -0.0013000662944311063 -0.017508919593836048
v -0.002216460333242521 -0.0015000015017577189 -0.017306441175405363
v -0.0017358920206599771 -0.0013000090739694041 -0.017377598634229496
v -0.0015867358007687355 -0.0013002069613994576 -0.01731829725507006
v -0.0016680652695440924 -0.0015000017401763093 -0.0171434696710826
v -0.0015867358007687355 -0.0013002069613994576 -0.01731829725507006
v -0.0014247638663863339 -0.0013000264785265052 -0.017238720758980808
v -0.0016680652695440924 -0.0015000017401763093 -0.0171434696710826
v -0.0014247638663863339 -0.0013000264785265052 -0.017238720758980808
v -0.0013103149559591527 -0.0012999278924393641 -0.017174445014350725
v -0.0016680652695440924 -0.0015000017401763093 -0.0171434696710826
v -0.0008852857771791266 -0.0013005902192835671 -0.01685405048314159
v -0.0007462946530999857 -0.0013002299687934337 -0.016712893326168432
v -0.0009408169835635129 -0.0015000003096647667 -0.01663107188063173
v -0.0007462946530999857 -0.0013002299687934337 -0.016712893326168432
v -0.0006218810376859565 -0.0013005533836113463 -0.016564583611482497
v -0.0009408169835635129 -0.0015000003096647667 -0.01663107188063173
v -0.0004983362196154392 -0.0012999976298770637 -0.016389820877351635
v -0.0004375565557883899 -0.0012995814702274754 -0.016291718303111935
v -0.000680956634440261 -0.0015000001904554715 -0.016306811153560252
v -0.0003417252166457338 -0.0012997412106830607 -0.016112562944871067
v -0.00023041472933362308 -0.0012999824902965717 -0.015846903599977535
v -0.0005222063312609884 -0.0015000000712461763 -0.016031407164038836
v -0.00015118823173511728 -0.0012999288461137258 -0.015657953052367612
v -0.00023041472933362308 -0.0012999824902965717 -0.015846903599977535
v -0.00022143806078782368 0.0012999917886215983 -0.015824568546426443
v -2.1631474702810094e-05 -0.0012998881957440582 -0.015372853055610758
v -0.00015118823173511728 -0.0012999288461137258 -0.015657953052367612
v -0.0001396759516778153 0.0012998945138367045 -0.015631593493010132
v -0.00022143806078782368 0.0012999917886215983 -0.015824568546426443
v -0.0001396759516778153 0.0012998945138367045 -0.015631593493010132
v -0.00015118823173511728 -0.0012999288461137258 -0.015657953052367612
v -2.353246249273004e-05 0.0013000391147117978 -0.0153769633921097
v -0.00024887165119168695 0.0015000000712461763 -0.015389151350452268
v -0.00014517150018713085 0.0015000000712461763 -0.015152298693328348
v 7.015750890414493e-05 0.0013000586650362127 -0.015151363138779517
v -0.00014517150018713085 0.0015000000712461763 -0.015152298693328348
v -5.111558233098555e-05 0.0015000000712461763 -0.014897359601934723
v 0.00016372922840545917 0.0013000517508970904 -0.014884460202518324
v -5.111558233098555e-05 0.0015000000712461763 -0.014897359601934723
v 1.7856241120647882e-05 0.0015000000712461763 -0.01467622159094295
v 0.00022178121964525597 0.0013000362536887127 -0.014688878757071477
v 1.7856241120647882e-05 0.0015000000712461763 -0.01467622159094295
v 5.994698317469659e-05 0.0015000000712461763 -0.014517140124341577
v 5.994698317469659e-05 0.0015000000712461763 -0.014517140124341577
v 0.0002540266336457411 0.001300000014062968 -0.014565441823413128
v 0.00022178121964525597 0.0013000362536887127 -0.014688878757071477
v 1.7856241120647882e-05 0.0015000000712461763 -0.01467622159094295
v 0.00022178121964525597 0.0013000362536887127 -0.014688878757071477
v 0.00016372922840545917 0.0013000517508970904 -0.014884460202518324
v -5.111558233098555e-05 0.0015000000712461763 -0.014897359601934723
v 0.00016372922840545917 0.0013000517508970904 -0.014884460202518324
v 7.015750890414493e-05 0.0013000586650362127 -0.015151363138779517
v -0.00014517150018713085 0.0015000000712461763 -0.015152298693328348
v 7.015750890414493e-05 0.0013000586650362127 -0.015151363138779517
v -2.353246249273004e-05 0.0013000391147117978 -0.0153769633921097
v -0.00024887165119168695 0.0015000000712461763 -0.015389151350452268
v -2.353246249273004e-05 0.0013000391147117978 -0.0153769633921097
v -0.0001396759516778153 0.0012998945138367045 -0.015631593493010132
v -0.003998897980846268 -0.001500000428874062 -0.013207062394879898
v -0.0035613168977453886 -0.001499999952036881 -0.012863501206076267
v -0.00385788721288763 -0.0013002384326533938 -0.012857944145570621
v -0.0035613168977453886 -0.001499999952036881 -0.012863501206076267
v -0.0037098500106505523 -0.001300323667299471 -0.012724769243004919
v -0.00385788721288763 -0.0013002384326533938 -0.012857944145570621
v -0.0035613168977453886 -0.001499999952036881 -0.012863501206076267
v -0.003280002511367315 -0.0014999989983625194 -0.012524741767683811
v -0.003613227062183035 -0.0012999849936917711 -0.012621061924541488
v -0.003280002511367315 -0.0014999989983625194 -0.012524741767683811
v -0.0033045329232990485 -0.0012997830531456804 -0.012148689847051308
v -0.0033640309977955875 -0.0012997393033343373 -0.012266597376760502
v -0.003280002511367315 -0.0014999989983625194 -0.012524741767683811
v -0.0030830899749301212 -0.0014999995944089955 -0.012144731144775878
v -0.0033045329232990485 -0.0012997830531456804 -0.012148689847051308
v -0.0030830899749301212 -0.0014999995944089955 -0.012144731144775878
v -0.0032019743056042895 -0.0013000569961060797 -0.011882031051426711
v -0.0032497886770770103 -0.0013000057361091382 -0.01201995143761625
v -0.0030830899749301212 -0.0014999995944089955 -0.012144731144775878
v -0.003007117891090928 -0.0015000001904554715 -0.011927024454137514
v -0.0032019743056042895 -0.0013000569961060797 -0.011882031051426711
v -0.0029820841775148057 -0.0015000000712461763 -0.011833949651132714
v -0.00317616406267915 -0.001300000014062968 -0.011785647952061162
v -0.0032019743056042895 -0.0013000569961060797 -0.011882031051426711
v -0.0032019743056042895 -0.0013000569961060797 -0.011882031051426711
v -0.003007117891090928 -0.0015000001904554715 -0.011927024454137514
v -0.0029820841775148057 -0.0015000000712461763 -0.011833949651132714
v -0.0032497886770770103 -0.0013000057361091382 -0.01201995143761625
v -0.0033045329232990485 -0.0012997830531456804 -0.012148689847051308
v -0.0030830899749301212 -0.0014999995944089955 -0.012144731144775878
v -0.0033640309977955875 -0.0012997393033343373 -0.012266597376760502
v -0.0034956781140338413 -0.0013007238529035008 -0.012476746198082367
v -0.003280002511367315 -0.0014999989983625194 -0.012524741767683811
v -0.0034956781140338413 -0.0013007238529035008 -0.012476746198082367
v -0.003613227062183035 -0.0012999849936917711 -0.012621061924541488
v -0.003280002511367315 -0.0014999989983625194 -0.012524741767683811
v -0.003613227062183035 -0.0012999849936917711 -0.012621061924541488
v -0.0037098500106505523 -0.001300323667299471 -0.012724769243004919
v -0.0035613168977453886 -0.001499999952036881 -0.012863501206076267
v -0.00385788721288763 -0.0013002384326533938 -0.012857944145570621
v -0.004100757793652489 -0.0012999593636933004 -0.013032768868534994
v -0.003998897980846268 -0.001500000428874062 -0.013207062394879898
v 0.00015793705736733007 0.001300000014062968 0.0016108969023038988
v -0.0031761650163535118 0.001300000014062968 -0.01178565176675861
v -0.00317616406267915 -0.001300000014062968 -0.011785647952061162
v -0.00317616406267915 -0.001300000014062968 -0.011785647952061162
v 0.00015793705736733007 -0.001300000014062968 0.0016108969023038988
v 0.00015793705736733007 0.001300000014062968 0.0016108969023038988
v 0.0005569704439542177 0.001300029697177476 0.0026792513212578473
v 0.0009752437339512897 0.0015000003096647667 0.0030097104548432174
v 0.0005913663191345344 0.0015000003096647667 0.0022960258620766116
v 0.00027600453614837564 0.001300000014062968 0.002012682295075424
v 0.0005913663191345344 0.0015000003096647667 0.0022960258620766116
v 0.0004068299427147268 0.0015000000712461763 0.001766935551644963
v 0.0002152475369885787 0.0013003916165977424 0.001824478474490715
v 0.0004068299427147268 0.0015000000712461763 0.001766935551644963
v 0.0003520167041130841 0.0015000000712461763 0.001562594845604462
v 0.0003520167041130841 0.0015000000712461763 0.001562594845604462
v 0.00015793705736733007 0.001300000014062968 0.0016108969023038988
v 0.0002152475369885787 0.0013003916165977424 0.001824478474490715
v 0.0004068299427147268 0.0015000000712461763 0.001766935551644963
v 0.0002152475369885787 0.0013003916165977424 0.001824478474490715
v 0.00027600453614837564 0.001300000014062968 0.002012682295075424
v 0.0005913663191345344 0.0015000003096647667 0.0022960258620766116
v 0.00027600453614837564 0.001300000014062968 0.002012682295075424
v 0.00035097991107029355 0.001299913229696053 0.002220701323129015
v 0.0005913663191345344 0.0015000003096647667 0.0022960258620766116
v 0.00035097991107029355 0.001299913229696053 0.002220701323129015
v 0.0004470305655138176 0.0012997915170056406 0.002448233243878828
v 0.0005913663191345344 0.0015000003096647667 0.0022960258620766116
v 0.0004470305655138176 0.0012997915170056406 0.002448233243878828
v 0.0005569704439542177 0.001300029697177476 0.0026792513212578473
v 0.0009752437339512897 0.0015000003096647667 0.0030097104548432174
v 0.0005569704439542177 0.001300029697177476 0.0026792513212578473
v 0.0006753031336147883 0.0013000208756896302 0.002895859379031529
v 0.0009752437339512897 0.0015000003096647667 0.0030097104548432174
v 0.0006753031336147883 0.0013000208756896302 0.002895859379031529
v 0.0008042294168991024 0.001300046505688101 0.0031128307867370197
v -0.00032887782228437095 0.0012999668738788988 -0.01608567314256848
v -0.00023041472933362308 -0.0012999824902965717 -0.015846903599977535
v -0.0003417252166457338 -0.0012997412106830607 -0.016112562944871067
v -0.0003417252166457338 -0.0012997412106830607 -0.016112562944871067
v -0.00040936263359849667 0.0013002017161904682 -0.01624259072204315
v -0.00032887782228437095 0.0012999668738788988 -0.01608567314256848
v -0.00040936263359849667 0.0013002017161904682 -0.01624259072204315
v -0.0003417252166457338 -0.0012997412106830607 -0.016112562944871067
v -0.0004375565557883899 -0.0012995814702274754 -0.016291718303111935
v -0.0004375565557883899 -0.0012995814702274754 -0.016291718303111935
v -0.0004804569711008152 0.0013000251672242579 -0.016362189116395642
v -0.00040936263359849667 0.0013002017161904682 -0.01624259072204315
v -0.0004804569711008152 0.0013000251672242579 -0.016362189116395642
v -0.0004375565557883899 -0.0012995814702274754 -0.016291718303111935
v -0.0004983362196154392 -0.0012999976298770637 -0.016389820877351635
v -0.0004983362196154392 -0.0012999976298770637 -0.016389820877351635
v -0.000522684837371973 0.0013000341079213989 -0.016426903551232108
v -0.0004804569711008152 0.0013000251672242579 -0.016362189116395642
v -0.0004983362196154392 -0.0012999976298770637 -0.016389820877351635
v -0.0005414066571851619 -0.001299997749086359 -0.016454037494171292
v -0.000522684837371973 0.0013000341079213989 -0.016426903551232108
v -0.0005414066571851619 -0.001299997749086359 -0.016454037494171292
v -0.0006218810376859565 -0.0013005533836113463 -0.016564583611482497
v -0.0005682909162555221 0.001299890341511372 -0.016492491551783894
v -0.0007462946530999857 -0.0013002299687934337 -0.016712893326168432
v -0.000767711735473291 0.0013011345289255093 -0.016736327012584207
v -0.0006402606672172368 0.001300021829363992 -0.01658764727224593
v -0.0006402606672172368 0.001300021829363992 -0.01658764727224593
v -0.0006218810376859565 -0.0013005533836113463 -0.016564583611482497
v -0.0007462946530999857 -0.0013002299687934337 -0.016712893326168432
v -0.000767711735473291 0.0013011345289255093 -0.016736327012584207
v -0.0007462946530999857 -0.0013002299687934337 -0.016712893326168432
v -0.0008852857771791266 -0.0013005902192835671 -0.01685405048314159
v -0.0009121303991588285 0.0013004545591056148 -0.016878607597955453
v -0.000767711735473291 0.0013011345289255093 -0.016736327012584207
v -0.0008852857771791266 -0.0013005902192835671 -0.01685405048314159
v -0.0008852857771791266 -0.0013005902192835671 -0.01685405048314159
v -0.0010118843797651132 -0.0013000255248521435 -0.016964741558955776
v -0.0009121303991588285 0.0013004545591056148 -0.016878607597955453
v -0.0010817654646654022 0.0012995404622299222 -0.017021099899034997
v -0.0010118843797651132 -0.0013000255248521435 -0.016964741558955776
v -0.0011723058780539757 -0.0012999331376483535 -0.01708613667580572
v -0.0011723058780539757 -0.0012999331376483535 -0.01708613667580572
v -0.0012527353166504752 0.001300007285829976 -0.017138516286447913
v -0.0010817654646654022 0.0012995404622299222 -0.017021099899034997
v -0.0011723058780539757 -0.0012999331376483535 -0.01708613667580572
v -0.0013103149559591527 -0.0012999278924393641 -0.017174445014350725
v -0.0012527353166504752 0.001300007285829976 -0.017138516286447913
v -0.0013103149559591527 -0.0012999278924393641 -0.017174445014350725
v -0.0013711521084688184 0.0013000287435031143 -0.017209240777111834
v -0.0012527353166504752 0.001300007285829976 -0.017138516286447913
v -0.0013711521084688184 0.0013000287435031143 -0.017209240777111834
v -0.0013103149559591527 -0.0012999278924393641 -0.017174445014350725
v -0.0014247638663863339 -0.0013000264785265052 -0.017238720758980808
v -0.0015458850402758773 0.0013000349423864653 -0.017299761640175992
v -0.0013711521084688184 0.0013000287435031143 -0.017209240777111834
v -0.0014247638663863339 -0.0013000264785265052 -0.017238720758980808
v -0.0015458850402758773 0.0013000349423864653 -0.017299761640175992
v -0.0014247638663863339 -0.0013000264785265052 -0.017238720758980808
v -0.0015867358007687355 -0.0013002069613994576 -0.01731829725507006
v -0.0017136056045013316 0.001299953045600654 -0.01736976706037119
v -0.0015867358007687355 -0.0013002069613994576 -0.01731829725507006
v -0.0017358920206599771 -0.0013000090739694041 -0.017377598634229496
v -0.001900746197382037 0.001299271645269217 -0.017433077686547227
v -0.0017136056045013316 0.001299953045600654 -0.01736976706037119
v -0.0017358920206599771 -0.0013000090739694041 -0.017377598634229496
v -0.001900746197382037 0.001299271645269217 -0.017433077686547227
v -0.0019060133408817246 -0.0013000288627124095 -0.0174326027567151
v -0.0021056979702697995 -0.0013000281474566382 -0.017482367392257503
v -0.0021056979702697995 -0.0013000281474566382 -0.017482367392257503
v -0.002264702427666466 -0.0013000662944311063 -0.017508919593836048
v -0.002238068210092815 0.001300012292620375 -0.01750501906569668
v -0.002421009655549645 0.0012998822352792976 -0.01752510154040543
v -0.002264702427666466 -0.0013000662944311063 -0.017508919593836048
v -0.002389611596120695 -0.0013000052592719573 -0.017521914360688617
v -0.002421009655549645 0.0012998822352792976 -0.01752510154040543
v -0.002389611596120695 -0.0013000052592719573 -0.017521914360688617
v -0.0024759029133906993 -0.00130011028266104 -0.017527891991587774
v -0.0024759029133906993 -0.00130011028266104 -0.017527891991587774
v -0.002633653050583136 0.001299682082872635 -0.01753082930862182
v -0.002421009655549645 0.0012998822352792976 -0.01752510154040543
v -0.002633653050583136 0.001299682082872635 -0.01753082930862182
v -0.0024759029133906993 -0.00130011028266104 -0.017527891991587774
v -0.002698520550154655 -0.0013001744172618645 -0.017529707787572457
v -0.002806851520342214 0.0013000046632254813 -0.017521788475672873
v -0.002633653050583136 0.001299682082872635 -0.01753082930862182
v -0.002698520550154655 -0.0013001744172618645 -0.017529707787572457
v -0.002698520550154655 -0.0013001744172618645 -0.017529707787572457
v -0.0029474083393046815 -0.0012999786755991248 -0.017506403800869874
v -0.002806851520342214 0.0013000046632254813 -0.017521788475672873
v -0.0029474083393046815 -0.0012999786755991248 -0.017506403800869874
v -0.0029571565602114227 0.0012998242995618241 -0.017504927512957957
v -0.002806851520342214 0.0013000046632254813 -0.017521788475672873
v -0.0031132279921086705 -0.001300034227130694 -0.01747702490848324
v -0.0031150692988825292 0.0013001677415413325 -0.017476427908332814
v -0.0029571565602114227 0.0012998242995618241 -0.017504927512957957
v -0.0029571565602114227 0.0012998242995618241 -0.017504927512957957
v -0.0029474083393046815 -0.0012999786755991248 -0.017506403800869874
v -0.0031132279921086705 -0.001300034227130694 -0.01747702490848324
v -0.0031132279921086705 -0.001300034227130694 -0.01747702490848324
v -0.0033212150720711444 -0.0013000345847585797 -0.017422617786148065
v -0.0032577826139953982 0.0012999945304353882 -0.017440937870636386
v -0.0033212150720711444 -0.0013000345847585797 -0.017422617786148065
v -0.003448039933899445 0.0013008692882436606 -0.017381602159199927
v -0.0032577826139953982 0.0012999945304353882 -0.017440937870636386
v -0.003448039933899445 0.0013008692882436606 -0.017381602159199927
v -0.0033212150720711444 -0.0013000345847585797 -0.017422617786148065
v -0.0034814349874418018 -0.0013002927920920109 -0.017369223465985018
v -0.0034814349874418018 -0.0013002927920920109 -0.017369223465985018
v -0.0035833341393154434 0.0013000171802014786 -0.017327336180670283
v -0.003448039933899445 0.0013008692882436606 -0.017381602159199927
v -0.0035833341393154434 0.0013000171802014786 -0.017327336180670283
v -0.0034814349874418018 -0.0013002927920920109 -0.017369223465985018
v -0.003630901509128483 -0.0013000354192236462 -0.01730674253650366
v -0.003630901509128483 -0.0013000354192236462 -0.01730674253650366
v -0.0036828800997015815 0.0013000049016440717 -0.01728183828422214
v -0.0035833341393154434 0.0013000171802014786 -0.017327336180670283
v -0.003630901509128483 -0.0013000354192236462 -0.01730674253650366
v -0.003710120377332095 -0.0013000004909001488 -0.017268601284081697
v -0.0036828800997015815 0.0013000049016440717 -0.01728183828422214
v -0.003710120377332095 -0.0013000004909001488 -0.017268601284081697
v -0.0038025245088420274 -0.001300112070800468 -0.017220679147406104
v -0.003782558859242587 0.0013000188491316116 -0.017231232507892713
v -0.0038025245088420274 -0.001300112070800468 -0.017220679147406104
v -0.003935970016507863 -0.0013000474593624627 -0.01714117894526579
v -0.00391752571593393 0.0012992826125243766 -0.017154204229697934
v -0.004078032210450279 -0.0013000004909001488 -0.017045018052026517
v -0.004038109017483473 0.001300014557596984 -0.017072928285896127
v -0.00391752571593393 0.0012992826125243766 -0.017154204229697934
v -0.00391752571593393 0.0012992826125243766 -0.017154204229697934
v -0.003935970016507863 -0.0013000474593624627 -0.01714117894526579
v -0.004078032210450279 -0.0013000004909001488 -0.017045018052026517
v -0.004159752089667458 0.00129970163319705 -0.0169828175028075
v -0.004078032210450279 -0.0013000004909001488 -0.017045018052026517
v -0.004214948854374125 -0.0013000364921073031 -0.016935908168304037
v -0.004214948854374125 -0.0013000364921073031 -0.016935908168304037
v -0.004272410595689837 0.0013000195643873829 -0.016885502663590568
v -0.004159752089667458 0.00129970163319705 -0.0169828175028075
v -0.004272410595689837 0.0013000195643873829 -0.016885502663590568
v -0.004214948854374125 -0.0013000364921073031 -0.016935908168304037
v -0.00431755563262415 -0.0013000139615505079 -0.01684378131761477
v -0.00431755563262415 -0.0013000139615505079 -0.01684378131761477
v -0.004415707797930659 0.0013006258628628358 -0.016746426424074645
v -0.004307366575743711 0.001300000610109444 -0.016853308524488186
v -0.004415707797930659 0.0013006258628628358 -0.016746426424074645
v -0.00431755563262415 -0.0013000139615505079 -0.01684378131761477
v -0.004434982510455045 -0.0013000093123879946 -0.016724041779456744
v -0.004434982510455045 -0.0013000093123879946 -0.016724041779456744
v -0.004563590743339731 -0.0013001113555446968 -0.016573647332616126
v -0.0045638725541136144 0.001300335945856878 -0.016573651147313573
v -0.0046822907764435 -0.0012998699567218907 -0.016410570924113577
v -0.004691077932012235 0.001300075115918952 -0.01639710694947505
v -0.0045638725541136144 0.001300335945856878 -0.016573651147313573
v -0.0045638725541136144 0.001300335945856878 -0.016573651147313573
v -0.004563590743339731 -0.0013001113555446968 -0.016573647332616126
v -0.0046822907764435 -0.0012998699567218907 -0.016410570924113577
v -0.004691077932012235 0.001300075115918952 -0.01639710694947505
v -0.0046822907764435 -0.0012998699567218907 -0.016410570924113577
v -0.004793555487386249 -0.0012997300050093107 -0.01622434502415504
v -0.004793555487386249 -0.0012997300050093107 -0.01622434502415504
v -0.004793474901902685 0.001300771536621586 -0.016224203880349508
v -0.004691077932012235 0.001300075115918952 -0.01639710694947505
v -0.004793555487386249 -0.0012997300050093107 -0.01622434502415504
v -0.004882197135120671 -0.0012997595689145235 -0.016044804381472044
v -0.004870799295986774 0.0012999245545790982 -0.016067307281710796
v -0.004882197135120671 -0.0012997595689145235 -0.016044804381472044
v -0.004946789499638839 0.0013001894376330613 -0.015883938590139923
v -0.004870799295986774 0.0012999245545790982 -0.016067307281710796
v -0.004946789499638839 0.0013001894376330613 -0.015883938590139923
v -0.004882197135120671 -0.0012997595689145235 -0.016044804381472044
v -0.004955169436255126 -0.0012996876857095101 -0.015860358037872446
v -0.004955169436255126 -0.0012996876857095101 -0.015860358037872446
v -0.005003126382044923 0.001299786748633832 -0.015710391790820233
v -0.004946789499638839 0.0013001894376330613 -0.015883938590139923
v -0.004955169436255126 -0.0012996876857095101 -0.015860358037872446
v -0.005024849176655802 -0.0012991312167194562 -0.015630754259571833
v -0.005003126382044923 0.001299786748633832 -0.015710391790820233
v -0.005024849176655802 -0.0012991312167194562 -0.015630754259571833
v -0.005047231437087798 0.0013002707383723965 -0.015525617383240209
v -0.005003126382044923 0.001299786748633832 -0.015710391790820233
v -0.005024849176655802 -0.0012991312167194562 -0.015630754259571833
v -0.005065922977740003 -0.0012998242995618241 -0.015421330230764863
v -0.005047231437087798 0.0013002707383723965 -0.015525617383240209
v -0.005079432728747893 0.0012996514460837654 -0.015327463878039849
v -0.005065922977740003 -0.0012998242995618241 -0.015421330230764863
v -0.005085952523521678 -0.0012999038121617311 -0.015260730514579657
v -0.005085952523521678 -0.0012999038121617311 -0.015260730514579657
v -0.005093017343193176 -0.0012999948880632738 -0.015161507372964955
v -0.005093039754540676 0.0012999743840644972 -0.015161473040687934
v -0.0050963113344384995 -0.0012999721190878881 -0.015068497419816751
v -0.0050954563653732325 0.001300000014062968 -0.015097406150743065
v -0.005093039754540676 0.0012999743840644972 -0.015161473040687934
v -0.005093039754540676 0.0012999743840644972 -0.015161473040687934
v -0.005093017343193176 -0.0012999948880632738 -0.015161507372964955
v -0.0050963113344384995 -0.0012999721190878881 -0.015068497419816751
v -0.0050963113344384995 -0.0012999721190878881 -0.015068497419816751
v -0.005095976117900361 0.0012992736718272356 -0.01493567633043924
v -0.0050954563653732325 0.001300000014062968 -0.015097406150743065
v -0.005095976117900361 0.0012992736718272356 -0.01493567633043924
v -0.0050963113344384995 -0.0012999721190878881 -0.015068497419816751
v -0.0050942957436750395 -0.0012996414325029675 -0.014912553541865381
v -0.005095976117900361 0.0012992736718272356 -0.01493567633043924
v -0.0050942957436750395 -0.0012996414325029675 -0.014912553541865381
v -0.005082269433136779 -0.0013000069282020903 -0.014762366996035614
v -0.005082269433136779 -0.0013000069282020903 -0.014762366996035614
v -0.005083877804947792 0.0013000323197819707 -0.014779782043554679
v -0.005095976117900361 0.0012992736718272356 -0.01493567633043924
v -0.005082269433136779 -0.0013000069282020903 -0.014762366996035614
v -0.005054897548444351 -0.0012997154614752947 -0.014572901464270371
v -0.005074517967924855 0.0013000097892251754 -0.014698343975111383
v -0.005048560382310832 0.0012993279120565575 -0.014538387989120327
v -0.005054897548444351 -0.0012997154614752947 -0.014572901464270371
v -0.005016367196882812 -0.0012998682877917577 -0.014401464192638769
v -0.005016367196882812 -0.0012998682877917577 -0.014401464192638769
v -0.00500409912989386 0.0013000115773646036 -0.014355432238548071
v -0.005048560382310832 0.0012993279120565575 -0.014538387989120327
v -0.00500409912989386 0.0013000115773646036 -0.014355432238548071
v -0.005016367196882812 -0.0012998682877917577 -0.014401464192638769
v -0.004968358275840303 -0.0012999209783002418 -0.014238975247543029
v -0.004968358275840303 -0.0012999209783002418 -0.014238975247543029
v -0.004947210546869531 0.001300039233921093 -0.014180452066662741
v -0.00500409912989386 0.0013000115773646036 -0.014355432238548071
v -0.004968358275840303 -0.0012999209783002418 -0.014238975247543029
v -0.0049160673569137465 -0.0012998792550469173 -0.014097175314050081
v -0.004947210546869531 0.001300039233921093 -0.014180452066662741
v -0.0049160673569137465 -0.0012998792550469173 -0.014097175314050081
v -0.0048483955778816385 -0.0012999822518779812 -0.013943607992608076
v -0.004900159114886173 0.0012996671817107335 -0.01405849809663684
v -0.004754321800982954 -0.0012999431512291514 -0.013766080556502636
v -0.004757352578104447 0.0013003893516211334 -0.01377204578963509
v -0.0048345110328495994 0.0013000060937370238 -0.013916784947510807
v -0.0048345110328495994 0.0013000060937370238 -0.013916784947510807
v -0.0048483955778816385 -0.0012999822518779812 -0.013943607992608076
v -0.004754321800982954 -0.0012999431512291514 -0.013766080556502636
v -0.00466443036299752 0.0013000697515006675 -0.013625201872443093
v -0.004754321800982954 -0.0012999431512291514 -0.013766080556502636
v -0.004639631968570148 -0.001299749793752316 -0.013589186360173366
v -0.004639631968570148 -0.001299749793752316 -0.013589186360173366
v -0.004534001088919161 0.0012995424887879408 -0.013448621434978825
v -0.00466443036299752 0.0013000697515006675 -0.013625201872443093
v -0.004534001088919161 0.0012995424887879408 -0.013448621434978825
v -0.004639631968570148 -0.001299749793752316 -0.013589186360173366
v -0.0045228869679078704 -0.001299574556088353 -0.013435126942760722
v -0.0043688494850055454 0.0012995998284589382 -0.01326650587151923
v -0.004534001088919161 0.0012995424887879408 -0.013448621434978825
v -0.0045228869679078704 -0.001299574556088353 -0.013435126942760722
v -0.0045228869679078704 -0.001299574556088353 -0.013435126942760722
v -0.004388965815154135 -0.001299998941179311 -0.013288477575138513
v -0.0043688494850055454 0.0012995998284589382 -0.01326650587151923
v -0.0043688494850055454 0.0012995998284589382 -0.01326650587151923
v -0.004388965815154135 -0.001299998941179311 -0.013288477575138513
v -0.004256793224342583 -0.0013000388762932074 -0.013161274581425797
v -0.004194392403507609 0.0012995676419492307 -0.013106785443095514
v -0.004256793224342583 -0.0013000388762932074 -0.013161274581425797
v -0.004100757793652489 -0.0012999593636933004 -0.013032768868534994
v -0.004005086612197952 0.0012995961329707866 -0.012965448041667993
v -0.004194392403507609 0.0012995676419492307 -0.013106785443095514
v -0.004100757793652489 -0.0012999593636933004 -0.013032768868534994
v -0.004194392403507609 0.0012995676419492307 -0.013106785443095514
v -0.0043688494850055454 0.0012995998284589382 -0.01326650587151923
v -0.004256793224342583 -0.0013000388762932074 -0.013161274581425797
v -0.004754321800982954 -0.0012999431512291514 -0.013766080556502636
v -0.00466443036299752 0.0013000697515006675 -0.013625201872443093
v -0.004757352578104447 0.0013003893516211334 -0.01377204578963509
v -0.0048483955778816385 -0.0012999822518779812 -0.013943607992608076
v -0.0048345110328495994 0.0013000060937370238 -0.013916784947510807
v -0.004900159114886173 0.0012996671817107335 -0.01405849809663684
v -0.004900159114886173 0.0012996671817107335 -0.01405849809663684
v -0.004947210546869531 0.001300039233921093 -0.014180452066662741
v -0.0049160673569137465 -0.0012998792550469173 -0.014097175314050081
v -0.005048560382310832 0.0012993279120565575 -0.014538387989120327
v -0.005074517967924855 0.0013000097892251754 -0.014698343975111383
v -0.005054897548444351 -0.0012997154614752947 -0.014572901464270371
v -0.005074517967924855 0.0013000097892251754 -0.014698343975111383
v -0.005083877804947792 0.0013000323197819707 -0.014779782043554679
v -0.005082269433136779 -0.0013000069282020903 -0.014762366996035614
v -0.005093039754540676 0.0012999743840644972 -0.015161473040687934
v -0.005079432728747893 0.0012996514460837654 -0.015327463878039849
v -0.005085952523521678 -0.0012999038121617311 -0.015260730514579657
v -0.005079432728747893 0.0012996514460837654 -0.015327463878039849
v -0.005047231437087798 0.0013002707383723965 -0.015525617383240209
v -0.005065922977740003 -0.0012998242995618241 -0.015421330230764863
v -0.004870799295986774 0.0012999245545790982 -0.016067307281710796
v -0.004793474901902685 0.001300771536621586 -0.016224203880349508
v -0.004793555487386249 -0.0012997300050093107 -0.01622434502415504
v -0.0045638725541136144 0.001300335945856878 -0.016573651147313573
v -0.004415707797930659 0.0013006258628628358 -0.016746426424074645
v -0.004434982510455045 -0.0013000093123879946 -0.016724041779456744
v -0.00431755563262415 -0.0013000139615505079 -0.01684378131761477
v -0.004307366575743711 0.001300000610109444 -0.016853308524488186
v -0.004272410595689837 0.0013000195643873829 -0.016885502663590568
v -0.004159752089667458 0.00129970163319705 -0.0169828175028075
v -0.004038109017483473 0.001300014557596984 -0.017072928285896127
v -0.004078032210450279 -0.0013000004909001488 -0.017045018052026517
v -0.00391752571593393 0.0012992826125243766 -0.017154204229697934
v -0.003782558859242587 0.0013000188491316116 -0.017231232507892713
v -0.0038025245088420274 -0.001300112070800468 -0.017220679147406104
v -0.003782558859242587 0.0013000188491316116 -0.017231232507892713
v -0.0036828800997015815 0.0013000049016440717 -0.01728183828422214
v -0.003710120377332095 -0.0013000004909001488 -0.017268601284081697
v -0.0032577826139953982 0.0012999945304353882 -0.017440937870636386
v -0.0031150692988825292 0.0013001677415413325 -0.017476427908332814
v -0.0031132279921086705 -0.001300034227130694 -0.01747702490848324
v -0.002421009655549645 0.0012998822352792976 -0.01752510154040543
v -0.002238068210092815 0.001300012292620375 -0.01750501906569668
v -0.002264702427666466 -0.0013000662944311063 -0.017508919593836048
v -0.002238068210092815 0.001300012292620375 -0.01750501906569668
v -0.0021041379974326433 0.0012998265645384332 -0.017481869574240694
v -0.0021056979702697995 -0.0013000281474566382 -0.017482367392257503
v -0.0021056979702697995 -0.0013000281474566382 -0.017482367392257503
v -0.0021041379974326433 0.0012998265645384332 -0.017481869574240694
v -0.001900746197382037 0.001299271645269217 -0.017433077686547227
v -0.0017358920206599771 -0.0013000090739694041 -0.017377598634229496
v -0.0019060133408817246 -0.0013000288627124095 -0.0174326027567151
v -0.001900746197382037 0.001299271645269217 -0.017433077686547227
v -0.0017136056045013316 0.001299953045600654 -0.01736976706037119
v -0.0015458850402758773 0.0013000349423864653 -0.017299761640175992
v -0.0015867358007687355 -0.0013002069613994576 -0.01731829725507006
v -0.0010817654646654022 0.0012995404622299222 -0.017021099899034997
v -0.0009121303991588285 0.0013004545591056148 -0.016878607597955453
v -0.0010118843797651132 -0.0013000255248521435 -0.016964741558955776
v -0.0006402606672172368 0.001300021829363992 -0.01658764727224593
v -0.0005682909162555221 0.001299890341511372 -0.016492491551783894
v -0.0006218810376859565 -0.0013005533836113463 -0.016564583611482497
v -0.0005682909162555221 0.001299890341511372 -0.016492491551783894
v -0.000522684837371973 0.0013000341079213989 -0.016426903551232108
v -0.0005414066571851619 -0.001299997749086359 -0.016454037494171292
v -0.00023041472933362308 -0.0012999824902965717 -0.015846903599977535
v -0.00032887782228437095 0.0012999668738788988 -0.01608567314256848
v -0.00022143806078782368 0.0012999917886215983 -0.015824568546426443
v -0.0004856364659661975 0.001500000428874062 -0.01593863181478361
v -0.00024887165119168695 0.0015000000712461763 -0.015389151350452268
v -0.0001396759516778153 0.0012998945138367045 -0.015631593493010132
v -0.0001396759516778153 0.0012998945138367045 -0.015631593493010132
v -0.00022143806078782368 0.0012999917886215983 -0.015824568546426443
v -0.0004856364659661975 0.001500000428874062 -0.01593863181478361
v -0.004005086612197952 0.0012995961329707866 -0.012965448041667993
v -0.004100757793652489 -0.0012999593636933004 -0.013032768868534994
v -0.00385788721288763 -0.0013002384326533938 -0.012857944145570621
v -0.0038223101524056963 0.0013004657647793648 -0.012828241003901009
v -0.00385788721288763 -0.0013002384326533938 -0.012857944145570621
v -0.0037098500106505523 -0.001300323667299471 -0.012724769243004919
v -0.0036947004165777137 0.0012996924540813186 -0.01270921672151426
v -0.0038223101524056963 0.0013004657647793648 -0.012828241003901009
v -0.0037098500106505523 -0.001300323667299471 -0.012724769243004919
v -0.003613227062183035 -0.0012999849936917711 -0.012621061924541488
v -0.0036081549450903156 0.0013000281474566382 -0.012616209629389141
v -0.0036947004165777137 0.0012996924540813186 -0.01270921672151426
v -0.0036947004165777137 0.0012996924540813186 -0.01270921672151426
v -0.0037098500106505523 -0.001300323667299471 -0.012724769243004919
v -0.003613227062183035 -0.0012999849936917711 -0.012621061924541488
v -0.0034956781140338413 -0.0013007238529035008 -0.012476746198082367
v -0.003496640848301981 0.0012994943282326748 -0.012477149602337367
v -0.0036081549450903156 0.0013000281474566382 -0.012616209629389141
v -0.0036081549450903156 0.0013000281474566382 -0.012616209629389141
v -0.003613227062183035 -0.0012999849936917711 -0.012621061924541488
v -0.0034956781140338413 -0.0013007238529035008 -0.012476746198082367
v -0.0034956781140338413 -0.0013007238529035008 -0.012476746198082367
v -0.0033803726848205553 0.0012996905467325952 -0.012296743023333945
v -0.003496640848301981 0.0012994943282326748 -0.012477149602337367
v -0.0033803726848205553 0.0012996905467325952 -0.012296743023333945
v -0.0034956781140338413 -0.0013007238529035008 -0.012476746198082367
v -0.0033640309977955875 -0.0012997393033343373 -0.012266597376760502
v -0.0033640309977955875 -0.0012997393033343373 -0.012266597376760502
v -0.0033045329232990485 -0.0012997830531456804 -0.012148689847051308
v -0.003311229386248339 0.0013000183722944308 -0.012162825208440475
v -0.003258658087059442 0.0013000820300580744 -0.012044389343134898
v -0.003311229386248339 0.0013000183722944308 -0.012162825208440475
v -0.0033045329232990485 -0.0012997830531456804 -0.012148689847051308
v -0.003258658087059442 0.0013000820300580744 -0.012044389343134898
v -0.0033045329232990485 -0.0012997830531456804 -0.012148689847051308
v -0.0032497886770770103 -0.0013000057361091382 -0.01201995143761625
v -0.0032497886770770103 -0.0013000057361091382 -0.01201995143761625
v -0.0032019743056042895 -0.0013000569961060797 -0.011882031051426711
v -0.003258658087059442 0.0013000820300580744 -0.012044389343134898
v -0.003202866467969663 0.001299963059181452 -0.011882044402867775
v -0.003258658087059442 0.0013000820300580744 -0.012044389343134898
v -0.0032019743056042895 -0.0013000569961060797 -0.011882031051426711
v -0.0032019743056042895 -0.0013000569961060797 -0.011882031051426711
v -0.0031761650163535118 0.001300000014062968 -0.01178565176675861
v -0.003202866467969663 0.001299963059181452 -0.011882044402867775
v -0.0032019743056042895 -0.0013000569961060797 -0.011882031051426711
v -0.00317616406267915 -0.001300000014062968 -0.011785647952061162
v -0.0031761650163535118 0.001300000014062968 -0.01178565176675861
v -0.003311229386248339 0.0013000183722944308 -0.012162825208440475
v -0.0033803726848205553 0.0012996905467325952 -0.012296743023333945
v -0.0033640309977955875 -0.0012997393033343373 -0.012266597376760502
v -0.0038223101524056963 0.0013004657647793648 -0.012828241003901009
v -0.004005086612197952 0.0012995961329707866 -0.012965448041667993
v -0.00385788721288763 -0.0013002384326533938 -0.012857944145570621
v -0.004216619215018648 0.0015000011441298332 -0.013383244196460975
v -0.004534001088919161 0.0012995424887879408 -0.013448621434978825
v -0.0043688494850055454 0.0012995998284589382 -0.01326650587151923
v -0.004216619215018648 0.0015000011441298332 -0.013383244196460975
v -0.00466443036299752 0.0013000697515006675 -0.013625201872443093
v -0.004534001088919161 0.0012995424887879408 -0.013448621434978825
v -0.00466443036299752 0.0013000697515006675 -0.013625201872443093
v -0.004216619215018648 0.0015000011441298332 -0.013383244196460975
v -0.004672040207566732 0.0015000011441298332 -0.01401992769075211
v -0.004672040207566732 0.0015000011441298332 -0.01401992769075211
v -0.004757352578104447 0.0013003893516211334 -0.01377204578963509
v -0.00466443036299752 0.0013000697515006675 -0.013625201872443093
v -0.004672040207566732 0.0015000011441298332 -0.01401992769075211
v -0.0048345110328495994 0.0013000060937370238 -0.013916784947510807
v -0.004757352578104447 0.0013003893516211334 -0.01377204578963509
v -0.004672040207566732 0.0015000011441298332 -0.01401992769075211
v -0.004900159114886173 0.0012996671817107335 -0.01405849809663684
v -0.0048345110328495994 0.0013000060937370238 -0.013916784947510807
v -0.004672040207566732 0.0015000011441298332 -0.01401992769075211
v -0.00500409912989386 0.0013000115773646036 -0.014355432238548071
v -0.004947210546869531 0.001300039233921093 -0.014180452066662741
v -0.00500409912989386 0.0013000115773646036 -0.014355432238548071
v -0.004672040207566732 0.0015000011441298332 -0.01401992769075211
v -0.004850617639144407 0.0015000003096647667 -0.014560565686401739
v -0.004850617639144407 0.0015000003096647667 -0.014560565686401739
v -0.005048560382310832 0.0012993279120565575 -0.014538387989120327
v -0.00500409912989386 0.0013000115773646036 -0.014355432238548071
v -0.004850617639144407 0.0015000003096647667 -0.014560565686401739
v -0.004897064918419626 0.0015000001904554715 -0.01493923735050584
v -0.005083877804947792 0.0013000323197819707 -0.014779782043554679
v -0.004897064918419626 0.0015000001904554715 -0.01493923735050584
v -0.005095976117900361 0.0012992736718272356 -0.01493567633043924
v -0.005083877804947792 0.0013000323197819707 -0.014779782043554679
v -0.004897064918419626 0.0015000001904554715 -0.01493923735050584
v -0.0050954563653732325 0.001300000014062968 -0.015097406150743065
v -0.005095976117900361 0.0012992736718272356 -0.01493567633043924
v -0.004897064918419626 0.0015000001904554715 -0.01493923735050584
v -0.004881145232299712 0.0015000001904554715 -0.015318913233712816
v -0.0050954563653732325 0.001300000014062968 -0.015097406150743065
v -0.004881145232299712 0.0015000001904554715 -0.015318913233712816
v -0.005093039754540676 0.0012999743840644972 -0.015161473040687934
v -0.0050954563653732325 0.001300000014062968 -0.015097406150743065
v -0.004778665292739794 0.001500000428874062 -0.015770864282095842
v -0.005003126382044923 0.001299786748633832 -0.015710391790820233
v -0.005047231437087798 0.0013002707383723965 -0.015525617383240209
v -0.005047231437087798 0.0013002707383723965 -0.015525617383240209
v -0.004881145232299712 0.0015000001904554715 -0.015318913233712816
v -0.004778665292739794 0.001500000428874062 -0.015770864282095842
v -0.004778665292739794 0.001500000428874062 -0.015770864282095842
v -0.004946789499638839 0.0013001894376330613 -0.015883938590139923
v -0.005003126382044923 0.001299786748633832 -0.015710391790820233
v -0.004778665292739794 0.001500000428874062 -0.015770864282095842
v -0.004870799295986774 0.0012999245545790982 -0.016067307281710796
v -0.004946789499638839 0.0013001894376330613 -0.015883938590139923
v -0.004778665292739794 0.001500000428874062 -0.015770864282095842
v -0.004628611784483485 0.0015000000712461763 -0.016108736803331913
v -0.004870799295986774 0.0012999245545790982 -0.016067307281710796
v -0.004431427689271796 0.0015000009057112428 -0.016426688020826363
v -0.004691077932012235 0.001300075115918952 -0.01639710694947505
v -0.004793474901902685 0.001300771536621586 -0.016224203880349508
v -0.004793474901902685 0.001300771536621586 -0.016224203880349508
v -0.004628611784483485 0.0015000000712461763 -0.016108736803331913
v -0.004431427689271796 0.0015000009057112428 -0.016426688020826363
v -0.004431427689271796 0.0015000009057112428 -0.016426688020826363
v -0.0045638725541136144 0.001300335945856878 -0.016573651147313573
v -0.004691077932012235 0.001300075115918952 -0.01639710694947505
v -0.004415707797930659 0.0013006258628628358 -0.016746426424074645
v -0.004431427689271796 0.0015000009057112428 -0.016426688020826363
v -0.004118529992220012 0.0015000003096647667 -0.01675699504335104
v -0.004118529992220012 0.0015000003096647667 -0.01675699504335104
v -0.004307366575743711 0.001300000610109444 -0.016853308524488186
v -0.004415707797930659 0.0013006258628628358 -0.016746426424074645
v -0.004118529992220012 0.0015000003096647667 -0.01675699504335104
v -0.004272410595689837 0.0013000195643873829 -0.016885502663590568
v -0.004307366575743711 0.001300000610109444 -0.016853308524488186
v -0.004118529992220012 0.0015000003096647667 -0.01675699504335104
v -0.004159752089667458 0.00129970163319705 -0.0169828175028075
v -0.004272410595689837 0.0013000195643873829 -0.016885502663590568
v -0.004159752089667458 0.00129970163319705 -0.0169828175028075
v -0.004118529992220012 0.0015000003096647667 -0.01675699504335104
v -0.003810318412563048 0.0015000001904554715 -0.016987557264385167
v -0.003810318412563048 0.0015000001904554715 -0.016987557264385167
v -0.00391752571593393 0.0012992826125243766 -0.017154204229697934
v -0.004038109017483473 0.001300014557596984 -0.017072928285896127
v -0.003810318412563048 0.0015000001904554715 -0.016987557264385167
v -0.0033375093137966174 0.001500000428874062 -0.01721470342385567
v -0.0036828800997015815 0.0013000049016440717 -0.01728183828422214
v -0.0033375093137966174 0.001500000428874062 -0.01721470342385567
v -0.0035833341393154434 0.0013000171802014786 -0.017327336180670283
v -0.0036828800997015815 0.0013000049016440717 -0.01728183828422214
v -0.0033375093137966174 0.001500000428874062 -0.01721470342385567
v -0.003448039933899445 0.0013008692882436606 -0.017381602159199927
v -0.0035833341393154434 0.0013000171802014786 -0.017327336180670283
v -0.0033375093137966174 0.001500000428874062 -0.01721470342385567
v -0.0032577826139953982 0.0012999945304353882 -0.017440937870636386
v -0.003448039933899445 0.0013008692882436606 -0.017381602159199927
v -0.0033375093137966174 0.001500000428874062 -0.01721470342385567
v -0.0029571565602114227 0.0012998242995618241 -0.017504927512957957
v -0.0031150692988825292 0.0013001677415413325 -0.017476427908332814
v -0.0033375093137966174 0.001500000428874062 -0.01721470342385567
v -0.002779159201064253 0.0015000001904554715 -0.01732595716754326
v -0.0029571565602114227 0.0012998242995618241 -0.017504927512957957
v -0.002779159201064253 0.0015000001904554715 -0.01732595716754326
v -0.002806851520342214 0.0013000046632254813 -0.017521788475672873
v -0.0029571565602114227 0.0012998242995618241 -0.017504927512957957
v -0.002779159201064253 0.0015000001904554715 -0.01732595716754326
v -0.002633653050583136 0.001299682082872635 -0.01753082930862182
v -0.002806851520342214 0.0013000046632254813 -0.017521788475672873
v -0.002779159201064253 0.0015000001904554715 -0.01732595716754326
v -0.002355263345053816 0.0015000003096647667 -0.017321194517780913
v -0.002633653050583136 0.001299682082872635 -0.01753082930862182
v -0.002355263345053816 0.0015000003096647667 -0.017321194517780913
v -0.002421009655549645 0.0012998822352792976 -0.01752510154040543
v -0.002633653050583136 0.001299682082872635 -0.01753082930862182
v -0.0021041379974326433 0.0012998265645384332 -0.017481869574240694
v -0.002355263345053816 0.0015000003096647667 -0.017321194517780913
v -0.001846483556712659 0.0015000013825484236 -0.01721268735625503
v -0.001900746197382037 0.001299271645269217 -0.017433077686547227
v -0.0021041379974326433 0.0012998265645384332 -0.017481869574240694
v -0.001846483556712659 0.0015000013825484236 -0.01721268735625503
v -0.0013387926260739764 0.0015000009057112428 -0.01696358570562939
v -0.0013711521084688184 0.0013000287435031143 -0.017209240777111834
v -0.0015458850402758773 0.0013000349423864653 -0.017299761640175992
v -0.0015458850402758773 0.0013000349423864653 -0.017299761640175992
v -0.001846483556712659 0.0015000013825484236 -0.01721268735625503
v -0.0013387926260739764 0.0015000009057112428 -0.01696358570562939
v -0.0013387926260739764 0.0015000009057112428 -0.01696358570562939
v -0.0012527353166504752 0.001300007285829976 -0.017138516286447913
v -0.0013711521084688184 0.0013000287435031143 -0.017209240777111834
v -0.0013387926260739764 0.0015000009057112428 -0.01696358570562939
v -0.0010817654646654022 0.0012995404622299222 -0.017021099899034997
v -0.0012527353166504752 0.001300007285829976 -0.017138516286447913
v -0.0009121303991588285 0.0013004545591056148 -0.016878607597955453
v -0.0013387926260739764 0.0015000009057112428 -0.01696358570562939
v -0.0008840284767425159 0.0015000005480833572 -0.016573607278292934
v -0.0008840284767425159 0.0015000005480833572 -0.016573607278292934
v -0.000767711735473291 0.0013011345289255093 -0.016736327012584207
v -0.0009121303991588285 0.0013004545591056148 -0.016878607597955453
v -0.0008840284767425159 0.0015000005480833572 -0.016573607278292934
v -0.0006402606672172368 0.001300021829363992 -0.01658764727224593
v -0.000767711735473291 0.0013011345289255093 -0.016736327012584207
v -0.0008840284767425159 0.0015000005480833572 -0.016573607278292934
v -0.0006302802862080684 0.0015000001904554715 -0.016228630836736535
v -0.0005682909162555221 0.001299890341511372 -0.016492491551783894
v -0.0006302802862080684 0.0015000001904554715 -0.016228630836736535
v -0.0004804569711008152 0.0013000251672242579 -0.016362189116395642
v -0.000522684837371973 0.0013000341079213989 -0.016426903551232108
v -0.0006302802862080684 0.0015000001904554715 -0.016228630836736535
v -0.00040936263359849667 0.0013002017161904682 -0.01624259072204315
v -0.0004804569711008152 0.0013000251672242579 -0.016362189116395642
v -0.0006302802862080684 0.0015000001904554715 -0.016228630836736535
v -0.0004856364659661975 0.001500000428874062 -0.01593863181478361
v -0.00040936263359849667 0.0013002017161904682 -0.01624259072204315
v -0.0004856364659661975 0.001500000428874062 -0.01593863181478361
v -0.00032887782228437095 0.0012999668738788988 -0.01608567314256848
v -0.00040936263359849667 0.0013002017161904682 -0.01624259072204315
v -0.0004856364659661975 0.001500000428874062 -0.01593863181478361
v -0.00022143806078782368 0.0012999917886215983 -0.015824568546426443
v -0.00032887782228437095 0.0012999668738788988 -0.01608567314256848
v -0.000522684837371973 0.0013000341079213989 -0.016426903551232108
v -0.0005682909162555221 0.001299890341511372 -0.016492491551783894
v -0.0006302802862080684 0.0015000001904554715 -0.016228630836736535
v -0.0005682909162555221 0.001299890341511372 -0.016492491551783894
v -0.0006402606672172368 0.001300021829363992 -0.01658764727224593
v -0.0008840284767425159 0.0015000005480833572 -0.016573607278292934
v -0.0009121303991588285 0.0013004545591056148 -0.016878607597955453
v -0.0010817654646654022 0.0012995404622299222 -0.017021099899034997
v -0.0013387926260739764 0.0015000009057112428 -0.01696358570562939
v -0.0015458850402758773 0.0013000349423864653 -0.017299761640175992
v -0.0017136056045013316 0.001299953045600654 -0.01736976706037119
v -0.001846483556712659 0.0015000013825484236 -0.01721268735625503
v -0.0017136056045013316 0.001299953045600654 -0.01736976706037119
v -0.001900746197382037 0.001299271645269217 -0.017433077686547227
v -0.001846483556712659 0.0015000013825484236 -0.01721268735625503
v -0.0021041379974326433 0.0012998265645384332 -0.017481869574240694
v -0.002238068210092815 0.001300012292620375 -0.01750501906569668
v -0.002355263345053816 0.0015000003096647667 -0.017321194517780913
v -0.002238068210092815 0.001300012292620375 -0.01750501906569668
v -0.002421009655549645 0.0012998822352792976 -0.01752510154040543
v -0.002355263345053816 0.0015000003096647667 -0.017321194517780913
v -0.0031150692988825292 0.0013001677415413325 -0.017476427908332814
v -0.0032577826139953982 0.0012999945304353882 -0.017440937870636386
v -0.0033375093137966174 0.001500000428874062 -0.01721470342385567
v -0.0036828800997015815 0.0013000049016440717 -0.01728183828422214
v -0.003782558859242587 0.0013000188491316116 -0.017231232507892713
v -0.003810318412563048 0.0015000001904554715 -0.016987557264385167
v -0.003782558859242587 0.0013000188491316116 -0.017231232507892713
v -0.00391752571593393 0.0012992826125243766 -0.017154204229697934
v -0.003810318412563048 0.0015000001904554715 -0.016987557264385167
v -0.004038109017483473 0.001300014557596984 -0.017072928285896127
v -0.004159752089667458 0.00129970163319705 -0.0169828175028075
v -0.003810318412563048 0.0015000001904554715 -0.016987557264385167
v -0.004415707797930659 0.0013006258628628358 -0.016746426424074645
v -0.0045638725541136144 0.001300335945856878 -0.016573651147313573
v -0.004431427689271796 0.0015000009057112428 -0.016426688020826363
v -0.004793474901902685 0.001300771536621586 -0.016224203880349508
v -0.004870799295986774 0.0012999245545790982 -0.016067307281710796
v -0.004628611784483485 0.0015000000712461763 -0.016108736803331913
v -0.005047231437087798 0.0013002707383723965 -0.015525617383240209
v -0.005079432728747893 0.0012996514460837654 -0.015327463878039849
v -0.004881145232299712 0.0015000001904554715 -0.015318913233712816
v -0.005079432728747893 0.0012996514460837654 -0.015327463878039849
v -0.005093039754540676 0.0012999743840644972 -0.015161473040687934
v -0.004881145232299712 0.0015000001904554715 -0.015318913233712816
v -0.005083877804947792 0.0013000323197819707 -0.014779782043554679
v -0.005074517967924855 0.0013000097892251754 -0.014698343975111383
v -0.004850617639144407 0.0015000003096647667 -0.014560565686401739
v -0.005074517967924855 0.0013000097892251754 -0.014698343975111383
v -0.005048560382310832 0.0012993279120565575 -0.014538387989120327
v -0.004850617639144407 0.0015000003096647667 -0.014560565686401739
v -0.004947210546869531 0.001300039233921093 -0.014180452066662741
v -0.004900159114886173 0.0012996671817107335 -0.01405849809663684
v -0.004672040207566732 0.0015000011441298332 -0.01401992769075211
v -0.0043688494850055454 0.0012995998284589382 -0.01326650587151923
v -0.004194392403507609 0.0012995676419492307 -0.013106785443095514
v -0.004216619215018648 0.0015000011441298332 -0.013383244196460975
v -0.004194392403507609 0.0012995676419492307 -0.013106785443095514
v -0.004005086612197952 0.0012995961329707866 -0.012965448041667993
v -0.004216619215018648 0.0015000011441298332 -0.013383244196460975
v -0.0031761650163535118 0.001300000014062968 -0.01178565176675861
v 0.00015793705736733007 0.001300000014062968 0.0016108969023038988
v 0.0003520167041130841 0.0015000000712461763 0.001562594845604462
v 0.0003520167041130841 0.0015000000712461763 0.001562594845604462
v -0.0029820841775148057 0.0015000000712461763 -0.011833949651132714
v -0.0031761650163535118 0.001300000014062968 -0.01178565176675861
v -0.0029820841775148057 0.0015000000712461763 -0.011833949651132714
v -0.0030713123349816753 0.0014999994751997002 -0.012124202350465851
v -0.0031761650163535118 0.001300000014062968 -0.01178565176675861
v -0.0030713123349816753 0.0014999994751997002 -0.012124202350465851
v -0.003202866467969663 0.001299963059181452 -0.011882044402867775
v -0.0031761650163535118 0.001300000014062968 -0.01178565176675861
v -0.0030713123349816753 0.0014999994751997002 -0.012124202350465851
v -0.003258658087059442 0.0013000820300580744 -0.012044389343134898
v -0.003202866467969663 0.001299963059181452 -0.011882044402867775
v -0.0030713123349816753 0.0014999994751997002 -0.012124202350465851
v -0.003311229386248339 0.0013000183722944308 -0.012162825208440475
v -0.003258658087059442 0.0013000820300580744 -0.012044389343134898
v -0.0033803726848205553 0.0012996905467325952 -0.012296743023333945
v -0.0030713123349816753 0.0014999994751997002 -0.012124202350465851
v -0.003306402601885168 0.0014999991175718146 -0.012561255097970347
v -0.003306402601885168 0.0014999991175718146 -0.012561255097970347
v -0.003496640848301981 0.0012994943282326748 -0.012477149602337367
v -0.0033803726848205553 0.0012996905467325952 -0.012296743023333945
v -0.003306402601885168 0.0014999991175718146 -0.012561255097970347
v -0.0036081549450903156 0.0013000281474566382 -0.012616209629389141
v -0.003496640848301981 0.0012994943282326748 -0.012477149602337367
v -0.003306402601885168 0.0014999991175718146 -0.012561255097970347
v -0.00366896622918292 0.001499999355990405 -0.012966335912498739
v -0.0036081549450903156 0.0013000281474566382 -0.012616209629389141
v -0.00366896622918292 0.001499999355990405 -0.012966335912498739
v -0.0036947004165777137 0.0012996924540813186 -0.01270921672151426
v -0.0036081549450903156 0.0013000281474566382 -0.012616209629389141
v -0.00366896622918292 0.001499999355990405 -0.012966335912498739
v -0.0038223101524056963 0.0013004657647793648 -0.012828241003901009
v -0.0036947004165777137 0.0012996924540813186 -0.01270921672151426
v -0.004005086612197952 0.0012995961329707866 -0.012965448041667993
v -0.00366896622918292 0.001499999355990405 -0.012966335912498739
v -0.004216619215018648 0.0015000011441298332 -0.013383244196460975
v -0.004005086612197952 0.0012995961329707866 -0.012965448041667993
v -0.0038223101524056963 0.0013004657647793648 -0.012828241003901009
v -0.00366896622918292 0.001499999355990405 -0.012966335912498739
v -0.0033803726848205553 0.0012996905467325952 -0.012296743023333945
v -0.003311229386248339 0.0013000183722944308 -0.012162825208440475
v -0.0030713123349816753 0.0014999994751997002 -0.012124202350465851
v 0.0023105174208398757 0.001499998759943929 0.0029338351689517372
v 0.0009752437339512897 0.0015000003096647667 0.0030097104548432174
v 0.0012621129158583994 0.0015000000712461763 0.00354103415142068
v 0.0024017735668369075 0.0015000000712461763 0.002528058410557893
v 0.0004068299427147268 0.0015000000712461763 0.001766935551644963
v 0.0005913663191345344 0.0015000003096647667 0.0022960258620766116
v 0.0003520167041130841 0.0015000000712461763 0.001562594845604462
v 0.0024017735668369075 0.0015000000712461763 0.002528058410557893
v 0.002508801102590609 0.001499999952036881 0.002311287989724131
v 0.002405134792124731 0.0014999995944089955 0.0034028674788272317
v 0.0012621129158583994 0.0015000000712461763 0.00354103415142068
v 0.0015080250025813209 0.0015000003096647667 0.004075732901564211
v 0.0031848565660674857 0.0015000000712461763 0.0018056870364491218
v 0.0032621001362494197 0.0015000000712461763 0.0017854349269132846
v -0.00024887165119168695 0.0015000000712461763 -0.015389151350452268
v 0.0024017735668369075 0.0015000000712461763 0.002528058410557893
v 0.0003520167041130841 0.0015000000712461763 0.001562594845604462
v 0.0004068299427147268 0.0015000000712461763 0.001766935551644963
v 0.0012621129158583994 0.0015000000712461763 0.00354103415142068
v 0.002405134792124731 0.0014999995944089955 0.0034028674788272317
v 0.0023105174208398757 0.001499998759943929 0.0029338351689517372
v 0.0015080250025813209 0.0015000003096647667 0.004075732901564211
v 0.0025863965786120115 0.0015000000712461763 0.0037089855048416664
v 0.002405134792124731 0.0014999995944089955 0.0034028674788272317
v -0.0037985016719657722 0.0014999968525952056 -0.015186946636563392
v -0.004881145232299712 0.0015000001904554715 -0.015318913233712816
v -0.004897064918419626 0.0015000001904554715 -0.01493923735050584
v -0.0037230684141409415 0.0014999984023160433 -0.0145855710281656
v -0.0037985016719657722 0.0014999968525952056 -0.015186946636563392
v -0.004897064918419626 0.0015000001904554715 -0.01493923735050584
v -0.00024887165119168695 0.0015000000712461763 -0.015389151350452268
v -0.0014406375377182957 0.0015000000712461763 -0.015357288136353398
v 0.0031848565660674857 0.0015000000712461763 0.0018056870364491218
v 0.0005913663191345344 0.0015000003096647667 0.0022960258620766116
v 0.0023105174208398757 0.001499998759943929 0.0029338351689517372
v 0.0024017735668369075 0.0015000000712461763 0.002528058410557893
v 0.0025863965786120115 0.0015000000712461763 0.0037089855048416664
v 0.0015080250025813209 0.0015000003096647667 0.004075732901564211
v 0.0017707720643928013 0.0015000000712461763 0.004451212617579692
v 0.0031848565660674857 0.0015000000712461763 0.0018056870364491218
v -0.0013997705647612886 0.0015000000712461763 -0.015136392358649498
v -0.001397727198232044 0.0015000000712461763 -0.014962017769983849
v -0.004897064918419626 0.0015000001904554715 -0.01493923735050584
v -0.004850617639144407 0.0015000003096647667 -0.014560565686401739
v -0.0037230684141409415 0.0014999984023160433 -0.0145855710281656
v -0.00024887165119168695 0.0015000000712461763 -0.015389151350452268
v -0.0004856364659661975 0.001500000428874062 -0.01593863181478361
v -0.0014406375377182957 0.0015000000712461763 -0.015357288136353398
v 0.005703130039255713 0.0015000030514785566 0.0037370433198187503
v 0.004702702268807037 0.0014999992367811098 0.0032018434137981444
v 0.004584666469896194 0.0014999998328275859 0.003521877694517145
v 0.00472530101331914 0.0015000000712461763 0.00290202989057034
v 0.005827918806321777 0.0015000005480833572 0.0028756970340949872
v 0.0057847397690841155 0.0015000000712461763 0.002527593255887972
v 0.00522498346350542 0.0015000009057112428 0.0014145858959703494
v 0.004328147140085227 0.0014999992367811098 0.0020597275281754313
v 0.0045459625496008255 0.001499999952036881 0.0023213475853099685
v 0.0032621001362494197 0.0015000000712461763 0.0017854349269132846
v -5.111558233098555e-05 0.0015000000712461763 -0.014897359601934723
v -0.00014517150018713085 0.0015000000712461763 -0.015152298693328348
v -0.0004856364659661975 0.001500000428874062 -0.01593863181478361
v -0.0015198680884328387 0.0014999998328275859 -0.015566413665085155
v -0.0014406375377182957 0.0015000000712461763 -0.015357288136353398
v -0.0025772529872505902 0.0015000000712461763 -0.01383016175156293
v 0.0003520167041130841 0.0015000000712461763 0.001562594845604462
v 0.002639899617652293 0.0015000000712461763 0.002143848044179608
v 0.0023105174208398757 0.001499998759943929 0.0029338351689517372
v 0.0005913663191345344 0.0015000003096647667 0.0022960258620766116
v 0.0009752437339512897 0.0015000003096647667 0.0030097104548432174
v -0.004431427689271796 0.0015000009057112428 -0.016426688020826363
v -0.0036524190253330053 0.001499999952036881 -0.015604968812180098
v -0.0034634973263725235 0.0014999995944089955 -0.015866682806239263
v 0.00472530101331914 0.0015000000712461763 0.00290202989057034
v 0.004702702268807037 0.0014999992367811098 0.0032018434137981444
v 0.005827918806321777 0.0015000005480833572 0.0028756970340949872
v 0.0057847397690841155 0.0015000000712461763 0.002527593255887972
v 0.004678505166064719 0.0014999997136182907 0.002618409996422849
v 0.00472530101331914 0.0015000000712461763 0.00290202989057034
v 0.004678505166064719 0.0014999997136182907 0.002618409996422849
v 0.0057847397690841155 0.0015000000712461763 0.002527593255887972
v 0.005709379467347955 0.0015000003096647667 0.0022290381059804354
v 0.004678505166064719 0.0014999997136182907 0.002618409996422849
v 0.005709379467347955 0.0015000003096647667 0.0022290381059804354
v 0.005498526834347153 0.0015000009057112428 0.0017655191067992432
v 0.0032621001362494197 0.0015000000712461763 0.0017854349269132846
v 1.7856241120647882e-05 0.0015000000712461763 -0.01467622159094295
v -5.111558233098555e-05 0.0015000000712461763 -0.014897359601934723
v -0.0025772529872505902 0.0015000000712461763 -0.01383016175156293
v 0.0028078221224238377 0.0015000000712461763 0.00199230310843089
v 0.0029323586426212313 0.0015000000712461763 0.001912410111662849
v 0.002508801102590609 0.001499999952036881 0.002311287989724131
v 0.002639899617652293 0.0015000000712461763 0.002143848044179608
v 0.0003520167041130841 0.0015000000712461763 0.001562594845604462
v 0.0028521992130783893 0.001499998759943929 0.0039671425319502684
v 0.002213085279676453 0.001500000428874062 0.004852261296906801
v 0.002651828653405659 0.0015000003096647667 0.005089001897293222
v 0.0032522813434399125 0.0014999992367811098 0.004129858689962684
v 0.0028521992130783893 0.001499998759943929 0.0039671425319502684
v 0.002651828653405659 0.0015000003096647667 0.005089001897293222
v 0.002651828653405659 0.0015000003096647667 0.005089001897293222
v 0.0029956852428428284 0.0015000000712461763 0.005196807154488892
v 0.0032522813434399125 0.0014999992367811098 0.004129858689962684
v 0.0032522813434399125 0.0014999992367811098 0.004129858689962684
v 0.0029956852428428284 0.0015000000712461763 0.005196807154488892
v 0.0033331181201981543 0.0015000006672926524 0.005253882657688114
v -0.001397727198232044 0.0015000000712461763 -0.014962017769983849
v -0.0014287694179147832 0.0015000000712461763 -0.014740711912304416
v 0.0031848565660674857 0.0015000000712461763 0.0018056870364491218
v -0.0014406375377182957 0.0015000000712461763 -0.015357288136353398
v -0.0013997705647612886 0.0015000000712461763 -0.015136392358649498
v 0.0031848565660674857 0.0015000000712461763 0.0018056870364491218
v -0.0037985016719657722 0.0014999968525952056 -0.015186946636563392
v -0.0036524190253330053 0.001499999952036881 -0.015604968812180098
v -0.004778665292739794 0.001500000428874062 -0.015770864282095842
v -0.0037230684141409415 0.0014999984023160433 -0.0145855710281656
v -0.004672040207566732 0.0015000011441298332 -0.01401992769075211
v -0.004216619215018648 0.0015000011441298332 -0.013383244196460975
v 0.004584666469896194 0.0014999998328275859 0.003521877694517145
v 0.005457738658734282 0.0015000000712461763 0.004204361638447673
v 0.005703130039255713 0.0015000030514785566 0.0037370433198187503
v 0.004702702268807037 0.0014999992367811098 0.0032018434137981444
v 0.005809213437391328 0.0015000000712461763 0.0032317875966626775
v 0.005827918806321777 0.0015000005480833572 0.0028756970340949872
v 0.0045459625496008255 0.001499999952036881 0.0023213475853099685
v 0.004678505166064719 0.0014999997136182907 0.002618409996422849
v 0.005498526834347153 0.0015000009057112428 0.0017655191067992432
v 0.0034249557691372347 0.0015000000712461763 -0.0013200467259831539
v 0.003232965146080792 0.001499999952036881 -0.0018433184307154599
v 0.00349022405035926 0.0015000000712461763 0.0017556116222740975
v 0.0032621001362494197 0.0015000000712461763 0.0017854349269132846
v 0.003330819049730678 0.0015000000712461763 0.0017724427826652095
v 5.994698317469659e-05 0.0015000000712461763 -0.014517140124341577
v -0.0006302802862080684 0.0015000001904554715 -0.016228630836736535
v -0.0016953901857742072 0.0014999995944089955 -0.015831242359609643
v -0.0015198680884328387 0.0014999998328275859 -0.015566413665085155
v -0.0016953901857742072 0.0014999995944089955 -0.015831242359609643
v -0.0006302802862080684 0.0015000001904554715 -0.016228630836736535
v -0.0008840284767425159 0.0015000005480833572 -0.016573607278292934
v -0.001968181703591033 0.0014999997136182907 -0.016055371093399717
v -0.0016953901857742072 0.0014999995944089955 -0.015831242359609643
v -0.0013387926260739764 0.0015000009057112428 -0.01696358570562939
v -0.002779159201064253 0.0015000001904554715 -0.01732595716754326
v -0.002786986244969343 0.0014999998328275859 -0.016217966850023968
v -0.0023312340889991576 0.0014999969718045008 -0.01620879059531566
v -0.0022096818542981242 0.0015000000712461763 -0.01389397114943014
v 0.0030380996716609945 0.0015000000712461763 0.0018589583326195092
v 0.0031134168196322877 0.0015000000712461763 0.0018288873110648696
v 0.002639899617652293 0.0015000000712461763 0.002143848044179608
v 0.0028078221224238377 0.0015000000712461763 0.00199230310843089
v -0.0025772529872505902 0.0015000000712461763 -0.01383016175156293
v 0.0033331181201981543 0.0015000006672926524 0.005253882657688114
v 0.003711546835758613 0.0014999994751997002 0.0041485521379636126
v 0.0032522813434399125 0.0014999992367811098 0.004129858689962684
v -0.0015059107065214245 0.0015000000712461763 -0.014527968143044356
v -0.001632251697820456 0.0015000000712461763 -0.01430926390902365
v 0.0031848565660674857 0.0015000000712461763 0.0018056870364491218
v -0.0014287694179147832 0.0015000000712461763 -0.014740711912304416
v -0.0015059107065214245 0.0015000000712461763 -0.014527968143044356
v 0.0031848565660674857 0.0015000000712461763 0.0018056870364491218
v -0.0037985016719657722 0.0014999968525952056 -0.015186946636563392
v -0.004778665292739794 0.001500000428874062 -0.015770864282095842
v -0.004881145232299712 0.0015000001904554715 -0.015318913233712816
v -0.004850617639144407 0.0015000003096647667 -0.014560565686401739
v -0.004672040207566732 0.0015000011441298332 -0.01401992769075211
v -0.0037230684141409415 0.0014999984023160433 -0.0145855710281656
v -0.004216619215018648 0.0015000011441298332 -0.013383244196460975
v -0.0033727885894591094 0.0014999967333859103 -0.01409838934151253
v -0.0037230684141409415 0.0014999984023160433 -0.0145855710281656
v 0.005703130039255713 0.0015000030514785566 0.0037370433198187503
v 0.005809213437391328 0.0015000000712461763 0.0032317875966626775
v 0.004702702268807037 0.0014999992367811098 0.0032018434137981444
v 0.004622369985786136 0.0015000000712461763 0.000735761140961029
v 0.003891860193093179 0.0014999992367811098 0.0018020540139682129
v 0.004328147140085227 0.0014999992367811098 0.0020597275281754313
v 0.003695298608821092 0.0015000000712461763 -0.0007133480053215721
v 0.0034249557691372347 0.0015000000712461763 -0.0013200467259831539
v 0.00349022405035926 0.0015000000712461763 0.0017556116222740975
v 5.994698317469659e-05 0.0015000000712461763 -0.014517140124341577
v 1.7856241120647882e-05 0.0015000000712461763 -0.01467622159094295
v 0.0032621001362494197 0.0015000000712461763 0.0017854349269132846
v -0.001846483556712659 0.0015000013825484236 -0.01721268735625503
v -0.0023312340889991576 0.0014999969718045008 -0.01620879059531566
v -0.001968181703591033 0.0014999997136182907 -0.016055371093399717
v -0.0023312340889991576 0.0014999969718045008 -0.01620879059531566
v -0.002355263345053816 0.0015000003096647667 -0.017321194517780913
v -0.002779159201064253 0.0015000001904554715 -0.01732595716754326
v 0.0028521992130783893 0.001499998759943929 0.0039671425319502684
v 0.0017707720643928013 0.0015000000712461763 0.004451212617579692
v 0.002213085279676453 0.001500000428874062 0.004852261296906801
v -0.0036524190253330053 0.001499999952036881 -0.015604968812180098
v -0.004431427689271796 0.0015000009057112428 -0.016426688020826363
v -0.004628611784483485 0.0015000000712461763 -0.016108736803331913
v -0.0036524190253330053 0.001499999952036881 -0.015604968812180098
v -0.004628611784483485 0.0015000000712461763 -0.016108736803331913
v -0.004778665292739794 0.001500000428874062 -0.015770864282095842
v 0.00522498346350542 0.0015000009057112428 0.0014145858959703494
v 0.004622369985786136 0.0015000000712461763 0.000735761140961029
v 0.004328147140085227 0.0014999992367811098 0.0020597275281754313
v 0.003330819049730678 0.0015000000712461763 0.0017724427826652095
v 0.00349022405035926 0.0015000000712461763 0.0017556116222740975
v 0.003076367285935884 0.0015000000712461763 -0.002397047156700305
v -0.0004856364659661975 0.001500000428874062 -0.01593863181478361
v -0.0006302802862080684 0.0015000001904554715 -0.016228630836736535
v -0.0015198680884328387 0.0014999998328275859 -0.015566413665085155
v -0.0023312340889991576 0.0014999969718045008 -0.01620879059531566
v -0.001846483556712659 0.0015000013825484236 -0.01721268735625503
v -0.002355263345053816 0.0015000003096647667 -0.017321194517780913
v -0.002786986244969343 0.0014999998328275859 -0.016217966850023968
v -0.002779159201064253 0.0015000001904554715 -0.01732595716754326
v -0.0033375093137966174 0.001500000428874062 -0.01721470342385567
v 0.0031848565660674857 0.0015000000712461763 0.0018056870364491218
v -0.0020717876941535327 0.0015000000712461763 -0.013949912733813297
v -0.0022096818542981242 0.0015000000712461763 -0.01389397114943014
v -0.0022096818542981242 0.0015000000712461763 -0.01389397114943014
v -0.0024016469665653914 0.0015000000712461763 -0.013843356790031458
v 0.0030380996716609945 0.0015000000712461763 0.0018589583326195092
v -0.0025772529872505902 0.0015000000712461763 -0.01383016175156293
v 0.0029323586426212313 0.0015000000712461763 0.001912410111662849
v 0.0030380996716609945 0.0015000000712461763 0.0018589583326195092
v 0.0031848565660674857 0.0015000000712461763 0.0018056870364491218
v -0.001632251697820456 0.0015000000712461763 -0.01430926390902365
v -0.0018601927448714398 0.0015000000712461763 -0.014078830434028355
v -0.003810318412563048 0.0015000001904554715 -0.016987557264385167
v -0.004118529992220012 0.0015000003096647667 -0.01675699504335104
v -0.0034634973263725235 0.0014999995944089955 -0.015866682806239263
v -0.0028900960864451665 0.0014999995944089955 -0.0138614870933218
v -0.0033727885894591094 0.0014999967333859103 -0.01409838934151253
v -0.00366896622918292 0.001499999355990405 -0.012966335912498739
v 0.00412745876843146 0.0014999986407346338 0.0040048024172381624
v 0.003711546835758613 0.0014999994751997002 0.0041485521379636126
v 0.00419929190554086 0.0015000013825484236 0.005164129502485126
v 0.004447170468797614 0.0014999998328275859 0.0037269863468374076
v 0.005253091584805083 0.0015000005480833572 0.004479268763626643
v 0.005457738658734282 0.0015000000712461763 0.004204361638447673
v 0.00349022405035926 0.0015000000712461763 0.0017556116222740975
v 0.003891860193093179 0.0014999992367811098 0.0018020540139682129
v 0.003695298608821092 0.0015000000712461763 -0.0007133480053215721
v 0.003232965146080792 0.001499999952036881 -0.0018433184307154599
v 0.003076367285935884 0.0015000000712461763 -0.002397047156700305
v 0.00349022405035926 0.0015000000712461763 0.0017556116222740975
v 0.003076367285935884 0.0015000000712461763 -0.002397047156700305
v 5.994698317469659e-05 0.0015000000712461763 -0.014517140124341577
v 0.003330819049730678 0.0015000000712461763 0.0017724427826652095
v -0.0031472205226386342 0.0014999992367811098 -0.016101958085968926
v -0.002786986244969343 0.0014999998328275859 -0.016217966850023968
v -0.0033375093137966174 0.001500000428874062 -0.01721470342385567
v -0.0022096818542981242 0.0015000000712461763 -0.01389397114943014
v 0.0031134168196322877 0.0015000000712461763 0.0018288873110648696
v 0.0031848565660674857 0.0015000000712461763 0.0018056870364491218
v 0.0031848565660674857 0.0015000000712461763 0.0018056870364491218
v -0.0018601927448714398 0.0015000000712461763 -0.014078830434028355
v -0.0020717876941535327 0.0015000000712461763 -0.013949912733813297
v -0.00366896622918292 0.001499999355990405 -0.012966335912498739
v -0.003306402601885168 0.0014999991175718146 -0.012561255097970347
v -0.0028900960864451665 0.0014999995944089955 -0.0138614870933218
v 0.005498526834347153 0.0015000009057112428 0.0017655191067992432
v 0.00522498346350542 0.0015000009057112428 0.0014145858959703494
v 0.0045459625496008255 0.001499999952036881 0.0023213475853099685
v -0.00014517150018713085 0.0015000000712461763 -0.015152298693328348
v -0.00024887165119168695 0.0015000000712461763 -0.015389151350452268
v 0.0032621001362494197 0.0015000000712461763 0.0017854349269132846
v 0.0028521992130783893 0.001499998759943929 0.0039671425319502684
v 0.0025863965786120115 0.0015000000712461763 0.0037089855048416664
v 0.0017707720643928013 0.0015000000712461763 0.004451212617579692
v -0.004118529992220012 0.0015000003096647667 -0.01675699504335104
v -0.004431427689271796 0.0015000009057112428 -0.016426688020826363
v -0.0034634973263725235 0.0014999995944089955 -0.015866682806239263
v 0.004584666469896194 0.0014999998328275859 0.003521877694517145
v 0.004447170468797614 0.0014999998328275859 0.0037269863468374076
v 0.005457738658734282 0.0015000000712461763 0.004204361638447673
v 0.004622369985786136 0.0015000000712461763 0.000735761140961029
v 0.004126939492741512 0.0015000000712461763 4.803379480701258e-05
v 0.003891860193093179 0.0014999992367811098 0.0018020540139682129
v 0.004126939492741512 0.0015000000712461763 4.803379480701258e-05
v 0.003695298608821092 0.0015000000712461763 -0.0007133480053215721
v 0.003891860193093179 0.0014999992367811098 0.0018020540139682129
v -0.0008840284767425159 0.0015000005480833572 -0.016573607278292934
v -0.0013387926260739764 0.0015000009057112428 -0.01696358570562939
v -0.0016953901857742072 0.0014999995944089955 -0.015831242359609643
v -0.0034634973263725235 0.0014999995944089955 -0.015866682806239263
v -0.0031472205226386342 0.0014999992367811098 -0.016101958085968926
v -0.003810318412563048 0.0015000001904554715 -0.016987557264385167
v -0.003306402601885168 0.0014999991175718146 -0.012561255097970347
v -0.0030713123349816753 0.0014999994751997002 -0.012124202350465851
v -0.0028900960864451665 0.0014999995944089955 -0.0138614870933218
v -0.0029820841775148057 0.0015000000712461763 -0.011833949651132714
v 0.0003520167041130841 0.0015000000712461763 0.001562594845604462
v -0.0025772529872505902 0.0015000000712461763 -0.01383016175156293
v 0.00419929190554086 0.0015000013825484236 0.005164129502485126
v 0.004707198366585287 0.0015000006672926524 0.004935227628514727
v 0.00412745876843146 0.0014999986407346338 0.0040048024172381624
v 0.00412745876843146 0.0014999986407346338 0.0040048024172381624
v 0.004707198366585287 0.0015000006672926524 0.004935227628514727
v 0.005006588696815087 0.0015000000712461763 0.0047168209408948725
v 0.005006588696815087 0.0015000000712461763 0.0047168209408948725
v 0.004447170468797614 0.0014999998328275859 0.0037269863468374076
v 0.00412745876843146 0.0014999986407346338 0.0040048024172381624
v -0.0025772529872505902 0.0015000000712461763 -0.01383016175156293
v -0.0028900960864451665 0.0014999995944089955 -0.0138614870933218
v -0.0029820841775148057 0.0015000000712461763 -0.011833949651132714
v 0.003711546835758613 0.0014999994751997002 0.0041485521379636126
v 0.0037178055621758816 0.0015000001904554715 0.005250297795762471
v 0.00419929190554086 0.0015000013825484236 0.005164129502485126
v -0.0033375093137966174 0.001500000428874062 -0.01721470342385567
v -0.003810318412563048 0.0015000001904554715 -0.016987557264385167
v -0.0031472205226386342 0.0014999992367811098 -0.016101958085968926
v 0.005006588696815087 0.0015000000712461763 0.0047168209408948725
v 0.005253091584805083 0.0015000005480833572 0.004479268763626643
v 0.004447170468797614 0.0014999998328275859 0.0037269863468374076
v -0.0013387926260739764 0.0015000009057112428 -0.01696358570562939
v -0.001846483556712659 0.0015000013825484236 -0.01721268735625503
v -0.001968181703591033 0.0014999997136182907 -0.016055371093399717
v -0.004216619215018648 0.0015000011441298332 -0.013383244196460975
v -0.00366896622918292 0.001499999355990405 -0.012966335912498739
v -0.0033727885894591094 0.0014999967333859103 -0.01409838934151253
v -0.0030713123349816753 0.0014999994751997002 -0.012124202350465851
v -0.0029820841775148057 0.0015000000712461763 -0.011833949651132714
v -0.0028900960864451665 0.0014999995944089955 -0.0138614870933218
v 0.003711546835758613 0.0014999994751997002 0.0041485521379636126
v 0.0033331181201981543 0.0015000006672926524 0.005253882657688114
v 0.0037178055621758816 0.0015000001904554715 0.005250297795762471
v -0.0024016469665653914 0.0015000000712461763 -0.013843356790031458
v -0.0025772529872505902 0.0015000000712461763 -0.01383016175156293
v 0.0030380996716609945 0.0015000000712461763 0.0018589583326195092
v -0.0031472205226386342 0.0014999992367811098 -0.016101958085968926
v -0.0034634973263725235 0.0014999995944089955 -0.015866682806239263
v -0.0031438664499085236 0.001300172509913141 -0.015868821897832563
v -0.003347904364339184 0.0012996388098984728 -0.015692064076937018
v -0.003253474866903584 0.0012999402902060663 -0.015784671579504583
v -0.0034634973263725235 0.0014999995944089955 -0.015866682806239263
v -0.0034634973263725235 0.0014999995944089955 -0.015866682806239263
v -0.003424361391591303 0.0013001188657302952 -0.015591635490929123
v -0.003347904364339184 0.0012996388098984728 -0.015692064076937018
v -0.003424361391591303 0.0013001188657302952 -0.015591635490929123
v -0.0034634973263725235 0.0014999995944089955 -0.015866682806239263
v -0.0036524190253330053 0.001499999952036881 -0.015604968812180098
v -0.0036524190253330053 0.001499999952036881 -0.015604968812180098
v -0.003499293016701878 0.0013000438830836063 -0.015461348314330658
v -0.003459595129303024 0.0012998530290019704 -0.015535525106183945
v -0.0035453798070683735 0.0012995390317183796 -0.015347948803329237
v -0.0036524190253330053 0.001499999952036881 -0.015604968812180098
v -0.0037985016719657722 0.0014999968525952056 -0.015186946636563392
v -0.0035453798070683735 0.0012995390317183796 -0.015347948803329237
v -0.003499293016701878 0.0013000438830836063 -0.015461348314330658
v -0.0036524190253330053 0.001499999952036881 -0.015604968812180098
v -0.0037985016719657722 0.0014999968525952056 -0.015186946636563392
v -0.003577133348615648 0.0013000511548506143 -0.01522825313419185
v -0.0035453798070683735 0.0012995390317183796 -0.015347948803329237
v -0.0035947775164001123 0.0012990030667271023 -0.015100927116486473
v -0.003577133348615648 0.0013000511548506143 -0.01522825313419185
v -0.0037985016719657722 0.0014999968525952056 -0.015186946636563392
v -0.0037985016719657722 0.0014999968525952056 -0.015186946636563392
v -0.0035945867815277716 0.0012996096036211457 -0.014958657021533206
v -0.0035947775164001123 0.0012990030667271023 -0.015100927116486473
v -0.0037985016719657722 0.0014999968525952056 -0.015186946636563392
v -0.0037230684141409415 0.0014999984023160433 -0.0145855710281656
v -0.0035945867815277716 0.0012996096036211457 -0.014958657021533206
v -0.0037230684141409415 0.0014999984023160433 -0.0145855710281656
v -0.0035395070803490043 0.0013000709435936196 -0.01469237969565329
v -0.0035787090570797726 0.001300036968944484 -0.01484095548548614
v -0.0037230684141409415 0.0014999984023160433 -0.0145855710281656
v -0.0034710933426634906 0.0012999934575517313 -0.014544455265409484
v -0.0035395070803490043 0.0013000709435936196 -0.01469237969565329
v -0.0034148227406255462 0.0012999592444840051 -0.014456255645741711
v -0.0037230684141409415 0.0014999984023160433 -0.0145855710281656
v -0.0033727885894591094 0.0014999967333859103 -0.01409838934151253
v -0.0033727885894591094 0.0014999967333859103 -0.01409838934151253
v -0.003353797118220149 0.0013002231738636065 -0.014376708713557673
v -0.0034148227406255462 0.0012999592444840051 -0.014456255645741711
v -0.003007347965030689 0.0012999550721586727 -0.014117825225004044
v -0.0033727885894591094 0.0014999967333859103 -0.01409838934151253
v -0.0028900960864451665 0.0014999995944089955 -0.0138614870933218
v -0.0028666016032888333 0.0012994506976306268 -0.01406690759715834
v -0.003007347965030689 0.0012999550721586727 -0.014117825225004044
v -0.0028900960864451665 0.0014999995944089955 -0.0138614870933218
v -0.0028900960864451665 0.0014999995944089955 -0.0138614870933218
v -0.002704884657588892 0.001300483765382942 -0.014034884165766703
v -0.0028666016032888333 0.0012994506976306268 -0.01406690759715834
v -0.0028900960864451665 0.0014999995944089955 -0.0138614870933218
v -0.0025772529872505902 0.0015000000712461763 -0.01383016175156293
v -0.002704884657588892 0.001300483765382942 -0.014034884165766703
v -0.0025772529872505902 0.0015000000712461763 -0.01383016175156293
v -0.002566058042337145 0.0012998593470946167 -0.014030536364351698
v -0.002704884657588892 0.001300483765382942 -0.014034884165766703
v -0.002566058042337145 0.0012998593470946167 -0.014030536364351698
v -0.0025772529872505902 0.0015000000712461763 -0.01383016175156293
v -0.0024016469665653914 0.0015000000712461763 -0.013843356790031458
v -0.0024016469665653914 0.0015000000712461763 -0.013843356790031458
v -0.0024053634355529494 0.0013001654765647235 -0.014046806048962357
v -0.002566058042337145 0.0012998593470946167 -0.014030536364351698
v -0.0022096818542981242 0.0015000000712461763 -0.01389397114943014
v -0.002272510636502912 0.0013000074050392712 -0.014084168149430809
v -0.0024053634355529494 0.0013001654765647235 -0.014046806048962357
v -0.0024053634355529494 0.0013001654765647235 -0.014046806048962357
v -0.0024016469665653914 0.0015000000712461763 -0.013843356790031458
v -0.0022096818542981242 0.0015000000712461763 -0.01389397114943014
v -0.0022096818542981242 0.0015000000712461763 -0.01389397114943014
v -0.0020717876941535327 0.0015000000712461763 -0.013949912733813297
v -0.0021780906758109295 0.001299912752858872 -0.014121428206742559
v -0.002045004226542275 0.0012999617478792046 -0.014194606501539142
v -0.0020717876941535327 0.0015000000712461763 -0.013949912733813297
v -0.0018601927448714398 0.0015000000712461763 -0.014078830434028355
v -0.0018601927448714398 0.0015000000712461763 -0.014078830434028355
v -0.001632251697820456 0.0015000000712461763 -0.01430926390902365
v -0.0018990198083687635 0.0013000798842907606 -0.014312102997598442
v -0.001632251697820456 0.0015000000712461763 -0.01430926390902365
v -0.0017717569715898504 0.0012996830365469968 -0.014461171837076292
v -0.0018990198083687635 0.0013000798842907606 -0.014312102997598442
v -0.001632251697820456 0.0015000000712461763 -0.01430926390902365
v -0.0015059107065214245 0.0015000000712461763 -0.014527968143044356
v -0.0017717569715898504 0.0012996830365469968 -0.014461171837076292
v -0.0015059107065214245 0.0015000000712461763 -0.014527968143044356
v -0.0016767289242829865 0.0013002675197214258 -0.01463561890499343
v -0.0017717569715898504 0.0012996830365469968 -0.014461171837076292
v -0.0015059107065214245 0.0015000000712461763 -0.014527968143044356
v -0.0014287694179147832 0.0015000000712461763 -0.014740711912304416
v -0.0016767289242829865 0.0013002675197214258 -0.01463561890499343
v -0.0014287694179147832 0.0015000000712461763 -0.014740711912304416
v -0.001629700261275014 0.0012998822352792976 -0.01477107118193488
v -0.0016767289242829865 0.0013002675197214258 -0.01463561890499343
v -0.0014287694179147832 0.0015000000712461763 -0.014740711912304416
v -0.001397727198232044 0.0015000000712461763 -0.014962017769983849
v -0.001598064140883524 0.00130023354507229 -0.014944857353519359
v -0.0013997705647612886 0.0015000000712461763 -0.015136392358649498
v -0.0015986355110354795 0.0013000995538244707 -0.015103655578835307
v -0.001598064140883524 0.00130023354507229 -0.014944857353519359
v -0.001598064140883524 0.00130023354507229 -0.014944857353519359
v -0.001397727198232044 0.0015000000712461763 -0.014962017769983849
v -0.0013997705647612886 0.0015000000712461763 -0.015136392358649498
v -0.0016101229955593772 0.0012999648473208802 -0.015196934468153511
v -0.0013997705647612886 0.0015000000712461763 -0.015136392358649498
v -0.0014406375377182957 0.0015000000712461763 -0.015357288136353398
v -0.0014406375377182957 0.0015000000712461763 -0.015357288136353398
v -0.0015198680884328387 0.0014999998328275859 -0.015566413665085155
v -0.0016353066744288775 0.0012999750993202685 -0.015311009180603019
v -0.0015198680884328387 0.0014999998328275859 -0.015566413665085155
v -0.0017021740291368887 0.001300002279039577 -0.015478478213215574
v -0.0016757469973183177 0.0012997455022176884 -0.015421041267433266
v -0.0017396312586229208 0.0012999814174129147 -0.015546477102553746
v -0.0017021740291368887 0.001300002279039577 -0.015478478213215574
v -0.0015198680884328387 0.0014999998328275859 -0.015566413665085155
v -0.0015198680884328387 0.0014999998328275859 -0.015566413665085155
v -0.0016953901857742072 0.0014999995944089955 -0.015831242359609643
v -0.001808500614234738 0.001298866214456198 -0.01564819314894994
v -0.001974309180574272 0.0012999567410888057 -0.015813467776856216
v -0.0016953901857742072 0.0014999995944089955 -0.015831242359609643
v -0.001968181703591033 0.0014999997136182907 -0.016055371093399717
v -0.001968181703591033 0.0014999997136182907 -0.016055371093399717
v -0.0020578309082885946 0.0013009666822378495 -0.015874415197963954
v -0.001974309180574272 0.0012999567410888057 -0.015813467776856216
v -0.0021621123387177707 0.0013003651521342051 -0.015931589883296793
v -0.001968181703591033 0.0014999997136182907 -0.016055371093399717
v -0.0023312340889991576 0.0014999969718045008 -0.01620879059531566
v -0.002403222198192335 0.0012999942920167977 -0.016011475369879236
v -0.0022855459345158544 0.0013000357768515318 -0.01598201160047441
v -0.0023312340889991576 0.0014999969718045008 -0.01620879059531566
v -0.0023312340889991576 0.0014999969718045008 -0.01620879059531566
v -0.002786986244969343 0.0014999998328275859 -0.016217966850023968
v -0.0026483720606816654 0.0012999594829025956 -0.01602929954369947
v -0.0026483720606816654 0.0012999594829025956 -0.01602929954369947
v -0.0025285519370400757 0.001299339356148898 -0.01602933769067394
v -0.0023312340889991576 0.0014999969718045008 -0.01620879059531566
v -0.002786986244969343 0.0014999998328275859 -0.016217966850023968
v -0.0026999720425331677 0.0013000466248973962 -0.016025185392503083
v -0.0026483720606816654 0.0012999594829025956 -0.01602929954369947
v -0.00285535730572717 0.0012998535058391513 -0.01599657993002379
v -0.002763350379588887 0.0012999045274175024 -0.016016859815325413
v -0.002786986244969343 0.0014999998328275859 -0.016217966850023968
v -0.002786986244969343 0.0014999998328275859 -0.016217966850023968
v -0.0031472205226386342 0.0014999992367811098 -0.016101958085968926
v -0.00285535730572717 0.0012998535058391513 -0.01599657993002379
v -0.0029323767624341037 0.001300000014062968 -0.015972036166650994
v -0.00285535730572717 0.0012998535058391513 -0.01599657993002379
v -0.0031472205226386342 0.0014999992367811098 -0.016101958085968926
v -0.002763350379588887 0.0012999045274175024 -0.016016859815325413
v -0.0026999720425331677 0.0013000466248973962 -0.016025185392503083
v -0.002786986244969343 0.0014999998328275859 -0.016217966850023968
v -0.0025285519370400757 0.001299339356148898 -0.01602933769067394
v -0.002403222198192335 0.0012999942920167977 -0.016011475369879236
v -0.0023312340889991576 0.0014999969718045008 -0.01620879059531566
v -0.0022855459345158544 0.0013000357768515318 -0.01598201160047441
v -0.0021621123387177707 0.0013003651521342051 -0.015931589883296793
v -0.0023312340889991576 0.0014999969718045008 -0.01620879059531566
v -0.0021621123387177707 0.0013003651521342051 -0.015931589883296793
v -0.0020578309082885946 0.0013009666822378495 -0.015874415197963954
v -0.001968181703591033 0.0014999997136182907 -0.016055371093399717
v -0.001974309180574272 0.0012999567410888057 -0.015813467776856216
v -0.0019090487671657311 0.001299417199818672 -0.015757664475255506
v -0.0016953901857742072 0.0014999995944089955 -0.015831242359609643
v -0.0019090487671657311 0.001299417199818672 -0.015757664475255506
v -0.001808500614234738 0.001298866214456198 -0.01564819314894994
v -0.0016953901857742072 0.0014999995944089955 -0.015831242359609643
v -0.001808500614234738 0.001298866214456198 -0.01564819314894994
v -0.0017396312586229208 0.0012999814174129147 -0.015546477102553746
v -0.0015198680884328387 0.0014999998328275859 -0.015566413665085155
v -0.0016757469973183177 0.0012997455022176884 -0.015421041267433266
v -0.0016353066744288775 0.0012999750993202685 -0.015311009180603019
v -0.0015198680884328387 0.0014999998328275859 -0.015566413665085155
v -0.0016353066744288775 0.0012999750993202685 -0.015311009180603019
v -0.0016101229955593772 0.0012999648473208802 -0.015196934468153511
v -0.0014406375377182957 0.0015000000712461763 -0.015357288136353398
v -0.0016101229955593772 0.0012999648473208802 -0.015196934468153511
v -0.0015986355110354795 0.0013000995538244707 -0.015103655578835307
v -0.0013997705647612886 0.0015000000712461763 -0.015136392358649498
v -0.001598064140883524 0.00130023354507229 -0.014944857353519359
v -0.001629700261275014 0.0012998822352792976 -0.01477107118193488
v -0.0014287694179147832 0.0015000000712461763 -0.014740711912304416
v -0.0018990198083687635 0.0013000798842907606 -0.014312102997598442
v -0.002045004226542275 0.0012999617478792046 -0.014194606501539142
v -0.0018601927448714398 0.0015000000712461763 -0.014078830434028355
v -0.002045004226542275 0.0012999617478792046 -0.014194606501539142
v -0.0021780906758109295 0.001299912752858872 -0.014121428206742559
v -0.0020717876941535327 0.0015000000712461763 -0.013949912733813297
v -0.0021780906758109295 0.001299912752858872 -0.014121428206742559
v -0.002272510636502912 0.0013000074050392712 -0.014084168149430809
v -0.0022096818542981242 0.0015000000712461763 -0.01389397114943014
v -0.003007347965030689 0.0012999550721586727 -0.014117825225004044
v -0.003151231915422549 0.0013003469131120376 -0.01419723101338255
v -0.0033727885894591094 0.0014999967333859103 -0.01409838934151253
v -0.003151231915422549 0.0013003469131120376 -0.01419723101338255
v -0.003271361744813102 0.0013002030274927156 -0.014291691505234905
v -0.0033727885894591094 0.0014999967333859103 -0.01409838934151253
v -0.003271361744813102 0.0013002030274927156 -0.014291691505234905
v -0.003353797118220149 0.0013002231738636065 -0.014376708713557673
v -0.0033727885894591094 0.0014999967333859103 -0.01409838934151253
v -0.0034148227406255462 0.0012999592444840051 -0.014456255645741711
v -0.0034710933426634906 0.0012999934575517313 -0.014544455265409484
v -0.0037230684141409415 0.0014999984023160433 -0.0145855710281656
v -0.0035787090570797726 0.001300036968944484 -0.01484095548548614
v -0.0035945867815277716 0.0012996096036211457 -0.014958657021533206
v -0.0037230684141409415 0.0014999984023160433 -0.0145855710281656
v -0.003459595129303024 0.0012998530290019704 -0.015535525106183945
v -0.003424361391591303 0.0013001188657302952 -0.015591635490929123
v -0.0036524190253330053 0.001499999952036881 -0.015604968812180098
v -0.003253474866903584 0.0012999402902060663 -0.015784671579504583
v -0.0031438664499085236 0.001300172509913141 -0.015868821897832563
v -0.0034634973263725235 0.0014999995944089955 -0.015866682806239263
v -0.0031438664499085236 0.001300172509913141 -0.015868821897832563
v -0.0030222095494462932 0.0012996385714798824 -0.01593573169104967
v -0.0031472205226386342 0.0014999992367811098 -0.016101958085968926
v -0.0030222095494462932 0.0012996385714798824 -0.01593573169104967
v -0.0029323767624341037 0.001300000014062968 -0.015972036166650994
v -0.0031472205226386342 0.0014999992367811098 -0.016101958085968926
v -0.00285535730572717 0.0012998535058391513 -0.01599657993002379
v -0.0029323767624341037 0.001300000014062968 -0.015972036166650994
v -0.002883311647036009 -0.0012993003747093633 -0.015988809391324632
v -0.002883311647036009 -0.0012993003747093633 -0.015988809391324632
v -0.0027865063083468158 -0.00129995912527471 -0.01601167373414647
v -0.00285535730572717 0.0012998535058391513 -0.01599657993002379
v -0.002763350379588887 0.0012999045274175024 -0.016016859815325413
v -0.00285535730572717 0.0012998535058391513 -0.01599657993002379
v -0.0027865063083468158 -0.00129995912527471 -0.01601167373414647
v -0.002680468209743382 -0.001300421657340136 -0.016027169035175426
v -0.0026483720606816654 0.0012999594829025956 -0.01602929954369947
v -0.0026999720425331677 0.0013000466248973962 -0.016025185392503083
v -0.002680468209743382 -0.001300421657340136 -0.016027169035175426
v -0.0025349401247519456 -0.0012995929143198158 -0.016030461119072026
v -0.0026483720606816654 0.0012999594829025956 -0.01602929954369947
v -0.0025285519370400757 0.001299339356148898 -0.01602933769067394
v -0.0026483720606816654 0.0012999594829025956 -0.01602929954369947
v -0.0025349401247519456 -0.0012995929143198158 -0.016030461119072026
v -0.002403222198192335 0.0012999942920167977 -0.016011475369879236
v -0.0025285519370400757 0.001299339356148898 -0.01602933769067394
v -0.0025349401247519456 -0.0012995929143198158 -0.016030461119072026
v -0.0025349401247519456 -0.0012995929143198158 -0.016030461119072026
v -0.002394280308958414 -0.0013000040671790052 -0.01600964050040732
v -0.002403222198192335 0.0012999942920167977 -0.016011475369879236
v -0.002394280308958414 -0.0013000040671790052 -0.01600964050040732
v -0.0022855459345158544 0.0013000357768515318 -0.01598201160047441
v -0.002403222198192335 0.0012999942920167977 -0.016011475369879236
v -0.002289109338768359 -0.001300295653115096 -0.0159828012428459
v -0.002151440007354539 -0.0013002213857241784 -0.01592729358029732
v -0.0022855459345158544 0.0013000357768515318 -0.01598201160047441
v -0.0021621123387177707 0.0013003651521342051 -0.015931589883296793
v -0.0022855459345158544 0.0013000357768515318 -0.01598201160047441
v -0.002151440007354539 -0.0013002213857241784 -0.01592729358029732
v -0.0020578309082885946 0.0013009666822378495 -0.015874415197963954
v -0.0021621123387177707 0.0013003651521342051 -0.015931589883296793
v -0.002151440007354539 -0.0013002213857241784 -0.01592729358029732
v -0.002151440007354539 -0.0013002213857241784 -0.01592729358029732
v -0.002021191454567723 -0.001299451293677103 -0.01584931353508956
v -0.0020578309082885946 0.0013009666822378495 -0.015874415197963954
v -0.002021191454567723 -0.001299451293677103 -0.01584931353508956
v -0.001974309180574272 0.0012999567410888057 -0.015813467776856216
v -0.0020578309082885946 0.0013009666822378495 -0.015874415197963954
v -0.001974309180574272 0.0012999567410888057 -0.015813467776856216
v -0.002021191454567723 -0.001299451293677103 -0.01584931353508956
v -0.0019380432095753028 -0.0012999797484827818 -0.01578333071335203
v -0.0019090487671657311 0.001299417199818672 -0.015757664475255506
v -0.001974309180574272 0.0012999567410888057 -0.015813467776856216
v -0.0019380432095753028 -0.0012999797484827818 -0.01578333071335203
v -0.0019090487671657311 0.001299417199818672 -0.015757664475255506
v -0.0019380432095753028 -0.0012999797484827818 -0.01578333071335203
v -0.0018534170077408327 -0.0013002041003763725 -0.015701545507441073
v -0.001808500614234738 0.001298866214456198 -0.01564819314894994
v -0.0019090487671657311 0.001299417199818672 -0.015757664475255506
v -0.0018534170077408327 -0.0013002041003763725 -0.015701545507441073
v -0.001808500614234738 0.001298866214456198 -0.01564819314894994
v -0.0018534170077408327 -0.0013002041003763725 -0.015701545507441073
v -0.001763149702847592 -0.0013001473567518511 -0.015584455276659859
v -0.0017396312586229208 0.0012999814174129147 -0.015546477102553746
v -0.001808500614234738 0.001298866214456198 -0.01564819314894994
v -0.001763149702847592 -0.0013001473567518511 -0.015584455276659859
v -0.001763149702847592 -0.0013001473567518511 -0.015584455276659859
v -0.0017212366683250914 -0.0012999187133236328 -0.015514512798972535
v -0.0017396312586229208 0.0012999814174129147 -0.015546477102553746
v -0.0017021740291368887 0.001300002279039577 -0.015478478213215574
v -0.0017396312586229208 0.0012999814174129147 -0.015546477102553746
v -0.0017212366683250914 -0.0012999187133236328 -0.015514512798972535
v -0.0017021740291368887 0.001300002279039577 -0.015478478213215574
v -0.0017212366683250914 -0.0012999187133236328 -0.015514512798972535
v -0.0016912163107209173 -0.0013000226638290584 -0.01545601345995129
v -0.0016912163107209173 -0.0013000226638290584 -0.01545601345995129
v -0.0016757469973183177 0.0012997455022176884 -0.015421041267433266
v -0.0017021740291368887 0.001300002279039577 -0.015478478213215574
v -0.0016757469973183177 0.0012997455022176884 -0.015421041267433266
v -0.0016912163107209173 -0.0013000226638290584 -0.01545601345995129
v -0.0016433482950653506 -0.001298826517760892 -0.015337135089741882
v -0.0016433482950653506 -0.001298826517760892 -0.015337135089741882
v -0.0016353066744288775 0.0012999750993202685 -0.015311009180603019
v -0.0016757469973183177 0.0012997455022176884 -0.015421041267433266
v -0.0016101229955593772 0.0012999648473208802 -0.015196934468153511
v -0.0016353066744288775 0.0012999750993202685 -0.015311009180603019
v -0.0016134283116877458 -0.0013000753543375425 -0.01521522498873662
v -0.0016134283116877458 -0.0013000753543375425 -0.01521522498873662
v -0.0015975735946337228 -0.0013003333232523833 -0.015099451782248918
v -0.0016101229955593772 0.0012999648473208802 -0.015196934468153511
v -0.0015986355110354795 0.0013000995538244707 -0.015103655578835307
v -0.0016101229955593772 0.0012999648473208802 -0.015196934468153511
v -0.0015975735946337228 -0.0013003333232523833 -0.015099451782248918
v -0.0015975735946337228 -0.0013003333232523833 -0.015099451782248918
v -0.001598064140883524 0.00130023354507229 -0.014944857353519359
v -0.0015986355110354795 0.0013000995538244707 -0.015103655578835307
v -0.0016243841227549939 -0.0013002882621387928 -0.014792500244842355
v -0.0016703875858241353 -0.0012996212861320765 -0.014650149087568343
v -0.001629700261275014 0.0012998822352792976 -0.01477107118193488
v -0.0016703875858241353 -0.0012996212861320765 -0.014650149087568343
v -0.0016767289242829865 0.0013002675197214258 -0.01463561890499343
v -0.001629700261275014 0.0012998822352792976 -0.01477107118193488
v -0.001757201516644353 -0.0013002027890741251 -0.01448371669898696
v -0.0017717569715898504 0.0012996830365469968 -0.014461171837076292
v -0.0016767289242829865 0.0013002675197214258 -0.01463561890499343
v -0.0016767289242829865 0.0013002675197214258 -0.01463561890499343
v -0.0016703875858241353 -0.0012996212861320765 -0.014650149087568343
v -0.001757201516644353 -0.0013002027890741251 -0.01448371669898696
v -0.0018557555364850245 -0.001300032558200561 -0.014357737269480308
v -0.0018990198083687635 0.0013000798842907606 -0.014312102997598442
v -0.0017717569715898504 0.0012996830365469968 -0.014461171837076292
v -0.0018990198083687635 0.0013000798842907606 -0.014312102997598442
v -0.0018557555364850245 -0.001300032558200561 -0.014357737269480308
v -0.0019336693013246456 -0.0012999534032285397 -0.014280992232570955
v -0.002045004226542275 0.0012999617478792046 -0.014194606501539142
v -0.0019336693013246456 -0.0012999534032285397 -0.014280992232570955
v -0.0020417867676644783 -0.0012998917720229146 -0.01419699640948957
v -0.002045004226542275 0.0012999617478792046 -0.014194606501539142
v -0.0018990198083687635 0.0013000798842907606 -0.014312102997598442
v -0.0019336693013246456 -0.0012999534032285397 -0.014280992232570955
v -0.0021780906758109295 0.001299912752858872 -0.014121428206742559
v -0.002045004226542275 0.0012999617478792046 -0.014194606501539142
v -0.002161660058651733 -0.0013001865766099762 -0.01412937898989608
v -0.0021780906758109295 0.001299912752858872 -0.014121428206742559
v -0.002161660058651733 -0.0013001865766099762 -0.01412937898989608
v -0.0022425821892653472 -0.0012999909541565318 -0.014095295621883164
v -0.002272510636502912 0.0013000074050392712 -0.014084168149430809
v -0.0021780906758109295 0.001299912752858872 -0.014121428206742559
v -0.0022425821892653472 -0.0012999909541565318 -0.014095295621883164
v -0.002272510636502912 0.0013000074050392712 -0.014084168149430809
v -0.0022425821892653472 -0.0012999909541565318 -0.014095295621883164
v -0.002318134656385391 -0.0012998902223020769 -0.014069514942863237
v -0.002318134656385391 -0.0012998902223020769 -0.014069514942863237
v -0.0024053634355529494 0.0013001654765647235 -0.014046806048962357
v -0.002272510636502912 0.0013000074050392712 -0.014084168149430809
v -0.0024053634355529494 0.0013001654765647235 -0.014046806048962357
v -0.002318134656385391 -0.0012998902223020769 -0.014069514942863237
v -0.0024539500448400595 -0.0012999531648099493 -0.014039464663725965
v -0.0024539500448400595 -0.0012999531648099493 -0.014039464663725965
v -0.002566058042337145 0.0012998593470946167 -0.014030536364351698
v -0.0024053634355529494 0.0013001654765647235 -0.014046806048962357
v -0.002566058042337145 0.0012998593470946167 -0.014030536364351698
v -0.0024539500448400595 -0.0012999531648099493 -0.014039464663725965
v -0.0026390193762164406 -0.0013002203128405214 -0.014029979418524463
v -0.0026390193762164406 -0.0013002203128405214 -0.014029979418524463
v -0.002704884657588892 0.001300483765382942 -0.014034884165766703
v -0.002566058042337145 0.0012998593470946167 -0.014030536364351698
v -0.002873748915792619 -0.0012999828479244573 -0.014068445873903768
v -0.0028666016032888333 0.0012994506976306268 -0.01406690759715834
v -0.002704884657588892 0.001300483765382942 -0.014034884165766703
v -0.002704884657588892 0.001300483765382942 -0.014034884165766703
v -0.0027583381055623648 -0.001299956979507396 -0.014043512057717034
v -0.002873748915792619 -0.0012999828479244573 -0.014068445873903768
v -0.002873748915792619 -0.0012999828479244573 -0.014068445873903768
v -0.003007347965030689 0.0012999550721586727 -0.014117825225004044
v -0.0028666016032888333 0.0012994506976306268 -0.01406690759715834
v -0.003151231915422549 0.0013003469131120376 -0.01419723101338255
v -0.003022549772774831 -0.0013002309224677954 -0.014124862388119053
v -0.0031276179845524123 -0.0013000037095511196 -0.014182729441038489
v -0.003151231915422549 0.0013003469131120376 -0.01419723101338255
v -0.003007347965030689 0.0012999550721586727 -0.014117825225004044
v -0.003022549772774831 -0.0013002309224677954 -0.014124862388119053
v -0.003271361744813102 0.0013002030274927156 -0.014291691505234905
v -0.003151231915422549 0.0013003469131120376 -0.01419723101338255
v -0.0032341429339174956 -0.0013000507972227287 -0.01425872298255082
v -0.0032341429339174956 -0.0013000507972227287 -0.01425872298255082
v -0.0033101467274292153 -0.0012999315879275157 -0.0143299739014624
v -0.003271361744813102 0.0013002030274927156 -0.014291691505234905
v -0.003353797118220149 0.0013002231738636065 -0.014376708713557673
v -0.003271361744813102 0.0013002030274927156 -0.014291691505234905
v -0.0033101467274292153 -0.0012999315879275157 -0.0143299739014624
v -0.003353797118220149 0.0013002231738636065 -0.014376708713557673
v -0.0033101467274292153 -0.0012999315879275157 -0.0143299739014624
v -0.0033789087946753406 -0.0013002153060501225 -0.014405844418982072
v -0.0033789087946753406 -0.0013002153060501225 -0.014405844418982072
v -0.0034148227406255462 0.0012999592444840051 -0.014456255645741711
v -0.003353797118220149 0.0013002231738636065 -0.014376708713557673
v -0.0033789087946753406 -0.0013002153060501225 -0.014405844418982072
v -0.0034624592518298094 -0.0012999432704384466 -0.014529000972378081
v -0.0034148227406255462 0.0012999592444840051 -0.014456255645741711
v -0.0034710933426634906 0.0012999934575517313 -0.014544455265409484
v -0.0034148227406255462 0.0012999592444840051 -0.014456255645741711
v -0.0034624592518298094 -0.0012999432704384466 -0.014529000972378081
v -0.0035327617415886765 -0.0013002436778623832 -0.014674257975432203
v -0.0035395070803490043 0.0013000709435936196 -0.01469237969565329
v -0.0034710933426634906 0.0012999934575517313 -0.014544455265409484
v -0.0035720202235253757 -0.0012999768874596967 -0.014812587487922912
v -0.0035787090570797726 0.001300036968944484 -0.01484095548548614
v -0.0035395070803490043 0.0013000709435936196 -0.01469237969565329
v -0.0035787090570797726 0.001300036968944484 -0.01484095548548614
v -0.0035720202235253757 -0.0012999768874596967 -0.014812587487922912
v -0.0035880007063858483 -0.0012999959609469307 -0.014898727170969406
v -0.0035945867815277716 0.0012996096036211457 -0.014958657021533206
v -0.0035787090570797726 0.001300036968944484 -0.01484095548548614
v -0.0035880007063858483 -0.0012999959609469307 -0.014898727170969406
v -0.0035880007063858483 -0.0012999959609469307 -0.014898727170969406
v -0.003596367529979662 -0.001299498381348712 -0.014998719927794002
v -0.0035945867815277716 0.0012996096036211457 -0.014958657021533206
v -0.003596367529979662 -0.001299498381348712 -0.014998719927794002
v -0.0035947775164001123 0.0012990030667271023 -0.015100927116486473
v -0.0035945867815277716 0.0012996096036211457 -0.014958657021533206
v -0.0035935208120099777 -0.0013000088355508137 -0.015104386093396371
v -0.003581231525766478 -0.0012993780991698422 -0.01520722461451629
v -0.0035947775164001123 0.0012990030667271023 -0.015100927116486473
v -0.003577133348615648 0.0013000511548506143 -0.01522825313419185
v -0.0035947775164001123 0.0012990030667271023 -0.015100927116486473
v -0.003581231525766478 -0.0012993780991698422 -0.01520722461451629
v -0.003543682028285951 -0.0013001951596792315 -0.015354368939132224
v -0.0035453798070683735 0.0012995390317183796 -0.015347948803329237
v -0.003577133348615648 0.0013000511548506143 -0.01522825313419185
v -0.003577133348615648 0.0013000511548506143 -0.01522825313419185
v -0.003581231525766478 -0.0012993780991698422 -0.01520722461451629
v -0.003543682028285951 -0.0013001951596792315 -0.015354368939132224
v -0.003543682028285951 -0.0013001951596792315 -0.015354368939132224
v -0.003499293016701878 0.0013000438830836063 -0.015461348314330658
v -0.0035453798070683735 0.0012995390317183796 -0.015347948803329237
v -0.003499293016701878 0.0013000438830836063 -0.015461348314330658
v -0.003543682028285951 -0.0013001951596792315 -0.015354368939132224
v -0.003487788127620879 -0.0013002731225583008 -0.015484983226036753
v -0.003487788127620879 -0.0013002731225583008 -0.015484983226036753
v -0.003459595129303024 0.0012998530290019704 -0.015535525106183945
v -0.003499293016701878 0.0013000438830836063 -0.015461348314330658
v -0.003487788127620879 -0.0013002731225583008 -0.015484983226036753
v -0.0034368957721457607 -0.0012999802253199626 -0.015572655463782503
v -0.003459595129303024 0.0012998530290019704 -0.015535525106183945
v -0.003424361391591303 0.0013001188657302952 -0.015591635490929123
v -0.003459595129303024 0.0012998530290019704 -0.015535525106183945
v -0.0034368957721457607 -0.0012999802253199626 -0.015572655463782503
v -0.003362129847955532 -0.001298259319934269 -0.01567583921502136
v -0.003347904364339184 0.0012996388098984728 -0.015692064076937018
v -0.003424361391591303 0.0013001188657302952 -0.015591635490929123
v -0.003253474866903584 0.0012999402902060663 -0.015784671579504583
v -0.003347904364339184 0.0012996388098984728 -0.015692064076937018
v -0.0032521318549837155 -0.0012998881957440582 -0.015786157404160117
v -0.003347904364339184 0.0012996388098984728 -0.015692064076937018
v -0.003362129847955532 -0.001298259319934269 -0.01567583921502136
v -0.0032521318549837155 -0.0012998881957440582 -0.015786157404160117
v -0.0031438664499085236 0.001300172509913141 -0.015868821897832563
v -0.0032521318549837155 -0.0012998881957440582 -0.015786157404160117
v -0.003134382396799974 -0.001299150647834576 -0.01587495116295523
v -0.0030222095494462932 0.0012996385714798824 -0.01593573169104967
v -0.003134382396799974 -0.001299150647834576 -0.01587495116295523
v -0.0029939171305762304 -0.0013000077626671568 -0.015948897165612985
v -0.0030222095494462932 0.0012996385714798824 -0.01593573169104967
v -0.0031438664499085236 0.001300172509913141 -0.015868821897832563
v -0.003134382396799974 -0.001299150647834576 -0.01587495116295523
v -0.0029323767624341037 0.001300000014062968 -0.015972036166650994
v -0.0030222095494462932 0.0012996385714798824 -0.01593573169104967
v -0.0029939171305762304 -0.0013000077626671568 -0.015948897165612985
v -0.0029939171305762304 -0.0013000077626671568 -0.015948897165612985
v -0.002883311647036009 -0.0012993003747093633 -0.015988809391324632
v -0.0029323767624341037 0.001300000014062968 -0.015972036166650994
v -0.0031438664499085236 0.001300172509913141 -0.015868821897832563
v -0.003253474866903584 0.0012999402902060663 -0.015784671579504583
v -0.0032521318549837155 -0.0012998881957440582 -0.015786157404160117
v -0.0034368957721457607 -0.0012999802253199626 -0.015572655463782503
v -0.003362129847955532 -0.001298259319934269 -0.01567583921502136
v -0.003424361391591303 0.0013001188657302952 -0.015591635490929123
v -0.003596367529979662 -0.001299498381348712 -0.014998719927794002
v -0.0035935208120099777 -0.0013000088355508137 -0.015104386093396371
v -0.0035947775164001123 0.0012990030667271023 -0.015100927116486473
v -0.0035327617415886765 -0.0013002436778623832 -0.014674257975432203
v -0.0035720202235253757 -0.0012999768874596967 -0.014812587487922912
v -0.0035395070803490043 0.0013000709435936196 -0.01469237969565329
v -0.0034624592518298094 -0.0012999432704384466 -0.014529000972378081
v -0.0035327617415886765 -0.0013002436778623832 -0.014674257975432203
v -0.0034710933426634906 0.0012999934575517313 -0.014544455265409484
v -0.0031276179845524123 -0.0013000037095511196 -0.014182729441038489
v -0.0032341429339174956 -0.0013000507972227287 -0.01425872298255082
v -0.003151231915422549 0.0013003469131120376 -0.01419723101338255
v -0.002873748915792619 -0.0012999828479244573 -0.014068445873903768
v -0.003022549772774831 -0.0013002309224677954 -0.014124862388119053
v -0.003007347965030689 0.0012999550721586727 -0.014117825225004044
v -0.0026390193762164406 -0.0013002203128405214 -0.014029979418524463
v -0.0027583381055623648 -0.001299956979507396 -0.014043512057717034
v -0.002704884657588892 0.001300483765382942 -0.014034884165766703
v -0.0020417867676644783 -0.0012998917720229146 -0.01419699640948957
v -0.002161660058651733 -0.0013001865766099762 -0.01412937898989608
v -0.002045004226542275 0.0012999617478792046 -0.014194606501539142
v -0.001757201516644353 -0.0013002027890741251 -0.01448371669898696
v -0.0018557555364850245 -0.001300032558200561 -0.014357737269480308
v -0.0017717569715898504 0.0012996830365469968 -0.014461171837076292
v -0.001629700261275014 0.0012998822352792976 -0.01477107118193488
v -0.001598064140883524 0.00130023354507229 -0.014944857353519359
v -0.0016243841227549939 -0.0013002882621387928 -0.014792500244842355
v -0.0015984127088627266 -0.0013001843116333671 -0.014948047394259256
v -0.0016243841227549939 -0.0013002882621387928 -0.014792500244842355
v -0.001598064140883524 0.00130023354507229 -0.014944857353519359
v -0.0015975735946337228 -0.0013003333232523833 -0.015099451782248918
v -0.0015984127088627266 -0.0013001843116333671 -0.014948047394259256
v -0.001598064140883524 0.00130023354507229 -0.014944857353519359
v -0.0016433482950653506 -0.001298826517760892 -0.015337135089741882
v -0.0016134283116877458 -0.0013000753543375425 -0.01521522498873662
v -0.0016353066744288775 0.0012999750993202685 -0.015311009180603019
v -0.002394280308958414 -0.0013000040671790052 -0.01600964050040732
v -0.002289109338768359 -0.001300295653115096 -0.0159828012428459
v -0.0022855459345158544 0.0013000357768515318 -0.01598201160047441
v -0.0026999720425331677 0.0013000466248973962 -0.016025185392503083
v -0.002763350379588887 0.0012999045274175024 -0.016016859815325413
v -0.002680468209743382 -0.001300421657340136 -0.016027169035175426
v -0.0027865063083468158 -0.00129995912527471 -0.01601167373414647
v -0.002680468209743382 -0.001300421657340136 -0.016027169035175426
v -0.002763350379588887 0.0012999045274175024 -0.016016859815325413
v -0.002318134656385391 -0.0012998902223020769 -0.014069514942863237
v -0.002162958963132373 -0.0015000000712461763 -0.013910804455588566
v -0.0022737346775461584 -0.0015000000712461763 -0.013874416056643413
v -0.0024020048328696206 -0.0015000000712461763 -0.013845604600501993
v -0.0024539500448400595 -0.0012999531648099493 -0.014039464663725965
v -0.002318134656385391 -0.0012998902223020769 -0.014069514942863237
v -0.002318134656385391 -0.0012998902223020769 -0.014069514942863237
v -0.0022737346775461584 -0.0015000000712461763 -0.013874416056643413
v -0.0024020048328696206 -0.0015000000712461763 -0.013845604600501993
v -0.0024539500448400595 -0.0012999531648099493 -0.014039464663725965
v -0.0024020048328696206 -0.0015000000712461763 -0.013845604600501993
v -0.0026472362345168767 -0.0015000000712461763 -0.0138274905096758
v -0.0026472362345168767 -0.0015000000712461763 -0.0138274905096758
v -0.0026390193762164406 -0.0013002203128405214 -0.014029979418524463
v -0.0024539500448400595 -0.0012999531648099493 -0.014039464663725965
v -0.0029897252549193633 -0.0015000000712461763 -0.013892222110650776
v -0.002873748915792619 -0.0012999828479244573 -0.014068445873903768
v -0.0027583381055623648 -0.001299956979507396 -0.014043512057717034
v -0.0027583381055623648 -0.001299956979507396 -0.014043512057717034
v -0.0026472362345168767 -0.0015000000712461763 -0.0138274905096758
v -0.0029897252549193633 -0.0015000000712461763 -0.013892222110650776
v -0.0029897252549193633 -0.0015000000712461763 -0.013892222110650776
v -0.0031971446602180333 -0.0015000000712461763 -0.01399138517078069
v -0.003022549772774831 -0.0013002309224677954 -0.014124862388119053
v -0.0031971446602180333 -0.0015000000712461763 -0.01399138517078069
v -0.0031276179845524123 -0.0013000037095511196 -0.014182729441038489
v -0.003022549772774831 -0.0013002309224677954 -0.014124862388119053
v -0.0031276179845524123 -0.0013000037095511196 -0.014182729441038489
v -0.0031971446602180333 -0.0015000000712461763 -0.01399138517078069
v -0.003360244195323854 -0.0015000000712461763 -0.014101293279943916
v -0.0033101467274292153 -0.0012999315879275157 -0.0143299739014624
v -0.0032341429339174956 -0.0013000507972227287 -0.01425872298255082
v -0.003360244195323854 -0.0015000000712461763 -0.014101293279943916
v -0.003360244195323854 -0.0015000000712461763 -0.014101293279943916
v -0.003535693574995143 -0.0015000000712461763 -0.014281166754979147
v -0.0033101467274292153 -0.0012999315879275157 -0.0143299739014624
v -0.003535693574995143 -0.0015000000712461763 -0.014281166754979147
v -0.0033789087946753406 -0.0013002153060501225 -0.014405844418982072
v -0.0033101467274292153 -0.0012999315879275157 -0.0143299739014624
v -0.003535693574995143 -0.0015000000712461763 -0.014281166754979147
v -0.0036745669202906135 -0.0015000001904554715 -0.014497631761598573
v -0.0034624592518298094 -0.0012999432704384466 -0.014529000972378081
v -0.0034624592518298094 -0.0012999432704384466 -0.014529000972378081
v -0.0033789087946753406 -0.0013002153060501225 -0.014405844418982072
v -0.003535693574995143 -0.0015000000712461763 -0.014281166754979147
v -0.0036745669202906135 -0.0015000001904554715 -0.014497631761598573
v -0.0037562279101159574 -0.001499999952036881 -0.014716654522856087
v -0.0035327617415886765 -0.0013002436778623832 -0.014674257975432203
v -0.003797473134166675 -0.001499999952036881 -0.01495339083170788
v -0.0035880007063858483 -0.0012999959609469307 -0.014898727170969406
v -0.0035720202235253757 -0.0012999768874596967 -0.014812587487922912
v -0.0035720202235253757 -0.0012999768874596967 -0.014812587487922912
v -0.0037562279101159574 -0.001499999952036881 -0.014716654522856087
v -0.003797473134166675 -0.001499999952036881 -0.01495339083170788
v -0.0035935208120099777 -0.0013000088355508137 -0.015104386093396371
v -0.003797473134166675 -0.001499999952036881 -0.01495339083170788
v -0.0037769884472958776 -0.0014999991175718146 -0.015268664131594667
v -0.0037769884472958776 -0.0014999991175718146 -0.015268664131594667
v -0.003543682028285951 -0.0013001951596792315 -0.015354368939132224
v -0.003581231525766478 -0.0012993780991698422 -0.01520722461451629
v -0.0037769884472958776 -0.0014999991175718146 -0.015268664131594667
v -0.003603646449545363 -0.0014999985215253385 -0.015698639661660962
v -0.003543682028285951 -0.0013001951596792315 -0.015354368939132224
v -0.003603646449545363 -0.0014999985215253385 -0.015698639661660962
v -0.003487788127620879 -0.0013002731225583008 -0.015484983226036753
v -0.003543682028285951 -0.0013001951596792315 -0.015354368939132224
v -0.003603646449545363 -0.0014999985215253385 -0.015698639661660962
v -0.003250272189978394 -0.001499998759943929 -0.016050497817411413
v -0.003362129847955532 -0.001298259319934269 -0.01567583921502136
v -0.003250272189978394 -0.001499998759943929 -0.016050497817411413
v -0.0032521318549837155 -0.0012998881957440582 -0.015786157404160117
v -0.003362129847955532 -0.001298259319934269 -0.01567583921502136
v -0.003250272189978394 -0.001499998759943929 -0.016050497817411413
v -0.003134382396799974 -0.001299150647834576 -0.01587495116295523
v -0.0032521318549837155 -0.0012998881957440582 -0.015786157404160117
v -0.003250272189978394 -0.001499998759943929 -0.016050497817411413
v -0.0029939171305762304 -0.0013000077626671568 -0.015948897165612985
v -0.003134382396799974 -0.001299150647834576 -0.01587495116295523
v -0.002883311647036009 -0.0012993003747093633 -0.015988809391324632
v -0.003250272189978394 -0.001499998759943929 -0.016050497817411413
v -0.0028497497004803542 -0.0014999997136182907 -0.01620668678967374
v -0.0028497497004803542 -0.0014999997136182907 -0.01620668678967374
v -0.0024752506001272942 -0.0014999991175718146 -0.016232840355369094
v -0.002680468209743382 -0.001300421657340136 -0.016027169035175426
v -0.002289109338768359 -0.001300295653115096 -0.0159828012428459
v -0.0024752506001272942 -0.0014999991175718146 -0.016232840355369094
v -0.0020237873561802797 -0.001499998759943929 -0.016096167375244663
v -0.002021191454567723 -0.001299451293677103 -0.01584931353508956
v -0.002151440007354539 -0.0013002213857241784 -0.01592729358029732
v -0.0020237873561802797 -0.001499998759943929 -0.016096167375244663
v -0.0020237873561802797 -0.001499998759943929 -0.016096167375244663
v -0.0019380432095753028 -0.0012999797484827818 -0.01578333071335203
v -0.002021191454567723 -0.001299451293677103 -0.01584931353508956
v -0.0016608826710889236 -0.0014999998328275859 -0.01578797892219097
v -0.0018534170077408327 -0.0013002041003763725 -0.015701545507441073
v -0.0019380432095753028 -0.0012999797484827818 -0.01578333071335203
v -0.0019380432095753028 -0.0012999797484827818 -0.01578333071335203
v -0.0020237873561802797 -0.001499998759943929 -0.016096167375244663
v -0.0016608826710889236 -0.0014999998328275859 -0.01578797892219097
v -0.0016608826710889236 -0.0014999998328275859 -0.01578797892219097
v -0.001763149702847592 -0.0013001473567518511 -0.015584455276659859
v -0.0018534170077408327 -0.0013002041003763725 -0.015701545507441073
v -0.0016608826710889236 -0.0014999998328275859 -0.01578797892219097
v -0.0015310449135334115 -0.001499999952036881 -0.015585709358445499
v -0.001763149702847592 -0.0013001473567518511 -0.015584455276659859
v -0.0015310449135334115 -0.001499999952036881 -0.015585709358445499
v -0.0016912163107209173 -0.0013000226638290584 -0.01545601345995129
v -0.0017212366683250914 -0.0012999187133236328 -0.015514512798972535
v -0.0016433482950653506 -0.001298826517760892 -0.015337135089741882
v -0.0015310449135334115 -0.001499999952036881 -0.015585709358445499
v -0.0014151724057027977 -0.0014999988791532242 -0.015287029038777988
v -0.0016433482950653506 -0.001298826517760892 -0.015337135089741882
v -0.0016912163107209173 -0.0013000226638290584 -0.01545601345995129
v -0.0015310449135334115 -0.001499999952036881 -0.015585709358445499
v -0.0015975735946337228 -0.0013003333232523833 -0.015099451782248918
v -0.0016134283116877458 -0.0013000753543375425 -0.01521522498873662
v -0.0014151724057027977 -0.0014999988791532242 -0.015287029038777988
v -0.0015984127088627266 -0.0013001843116333671 -0.014948047394259256
v -0.0014151724057027977 -0.0014999988791532242 -0.015287029038777988
v -0.0014138426260146976 -0.001499999355990405 -0.014782837616209576
v -0.0016703875858241353 -0.0012996212861320765 -0.014650149087568343
v -0.0014138426260146976 -0.001499999355990405 -0.014782837616209576
v -0.0015408652560637566 -0.0015000000712461763 -0.014456124038679796
v -0.0015408652560637566 -0.0015000000712461763 -0.014456124038679796
v -0.001757201516644353 -0.0013002027890741251 -0.01448371669898696
v -0.0016703875858241353 -0.0012996212861320765 -0.014650149087568343
v -0.001757201516644353 -0.0013002027890741251 -0.01448371669898696
v -0.0015408652560637566 -0.0015000000712461763 -0.014456124038679796
v -0.0016164460949960608 -0.0015000000712461763 -0.014331342424171445
v -0.0016164460949960608 -0.0015000000712461763 -0.014331342424171445
v -0.0018222576053208992 -0.0015000000712461763 -0.01411263342177893
v -0.0019336693013246456 -0.0012999534032285397 -0.014280992232570955
v -0.0018222576053208992 -0.0015000000712461763 -0.01411263342177893
v -0.0020417867676644783 -0.0012998917720229146 -0.01419699640948957
v -0.0019336693013246456 -0.0012999534032285397 -0.014280992232570955
v -0.0018222576053208992 -0.0015000000712461763 -0.01411263342177893
v -0.001985375260239592 -0.0015000000712461763 -0.013995244690922504
v -0.0020417867676644783 -0.0012998917720229146 -0.01419699640948957
v -0.001985375260239592 -0.0015000000712461763 -0.013995244690922504
v -0.002162958963132373 -0.0015000000712461763 -0.013910804455588566
v -0.002161660058651733 -0.0013001865766099762 -0.01412937898989608
v -0.002162958963132373 -0.0015000000712461763 -0.013910804455588566
v -0.0022425821892653472 -0.0012999909541565318 -0.014095295621883164
v -0.002161660058651733 -0.0013001865766099762 -0.01412937898989608
v -0.002162958963132373 -0.0015000000712461763 -0.013910804455588566
v -0.002318134656385391 -0.0012998902223020769 -0.014069514942863237
v -0.0022425821892653472 -0.0012999909541565318 -0.014095295621883164
v -0.002161660058651733 -0.0013001865766099762 -0.01412937898989608
v -0.0020417867676644783 -0.0012998917720229146 -0.01419699640948957
v -0.001985375260239592 -0.0015000000712461763 -0.013995244690922504
v -0.0019336693013246456 -0.0012999534032285397 -0.014280992232570955
v -0.0018557555364850245 -0.001300032558200561 -0.014357737269480308
v -0.0016164460949960608 -0.0015000000712461763 -0.014331342424171445
v -0.0018557555364850245 -0.001300032558200561 -0.014357737269480308
v -0.001757201516644353 -0.0013002027890741251 -0.01448371669898696
v -0.0016164460949960608 -0.0015000000712461763 -0.014331342424171445
v -0.0016703875858241353 -0.0012996212861320765 -0.014650149087568343
v -0.0016243841227549939 -0.0013002882621387928 -0.014792500244842355
v -0.0014138426260146976 -0.001499999355990405 -0.014782837616209576
v -0.0016243841227549939 -0.0013002882621387928 -0.014792500244842355
v -0.0015984127088627266 -0.0013001843116333671 -0.014948047394259256
v -0.0014138426260146976 -0.001499999355990405 -0.014782837616209576
v -0.0015984127088627266 -0.0013001843116333671 -0.014948047394259256
v -0.0015975735946337228 -0.0013003333232523833 -0.015099451782248918
v -0.0014151724057027977 -0.0014999988791532242 -0.015287029038777988
v -0.0016134283116877458 -0.0013000753543375425 -0.01521522498873662
v -0.0016433482950653506 -0.001298826517760892 -0.015337135089741882
v -0.0014151724057027977 -0.0014999988791532242 -0.015287029038777988
v -0.0017212366683250914 -0.0012999187133236328 -0.015514512798972535
v -0.001763149702847592 -0.0013001473567518511 -0.015584455276659859
v -0.0015310449135334115 -0.001499999952036881 -0.015585709358445499
v -0.002151440007354539 -0.0013002213857241784 -0.01592729358029732
v -0.002289109338768359 -0.001300295653115096 -0.0159828012428459
v -0.0020237873561802797 -0.001499998759943929 -0.016096167375244663
v -0.002289109338768359 -0.001300295653115096 -0.0159828012428459
v -0.002394280308958414 -0.0013000040671790052 -0.01600964050040732
v -0.0024752506001272942 -0.0014999991175718146 -0.016232840355369094
v -0.002394280308958414 -0.0013000040671790052 -0.01600964050040732
v -0.0025349401247519456 -0.0012995929143198158 -0.016030461119072026
v -0.0024752506001272942 -0.0014999991175718146 -0.016232840355369094
v -0.0025349401247519456 -0.0012995929143198158 -0.016030461119072026
v -0.002680468209743382 -0.001300421657340136 -0.016027169035175426
v -0.0024752506001272942 -0.0014999991175718146 -0.016232840355369094
v -0.002680468209743382 -0.001300421657340136 -0.016027169035175426
v -0.0027865063083468158 -0.00129995912527471 -0.01601167373414647
v -0.0028497497004803542 -0.0014999997136182907 -0.01620668678967374
v -0.0027865063083468158 -0.00129995912527471 -0.01601167373414647
v -0.002883311647036009 -0.0012993003747093633 -0.015988809391324632
v -0.0028497497004803542 -0.0014999997136182907 -0.01620668678967374
v -0.002883311647036009 -0.0012993003747093633 -0.015988809391324632
v -0.0029939171305762304 -0.0013000077626671568 -0.015948897165612985
v -0.003250272189978394 -0.001499998759943929 -0.016050497817411413
v -0.003362129847955532 -0.001298259319934269 -0.01567583921502136
v -0.0034368957721457607 -0.0012999802253199626 -0.015572655463782503
v -0.003603646449545363 -0.0014999985215253385 -0.015698639661660962
v -0.0034368957721457607 -0.0012999802253199626 -0.015572655463782503
v -0.003487788127620879 -0.0013002731225583008 -0.015484983226036753
v -0.003603646449545363 -0.0014999985215253385 -0.015698639661660962
v -0.003581231525766478 -0.0012993780991698422 -0.01520722461451629
v -0.0035935208120099777 -0.0013000088355508137 -0.015104386093396371
v -0.0037769884472958776 -0.0014999991175718146 -0.015268664131594667
v -0.0035935208120099777 -0.0013000088355508137 -0.015104386093396371
v -0.003596367529979662 -0.001299498381348712 -0.014998719927794002
v -0.003797473134166675 -0.001499999952036881 -0.01495339083170788
v -0.003596367529979662 -0.001299498381348712 -0.014998719927794002
v -0.0035880007063858483 -0.0012999959609469307 -0.014898727170969406
v -0.003797473134166675 -0.001499999952036881 -0.01495339083170788
v -0.0035720202235253757 -0.0012999768874596967 -0.014812587487922912
v -0.0035327617415886765 -0.0013002436778623832 -0.014674257975432203
v -0.0037562279101159574 -0.001499999952036881 -0.014716654522856087
v -0.0035327617415886765 -0.0013002436778623832 -0.014674257975432203
v -0.0034624592518298094 -0.0012999432704384466 -0.014529000972378081
v -0.0036745669202906135 -0.0015000001904554715 -0.014497631761598573
v -0.0032341429339174956 -0.0013000507972227287 -0.01425872298255082
v -0.0031276179845524123 -0.0013000037095511196 -0.014182729441038489
v -0.003360244195323854 -0.0015000000712461763 -0.014101293279943916
v -0.003022549772774831 -0.0013002309224677954 -0.014124862388119053
v -0.002873748915792619 -0.0012999828479244573 -0.014068445873903768
v -0.0029897252549193633 -0.0015000000712461763 -0.013892222110650776
v -0.0027583381055623648 -0.001299956979507396 -0.014043512057717034
v -0.0026390193762164406 -0.0013002203128405214 -0.014029979418524463
v -0.0026472362345168767 -0.0015000000712461763 -0.0138274905096758
usemtl Gray
f 1 2 3
f 4 5 6
f 7 8 9
f 10 11 12
f 13 14 15
f 16 17 18
f 19 20 21
f 22 23 24
f 25 26 27
f 28 29 30
f 31 32 33
f 34 35 36
f 37 38 39
f 40 41 42
f 43 44 45
f 46 47 48
f 49 50 51
f 52 53 54
f 55 56 57
f 58 59 60
f 61 62 63
f 64 65 66
f 67 68 69
f 70 71 72
f 73 74 75
f 76 77 78
f 79 80 81
f 82 83 84
f 85 86 87
f 88 89 90
f 91 92 93
f 94 95 96
f 97 98 99
f 100 101 102
f 103 104 105
f 106 107 108
f 109 110 111
f 112 113 114
f 115 116 117
f 118 119 120
f 121 122 123
f 124 125 126
f 127 128 129
f 130 131 132
f 133 134 135
f 136 137 138
f 139 140 141
f 142 143 144
f 145 146 147
f 148 149 150
f 151 152 153
f 154 155 156
f 157 158 159
f 160 161 162
f 163 164 165
f 166 167 168
f 169 170 171
f 172 173 174
f 175 176 177
f 178 179 180
f 181 182 183
f 184 185 186
f 187 188 189
f 190 191 192
f 193 194 195
f 196 197 198
f 199 200 201
f 202 203 204
f 205 206 207
f 208 209 210
f 211 212 213
f 214 215 216
f 217 218 219
f 220 221 222
f 223 224 225
f 226 227 228
f 229 230 231
f 232 233 234
f 235 236 237
f 238 239 240
f 241 242 243
f 244 245 246
f 247 248 249
f 250 251 252
f 253 254 255
f 256 257 258
f 259 260 261
f 262 263 264
f 265 266 267
f 268 269 270
f 271 272 273
f 274 275 276
f 277 278 279
f 280 281 282
f 283 284 285
f 286 287 288
f 289 290 291
f 292 293 294
f 295 296 297
f 298 299 300
f 301 302 303
f 304 305 306
f 307 308 309
f 310 311 312
f 313 314 315
f 316 317 318
f 319 320 321
f 322 323 324
f 325 326 327
f 328 329 330
f 331 332 333
f 334 335 336
f 337 338 339
f 340 341 342
f 343 344 345
f 346 347 348
f 349 350 351
f 352 353 354
f 355 356 357
f 358 359 360
f 361 362 363
f 364 365 366
f 367 368 369
f 370 371 372
f 373 374 375
f 376 377 378
f 379 380 381
f 382 383 384
f 385 386 387
f 388 389 390
f 391 392 393
f 394 395 396
f 397 398 399
f 400 401 402
f 403 404 405
f 406 407 408
f 409 410 411
f 412 413 414
f 415 416 417
f 418 419 420
f 421 422 423
f 424 425 426
f 427 428 429
f 430 431 432
f 433 434 435
f 436 437 438
f 439 440 441
f 442 443 444
f 445 446 447
f 448 449 450
f 451 452 453
f 454 455 456
f 457 458 459
f 460 461 462
f 463 464 465
f 466 467 468
f 469 470 471
f 472 473 474
f 475 476 477
f 478 479 480
f 481 482 483
f 484 485 486
f 487 488 489
f 490 491 492
f 493 494 495
f 496 497 498
f 499 500 501
f 502 503 504
f 505 506 507
f 508 509 510
f 511 512 513
f 514 515 516
f 517 518 519
f 520 521 522
f 523 524 525
f 526 527 528
f 529 530 531
f 532 533 534
f 535 536 537
f 538 539 540
f 541 542 543
f 544 545 546
f 547 548 549
f 550 551 552
f 553 554 555
f 556 557 558
f 559 560 561
f 562 563 564
f 565 566 567
f 568 569 570
f 571 572 573
f 574 575 576
f 577 578 579
f 580 581 582
f 583 584 585
f 586 587 588
f 589 590 591
f 592 593 594
f 595 596 597
f 598 599 600
f 601 602 603
f 604 605 606
f 607 608 609
f 610 611 612
f 613 614 615
f 616 617 618
f 619 620 621
f 622 623 624
f 625 626 627
f 628 629 630
f 631 632 633
f 634 635 636
f 637 638 639
f 640 641 642
f 643 644 645
f 646 647 648
f 649 650 651
f 652 653 654
f 655 656 657
f 658 659 660
f 661 662 663
f 664 665 666
f 667 668 669
f 670 671 672
f 673 674 675
f 676 677 678
f 679 680 681
f 682 683 684
f 685 686 687
f 688 689 690
f 691 692 693
f 694 695 696
f 697 698 699
f 700 701 702
f 703 704 705
f 706 707 708
f 709 710 711
f 712 713 714
f 715 716 717
f 718 719 720
f 721 722 723
f 724 725 726
f 727 728 729
f 730 731 732
f 733 734 735
f 736 737 738
f 739 740 741
f 742 743 744
f 745 746 747
f 748 749 750
f 751 752 753
f 754 755 756
f 757 758 759
f 760 761 762
f 763 764 765
f 766 767 768
f 769 770 771
f 772 773 774
f 775 776 777
f 778 779 780
f 781 782 783
f 784 785 786
f 787 788 789
f 790 791 792
f 793 794 795
f 796 797 798
f 799 800 801
f 802 803 804
f 805 806 807
f 808 809 810
f 811 812 813
f 814 815 816
f 817 818 819
f 820 821 822
f 823 824 825
f 826 827 828
f 829 830 831
f 832 833 834
f 835 836 837
f 838 839 840
f 841 842 843
f 844 845 846
f 847 848 849
f 850 851 852
f 853 854 855
f 856 857 858
f 859 860 861
f 862 863 864
f 865 866 867
f 868 869 870
f 871 872 873
f 874 875 876
f 877 878 879
f 880 881 882
f 883 884 885
f 886 887 888
f 889 890 891
f 892 893 894
f 895 896 897
f 898 899 900
f 901 902 903
f 904 905 906
f 907 908 909
f 910 911 912
f 913 914 915
f 916 917 918
f 919 920 921
f 922 923 924
f 925 926 927
f 928 929 930
f 931 932 933
f 934 935 936
f 937 938 939
f 940 941 942
f 943 944 945
f 946 947 948
f 949 950 951
f 952 953 954
f 955 956 957
f 958 959 960
f 961 962 963
f 964 965 966
f 967 968 969
f 970 971 972
f 973 974 975
f 976 977 978
f 979 980 981
f 982 983 984
f 985 986 987
f 988 989 990
f 991 992 993
f 994 995 996
f 997 998 999
f 1000 1001 1002
f 1003 1004 1005
f 1006 1007 1008
f 1009 1010 1011
f 1012 1013 1014
f 1015 1016 1017
f 1018 1019 1020
f 1021 1022 1023
f 1024 1025 1026
f 1027 1028 1029
f 1030 1031 1032
f 1033 1034 1035
f 1036 1037 1038
f 1039 1040 1041
f 1042 1043 1044
f 1045 1046 1047
f 1048 1049 1050
f 1051 1052 1053
f 1054 1055 1056
f 1057 1058 1059
f 1060 1061 1062
f 1063 1064 1065
f 1066 1067 1068
f 1069 1070 1071
f 1072 1073 1074
f 1075 1076 1077
f 1078 1079 1080
f 1081 1082 1083
f 1084 1085 1086
f 1087 1088 1089
f 1090 1091 1092
f 1093 1094 1095
f 1096 1097 1098
f 1099 1100 1101
f 1102 1103 1104
f 1105 1106 1107
f 1108 1109 1110
f 1111 1112 1113
f 1114 1115 1116
f 1117 1118 1119
f 1120 1121 1122
f 1123 1124 1125
f 1126 1127 1128
f 1129 1130 1131
f 1132 1133 1134
f 1135 1136 1137
f 1138 1139 1140
f 1141 1142 1143
f 1144 1145 1146
f 1147 1148 1149
f 1150 1151 1152
f 1153 1154 1155
f 1156 1157 1158
f 1159 1160 1161
f 1162 1163 1164
f 1165 1166 1167
f 1168 1169 1170
f 1171 1172 1173
f 1174 1175 1176
f 1177 1178 1179
f 1180 1181 1182
f 1183 1184 1185
f 1186 1187 1188
f 1189 1190 1191
f 1192 1193 1194
f 1195 1196 1197
f 1198 1199 1200
f 1201 1202 1203
f 1204 1205 1206
f 1207 1208 1209
f 1210 1211 1212
f 1213 1214 1215
f 1216 1217 1218
f 1219 1220 1221
f 1222 1223 1224
f 1225 1226 1227
f 1228 1229 1230
f 1231 1232 1233
f 1234 1235 1236
f 1237 1238 1239
f 1240 1241 1242
f 1243 1244 1245
f 1246 1247 1248
f 1249 1250 1251
f 1252 1253 1254
f 1255 1256 1257
f 1258 1259 1260
f 1261 1262 1263
f 1264 1265 1266
f 1267 1268 1269
f 1270 1271 1272
f 1273 1274 1275
f 1276 1277 1278
f 1279 1280 1281
f 1282 1283 1284
f 1285 1286 1287
f 1288 1289 1290
f 1291 1292 1293
f 1294 1295 1296
f 1297 1298 1299
f 1300 1301 1302
f 1303 1304 1305
f 1306 1307 1308
f 1309 1310 1311
f 1312 1313 1314
f 1315 1316 1317
f 1318 1319 1320
f 1321 1322 1323
f 1324 1325 1326
f 1327 1328 1329
f 1330 1331 1332
f 1333 1334 1335
f 1336 1337 1338
f 1339 1340 1341
f 1342 1343 1344
f 1345 1346 1347
f 1348 1349 1350
f 1351 1352 1353
f 1354 1355 1356
f 1357 1358 1359
f 1360 1361 1362
f 1363 1364 1365
f 1366 1367 1368
f 1369 1370 1371
f 1372 1373 1374
f 1375 1376 1377
f 1378 1379 1380
f 1381 1382 1383
f 1384 1385 1386
f 1387 1388 1389
f 1390 1391 1392
f 1393 1394 1395
f 1396 1397 1398
f 1399 1400 1401
f 1402 1403 1404
f 1405 1406 1407
f 1408 1409 1410
f 1411 1412 1413
f 1414 1415 1416
f 1417 1418 1419
f 1420 1421 1422
f 1423 1424 1425
f 1426 1427 1428
f 1429 1430 1431
f 1432 1433 1434
f 1435 1436 1437
f 1438 1439 1440
f 1441 1442 1443
f 1444 1445 1446
f 1447 1448 1449
f 1450 1451 1452
f 1453 1454 1455
f 1456 1457 1458
f 1459 1460 1461
f 1462 1463 1464
f 1465 1466 1467
f 1468 1469 1470
f 1471 1472 1473
f 1474 1475 1476
f 1477 1478 1479
f 1480 1481 1482
f 1483 1484 1485
f 1486 1487 1488
f 1489 1490 1491
f 1492 1493 1494
f 1495 1496 1497
f 1498 1499 1500
f 1501 1502 1503
f 1504 1505 1506
f 1507 1508 1509
f 1510 1511 1512
f 1513 1514 1515
f 1516 1517 1518
f 1519 1520 1521
f 1522 1523 1524
f 1525 1526 1527
f 1528 1529 1530
f 1531 1532 1533
f 1534 1535 1536
f 1537 1538 1539
f 1540 1541 1542
f 1543 1544 1545
f 1546 1547 1548
f 1549 1550 1551
f 1552 1553 1554
f 1555 1556 1557
f 1558 1559 1560
f 1561 1562 1563
f 1564 1565 1566
f 1567 1568 1569
f 1570 1571 1572
f 1573 1574 1575
f 1576 1577 1578
f 1579 1580 1581
f 1582 1583 1584
f 1585 1586 1587
f 1588 1589 1590
f 1591 1592 1593
f 1594 1595 1596
f 1597 1598 1599
f 1600 1601 1602
f 1603 1604 1605
f 1606 1607 1608
f 1609 1610 1611
f 1612 1613 1614
f 1615 1616 1617
f 1618 1619 1620
f 1621 1622 1623
f 1624 1625 1626
f 1627 1628 1629
f 1630 1631 1632
f 1633 1634 1635
f 1636 1637 1638
f 1639 1640 1641
f 1642 1643 1644
f 1645 1646 1647
f 1648 1649 1650
f 1651 1652 1653
f 1654 1655 1656
f 1657 1658 1659
f 1660 1661 1662
f 1663 1664 1665
f 1666 1667 1668
f 1669 1670 1671
f 1672 1673 1674
f 1675 1676 1677
f 1678 1679 1680
f 1681 1682 1683
f 1684 1685 1686
f 1687 1688 1689
f 1690 1691 1692
f 1693 1694 1695
f 1696 1697 1698
f 1699 1700 1701
f 1702 1703 1704
f 1705 1706 1707
f 1708 1709 1710
f 1711 1712 1713
f 1714 1715 1716
f 1717 1718 1719
f 1720 1721 1722
f 1723 1724 1725
f 1726 1727 1728
f 1729 1730 1731
f 1732 1733 1734
f 1735 1736 1737
f 1738 1739 1740
f 1741 1742 1743
f 1744 1745 1746
f 1747 1748 1749
f 1750 1751 1752
f 1753 1754 1755
f 1756 1757 1758
f 1759 1760 1761
f 1762 1763 1764
f 1765 1766 1767
f 1768 1769 1770
f 1771 1772 1773
f 1774 1775 1776
f 1777 1778 1779
f 1780 1781 1782
f 1783 1784 1785
f 1786 1787 1788
f 1789 1790 1791
f 1792 1793 1794
f 1795 1796 1797
f 1798 1799 1800
f 1801 1802 1803
f 1804 1805 1806
f 1807 1808 1809
f 1810 1811 1812
f 1813 1814 1815
f 1816 1817 1818
f 1819 1820 1821
f 1822 1823 1824
f 1825 1826 1827
f 1828 1829 1830
f 1831 1832 1833
f 1834 1835 1836
f 1837 1838 1839
f 1840 1841 1842
f 1843 1844 1845
f 1846 1847 1848
f 1849 1850 1851
f 1852 1853 1854
f 1855 1856 1857
f 1858 1859 1860
f 1861 1862 1863
f 1864 1865 1866
f 1867 1868 1869
f 1870 1871 1872
f 1873 1874 1875
f 1876 1877 1878
f 1879 1880 1881
f 1882 1883 1884
f 1885 1886 1887
f 1888 1889 1890
f 1891 1892 1893
f 1894 1895 1896
f 1897 1898 1899
f 1900 1901 1902
f 1903 1904 1905
f 1906 1907 1908
f 1909 1910 1911
f 1912 1913 1914
f 1915 1916 1917
f 1918 1919 1920
f 1921 1922 1923
f 1924 1925 1926
f 1927 1928 1929
f 1930 1931 1932
f 1933 1934 1935
f 1936 1937 1938
f 1939 1940 1941
f 1942 1943 1944
f 1945 1946 1947
f 1948 1949 1950
f 1951 1952 1953
f 1954 1955 1956
f 1957 1958 1959
f 1960 1961 1962
f 1963 1964 1965
f 1966 1967 1968
f 1969 1970 1971
f 1972 1973 1974
f 1975 1976 1977
f 1978 1979 1980
f 1981 1982 1983
f 1984 1985 1986
f 1987 1988 1989
f 1990 1991 1992
f 1993 1994 1995
f 1996 1997 1998
f 1999 2000 2001
f 2002 2003 2004
f 2005 2006 2007
f 2008 2009 2010
f 2011 2012 2013
f 2014 2015 2016
f 2017 2018 2019
f 2020 2021 2022
f 2023 2024 2025
f 2026 2027 2028
f 2029 2030 2031
f 2032 2033 2034
f 2035 2036 2037
f 2038 2039 2040
f 2041 2042 2043
f 2044 2045 2046
f 2047 2048 2049
f 2050 2051 2052
f 2053 2054 2055
f 2056 2057 2058
f 2059 2060 2061
f 2062 2063 2064
f 2065 2066 2067
f 2068 2069 2070
f 2071 2072 2073
f 2074 2075 2076
f 2077 2078 2079
f 2080 2081 2082
f 2083 2084 2085
f 2086 2087 2088
f 2089 2090 2091
f 2092 2093 2094
f 2095 2096 2097
f 2098 2099 2100
f 2101 2102 2103
f 2104 2105 2106
f 2107 2108 2109
f 2110 2111 2112
f 2113 2114 2115
f 2116 2117 2118
f 2119 2120 2121
f 2122 2123 2124
f 2125 2126 2127
f 2128 2129 2130
f 2131 2132 2133
f 2134 2135 2136
f 2137 2138 2139
f 2140 2141 2142
f 2143 2144 2145
f 2146 2147 2148
f 2149 2150 2151
f 2152 2153 2154
f 2155 2156 2157
f 2158 2159 2160
f 2161 2162 2163
f 2164 2165 2166
f 2167 2168 2169
f 2170 2171 2172
f 2173 2174 2175
f 2176 2177 2178
f 2179 2180 2181
f 2182 2183 2184
f 2185 2186 2187
f 2188 2189 2190
f 2191 2192 2193
f 2194 2195 2196
f 2197 2198 2199
f 2200 2201 2202
f 2203 2204 2205
f 2206 2207 2208
f 2209 2210 2211
f 2212 2213 2214
f 2215 2216 2217
f 2218 2219 2220
f 2221 2222 2223
f 2224 2225 2226
f 2227 2228 2229
f 2230 2231 2232
f 2233 2234 2235
f 2236 2237 2238
f 2239 2240 2241
f 2242 2243 2244
f 2245 2246 2247
f 2248 2249 2250
f 2251 2252 2253
f 2254 2255 2256
f 2257 2258 2259
f 2260 2261 2262
f 2263 2264 2265
f 2266 2267 2268
f 2269 2270 2271
f 2272 2273 2274
f 2275 2276 2277
f 2278 2279 2280
f 2281 2282 2283
f 2284 2285 2286
f 2287 2288 2289
f 2290 2291 2292
f 2293 2294 2295
f 2296 2297 2298
f 2299 2300 2301
f 2302 2303 2304
f 2305 2306 2307
f 2308 2309 2310
f 2311 2312 2313
f 2314 2315 2316
f 2317 2318 2319
f 2320 2321 2322
f 2323 2324 2325
f 2326 2327 2328
f 2329 2330 2331
f 2332 2333 2334
f 2335 2336 2337
f 2338 2339 2340
f 2341 2342 2343
f 2344 2345 2346
f 2347 2348 2349
f 2350 2351 2352
f 2353 2354 2355
f 2356 2357 2358
f 2359 2360 2361
f 2362 2363 2364
f 2365 2366 2367
f 2368 2369 2370
f 2371 2372 2373
f 2374 2375 2376
f 2377 2378 2379
f 2380 2381 2382
f 2383 2384 2385
f 2386 2387 2388
f 2389 2390 2391
f 2392 2393 2394
f 2395 2396 2397
f 2398 2399 2400
f 2401 2402 2403
f 2404 2405 2406
f 2407 2408 2409
f 2410 2411 2412
f 2413 2414 2415
f 2416 2417 2418
f 2419 2420 2421
f 2422 2423 2424
f 2425 2426 2427
f 2428 2429 2430
f 2431 2432 2433
f 2434 2435 2436
f 2437 2438 2439
f 2440 2441 2442
f 2443 2444 2445
f 2446 2447 2448
f 2449 2450 2451
f 2452 2453 2454
f 2455 2456 2457
f 2458 2459 2460
f 2461 2462 2463
f 2464 2465 2466
f 2467 2468 2469
f 2470 2471 2472
f 2473 2474 2475
f 2476 2477 2478
f 2479 2480 2481
f 2482 2483 2484
f 2485 2486 2487
f 2488 2489 2490
f 2491 2492 2493
f 2494 2495 2496
f 2497 2498 2499
f 2500 2501 2502
f 2503 2504 2505
f 2506 2507 2508
f 2509 2510 2511
f 2512 2513 2514
f 2515 2516 2517
f 2518 2519 2520
f 2521 2522 2523
f 2524 2525 2526
f 2527 2528 2529
f 2530 2531 2532
f 2533 2534 2535
f 2536 2537 2538
f 2539 2540 2541
f 2542 2543 2544
f 2545 2546 2547
f 2548 2549 2550
f 2551 2552 2553
f 2554 2555 2556
f 2557 2558 2559
f 2560 2561 2562
f 2563 2564 2565
f 2566 2567 2568
f 2569 2570 2571
f 2572 2573 2574
f 2575 2576 2577
f 2578 2579 2580
f 2581 2582 2583
f 2584 2585 2586
f 2587 2588 2589
f 2590 2591 2592
f 2593 2594 2595
f 2596 2597 2598
f 2599 2600 2601
f 2602 2603 2604
f 2605 2606 2607
f 2608 2609 2610
f 2611 2612 2613
f 2614 2615 2616
f 2617 2618 2619
f 2620 2621 2622
f 2623 2624 2625
f 2626 2627 2628
f 2629 2630 2631
f 2632 2633 2634
f 2635 2636 2637
f 2638 2639 2640
f 2641 2642 2643
f 2644 2645 2646
f 2647 2648 2649
f 2650 2651 2652
f 2653 2654 2655
f 2656 2657 2658
f 2659 2660 2661
f 2662 2663 2664
f 2665 2666 2667
f 2668 2669 2670
f 2671 2672 2673
f 2674 2675 2676
f 2677 2678 2679
f 2680 2681 2682
f 2683 2684 2685
f 2686 2687 2688
f 2689 2690 2691
f 2692 2693 2694
f 2695 2696 2697
f 2698 2699 2700
f 2701 2702 2703
f 2704 2705 2706
f 2707 2708 2709
f 2710 2711 2712
f 2713 2714 2715
f 2716 2717 2718
f 2719 2720 2721
f 2722 2723 2724
f 2725 2726 2727
f 2728 2729 2730
f 2731 2732 2733
f 2734 2735 2736
f 2737 2738 2739
f 2740 2741 2742
f 2743 2744 2745
f 2746 2747 2748
f 2749 2750 2751
f 2752 2753 2754
f 2755 2756 2757
f 2758 2759 2760
f 2761 2762 2763
f 2764 2765 2766
f 2767 2768 2769
f 2770 2771 2772
f 2773 2774 2775
f 2776 2777 2778
f 2779 2780 2781
f 2782 2783 2784
f 2785 2786 2787
f 2788 2789 2790
f 2791 2792 2793
f 2794 2795 2796
f 2797 2798 2799
f 2800 2801 2802
f 2803 2804 2805
f 2806 2807 2808
f 2809 2810 2811
f 2812 2813 2814
f 2815 2816 2817
f 2818 2819 2820
f 2821 2822 2823
f 2824 2825 2826
f 2827 2828 2829
f 2830 2831 2832
f 2833 2834 2835
f 2836 2837 2838
f 2839 2840 2841
f 2842 2843 2844
f 2845 2846 2847
f 2848 2849 2850
f 2851 2852 2853
f 2854 2855 2856
f 2857 2858 2859
f 2860 2861 2862
f 2863 2864 2865
f 2866 2867 2868
f 2869 2870 2871
f 2872 2873 2874
f 2875 2876 2877
f 2878 2879 2880
f 2881 2882 2883
f 2884 2885 2886
f 2887 2888 2889
f 2890 2891 2892
f 2893 2894 2895
f 2896 2897 2898
f 2899 2900 2901
f 2902 2903 2904
f 2905 2906 2907
f 2908 2909 2910
f 2911 2912 2913
f 2914 2915 2916
f 2917 2918 2919
f 2920 2921 2922
f 2923 2924 2925
f 2926 2927 2928
f 2929 2930 2931
f 2932 2933 2934
f 2935 2936 2937
f 2938 2939 2940
f 2941 2942 2943
f 2944 2945 2946
f 2947 2948 2949
f 2950 2951 2952
f 2953 2954 2955
f 2956 2957 2958
f 2959 2960 2961
f 2962 2963 2964
f 2965 2966 2967
f 2968 2969 2970
f 2971 2972 2973
f 2974 2975 2976
f 2977 2978 2979
f 2980 2981 2982
f 2983 2984 2985
f 2986 2987 2988
f 2989 2990 2991
f 2992 2993 2994
f 2995 2996 2997
f 2998 2999 3000
f 3001 3002 3003
f 3004 3005 3006
f 3007 3008 3009
f 3010 3011 3012
f 3013 3014 3015
f 3016 3017 3018
f 3019 3020 3021
f 3022 3023 3024
f 3025 3026 3027
f 3028 3029 3030
f 3031 3032 3033
f 3034 3035 3036
f 3037 3038 3039
f 3040 3041 3042
f 3043 3044 3045
f 3046 3047 3048
f 3049 3050 3051
f 3052 3053 3054
f 3055 3056 3057
f 3058 3059 3060
f 3061 3062 3063
f 3064 3065 3066
f 3067 3068 3069
f 3070 3071 3072
f 3073 3074 3075
f 3076 3077 3078
f 3079 3080 3081
f 3082 3083 3084
f 3085 3086 3087
f 3088 3089 3090
f 3091 3092 3093
f 3094 3095 3096
f 3097 3098 3099
f 3100 3101 3102
f 3103 3104 3105
f 3106 3107 3108
f 3109 3110 3111
f 3112 3113 3114
f 3115 3116 3117
f 3118 3119 3120
f 3121 3122 3123
f 3124 3125 3126
f 3127 3128 3129
f 3130 3131 3132
f 3133 3134 3135
f 3136 3137 3138
f 3139 3140 3141
f 3142 3143 3144
f 3145 3146 3147
f 3148 3149 3150
f 3151 3152 3153
f 3154 3155 3156
f 3157 3158 3159
f 3160 3161 3162
f 3163 3164 3165
f 3166 3167 3168
f 3169 3170 3171
f 3172 3173 3174
f 3175 3176 3177
f 3178 3179 3180
f 3181 3182 3183
f 3184 3185 3186
f 3187 3188 3189
f 3190 3191 3192
f 3193 3194 3195
f 3196 3197 3198
f 3199 3200 3201
f 3202 3203 3204
f 3205 3206 3207
f 3208 3209 3210
f 3211 3212 3213
f 3214 3215 3216
f 3217 3218 3219
f 3220 3221 3222
f 3223 3224 3225
f 3226 3227 3228
f 3229 3230 3231
f 3232 3233 3234
f 3235 3236 3237
f 3238 3239 3240
f 3241 3242 3243
f 3244 3245 3246
f 3247 3248 3249
f 3250 3251 3252
f 3253 3254 3255
f 3256 3257 3258
f 3259 3260 3261
f 3262 3263 3264
f 3265 3266 3267
f 3268 3269 3270
f 3271 3272 3273
f 3274 3275 3276
f 3277 3278 3279
f 3280 3281 3282
f 3283 3284 3285
f 3286 3287 3288
f 3289 3290 3291
f 3292 3293 3294
f 3295 3296 3297
f 3298 3299 3300
f 3301 3302 3303
f 3304 3305 3306
f 3307 3308 3309
f 3310 3311 3312
f 3313 3314 3315
f 3316 3317 3318
f 3319 3320 3321
f 3322 3323 3324
f 3325 3326 3327
f 3328 3329 3330
f 3331 3332 3333
f 3334 3335 3336
f 3337 3338 3339
f 3340 3341 3342
f 3343 3344 3345
f 3346 3347 3348
f 3349 3350 3351
f 3352 3353 3354
f 3355 3356 3357
f 3358 3359 3360
f 3361 3362 3363
f 3364 3365 3366
f 3367 3368 3369
f 3370 3371 3372
f 3373 3374 3375
f 3376 3377 3378
f 3379 3380 3381
f 3382 3383 3384
f 3385 3386 3387
f 3388 3389 3390
f 3391 3392 3393
f 3394 3395 3396
f 3397 3398 3399
f 3400 3401 3402
f 3403 3404 3405
f 3406 3407 3408
f 3409 3410 3411
f 3412 3413 3414
f 3415 3416 3417
f 3418 3419 3420
f 3421 3422 3423
f 3424 3425 3426
f 3427 3428 3429
f 3430 3431 3432
f 3433 3434 3435
f 3436 3437 3438
f 3439 3440 3441
f 3442 3443 3444
f 3445 3446 3447
f 3448 3449 3450
f 3451 3452 3453
f 3454 3455 3456
f 3457 3458 3459
f 3460 3461 3462
f 3463 3464 3465
f 3466 3467 3468
f 3469 3470 3471
f 3472 3473 3474
f 3475 3476 3477
f 3478 3479 3480
f 3481 3482 3483
f 3484 3485 3486
f 3487 3488 3489
f 3490 3491 3492
f 3493 3494 3495
f 3496 3497 3498
f 3499 3500 3501
f 3502 3503 3504
f 3505 3506 3507
f 3508 3509 3510
f 3511 3512 3513
f 3514 3515 3516
f 3517 3518 3519
f 3520 3521 3522
f 3523 3524 3525
f 3526 3527 3528
f 3529 3530 3531
f 3532 3533 3534
f 3535 3536 3537
f 3538 3539 3540
f 3541 3542 3543
f 3544 3545 3546
f 3547 3548 3549
f 3550 3551 3552
f 3553 3554 3555
f 3556 3557 3558
f 3559 3560 3561
f 3562 3563 3564
f 3565 3566 3567
f 3568 3569 3570
f 3571 3572 3573
f 3574 3575 3576
f 3577 3578 3579
f 3580 3581 3582
f 3583 3584 3585
f 3586 3587 3588
f 3589 3590 3591
f 3592 3593 3594
f 3595 3596 3597
f 3598 3599 3600
f 3601 3602 3603
f 3604 3605 3606
f 3607 3608 3609
f 3610 3611 3612
f 3613 3614 3615
f 3616 3617 3618
f 3619 3620 3621
f 3622 3623 3624
f 3625 3626 3627
f 3628 3629 3630
f 3631 3632 3633
f 3634 3635 3636
f 3637 3638 3639
f 3640 3641 3642
f 3643 3644 3645
f 3646 3647 3648
f 3649 3650 3651
f 3652 3653 3654
f 3655 3656 3657
f 3658 3659 3660
f 3661 3662 3663
f 3664 3665 3666
f 3667 3668 3669
f 3670 3671 3672
f 3673 3674 3675
f 3676 3677 3678
f 3679 3680 3681
f 3682 3683 3684
f 3685 3686 3687
f 3688 3689 3690
f 3691 3692 3693
f 3694 3695 3696
f 3697 3698 3699
f 3700 3701 3702
f 3703 3704 3705
f 3706 3707 3708
f 3709 3710 3711
f 3712 3713 3714
f 3715 3716 3717
f 3718 3719 3720
f 3721 3722 3723
f 3724 3725 3726
f 3727 3728 3729
f 3730 3731 3732
f 3733 3734 3735
f 3736 3737 3738
f 3739 3740 3741
f 3742 3743 3744
f 3745 3746 3747
f 3748 3749 3750
f 3751 3752 3753
f 3754 3755 3756
f 3757 3758 3759
f 3760 3761 3762
f 3763 3764 3765
f 3766 3767 3768
f 3769 3770 3771
f 3772 3773 3774
f 3775 3776 3777
f 3778 3779 3780
f 3781 3782 3783
f 3784 3785 3786
f 3787 3788 3789
f 3790 3791 3792
f 3793 3794 3795
f 3796 3797 3798
f 3799 3800 3801
f 3802 3803 3804
f 3805 3806 3807
f 3808 3809 3810
f 3811 3812 3813
f 3814 3815 3816
f 3817 3818 3819
f 3820 3821 3822
f 3823 3824 3825
f 3826 3827 3828
f 3829 3830 3831
f 3832 3833 3834
f 3835 3836 3837
f 3838 3839 3840
f 3841 3842 3843
f 3844 3845 3846
f 3847 3848 3849
f 3850 3851 3852
f 3853 3854 3855
f 3856 3857 3858
f 3859 3860 3861
f 3862 3863 3864
f 3865 3866 3867
f 3868 3869 3870
f 3871 3872 3873
f 3874 3875 3876
f 3877 3878 3879
f 3880 3881 3882
f 3883 3884 3885
f 3886 3887 3888
f 3889 3890 3891
f 3892 3893 3894
f 3895 3896 3897
f 3898 3899 3900
f 3901 3902 3903
f 3904 3905 3906
f 3907 3908 3909
f 3910 3911 3912
f 3913 3914 3915
f 3916 3917 3918
f 3919 3920 3921
f 3922 3923 3924
f 3925 3926 3927
f 3928 3929 3930
f 3931 3932 3933
f 3934 3935 3936
f 3937 3938 3939
f 3940 3941 3942
f 3943 3944 3945
f 3946 3947 3948
f 3949 3950 3951
f 3952 3953 3954
f 3955 3956 3957
f 3958 3959 3960
f 3961 3962 3963
f 3964 3965 3966
f 3967 3968 3969
f 3970 3971 3972
f 3973 3974 3975
f 3976 3977 3978
f 3979 3980 3981
f 3982 3983 3984
f 3985 3986 3987
f 3988 3989 3990
f 3991 3992 3993
f 3994 3995 3996
f 3997 3998 3999
f 4000 4001 4002
f 4003 4004 4005
f 4006 4007 4008
f 4009 4010 4011
f 4012 4013 4014
f 4015 4016 4017
f 4018 4019 4020
f 4021 4022 4023
f 4024 4025 4026
f 4027 4028 4029
f 4030 4031 4032
f 4033 4034 4035
f 4036 4037 4038
f 4039 4040 4041
f 4042 4043 4044
f 4045 4046 4047
f 4048 4049 4050
f 4051 4052 4053
f 4054 4055 4056
f 4057 4058 4059
f 4060 4061 4062
f 4063 4064 4065
f 4066 4067 4068
f 4069 4070 4071
f 4072 4073 4074
f 4075 4076 4077
f 4078 4079 4080
f 4081 4082 4083
f 4084 4085 4086
f 4087 4088 4089
f 4090 4091 4092
f 4093 4094 4095
f 4096 4097 4098
f 4099 4100 4101
f 4102 4103 4104
f 4105 4106 4107
f 4108 4109 4110
f 4111 4112 4113
f 4114 4115 4116
f 4117 4118 4119
f 4120 4121 4122
f 4123 4124 4125
f 4126 4127 4128
f 4129 4130 4131
f 4132 4133 4134
f 4135 4136 4137
f 4138 4139 4140
f 4141 4142 4143
f 4144 4145 4146
f 4147 4148 4149
f 4150 4151 4152
f 4153 4154 4155
f 4156 4157 4158
f 4159 4160 4161
f 4162 4163 4164
f 4165 4166 4167
f 4168 4169 4170
f 4171 4172 4173
f 4174 4175 4176
f 4177 4178 4179
f 4180 4181 4182
f 4183 4184 4185
f 4186 4187 4188
f 4189 4190 4191
f 4192 4193 4194
f 4195 4196 4197
f 4198 4199 4200
f 4201 4202 4203
f 4204 4205 4206
f 4207 4208 4209
f 4210 4211 4212
f 4213 4214 4215
f 4216 4217 4218
f 4219 4220 4221
f 4222 4223 4224
f 4225 4226 4227
f 4228 4229 4230
f 4231 4232 4233
f 4234 4235 4236
f 4237 4238 4239
f 4240 4241 4242
f 4243 4244 4245
f 4246 4247 4248
