mtllib R_Shoulder_Roll_link_collisions_ALLEX_Right_Shoulder_Yaw_Frame_Collision_2_ALLEX_Right_Shoulder_Yaw_Frame_Collision_2.mtl
v 0.10203828151892133 -0.058848166399874155 0.03978975103541948
v 0.10141481499760904 -0.058479079163105165 0.03978718374403777
v 0.1014739962137989 -0.05849331942867412 0.03621128254269745
v 0.10223664578615563 -0.05968777749322034 0.039999654762430385
v 0.10203828151892133 -0.058848166399874155 0.03978975103541948
v 0.10224812802547054 -0.05964312264490794 0.03622334843072172
v 0.1019672060760923 -0.06022115993432613 0.03999786948402528
v 0.10223664578615563 -0.05968777749322034 0.039999654762430385
v 0.10224812802547054 -0.05964312264490794 0.03622334843072172
v 0.10150636010693767 -0.06049227811126605 0.03976209829362753
v 0.1019672060760923 -0.06022115993432613 0.03999786948402528
v 0.10166204553913702 -0.0604339208697247 0.03621196155884298
v 0.10078473379092398 -0.06046961499373453 0.03978030202984372
v 0.10150636010693767 -0.06049227811126605 0.03976209829362753
v 0.1012669115482012 -0.06052235700063417 0.036225015453505975
v 0.10036598682279238 -0.06009244441307575 0.03977497289751052
v 0.10078473379092398 -0.06046961499373453 0.03978030202984372
v 0.10071655751815453 -0.06043785382279236 0.03622876530109619
v 0.10019444750800408 -0.059717360471920375 0.0397660236173003
v 0.10036598682279238 -0.06009244441307575 0.03977497289751052
v 0.10032000445976849 -0.06002506159737524 0.03621994190590171
v 0.10023561572285009 -0.05913382620348133 0.03976604650548498
v 0.10019444750800408 -0.059717360471920375 0.0397660236173003
v 0.10016972063915383 -0.059532851185812904 0.036218324474184264
v 0.10061179066747525 -0.05864332477637516 0.039762941341763273
v 0.10023561572285009 -0.05913382620348133 0.03976604650548498
v 0.10026601886150119 -0.059053637448451865 0.036000570099827815
v 0.10104348471874133 -0.05848592273032475 0.03977498052690542
v 0.10061179066747525 -0.05864332477637516 0.039762941341763273
v 0.10067772389814597 -0.05860801593680746 0.036216768077625965
v 0.10141481499760904 -0.058479079163105165 0.03978718374403777
v 0.10104348471874133 -0.05848592273032475 0.03977498052690542
v 0.10104920676491155 -0.05848501864702985 0.03622502308290087
v 0.10104920676491155 -0.05848501864702985 0.03622502308290087
v 0.1014739962137989 -0.05849331942867412 0.03621128254269745
v 0.10141481499760904 -0.058479079163105165 0.03978718374403777
v 0.10067772389814597 -0.05860801593680746 0.036216768077625965
v 0.10104920676491155 -0.05848501864702985 0.03622502308290087
v 0.10104348471874133 -0.05848592273032475 0.03977498052690542
v 0.10026601886150119 -0.059053637448451865 0.036000570099827815
v 0.10067772389814597 -0.05860801593680746 0.036216768077625965
v 0.10061179066747525 -0.05864332477637516 0.039762941341763273
v 0.10016972063915383 -0.059532851185812904 0.036218324474184264
v 0.10026601886150119 -0.059053637448451865 0.036000570099827815
v 0.10023561572285009 -0.05913382620348133 0.03976604650548498
v 0.10032000445976849 -0.06002506159737524 0.03621994190590171
v 0.10016972063915383 -0.059532851185812904 0.036218324474184264
v 0.10019444750800408 -0.059717360471920375 0.0397660236173003
v 0.10071655751815453 -0.06043785382279236 0.03622876530109619
v 0.10032000445976849 -0.06002506159737524 0.03621994190590171
v 0.10036598682279238 -0.06009244441307575 0.03977497289751052
v 0.1012669115482012 -0.06052235700063417 0.036225015453505975
v 0.10071655751815453 -0.06043785382279236 0.03622876530109619
v 0.10078473379092398 -0.06046961499373453 0.03978030202984372
v 0.10166204553913702 -0.0604339208697247 0.03621196155884298
v 0.1012669115482012 -0.06052235700063417 0.036225015453505975
v 0.10150636010693767 -0.06049227811126605 0.03976209829362753
v 0.10202500637180642 -0.0601372747374707 0.036001443665543136
v 0.10166204553913702 -0.0604339208697247 0.03621196155884298
v 0.1019672060760923 -0.06022115993432613 0.03999786948402528
v 0.10224812802547054 -0.05964312264490794 0.03622334843072172
v 0.10202500637180642 -0.0601372747374707 0.036001443665543136
v 0.1019672060760923 -0.06022115993432613 0.03999786948402528
v 0.1020385561771375 -0.058869727069843544 0.03622165470505533
v 0.10224812802547054 -0.05964312264490794 0.03622334843072172
v 0.10203828151892133 -0.058848166399874155 0.03978975103541948
v 0.1014739962137989 -0.05849331942867412 0.03621128254269745
v 0.1020385561771375 -0.058869727069843544 0.03622165470505533
v 0.10203828151892133 -0.058848166399874155 0.03978975103541948
v 0.10140450768510775 -0.06076387312538682 0.036000009339303134
v 0.10023705004909009 -0.060436053285597466 0.036000009339303134
v 0.10071655751815453 -0.06043785382279236 0.03622876530109619
v 0.10023705004909009 -0.060436053285597466 0.036000009339303134
v 0.10026601886150119 -0.059053637448451865 0.036000570099827815
v 0.10016972063915383 -0.059532851185812904 0.036218324474184264
v 0.10069748403092046 -0.05826653566546106 0.03600001696869803
v 0.1019767885960787 -0.05846554843126132 0.036000009339303134
v 0.1014739962137989 -0.05849331942867412 0.03621128254269745
v 0.1019767885960787 -0.05846554843126132 0.036000009339303134
v 0.10249374876467596 -0.05948898216517455 0.03600000170990824
v 0.1020385561771375 -0.058869727069843544 0.03622165470505533
v 0.10249374876467596 -0.05948898216517455 0.03600000170990824
v 0.10202500637180642 -0.0601372747374707 0.036001443665543136
v 0.10224812802547054 -0.05964312264490794 0.03622334843072172
v 0.10202500637180642 -0.0601372747374707 0.036001443665543136
v 0.10140450768510775 -0.06076387312538682 0.036000009339303134
v 0.10166204553913702 -0.0604339208697247 0.03621196155884298
v 0.1012669115482012 -0.06052235700063417 0.036225015453505975
v 0.10166204553913702 -0.0604339208697247 0.03621196155884298
v 0.10140450768510775 -0.06076387312538682 0.036000009339303134
v 0.10224812802547054 -0.05964312264490794 0.03622334843072172
v 0.1020385561771375 -0.058869727069843544 0.03622165470505533
v 0.10249374876467596 -0.05948898216517455 0.03600000170990824
v 0.1020385561771375 -0.058869727069843544 0.03622165470505533
v 0.1014739962137989 -0.05849331942867412 0.03621128254269745
v 0.1019767885960787 -0.05846554843126132 0.036000009339303134
v 0.1014739962137989 -0.05849331942867412 0.03621128254269745
v 0.10104920676491155 -0.05848501864702985 0.03622502308290087
v 0.10069748403092046 -0.05826653566546106 0.03600001696869803
v 0.10104920676491155 -0.05848501864702985 0.03622502308290087
v 0.10067772389814597 -0.05860801593680746 0.036216768077625965
v 0.10069748403092046 -0.05826653566546106 0.03600001696869803
v 0.10067772389814597 -0.05860801593680746 0.036216768077625965
v 0.10026601886150119 -0.059053637448451865 0.036000570099827815
v 0.10069748403092046 -0.05826653566546106 0.03600001696869803
v 0.10016972063915383 -0.059532851185812904 0.036218324474184264
v 0.10032000445976849 -0.06002506159737524 0.03621994190590171
v 0.10023705004909009 -0.060436053285597466 0.036000009339303134
v 0.10032000445976849 -0.06002506159737524 0.03621994190590171
v 0.10071655751815453 -0.06043785382279236 0.03622876530109619
v 0.10023705004909009 -0.060436053285597466 0.036000009339303134
v 0.10071655751815453 -0.06043785382279236 0.03622876530109619
v 0.1012669115482012 -0.06052235700063417 0.036225015453505975
v 0.10140450768510775 -0.06076387312538682 0.036000009339303134
v 0.10074467946773244 -0.05825460329184743 0.03999998664110826
v 0.09987189958008622 -0.05967824456430075 0.03999998664110826
v 0.10023561572285009 -0.05913382620348133 0.03976604650548498
v 0.09987189958008622 -0.05967824456430075 0.03999998664110826
v 0.10075508596236735 -0.060716212295486335 0.040000001899898045
v 0.10036598682279238 -0.06009244441307575 0.03977497289751052
v 0.10075508596236735 -0.060716212295486335 0.040000001899898045
v 0.1019672060760923 -0.06022115993432613 0.03999786948402528
v 0.10150636010693767 -0.06049227811126605 0.03976209829362753
v 0.10224507626751309 -0.05867839710470117 0.03999991416185677
v 0.10074467946773244 -0.05825460329184743 0.03999998664110826
v 0.10141481499760904 -0.058479079163105165 0.03978718374403777
v 0.10141481499760904 -0.058479079163105165 0.03978718374403777
v 0.10203828151892133 -0.058848166399874155 0.03978975103541948
v 0.10224507626751309 -0.05867839710470117 0.03999991416185677
v 0.10203828151892133 -0.058848166399874155 0.03978975103541948
v 0.10223664578615563 -0.05968777749322034 0.039999654762430385
v 0.10224507626751309 -0.05867839710470117 0.03999991416185677
v 0.10150636010693767 -0.06049227811126605 0.03976209829362753
v 0.10078473379092398 -0.06046961499373453 0.03978030202984372
v 0.10075508596236735 -0.060716212295486335 0.040000001899898045
v 0.10078473379092398 -0.06046961499373453 0.03978030202984372
v 0.10036598682279238 -0.06009244441307575 0.03977497289751052
v 0.10075508596236735 -0.060716212295486335 0.040000001899898045
v 0.10036598682279238 -0.06009244441307575 0.03977497289751052
v 0.10019444750800408 -0.059717360471920375 0.0397660236173003
v 0.09987189958008622 -0.05967824456430075 0.03999998664110826
v 0.10019444750800408 -0.059717360471920375 0.0397660236173003
v 0.10023561572285009 -0.05913382620348133 0.03976604650548498
v 0.09987189958008622 -0.05967824456430075 0.03999998664110826
v 0.10023561572285009 -0.05913382620348133 0.03976604650548498
v 0.10061179066747525 -0.05864332477637516 0.039762941341763273
v 0.10074467946773244 -0.05825460329184743 0.03999998664110826
v 0.10061179066747525 -0.05864332477637516 0.039762941341763273
v 0.10104348471874133 -0.05848592273032475 0.03977498052690542
v 0.10074467946773244 -0.05825460329184743 0.03999998664110826
v 0.10104348471874133 -0.05848592273032475 0.03977498052690542
v 0.10141481499760904 -0.058479079163105165 0.03978718374403777
v 0.10074467946773244 -0.05825460329184743 0.03999998664110826
v 0.10023705004909009 -0.060436053285597466 0.036000009339303134
v 0.10441402168303246 -0.06250000296859075 0.03600000170990824
v 0.09411105793683204 -0.060009093273862876 0.03600008563325207
v 0.1019767885960787 -0.05846554843126132 0.036000009339303134
v 0.10399314611372554 -0.05735019193297223 0.03599999789521079
v 0.10441401405363757 -0.058219210528935895 0.03600000170990824
v 0.10441401405363757 -0.058219210528935895 0.03600000170990824
v 0.10249374876467596 -0.05948898216517455 0.03600000170990824
v 0.1019767885960787 -0.05846554843126132 0.036000009339303134
v 0.10026601886150119 -0.059053637448451865 0.036000570099827815
v 0.10023705004909009 -0.060436053285597466 0.036000009339303134
v 0.09437728567164515 -0.058865607196600986 0.036000009339303134
v 0.0922134519507045 -0.05918666739251459 0.03600189379984186
v 0.09000211761715614 -0.058083769696086786 0.03600000170990824
v 0.09115407995214485 -0.056793757275195346 0.03599999789521079
v 0.10023705004909009 -0.060436053285597466 0.036000009339303134
v 0.09411105793683204 -0.060009093273862876 0.03600008563325207
v 0.09437728567164515 -0.058865607196600986 0.036000009339303134
v 0.10312044252002825 -0.0567930935178396 0.03600000170990824
v 0.10399314611372554 -0.05735019193297223 0.03599999789521079
v 0.1019767885960787 -0.05846554843126132 0.036000009339303134
v 0.09115407995214485 -0.056793757275195346 0.03599999789521079
v 0.09294195998091224 -0.05818859376722777 0.03600000170990824
v 0.0922134519507045 -0.05918666739251459 0.03600189379984186
v 0.10069748403092046 -0.05826653566546106 0.03600001696869803
v 0.10026601886150119 -0.059053637448451865 0.036000570099827815
v 0.09437728567164515 -0.058865607196600986 0.036000009339303134
v 0.10023705004909009 -0.060436053285597466 0.036000009339303134
v 0.10140450768510775 -0.06076387312538682 0.036000009339303134
v 0.10441402168303246 -0.06250000296859075 0.03600000170990824
v 0.10441402168303246 -0.06250000296859075 0.03600000170990824
v 0.10202500637180642 -0.0601372747374707 0.036001443665543136
v 0.10249374876467596 -0.05948898216517455 0.03600000170990824
v 0.10441402168303246 -0.06250000296859075 0.03600000170990824
v 0.0900000042747706 -0.06250000296859075 0.03600000170990824
v 0.09392410724435861 -0.06058230878570829 0.03600000170990824
v 0.0900000042747706 -0.06250000296859075 0.03600000170990824
v 0.09000211761715614 -0.058083769696086786 0.03600000170990824
v 0.0921794629964534 -0.05965732857819987 0.03600019244478058
v 0.09243846569430224 -0.06056125547049933 0.036000066559764836
v 0.09392410724435861 -0.06058230878570829 0.03600000170990824
v 0.0900000042747706 -0.06250000296859075 0.03600000170990824
v 0.10249374876467596 -0.05948898216517455 0.03600000170990824
v 0.10441401405363757 -0.058219210528935895 0.03600000170990824
v 0.10441402168303246 -0.06250000296859075 0.03600000170990824
v 0.09000211761715614 -0.058083769696086786 0.03600000170990824
v 0.0922134519507045 -0.05918666739251459 0.03600189379984186
v 0.0921794629964534 -0.05965732857819987 0.03600019244478058
v 0.09294195998091224 -0.05818859376722777 0.03600000170990824
v 0.09115407995214485 -0.056793757275195346 0.03599999789521079
v 0.10312044252002825 -0.0567930935178396 0.03600000170990824
v 0.0921794629964534 -0.05965732857819987 0.03600019244478058
v 0.09243846569430224 -0.06056125547049933 0.036000066559764836
v 0.0900000042747706 -0.06250000296859075 0.03600000170990824
v 0.10312044252002825 -0.0567930935178396 0.03600000170990824
v 0.09437728567164515 -0.058865607196600986 0.036000009339303134
v 0.09294195998091224 -0.05818859376722777 0.03600000170990824
v 0.09392410724435861 -0.06058230878570829 0.03600000170990824
v 0.09411105793683204 -0.060009093273862876 0.03600008563325207
v 0.10441402168303246 -0.06250000296859075 0.03600000170990824
v 0.10069748403092046 -0.05826653566546106 0.03600001696869803
v 0.09437728567164515 -0.058865607196600986 0.036000009339303134
v 0.10312044252002825 -0.0567930935178396 0.03600000170990824
v 0.1019767885960787 -0.05846554843126132 0.036000009339303134
v 0.10069748403092046 -0.05826653566546106 0.03600001696869803
v 0.10312044252002825 -0.0567930935178396 0.03600000170990824
v 0.10140450768510775 -0.06076387312538682 0.036000009339303134
v 0.10202500637180642 -0.0601372747374707 0.036001443665543136
v 0.10441402168303246 -0.06250000296859075 0.03600000170990824
v 0.10470694467057837 -0.05832821169378114 0.03629293232684904
v 0.10470701333513241 -0.06250000296859075 0.03629299336200819
v 0.10441402168303246 -0.06250000296859075 0.03600000170990824
v 0.10441402168303246 -0.06250000296859075 0.03600000170990824
v 0.10441401405363757 -0.058219210528935895 0.03600000170990824
v 0.10470694467057837 -0.05832821169378114 0.03629293232684904
v 0.10450653572551258 -0.057568907611085275 0.03630843525727289
v 0.10441401405363757 -0.058219210528935895 0.03600000170990824
v 0.10399314611372554 -0.05735019193297223 0.03599999789521079
v 0.10381103245761467 -0.05680964930475877 0.03630309468084735
v 0.10399314611372554 -0.05735019193297223 0.03599999789521079
v 0.10312044252002825 -0.0567930935178396 0.03600000170990824
v 0.10312044252002825 -0.0567930935178396 0.03600000170990824
v 0.10297973359000509 -0.05650002175709327 0.036293058211864786
v 0.10381103245761467 -0.05680964930475877 0.03630309468084735
v 0.10399314611372554 -0.05735019193297223 0.03599999789521079
v 0.10381103245761467 -0.05680964930475877 0.03630309468084735
v 0.10450653572551258 -0.057568907611085275 0.03630843525727289
v 0.10441401405363757 -0.058219210528935895 0.03600000170990824
v 0.10450653572551258 -0.057568907611085275 0.03630843525727289
v 0.10470694467057837 -0.05832821169378114 0.03629293232684904
v 0.10470701333513241 -0.06250000296859075 0.03629299336200819
v 0.10470694467057837 -0.05832821169378114 0.03629293232684904
v 0.10470696755876305 -0.0582874402074696 0.039706880548084904
v 0.10470696755876305 -0.0582874402074696 0.039706880548084904
v 0.10470701333513241 -0.06250000296859075 0.039707010247798095
v 0.10470701333513241 -0.06250000296859075 0.03629299336200819
v 0.10470696755876305 -0.0582874402074696 0.039706880548084904
v 0.10441255683921288 -0.05810448350322298 0.040000001899898045
v 0.10441402168303246 -0.06250000296859075 0.040000001899898045
v 0.10441402168303246 -0.06250000296859075 0.040000001899898045
v 0.10470701333513241 -0.06250000296859075 0.039707010247798095
v 0.10470696755876305 -0.0582874402074696 0.039706880548084904
v 0.10470696755876305 -0.0582874402074696 0.039706880548084904
v 0.10470694467057837 -0.05832821169378114 0.03629293232684904
v 0.10450653572551258 -0.057568907611085275 0.03630843525727289
v 0.10382935063475426 -0.056815256910005586 0.039993406288012505
v 0.10450653572551258 -0.057568907611085275 0.03630843525727289
v 0.10381103245761467 -0.05680964930475877 0.03630309468084735
v 0.10382935063475426 -0.056815256910005586 0.039993406288012505
v 0.10381103245761467 -0.05680964930475877 0.03630309468084735
v 0.10297973359000509 -0.05650002175709327 0.036293058211864786
v 0.10297973359000509 -0.05650002175709327 0.036293058211864786
v 0.10296167481229188 -0.05650000649830348 0.0397070674682598
v 0.10382935063475426 -0.056815256910005586 0.039993406288012505
v 0.10450653572551258 -0.057568907611085275 0.03630843525727289
v 0.10382935063475426 -0.056815256910005586 0.039993406288012505
v 0.1044842426336334 -0.05755468260430611 0.03970260045754958
v 0.10450653572551258 -0.057568907611085275 0.03630843525727289
v 0.1044842426336334 -0.05755468260430611 0.03970260045754958
v 0.10470696755876305 -0.0582874402074696 0.039706880548084904
v 0.0914201398402703 -0.05650001031300093 0.03629299336200819
v 0.10297973359000509 -0.05650002175709327 0.036293058211864786
v 0.10312044252002825 -0.0567930935178396 0.03600000170990824
v 0.10312044252002825 -0.0567930935178396 0.03600000170990824
v 0.09115407995214485 -0.056793757275195346 0.03599999789521079
v 0.0914201398402703 -0.05650001031300093 0.03629299336200819
v 0.10296167481229188 -0.05650000649830348 0.0397070674682598
v 0.10290720856214627 -0.05679300196510088 0.040000001899898045
v 0.10382935063475426 -0.056815256910005586 0.039993406288012505
v 0.1044842426336334 -0.05755468260430611 0.03970260045754958
v 0.10382935063475426 -0.056815256910005586 0.039993406288012505
v 0.10441255683921288 -0.05810448350322298 0.040000001899898045
v 0.10441255683921288 -0.05810448350322298 0.040000001899898045
v 0.10470696755876305 -0.0582874402074696 0.039706880548084904
v 0.1044842426336334 -0.05755468260430611 0.03970260045754958
v 0.10296167481229188 -0.05650000649830348 0.0397070674682598
v 0.10297973359000509 -0.05650002175709327 0.036293058211864786
v 0.0914201398402703 -0.05650001031300093 0.03629299336200819
v 0.0914201398402703 -0.05650001031300093 0.03629299336200819
v 0.0914865689816091 -0.05650000649830348 0.039706975915521074
v 0.10296167481229188 -0.05650000649830348 0.0397070674682598
v 0.09049853945469975 -0.05687034495583502 0.03628102284142009
v 0.09115407995214485 -0.056793757275195346 0.03599999789521079
v 0.09000211761715614 -0.058083769696086786 0.03600000170990824
v 0.09000211761715614 -0.058083769696086786 0.03600000170990824
v 0.08970701262267065 -0.05839897433141953 0.036292985732613296
v 0.08983774993356784 -0.057724940180752284 0.036304372604492034
v 0.09000211761715614 -0.058083769696086786 0.03600000170990824
v 0.08983774993356784 -0.057724940180752284 0.036304372604492034
v 0.09049853945469975 -0.05687034495583502 0.03628102284142009
v 0.09115407995214485 -0.056793757275195346 0.03599999789521079
v 0.09049853945469975 -0.05687034495583502 0.03628102284142009
v 0.0914201398402703 -0.05650001031300093 0.03629299336200819
v 0.0914865689816091 -0.05650000649830348 0.039706975915521074
v 0.09124442724647518 -0.05679329951150173 0.04000000571459549
v 0.10290720856214627 -0.05679300196510088 0.040000001899898045
v 0.10290720856214627 -0.05679300196510088 0.040000001899898045
v 0.10296167481229188 -0.05650000649830348 0.0397070674682598
v 0.0914865689816091 -0.05650000649830348 0.039706975915521074
v 0.08983774993356784 -0.057724940180752284 0.036304372604492034
v 0.08970704314025023 -0.058349120050487126 0.039707033135982776
v 0.08991796539147943 -0.05756568419174272 0.03969244954764361
v 0.09049853945469975 -0.05687034495583502 0.03628102284142009
v 0.08991796539147943 -0.05756568419174272 0.03969244954764361
v 0.09064051486427525 -0.05677341730840894 0.03969305608453765
v 0.0914201398402703 -0.05650001031300093 0.03629299336200819
v 0.09064051486427525 -0.05677341730840894 0.03969305608453765
v 0.0914865689816091 -0.05650000649830348 0.039706975915521074
v 0.09064051486427525 -0.05677341730840894 0.03969305608453765
v 0.0914201398402703 -0.05650001031300093 0.03629299336200819
v 0.09049853945469975 -0.05687034495583502 0.03628102284142009
v 0.08991796539147943 -0.05756568419174272 0.03969244954764361
v 0.09049853945469975 -0.05687034495583502 0.03628102284142009
v 0.08983774993356784 -0.057724940180752284 0.036304372604492034
v 0.08970704314025023 -0.058349120050487126 0.039707033135982776
v 0.08983774993356784 -0.057724940180752284 0.036304372604492034
v 0.08970701262267065 -0.05839897433141953 0.036292985732613296
v 0.08970701262267065 -0.05839897433141953 0.036292985732613296
v 0.09000211761715614 -0.058083769696086786 0.03600000170990824
v 0.0900000042747706 -0.06250000296859075 0.03600000170990824
v 0.0900000042747706 -0.06250000296859075 0.03600000170990824
v 0.08970701262267065 -0.06250000296859075 0.03629299336200819
v 0.08970701262267065 -0.05839897433141953 0.036292985732613296
v 0.08970701262267065 -0.05839897433141953 0.036292985732613296
v 0.08970701262267065 -0.06250000296859075 0.03629299336200819
v 0.08970701262267065 -0.06250000296859075 0.039707010247798095
v 0.08970701262267065 -0.06250000296859075 0.039707010247798095
v 0.08970704314025023 -0.058349120050487126 0.039707033135982776
v 0.08970701262267065 -0.05839897433141953 0.036292985732613296
v 0.08970704314025023 -0.058349120050487126 0.039707033135982776
v 0.08970701262267065 -0.06250000296859075 0.039707010247798095
v 0.0900000042747706 -0.06250000296859075 0.040000001899898045
v 0.0900000042747706 -0.06250000296859075 0.040000001899898045
v 0.0900074276760021 -0.057866389162080124 0.04000001715868783
v 0.08970704314025023 -0.058349120050487126 0.039707033135982776
v 0.09064051486427525 -0.05677341730840894 0.03969305608453765
v 0.0900074276760021 -0.057866389162080124 0.04000001715868783
v 0.09124442724647518 -0.05679329951150173 0.04000000571459549
v 0.09124442724647518 -0.05679329951150173 0.04000000571459549
v 0.0914865689816091 -0.05650000649830348 0.039706975915521074
v 0.09064051486427525 -0.05677341730840894 0.03969305608453765
v 0.0900074276760021 -0.057866389162080124 0.04000001715868783
v 0.09064051486427525 -0.05677341730840894 0.03969305608453765
v 0.08991796539147943 -0.05756568419174272 0.03969244954764361
v 0.0900074276760021 -0.057866389162080124 0.04000001715868783
v 0.08991796539147943 -0.05756568419174272 0.03969244954764361
v 0.08970704314025023 -0.058349120050487126 0.039707033135982776
v 0.09434795827767405 -0.058850691729583945 0.040000001899898045
v 0.09987189958008622 -0.05967824456430075 0.03999998664110826
v 0.10074467946773244 -0.05825460329184743 0.03999998664110826
v 0.10074467946773244 -0.05825460329184743 0.03999998664110826
v 0.10290720856214627 -0.05679300196510088 0.040000001899898045
v 0.09434795827767405 -0.058850691729583945 0.040000001899898045
v 0.09192503030614584 -0.059129439301417494 0.03999999427050315
v 0.09312618697940865 -0.05845309725879492 0.0399966411514474
v 0.09124442724647518 -0.05679329951150173 0.04000000571459549
v 0.09124442724647518 -0.05679329951150173 0.04000000571459549
v 0.0900074276760021 -0.057866389162080124 0.04000001715868783
v 0.09192503030614584 -0.059129439301417494 0.03999999427050315
v 0.10441402168303246 -0.06250000296859075 0.040000001899898045
v 0.10223664578615563 -0.05968777749322034 0.039999654762430385
v 0.1019672060760923 -0.06022115993432613 0.03999786948402528
v 0.09258254681686838 -0.060636340160344956 0.039999933235344
v 0.09192503030614584 -0.059129439301417494 0.03999999427050315
v 0.0900000042747706 -0.06250000296859075 0.040000001899898045
v 0.0900000042747706 -0.06250000296859075 0.040000001899898045
v 0.09347988572667719 -0.06052107907698949 0.03999998282641081
v 0.09258254681686838 -0.060636340160344956 0.039999933235344
v 0.10290720856214627 -0.05679300196510088 0.040000001899898045
v 0.0935762373547888 -0.058292448905217266 0.040000001899898045
v 0.09434795827767405 -0.058850691729583945 0.040000001899898045
v 0.1019672060760923 -0.06022115993432613 0.03999786948402528
v 0.10075508596236735 -0.060716212295486335 0.040000001899898045
v 0.10441402168303246 -0.06250000296859075 0.040000001899898045
v 0.0935762373547888 -0.058292448905217266 0.040000001899898045
v 0.10290720856214627 -0.05679300196510088 0.040000001899898045
v 0.09124442724647518 -0.05679329951150173 0.04000000571459549
v 0.09124442724647518 -0.05679329951150173 0.04000000571459549
v 0.09312618697940865 -0.05845309725879492 0.0399966411514474
v 0.0935762373547888 -0.058292448905217266 0.040000001899898045
v 0.10075508596236735 -0.060716212295486335 0.040000001899898045
v 0.09987189958008622 -0.05967824456430075 0.03999998664110826
v 0.09436757345194556 -0.0601443967776039 0.040000001899898045
v 0.10224507626751309 -0.05867839710470117 0.03999991416185677
v 0.10441255683921288 -0.05810448350322298 0.040000001899898045
v 0.10382935063475426 -0.056815256910005586 0.039993406288012505
v 0.10224507626751309 -0.05867839710470117 0.03999991416185677
v 0.10382935063475426 -0.056815256910005586 0.039993406288012505
v 0.10290720856214627 -0.05679300196510088 0.040000001899898045
v 0.09192503030614584 -0.059129439301417494 0.03999999427050315
v 0.0900074276760021 -0.057866389162080124 0.04000001715868783
v 0.0900000042747706 -0.06250000296859075 0.040000001899898045
v 0.10441402168303246 -0.06250000296859075 0.040000001899898045
v 0.09436757345194556 -0.0601443967776039 0.040000001899898045
v 0.09347988572667719 -0.06052107907698949 0.03999998282641081
v 0.09434795827767405 -0.058850691729583945 0.040000001899898045
v 0.09436757345194556 -0.0601443967776039 0.040000001899898045
v 0.09987189958008622 -0.05967824456430075 0.03999998664110826
v 0.09347988572667719 -0.06052107907698949 0.03999998282641081
v 0.0900000042747706 -0.06250000296859075 0.040000001899898045
v 0.10441402168303246 -0.06250000296859075 0.040000001899898045
v 0.10075508596236735 -0.060716212295486335 0.040000001899898045
v 0.09436757345194556 -0.0601443967776039 0.040000001899898045
v 0.10441402168303246 -0.06250000296859075 0.040000001899898045
v 0.10441402168303246 -0.06250000296859075 0.040000001899898045
v 0.10441255683921288 -0.05810448350322298 0.040000001899898045
v 0.10223664578615563 -0.05968777749322034 0.039999654762430385
v 0.10224507626751309 -0.05867839710470117 0.03999991416185677
v 0.10223664578615563 -0.05968777749322034 0.039999654762430385
v 0.10441255683921288 -0.05810448350322298 0.040000001899898045
v 0.10074467946773244 -0.05825460329184743 0.03999998664110826
v 0.10224507626751309 -0.05867839710470117 0.03999991416185677
v 0.10290720856214627 -0.05679300196510088 0.040000001899898045
v 0.09243846569430224 -0.06056125547049933 0.036000066559764836
v 0.0921794629964534 -0.05965732857819987 0.03600019244478058
v 0.09257156811761645 -0.06037419796649739 0.03623446445908173
v 0.0922134519507045 -0.05918666739251459 0.03600189379984186
v 0.09294195998091224 -0.05818859376722777 0.03600000170990824
v 0.09238832531106132 -0.05883600895911116 0.03621321659430298
v 0.09294195998091224 -0.05818859376722777 0.03600000170990824
v 0.09437728567164515 -0.058865607196600986 0.036000009339303134
v 0.09388034503524877 -0.058705172466080355 0.036240361981334505
v 0.09437728567164515 -0.058865607196600986 0.036000009339303134
v 0.09411105793683204 -0.060009093273862876 0.03600008563325207
v 0.09425635213318627 -0.05946829506092048 0.036223806194415335
v 0.09392410724435861 -0.06058230878570829 0.03600000170990824
v 0.09243846569430224 -0.06056125547049933 0.036000066559764836
v 0.09330685867988463 -0.06053093244049461 0.036222635082299164
v 0.09330685867988463 -0.06053093244049461 0.036222635082299164
v 0.09383980243078403 -0.06031592083360242 0.036231347851267685
v 0.09392410724435861 -0.06058230878570829 0.03600000170990824
v 0.09383980243078403 -0.06031592083360242 0.036231347851267685
v 0.09411105793683204 -0.060009093273862876 0.03600008563325207
v 0.09392410724435861 -0.06058230878570829 0.03600000170990824
v 0.09425635213318627 -0.05946829506092048 0.036223806194415335
v 0.09388034503524877 -0.058705172466080355 0.036240361981334505
v 0.09437728567164515 -0.058865607196600986 0.036000009339303134
v 0.09388034503524877 -0.058705172466080355 0.036240361981334505
v 0.09312874282669802 -0.058443667326706396 0.036216012767531496
v 0.09294195998091224 -0.05818859376722777 0.03600000170990824
v 0.09312874282669802 -0.058443667326706396 0.036216012767531496
v 0.09238832531106132 -0.05883600895911116 0.03621321659430298
v 0.09294195998091224 -0.05818859376722777 0.03600000170990824
v 0.09257156811761645 -0.06037419796649739 0.03623446445908173
v 0.09330685867988463 -0.06053093244049461 0.036222635082299164
v 0.09243846569430224 -0.06056125547049933 0.036000066559764836
v 0.09363949266785186 -0.05856555453952698 0.03977496526811563
v 0.09312618697940865 -0.05845309725879492 0.0399966411514474
v 0.09312874282669802 -0.058443667326706396 0.036216012767531496
v 0.09398475330436805 -0.0588068723000124 0.03976636694007051
v 0.09363949266785186 -0.05856555453952698 0.03977496526811563
v 0.09388034503524877 -0.058705172466080355 0.036240361981334505
v 0.09424902791408839 -0.059499045337039244 0.03977948949928755
v 0.09398475330436805 -0.0588068723000124 0.03976636694007051
v 0.09425635213318627 -0.05946829506092048 0.036223806194415335
v 0.09400989978993744 -0.0601777410479865 0.03977588461020031
v 0.09424902791408839 -0.059499045337039244 0.03977948949928755
v 0.09425635213318627 -0.05946829506092048 0.036223806194415335
v 0.09347988572667719 -0.06052107907698949 0.03999998282641081
v 0.09400989978993744 -0.0601777410479865 0.03977588461020031
v 0.09383980243078403 -0.06031592083360242 0.036231347851267685
v 0.0932581755110684 -0.06053490354053674 0.03978071401716798
v 0.09347988572667719 -0.06052107907698949 0.03999998282641081
v 0.09330685867988463 -0.06053093244049461 0.036222635082299164
v 0.09264450513279952 -0.060386275298614 0.039787385923002454
v 0.0932581755110684 -0.06053490354053674 0.03978071401716798
v 0.09257156811761645 -0.06037419796649739 0.03623446445908173
v 0.09219137248188235 -0.059715159391493564 0.03976370046655519
v 0.09264450513279952 -0.060386275298614 0.039787385923002454
v 0.09257156811761645 -0.06037419796649739 0.03623446445908173
v 0.09220061167909853 -0.05927991767160194 0.03977496145341818
v 0.09219137248188235 -0.059715159391493564 0.03976370046655519
v 0.0921794629964534 -0.05965732857819987 0.03600019244478058
v 0.09246452007786397 -0.058747347761052324 0.03979633138851523
v 0.09220061167909853 -0.05927991767160194 0.03977496145341818
v 0.09238832531106132 -0.05883600895911116 0.03621321659430298
v 0.09312618697940865 -0.05845309725879492 0.0399966411514474
v 0.09246452007786397 -0.058747347761052324 0.03979633138851523
v 0.09312874282669802 -0.058443667326706396 0.036216012767531496
v 0.09238832531106132 -0.05883600895911116 0.03621321659430298
v 0.09312874282669802 -0.058443667326706396 0.036216012767531496
v 0.09246452007786397 -0.058747347761052324 0.03979633138851523
v 0.0922134519507045 -0.05918666739251459 0.03600189379984186
v 0.09238832531106132 -0.05883600895911116 0.03621321659430298
v 0.09220061167909853 -0.05927991767160194 0.03977496145341818
v 0.0921794629964534 -0.05965732857819987 0.03600019244478058
v 0.0922134519507045 -0.05918666739251459 0.03600189379984186
v 0.09220061167909853 -0.05927991767160194 0.03977496145341818
v 0.09257156811761645 -0.06037419796649739 0.03623446445908173
v 0.0921794629964534 -0.05965732857819987 0.03600019244478058
v 0.09219137248188235 -0.059715159391493564 0.03976370046655519
v 0.09330685867988463 -0.06053093244049461 0.036222635082299164
v 0.09257156811761645 -0.06037419796649739 0.03623446445908173
v 0.0932581755110684 -0.06053490354053674 0.03978071401716798
v 0.09383980243078403 -0.06031592083360242 0.036231347851267685
v 0.09330685867988463 -0.06053093244049461 0.036222635082299164
v 0.09347988572667719 -0.06052107907698949 0.03999998282641081
v 0.09411105793683204 -0.060009093273862876 0.03600008563325207
v 0.09383980243078403 -0.06031592083360242 0.036231347851267685
v 0.09400989978993744 -0.0601777410479865 0.03977588461020031
v 0.09425635213318627 -0.05946829506092048 0.036223806194415335
v 0.09411105793683204 -0.060009093273862876 0.03600008563325207
v 0.09400989978993744 -0.0601777410479865 0.03977588461020031
v 0.09388034503524877 -0.058705172466080355 0.036240361981334505
v 0.09425635213318627 -0.05946829506092048 0.036223806194415335
v 0.09398475330436805 -0.0588068723000124 0.03976636694007051
v 0.09312874282669802 -0.058443667326706396 0.036216012767531496
v 0.09388034503524877 -0.058705172466080355 0.036240361981334505
v 0.09363949266785186 -0.05856555453952698 0.03977496526811563
v 0.09312618697940865 -0.05845309725879492 0.0399966411514474
v 0.09192503030614584 -0.059129439301417494 0.03999999427050315
v 0.09246452007786397 -0.058747347761052324 0.03979633138851523
v 0.09192503030614584 -0.059129439301417494 0.03999999427050315
v 0.09258254681686838 -0.060636340160344956 0.039999933235344
v 0.09219137248188235 -0.059715159391493564 0.03976370046655519
v 0.09258254681686838 -0.060636340160344956 0.039999933235344
v 0.09347988572667719 -0.06052107907698949 0.03999998282641081
v 0.0932581755110684 -0.06053490354053674 0.03978071401716798
v 0.09436757345194556 -0.0601443967776039 0.040000001899898045
v 0.09434795827767405 -0.058850691729583945 0.040000001899898045
v 0.09424902791408839 -0.059499045337039244 0.03977948949928755
v 0.09434795827767405 -0.058850691729583945 0.040000001899898045
v 0.0935762373547888 -0.058292448905217266 0.040000001899898045
v 0.09398475330436805 -0.0588068723000124 0.03976636694007051
v 0.09312618697940865 -0.05845309725879492 0.0399966411514474
v 0.09363949266785186 -0.05856555453952698 0.03977496526811563
v 0.0935762373547888 -0.058292448905217266 0.040000001899898045
v 0.09363949266785186 -0.05856555453952698 0.03977496526811563
v 0.09398475330436805 -0.0588068723000124 0.03976636694007051
v 0.0935762373547888 -0.058292448905217266 0.040000001899898045
v 0.09398475330436805 -0.0588068723000124 0.03976636694007051
v 0.09424902791408839 -0.059499045337039244 0.03977948949928755
v 0.09434795827767405 -0.058850691729583945 0.040000001899898045
v 0.09424902791408839 -0.059499045337039244 0.03977948949928755
v 0.09400989978993744 -0.0601777410479865 0.03977588461020031
v 0.09436757345194556 -0.0601443967776039 0.040000001899898045
v 0.09400989978993744 -0.0601777410479865 0.03977588461020031
v 0.09347988572667719 -0.06052107907698949 0.03999998282641081
v 0.09436757345194556 -0.0601443967776039 0.040000001899898045
v 0.0932581755110684 -0.06053490354053674 0.03978071401716798
v 0.09264450513279952 -0.060386275298614 0.039787385923002454
v 0.09258254681686838 -0.060636340160344956 0.039999933235344
v 0.09264450513279952 -0.060386275298614 0.039787385923002454
v 0.09219137248188235 -0.059715159391493564 0.03976370046655519
v 0.09258254681686838 -0.060636340160344956 0.039999933235344
v 0.09219137248188235 -0.059715159391493564 0.03976370046655519
v 0.09220061167909853 -0.05927991767160194 0.03977496145341818
v 0.09192503030614584 -0.059129439301417494 0.03999999427050315
v 0.09220061167909853 -0.05927991767160194 0.03977496145341818
v 0.09246452007786397 -0.058747347761052324 0.03979633138851523
v 0.09192503030614584 -0.059129439301417494 0.03999999427050315
v 0.06380700986660769 -0.06250000296859075 0.08187032706978402
v 0.1363070133101729 -0.06250000296859075 0.08187032706978402
v 0.10441402168303246 -0.06250000296859075 0.040000001899898045
v 0.10441402168303246 -0.06250000296859075 0.040000001899898045
v 0.0900000042747706 -0.06250000296859075 0.040000001899898045
v 0.06380700986660769 -0.06250000296859075 0.08187032706978402
v 0.08830199851785013 -0.06250000296859075 0.033200002339854866
v 0.10441402168303246 -0.06250000296859075 0.03600000170990824
v 0.10111018851829631 -0.06250000296859075 0.032200002292357414
v 0.08830199851785013 -0.06250000296859075 0.033200002339854866
v 0.06380700986660769 -0.06250000296859075 0.033200002339854866
v 0.08970701262267065 -0.06250000296859075 0.03629299336200819
v 0.06380700986660769 -0.06250000296859075 0.033200002339854866
v 0.06380700986660769 -0.06250000296859075 0.08187032706978402
v 0.08970701262267065 -0.06250000296859075 0.039707010247798095
v 0.1363070133101729 -0.06250000296859075 0.08187032706978402
v 0.10470701333513241 -0.06250000296859075 0.039707010247798095
v 0.10441402168303246 -0.06250000296859075 0.040000001899898045
v 0.1363070133101729 -0.06250000296859075 0.032200002292357414
v 0.10470701333513241 -0.06250000296859075 0.03629299336200819
v 0.10470701333513241 -0.06250000296859075 0.039707010247798095
v 0.10441402168303246 -0.06250000296859075 0.03600000170990824
v 0.1363070133101729 -0.06250000296859075 0.032200002292357414
v 0.10111018851829631 -0.06250000296859075 0.032200002292357414
v 0.08970701262267065 -0.06250000296859075 0.039707010247798095
v 0.08970701262267065 -0.06250000296859075 0.03629299336200819
v 0.06380700986660769 -0.06250000296859075 0.033200002339854866
v 0.10470701333513241 -0.06250000296859075 0.039707010247798095
v 0.1363070133101729 -0.06250000296859075 0.08187032706978402
v 0.1363070133101729 -0.06250000296859075 0.032200002292357414
v 0.10111018851829631 -0.06250000296859075 0.032200002292357414
v 0.08830199851785013 -0.06250000296859075 0.03240315781958491
v 0.08830199851785013 -0.06250000296859075 0.033200002339854866
v 0.08970701262267065 -0.06250000296859075 0.03629299336200819
v 0.0900000042747706 -0.06250000296859075 0.03600000170990824
v 0.08830199851785013 -0.06250000296859075 0.033200002339854866
v 0.10441402168303246 -0.06250000296859075 0.03600000170990824
v 0.10470701333513241 -0.06250000296859075 0.03629299336200819
v 0.1363070133101729 -0.06250000296859075 0.032200002292357414
v 0.0900000042747706 -0.06250000296859075 0.040000001899898045
v 0.08970701262267065 -0.06250000296859075 0.039707010247798095
v 0.06380700986660769 -0.06250000296859075 0.08187032706978402
v 0.0900000042747706 -0.06250000296859075 0.03600000170990824
v 0.10441402168303246 -0.06250000296859075 0.03600000170990824
v 0.08830199851785013 -0.06250000296859075 0.033200002339854866
v 0.08830199851785013 -0.06271230995499315 0.032200002292357414
v 0.08830199851785013 -0.06250000296859075 0.03240315781958491
v 0.10111018851829631 -0.06250000296859075 0.032200002292357414
v 0.08830199851785013 -0.0635000030160882 0.033200002339854866
v 0.08830199851785013 -0.06250000296859075 0.033200002339854866
v 0.08830199851785013 -0.06250000296859075 0.03240315781958491
v 0.08830199851785013 -0.06250000296859075 0.03240315781958491
v 0.08830199851785013 -0.06271230995499315 0.032200002292357414
v 0.08830199851785013 -0.0635000030160882 0.033200002339854866
v 0.08830199851785013 -0.06271230995499315 0.032200002292357414
v 0.08830199851785013 -0.0635000030160882 0.032200002292357414
v 0.08830199851785013 -0.0635000030160882 0.033200002339854866
v 0.13739778789811471 -0.06249048529846095 0.032200002292357414
v 0.1363070133101729 -0.06250000296859075 0.032200002292357414
v 0.13685280496207317 -0.06249761878268649 0.08187025840522998
v 0.1363070133101729 -0.06250000296859075 0.032200002292357414
v 0.1363070133101729 -0.06250000296859075 0.08187032706978402
v 0.13685280496207317 -0.06249761878268649 0.08187025840522998
v 0.13848822679268122 -0.062461928473374104 0.032200002292357414
v 0.13739778789811471 -0.06249048529846095 0.032200002292357414
v 0.13794095503817158 -0.06247864066288859 0.0818787346629568
v 0.13739778789811471 -0.06249048529846095 0.032200002292357414
v 0.13739778789811471 -0.06249048529846095 0.08187006004096274
v 0.13794095503817158 -0.06247864066288859 0.0818787346629568
v 0.13957800955928687 -0.06241434775212 0.032200002292357414
v 0.13848822679268122 -0.062461928473374104 0.032200002292357414
v 0.1390340031857917 -0.06244048224432812 0.08187067039255423
v 0.13848822679268122 -0.062461928473374104 0.032200002292357414
v 0.13848822679268122 -0.062461928473374104 0.08186924369570912
v 0.1390340031857917 -0.06244048224432812 0.08187067039255423
v 0.14066680050455635 -0.06234775457879098 0.032200002292357414
v 0.13957800955928687 -0.06241434775212 0.032200002292357414
v 0.14012280938985097 -0.062383410555826344 0.08186700828300529
v 0.13957800955928687 -0.06241434775212 0.032200002292357414
v 0.13957800955928687 -0.06241434775212 0.08186788566341806
v 0.14012280938985097 -0.062383410555826344 0.08186700828300529
v 0.14175424867632455 -0.06226217184157172 0.032200002292357414
v 0.14066680050455635 -0.06234775457879098 0.032200002292357414
v 0.1412111730890064 -0.06230730352706497 0.08186513908125635
v 0.14066680050455635 -0.06234775457879098 0.032200002292357414
v 0.14066680050455635 -0.06234775457879098 0.08186599357348444
v 0.1412111730890064 -0.06230730352706497 0.08186513908125635
v 0.14284004889879573 -0.062157622428646905 0.032200002292357414
v 0.14175424867632455 -0.06226217184157172 0.032200002292357414
v 0.14229578312587418 -0.06221242437216783 0.08186214835845805
v 0.14175424867632455 -0.06226217184157172 0.032200002292357414
v 0.14175424867632455 -0.06226217184157172 0.08186355216711848
v 0.1420792151224237 -0.062232886409272534 0.08186272056307507
v 0.1420792151224237 -0.062232886409272534 0.08186272056307507
v 0.14229578312587418 -0.06221242437216783 0.08186214835845805
v 0.14175424867632455 -0.06226217184157172 0.032200002292357414
v 0.14392385021980478 -0.06203413685759611 0.032200002292357414
v 0.14284004889879573 -0.062157622428646905 0.032200002292357414
v 0.14331697763238613 -0.062105609028959605 0.0818591042298955
v 0.14284004889879573 -0.062157622428646905 0.032200002292357414
v 0.14284004889879573 -0.062157622428646905 0.08186058433250486
v 0.14331697763238613 -0.062105609028959605 0.0818591042298955
v 0.14500533220476616 -0.061891757090091246 0.032200002292357414
v 0.14392385021980478 -0.06203413685759611 0.032200002292357414
v 0.14446498794081994 -0.061965296827470914 0.08185512168576102
v 0.14392385021980478 -0.06203413685759611 0.032200002292357414
v 0.1440827857742288 -0.062014208878133956 0.08185651023563166
v 0.14446498794081994 -0.061965296827470914 0.08185512168576102
v 0.14608417441909435 -0.06173052508780423 0.032200002292357414
v 0.14500533220476616 -0.061891757090091246 0.032200002292357414
v 0.1452626564357384 -0.06185593708106567 0.08185243613875846
v 0.14716002591062424 -0.061550486627104425 0.032200002292357414
v 0.14608417441909435 -0.06173052508780423 0.032200002292357414
v 0.14662248926399887 -0.06164285189638412 0.08184598930007335
v 0.14608417441909435 -0.06173052508780423 0.032200002292357414
v 0.14608417441909435 -0.06173052508780423 0.08184846885341378
v 0.14662248926399887 -0.06164285189638412 0.08184598930007335
v 0.14823258150356008 -0.06135170274315098 0.032200002292357414
v 0.14716002591062424 -0.061550486627104425 0.032200002292357414
v 0.14769670806502153 -0.06145344072405749 0.08184064109425292
v 0.14716002591062424 -0.061550486627104425 0.032200002292357414
v 0.14716002591062424 -0.061550486627104425 0.08184338004701973
v 0.14769670806502153 -0.06145344072405749 0.08184064109425292
v 0.14823258150356008 -0.06135170274315098 0.032200002292357414
v 0.1487674326031829 -0.061245310831359354 0.08183476646018482
v 0.14930149024573677 -0.06113422684170815 0.08183163840827844
v 0.14823258150356008 -0.06135170274315098 0.032200002292357414
v 0.1482323373629235 -0.061351756148915235 0.08184012229540015
v 0.1487674326031829 -0.061245310831359354 0.08183476646018482
v 0.14930149024573677 -0.06113422684170815 0.032200002292357414
v 0.14983437296147703 -0.0610185270681463 0.08182838828605375
v 0.15040631817907266 -0.060889205010001876 0.0818248635056129
v 0.14930149024573677 -0.06113422684170815 0.032200002292357414
v 0.14930149024573677 -0.06113422684170815 0.08183163840827844
v 0.14983437296147703 -0.0610185270681463 0.08182838828605375
v 0.15142713121583992 -0.06064348508866284 0.032200002292357414
v 0.15036646222014835 -0.06089813140202742 0.032200002292357414
v 0.1512708049144695 -0.060682887098590974 0.0818188744306214
v 0.15040631817907266 -0.060889205010001876 0.0818248635056129
v 0.1512708049144695 -0.060682887098590974 0.0818188744306214
v 0.15036646222014835 -0.06089813140202742 0.032200002292357414
v 0.15142713121583992 -0.06064348508866284 0.032200002292357414
v 0.1519555736237521 -0.060509280217786496 0.08181410605881288
v 0.15248320731580553 -0.060370368010260786 0.08181022269681203
v 0.15142713121583992 -0.06064348508866284 0.032200002292357414
v 0.1512708049144695 -0.060682887098590974 0.0818188744306214
v 0.1519555736237521 -0.060509280217786496 0.08181410605881288
v 0.15248320731580553 -0.060370368010260786 0.032200002292357414
v 0.15300917779977216 -0.060226969718537623 0.08180622489388777
v 0.15353435482666986 -0.060078860275467647 0.08180208976185542
v 0.15248320731580553 -0.060370368010260786 0.032200002292357414
v 0.15248320731580553 -0.060370368010260786 0.08181022269681203
v 0.15300917779977216 -0.060226969718537623 0.08180622489388777
v 0.15353435482666986 -0.060078860275467647 0.032200002292357414
v 0.15405770079879308 -0.05992631815396447 0.08179784781829456
v 0.15458025331384737 -0.059769049622324696 0.08179347617502052
v 0.15353435482666986 -0.060078860275467647 0.032200002292357414
v 0.15353435482666986 -0.060078860275467647 0.08180208976185542
v 0.15405770079879308 -0.05992631815396447 0.08179784781829456
v 0.15458025331384737 -0.059769049622324696 0.032200002292357414
v 0.15502513858888453 -0.059631598443921116 0.08178976828910221
v 0.15562058234275253 -0.05944103523296555 0.0817843895657022
v 0.15458025331384737 -0.059769049622324696 0.032200002292357414
v 0.15458025331384737 -0.059769049622324696 0.08179347617502052
v 0.15502513858888453 -0.059631598443921116 0.08178976828910221
v 0.15562058234275253 -0.05944103523296555 0.032200002292357414
v 0.1560914380780076 -0.059286211922389184 0.08178448874783582
v 0.1566550214787998 -0.059094912474826386 0.0817748223045056
v 0.15562058234275253 -0.05944103523296555 0.032200002292357414
v 0.15562058234275253 -0.05944103523296555 0.0817843895657022
v 0.1560914380780076 -0.059286211922389184 0.08178448874783582
v 0.1566550214787998 -0.059094912474826386 0.032200002292357414
v 0.1571701582220175 -0.05891501897262956 0.08176987082721963
v 0.15768328080498326 -0.058730791974133154 0.08176480490901027
v 0.1566550214787998 -0.059094912474826386 0.032200002292357414
v 0.1566550214787998 -0.059094912474826386 0.0817748223045056
v 0.1571701582220175 -0.05891501897262956 0.08176987082721963
v 0.15768328080498326 -0.058730791974133154 0.032200002292357414
v 0.15819530475508434 -0.058541891971264394 0.0817596245498775
v 0.15870500936913776 -0.05834878054241436 0.08175432974982132
v 0.15768328080498326 -0.058730791974133154 0.032200002292357414
v 0.15768328080498326 -0.058730791974133154 0.08176480490901027
v 0.15819530475508434 -0.058541891971264394 0.0817596245498775
v 0.15870500936913776 -0.05834878054241436 0.032200002292357414
v 0.15914916222226513 -0.05817661180254733 0.08174961478377706
v 0.15971993251304714 -0.05794899262059342 0.08174341971512343
v 0.15870500936913776 -0.05834878054241436 0.032200002292357414
v 0.15870500936913776 -0.05834878054241436 0.08175432974982132
v 0.15914916222226513 -0.05817661180254733 0.08174961478377706
v 0.15971993251304714 -0.05794899262059342 0.032200002292357414
v 0.16022498319621545 -0.057742369533386774 0.08173779685108683
v 0.1607277145433361 -0.057531557908383525 0.08173206717552171
v 0.15971993251304714 -0.05794899262059342 0.032200002292357414
v 0.15971993251304714 -0.05794899262059342 0.08174341971512343
v 0.16022498319621545 -0.057742369533386774 0.08173779685108683
v 0.1607277145433361 -0.057531557908383525 0.032200002292357414
v 0.1612290420817963 -0.057316164831746653 0.08172623831782298
v 0.16172805028420886 -0.05709659466140552 0.08172030264859574
v 0.1607277145433361 -0.057531557908383525 0.032200002292357414
v 0.1607277145433361 -0.057531557908383525 0.08173206717552171
v 0.1612290420817963 -0.057316164831746653 0.08172623831782298
v 0.16172805028420886 -0.05709659466140552 0.032200002292357414
v 0.1622255173488529 -0.056872504074589915 0.08171426016783999
v 0.1627206498186595 -0.056644240208767495 0.08170811850495062
v 0.16172805028420886 -0.05709659466140552 0.032200002292357414
v 0.16172805028420886 -0.05709659466140552 0.08172030264859574
v 0.1622255173488529 -0.056872504074589915 0.08171426016783999
v 0.1627206498186595 -0.056644240208767495 0.032200002292357414
v 0.1632140885627997 -0.0564115207763272 0.08170187765992763
v 0.16370601668675097 -0.05617424278043796 0.08169635397802465
v 0.1627206498186595 -0.056644240208767495 0.032200002292357414
v 0.1627206498186595 -0.056644240208767495 0.08170811850495062
v 0.1632140885627997 -0.0564115207763272 0.08170187765992763
v 0.16370520797089225 -0.05617463187957753 0.032200002292357414
v 0.16419446580663075 -0.055933352266066584 0.0816891060528757
v 0.16468141956511137 -0.05568791081764116 0.08168257529084676
v 0.16370520797089225 -0.05617463187957753 0.032200002292357414
v 0.16370601668675097 -0.05617424278043796 0.08169635397802465
v 0.16419446580663075 -0.055933352266066584 0.0816891060528757
v 0.16468141956511137 -0.05568791081764116 0.032200002292357414
v 0.16516635916334008 -0.05543815113170595 0.0816759453466842
v 0.1656489946843109 -0.055184225796158816 0.0816692314791778
v 0.16468141956511137 -0.05568791081764116 0.032200002292357414
v 0.16468141956511137 -0.05568791081764116 0.08168257529084676
v 0.16516635916334008 -0.05543815113170595 0.0816759453466842
v 0.1656489946843109 -0.055184225796158816 0.032200002292357414
v 0.16618958308889373 -0.0548936488475427 0.0816614571257812
v 0.16660761289390533 -0.05466373321772581 0.08165552145655396
v 0.1656489946843109 -0.055184225796158816 0.032200002292357414
v 0.1656489946843109 -0.055184225796158816 0.0816692314791778
v 0.16618958308889373 -0.0548936488475427 0.0816614571257812
v 0.16660761289390533 -0.05466373321772581 0.032200002292357414
v 0.16708347351221062 -0.05439724226878887 0.08164854056022629
v 0.16755701479446825 -0.05412658948493746 0.0816414681111599
v 0.16660761289390533 -0.05466373321772581 0.032200002292357414
v 0.16660761289390533 -0.05466373321772581 0.08165552145655396
v 0.16708347351221062 -0.05439724226878887 0.08164854056022629
v 0.16755701479446825 -0.05412658948493746 0.032200002292357414
v 0.16844515265403534 -0.05360401026700105 0.08162788015885435
v 0.16849689521020392 -0.053572958629783986 0.08162707907239052
v 0.16755701479446825 -0.05412658948493746 0.032200002292357414
v 0.16755701479446825 -0.05412658948493746 0.0816414681111599
v 0.1680281146703599 -0.05385185497481796 0.08163431173874967
v 0.1680281146703599 -0.05385185497481796 0.08163431173874967
v 0.16844515265403534 -0.05360401026700105 0.08162788015885435
v 0.16755701479446825 -0.05412658948493746 0.032200002292357414
v 0.16849689521020392 -0.053572958629783986 0.032200002292357414
v 0.1689630817557841 -0.0532900682965232 0.08161975485329263
v 0.16942696422410639 -0.05300300849895304 0.08161236196964071
v 0.16849689521020392 -0.053572958629783986 0.032200002292357414
v 0.16849689521020392 -0.053572958629783986 0.08162707907239052
v 0.1689630817557841 -0.0532900682965232 0.08161975485329263
v 0.16942696422410639 -0.05300300849895304 0.032200002292357414
v 0.16988811536905676 -0.0527120462658948 0.08160488516264496
v 0.17034696243674927 -0.052416914568527186 0.08159733969109516
v 0.16942696422410639 -0.05300300849895304 0.032200002292357414
v 0.16942696422410639 -0.05300300849895304 0.08161236196964071
v 0.16988811536905676 -0.0527120462658948 0.08160488516264496
v 0.17034696243674927 -0.052416914568527186 0.032200002292357414
v 0.17080292559317198 -0.05211796817371276 0.08158971792559642
v 0.17125656941354703 -0.05181485231458897 0.08158201986614876
v 0.17034696243674927 -0.052416914568527186 0.032200002292357414
v 0.17034696243674927 -0.052416914568527186 0.08159733969109516
v 0.17080292559317198 -0.05211796817371276 0.08158971792559642
v 0.17125656941354703 -0.05181485231458897 0.032200002292357414
v 0.17170722251112377 -0.05150802094015198 0.08157426077154194
v 0.17215554101386307 -0.051197004842615836 0.08156642538298618
v 0.17125656941354703 -0.05181485231458897 0.032200002292357414
v 0.17125656941354703 -0.05181485231458897 0.08158201986614876
v 0.17170722251112377 -0.05150802094015198 0.08157426077154194
v 0.17215554101386307 -0.051197004842615836 0.032200002292357414
v 0.17260073146469598 -0.05088238004129501 0.08155853658866617
v 0.17304358732069144 -0.05056356288748013 0.08155057150039723
v 0.17215554101386307 -0.051197004842615836 0.032200002292357414
v 0.17215554101386307 -0.051197004842615836 0.08156642538298618
v 0.17260073146469598 -0.05088238004129501 0.08155853658866617
v 0.17304358732069144 -0.05056356288748013 0.032200002292357414
v 0.17348319305446222 -0.05024124384140908 0.08154255300636402
v 0.17392044893460576 -0.04991472099875164 0.08153447347717167
v 0.17304358732069144 -0.05056356288748013 0.032200002292357414
v 0.17304358732069144 -0.05056356288748013 0.08155057150039723
v 0.17348319305446222 -0.05024124384140908 0.08154255300636402
v 0.17392044893460576 -0.04991472099875164 0.032200002292357414
v 0.17435431736341653 -0.049584803075366536 0.08152634054221507
v 0.1747858969737592 -0.04925063557902568 0.08151834493636655
v 0.17392044893460576 -0.04991472099875164 0.032200002292357414
v 0.17392044893460576 -0.04991472099875164 0.08153447347717167
v 0.17435431736341653 -0.049584803075366536 0.08152634054221507
v 0.17478585119738985 -0.04925067372600015 0.032200002292357414
v 0.17521402809760997 -0.04891313022241887 0.0815098991962193
v 0.17563953470961732 -0.048571623248190345 0.08150159841457504
v 0.17478585119738985 -0.04925067372600015 0.032200002292357414
v 0.1747858969737592 -0.04925063557902568 0.08151834493636655
v 0.17521402809760997 -0.04891313022241887 0.0815098991962193
v 0.17563953470961732 -0.048571623248190345 0.032200002292357414
v 0.17606144024723488 -0.04822691955750139 0.08149550252805503
v 0.1764812400718618 -0.04787777937368179 0.08148486715157331
v 0.17563953470961732 -0.048571623248190345 0.032200002292357414
v 0.17563953470961732 -0.048571623248190345 0.08150159841457504
v 0.17606144024723488 -0.04822691955750139 0.08149550252805503
v 0.1764812400718618 -0.04787777937368179 0.032200002292357414
v 0.17685292893228952 -0.0475637687386499 0.08147739797397245
v 0.1773107078846969 -0.04716935191083407 0.08146796041248903
v 0.1764812400718618 -0.04787777937368179 0.032200002292357414
v 0.1764812400718618 -0.04787777937368179 0.08148486715157331
v 0.17685292893228952 -0.0475637687386499 0.08147739797397245
v 0.1773107078846969 -0.04716935191083407 0.032200002292357414
v 0.17766991505507865 -0.046854677518446436 0.08146050649367796
v 0.17812447440284093 -0.04644941932048677 0.08145467000658434
v 0.1773107078846969 -0.04716935191083407 0.032200002292357414
v 0.1773107078846969 -0.04716935191083407 0.08146796041248903
v 0.17766991505507865 -0.046854677518446436 0.08146050649367796
v 0.17812767874869626 -0.04644655448270421 0.032200002292357414
v 0.17853157891436486 -0.046079672141059486 0.08144230275746177
v 0.17893190852322324 -0.04570960834174412 0.08143368917062686
v 0.17812767874869626 -0.04644655448270421 0.032200002292357414
v 0.17812447440284093 -0.04644941932048677 0.08145467000658434
v 0.17853157891436486 -0.046079672141059486 0.08144230275746177
v 0.17893190852322324 -0.04570960834174412 0.032200002292357414
v 0.17932932370323226 -0.04533576417725896 0.08142503743681749
v 0.17972316832643107 -0.044958738555103156 0.08141636281482344
v 0.17893190852322324 -0.04570960834174412 0.032200002292357414
v 0.17893190852322324 -0.04570960834174412 0.08143368917062686
v 0.17932932370323226 -0.04533576417725896 0.08142503743681749
v 0.17972316832643107 -0.044958738555103156 0.032200002292357414
v 0.18011396119167242 -0.04457804319400352 0.0814076653046447
v 0.18050118350010355 -0.04419417781932558 0.08139894490628129
v 0.17972316832643107 -0.044958738555103156 0.032200002292357414
v 0.17972316832643107 -0.044958738555103156 0.08141636281482344
v 0.18011396119167242 -0.04457804319400352 0.0814076653046447
v 0.18050118350010355 -0.04419417781932558 0.032200002292357414
v 0.18095461369742158 -0.043735933473829675 0.08138861470559532
v 0.18126575567997347 -0.043416151201560754 0.08138144307439531
v 0.18050118350010355 -0.04419417781932558 0.032200002292357414
v 0.18050118350010355 -0.04419417781932558 0.08139894490628129
v 0.18095461369742158 -0.043735933473829675 0.08138861470559532
v 0.18126575567997347 -0.043416151201560754 0.032200002292357414
v 0.18164296822230416 -0.04302210821409472 0.08137266927026764
v 0.18201662546661443 -0.042624899027747826 0.08136388020735018
v 0.18126575567997347 -0.043416151201560754 0.032200002292357414
v 0.18126575567997347 -0.043416151201560754 0.08138144307439531
v 0.18164296822230416 -0.04302210821409472 0.08137266927026764
v 0.18201662546661443 -0.042624899027747826 0.032200002292357414
v 0.18238686474201235 -0.04222436342522731 0.08135508351503783
v 0.1827751399069388 -0.04179706390541996 0.08134573750629313
v 0.18201662546661443 -0.042624899027747826 0.032200002292357414
v 0.18201662546661443 -0.042624899027747826 0.08136388020735018
v 0.18238686474201235 -0.04222436342522731 0.08135508351503783
v 0.18275356397817963 -0.04182066543852339 0.032200002292357414
v 0.18311673843390605 -0.0414137592912667 0.08133747487162334
v 0.18347635759161204 -0.0410036907598266 0.08132867054991609
v 0.1827751399069388 -0.04179706390541996 0.08134573750629313
v 0.18311673843390605 -0.0414137592912667 0.08133747487162334
v 0.18275356397817963 -0.04182066543852339 0.032200002292357414
v 0.18347635759161204 -0.0410036907598266 0.032200002292357414
v 0.18383236041613846 -0.04059054376754692 0.08131986622820885
v 0.18418479268385465 -0.04017422676168894 0.0813110619065016
v 0.18347635759161204 -0.0410036907598266 0.032200002292357414
v 0.18347635759161204 -0.0410036907598266 0.08132867054991609
v 0.18383236041613846 -0.04059054376754692 0.08131986622820885
v 0.18458886069621092 -0.03968746373808066 0.08130116658132457
v 0.18487864037306065 -0.039332525214141906 0.032200002292357414
v 0.18418479268385465 -0.04017422676168894 0.032200002292357414
v 0.18458886069621092 -0.03968746373808066 0.08130116658132457
v 0.18487864037306065 -0.039332525214141906 0.08129347615127179
v 0.18487864037306065 -0.039332525214141906 0.032200002292357414
v 0.18418479268385465 -0.04017422676168894 0.032200002292357414
v 0.18418479268385465 -0.04017422676168894 0.0813110619065016
v 0.18458886069621092 -0.03968746373808066 0.08130116658132457
v 0.18487864037306065 -0.039332525214141906 0.032200002292357414
v 0.18521994898302194 -0.03890727037216604 0.08128470234714412
v 0.185557687036173 -0.038478845516611876 0.08127594380180624
v 0.18487864037306065 -0.039332525214141906 0.032200002292357414
v 0.18487864037306065 -0.039332525214141906 0.08129347615127179
v 0.18521994898302194 -0.03890727037216604 0.08128470234714412
v 0.185557687036173 -0.038478845516611876 0.032200002292357414
v 0.18589148832155897 -0.03804773129935771 0.08126720051525814
v 0.1862217343089245 -0.03761343943913034 0.08125848011689472
v 0.185557687036173 -0.038478845516611876 0.032200002292357414
v 0.185557687036173 -0.038478845516611876 0.08127594380180624
v 0.18589148832155897 -0.03804773129935771 0.08126720051525814
v 0.1862217343089245 -0.03761343943913034 0.032200002292357414
v 0.1865479367169964 -0.0371765993610085 0.08124978260671599
v 0.18687058382704788 -0.03673658163991347 0.08124110798472194
v 0.1862217343089245 -0.03761343943913034 0.032200002292357414
v 0.1862217343089245 -0.03761343943913034 0.08125848011689472
v 0.1865479367169964 -0.0371765993610085 0.08124978260671599
v 0.18687058382704788 -0.03673658163991347 0.032200002292357414
v 0.18718908054627723 -0.036294145400637155 0.08123247150970235
v 0.1875035947213721 -0.0358491304258868 0.08122564320127255
v 0.18687058382704788 -0.03673658163991347 0.032200002292357414
v 0.18687058382704788 -0.03673658163991347 0.08124110798472194
v 0.18718908054627723 -0.036294145400637155 0.08123247150970235
v 0.18750402196748614 -0.0358485277036902 0.032200002292357414
v 0.18781473670392398 -0.035400640261762394 0.08121528248300701
v 0.18812186562476182 -0.0349495599180716 0.08120673756072615
v 0.18750402196748614 -0.0358485277036902 0.032200002292357414
v 0.1875035947213721 -0.0358491304258868 0.08122564320127255
v 0.18781473670392398 -0.035400640261762394 0.08121528248300701
v 0.18812186562476182 -0.0349495599180716 0.032200002292357414
v 0.18842479837840817 -0.03449620601470251 0.08119929127130997
v 0.1887239316933975 -0.0340399414971815 0.08118978504527251
v 0.18812186562476182 -0.0349495599180716 0.032200002292357414
v 0.18812186562476182 -0.0349495599180716 0.08120673756072615
v 0.18842479837840817 -0.03449620601470251 0.08119929127130997
v 0.1887239316933975 -0.0340399414971815 0.032200002292357414
v 0.1890187772884566 -0.033581552193182616 0.08118137745209973
v 0.1893100218091259 -0.03311995472863096 0.08117300800590142
v 0.1887239316933975 -0.0340399414971815 0.032200002292357414
v 0.1887239316933975 -0.0340399414971815 0.08118978504527251
v 0.1890187772884566 -0.033581552193182616 0.08118137745209973
v 0.1893100218091259 -0.03311995472863096 0.032200002292357414
v 0.1895972227505016 -0.03265583574906696 0.08116469959486226
v 0.1898799681252594 -0.032189881900031046 0.08115645221898225
v 0.1893100218091259 -0.03311995472863096 0.032200002292357414
v 0.1893100218091259 -0.03311995472863096 0.08117300800590142
v 0.1895972227505016 -0.03265583574906696 0.08116469959486226
v 0.1898799681252594 -0.032189881900031046 0.032200002292357414
v 0.1901590056140989 -0.031720857219550445 0.0811482506194716
v 0.19043360279511032 -0.031250001484295374 0.081140117684515
v 0.1898799681252594 -0.032189881900031046 0.032200002292357414
v 0.1898799681252594 -0.032189881900031046 0.08115645221898225
v 0.1901590056140989 -0.031720857219550445 0.0811482506194716
v 0.19043360279511032 -0.031250001484295374 0.032200002292357414
v 0.1907044005374647 -0.030776214154052427 0.08113204578471754
v 0.19097074271320122 -0.030300603398429903 0.08112404254947413
v 0.19043360279511032 -0.031250001484295374 0.032200002292357414
v 0.19043360279511032 -0.031250001484295374 0.081140117684515
v 0.1907044005374647 -0.030776214154052427 0.08113204578471754
v 0.19097074271320122 -0.030300603398429903 0.032200002292357414
v 0.19123320915633177 -0.02982220028427631 0.08111610034938986
v 0.19149123529163423 -0.029341973744743143 0.08110824207264943
v 0.19097074271320122 -0.030300603398429903 0.032200002292357414
v 0.19097074271320122 -0.030300603398429903 0.08112404254947413
v 0.19123320915633177 -0.02982220028427631 0.08111610034938986
v 0.19149123529163423 -0.029341973744743143 0.032200002292357414
v 0.191745294141592 -0.028859099805181882 0.08110045246046303
v 0.19199492794251147 -0.02837440816228722 0.08109274677162047
v 0.19149123529163423 -0.029341973744743143 0.032200002292357414
v 0.19149123529163423 -0.029341973744743143 0.08110824207264943
v 0.191745294141592 -0.028859099805181882 0.08110045246046303
v 0.19199492794251147 -0.02837440816228722 0.032200002292357414
v 0.1922404876465577 -0.02788721026317 0.08108510974733195
v 0.19248189695978185 -0.02739764534428703 0.0810787010556213
v 0.19199492794251147 -0.02837440816228722 0.032200002292357414
v 0.19199492794251147 -0.02837440816228722 0.08109274677162047
v 0.1922404876465577 -0.02788721026317 0.08108510974733195
v 0.19248163756035547 -0.02739819847541682 0.032200002292357414
v 0.19271865234212088 -0.026906827297292785 0.08107011035697108
v 0.19295125733363777 -0.026413642230532792 0.08106274036150383
v 0.19248163756035547 -0.02739819847541682 0.032200002292357414
v 0.19248189695978185 -0.02739764534428703 0.0810787010556213
v 0.19271865234212088 -0.026906827297292785 0.08107011035697108
v 0.19295125733363777 -0.026413642230532792 0.032200002292357414
v 0.1931796356403836 -0.025918248453951093 0.08105546191877532
v 0.1934036041568809 -0.025421040788733435 0.08104828265818041
v 0.19295125733363777 -0.026413642230532792 0.032200002292357414
v 0.19295125733363777 -0.026413642230532792 0.08106274036150383
v 0.1931796356403836 -0.025918248453951093 0.08105546191877532
v 0.1934036041568809 -0.025421040788733435 0.032200002292357414
v 0.193623284953448 -0.02492177509424322 0.08104119495032423
v 0.19383857121855635 -0.02442069741846577 0.08103421405399656
v 0.1934036041568809 -0.025421040788733435 0.032200002292357414
v 0.1934036041568809 -0.025421040788733435 0.08104828265818041
v 0.193623284953448 -0.02492177509424322 0.08104119495032423
v 0.19383857121855635 -0.02442069741846577 0.032200002292357414
v 0.19404949346978556 -0.023917710486616187 0.08102733233980251
v 0.19425600593076625 -0.023412913480828093 0.08102055743713697
v 0.19383857121855635 -0.02442069741846577 0.032200002292357414
v 0.19383857121855635 -0.02442069741846577 0.08103421405399656
v 0.19404949346978556 -0.023917710486616187 0.08102733233980251
v 0.19425600593076625 -0.023412913480828093 0.032200002292357414
v 0.19445810860149843 -0.022906361714214465 0.08101388934599994
v 0.1946557862231923 -0.0223979979663136 0.08100733569578632
v 0.19425600593076625 -0.023412913480828093 0.032200002292357414
v 0.19425600593076625 -0.023412913480828093 0.08102055743713697
v 0.19445810860149843 -0.022906361714214465 0.08101388934599994
v 0.1946557862231923 -0.0223979979663136 0.032200002292357414
v 0.19481629343296442 -0.021975113958800932 0.08100198748996588
v 0.19503780528430598 -0.021376259865415484 0.08099457171812928
v 0.1946557862231923 -0.0223979979663136 0.032200002292357414
v 0.1946557862231923 -0.0223979979663136 0.08100733569578632
v 0.19481629343296442 -0.021975113958800932 0.08100198748996588
v 0.19503780528430598 -0.021376259865415484 0.032200002292357414
v 0.19522207042977685 -0.02086304191501355 0.08098836902008076
v 0.1954019257849992 -0.020348010075975656 0.08098228076295565
v 0.19503780528430598 -0.021376259865415484 0.032200002292357414
v 0.19503780528430598 -0.021376259865415484 0.08099457171812928
v 0.19522207042977685 -0.02086304191501355 0.08098836902008076
v 0.1954019257849992 -0.020348010075975656 0.032200002292357414
v 0.1955771882444956 -0.01983169459124691 0.08097632220554372
v 0.19574805617253327 -0.01931356331053348 0.080970493347845
v 0.1954019257849992 -0.020348010075975656 0.032200002292357414
v 0.1954019257849992 -0.020348010075975656 0.08098228076295565
v 0.1955771882444956 -0.01983169459124691 0.08097632220554372
v 0.19574805617253327 -0.01931356331053348 0.032200002292357414
v 0.19591427016968582 -0.01879430669407324 0.08096478656046456
v 0.19607605911780007 -0.01827323237427959 0.08095921710219221
v 0.19574805617253327 -0.01931356331053348 0.032200002292357414
v 0.19574805617253327 -0.01931356331053348 0.080970493347845
v 0.19591427016968582 -0.01879430669407324 0.08096478656046456
v 0.19607605911780007 -0.01827323237427959 0.032200002292357414
v 0.19623317887623942 -0.017751194843380624 0.08095377734363306
v 0.19638587358564047 -0.017227335794450804 0.08094847491418199
v 0.19607605911780007 -0.01827323237427959 0.032200002292357414
v 0.19607605911780007 -0.01827323237427959 0.08095921710219221
v 0.19623317887623942 -0.017751194843380624 0.08095377734363306
v 0.19638587358564047 -0.017227335794450804 0.032200002292357414
v 0.19653383807020747 -0.016702675659057153 0.080943309813839
v 0.19667737750573616 -0.0161761901909352 0.080938289671999
v 0.19638587358564047 -0.017227335794450804 0.032200002292357414
v 0.19638587358564047 -0.017227335794450804 0.08094847491418199
v 0.19653383807020747 -0.016702675659057153 0.080943309813839
v 0.19667737750573616 -0.0161761901909352 0.032200002292357414
v 0.19681615619885123 -0.015649069575688356 0.08093340685926707
v 0.1969504945841382 -0.015120118859341402 0.08092866900503813
v 0.19667737750573616 -0.0161761901909352 0.032200002292357414
v 0.19667737750573616 -0.0161761901909352 0.080938289671999
v 0.19681615619885123 -0.015649069575688356 0.08093340685926707
v 0.1969504945841382 -0.015120118859341402 0.032200002292357414
v 0.19708005696822178 -0.014590697981534126 0.08092408373870706
v 0.1972051485268977 -0.014059441280580573 0.08091963580148408
v 0.1969504945841382 -0.015120118859341402 0.032200002292357414
v 0.1969504945841382 -0.015120118859341402 0.08092866900503813
v 0.19708005696822178 -0.014590697981534126 0.08092408373870706
v 0.1972051485268977 -0.014059441280580573 0.032200002292357414
v 0.1973257997777455 -0.01352622477881372 0.08091619494438705
v 0.19744124778127586 -0.012994481703935698 0.08091121294952151
v 0.1972051485268977 -0.014059441280580573 0.032200002292357414
v 0.1972051485268977 -0.014059441280580573 0.08091963580148408
v 0.1973257997777455 -0.01352622477881372 0.08091619494438705
v 0.19744124778127586 -0.012994481703935698 0.032200002292357414
v 0.19755237754729643 -0.012460149403165652 0.08090722277599215
v 0.1976587160533238 -0.01192556247134103 0.08090340044915044
v 0.19744124778127586 -0.012994481703935698 0.032200002292357414
v 0.19744124778127586 -0.012994481703935698 0.08091121294952151
v 0.19755237754729643 -0.012460149403165652 0.08090722277599215
v 0.1976587160533238 -0.01192556247134103 0.032200002292357414
v 0.19776050743999457 -0.0113894143745863 0.0808997307102066
v 0.19785750756667214 -0.010853011646776996 0.08089622118855554
v 0.1976587160533238 -0.01192556247134103 0.032200002292357414
v 0.1976587160533238 -0.01192556247134103 0.08090340044915044
v 0.19776050743999457 -0.0113894143745863 0.0808997307102066
v 0.19785750756667214 -0.010853011646776996 0.032200002292357414
v 0.1979429110131114 -0.010358227268112426 0.08089312365422872
v 0.19803753076858216 -0.009777154433200937 0.0808896827971317
v 0.19785750756667214 -0.010853011646776996 0.032200002292357414
v 0.19785750756667214 -0.010853011646776996 0.08089622118855554
v 0.1979429110131114 -0.010358227268112426 0.08089312365422872
v 0.19819877040026407 -0.008698318894593276 0.032200002292357414
v 0.19803753076858216 -0.009777154433200937 0.032200002292357414
v 0.19812053858502482 -0.009237863979424393 0.08088666155675382
v 0.19803753076858216 -0.009777154433200937 0.032200002292357414
v 0.19803753076858216 -0.009777154433200937 0.0808896827971317
v 0.19812053858502482 -0.009237863979424393 0.08088666155675382
v 0.19834115016776893 -0.0076168345254459865 0.032200002292357414
v 0.19819877040026407 -0.008698318894593276 0.032200002292357414
v 0.1982723482846182 -0.008157703787128328 0.08088111498666616
v 0.19819877040026407 -0.008698318894593276 0.032200002292357414
v 0.19819877040026407 -0.008698318894593276 0.0808838081630636
v 0.1982723482846182 -0.008157703787128328 0.08088111498666616
v 0.19846463955351717 -0.006533029389739491 0.032200002292357414
v 0.19834115016776893 -0.0076168345254459865 0.032200002292357414
v 0.19840526760245497 -0.007075058319445664 0.08087623980332913
v 0.19834115016776893 -0.0076168345254459865 0.032200002292357414
v 0.19834115016776893 -0.0076168345254459865 0.08087858965695637
v 0.19840526760245497 -0.007075058319445664 0.08087623980332913
v 0.19856919278113944 -0.005447234412477301 0.032200002292357414
v 0.19846463955351717 -0.006533029389739491 0.032200002292357414
v 0.19851928127974533 -0.005990258024542731 0.08087204363613763
v 0.19846463955351717 -0.006533029389739491 0.032200002292357414
v 0.19846463955351717 -0.006533029389739491 0.08087405779638955
v 0.19851928127974533 -0.005990258024542731 0.08087204363613763
v 0.19865476407426635 -0.0043597800418257475 0.032200002292357414
v 0.19856919278113944 -0.005447234412477301 0.032200002292357414
v 0.1986143587989097 -0.00490363335058586 0.08086853411448656
v 0.19856919278113944 -0.005447234412477301 0.032200002292357414
v 0.19856919278113944 -0.005447234412477301 0.08087020495196827
v 0.1986143587989097 -0.00490363335058586 0.08086853411448656
v 0.19872136869168772 -0.003270997441206932 0.032200002292357414
v 0.19865476407426635 -0.0043597800418257475 0.032200002292357414
v 0.19869043912478895 -0.00381551474574138 0.08086571886777082
v 0.19865476407426635 -0.0043597800418257475 0.032200002292357414
v 0.19865476407426635 -0.0043597800418257475 0.08086703875308741
v 0.19869043912478895 -0.00381551474574138 0.08086571886777082
v 0.19876894559824437 -0.002181218727717317 0.032200002292357414
v 0.19872136869168772 -0.003270997441206932 0.032200002292357414
v 0.19874752225738307 -0.002726234327105755 0.08086360552538528
v 0.19872136869168772 -0.003270997441206932 0.032200002292357414
v 0.19872136869168772 -0.003270997441206932 0.08086457445853677
v 0.19874752225738307 -0.002726234327105755 0.08086360552538528
v 0.19879749479393632 -0.00109077542240689 0.032200002292357414
v 0.19876894559824437 -0.002181218727717317 0.032200002292357414
v 0.19878559293790227 -0.001636870938800662 0.08086252215131039
v 0.19876894559824437 -0.002181218727717317 0.032200002292357414
v 0.19876896085703416 -0.002180916412944657 0.08086252215131039
v 0.19878559293790227 -0.001636870938800662 0.08086252215131039
v 0.19880701627876357 0.0 0.032200002292357414
v 0.19879749479393632 -0.00109077542240689 0.032200002292357414
v 0.19880463590755676 -0.0005455140730563707 0.08086148455360485
v 0.19879749479393632 -0.00109077542240689 0.032200002292357414
v 0.19879749479393632 -0.00109077542240689 0.08086175158242613
v 0.19880463590755676 -0.0005455140730563707 0.08086148455360485
v 0.19880701627876357 0.0 0.032200002292357414
v 0.19880701627876357 1.5644958054547044e-06 0.08086199572306273
v 0.19880463590755676 0.0005452612301412241 0.08086148455360485
v 0.19880463590755676 0.0005452612301412241 0.08086148455360485
v 0.19879749479393632 0.00109077542240689 0.032200002292357414
v 0.19880701627876357 0.0 0.032200002292357414
v 0.19879749479393632 0.00109077542240689 0.032200002292357414
v 0.19879749479393632 0.00109077542240689 0.08086175158242613
v 0.19878559293790227 0.0016366200032342387 0.08086265948041847
v 0.19878559293790227 0.0016366200032342387 0.08086265948041847
v 0.19876894559824437 0.002181218727717317 0.032200002292357414
v 0.19879749479393632 0.00109077542240689 0.032200002292357414
v 0.19876894559824437 0.002181218727717317 0.032200002292357414
v 0.1987689150806648 0.0021821147047801372 0.08086241533978188
v 0.19874753751617286 0.0027259811265627227 0.08086360552538528
v 0.19874753751617286 0.0027259811265627227 0.08086360552538528
v 0.19872136869168772 0.003270997441206932 0.032200002292357414
v 0.19876894559824437 0.002181218727717317 0.032200002292357414
v 0.19872136869168772 0.003270997441206932 0.032200002292357414
v 0.19872136869168772 0.003270997441206932 0.08086457445853677
v 0.19869045438357874 0.0038152615451983478 0.08086571886777082
v 0.19869045438357874 0.0038152615451983478 0.08086571886777082
v 0.19865476407426635 0.0043597800418257475 0.032200002292357414
v 0.19872136869168772 0.003270997441206932 0.032200002292357414
v 0.19865476407426635 0.0043597800418257475 0.032200002292357414
v 0.19865476407426635 0.0043597800418257475 0.08086703875308741
v 0.1986143740576995 0.004903379673205647 0.08086853411448656
v 0.1986143740576995 0.004903379673205647 0.08086853411448656
v 0.19856919278113944 0.005447234412477301 0.032200002292357414
v 0.19865476407426635 0.0043597800418257475 0.032200002292357414
v 0.19856919278113944 0.005447234412477301 0.032200002292357414
v 0.19856919278113944 0.005447234412477301 0.08087020495196827
v 0.1985193117973249 0.005990003870325337 0.08087204363613763
v 0.1985193117973249 0.005990003870325337 0.08087204363613763
v 0.19846463955351717 0.006533029389739491 0.032200002292357414
v 0.19856919278113944 0.005447234412477301 0.032200002292357414
v 0.19846463955351717 0.006533029389739491 0.032200002292357414
v 0.19846463955351717 0.006533029389739491 0.08087405779638955
v 0.19840528286124476 0.00707503352391226 0.08087623980332913
v 0.19840528286124476 0.00707503352391226 0.08087623980332913
v 0.19834115016776893 0.0076168345254459865 0.032200002292357414
v 0.19846463955351717 0.006533029389739491 0.032200002292357414
v 0.19834115016776893 0.0076168345254459865 0.032200002292357414
v 0.19834115016776893 0.0076168345254459865 0.08087858965695637
v 0.19827227199066927 0.00815825310356067 0.08088111498666616
v 0.19827227199066927 0.00815825310356067 0.08088111498666616
v 0.19819877040026407 0.008698318894593276 0.032200002292357414
v 0.19834115016776893 0.0076168345254459865 0.032200002292357414
v 0.19819877040026407 0.008698318894593276 0.032200002292357414
v 0.19819877040026407 0.008698318894593276 0.0808838081630636
v 0.19812046229107588 0.00923841138850801 0.08088666155675382
v 0.19812046229107588 0.00923841138850801 0.08088666155675382
v 0.19803753076858216 0.009777154433200937 0.032200002292357414
v 0.19819877040026407 0.008698318894593276 0.032200002292357414
v 0.19785750756667214 0.010853011646776996 0.032200002292357414
v 0.19803753076858216 0.009777154433200937 0.032200002292357414
v 0.19803753076858216 0.009777154433200937 0.0808896827971317
v 0.19803753076858216 0.009777154433200937 0.0808896827971317
v 0.19794982324488503 0.010315755380413967 0.08089287188419723
v 0.19785750756667214 0.010853011646776996 0.032200002292357414
v 0.19781371483998272 0.011102544358214124 0.08089804461393511
v 0.1976587160533238 0.01192556247134103 0.032200002292357414
v 0.19785750756667214 0.010853011646776996 0.032200002292357414
v 0.19744124778127586 0.012994481703935698 0.032200002292357414
v 0.1976587160533238 0.01192556247134103 0.032200002292357414
v 0.1976587160533238 0.01192556247134103 0.08090340044915044
v 0.1976587160533238 0.01192556247134103 0.08090340044915044
v 0.19755227073576792 0.012460692043877461 0.08090723040538704
v 0.19744124778127586 0.012994481703935698 0.032200002292357414
v 0.1972051485268977 0.014059441280580573 0.032200002292357414
v 0.19744124778127586 0.012994481703935698 0.032200002292357414
v 0.19744124778127586 0.012994481703935698 0.08091121294952151
v 0.19744124778127586 0.012994481703935698 0.08091121294952151
v 0.19732528097889274 0.013528515504630531 0.08091617205620237
v 0.1972051485268977 0.014059441280580573 0.032200002292357414
v 0.1969504945841382 0.015120118859341402 0.032200002292357414
v 0.1972051485268977 0.014059441280580573 0.032200002292357414
v 0.1972051485268977 0.014059441280580573 0.08091963580148408
v 0.1972051485268977 0.014059441280580573 0.08091963580148408
v 0.19708010274459115 0.014590449072525722 0.08092408373870706
v 0.1969504945841382 0.015120118859341402 0.032200002292357414
v 0.19667737750573616 0.0161761901909352 0.032200002292357414
v 0.1969504945841382 0.015120118859341402 0.032200002292357414
v 0.1969504945841382 0.015120118859341402 0.08092866900503813
v 0.1969504945841382 0.015120118859341402 0.08092866900503813
v 0.19681623249280017 0.015648823527703037 0.08093340685926707
v 0.19667737750573616 0.0161761901909352 0.032200002292357414
v 0.19638587358564047 0.017227335794450804 0.032200002292357414
v 0.19667737750573616 0.0161761901909352 0.032200002292357414
v 0.19667737750573616 0.0161761901909352 0.080938289671999
v 0.19667737750573616 0.0161761901909352 0.080938289671999
v 0.1965339143641564 0.016702431518420557 0.080943309813839
v 0.19638587358564047 0.017227335794450804 0.032200002292357414
v 0.19607605911780007 0.01827323237427959 0.032200002292357414
v 0.19638587358564047 0.017227335794450804 0.032200002292357414
v 0.19638587358564047 0.017227335794450804 0.08094847491418199
v 0.19638587358564047 0.017227335794450804 0.08094847491418199
v 0.19623325517018836 0.01775095261009275 0.08095377734363306
v 0.19607605911780007 0.01827323237427959 0.032200002292357414
v 0.19574805617253327 0.01931356331053348 0.032200002292357414
v 0.19607605911780007 0.01827323237427959 0.032200002292357414
v 0.19607605911780007 0.01827323237427959 0.08095921710219221
v 0.19607605911780007 0.01827323237427959 0.08095921710219221
v 0.19591434646363476 0.01879406636813409 0.08096478656046456
v 0.19574805617253327 0.01931356331053348 0.032200002292357414
v 0.1954019257849992 0.020348010075975656 0.032200002292357414
v 0.19574805617253327 0.01931356331053348 0.032200002292357414
v 0.19574805617253327 0.01931356331053348 0.080970493347845
v 0.19574805617253327 0.01931356331053348 0.080970493347845
v 0.19557727979723433 0.01983145426530776 0.08097632220554372
v 0.1954019257849992 0.020348010075975656 0.032200002292357414
v 0.19503780528430598 0.021376259865415484 0.032200002292357414
v 0.1954019257849992 0.020348010075975656 0.032200002292357414
v 0.1954019257849992 0.020348010075975656 0.08098228076295565
v 0.1954019257849992 0.020348010075975656 0.08098228076295565
v 0.1952221467237258 0.020862803496423124 0.08098836902008076
v 0.19503780528430598 0.021376259865415484 0.032200002292357414
v 0.1946557862231923 0.0223979979663136 0.032200002292357414
v 0.19503780528430598 0.021376259865415484 0.032200002292357414
v 0.19503780528430598 0.021376259865415484 0.08099457171812928
v 0.19503780528430598 0.021376259865415484 0.08099457171812928
v 0.19481633920933378 0.02197499570318008 0.08100198748996588
v 0.1946557862231923 0.0223979979663136 0.032200002292357414
v 0.19425600593076625 0.023412913480828093 0.032200002292357414
v 0.1946557862231923 0.0223979979663136 0.032200002292357414
v 0.1946557862231923 0.0223979979663136 0.08100733569578632
v 0.1946557862231923 0.0223979979663136 0.08100733569578632
v 0.19445820015423715 0.022906125202972763 0.08101388934599994
v 0.19425600593076625 0.023412913480828093 0.032200002292357414
v 0.19383857121855635 0.02442069741846577 0.032200002292357414
v 0.19425600593076625 0.023412913480828093 0.032200002292357414
v 0.19425600593076625 0.023412913480828093 0.08102055743713697
v 0.19425600593076625 0.023412913480828093 0.08102055743713697
v 0.1940499207158996 0.02391668242565427 0.08102824786718975
v 0.19383857121855635 0.02442069741846577 0.032200002292357414
v 0.1934036041568809 0.025421040788733435 0.032200002292357414
v 0.19383857121855635 0.02442069741846577 0.032200002292357414
v 0.19383857121855635 0.02442069741846577 0.08103421405399656
v 0.19383857121855635 0.02442069741846577 0.08103421405399656
v 0.1936233917649765 0.024921542397698965 0.08104119495032423
v 0.1934036041568809 0.025421040788733435 0.032200002292357414
v 0.19295125733363777 0.026413642230532792 0.032200002292357414
v 0.1934036041568809 0.025421040788733435 0.032200002292357414
v 0.1934036041568809 0.025421040788733435 0.08104828265818041
v 0.1934036041568809 0.025421040788733435 0.08104828265818041
v 0.1931797424519121 0.025918015757406838 0.08105546191877532
v 0.19295125733363777 0.026413642230532792 0.032200002292357414
v 0.19248163756035547 0.02739819847541682 0.032200002292357414
v 0.19295125733363777 0.026413642230532792 0.032200002292357414
v 0.19295125733363777 0.026413642230532792 0.08106274036150383
v 0.19295125733363777 0.026413642230532792 0.08106274036150383
v 0.1927187591536494 0.026906602230143423 0.08107010272757618
v 0.19248163756035547 0.02739819847541682 0.032200002292357414
v 0.19199492794251147 0.02837440816228722 0.032200002292357414
v 0.19248163756035547 0.02739819847541682 0.032200002292357414
v 0.19248182066583291 0.027397826542415755 0.08107879260836003
v 0.19248182066583291 0.027397826542415755 0.08107879260836003
v 0.19224024350592112 0.027887706173838085 0.08108511737672684
v 0.19199492794251147 0.02837440816228722 0.032200002292357414
v 0.19149123529163423 0.029341973744743143 0.032200002292357414
v 0.19199492794251147 0.02837440816228722 0.032200002292357414
v 0.19199492794251147 0.02837440816228722 0.08109274677162047
v 0.19199492794251147 0.02837440816228722 0.08109274677162047
v 0.19174503474216562 0.028859589993803798 0.08110046008985793
v 0.19149123529163423 0.029341973744743143 0.032200002292357414
v 0.19097074271320122 0.030300603398429903 0.032200002292357414
v 0.19149123529163423 0.029341973744743143 0.032200002292357414
v 0.19149123529163423 0.029341973744743143 0.08110824207264943
v 0.19149123529163423 0.029341973744743143 0.08110824207264943
v 0.19123294975690538 0.029822684750852056 0.08111610797878475
v 0.19097074271320122 0.030300603398429903 0.032200002292357414
v 0.19043360279511032 0.031250001484295374 0.032200002292357414
v 0.19097074271320122 0.030300603398429903 0.032200002292357414
v 0.19097074271320122 0.030300603398429903 0.08112404254947413
v 0.19097074271320122 0.030300603398429903 0.08112404254947413
v 0.19070412587924854 0.030776694805930725 0.08113205341411243
v 0.19043360279511032 0.031250001484295374 0.032200002292357414
v 0.1898799681252594 0.032189881900031046 0.032200002292357414
v 0.19043360279511032 0.031250001484295374 0.032200002292357414
v 0.19043360279511032 0.031250001484295374 0.081140117684515
v 0.19043360279511032 0.031250001484295374 0.081140117684515
v 0.19015873095588273 0.031721332149382574 0.0811482582488665
v 0.1898799681252594 0.032189881900031046 0.032200002292357414
v 0.1893100218091259 0.03311995472863096 0.032200002292357414
v 0.1898799681252594 0.032189881900031046 0.032200002292357414
v 0.1898799681252594 0.032189881900031046 0.08115645221898225
v 0.1898799681252594 0.032189881900031046 0.08115645221898225
v 0.18959693283349563 0.03265630877155037 0.08116470722425716
v 0.1893100218091259 0.03311995472863096 0.032200002292357414
v 0.1887239316933975 0.0340399414971815 0.032200002292357414
v 0.1893100218091259 0.03311995472863096 0.032200002292357414
v 0.1893100218091259 0.03311995472863096 0.08117300800590142
v 0.1893100218091259 0.03311995472863096 0.08117300800590142
v 0.18901891461756468 0.03358133475542815 0.08118137745209973
v 0.1887239316933975 0.0340399414971815 0.032200002292357414
v 0.18812186562476182 0.0349495599180716 0.032200002292357414
v 0.1887239316933975 0.0340399414971815 0.032200002292357414
v 0.1887239316933975 0.0340399414971815 0.08118978504527251
v 0.1887239316933975 0.0340399414971815 0.08118978504527251
v 0.18842482889598774 0.03449613735014847 0.08119823841481465
v 0.18812186562476182 0.0349495599180716 0.032200002292357414
v 0.18750402196748614 0.0358485277036902 0.032200002292357414
v 0.18812186562476182 0.0349495599180716 0.032200002292357414
v 0.18812160622533544 0.03494994520251373 0.08120759968234913
v 0.18812160622533544 0.03494994520251373 0.08120759968234913
v 0.18781487403303207 0.03540043045340282 0.08121527485361212
v 0.18750402196748614 0.0358485277036902 0.032200002292357414
v 0.18687058382704788 0.03673658163991347 0.032200002292357414
v 0.18750402196748614 0.0358485277036902 0.032200002292357414
v 0.1875034726510538 0.03584930590196935 0.08122587208311936
v 0.1875034726510538 0.03584930590196935 0.08122587208311936
v 0.1871892331341751 0.03629393940697503 0.08123246388030746
v 0.18687058382704788 0.03673658163991347 0.032200002292357414
v 0.1862217343089245 0.03761343943913034 0.032200002292357414
v 0.18687058382704788 0.03673658163991347 0.032200002292357414
v 0.18687058382704788 0.03673658163991347 0.08124110798472194
v 0.18687058382704788 0.03673658163991347 0.08124110798472194
v 0.18654808930489428 0.03717639718204382 0.08124978260671599
v 0.1862217343089245 0.03761343943913034 0.032200002292357414
v 0.185557687036173 0.038478845516611876 0.032200002292357414
v 0.1862217343089245 0.03761343943913034 0.032200002292357414
v 0.1862217343089245 0.03761343943913034 0.08125848011689472
v 0.1862217343089245 0.03761343943913034 0.08125848011689472
v 0.18589164090945684 0.038047529120393025 0.08126720051525814
v 0.185557687036173 0.038478845516611876 0.032200002292357414
v 0.18487864037306065 0.039332525214141906 0.032200002292357414
v 0.185557687036173 0.038478845516611876 0.032200002292357414
v 0.185557687036173 0.038478845516611876 0.08127594380180624
v 0.185557687036173 0.038478845516611876 0.08127594380180624
v 0.1852201015709198 0.03890707200789881 0.08128470234714412
v 0.18487864037306065 0.039332525214141906 0.032200002292357414
v 0.18418479268385465 0.04017422676168894 0.032200002292357414
v 0.18487864037306065 0.039332525214141906 0.032200002292357414
v 0.18487864037306065 0.039332525214141906 0.08129347615127179
v 0.18487864037306065 0.039332525214141906 0.08129347615127179
v 0.18458263510997772 0.03969578359321216 0.08130094532887265
v 0.18418479268385465 0.04017422676168894 0.032200002292357414
v 0.18347635759161204 0.0410036907598266 0.032200002292357414
v 0.18418479268385465 0.04017422676168894 0.032200002292357414
v 0.18418479268385465 0.04017422676168894 0.0813110619065016
v 0.18418479268385465 0.04017422676168894 0.0813110619065016
v 0.18387082782519212 0.04054540445265878 0.08131890492445225
v 0.18347635759161204 0.0410036907598266 0.032200002292357414
v 0.18275356397817963 0.04182066543852339 0.032200002292357414
v 0.1834590388652035 0.04102352718655003 0.08133122639720546
v 0.18277518568330817 0.04179701431435315 0.08134586720600633
v 0.18275356397817963 0.04182066543852339 0.032200002292357414
v 0.18347635759161204 0.0410036907598266 0.032200002292357414
v 0.1834590388652035 0.04102352718655003 0.08133122639720546
v 0.18201662546661443 0.042624899027747826 0.032200002292357414
v 0.18275356397817963 0.04182066543852339 0.032200002292357414
v 0.18277518568330817 0.04179701431435315 0.08134586720600633
v 0.18277518568330817 0.04179701431435315 0.08134586720600633
v 0.1823870478474898 0.04222417650505242 0.08135508351503783
v 0.18201662546661443 0.042624899027747826 0.032200002292357414
v 0.18126575567997347 0.043416151201560754 0.032200002292357414
v 0.18201662546661443 0.042624899027747826 0.032200002292357414
v 0.18201662546661443 0.042624899027747826 0.08136388020735018
v 0.18201662546661443 0.042624899027747826 0.08136388020735018
v 0.18164313606899182 0.04302192510861727 0.08137266164087274
v 0.18126575567997347 0.043416151201560754 0.032200002292357414
v 0.18050118350010355 0.04419417781932558 0.032200002292357414
v 0.18126575567997347 0.043416151201560754 0.032200002292357414
v 0.18126575567997347 0.043416151201560754 0.08138144307439531
v 0.18126575567997347 0.043416151201560754 0.08138144307439531
v 0.18088543034452617 0.04380656641175487 0.0813901939903383
v 0.18050118350010355 0.04419417781932558 0.032200002292357414
v 0.17972316832643107 0.044958738555103156 0.032200002292357414
v 0.18050118350010355 0.04419417781932558 0.032200002292357414
v 0.18050118350010355 0.04419417781932558 0.08139894490628129
v 0.18050118350010355 0.04419417781932558 0.08139894490628129
v 0.18014084717927756 0.04455174085510774 0.08140713887639704
v 0.17972316832643107 0.044958738555103156 0.032200002292357414
v 0.17893190852322324 0.04570960834174412 0.032200002292357414
v 0.17972316832643107 0.044958738555103156 0.032200002292357414
v 0.17972316832643107 0.044958738555103156 0.08141636281482344
v 0.17972316832643107 0.044958738555103156 0.08141636281482344
v 0.1793289269746978 0.04533614183230619 0.08142504506621238
v 0.17893190852322324 0.04570960834174412 0.032200002292357414
v 0.17812767874869626 0.04644655448270421 0.032200002292357414
v 0.17893190852322324 0.04570960834174412 0.032200002292357414
v 0.17893190852322324 0.04570960834174412 0.08143368917062686
v 0.17893190852322324 0.04570960834174412 0.08143368917062686
v 0.1785311821858304 0.04608004598140927 0.08144231038685666
v 0.17812767874869626 0.04644655448270421 0.032200002292357414
v 0.1773107078846969 0.04716935191083407 0.032200002292357414
v 0.17812767874869626 0.04644655448270421 0.032200002292357414
v 0.17812767874869626 0.04644655448270421 0.08145089345611199
v 0.17812767874869626 0.04644655448270421 0.08145089345611199
v 0.17772057423717233 0.04680991204390808 0.08145944600778775
v 0.1773107078846969 0.04716935191083407 0.032200002292357414
v 0.1764812400718618 0.04787777937368179 0.032200002292357414
v 0.1773107078846969 0.04716935191083407 0.032200002292357414
v 0.1773107078846969 0.04716935191083407 0.08146796041248903
v 0.1773107078846969 0.04716935191083407 0.08146796041248903
v 0.17685469895190484 0.047562250489066066 0.08147737508578777
v 0.1764812400718618 0.04787777937368179 0.032200002292357414
v 0.17563953470961732 0.048571623248190345 0.032200002292357414
v 0.1764812400718618 0.04787777937368179 0.032200002292357414
v 0.1764812400718618 0.04787777937368179 0.08148486715157331
v 0.1764812400718618 0.04787777937368179 0.08148486715157331
v 0.17606176068182042 0.04822665634337756 0.0814932594859563
v 0.17563953470961732 0.048571623248190345 0.032200002292357414
v 0.17478585119738985 0.04925067372600015 0.032200002292357414
v 0.17563953470961732 0.048571623248190345 0.032200002292357414
v 0.17563953470961732 0.048571623248190345 0.08150159841457504
v 0.17563953470961732 0.048571623248190345 0.08150159841457504
v 0.17521407387397933 0.04891309970483929 0.0815098991962193
v 0.17478585119738985 0.04925067372600015 0.032200002292357414
v 0.17392044893460576 0.04991472099875164 0.032200002292357414
v 0.17478585119738985 0.04925067372600015 0.032200002292357414
v 0.17478585119738985 0.04925067372600015 0.08151813894270442
v 0.17478585119738985 0.04925067372600015 0.08151813894270442
v 0.17435453098647355 0.04958464667277122 0.08152633291282017
v 0.17392044893460576 0.04991472099875164 0.032200002292357414
v 0.17304358732069144 0.05056356288748013 0.032200002292357414
v 0.17392044893460576 0.04991472099875164 0.032200002292357414
v 0.17392044893460576 0.04991472099875164 0.08153447347717167
v 0.17392044893460576 0.04991472099875164 0.08153447347717167
v 0.17348339141872945 0.05024109125351121 0.08154255300636402
v 0.17304358732069144 0.05056356288748013 0.032200002292357414
v 0.17215554101386307 0.051197004842615836 0.032200002292357414
v 0.17304358732069144 0.05056356288748013 0.032200002292357414
v 0.17304358732069144 0.05056356288748013 0.08155057150039723
v 0.17304358732069144 0.05056356288748013 0.08155057150039723
v 0.17260092982896322 0.05088223126809458 0.08155852895927128
v 0.17215554101386307 0.051197004842615836 0.032200002292357414
v 0.17125656941354703 0.05181485231458897 0.032200002292357414
v 0.17215554101386307 0.051197004842615836 0.032200002292357414
v 0.17215554101386307 0.051197004842615836 0.08156642538298618
v 0.17215554101386307 0.051197004842615836 0.08156642538298618
v 0.171707420875391 0.051507875981649 0.08157425314214704
v 0.17125656941354703 0.05181485231458897 0.032200002292357414
v 0.17034696243674927 0.052416914568527186 0.032200002292357414
v 0.17125656941354703 0.05181485231458897 0.032200002292357414
v 0.17125656941354703 0.05181485231458897 0.08158201986614876
v 0.17125656941354703 0.05181485231458897 0.08158201986614876
v 0.170803139216229 0.052117830844604675 0.08158971029620153
v 0.17034696243674927 0.052416914568527186 0.032200002292357414
v 0.16942696422410639 0.05300300849895304 0.032200002292357414
v 0.17034696243674927 0.052416914568527186 0.032200002292357414
v 0.17034696243674927 0.052416914568527186 0.08159733969109516
v 0.17034696243674927 0.052416914568527186 0.08159733969109516
v 0.16988832899211379 0.05271190893678671 0.08160488516264496
v 0.16942696422410639 0.05300300849895304 0.032200002292357414
v 0.16849689521020392 0.053572958629783986 0.032200002292357414
v 0.16942696422410639 0.05300300849895304 0.032200002292357414
v 0.16942696422410639 0.05300300849895304 0.08161236196964071
v 0.16942696422410639 0.05300300849895304 0.08161236196964071
v 0.1689632953788411 0.05328993478211256 0.08161975485329263
v 0.16849689521020392 0.053572958629783986 0.032200002292357414
v 0.16755701479446825 0.05412658948493746 0.032200002292357414
v 0.16849689521020392 0.053572958629783986 0.032200002292357414
v 0.16849689521020392 0.053572958629783986 0.08162707907239052
v 0.16849689521020392 0.053572958629783986 0.08162707907239052
v 0.16802832829341693 0.053851729089802215 0.08163431173874967
v 0.16755701479446825 0.05412658948493746 0.032200002292357414
v 0.16660761289390533 0.05466373321772581 0.032200002292357414
v 0.16755701479446825 0.05412658948493746 0.032200002292357414
v 0.16755701479446825 0.05412658948493746 0.0816414681111599
v 0.16755701479446825 0.05412658948493746 0.0816414681111599
v 0.16708368713526764 0.054397120198470574 0.0816485329308314
v 0.16660761289390533 0.05466373321772581 0.032200002292357414
v 0.1656489946843109 0.055184225796158816 0.032200002292357414
v 0.16660761289390533 0.05466373321772581 0.032200002292357414
v 0.16660761289390533 0.05466373321772581 0.08165552145655396
v 0.16660761289390533 0.05466373321772581 0.08165552145655396
v 0.16612967708018897 0.054925940261429974 0.0816624184295378
v 0.1656489946843109 0.055184225796158816 0.032200002292357414
v 0.16468141956511137 0.05568791081764116 0.032200002292357414
v 0.1656489946843109 0.055184225796158816 0.032200002292357414
v 0.1656489946843109 0.055184225796158816 0.0816692314791778
v 0.1656489946843109 0.055184225796158816 0.0816692314791778
v 0.16516658804518689 0.0554380328760851 0.0816759453466842
v 0.16468141956511137 0.05568791081764116 0.032200002292357414
v 0.16370520797089225 0.05617463187957753 0.032200002292357414
v 0.16468141956511137 0.05568791081764116 0.032200002292357414
v 0.16468141956511137 0.05568791081764116 0.08168257529084676
v 0.16468141956511137 0.05568791081764116 0.08168257529084676
v 0.16419469468847755 0.055933241639840627 0.0816891060528757
v 0.16370520797089225 0.05617463187957753 0.032200002292357414
v 0.1627206498186595 0.056644240208767495 0.032200002292357414
v 0.16370520797089225 0.05617463187957753 0.032200002292357414
v 0.163704795983568 0.05617483405854221 0.08169637686620933
v 0.163704795983568 0.05617483405854221 0.08169637686620933
v 0.16321407330400992 0.056411524591024644 0.08170187765992763
v 0.1627206498186595 0.056644240208767495 0.032200002292357414
v 0.16172805028420886 0.05709659466140552 0.032200002292357414
v 0.1627206498186595 0.056644240208767495 0.032200002292357414
v 0.1627206498186595 0.056644240208767495 0.08170811850495062
v 0.1627206498186595 0.056644240208767495 0.08170811850495062
v 0.16222501380878993 0.056872732956436724 0.08171426779723488
v 0.16172805028420886 0.05709659466140552 0.032200002292357414
v 0.1607277145433361 0.057531557908383525 0.032200002292357414
v 0.16172805028420886 0.05709659466140552 0.032200002292357414
v 0.16172805028420886 0.05709659466140552 0.08172030264859574
v 0.16172805028420886 0.05709659466140552 0.08172030264859574
v 0.16122853854173333 0.05731638608419857 0.08172623831782298
v 0.1607277145433361 0.057531557908383525 0.032200002292357414
v 0.15971993251304714 0.05794899262059342 0.032200002292357414
v 0.1607277145433361 0.057531557908383525 0.032200002292357414
v 0.1607277145433361 0.057531557908383525 0.08173206717552171
v 0.1607277145433361 0.057531557908383525 0.08173206717552171
v 0.16022446439736268 0.057742583156443796 0.08173779685108683
v 0.15971993251304714 0.05794899262059342 0.032200002292357414
v 0.15870500936913776 0.05834878054241436 0.032200002292357414
v 0.15971993251304714 0.05794899262059342 0.032200002292357414
v 0.15971993251304714 0.05794899262059342 0.08174341971512343
v 0.15971993251304714 0.05794899262059342 0.08174341971512343
v 0.1592131118102635 0.05815118684406432 0.08174892813823663
v 0.15870500936913776 0.05834878054241436 0.032200002292357414
v 0.1592131118102635 0.05815118684406432 0.08174892813823663
v 0.15873952475163652 0.058335844903372215 0.08175384146854812
v 0.15870500936913776 0.05834878054241436 0.032200002292357414
v 0.15768328080498326 0.058730791974133154 0.032200002292357414
v 0.15870500936913776 0.05834878054241436 0.032200002292357414
v 0.15873952475163652 0.058335844903372215 0.08175384146854812
v 0.15873952475163652 0.058335844903372215 0.08175384146854812
v 0.15819478595623157 0.058542082706136735 0.0817596245498775
v 0.15768328080498326 0.058730791974133154 0.032200002292357414
v 0.1566550214787998 0.059094912474826386 0.032200002292357414
v 0.15768328080498326 0.058730791974133154 0.032200002292357414
v 0.15768328080498326 0.058730791974133154 0.08176480490901027
v 0.15768328080498326 0.058730791974133154 0.08176480490901027
v 0.1571697920110626 0.05891514867234275 0.08176987082721963
v 0.1566550214787998 0.059094912474826386 0.032200002292357414
v 0.15562058234275253 0.05944103523296555 0.032200002292357414
v 0.1566550214787998 0.059094912474826386 0.032200002292357414
v 0.1566550214787998 0.059094912474826386 0.0817748223045056
v 0.1566550214787998 0.059094912474826386 0.0817748223045056
v 0.15609127023131994 0.059286269142850886 0.08178010947516688
v 0.15562058234275253 0.05944103523296555 0.032200002292357414
v 0.15458025331384737 0.059769049622324696 0.032200002292357414
v 0.15509117863108376 0.059610495537645344 0.0817890740141669
v 0.15460288209910186 0.05976231668133107 0.08179311759346052
v 0.15458025331384737 0.059769049622324696 0.032200002292357414
v 0.15562058234275253 0.05944103523296555 0.032200002292357414
v 0.15562058234275253 0.05944103523296555 0.0817843895657022
v 0.15562058234275253 0.05944103523296555 0.0817843895657022
v 0.15509117863108376 0.059610495537645344 0.0817890740141669
v 0.15458025331384737 0.059769049622324696 0.032200002292357414
v 0.15353435482666986 0.060078860275467647 0.032200002292357414
v 0.15458025331384737 0.059769049622324696 0.032200002292357414
v 0.15460288209910186 0.05976231668133107 0.08179311759346052
v 0.15460288209910186 0.05976231668133107 0.08179311759346052
v 0.15405794493942968 0.05992624567471298 0.08179784781829456
v 0.15353435482666986 0.060078860275467647 0.032200002292357414
v 0.15248320731580553 0.060370368010260786 0.032200002292357414
v 0.15353435482666986 0.060078860275467647 0.032200002292357414
v 0.15353435482666986 0.060078860275467647 0.08180208976185542
v 0.15353435482666986 0.060078860275467647 0.08180208976185542
v 0.15300942194040876 0.06022690486868103 0.08180621726449287
v 0.15248320731580553 0.060370368010260786 0.032200002292357414
v 0.15142713121583992 0.06064348508866284 0.032200002292357414
v 0.15248320731580553 0.060370368010260786 0.032200002292357414
v 0.15248320731580553 0.060370368010260786 0.08181022269681203
v 0.15248320731580553 0.060370368010260786 0.08181022269681203
v 0.15195581776438868 0.06050921918262735 0.08181410605881288
v 0.15142713121583992 0.06064348508866284 0.032200002292357414
v 0.15036646222014835 0.06089813140202742 0.032200002292357414
v 0.15127112534905504 0.060682803175247144 0.08181888206001629
v 0.1508974375871652 0.060773100878510664 0.08182149894246481
v 0.15127112534905504 0.060682803175247144 0.08181888206001629
v 0.15036646222014835 0.06089813140202742 0.032200002292357414
v 0.15142713121583992 0.06064348508866284 0.032200002292357414
v 0.14930149024573677 0.06113422684170815 0.032200002292357414
v 0.15036646222014835 0.06089813140202742 0.032200002292357414
v 0.15036646222014835 0.06089813140202742 0.08182500083472098
v 0.15036646222014835 0.06089813140202742 0.08182500083472098
v 0.14983461710211363 0.06101847366238204 0.08182838065665886
v 0.14930149024573677 0.06113422684170815 0.032200002292357414
v 0.14823258150356008 0.06135170274315098 0.032200002292357414
v 0.14930149024573677 0.06113422684170815 0.032200002292357414
v 0.14930149024573677 0.06113422684170815 0.08183163840827844
v 0.14930149024573677 0.06113422684170815 0.08183163840827844
v 0.1487676767438195 0.061245261240292545 0.08183476646018482
v 0.14823258150356008 0.06135170274315098 0.032200002292357414
v 0.14823258150356008 0.06135170274315098 0.032200002292357414
v 0.1482331765963618 0.061351588302227575 0.08184027488329802
v 0.14769695220565812 0.06145339494768813 0.08184063346485802
v 0.14769695220565812 0.06145339494768813 0.08184063346485802
v 0.14716002591062424 0.061550486627104425 0.032200002292357414
v 0.14823258150356008 0.06135170274315098 0.032200002292357414
v 0.14716002591062424 0.061550486627104425 0.032200002292357414
v 0.14716094143801148 0.06155032640981166 0.08184660728105973
v 0.14662274866342526 0.0616428099347122 0.08184598930007335
v 0.14662274866342526 0.0616428099347122 0.08184598930007335
v 0.14608417441909435 0.06173052508780423 0.032200002292357414
v 0.14716002591062424 0.061550486627104425 0.032200002292357414
v 0.14608417441909435 0.06173052508780423 0.032200002292357414
v 0.14608417441909435 0.06173052508780423 0.08184846885341378
v 0.14554540181049622 0.06181344898090306 0.08185081870704101
v 0.14554540181049622 0.06181344898090306 0.08185081870704101
v 0.14500533220476616 0.061891757090091246 0.032200002292357414
v 0.14608417441909435 0.06173052508780423 0.032200002292357414
v 0.14554540181049622 0.06181344898090306 0.08185081870704101
v 0.14508101580211094 0.06188140018652315 0.08185273368515932
v 0.14500533220476616 0.061891757090091246 0.032200002292357414
v 0.14500533220476616 0.061891757090091246 0.032200002292357414
v 0.14508101580211094 0.06188140018652315 0.08185273368515932
v 0.14435349196384448 0.061979769789584124 0.08185553367308528
v 0.14435349196384448 0.061979769789584124 0.08185553367308528
v 0.14392385021980478 0.06203413685759611 0.032200002292357414
v 0.14500533220476616 0.061891757090091246 0.032200002292357414
v 0.14392385021980478 0.06203413685759611 0.032200002292357414
v 0.14392385021980478 0.06203413685759611 0.08185707481085379
v 0.1433404609098687 0.06210306844046003 0.08185918815323932
v 0.1433404609098687 0.06210306844046003 0.08185918815323932
v 0.14284004889879573 0.062157622428646905 0.032200002292357414
v 0.14392385021980478 0.06203413685759611 0.032200002292357414
v 0.14175424867632455 0.06226217184157172 0.032200002292357414
v 0.1422788916455797 0.06221403798918783 0.08186218650543252
v 0.14207923038121348 0.06223288259457509 0.08186272056307507
v 0.14284004889879573 0.062157622428646905 0.032200002292357414
v 0.14284004889879573 0.062157622428646905 0.08186058433250486
v 0.1422788916455797 0.06221403798918783 0.08186218650543252
v 0.1422788916455797 0.06221403798918783 0.08186218650543252
v 0.14175424867632455 0.06226217184157172 0.032200002292357414
v 0.14284004889879573 0.062157622428646905 0.032200002292357414
v 0.14175424867632455 0.06226217184157172 0.032200002292357414
v 0.14175424867632455 0.06226217184157172 0.08186355216711848
v 0.14121056273741492 0.06230734930343433 0.08186503989912274
v 0.14121056273741492 0.06230734930343433 0.08186503989912274
v 0.14066680050455635 0.06234775457879098 0.032200002292357414
v 0.14175424867632455 0.06226217184157172 0.032200002292357414
v 0.14066680050455635 0.06234775457879098 0.032200002292357414
v 0.14066680050455635 0.06234775457879098 0.08186599357348444
v 0.14012224481462884 0.062383444888103365 0.08186700828300529
v 0.14012224481462884 0.062383444888103365 0.08186700828300529
v 0.13957800955928687 0.06241434775212 0.032200002292357414
v 0.14066680050455635 0.06234775457879098 0.032200002292357414
v 0.13957800955928687 0.06241434775212 0.032200002292357414
v 0.13957800955928687 0.06241434775212 0.08186788566341806
v 0.13903296558808617 0.06244052802069748 0.08186863334411763
v 0.13903296558808617 0.06244052802069748 0.08186863334411763
v 0.13848822679268122 0.062461928473374104 0.032200002292357414
v 0.13957800955928687 0.06241434775212 0.032200002292357414
v 0.13848822679268122 0.062461928473374104 0.032200002292357414
v 0.13848763169987952 0.062461951361558785 0.08187088401561125
v 0.137942862386895 0.062478591071821785 0.08186971671819253
v 0.137942862386895 0.062478591071821785 0.08186971671819253
v 0.13739778789811471 0.06249048529846095 0.032200002292357414
v 0.13848822679268122 0.062461928473374104 0.032200002292357414
v 0.13739778789811471 0.06249048529846095 0.032200002292357414
v 0.13739778789811471 0.06249048529846095 0.08187006004096274
v 0.13685225564564082 0.062497626412081383 0.08187025840522998
v 0.13685225564564082 0.062497626412081383 0.08187025840522998
v 0.1363070133101729 0.06250000296859075 0.032200002292357414
v 0.13739778789811471 0.06249048529846095 0.032200002292357414
v 0.13685225564564082 0.062497626412081383 0.08187025840522998
v 0.1363070133101729 0.06250000296859075 0.08187032706978402
v 0.1363070133101729 0.06250000296859075 0.032200002292357414
v 0.137942862386895 0.062478591071821785 0.08186971671819253
v 0.13739778789811471 0.06249048529846095 0.08187006004096274
v 0.13739778789811471 0.06249048529846095 0.032200002292357414
v 0.13903296558808617 0.06244052802069748 0.08186863334411763
v 0.13848763169987952 0.062461951361558785 0.08187088401561125
v 0.13848822679268122 0.062461928473374104 0.032200002292357414
v 0.14012224481462884 0.062383444888103365 0.08186700828300529
v 0.13957800955928687 0.06241434775212 0.08186788566341806
v 0.13957800955928687 0.06241434775212 0.032200002292357414
v 0.14121056273741492 0.06230734930343433 0.08186503989912274
v 0.14066680050455635 0.06234775457879098 0.08186599357348444
v 0.14066680050455635 0.06234775457879098 0.032200002292357414
v 0.14207923038121348 0.06223288259457509 0.08186272056307507
v 0.14175424867632455 0.06226217184157172 0.08186355216711848
v 0.14175424867632455 0.06226217184157172 0.032200002292357414
v 0.1433404609098687 0.06210306844046003 0.08185918815323932
v 0.14284004889879573 0.062157622428646905 0.08186058433250486
v 0.14284004889879573 0.062157622428646905 0.032200002292357414
v 0.14435349196384448 0.061979769789584124 0.08185553367308528
v 0.14392385021980478 0.06203413685759611 0.08185707481085379
v 0.14392385021980478 0.06203413685759611 0.032200002292357414
v 0.14662274866342526 0.0616428099347122 0.08184598930007335
v 0.14608417441909435 0.06173052508780423 0.08184846885341378
v 0.14608417441909435 0.06173052508780423 0.032200002292357414
v 0.14769695220565812 0.06145339494768813 0.08184063346485802
v 0.14716094143801148 0.06155032640981166 0.08184660728105973
v 0.14716002591062424 0.061550486627104425 0.032200002292357414
v 0.1487676767438195 0.061245261240292545 0.08183476646018482
v 0.1482331765963618 0.061351588302227575 0.08184027488329802
v 0.14823258150356008 0.06135170274315098 0.032200002292357414
v 0.14983461710211363 0.06101847366238204 0.08182838065665886
v 0.14930149024573677 0.06113422684170815 0.08183163840827844
v 0.14930149024573677 0.06113422684170815 0.032200002292357414
v 0.1508974375871652 0.060773100878510664 0.08182149894246481
v 0.15036646222014835 0.06089813140202742 0.08182500083472098
v 0.15036646222014835 0.06089813140202742 0.032200002292357414
v 0.15195581776438868 0.06050921918262735 0.08181410605881288
v 0.15127112534905504 0.060682803175247144 0.08181888206001629
v 0.15142713121583992 0.06064348508866284 0.032200002292357414
v 0.15300942194040876 0.06022690486868103 0.08180621726449287
v 0.15248320731580553 0.060370368010260786 0.08181022269681203
v 0.15248320731580553 0.060370368010260786 0.032200002292357414
v 0.15405794493942968 0.05992624567471298 0.08179784781829456
v 0.15353435482666986 0.060078860275467647 0.08180208976185542
v 0.15353435482666986 0.060078860275467647 0.032200002292357414
v 0.15609127023131994 0.059286269142850886 0.08178010947516688
v 0.15562058234275253 0.05944103523296555 0.0817843895657022
v 0.15562058234275253 0.05944103523296555 0.032200002292357414
v 0.1571697920110626 0.05891514867234275 0.08176987082721963
v 0.1566550214787998 0.059094912474826386 0.0817748223045056
v 0.1566550214787998 0.059094912474826386 0.032200002292357414
v 0.15819478595623157 0.058542082706136735 0.0817596245498775
v 0.15768328080498326 0.058730791974133154 0.08176480490901027
v 0.15768328080498326 0.058730791974133154 0.032200002292357414
v 0.16022446439736268 0.057742583156443796 0.08173779685108683
v 0.15971993251304714 0.05794899262059342 0.08174341971512343
v 0.15971993251304714 0.05794899262059342 0.032200002292357414
v 0.16122853854173333 0.05731638608419857 0.08172623831782298
v 0.1607277145433361 0.057531557908383525 0.08173206717552171
v 0.1607277145433361 0.057531557908383525 0.032200002292357414
v 0.16222501380878993 0.056872732956436724 0.08171426779723488
v 0.16172805028420886 0.05709659466140552 0.08172030264859574
v 0.16172805028420886 0.05709659466140552 0.032200002292357414
v 0.16321407330400992 0.056411524591024644 0.08170187765992763
v 0.1627206498186595 0.056644240208767495 0.08170811850495062
v 0.1627206498186595 0.056644240208767495 0.032200002292357414
v 0.16419469468847755 0.055933241639840627 0.0816891060528757
v 0.163704795983568 0.05617483405854221 0.08169637686620933
v 0.16370520797089225 0.05617463187957753 0.032200002292357414
v 0.16516658804518689 0.0554380328760851 0.0816759453466842
v 0.16468141956511137 0.05568791081764116 0.08168257529084676
v 0.16468141956511137 0.05568791081764116 0.032200002292357414
v 0.16612967708018897 0.054925940261429974 0.0816624184295378
v 0.1656489946843109 0.055184225796158816 0.0816692314791778
v 0.1656489946843109 0.055184225796158816 0.032200002292357414
v 0.16708368713526764 0.054397120198470574 0.0816485329308314
v 0.16660761289390533 0.05466373321772581 0.08165552145655396
v 0.16660761289390533 0.05466373321772581 0.032200002292357414
v 0.16802832829341693 0.053851729089802215 0.08163431173874967
v 0.16755701479446825 0.05412658948493746 0.0816414681111599
v 0.16755701479446825 0.05412658948493746 0.032200002292357414
v 0.1689632953788411 0.05328993478211256 0.08161975485329263
v 0.16849689521020392 0.053572958629783986 0.08162707907239052
v 0.16849689521020392 0.053572958629783986 0.032200002292357414
v 0.16988832899211379 0.05271190893678671 0.08160488516264496
v 0.16942696422410639 0.05300300849895304 0.08161236196964071
v 0.16942696422410639 0.05300300849895304 0.032200002292357414
v 0.170803139216229 0.052117830844604675 0.08158971029620153
v 0.17034696243674927 0.052416914568527186 0.08159733969109516
v 0.17034696243674927 0.052416914568527186 0.032200002292357414
v 0.171707420875391 0.051507875981649 0.08157425314214704
v 0.17125656941354703 0.05181485231458897 0.08158201986614876
v 0.17125656941354703 0.05181485231458897 0.032200002292357414
v 0.17260092982896322 0.05088223126809458 0.08155852895927128
v 0.17215554101386307 0.051197004842615836 0.08156642538298618
v 0.17215554101386307 0.051197004842615836 0.032200002292357414
v 0.17348339141872945 0.05024109125351121 0.08154255300636402
v 0.17304358732069144 0.05056356288748013 0.08155057150039723
v 0.17304358732069144 0.05056356288748013 0.032200002292357414
v 0.17435453098647355 0.04958464667277122 0.08152633291282017
v 0.17392044893460576 0.04991472099875164 0.08153447347717167
v 0.17392044893460576 0.04991472099875164 0.032200002292357414
v 0.17521407387397933 0.04891309970483929 0.0815098991962193
v 0.17478585119738985 0.04925067372600015 0.08151813894270442
v 0.17478585119738985 0.04925067372600015 0.032200002292357414
v 0.17606176068182042 0.04822665634337756 0.0814932594859563
v 0.17563953470961732 0.048571623248190345 0.08150159841457504
v 0.17563953470961732 0.048571623248190345 0.032200002292357414
v 0.17685469895190484 0.047562250489066066 0.08147737508578777
v 0.1764812400718618 0.04787777937368179 0.08148486715157331
v 0.1764812400718618 0.04787777937368179 0.032200002292357414
v 0.17772057423717233 0.04680991204390808 0.08145944600778775
v 0.1773107078846969 0.04716935191083407 0.08146796041248903
v 0.1773107078846969 0.04716935191083407 0.032200002292357414
v 0.1785311821858304 0.04608004598140927 0.08144231038685666
v 0.17812767874869626 0.04644655448270421 0.08145089345611199
v 0.17812767874869626 0.04644655448270421 0.032200002292357414
v 0.1793289269746978 0.04533614183230619 0.08142504506621238
v 0.17893190852322324 0.04570960834174412 0.08143368917062686
v 0.17893190852322324 0.04570960834174412 0.032200002292357414
v 0.18014084717927756 0.04455174085510774 0.08140713887639704
v 0.17972316832643107 0.044958738555103156 0.08141636281482344
v 0.17972316832643107 0.044958738555103156 0.032200002292357414
v 0.18088543034452617 0.04380656641175487 0.0813901939903383
v 0.18050118350010355 0.04419417781932558 0.08139894490628129
v 0.18050118350010355 0.04419417781932558 0.032200002292357414
v 0.18164313606899182 0.04302192510861727 0.08137266164087274
v 0.18126575567997347 0.043416151201560754 0.08138144307439531
v 0.18126575567997347 0.043416151201560754 0.032200002292357414
v 0.1823870478474898 0.04222417650505242 0.08135508351503783
v 0.18201662546661443 0.042624899027747826 0.08136388020735018
v 0.18201662546661443 0.042624899027747826 0.032200002292357414
v 0.18387082782519212 0.04054540445265878 0.08131890492445225
v 0.1834590388652035 0.04102352718655003 0.08133122639720546
v 0.18347635759161204 0.0410036907598266 0.032200002292357414
v 0.18458263510997772 0.03969578359321216 0.08130094532887265
v 0.18418479268385465 0.04017422676168894 0.0813110619065016
v 0.18418479268385465 0.04017422676168894 0.032200002292357414
v 0.1852201015709198 0.03890707200789881 0.08128470234714412
v 0.18487864037306065 0.039332525214141906 0.08129347615127179
v 0.18487864037306065 0.039332525214141906 0.032200002292357414
v 0.18589164090945684 0.038047529120393025 0.08126720051525814
v 0.185557687036173 0.038478845516611876 0.08127594380180624
v 0.185557687036173 0.038478845516611876 0.032200002292357414
v 0.18654808930489428 0.03717639718204382 0.08124978260671599
v 0.1862217343089245 0.03761343943913034 0.08125848011689472
v 0.1862217343089245 0.03761343943913034 0.032200002292357414
v 0.1871892331341751 0.03629393940697503 0.08123246388030746
v 0.18687058382704788 0.03673658163991347 0.08124110798472194
v 0.18687058382704788 0.03673658163991347 0.032200002292357414
v 0.18781487403303207 0.03540043045340282 0.08121527485361212
v 0.1875034726510538 0.03584930590196935 0.08122587208311936
v 0.18750402196748614 0.0358485277036902 0.032200002292357414
v 0.18842482889598774 0.03449613735014847 0.08119823841481465
v 0.18812160622533544 0.03494994520251373 0.08120759968234913
v 0.18812186562476182 0.0349495599180716 0.032200002292357414
v 0.18901891461756468 0.03358133475542815 0.08118137745209973
v 0.1887239316933975 0.0340399414971815 0.08118978504527251
v 0.1887239316933975 0.0340399414971815 0.032200002292357414
v 0.18959693283349563 0.03265630877155037 0.08116470722425716
v 0.1893100218091259 0.03311995472863096 0.08117300800590142
v 0.1893100218091259 0.03311995472863096 0.032200002292357414
v 0.19015873095588273 0.031721332149382574 0.0811482582488665
v 0.1898799681252594 0.032189881900031046 0.08115645221898225
v 0.1898799681252594 0.032189881900031046 0.032200002292357414
v 0.19070412587924854 0.030776694805930725 0.08113205341411243
v 0.19043360279511032 0.031250001484295374 0.081140117684515
v 0.19043360279511032 0.031250001484295374 0.032200002292357414
v 0.19123294975690538 0.029822684750852056 0.08111610797878475
v 0.19097074271320122 0.030300603398429903 0.08112404254947413
v 0.19097074271320122 0.030300603398429903 0.032200002292357414
v 0.19174503474216562 0.028859589993803798 0.08110046008985793
v 0.19149123529163423 0.029341973744743143 0.08110824207264943
v 0.19149123529163423 0.029341973744743143 0.032200002292357414
v 0.19224024350592112 0.027887706173838085 0.08108511737672684
v 0.19199492794251147 0.02837440816228722 0.08109274677162047
v 0.19199492794251147 0.02837440816228722 0.032200002292357414
v 0.1927187591536494 0.026906602230143423 0.08107010272757618
v 0.19248182066583291 0.027397826542415755 0.08107879260836003
v 0.19248163756035547 0.02739819847541682 0.032200002292357414
v 0.1931797424519121 0.025918015757406838 0.08105546191877532
v 0.19295125733363777 0.026413642230532792 0.08106274036150383
v 0.19295125733363777 0.026413642230532792 0.032200002292357414
v 0.1936233917649765 0.024921542397698965 0.08104119495032423
v 0.1934036041568809 0.025421040788733435 0.08104828265818041
v 0.1934036041568809 0.025421040788733435 0.032200002292357414
v 0.1940499207158996 0.02391668242565427 0.08102824786718975
v 0.19383857121855635 0.02442069741846577 0.08103421405399656
v 0.19383857121855635 0.02442069741846577 0.032200002292357414
v 0.19445820015423715 0.022906125202972763 0.08101388934599994
v 0.19425600593076625 0.023412913480828093 0.08102055743713697
v 0.19425600593076625 0.023412913480828093 0.032200002292357414
v 0.19481633920933378 0.02197499570318008 0.08100198748996588
v 0.1946557862231923 0.0223979979663136 0.08100733569578632
v 0.1946557862231923 0.0223979979663136 0.032200002292357414
v 0.1952221467237258 0.020862803496423124 0.08098836902008076
v 0.19503780528430598 0.021376259865415484 0.08099457171812928
v 0.19503780528430598 0.021376259865415484 0.032200002292357414
v 0.19557727979723433 0.01983145426530776 0.08097632220554372
v 0.1954019257849992 0.020348010075975656 0.08098228076295565
v 0.1954019257849992 0.020348010075975656 0.032200002292357414
v 0.19591434646363476 0.01879406636813409 0.08096478656046456
v 0.19574805617253327 0.01931356331053348 0.080970493347845
v 0.19574805617253327 0.01931356331053348 0.032200002292357414
v 0.19623325517018836 0.01775095261009275 0.08095377734363306
v 0.19607605911780007 0.01827323237427959 0.08095921710219221
v 0.19607605911780007 0.01827323237427959 0.032200002292357414
v 0.1965339143641564 0.016702431518420557 0.080943309813839
v 0.19638587358564047 0.017227335794450804 0.08094847491418199
v 0.19638587358564047 0.017227335794450804 0.032200002292357414
v 0.19681623249280017 0.015648823527703037 0.08093340685926707
v 0.19667737750573616 0.0161761901909352 0.080938289671999
v 0.19667737750573616 0.0161761901909352 0.032200002292357414
v 0.19708010274459115 0.014590449072525722 0.08092408373870706
v 0.1969504945841382 0.015120118859341402 0.08092866900503813
v 0.1969504945841382 0.015120118859341402 0.032200002292357414
v 0.19732528097889274 0.013528515504630531 0.08091617205620237
v 0.1972051485268977 0.014059441280580573 0.08091963580148408
v 0.1972051485268977 0.014059441280580573 0.032200002292357414
v 0.19755227073576792 0.012460692043877461 0.08090723040538704
v 0.19744124778127586 0.012994481703935698 0.08091121294952151
v 0.19744124778127586 0.012994481703935698 0.032200002292357414
v 0.19781371483998272 0.011102544358214124 0.08089804461393511
v 0.1976587160533238 0.01192556247134103 0.08090340044915044
v 0.1976587160533238 0.01192556247134103 0.032200002292357414
v 0.19794982324488503 0.010315755380413967 0.08089287188419723
v 0.19781371483998272 0.011102544358214124 0.08089804461393511
v 0.19785750756667214 0.010853011646776996 0.032200002292357414
v 0.19812046229107588 0.00923841138850801 0.08088666155675382
v 0.19803753076858216 0.009777154433200937 0.0808896827971317
v 0.19803753076858216 0.009777154433200937 0.032200002292357414
v 0.19827227199066927 0.00815825310356067 0.08088111498666616
v 0.19819877040026407 0.008698318894593276 0.0808838081630636
v 0.19819877040026407 0.008698318894593276 0.032200002292357414
v 0.19840528286124476 0.00707503352391226 0.08087623980332913
v 0.19834115016776893 0.0076168345254459865 0.08087858965695637
v 0.19834115016776893 0.0076168345254459865 0.032200002292357414
v 0.1985193117973249 0.005990003870325337 0.08087204363613763
v 0.19846463955351717 0.006533029389739491 0.08087405779638955
v 0.19846463955351717 0.006533029389739491 0.032200002292357414
v 0.1986143740576995 0.004903379673205647 0.08086853411448656
v 0.19856919278113944 0.005447234412477301 0.08087020495196827
v 0.19856919278113944 0.005447234412477301 0.032200002292357414
v 0.19869045438357874 0.0038152615451983478 0.08086571886777082
v 0.19865476407426635 0.0043597800418257475 0.08086703875308741
v 0.19865476407426635 0.0043597800418257475 0.032200002292357414
v 0.19874753751617286 0.0027259811265627227 0.08086360552538528
v 0.19872136869168772 0.003270997441206932 0.08086457445853677
v 0.19872136869168772 0.003270997441206932 0.032200002292357414
v 0.19878559293790227 0.0016366200032342387 0.08086265948041847
v 0.1987689150806648 0.0021821147047801372 0.08086241533978188
v 0.19876894559824437 0.002181218727717317 0.032200002292357414
v 0.19880463590755676 0.0005452612301412241 0.08086148455360485
v 0.19879749479393632 0.00109077542240689 0.08086175158242613
v 0.19879749479393632 0.00109077542240689 0.032200002292357414
v 0.19880463590755676 -0.0005455140730563707 0.08086148455360485
v 0.19880701627876357 1.5644958054547044e-06 0.08086199572306273
v 0.19880701627876357 0.0 0.032200002292357414
v 0.19878559293790227 -0.001636870938800662 0.08086252215131039
v 0.19879749479393632 -0.00109077542240689 0.08086175158242613
v 0.19879749479393632 -0.00109077542240689 0.032200002292357414
v 0.19874752225738307 -0.002726234327105755 0.08086360552538528
v 0.19876896085703416 -0.002180916412944657 0.08086252215131039
v 0.19876894559824437 -0.002181218727717317 0.032200002292357414
v 0.19869043912478895 -0.00381551474574138 0.08086571886777082
v 0.19872136869168772 -0.003270997441206932 0.08086457445853677
v 0.19872136869168772 -0.003270997441206932 0.032200002292357414
v 0.1986143587989097 -0.00490363335058586 0.08086853411448656
v 0.19865476407426635 -0.0043597800418257475 0.08086703875308741
v 0.19865476407426635 -0.0043597800418257475 0.032200002292357414
v 0.19851928127974533 -0.005990258024542731 0.08087204363613763
v 0.19856919278113944 -0.005447234412477301 0.08087020495196827
v 0.19856919278113944 -0.005447234412477301 0.032200002292357414
v 0.19840526760245497 -0.007075058319445664 0.08087623980332913
v 0.19846463955351717 -0.006533029389739491 0.08087405779638955
v 0.19846463955351717 -0.006533029389739491 0.032200002292357414
v 0.1982723482846182 -0.008157703787128328 0.08088111498666616
v 0.19834115016776893 -0.0076168345254459865 0.08087858965695637
v 0.19834115016776893 -0.0076168345254459865 0.032200002292357414
v 0.19812053858502482 -0.009237863979424393 0.08088666155675382
v 0.19819877040026407 -0.008698318894593276 0.0808838081630636
v 0.19819877040026407 -0.008698318894593276 0.032200002292357414
v 0.19803753076858216 -0.009777154433200937 0.0808896827971317
v 0.19803753076858216 -0.009777154433200937 0.032200002292357414
v 0.19785750756667214 -0.010853011646776996 0.032200002292357414
v 0.19785750756667214 -0.010853011646776996 0.08089622118855554
v 0.19785750756667214 -0.010853011646776996 0.032200002292357414
v 0.1976587160533238 -0.01192556247134103 0.032200002292357414
v 0.1976587160533238 -0.01192556247134103 0.08090340044915044
v 0.1976587160533238 -0.01192556247134103 0.032200002292357414
v 0.19744124778127586 -0.012994481703935698 0.032200002292357414
v 0.19744124778127586 -0.012994481703935698 0.08091121294952151
v 0.19744124778127586 -0.012994481703935698 0.032200002292357414
v 0.1972051485268977 -0.014059441280580573 0.032200002292357414
v 0.1972051485268977 -0.014059441280580573 0.08091963580148408
v 0.1972051485268977 -0.014059441280580573 0.032200002292357414
v 0.1969504945841382 -0.015120118859341402 0.032200002292357414
v 0.1969504945841382 -0.015120118859341402 0.08092866900503813
v 0.1969504945841382 -0.015120118859341402 0.032200002292357414
v 0.19667737750573616 -0.0161761901909352 0.032200002292357414
v 0.19667737750573616 -0.0161761901909352 0.080938289671999
v 0.19667737750573616 -0.0161761901909352 0.032200002292357414
v 0.19638587358564047 -0.017227335794450804 0.032200002292357414
v 0.19638587358564047 -0.017227335794450804 0.08094847491418199
v 0.19638587358564047 -0.017227335794450804 0.032200002292357414
v 0.19607605911780007 -0.01827323237427959 0.032200002292357414
v 0.19607605911780007 -0.01827323237427959 0.08095921710219221
v 0.19607605911780007 -0.01827323237427959 0.032200002292357414
v 0.19574805617253327 -0.01931356331053348 0.032200002292357414
v 0.19574805617253327 -0.01931356331053348 0.080970493347845
v 0.19574805617253327 -0.01931356331053348 0.032200002292357414
v 0.1954019257849992 -0.020348010075975656 0.032200002292357414
v 0.1954019257849992 -0.020348010075975656 0.08098228076295565
v 0.1954019257849992 -0.020348010075975656 0.032200002292357414
v 0.19503780528430598 -0.021376259865415484 0.032200002292357414
v 0.19503780528430598 -0.021376259865415484 0.08099457171812928
v 0.19503780528430598 -0.021376259865415484 0.032200002292357414
v 0.1946557862231923 -0.0223979979663136 0.032200002292357414
v 0.1946557862231923 -0.0223979979663136 0.08100733569578632
v 0.1946557862231923 -0.0223979979663136 0.032200002292357414
v 0.19425600593076625 -0.023412913480828093 0.032200002292357414
v 0.19425600593076625 -0.023412913480828093 0.08102055743713697
v 0.19425600593076625 -0.023412913480828093 0.032200002292357414
v 0.19383857121855635 -0.02442069741846577 0.032200002292357414
v 0.19383857121855635 -0.02442069741846577 0.08103421405399656
v 0.19383857121855635 -0.02442069741846577 0.032200002292357414
v 0.1934036041568809 -0.025421040788733435 0.032200002292357414
v 0.1934036041568809 -0.025421040788733435 0.08104828265818041
v 0.1934036041568809 -0.025421040788733435 0.032200002292357414
v 0.19295125733363777 -0.026413642230532792 0.032200002292357414
v 0.19295125733363777 -0.026413642230532792 0.08106274036150383
v 0.19295125733363777 -0.026413642230532792 0.032200002292357414
v 0.19248163756035547 -0.02739819847541682 0.032200002292357414
v 0.19248189695978185 -0.02739764534428703 0.0810787010556213
v 0.19248163756035547 -0.02739819847541682 0.032200002292357414
v 0.19199492794251147 -0.02837440816228722 0.032200002292357414
v 0.19199492794251147 -0.02837440816228722 0.08109274677162047
v 0.19199492794251147 -0.02837440816228722 0.032200002292357414
v 0.19149123529163423 -0.029341973744743143 0.032200002292357414
v 0.19149123529163423 -0.029341973744743143 0.08110824207264943
v 0.19149123529163423 -0.029341973744743143 0.032200002292357414
v 0.19097074271320122 -0.030300603398429903 0.032200002292357414
v 0.19097074271320122 -0.030300603398429903 0.08112404254947413
v 0.19097074271320122 -0.030300603398429903 0.032200002292357414
v 0.19043360279511032 -0.031250001484295374 0.032200002292357414
v 0.19043360279511032 -0.031250001484295374 0.081140117684515
v 0.19043360279511032 -0.031250001484295374 0.032200002292357414
v 0.1898799681252594 -0.032189881900031046 0.032200002292357414
v 0.1898799681252594 -0.032189881900031046 0.08115645221898225
v 0.1898799681252594 -0.032189881900031046 0.032200002292357414
v 0.1893100218091259 -0.03311995472863096 0.032200002292357414
v 0.1893100218091259 -0.03311995472863096 0.08117300800590142
v 0.1893100218091259 -0.03311995472863096 0.032200002292357414
v 0.1887239316933975 -0.0340399414971815 0.032200002292357414
v 0.1887239316933975 -0.0340399414971815 0.08118978504527251
v 0.1887239316933975 -0.0340399414971815 0.032200002292357414
v 0.18812186562476182 -0.0349495599180716 0.032200002292357414
v 0.18812186562476182 -0.0349495599180716 0.08120673756072615
v 0.18812186562476182 -0.0349495599180716 0.032200002292357414
v 0.18750402196748614 -0.0358485277036902 0.032200002292357414
v 0.1875035947213721 -0.0358491304258868 0.08122564320127255
v 0.18750402196748614 -0.0358485277036902 0.032200002292357414
v 0.18687058382704788 -0.03673658163991347 0.032200002292357414
v 0.18687058382704788 -0.03673658163991347 0.08124110798472194
v 0.18687058382704788 -0.03673658163991347 0.032200002292357414
v 0.1862217343089245 -0.03761343943913034 0.032200002292357414
v 0.1862217343089245 -0.03761343943913034 0.08125848011689472
v 0.1862217343089245 -0.03761343943913034 0.032200002292357414
v 0.185557687036173 -0.038478845516611876 0.032200002292357414
v 0.185557687036173 -0.038478845516611876 0.08127594380180624
v 0.185557687036173 -0.038478845516611876 0.032200002292357414
v 0.18487864037306065 -0.039332525214141906 0.032200002292357414
v 0.18418479268385465 -0.04017422676168894 0.0813110619065016
v 0.18418479268385465 -0.04017422676168894 0.032200002292357414
v 0.18347635759161204 -0.0410036907598266 0.032200002292357414
v 0.18347635759161204 -0.0410036907598266 0.08132867054991609
v 0.18347635759161204 -0.0410036907598266 0.032200002292357414
v 0.18275356397817963 -0.04182066543852339 0.032200002292357414
v 0.1827751399069388 -0.04179706390541996 0.08134573750629313
v 0.18275356397817963 -0.04182066543852339 0.032200002292357414
v 0.18201662546661443 -0.042624899027747826 0.032200002292357414
v 0.18201662546661443 -0.042624899027747826 0.08136388020735018
v 0.18201662546661443 -0.042624899027747826 0.032200002292357414
v 0.18126575567997347 -0.043416151201560754 0.032200002292357414
v 0.18126575567997347 -0.043416151201560754 0.08138144307439531
v 0.18126575567997347 -0.043416151201560754 0.032200002292357414
v 0.18050118350010355 -0.04419417781932558 0.032200002292357414
v 0.18050118350010355 -0.04419417781932558 0.08139894490628129
v 0.18050118350010355 -0.04419417781932558 0.032200002292357414
v 0.17972316832643107 -0.044958738555103156 0.032200002292357414
v 0.17972316832643107 -0.044958738555103156 0.08141636281482344
v 0.17972316832643107 -0.044958738555103156 0.032200002292357414
v 0.17893190852322324 -0.04570960834174412 0.032200002292357414
v 0.17893190852322324 -0.04570960834174412 0.08143368917062686
v 0.17893190852322324 -0.04570960834174412 0.032200002292357414
v 0.17812767874869626 -0.04644655448270421 0.032200002292357414
v 0.17812447440284093 -0.04644941932048677 0.08145467000658434
v 0.17812767874869626 -0.04644655448270421 0.032200002292357414
v 0.1773107078846969 -0.04716935191083407 0.032200002292357414
v 0.1773107078846969 -0.04716935191083407 0.08146796041248903
v 0.1773107078846969 -0.04716935191083407 0.032200002292357414
v 0.1764812400718618 -0.04787777937368179 0.032200002292357414
v 0.1764812400718618 -0.04787777937368179 0.08148486715157331
v 0.1764812400718618 -0.04787777937368179 0.032200002292357414
v 0.17563953470961732 -0.048571623248190345 0.032200002292357414
v 0.17563953470961732 -0.048571623248190345 0.08150159841457504
v 0.17563953470961732 -0.048571623248190345 0.032200002292357414
v 0.17478585119738985 -0.04925067372600015 0.032200002292357414
v 0.1747858969737592 -0.04925063557902568 0.08151834493636655
v 0.17478585119738985 -0.04925067372600015 0.032200002292357414
v 0.17392044893460576 -0.04991472099875164 0.032200002292357414
v 0.17392044893460576 -0.04991472099875164 0.08153447347717167
v 0.17392044893460576 -0.04991472099875164 0.032200002292357414
v 0.17304358732069144 -0.05056356288748013 0.032200002292357414
v 0.17304358732069144 -0.05056356288748013 0.08155057150039723
v 0.17304358732069144 -0.05056356288748013 0.032200002292357414
v 0.17215554101386307 -0.051197004842615836 0.032200002292357414
v 0.17215554101386307 -0.051197004842615836 0.08156642538298618
v 0.17215554101386307 -0.051197004842615836 0.032200002292357414
v 0.17125656941354703 -0.05181485231458897 0.032200002292357414
v 0.17125656941354703 -0.05181485231458897 0.08158201986614876
v 0.17125656941354703 -0.05181485231458897 0.032200002292357414
v 0.17034696243674927 -0.052416914568527186 0.032200002292357414
v 0.17034696243674927 -0.052416914568527186 0.08159733969109516
v 0.17034696243674927 -0.052416914568527186 0.032200002292357414
v 0.16942696422410639 -0.05300300849895304 0.032200002292357414
v 0.16942696422410639 -0.05300300849895304 0.08161236196964071
v 0.16942696422410639 -0.05300300849895304 0.032200002292357414
v 0.16849689521020392 -0.053572958629783986 0.032200002292357414
v 0.16849689521020392 -0.053572958629783986 0.08162707907239052
v 0.16849689521020392 -0.053572958629783986 0.032200002292357414
v 0.16755701479446825 -0.05412658948493746 0.032200002292357414
v 0.16755701479446825 -0.05412658948493746 0.0816414681111599
v 0.16755701479446825 -0.05412658948493746 0.032200002292357414
v 0.16660761289390533 -0.05466373321772581 0.032200002292357414
v 0.16660761289390533 -0.05466373321772581 0.08165552145655396
v 0.16660761289390533 -0.05466373321772581 0.032200002292357414
v 0.1656489946843109 -0.055184225796158816 0.032200002292357414
v 0.1656489946843109 -0.055184225796158816 0.0816692314791778
v 0.1656489946843109 -0.055184225796158816 0.032200002292357414
v 0.16468141956511137 -0.05568791081764116 0.032200002292357414
v 0.16468141956511137 -0.05568791081764116 0.08168257529084676
v 0.16468141956511137 -0.05568791081764116 0.032200002292357414
v 0.16370520797089225 -0.05617463187957753 0.032200002292357414
v 0.16370601668675097 -0.05617424278043796 0.08169635397802465
v 0.16370520797089225 -0.05617463187957753 0.032200002292357414
v 0.1627206498186595 -0.056644240208767495 0.032200002292357414
v 0.1627206498186595 -0.056644240208767495 0.08170811850495062
v 0.1627206498186595 -0.056644240208767495 0.032200002292357414
v 0.16172805028420886 -0.05709659466140552 0.032200002292357414
v 0.16172805028420886 -0.05709659466140552 0.08172030264859574
v 0.16172805028420886 -0.05709659466140552 0.032200002292357414
v 0.1607277145433361 -0.057531557908383525 0.032200002292357414
v 0.1607277145433361 -0.057531557908383525 0.08173206717552171
v 0.1607277145433361 -0.057531557908383525 0.032200002292357414
v 0.15971993251304714 -0.05794899262059342 0.032200002292357414
v 0.15971993251304714 -0.05794899262059342 0.08174341971512343
v 0.15971993251304714 -0.05794899262059342 0.032200002292357414
v 0.15870500936913776 -0.05834878054241436 0.032200002292357414
v 0.15870500936913776 -0.05834878054241436 0.08175432974982132
v 0.15870500936913776 -0.05834878054241436 0.032200002292357414
v 0.15768328080498326 -0.058730791974133154 0.032200002292357414
v 0.15768328080498326 -0.058730791974133154 0.08176480490901027
v 0.15768328080498326 -0.058730791974133154 0.032200002292357414
v 0.1566550214787998 -0.059094912474826386 0.032200002292357414
v 0.1566550214787998 -0.059094912474826386 0.0817748223045056
v 0.1566550214787998 -0.059094912474826386 0.032200002292357414
v 0.15562058234275253 -0.05944103523296555 0.032200002292357414
v 0.15562058234275253 -0.05944103523296555 0.0817843895657022
v 0.15562058234275253 -0.05944103523296555 0.032200002292357414
v 0.15458025331384737 -0.059769049622324696 0.032200002292357414
v 0.15458025331384737 -0.059769049622324696 0.08179347617502052
v 0.15458025331384737 -0.059769049622324696 0.032200002292357414
v 0.15353435482666986 -0.060078860275467647 0.032200002292357414
v 0.15353435482666986 -0.060078860275467647 0.08180208976185542
v 0.15353435482666986 -0.060078860275467647 0.032200002292357414
v 0.15248320731580553 -0.060370368010260786 0.032200002292357414
v 0.15248320731580553 -0.060370368010260786 0.08181022269681203
v 0.15248320731580553 -0.060370368010260786 0.032200002292357414
v 0.15142713121583992 -0.06064348508866284 0.032200002292357414
v 0.15040631817907266 -0.060889205010001876 0.0818248635056129
v 0.15036646222014835 -0.06089813140202742 0.032200002292357414
v 0.14930149024573677 -0.06113422684170815 0.032200002292357414
v 0.14930149024573677 -0.06113422684170815 0.08183163840827844
v 0.14930149024573677 -0.06113422684170815 0.032200002292357414
v 0.14823258150356008 -0.06135170274315098 0.032200002292357414
v 0.14769670806502153 -0.06145344072405749 0.08184064109425292
v 0.1482323373629235 -0.061351756148915235 0.08184012229540015
v 0.14823258150356008 -0.06135170274315098 0.032200002292357414
v 0.14662248926399887 -0.06164285189638412 0.08184598930007335
v 0.14716002591062424 -0.061550486627104425 0.08184338004701973
v 0.14716002591062424 -0.061550486627104425 0.032200002292357414
v 0.1452626564357384 -0.06185593708106567 0.08185243613875846
v 0.14608417441909435 -0.06173052508780423 0.08184846885341378
v 0.14608417441909435 -0.06173052508780423 0.032200002292357414
v 0.14446498794081994 -0.061965296827470914 0.08185512168576102
v 0.1452626564357384 -0.06185593708106567 0.08185243613875846
v 0.14500533220476616 -0.061891757090091246 0.032200002292357414
v 0.14331697763238613 -0.062105609028959605 0.0818591042298955
v 0.1440827857742288 -0.062014208878133956 0.08185651023563166
v 0.14392385021980478 -0.06203413685759611 0.032200002292357414
v 0.14229578312587418 -0.06221242437216783 0.08186214835845805
v 0.14284004889879573 -0.062157622428646905 0.08186058433250486
v 0.14284004889879573 -0.062157622428646905 0.032200002292357414
v 0.1412111730890064 -0.06230730352706497 0.08186513908125635
v 0.14175424867632455 -0.06226217184157172 0.08186355216711848
v 0.14175424867632455 -0.06226217184157172 0.032200002292357414
v 0.14012280938985097 -0.062383410555826344 0.08186700828300529
v 0.14066680050455635 -0.06234775457879098 0.08186599357348444
v 0.14066680050455635 -0.06234775457879098 0.032200002292357414
v 0.1390340031857917 -0.06244048224432812 0.08187067039255423
v 0.13957800955928687 -0.06241434775212 0.08186788566341806
v 0.13957800955928687 -0.06241434775212 0.032200002292357414
v 0.13794095503817158 -0.06247864066288859 0.0818787346629568
v 0.13848822679268122 -0.062461928473374104 0.08186924369570912
v 0.13848822679268122 -0.062461928473374104 0.032200002292357414
v 0.13685280496207317 -0.06249761878268649 0.08187025840522998
v 0.13739778789811471 -0.06249048529846095 0.08187006004096274
v 0.13739778789811471 -0.06249048529846095 0.032200002292357414
v 0.1363070133101729 -0.051501070561403885 0.08920000118501469
v 0.1363070133101729 -0.052231386758201416 0.08877434198510946
v 0.06380700986660769 -0.05207229480118206 0.08886774866679213
v 0.06380700986660769 -0.052642233487920666 0.08853133049895766
v 0.06380700986660769 -0.05207229480118206 0.08886774866679213
v 0.1363070133101729 -0.052231386758201416 0.08877434198510946
v 0.1363070133101729 -0.052231386758201416 0.08877434198510946
v 0.1363070133101729 -0.052642233487920666 0.08853133049895766
v 0.06380700986660769 -0.052642233487920666 0.08853133049895766
v 0.1363070133101729 -0.052642233487920666 0.08853133049895766
v 0.1363070133101729 -0.053103132862839554 0.08825564231447645
v 0.06380700986660769 -0.05290928901207973 0.08837199058660426
v 0.06380700986660769 -0.05374156444223569 0.08786834371209638
v 0.06380700986660769 -0.05290928901207973 0.08837199058660426
v 0.1363070133101729 -0.053103132862839554 0.08825564231447645
v 0.1363070133101729 -0.053103132862839554 0.08825564231447645
v 0.13631017187965885 -0.05388405865066396 0.0877815288276018
v 0.06380700986660769 -0.05374156444223569 0.08786834371209638
v 0.13631017187965885 -0.05388405865066396 0.0877815288276018
v 0.06380700986660769 -0.05456904098300356 0.08735685381963786
v 0.06380700986660769 -0.05374156444223569 0.08786834371209638
v 0.13631017187965885 -0.05388405865066396 0.0877815288276018
v 0.1363070133101729 -0.05483108399471751 0.08719262346515765
v 0.06380700986660769 -0.05456904098300356 0.08735685381963786
v 0.06380700986660769 -0.05489833711070483 0.0871502955822878
v 0.06380700986660769 -0.05456904098300356 0.08735685381963786
v 0.1363070133101729 -0.05483108399471751 0.08719262346515765
v 0.1363070133101729 -0.05483108399471751 0.08719262346515765
v 0.1363070133101729 -0.05489833711070483 0.0871502955822878
v 0.06380700986660769 -0.05489833711070483 0.0871502955822878
v 0.1363070133101729 -0.05489833711070483 0.0871502955822878
v 0.1363070133101729 -0.05568712880466457 0.08664839583921057
v 0.06380700986660769 -0.05539165378452674 0.08683758194438783
v 0.06380700986660769 -0.056012900151924984 0.08643816023352179
v 0.06380700986660769 -0.05539165378452674 0.08683758194438783
v 0.1363070133101729 -0.05568712880466457 0.08664839583921057
v 0.1363070133101729 -0.05568712880466457 0.08664839583921057
v 0.1363070133101729 -0.056012900151924984 0.08643816023352179
v 0.06380700986660769 -0.056012900151924984 0.08643816023352179
v 0.1363070133101729 -0.056012900151924984 0.08643816023352179
v 0.06380374448559321 -0.057058619348322494 0.08575176646312686
v 0.06380700986660769 -0.0562093265528563 0.08631055860392588
v 0.06380374448559321 -0.057058619348322494 0.08575176646312686
v 0.1363070133101729 -0.056012900151924984 0.08643816023352179
v 0.1363070133101729 -0.056537768188329486 0.0860957682494856
v 0.06380374448559321 -0.057058619348322494 0.08575176646312686
v 0.1363070133101729 -0.056537768188329486 0.0860957682494856
v 0.1363070133101729 -0.05711823162532385 0.08571178080448937
v 0.06380700986660769 -0.0562093265528563 0.08631055860392588
v 0.06380700986660769 -0.056012900151924984 0.08643816023352179
v 0.1363070133101729 -0.056012900151924984 0.08643816023352179
v 0.06380374448559321 -0.057058619348322494 0.08575176646312686
v 0.1363070133101729 -0.05711823162532385 0.08571178080448937
v 0.1363070133101729 -0.057382925851763335 0.08553479410174701
v 0.1363070133101729 -0.057382925851763335 0.08553479410174701
v 0.06380700986660769 -0.057829554443533694 0.08523346352102833
v 0.06380374448559321 -0.057058619348322494 0.08575176646312686
v 0.1363070133101729 -0.057382925851763335 0.08553479410174701
v 0.1363070133101729 -0.058222514056924836 0.08496551917236415
v 0.06380700986660769 -0.057829554443533694 0.08523346352102833
v 0.1363070133101729 -0.058222514056924836 0.08496551917236415
v 0.06380700986660769 -0.05821414079602908 0.08497125647732416
v 0.06380700986660769 -0.057829554443533694 0.08523346352102833
v 0.1363070133101729 -0.05905646032456251 0.08438800449649618
v 0.06380691831386896 -0.059371012646631846 0.08416742343133164
v 0.06380700986660769 -0.058631968422076 0.08468349096072635
v 0.06380700986660769 -0.058631968422076 0.08468349096072635
v 0.1363070133101729 -0.058222514056924836 0.08496551917236415
v 0.1363070133101729 -0.05905646032456251 0.08438800449649618
v 0.1363070133101729 -0.05905646032456251 0.08438800449649618
v 0.1363070133101729 -0.05930045218795814 0.08421673221052915
v 0.06380691831386896 -0.059371012646631846 0.08416742343133164
v 0.06380262296454385 -0.060277785303226625 0.08352046600314188
v 0.1363070133101729 -0.05930045218795814 0.08421673221052915
v 0.1363070133101729 -0.05988467310193761 0.08380231110930224
v 0.06380262296454385 -0.060277785303226625 0.08352046600314188
v 0.1363070133101729 -0.05988467310193761 0.08380231110930224
v 0.1363070133101729 -0.06037698269563356 0.08344831481563285
v 0.06380262296454385 -0.060277785303226625 0.08352046600314188
v 0.06380691831386896 -0.059371012646631846 0.08416742343133164
v 0.1363070133101729 -0.05930045218795814 0.08421673221052915
v 0.06380262296454385 -0.060277785303226625 0.08352046600314188
v 0.1363070133101729 -0.06037698269563356 0.08344831481563285
v 0.1363070133101729 -0.06070708372449611 0.0832084771577568
v 0.1363070133101729 -0.06148357683388732 0.08263635646407862
v 0.06380700986660769 -0.0614435568429728 0.08266613399234844
v 0.06380700986660769 -0.061007540739499475 0.0829884377796297
v 0.06380700986660769 -0.061007540739499475 0.0829884377796297
v 0.1363070133101729 -0.06070708372449611 0.0832084771577568
v 0.1363070133101729 -0.06148357683388732 0.08263635646407862
v 0.1363070133101729 -0.06233415518239309 0.08199666984922248
v 0.06380700986660769 -0.06250000296859075 0.08187032706978402
v 0.06380700986660769 -0.06178861148582686 0.08240855036194981
v 0.06380700986660769 -0.06178861148582686 0.08240855036194981
v 0.1363070133101729 -0.06148357683388732 0.08263635646407862
v 0.1363070133101729 -0.06233415518239309 0.08199666984922248
v 0.1363070133101729 -0.06148357683388732 0.08263635646407862
v 0.06380700986660769 -0.06178861148582686 0.08240855036194981
v 0.06380700986660769 -0.0614435568429728 0.08266613399234844
v 0.1363070133101729 -0.06233415518239309 0.08199666984922248
v 0.1363070133101729 -0.06250000296859075 0.08187032706978402
v 0.06380700986660769 -0.06250000296859075 0.08187032706978402
v 0.1363070133101729 -0.06070708372449611 0.0832084771577568
v 0.06380700986660769 -0.061007540739499475 0.0829884377796297
v 0.06380262296454385 -0.060277785303226625 0.08352046600314188
v 0.06380700986660769 -0.058631968422076 0.08468349096072635
v 0.06380700986660769 -0.05821414079602908 0.08497125647732416
v 0.1363070133101729 -0.058222514056924836 0.08496551917236415
v 0.06380700986660769 -0.05539165378452674 0.08683758194438783
v 0.06380700986660769 -0.05489833711070483 0.0871502955822878
v 0.1363070133101729 -0.05489833711070483 0.0871502955822878
v 0.06380700986660769 -0.05290928901207973 0.08837199058660426
v 0.06380700986660769 -0.052642233487920666 0.08853133049895766
v 0.1363070133101729 -0.052642233487920666 0.08853133049895766
v 0.06380700986660769 -0.05207229480118206 0.08886774866679213
v 0.06380700986660769 -0.051501070561403885 0.08920000118501469
v 0.1363070133101729 -0.051501070561403885 0.08920000118501469
v 0.06065891935453259 -0.061294592907674736 0.08271592342342425
v 0.058807063034884685 -0.05888537877346782 0.08436748142423232
v 0.06140272432150205 -0.06006833552521189 0.08364741913417183
v 0.058807063034884685 -0.05888537877346782 0.08436748142423232
v 0.05880701344381788 -0.054465880119949385 0.08727942309086244
v 0.06095024398384828 -0.056019388952282013 0.08639256696963747
v 0.06140272432150205 -0.06006833552521189 0.08364741913417183
v 0.058807063034884685 -0.05888537877346782 0.08436748142423232
v 0.06095024398384828 -0.056019388952282013 0.08639256696963747
v 0.06140272432150205 -0.06006833552521189 0.08364741913417183
v 0.06095024398384828 -0.056019388952282013 0.08639256696963747
v 0.06243192587795486 -0.05709275326107658 0.08572938181850896
v 0.06140272432150205 -0.06006833552521189 0.08364741913417183
v 0.06380700986660769 -0.061007540739499475 0.0829884377796297
v 0.06380700986660769 -0.0614435568429728 0.08266613399234844
v 0.06243192587795486 -0.05709275326107658 0.08572938181850896
v 0.06380700986660769 -0.058631968422076 0.08468349096072635
v 0.06380691831386896 -0.059371012646631846 0.08416742343133164
v 0.06380691831386896 -0.059371012646631846 0.08416742343133164
v 0.06140272432150205 -0.06006833552521189 0.08364741913417183
v 0.06243192587795486 -0.05709275326107658 0.08572938181850896
v 0.06243192587795486 -0.05709275326107658 0.08572938181850896
v 0.06380700986660769 -0.057829554443533694 0.08523346352102833
v 0.06380700986660769 -0.05821414079602908 0.08497125647732416
v 0.06243192587795486 -0.05709275326107658 0.08572938181850896
v 0.06380700986660769 -0.05539165378452674 0.08683758194438783
v 0.06380700986660769 -0.056012900151924984 0.08643816023352179
v 0.06243192587795486 -0.05709275326107658 0.08572938181850896
v 0.06123340134593035 -0.05337288156339607 0.08805736197058599
v 0.06380700986660769 -0.05489833711070483 0.0871502955822878
v 0.06123340134593035 -0.05337288156339607 0.08805736197058599
v 0.06380700986660769 -0.05456904098300356 0.08735685381963786
v 0.06380700986660769 -0.05489833711070483 0.0871502955822878
v 0.06123340134593035 -0.05337288156339607 0.08805736197058599
v 0.06380700986660769 -0.05207229480118206 0.08886774866679213
v 0.06380700986660769 -0.052642233487920666 0.08853133049895766
v 0.06380700986660769 -0.06178861148582686 0.08240855036194981
v 0.06380700986660769 -0.06250000296859075 0.08187032706978402
v 0.06330623545927726 -0.062497996437733724 0.08187018211128104
v 0.06330623545927726 -0.062497996437733724 0.08187018211128104
v 0.06140272432150205 -0.06006833552521189 0.08364741913417183
v 0.06380700986660769 -0.06178861148582686 0.08240855036194981
v 0.06140272432150205 -0.06006833552521189 0.08364741913417183
v 0.06280598366549704 -0.062491984474557546 0.08186973960637721
v 0.062305338957879805 -0.06248195944966732 0.08186900718446742
v 0.06065891935453259 -0.061294592907674736 0.08271592342342425
v 0.06140272432150205 -0.06006833552521189 0.08364741913417183
v 0.061805213049115335 -0.062467936621852835 0.08186798484555168
v 0.06140272432150205 -0.06006833552521189 0.08364741913417183
v 0.062305338957879805 -0.06248195944966732 0.08186900718446742
v 0.061805213049115335 -0.062467936621852835 0.08186798484555168
v 0.06065891935453259 -0.061294592907674736 0.08271592342342425
v 0.06130482774092448 -0.062449896917626854 0.08186666496023508
v 0.06080495741688895 -0.06242786322517406 0.08186505515791252
v 0.06065891935453259 -0.061294592907674736 0.08271592342342425
v 0.060304953578442774 -0.062401808841612325 0.08186315543858401
v 0.05980546853884937 -0.062371771913916116 0.08186095817285464
v 0.058807063034884685 -0.05888537877346782 0.08436748142423232
v 0.06065891935453259 -0.061294592907674736 0.08271592342342425
v 0.05930598349925596 -0.06233771810980841 0.08185847099011932
v 0.06065891935453259 -0.061294592907674736 0.08271592342342425
v 0.05980546853884937 -0.062371771913916116 0.08186095817285464
v 0.05930598349925596 -0.06233771810980841 0.08185847099011932
v 0.06123340134593035 -0.05337288156339607 0.08805736197058599
v 0.05880701344381788 -0.054465880119949385 0.08727942309086244
v 0.05924062247320226 -0.05127875380890105 0.08920000118501469
v 0.05880701344381788 -0.054465880119949385 0.08727942309086244
v 0.05880700962912043 -0.05123441176577929 0.08920000118501469
v 0.05924062247320226 -0.05127875380890105 0.08920000118501469
v 0.06123340134593035 -0.05337288156339607 0.08805736197058599
v 0.060088301651648454 -0.05135439544457391 0.08920000118501469
v 0.06113391403651745 -0.05142627960326166 0.08920000118501469
v 0.06123340134593035 -0.05337288156339607 0.08805736197058599
v 0.06113391403651745 -0.05142627960326166 0.08920000118501469
v 0.06178758914691106 -0.05145767074855149 0.08920000118501469
v 0.06327507701053169 -0.051497644963096646 0.08920000118501469
v 0.06380700986660769 -0.05207229480118206 0.08886774866679213
v 0.06123340134593035 -0.05337288156339607 0.08805736197058599
v 0.06327507701053169 -0.051497644963096646 0.08920000118501469
v 0.06380700986660769 -0.051501070561403885 0.08920000118501469
v 0.06380700986660769 -0.05207229480118206 0.08886774866679213
v 0.06244164572704934 -0.051481508792896626 0.08920000118501469
v 0.06327507701053169 -0.051497644963096646 0.08920000118501469
v 0.06123340134593035 -0.05337288156339607 0.08805736197058599
v 0.06178758914691106 -0.05145767074855149 0.08920000118501469
v 0.06244164572704934 -0.051481508792896626 0.08920000118501469
v 0.06123340134593035 -0.05337288156339607 0.08805736197058599
v 0.05924062247320226 -0.05127875380890105 0.08920000118501469
v 0.060088301651648454 -0.05135439544457391 0.08920000118501469
v 0.06123340134593035 -0.05337288156339607 0.08805736197058599
v 0.05930598349925596 -0.06233771810980841 0.08185847099011932
v 0.05880700962912043 -0.062299681761566236 0.08185570151977294
v 0.058807063034884685 -0.05888537877346782 0.08436748142423232
v 0.06080495741688895 -0.06242786322517406 0.08186505515791252
v 0.060304953578442774 -0.062401808841612325 0.08186315543858401
v 0.06065891935453259 -0.061294592907674736 0.08271592342342425
v 0.061805213049115335 -0.062467936621852835 0.08186798484555168
v 0.06130482774092448 -0.062449896917626854 0.08186666496023508
v 0.06065891935453259 -0.061294592907674736 0.08271592342342425
v 0.06330623545927726 -0.062497996437733724 0.08187018211128104
v 0.06280598366549704 -0.062491984474557546 0.08186973960637721
v 0.06140272432150205 -0.06006833552521189 0.08364741913417183
v 0.06380700986660769 -0.052642233487920666 0.08853133049895766
v 0.06380700986660769 -0.05290928901207973 0.08837199058660426
v 0.06123340134593035 -0.05337288156339607 0.08805736197058599
v 0.06380700986660769 -0.05290928901207973 0.08837199058660426
v 0.06380700986660769 -0.05374156444223569 0.08786834371209638
v 0.06123340134593035 -0.05337288156339607 0.08805736197058599
v 0.06380700986660769 -0.05374156444223569 0.08786834371209638
v 0.06380700986660769 -0.05456904098300356 0.08735685381963786
v 0.06123340134593035 -0.05337288156339607 0.08805736197058599
v 0.06380700986660769 -0.05489833711070483 0.0871502955822878
v 0.06380700986660769 -0.05539165378452674 0.08683758194438783
v 0.06243192587795486 -0.05709275326107658 0.08572938181850896
v 0.06380700986660769 -0.056012900151924984 0.08643816023352179
v 0.06380700986660769 -0.0562093265528563 0.08631055860392588
v 0.06243192587795486 -0.05709275326107658 0.08572938181850896
v 0.06380700986660769 -0.0562093265528563 0.08631055860392588
v 0.06380374448559321 -0.057058619348322494 0.08575176646312686
v 0.06243192587795486 -0.05709275326107658 0.08572938181850896
v 0.06380374448559321 -0.057058619348322494 0.08575176646312686
v 0.06380700986660769 -0.057829554443533694 0.08523346352102833
v 0.06243192587795486 -0.05709275326107658 0.08572938181850896
v 0.06380700986660769 -0.05821414079602908 0.08497125647732416
v 0.06380700986660769 -0.058631968422076 0.08468349096072635
v 0.06243192587795486 -0.05709275326107658 0.08572938181850896
v 0.06380691831386896 -0.059371012646631846 0.08416742343133164
v 0.06380262296454385 -0.060277785303226625 0.08352046600314188
v 0.06140272432150205 -0.06006833552521189 0.08364741913417183
v 0.06380262296454385 -0.060277785303226625 0.08352046600314188
v 0.06380700986660769 -0.061007540739499475 0.0829884377796297
v 0.06140272432150205 -0.06006833552521189 0.08364741913417183
v 0.06380700986660769 -0.0614435568429728 0.08266613399234844
v 0.06380700986660769 -0.06178861148582686 0.08240855036194981
v 0.06140272432150205 -0.06006833552521189 0.08364741913417183
v 0.06123340134593035 -0.05337288156339607 0.08805736197058599
v 0.06243192587795486 -0.05709275326107658 0.08572938181850896
v 0.06095024398384828 -0.056019388952282013 0.08639256696963747
v 0.06123340134593035 -0.05337288156339607 0.08805736197058599
v 0.06095024398384828 -0.056019388952282013 0.08639256696963747
v 0.05880701344381788 -0.054465880119949385 0.08727942309086244
v 0.05930598349925596 -0.06233771810980841 0.08185847099011932
v 0.05921032233138222 -0.062330737213480744 0.037007753222617616
v 0.05880700962912043 -0.062299681761566236 0.037604944107916254
v 0.05880700962912043 -0.062299681761566236 0.037604944107916254
v 0.05880700962912043 -0.062299681761566236 0.08185570151977294
v 0.05930598349925596 -0.06233771810980841 0.08185847099011932
v 0.05980546853884937 -0.062371771913916116 0.08186095817285464
v 0.05972724435300501 -0.06236670599570675 0.03624230366233493
v 0.05921032233138222 -0.062330737213480744 0.037007753222617616
v 0.060304953578442774 -0.062401808841612325 0.08186315543858401
v 0.06024462795301887 -0.06239839468739743 0.03547612549483991
v 0.05972724435300501 -0.06236670599570675 0.03624230366233493
v 0.05972724435300501 -0.06236670599570675 0.03624230366233493
v 0.05980546853884937 -0.062371771913916116 0.08186095817285464
v 0.060304953578442774 -0.062401808841612325 0.08186315543858401
v 0.06080495741688895 -0.06242786322517406 0.08186505515791252
v 0.060762461687331445 -0.06242580328855278 0.03470924542301467
v 0.06024462795301887 -0.06239839468739743 0.03547612549483991
v 0.06130482774092448 -0.062449896917626854 0.08186666496023508
v 0.06128073029715296 -0.06244892416977792 0.03394169014974135
v 0.060762461687331445 -0.06242580328855278 0.03470924542301467
v 0.060762461687331445 -0.06242580328855278 0.03470924542301467
v 0.06080495741688895 -0.06242786322517406 0.08186505515791252
v 0.06130482774092448 -0.062449896917626854 0.08186666496023508
v 0.061805213049115335 -0.062467936621852835 0.033200002339854866
v 0.05881162922772852 -0.0623829260892506 0.03320070042948763
v 0.06128073029715296 -0.06244892416977792 0.03394169014974135
v 0.06128073029715296 -0.06244892416977792 0.03394169014974135
v 0.061805213049115335 -0.062467936621852835 0.08186798484555168
v 0.061805213049115335 -0.062467936621852835 0.033200002339854866
v 0.061805213049115335 -0.062467936621852835 0.033200002339854866
v 0.061805213049115335 -0.062467936621852835 0.08186798484555168
v 0.062305338957879805 -0.06248195944966732 0.08186900718446742
v 0.062305338957879805 -0.06248195944966732 0.08186900718446742
v 0.06280598366549704 -0.062491984474557546 0.033200002339854866
v 0.061805213049115335 -0.062467936621852835 0.033200002339854866
v 0.06280598366549704 -0.062491984474557546 0.033200002339854866
v 0.06280598366549704 -0.062491984474557546 0.08186973960637721
v 0.06330623545927726 -0.062497996437733724 0.08187018211128104
v 0.06330623545927726 -0.062497996437733724 0.08187018211128104
v 0.06380700986660769 -0.06250000296859075 0.033200002339854866
v 0.06280598366549704 -0.062491984474557546 0.033200002339854866
v 0.06330623545927726 -0.062497996437733724 0.08187018211128104
v 0.06380700986660769 -0.06250000296859075 0.08187032706978402
v 0.06380700986660769 -0.06250000296859075 0.033200002339854866
v 0.062305338957879805 -0.06248195944966732 0.08186900718446742
v 0.06280598366549704 -0.062491984474557546 0.08186973960637721
v 0.06280598366549704 -0.062491984474557546 0.033200002339854866
v 0.06130482774092448 -0.062449896917626854 0.08186666496023508
v 0.061805213049115335 -0.062467936621852835 0.08186798484555168
v 0.06128073029715296 -0.06244892416977792 0.03394169014974135
v 0.060304953578442774 -0.062401808841612325 0.08186315543858401
v 0.06080495741688895 -0.06242786322517406 0.08186505515791252
v 0.06024462795301887 -0.06239839468739743 0.03547612549483991
v 0.05930598349925596 -0.06233771810980841 0.08185847099011932
v 0.05980546853884937 -0.062371771913916116 0.08186095817285464
v 0.05921032233138222 -0.062330737213480744 0.037007753222617616
v 0.05881162922772852 -0.0623829260892506 0.03320070042948763
v 0.060762461687331445 -0.06242580328855278 0.03470924542301467
v 0.06128073029715296 -0.06244892416977792 0.03394169014974135
v 0.05881162922772852 -0.0623829260892506 0.03320070042948763
v 0.06024462795301887 -0.06239839468739743 0.03547612549483991
v 0.060762461687331445 -0.06242580328855278 0.03470924542301467
v 0.05880701344381788 -0.06233842764353352 0.03515947890387227
v 0.05972724435300501 -0.06236670599570675 0.03624230366233493
v 0.06024462795301887 -0.06239839468739743 0.03547612549483991
v 0.05880701344381788 -0.06233842764353352 0.03515947890387227
v 0.05921032233138222 -0.062330737213480744 0.037007753222617616
v 0.05972724435300501 -0.06236670599570675 0.03624230366233493
v 0.05880701344381788 -0.06233842764353352 0.03515947890387227
v 0.05880700962912043 -0.062299681761566236 0.037604944107916254
v 0.05921032233138222 -0.062330737213480744 0.037007753222617616
v 0.06024462795301887 -0.06239839468739743 0.03547612549483991
v 0.05881162922772852 -0.0623829260892506 0.03320070042948763
v 0.05880701344381788 -0.06233842764353352 0.03515947890387227
v 0.1363070133101729 -0.06233415518239309 0.08199666984922248
v 0.1363070133101729 -0.06148357683388732 0.08263635646407862
v 0.13794095503817158 -0.06247864066288859 0.0818787346629568
v 0.13880271045019651 -0.06079588606636048 0.083115581645532
v 0.13794095503817158 -0.06247864066288859 0.0818787346629568
v 0.1363070133101729 -0.06148357683388732 0.08263635646407862
v 0.13880271045019651 -0.06079588606636048 0.083115581645532
v 0.1363070133101729 -0.06070708372449611 0.0832084771577568
v 0.1363070133101729 -0.06037698269563356 0.08344831481563285
v 0.13880271045019651 -0.06079588606636048 0.083115581645532
v 0.1363070133101729 -0.05988467310193761 0.08380231110930224
v 0.1363070133101729 -0.05930045218795814 0.08421673221052915
v 0.1363070133101729 -0.05930045218795814 0.08421673221052915
v 0.13772612653675684 -0.05828674974723173 0.08491377661619558
v 0.13880271045019651 -0.06079588606636048 0.083115581645532
v 0.1363070133101729 -0.05905646032456251 0.08438800449649618
v 0.1363070133101729 -0.058222514056924836 0.08496551917236415
v 0.13772612653675684 -0.05828674974723173 0.08491377661619558
v 0.1363070133101729 -0.058222514056924836 0.08496551917236415
v 0.1363070133101729 -0.057382925851763335 0.08553479410174701
v 0.13772612653675684 -0.05828674974723173 0.08491377661619558
v 0.13918036549743104 -0.05651722985727584 0.08607223919563366
v 0.13772612653675684 -0.05828674974723173 0.08491377661619558
v 0.1363070133101729 -0.05711823162532385 0.08571178080448937
v 0.13772612653675684 -0.05828674974723173 0.08491377661619558
v 0.1363070133101729 -0.057382925851763335 0.08553479410174701
v 0.1363070133101729 -0.05711823162532385 0.08571178080448937
v 0.13918036549743104 -0.05651722985727584 0.08607223919563366
v 0.1363070133101729 -0.056537768188329486 0.0860957682494856
v 0.1363070133101729 -0.056012900151924984 0.08643816023352179
v 0.13918036549743104 -0.05651722985727584 0.08607223919563366
v 0.1363070133101729 -0.05568712880466457 0.08664839583921057
v 0.1363070133101729 -0.05489833711070483 0.0871502955822878
v 0.1363070133101729 -0.05489833711070483 0.0871502955822878
v 0.1372998875028397 -0.05482844422408432 0.08718841966857126
v 0.13918036549743104 -0.05651722985727584 0.08607223919563366
v 0.1363070133101729 -0.05483108399471751 0.08719262346515765
v 0.13631017187965885 -0.05388405865066396 0.0877815288276018
v 0.13809001815560326 -0.05312940468415576 0.08822694816028152
v 0.13809001815560326 -0.05312940468415576 0.08822694816028152
v 0.1363070133101729 -0.053103132862839554 0.08825564231447645
v 0.1363070133101729 -0.052642233487920666 0.08853133049895766
v 0.13821187485084427 0.05311162819405361 0.08823524894192579
v 0.1363070133101729 0.052231386758201416 0.08877434198510946
v 0.1363070133101729 0.052642233487920666 0.08853133049895766
v 0.13821187485084427 0.05311162819405361 0.08823524894192579
v 0.1363070133101729 0.053103132862839554 0.08825564231447645
v 0.13631021765602822 0.05388405483596651 0.0877815288276018
v 0.13631021765602822 0.05388405483596651 0.0877815288276018
v 0.1363070133101729 0.05483108399471751 0.08719262346515765
v 0.13780148969951608 0.05525244784529763 0.08691584427720665
v 0.1363070133101729 0.05483108399471751 0.08719262346515765
v 0.1363070133101729 0.05568712880466457 0.08664839583921057
v 0.13780148969951608 0.05525244784529763 0.08691584427720665
v 0.13805147445260066 0.05717002377255923 0.08566202952038802
v 0.13780148969951608 0.05525244784529763 0.08691584427720665
v 0.1363070133101729 0.056012900151924984 0.08643816023352179
v 0.13780148969951608 0.05525244784529763 0.08691584427720665
v 0.1363070133101729 0.05568712880466457 0.08664839583921057
v 0.1363070133101729 0.056012900151924984 0.08643816023352179
v 0.13805147445260066 0.05717002377255923 0.08566202952038802
v 0.1363070133101729 0.056537768188329486 0.0860957682494856
v 0.13631172827621715 0.05728105435644618 0.08560365702005689
v 0.13631172827621715 0.05728105435644618 0.08560365702005689
v 0.1363070133101729 0.058222514056924836 0.08496551917236415
v 0.13805147445260066 0.05717002377255923 0.08566202952038802
v 0.1363070133101729 0.058222514056924836 0.08496551917236415
v 0.1363070133101729 0.05905646032456251 0.08438800449649618
v 0.1383800419730896 0.06049432660379499 0.08334955229873485
v 0.1383800419730896 0.06049432660379499 0.08334955229873485
v 0.1363070133101729 0.05905646032456251 0.08438800449649618
v 0.1363070133101729 0.05930045218795814 0.08421673221052915
v 0.1383800419730896 0.06049432660379499 0.08334955229873485
v 0.1363070133101729 0.05988467310193761 0.08380231110930224
v 0.1363070133101729 0.06037698269563356 0.08344831481563285
v 0.1363070133101729 0.06070708372449611 0.0832084771577568
v 0.1363070133101729 0.061523600639499285 0.08260657893580879
v 0.1383800419730896 0.06049432660379499 0.08334955229873485
v 0.1363070133101729 0.061523600639499285 0.08260657893580879
v 0.1363070133101729 0.06233415518239309 0.08199666984922248
v 0.1383800419730896 0.06049432660379499 0.08334955229873485
v 0.13918036549743104 -0.05651722985727584 0.08607223919563366
v 0.1372998875028397 -0.05482844422408432 0.08718841966857126
v 0.13928884023402863 -0.05369732921064244 0.08785175740759764
v 0.13880271045019651 -0.06079588606636048 0.083115581645532
v 0.13772612653675684 -0.05828674974723173 0.08491377661619558
v 0.14099057676505208 -0.05781983077974177 0.08513155006403926
v 0.13821187485084427 0.05311162819405361 0.08823524894192579
v 0.13780148969951608 0.05525244784529763 0.08691584427720665
v 0.1402113714057762 0.055400088080581646 0.0867472422794524
v 0.13805147445260066 0.05717002377255923 0.08566202952038802
v 0.1383800419730896 0.06049432660379499 0.08334955229873485
v 0.14163121705426993 0.0581079968395715 0.0848882486608815
v 0.13918036549743104 -0.05651722985727584 0.08607223919563366
v 0.13928884023402863 -0.05369732921064244 0.08785175740759764
v 0.14159094910802136 -0.053537825266298834 0.08783956563455762
v 0.1406944036552815 0.06061308576470918 0.08316565336421887
v 0.1383800419730896 0.06049432660379499 0.08334955229873485
v 0.14121056273741492 0.06230734930343433 0.08186503989912274
v 0.14099057676505208 -0.05781983077974177 0.08513155006403926
v 0.14159094910802136 -0.053537825266298834 0.08783956563455762
v 0.1442588874671635 -0.05482652924596602 0.08683311874837506
v 0.14091925718158646 0.05316769661712687 0.08810184897221073
v 0.1402113714057762 0.055400088080581646 0.0867472422794524
v 0.14365631785846486 0.055457907449782996 0.0864899790836393
v 0.14163121705426993 0.0581079968395715 0.0848882486608815
v 0.1406944036552815 0.06061308576470918 0.08316565336421887
v 0.1438285438187936 0.060308432582514324 0.08315578855662141
v 0.14152994446645192 -0.060661696454273925 0.08307784665838812
v 0.14099057676505208 -0.05781983077974177 0.08513155006403926
v 0.1450741188291271 -0.05942048545781957 0.08366910187445951
v 0.1450741188291271 -0.05942048545781957 0.08366910187445951
v 0.14099057676505208 -0.05781983077974177 0.08513155006403926
v 0.14590824057284732 -0.05646517068121918 0.0856080744397003
v 0.1442588874671635 -0.05482652924596602 0.08683311874837506
v 0.14159094910802136 -0.053537825266298834 0.08783956563455762
v 0.14497461626092442 -0.052132830234965545 0.08839164390785025
v 0.14365631785846486 0.055457907449782996 0.0864899790836393
v 0.14163121705426993 0.0581079968395715 0.0848882486608815
v 0.14610727622683226 0.0586635693757254 0.08409089297115367
v 0.1442588874671635 -0.05482652924596602 0.08683311874837506
v 0.14497461626092442 -0.052132830234965545 0.08839164390785025
v 0.14772542510740114 -0.05341100946437697 0.08730983385890843
v 0.1442168647600894 0.05274709570603612 0.08810900534462095
v 0.14365631785846486 0.055457907449782996 0.0864899790836393
v 0.14703876430818494 0.0543842799268646 0.08679853470132225
v 0.1450741188291271 -0.05942048545781957 0.08366910187445951
v 0.14590824057284732 -0.05646517068121918 0.0856080744397003
v 0.1491775583550847 -0.05817140092583498 0.08399800508832377
v 0.14365631785846486 0.055457907449782996 0.0864899790836393
v 0.14610727622683226 0.0586635693757254 0.08409089297115367
v 0.14703876430818494 0.0543842799268646 0.08679853470132225
v 0.14822277010172688 -0.05985175607766906 0.08295836270495903
v 0.1450741188291271 -0.05942048545781957 0.08366910187445951
v 0.1491775583550847 -0.05817140092583498 0.08399800508832377
v 0.14703876430818494 0.0543842799268646 0.08679853470132225
v 0.1489382547548512 0.058609072608000225 0.0837357980446196
v 0.1497369608474752 0.05567015340102625 0.08558540750747133
v 0.14610727622683226 0.0586635693757254 0.08409089297115367
v 0.14716094143801148 0.06155032640981166 0.08184660728105973
v 0.1482331765963618 0.061351588302227575 0.08184027488329802
v 0.15086077071530643 -0.053188437127145195 0.08696735032213353
v 0.14894751684025206 -0.05114964537381365 0.0884690364896512
v 0.15202022511608068 -0.05098338560029173 0.08805963553026429
v 0.1497369608474752 0.05567015340102625 0.08558540750747133
v 0.1489382547548512 0.058609072608000225 0.0837357980446196
v 0.15196347767686189 0.058218485736421 0.08347468963378012
v 0.15191612965215204 -0.05936049934046843 0.08265727626487694
v 0.1491775583550847 -0.05817140092583498 0.08399800508832377
v 0.15163495593274232 -0.05632844048063305 0.08483449194446101
v 0.15082814742274128 0.05165390641461046 0.08788931691865896
v 0.1497369608474752 0.05567015340102625 0.08558540750747133
v 0.15348087276846553 0.05413135404204853 0.08588367870083767
v 0.15191612965215204 -0.05936049934046843 0.08265727626487694
v 0.15163495593274232 -0.05632844048063305 0.08483449194446101
v 0.15532718633272322 -0.058354521662071814 0.08263043605364116
v 0.15466971559837003 -0.055980276859359836 0.08442479343867325
v 0.15086077071530643 -0.053188437127145195 0.08696735032213353
v 0.15575942207102675 -0.05271817648469183 0.08626450757634795
v 0.15202022511608068 -0.05098338560029173 0.08805963553026429
v 0.15441522950229822 -0.04967616126452027 0.088337582015634
v 0.15575942207102675 -0.05271817648469183 0.08626450757634795
v 0.15348087276846553 0.05413135404204853 0.08588367870083767
v 0.15196347767686189 0.058218485736421 0.08347468963378012
v 0.15435279053448878 0.05770458495517609 0.0833243447780063
v 0.15532718633272322 -0.058354521662071814 0.08263043605364116
v 0.15163495593274232 -0.05632844048063305 0.08483449194446101
v 0.15466971559837003 -0.055980276859359836 0.08442479343867325
v 0.15348087276846553 0.05413135404204853 0.08588367870083767
v 0.15435279053448878 0.05770458495517609 0.0833243447780063
v 0.15595120979986274 0.054571154325389094 0.08504686378072
v 0.15532718633272322 -0.058354521662071814 0.08263043605364116
v 0.15466971559837003 -0.055980276859359836 0.08442479343867325
v 0.15796332537394872 -0.05643801766479276 0.08329888548724627
v 0.15575942207102675 -0.05271817648469183 0.08626450757634795
v 0.15441522950229822 -0.04967616126452027 0.088337582015634
v 0.1577152021932182 -0.0489869522474096 0.08794958150892372
v 0.15462267274945593 0.04998792504275599 0.08811753500811202
v 0.1554760053095183 0.05164445359433726 0.08695073350005521
v 0.1579211958553461 0.04951921316746603 0.08760297809890626
v 0.1554760053095183 0.05164445359433726 0.08695073350005521
v 0.15595120979986274 0.054571154325389094 0.08504686378072
v 0.15842417134310335 0.05402944821445436 0.08476690313509837
v 0.1579211958553461 0.04951921316746603 0.08760297809890626
v 0.1554760053095183 0.05164445359433726 0.08695073350005521
v 0.15842417134310335 0.05402944821445436 0.08476690313509837
v 0.15595120979986274 0.054571154325389094 0.08504686378072
v 0.15730165847240404 0.0573298176339088 0.08286437618926444
v 0.15842417134310335 0.05402944821445436 0.08476690313509837
v 0.15796332537394872 -0.05643801766479276 0.08329888548724627
v 0.15575942207102675 -0.05271817648469183 0.08626450757634795
v 0.15995406338354276 -0.055473112833805995 0.08338698973947788
v 0.1590110701746905 -0.052106314273012745 0.0858015177472282
v 0.1577152021932182 -0.0489869522474096 0.08794958150892372
v 0.16058115386742952 -0.0496084885318138 0.08682524521284483
v 0.1577152021932182 -0.0489869522474096 0.08794958150892372
v 0.15802861773544838 -0.04650659019112216 0.08920000118501469
v 0.1595082015459592 -0.04750420605271535 0.08828627433497437
v 0.15855721273125842 0.04624720220883119 0.08920000118501469
v 0.1579211958553461 0.04951921316746603 0.08760297809890626
v 0.16006472012707992 0.04856202546941416 0.08756470905411982
v 0.1579211958553461 0.04951921316746603 0.08760297809890626
v 0.15842417134310335 0.05402944821445436 0.08476690313509837
v 0.1607716293403438 0.05192607363334826 0.08540158486690429
v 0.15842417134310335 0.05402944821445436 0.08476690313509837
v 0.15730165847240404 0.0573298176339088 0.08286437618926444
v 0.16074379730777186 0.056137888713769825 0.0826961175142804
v 0.15995406338354276 -0.055473112833805995 0.08338698973947788
v 0.1590110701746905 -0.052106314273012745 0.0858015177472282
v 0.16366471114279688 -0.05174871309025612 0.08460158940654326
v 0.16287955485550396 0.045826856882469374 0.08819724692596063
v 0.16006472012707992 0.04856202546941416 0.08756470905411982
v 0.16463198108620067 0.048749391963909296 0.08605215099887874
v 0.1607716293403438 0.05192607363334826 0.08540158486690429
v 0.16183219152450687 0.0548087146088894 0.0832473718129245
v 0.1646230699529649 0.053732126880752275 0.08301832211942804
v 0.16302179729390073 -0.054760260321919975 0.08289330685470107
v 0.16366471114279688 -0.05174871309025612 0.08460158940654326
v 0.16631861141533474 -0.05385795086133797 0.08229753503685265
v 0.16366471114279688 -0.05174871309025612 0.08460158940654326
v 0.16434996813335265 -0.04800130309170706 0.08654737502142405
v 0.1667956011840843 -0.05103420881437563 0.08391998689614154
v 0.16631861141533474 -0.05385795086133797 0.08229753503685265
v 0.16366471114279688 -0.05174871309025612 0.08460158940654326
v 0.1667956011840843 -0.05103420881437563 0.08391998689614154
v 0.1667956011840843 -0.05103420881437563 0.08391998689614154
v 0.16434996813335265 -0.04800130309170706 0.08654737502142405
v 0.16851577033317075 -0.047269857744465266 0.08545071054062435
v 0.16434996813335265 -0.04800130309170706 0.08654737502142405
v 0.1648630907163184 -0.04467395613190875 0.08813843192072567
v 0.16851577033317075 -0.047269857744465266 0.08545071054062435
v 0.164860466204475 0.05141247802789909 0.0843977930101447
v 0.16700418884047605 0.05225009403448059 0.0830801354768562
v 0.16823722112560444 0.050657064936598974 0.08358516327183983
v 0.16700418884047605 0.05225009403448059 0.0830801354768562
v 0.164860466204475 0.05141247802789909 0.0843977930101447
v 0.1646230699529649 0.053732126880752275 0.08301832211942804
v 0.16463198108620067 0.048749391963909296 0.08605215099887874
v 0.164860466204475 0.05141247802789909 0.0843977930101447
v 0.16823722112560444 0.050657064936598974 0.08358516327183983
v 0.1683338703001169 0.042518430822007264 0.08797178304806418
v 0.1669835436978939 0.044950468291038465 0.08726720842963774
v 0.1701167072988596 0.04452441617729622 0.08627217511821604
v 0.1669835436978939 0.044950468291038465 0.08726720842963774
v 0.16463198108620067 0.048749391963909296 0.08605215099887874
v 0.1701959767118044 0.047014753667407067 0.08490629980919982
v 0.16778290591847875 -0.04317542090448215 0.08785379445603424
v 0.16988335462664314 -0.04018811226039534 0.08845833244861544
v 0.17075972795928426 -0.04353224007426218 0.08650904494147847
v 0.1701959767118044 0.047014753667407067 0.08490629980919982
v 0.16823722112560444 0.050657064936598974 0.08358516327183983
v 0.17166483359309478 0.04846799317735021 0.08344852843868987
v 0.17041362808932978 -0.05052739574098689 0.08276431667523453
v 0.16851577033317075 -0.047269857744465266 0.08545071054062435
v 0.17248461207441498 -0.04766447675124577 0.08354993072622106
v 0.16851577033317075 -0.047269857744465266 0.08545071054062435
v 0.17075972795928426 -0.04353224007426218 0.08650904494147847
v 0.17248461207441498 -0.04766447675124577 0.08354993072622106
v 0.17075972795928426 -0.04353224007426218 0.08650904494147847
v 0.16988335462664314 -0.04018811226039534 0.08845833244861544
v 0.17279833279244092 -0.040075796123468815 0.08730634722544205
v 0.17248461207441498 -0.04766447675124577 0.08354993072622106
v 0.17075972795928426 -0.04353224007426218 0.08650904494147847
v 0.17400319735162204 -0.04484641097408429 0.08440703220736089
v 0.1701167072988596 0.04452441617729622 0.08627217511821604
v 0.1701959767118044 0.047014753667407067 0.08490629980919982
v 0.173323052055645 0.044126585195265494 0.08510353492598986
v 0.173323052055645 0.044126585195265494 0.08510353492598986
v 0.1701959767118044 0.047014753667407067 0.08490629980919982
v 0.17166483359309478 0.04846799317735021 0.08344852843868987
v 0.17166483359309478 0.04846799317735021 0.08344852843868987
v 0.17064170122027986 0.05097172025549938 0.0823827019720502
v 0.17310598051213152 0.04890682834223673 0.08253419886645295
v 0.17153174642857036 0.03820686903274642 0.08866441766348208
v 0.1717569966834098 0.04057325555871796 0.0875206798161887
v 0.17402307955471483 0.038677003790184045 0.08739844928059791
v 0.1717569966834098 0.04057325555871796 0.0875206798161887
v 0.1701167072988596 0.04452441617729622 0.08627217511821604
v 0.173323052055645 0.044126585195265494 0.08510353492598986
v 0.17400319735162204 -0.04484641097408429 0.08440703220736089
v 0.17279833279244092 -0.040075796123468815 0.08730634722544205
v 0.17579563212914093 -0.04233963976737257 0.08485050604434273
v 0.173323052055645 0.044126585195265494 0.08510353492598986
v 0.17166483359309478 0.04846799317735021 0.08344852843868987
v 0.17519634316024654 0.04600283269038832 0.08321221556125467
v 0.173323052055645 0.044126585195265494 0.08510353492598986
v 0.17519634316024654 0.04600283269038832 0.08321221556125467
v 0.17619522931608952 0.04480599806933275 0.08337138762692041
v 0.17579563212914093 -0.04233963976737257 0.08485050604434273
v 0.17458355016239044 -0.03722966180249367 0.08776781880497796
v 0.17860068597331133 -0.03766866099937041 0.08566012980105951
v 0.1747051169406255 0.03670156271735172 0.08793375051451945
v 0.17402307955471483 0.038677003790184045 0.08739844928059791
v 0.17773056874448298 0.03873336594496071 0.08560805155151562
v 0.17554215311319507 -0.04675080330696971 0.0826180611751237
v 0.17579563212914093 -0.04233963976737257 0.08485050604434273
v 0.1782115563161568 -0.04394268244605207 0.08279276668879286
v 0.17687972336715593 0.04137447172226197 0.08478742620736222
v 0.17619522931608952 0.04480599806933275 0.08337138762692041
v 0.1788784569825985 0.043410238420518193 0.08272336971284043
v 0.17643285444944642 -0.03485625241852255 0.08788227498717215
v 0.17829279411298413 -0.031890327060973854 0.08810556448752392
v 0.1805596551825683 -0.03314527669028291 0.0864723856990146
v 0.1767553947479694 0.03480200742082886 0.0877477763845924
v 0.17773056874448298 0.03873336594496071 0.08560805155151562
v 0.18000260254380504 0.036030805391791286 0.08560779215208923
v 0.17773056874448298 0.03873336594496071 0.08560805155151562
v 0.17687972336715593 0.04137447172226197 0.08478742620736222
v 0.18111736394929243 0.03923140902891922 0.08356351867852661
v 0.18000260254380504 0.036030805391791286 0.08560779215208923
v 0.17773056874448298 0.03873336594496071 0.08560805155151562
v 0.18111736394929243 0.03923140902891922 0.08356351867852661
v 0.18111736394929243 0.03923140902891922 0.08356351867852661
v 0.1788784569825985 0.043410238420518193 0.08272336971284043
v 0.18140369513965024 0.041409059584012226 0.08234841547139825
v 0.18041622255856812 -0.0381368617052025 0.08447415562363501
v 0.17860068597331133 -0.03766866099937041 0.08566012980105951
v 0.18254915723018958 -0.03530856109479121 0.08450233860837207
v 0.1805596551825683 -0.03314527669028291 0.0864723856990146
v 0.17829279411298413 -0.031890327060973854 0.08810556448752392
v 0.1809014520738028 -0.02898056549393459 0.0877749446598086
v 0.18075847721349622 -0.04245161639622633 0.0821897393164006
v 0.17888926020576787 -0.041085805937066705 0.08390572755708535
v 0.1836390925846931 -0.03935017581922831 0.0820537377230268
v 0.1805596551825683 -0.03314527669028291 0.0864723856990146
v 0.1809014520738028 -0.02898056549393459 0.0877749446598086
v 0.18425241964019176 -0.030917253055404735 0.08524512886582068
v 0.18254915723018958 -0.03530856109479121 0.08450233860837207
v 0.1805596551825683 -0.03314527669028291 0.0864723856990146
v 0.18380689349598353 -0.03298412861133972 0.08471676275185745
v 0.1809014520738028 -0.02898056549393459 0.0877749446598086
v 0.18347203935410225 -0.024975941890639248 0.08761280475952925
v 0.1843707820725715 -0.027185288766817823 0.086427959732549
v 0.18240851696472046 0.0252593834476811 0.08811864889976649
v 0.18083312321313547 0.029139424754409688 0.08775666462964347
v 0.18513065454518693 0.026548028299537858 0.0861927302291887
v 0.18270461378054212 0.03092262605675857 0.08612057141228478
v 0.18176160531290006 0.03458227703319496 0.0852525293788675
v 0.1843791438893749 0.033527337713068504 0.08416945285037335
v 0.18176160531290006 0.03458227703319496 0.0852525293788675
v 0.18111736394929243 0.03923140902891922 0.08356351867852661
v 0.18353980363954744 0.03781630504935188 0.08283362209844823
v 0.1836390925846931 -0.03935017581922831 0.0820537377230268
v 0.18041622255856812 -0.0381368617052025 0.08447415562363501
v 0.18404757038729788 -0.03668927939157298 0.08304174436175148
v 0.18176160531290006 0.03458227703319496 0.0852525293788675
v 0.18353980363954744 0.03781630504935188 0.08283362209844823
v 0.1843791438893749 0.033527337713068504 0.08416945285037335
v 0.18254915723018958 -0.03530856109479121 0.08450233860837207
v 0.18380689349598353 -0.03298412861133972 0.08471676275185745
v 0.18533774684017953 -0.03565945985413379 0.08269866573217487
v 0.18347203935410225 -0.024975941890639248 0.08761280475952925
v 0.18214261729388778 -0.02170667751416612 0.08919999355561979
v 0.18622486236083088 -0.022005803199760546 0.0867975199918014
v 0.18214261729388778 -0.02170667751416612 0.08919999355561979
v 0.18326711380725944 -0.019028265903183753 0.08920000118501469
v 0.18608855559166135 -0.019244379957638072 0.08754147754666873
v 0.18405666462601109 0.01680810626709218 0.08920000118501469
v 0.18335744584279998 0.018757744726394257 0.08920000118501469
v 0.18617380645020273 0.017362101425851827 0.08788258016296789
v 0.18335744584279998 0.018757744726394257 0.08920000118501469
v 0.18247344311526523 0.02095903877626261 0.08920000118501469
v 0.18594332243046627 0.02204681691935996 0.08697802384558971
v 0.18247344311526523 0.02095903877626261 0.08920000118501469
v 0.18240851696472046 0.0252593834476811 0.08811864889976649
v 0.18594332243046627 0.02204681691935996 0.08697802384558971
v 0.18513065454518693 0.026548028299537858 0.0861927302291887
v 0.18270461378054212 0.03092262605675857 0.08612057141228478
v 0.18616794707492443 0.02872508566917788 0.08485574743863465
v 0.1843791438893749 0.033527337713068504 0.08416945285037335
v 0.18353980363954744 0.03781630504935188 0.08283362209844823
v 0.1862031796205432 0.034968831769572904 0.08245428095494221
v 0.18533774684017953 -0.03565945985413379 0.08269866573217487
v 0.18380689349598353 -0.03298412861133972 0.08471676275185745
v 0.18689646273452706 -0.03327697911963414 0.08271318447065744
v 0.18616794707492443 0.02872508566917788 0.08485574743863465
v 0.1843791438893749 0.033527337713068504 0.08416945285037335
v 0.18754821142271003 0.03159589536058773 0.08295960629632669
v 0.1843707820725715 -0.027185288766817823 0.086427959732549
v 0.18347203935410225 -0.024975941890639248 0.08761280475952925
v 0.18820932900782236 -0.02605412988435531 0.08444350071495242
v 0.1843791438893749 0.033527337713068504 0.08416945285037335
v 0.1862031796205432 0.034968831769572904 0.08245428095494221
v 0.18754821142271003 0.03159589536058773 0.08295960629632669
v 0.18820932900782236 -0.02605412988435531 0.08444350071495242
v 0.18622486236083088 -0.022005803199760546 0.0867975199918014
v 0.18886615887300448 -0.023312287484227326 0.08481696722439035
v 0.18666942720128252 -0.017173802237830948 0.08763380085427651
v 0.1876981290323698 -0.011577581955545264 0.0879285396378071
v 0.1890295499940464 -0.015061472654468454 0.08655838423825556
v 0.18689646273452706 -0.03327697911963414 0.08271318447065744
v 0.18730758030776504 -0.02871450369846042 0.08415903109694865
v 0.18869153728267915 -0.03142935329945475 0.08225711450270622
v 0.18622486236083088 -0.022005803199760546 0.0867975199918014
v 0.18608855559166135 -0.019244379957638072 0.08754147754666873
v 0.1893015379220042 -0.018655405930639867 0.08568322397940252
v 0.18783321509835635 0.00672378047454431 0.08833724632225869
v 0.18684046297600784 0.01095726923534713 0.0885126003344938
v 0.18920665876710704 0.008875492517510524 0.08729305681953735
v 0.18684046297600784 0.01095726923534713 0.0885126003344938
v 0.18652596405970276 0.014272751532411485 0.0882183574616313
v 0.18879715862558652 0.013210783632239273 0.08701228745805699
v 0.18652596405970276 0.014272751532411485 0.0882183574616313
v 0.18617380645020273 0.017362101425851827 0.08788258016296789
v 0.18879715862558652 0.013210783632239273 0.08701228745805699
v 0.18617380645020273 0.017362101425851827 0.08788258016296789
v 0.18594332243046627 0.02204681691935996 0.08697802384558971
v 0.189431298670355 0.02109117226642533 0.08504853461820171
v 0.18594332243046627 0.02204681691935996 0.08697802384558971
v 0.18513065454518693 0.026548028299537858 0.0861927302291887
v 0.189431298670355 0.02109117226642533 0.08504853461820171
v 0.18616794707492443 0.02872508566917788 0.08485574743863465
v 0.18754821142271003 0.03159589536058773 0.08295960629632669
v 0.18931929915331655 0.029412570443042595 0.08259023677194664
v 0.1890295499940464 -0.015061472654468454 0.08655838423825556
v 0.1876981290323698 -0.011577581955545264 0.0879285396378071
v 0.19087639761594663 -0.012048924064724806 0.08583943583984953
v 0.18920665876710704 0.008875492517510524 0.08729305681953735
v 0.18879715862558652 0.013210783632239273 0.08701228745805699
v 0.19120122673293768 0.01173879774536813 0.08566903330490037
v 0.18879715862558652 0.013210783632239273 0.08701228745805699
v 0.18979622788690695 0.01821170702650866 0.08546204019204139
v 0.19174068598707625 0.015886481085988235 0.0846217767854318
v 0.18959450668591946 0.025877921379892106 0.0835948907503292
v 0.18931929915331655 0.029412570443042595 0.08259023677194664
v 0.19069178151831065 0.027764527685931756 0.08222150048734277
v 0.1899835295315455 -0.029210746245224035 0.08220617303300147
v 0.18730758030776504 -0.02871450369846042 0.08415903109694865
v 0.19138599541847154 -0.026378327668918917 0.08220333489810104
v 0.18730758030776504 -0.02871450369846042 0.08415903109694865
v 0.18820932900782236 -0.02605412988435531 0.08444350071495242
v 0.19138599541847154 -0.026378327668918917 0.08220333489810104
v 0.18820932900782236 -0.02605412988435531 0.08444350071495242
v 0.18886615887300448 -0.023312287484227326 0.08481696722439035
v 0.19190609126837008 -0.024483184069993297 0.08242192469119834
v 0.18886615887300448 -0.023312287484227326 0.08481696722439035
v 0.1893015379220042 -0.018655405930639867 0.08568322397940252
v 0.1911832518785683 -0.02143747050064705 0.08377192322944092
v 0.1876981290323698 -0.011577581955545264 0.0879285396378071
v 0.18909929792216393 -0.007078311302693434 0.08753958545673511
v 0.19087639761594663 -0.012048924064724806 0.08583943583984953
v 0.18952726119932703 0.0008139374046687095 0.08754748950984491
v 0.18907499067003283 0.004501737808425557 0.08771851765517534
v 0.19267952880510636 0.003628252440170262 0.08538974404602938
v 0.18907499067003283 0.004501737808425557 0.08771851765517534
v 0.18920665876710704 0.008875492517510524 0.08729305681953735
v 0.19171785883755452 0.0073680118245711464 0.08579288127220862
v 0.189431298670355 0.02109117226642533 0.08504853461820171
v 0.19129895928152504 0.020819783245966686 0.08385628907817465
v 0.18979622788690695 0.01821170702650866 0.08546204019204139
v 0.1890295499940464 -0.015061472654468454 0.08655838423825556
v 0.19087639761594663 -0.012048924064724806 0.08583943583984953
v 0.19198502498793954 -0.017163542609047743 0.08420711154356829
v 0.19087639761594663 -0.012048924064724806 0.08583943583984953
v 0.18909929792216393 -0.007078311302693434 0.08753958545673511
v 0.19332892763966208 -0.00725693355696611 0.08470059606407786
v 0.19126566460220926 -0.004200216492834532 0.08629737500954969
v 0.18952726119932703 0.0008139374046687095 0.08754748950984491
v 0.19295870362305395 -0.00028407944598053697 0.08527042030989306
v 0.18959450668591946 0.025877921379892106 0.0835948907503292
v 0.19069178151831065 0.027764527685931756 0.08222150048734277
v 0.19228687436751096 0.024408774581595755 0.08218026360794271
v 0.19190609126837008 -0.024483184069993297 0.08242192469119834
v 0.1911832518785683 -0.02143747050064705 0.08377192322944092
v 0.19298368226193569 -0.021882289018478898 0.08238602075882893
v 0.18952726119932703 0.0008139374046687095 0.08754748950984491
v 0.19267952880510636 0.003628252440170262 0.08538974404602938
v 0.19295870362305395 -0.00028407944598053697 0.08527042030989306
v 0.19174068598707625 0.015886481085988235 0.0846217767854318
v 0.18979622788690695 0.01821170702650866 0.08546204019204139
v 0.19375370182975965 0.018803883492013465 0.08259071742382494
v 0.19228687436751096 0.024408774581595755 0.08218026360794271
v 0.19069178151831065 0.027764527685931756 0.08222150048734277
v 0.19248182066583291 0.027397826542415755 0.08107879260836003
v 0.19298368226193569 -0.021882289018478898 0.08238602075882893
v 0.19198502498793954 -0.017163542609047743 0.08420711154356829
v 0.19422382514310493 -0.018830483377310095 0.08224454125992152
v 0.19332892763966208 -0.00725693355696611 0.08470059606407786
v 0.19126566460220926 -0.004200216492834532 0.08629737500954969
v 0.19477100534487585 -0.003725055871510732 0.08389995973454577
v 0.19126566460220926 -0.004200216492834532 0.08629737500954969
v 0.19295870362305395 -0.00028407944598053697 0.08527042030989306
v 0.19477100534487585 -0.003725055871510732 0.08389995973454577
v 0.19322901308413515 -0.010932314438324438 0.08436767215910466
v 0.19332892763966208 -0.00725693355696611 0.08470059606407786
v 0.19575846266716818 -0.009603452184960289 0.08269552242147869
v 0.19477100534487585 -0.003725055871510732 0.08389995973454577
v 0.19295870362305395 -0.00028407944598053697 0.08527042030989306
v 0.1954636018133193 -0.0019230938871184224 0.08344738402945583
v 0.19174068598707625 0.015886481085988235 0.0846217767854318
v 0.19375370182975965 0.018803883492013465 0.08259071742382494
v 0.19472800607525537 0.016432663744376807 0.08238046655934637
v 0.19129895928152504 0.020819783245966686 0.08385628907817465
v 0.19228687436751096 0.024408774581595755 0.08218026360794271
v 0.19419745795435256 0.021562287401106786 0.08157248312253172
v 0.1942411133519339 -0.015547062658611843 0.08292490780835048
v 0.19322901308413515 -0.010932314438324438 0.08436767215910466
v 0.1953981110875524 -0.013587539364550713 0.08239757929209278
v 0.19267952880510636 0.003628252440170262 0.08538974404602938
v 0.19490451975551432 0.008179849059481442 0.08348615661430524
v 0.19560035108739265 0.003474753068026528 0.08328204741271604
v 0.1948832184849713 0.012521977065709242 0.08295685971416498
v 0.19472800607525537 0.016432663744376807 0.08238046655934637
v 0.1961933381761049 0.013922919934679654 0.08173860556694555
v 0.1954636018133193 -0.0019230938871184224 0.08344738402945583
v 0.19560035108739265 0.003474753068026528 0.08328204741271604
v 0.19745403464711758 0.0009210389693947378 0.08194052513220028
v 0.13809001815560326 -0.05312940468415576 0.08822694816028152
v 0.1363070133101729 -0.052231386758201416 0.08877434198510946
v 0.1367619083513105 -0.051498987736597925 0.08920000118501469
v 0.1363070133101729 -0.052231386758201416 0.08877434198510946
v 0.1363070133101729 -0.051501070561403885 0.08920000118501469
v 0.1367619083513105 -0.051498987736597925 0.08920000118501469
v 0.1374425877049301 -0.051488871158968975 0.08920000118501469
v 0.13817624557669103 -0.051466127932791074 0.08920000118501469
v 0.13809001815560326 -0.05312940468415576 0.08822694816028152
v 0.13809001815560326 -0.05312940468415576 0.08822694816028152
v 0.13817624557669103 -0.051466127932791074 0.08920000118501469
v 0.1390336522336266 -0.05142694336061741 0.08920000118501469
v 0.13809001815560326 -0.05312940468415576 0.08822694816028152
v 0.1390336522336266 -0.05142694336061741 0.08920000118501469
v 0.13992589470764646 -0.051369005735795205 0.08920000118501469
v 0.13992589470764646 -0.051369005735795205 0.08920000118501469
v 0.13928884023402863 -0.05369732921064244 0.08785175740759764
v 0.13809001815560326 -0.05312940468415576 0.08822694816028152
v 0.14059918880700903 -0.05131545119833939 0.08920000118501469
v 0.14159094910802136 -0.053537825266298834 0.08783956563455762
v 0.13928884023402863 -0.05369732921064244 0.08785175740759764
v 0.14159094910802136 -0.053537825266298834 0.08783956563455762
v 0.1412706671103869 -0.05125233321438442 0.08920000118501469
v 0.14194013125351287 -0.05118100981622135 0.08920000118501469
v 0.14159094910802136 -0.053537825266298834 0.08783956563455762
v 0.14194013125351287 -0.05118100981622135 0.08920000118501469
v 0.14260846624619458 -0.051099585099219115 0.08920000118501469
v 0.14260846624619458 -0.051099585099219115 0.08920000118501469
v 0.14497461626092442 -0.052132830234965545 0.08839164390785025
v 0.14159094910802136 -0.053537825266298834 0.08783956563455762
v 0.14497461626092442 -0.052132830234965545 0.08839164390785025
v 0.14305283272237898 -0.05104069761473266 0.08920000118501469
v 0.14371758189946068 -0.05094513181429509 0.08920000118501469
v 0.14497461626092442 -0.052132830234965545 0.08839164390785025
v 0.1452624275538916 -0.05068687679714582 0.08920000118501469
v 0.14592101217989925 -0.050563139456063534 0.08920000118501469
v 0.14497461626092442 -0.052132830234965545 0.08839164390785025
v 0.14592101217989925 -0.050563139456063534 0.08920000118501469
v 0.14697515041356188 -0.05034419489610368 0.08920000118501469
v 0.14697515041356188 -0.05034419489610368 0.08920000118501469
v 0.14894751684025206 -0.05114964537381365 0.0884690364896512
v 0.14497461626092442 -0.052132830234965545 0.08839164390785025
v 0.14697515041356188 -0.05034419489610368 0.08920000118501469
v 0.14788619171659964 -0.05013241052325149 0.08920000118501469
v 0.14894751684025206 -0.05114964537381365 0.0884690364896512
v 0.148320304286047 -0.05002644967227136 0.08920000118501469
v 0.14897000829639848 -0.04986009834601072 0.08920000118501469
v 0.14894751684025206 -0.05114964537381365 0.0884690364896512
v 0.14894751684025206 -0.05114964537381365 0.0884690364896512
v 0.14897000829639848 -0.04986009834601072 0.08920000118501469
v 0.14983316751708384 -0.04962447211411595 0.08920000118501469
v 0.15202022511608068 -0.05098338560029173 0.08805963553026429
v 0.1504780955262319 -0.049436853849589325 0.08920000118501469
v 0.15090685226046394 -0.04930721135685937 0.08920000118501469
v 0.14894751684025206 -0.05114964537381365 0.0884690364896512
v 0.14983316751708384 -0.04962447211411595 0.08920000118501469
v 0.1504780955262319 -0.049436853849589325 0.08920000118501469
v 0.1504780955262319 -0.049436853849589325 0.08920000118501469
v 0.15202022511608068 -0.05098338560029173 0.08805963553026429
v 0.14894751684025206 -0.05114964537381365 0.0884690364896512
v 0.15153929857956602 -0.04910830158789018 0.08920000118501469
v 0.15441522950229822 -0.04967616126452027 0.088337582015634
v 0.15202022511608068 -0.05098338560029173 0.08805963553026429
v 0.15218736989941026 -0.04889518207093161 0.08920000118501469
v 0.15281310235100595 -0.048679602074119845 0.08920000118501469
v 0.15441522950229822 -0.04967616126452027 0.088337582015634
v 0.15441522950229822 -0.04967616126452027 0.088337582015634
v 0.15281310235100595 -0.048679602074119845 0.08920000118501469
v 0.1536045757772708 -0.04839317933102331 0.08920000118501469
v 0.15513680241254765 -0.047795709972811046 0.08920000118501469
v 0.1557643811777076 -0.04753458248848433 0.08920000118501469
v 0.15441522950229822 -0.04967616126452027 0.088337582015634
v 0.1577152021932182 -0.0489869522474096 0.08794958150892372
v 0.1563883283508982 -0.047263979295699726 0.08920000118501469
v 0.1572519148176976 -0.04687352593853114 0.08920000118501469
v 0.15441522950229822 -0.04967616126452027 0.088337582015634
v 0.1557643811777076 -0.04753458248848433 0.08920000118501469
v 0.1563883283508982 -0.047263979295699726 0.08920000118501469
v 0.1563883283508982 -0.047263979295699726 0.08920000118501469
v 0.1577152021932182 -0.0489869522474096 0.08794958150892372
v 0.15441522950229822 -0.04967616126452027 0.088337582015634
v 0.1595082015459592 -0.04750420605271535 0.08828627433497437
v 0.1584333266169757 -0.0463062651694002 0.08920000118501469
v 0.15927271264317253 -0.045880449566899656 0.08920000118501469
v 0.15802861773544838 -0.04650659019112216 0.08920000118501469
v 0.1584333266169757 -0.0463062651694002 0.08920000118501469
v 0.1595082015459592 -0.04750420605271535 0.08828627433497437
v 0.162200981214875 -0.04635379248489005 0.08812492026236905
v 0.1604271163845272 -0.045260614637556734 0.08920000118501469
v 0.16123134615905418 -0.04480632994801062 0.08920000118501469
v 0.162200981214875 -0.04635379248489005 0.08812492026236905
v 0.1595082015459592 -0.04750420605271535 0.08828627433497437
v 0.16003247830425946 -0.04547671724791871 0.08920000118501469
v 0.16003247830425946 -0.04547671724791871 0.08920000118501469
v 0.1604271163845272 -0.045260614637556734 0.08920000118501469
v 0.162200981214875 -0.04635379248489005 0.08812492026236905
v 0.1619849014926977 -0.044361910066061966 0.08920000118501469
v 0.16275066385817102 -0.04389297312362264 0.08920000118501469
v 0.162200981214875 -0.04635379248489005 0.08812492026236905
v 0.1648630907163184 -0.04467395613190875 0.08813843192072567
v 0.162200981214875 -0.04635379248489005 0.08812492026236905
v 0.16275066385817102 -0.04389297312362264 0.08920000118501469
v 0.1648630907163184 -0.04467395613190875 0.08813843192072567
v 0.16275066385817102 -0.04389297312362264 0.08920000118501469
v 0.1636972276238335 -0.04328499045924697 0.08920000118501469
v 0.1648630907163184 -0.04467395613190875 0.08813843192072567
v 0.16425885789953296 -0.04291007055008181 0.08920000118501469
v 0.1650263902846216 -0.04238103304936794 0.08920000118501469
v 0.1636972276238335 -0.04328499045924697 0.08920000118501469
v 0.16425885789953296 -0.04291007055008181 0.08920000118501469
v 0.1648630907163184 -0.04467395613190875 0.08813843192072567
v 0.16778290591847875 -0.04317542090448215 0.08785379445603424
v 0.16591387201622784 -0.04174200256247265 0.08920000118501469
v 0.1664559557822098 -0.041335641916950855 0.08920000118501469
v 0.16778290591847875 -0.04317542090448215 0.08785379445603424
v 0.1648630907163184 -0.04467395613190875 0.08813843192072567
v 0.16591387201622784 -0.04174200256247265 0.08920000118501469
v 0.16988335462664314 -0.04018811226039534 0.08845833244861544
v 0.16778290591847875 -0.04317542090448215 0.08785379445603424
v 0.16765386233324794 -0.040399961483104124 0.08920000118501469
v 0.16988335462664314 -0.04018811226039534 0.08845833244861544
v 0.16765386233324794 -0.040399961483104124 0.08920000118501469
v 0.16848668707983624 -0.03971325872221601 0.08920000118501469
v 0.16988335462664314 -0.04018811226039534 0.08845833244861544
v 0.16848668707983624 -0.03971325872221601 0.08920000118501469
v 0.16935657542681778 -0.03896550935808654 0.08920000118501469
v 0.16988335462664314 -0.04018811226039534 0.08845833244861544
v 0.1698680805780661 -0.038505529325252336 0.08920000118501469
v 0.17053789567335717 -0.03788826931668601 0.08920000118501469
v 0.16935657542681778 -0.03896550935808654 0.08920000118501469
v 0.1698680805780661 -0.038505529325252336 0.08920000118501469
v 0.16988335462664314 -0.04018811226039534 0.08845833244861544
v 0.17182405906452478 -0.0377250574864241 0.08874673120498942
v 0.17053789567335717 -0.03788826931668601 0.08920000118501469
v 0.1711982960953495 -0.03725582299758392 0.08920000118501469
v 0.17182405906452478 -0.0377250574864241 0.08874673120498942
v 0.16988335462664314 -0.04018811226039534 0.08845833244861544
v 0.17053789567335717 -0.03788826931668601 0.08920000118501469
v 0.17128430989338025 -0.03717185387738466 0.08920000118501469
v 0.17245331629656133 -0.03600294284163976 0.08920000118501469
v 0.17182405906452478 -0.0377250574864241 0.08874673120498942
v 0.17458355016239044 -0.03722966180249367 0.08776781880497796
v 0.17182405906452478 -0.0377250574864241 0.08874673120498942
v 0.17245331629656133 -0.03600294284163976 0.08920000118501469
v 0.17245331629656133 -0.03600294284163976 0.08920000118501469
v 0.17415050570822818 -0.03412789316151523 0.08920000118501469
v 0.17458355016239044 -0.03722966180249367 0.08776781880497796
v 0.17643285444944642 -0.03485625241852255 0.08788227498717215
v 0.17458355016239044 -0.03722966180249367 0.08776781880497796
v 0.17415050570822818 -0.03412789316151523 0.08920000118501469
v 0.17643285444944642 -0.03485625241852255 0.08788227498717215
v 0.17415050570822818 -0.03412789316151523 0.08920000118501469
v 0.17507712623563873 -0.03302733387462233 0.08920000118501469
v 0.17507712623563873 -0.03302733387462233 0.08920000118501469
v 0.17729271777153774 -0.030158450605423125 0.08920000118501469
v 0.17643285444944642 -0.03485625241852255 0.08788227498717215
v 0.1809014520738028 -0.02898056549393459 0.0877749446598086
v 0.17729271777153774 -0.030158450605423125 0.08920000118501469
v 0.18006243225856086 -0.025777411731563466 0.08920000118501469
v 0.18347203935410225 -0.024975941890639248 0.08761280475952925
v 0.18006243225856086 -0.025777411731563466 0.08920000118501469
v 0.18214261729388778 -0.02170667751416612 0.08919999355561979
v 0.18666942720128252 -0.017173802237830948 0.08763380085427651
v 0.18326711380725944 -0.019028265903183753 0.08920000118501469
v 0.18508358117869325 -0.01346268336344215 0.08920000118501469
v 0.18645310333846862 -0.006404717272744114 0.08920000118501469
v 0.18909929792216393 -0.007078311302693434 0.08753958545673511
v 0.1876981290323698 -0.011577581955545264 0.0879285396378071
v 0.1886026395733786 -0.002917553324992968 0.08807765616100303
v 0.18909929792216393 -0.007078311302693434 0.08753958545673511
v 0.18645310333846862 -0.006404717272744114 0.08920000118501469
v 0.1886026395733786 -0.002917553324992968 0.08807765616100303
v 0.18645310333846862 -0.006404717272744114 0.08920000118501469
v 0.18681713228642313 -0.0001526939345406279 0.08920000118501469
v 0.18681713228642313 -0.0001526939345406279 0.08920000118501469
v 0.18952726119932703 0.0008139374046687095 0.08754748950984491
v 0.1886026395733786 -0.002917553324992968 0.08807765616100303
v 0.18907499067003283 0.004501737808425557 0.08771851765517534
v 0.18952726119932703 0.0008139374046687095 0.08754748950984491
v 0.18681713228642313 -0.0001526939345406279 0.08920000118501469
v 0.18783321509835635 0.00672378047454431 0.08833724632225869
v 0.18907499067003283 0.004501737808425557 0.08771851765517534
v 0.1866617978063889 0.0039277774769036515 0.08920000118501469
v 0.18629491546474417 0.007435335512461233 0.08920030636081043
v 0.18684046297600784 0.01095726923534713 0.0885126003344938
v 0.18783321509835635 0.00672378047454431 0.08833724632225869
v 0.18629491546474417 0.007435335512461233 0.08920030636081043
v 0.1851749965883087 0.013077981616348997 0.08920001644380447
v 0.18684046297600784 0.01095726923534713 0.0885126003344938
v 0.18652596405970276 0.014272751532411485 0.0882183574616313
v 0.18684046297600784 0.01095726923534713 0.0885126003344938
v 0.1851749965883087 0.013077981616348997 0.08920001644380447
v 0.18405666462601109 0.01680810626709218 0.08920000118501469
v 0.18652596405970276 0.014272751532411485 0.0882183574616313
v 0.1851749965883087 0.013077981616348997 0.08920001644380447
v 0.18617380645020273 0.017362101425851827 0.08788258016296789
v 0.18652596405970276 0.014272751532411485 0.0882183574616313
v 0.18405666462601109 0.01680810626709218 0.08920000118501469
v 0.18083312321313547 0.029139424754409688 0.08775666462964347
v 0.17941233151967492 0.026857966745045276 0.08920000118501469
v 0.17765761647051012 0.029616059756296685 0.08920000118501469
v 0.1758539664824976 0.03207497939823558 0.08920000118501469
v 0.17943129819538048 0.031964791862484375 0.08750642810652741
v 0.17765761647051012 0.029616059756296685 0.08920000118501469
v 0.1767553947479694 0.03480200742082886 0.0877477763845924
v 0.1758539664824976 0.03207497939823558 0.08920000118501469
v 0.17453623265526017 0.03368442313923083 0.08920000118501469
v 0.1747051169406255 0.03670156271735172 0.08793375051451945
v 0.1767553947479694 0.03480200742082886 0.0877477763845924
v 0.17453623265526017 0.03368442313923083 0.08920000118501469
v 0.17453623265526017 0.03368442313923083 0.08920000118501469
v 0.17319408476436313 0.03520237136196427 0.08920000118501469
v 0.1747051169406255 0.03670156271735172 0.08793375051451945
v 0.17402307955471483 0.038677003790184045 0.08739844928059791
v 0.1747051169406255 0.03670156271735172 0.08793375051451945
v 0.17227037866580194 0.03618028049654722 0.08920000118501469
v 0.17227037866580194 0.03618028049654722 0.08920000118501469
v 0.17163869528618922 0.03682292350192464 0.08920000118501469
v 0.17153174642857036 0.03820686903274642 0.08866441766348208
v 0.17153174642857036 0.03820686903274642 0.08866441766348208
v 0.17163869528618922 0.03682292350192464 0.08920000118501469
v 0.17127872517631812 0.03717748437081616 0.08920000118501469
v 0.17127872517631812 0.03717748437081616 0.08920000118501469
v 0.17052437638560566 0.03790092648281454 0.08920000118501469
v 0.17153174642857036 0.03820686903274642 0.08866441766348208
v 0.17153174642857036 0.03820686903274642 0.08866441766348208
v 0.16985714002578864 0.03851543227982426 0.08920000118501469
v 0.16917598764968564 0.0391217822536927 0.08920000118501469
v 0.17052437638560566 0.03790092648281454 0.08920000118501469
v 0.16985714002578864 0.03851543227982426 0.08920000118501469
v 0.17153174642857036 0.03820686903274642 0.08866441766348208
v 0.1683338703001169 0.042518430822007264 0.08797178304806418
v 0.16917598764968564 0.0391217822536927 0.08920000118501469
v 0.1680095599819786 0.04011198997284418 0.08920000118501469
v 0.1683338703001169 0.042518430822007264 0.08797178304806418
v 0.1717569966834098 0.04057325555871796 0.0875206798161887
v 0.16917598764968564 0.0391217822536927 0.08920000118501469
v 0.1680095599819786 0.04011198997284418 0.08920000118501469
v 0.16654914121144057 0.04126649289633247 0.08920000118501469
v 0.1683338703001169 0.042518430822007264 0.08797178304806418
v 0.1683338703001169 0.042518430822007264 0.08797178304806418
v 0.16654914121144057 0.04126649289633247 0.08920000118501469
v 0.16493567677933638 0.04244706546217228 0.08920000118501469
v 0.1669835436978939 0.044950468291038465 0.08726720842963774
v 0.16493567677933638 0.04244706546217228 0.08920000118501469
v 0.16307015239873654 0.04369588678003303 0.08920000118501469
v 0.16287955485550396 0.045826856882469374 0.08819724692596063
v 0.16307015239873654 0.04369588678003303 0.08920000118501469
v 0.1611538772833043 0.04485806868948175 0.08920000118501469
v 0.16287955485550396 0.045826856882469374 0.08819724692596063
v 0.1611538772833043 0.04485806868948175 0.08920000118501469
v 0.15976265712445145 0.045622808716039326 0.08920000118501469
v 0.16006472012707992 0.04856202546941416 0.08756470905411982
v 0.15976265712445145 0.045622808716039326 0.08920000118501469
v 0.15855721273125842 0.04624720220883119 0.08920000118501469
v 0.1579211958553461 0.04951921316746603 0.08760297809890626
v 0.15855721273125842 0.04624720220883119 0.08920000118501469
v 0.15724248488560907 0.04687754662964008 0.08920000118501469
v 0.15724248488560907 0.04687754662964008 0.08920000118501469
v 0.15632346323551258 0.04729254756487891 0.08920000118501469
v 0.1579211958553461 0.04951921316746603 0.08760297809890626
v 0.15462267274945593 0.04998792504275599 0.08811753500811202
v 0.15632346323551258 0.04729254756487891 0.08920000118501469
v 0.15549030279554896 0.04765013348884575 0.08920000118501469
v 0.15462267274945593 0.04998792504275599 0.08811753500811202
v 0.15360175290116015 0.048394174967056926 0.08920000118501469
v 0.15296660577626572 0.04862629930669552 0.08920000118501469
v 0.154469825452157 0.048066095727841186 0.08920000118501469
v 0.15360175290116015 0.048394174967056926 0.08920000118501469
v 0.15462267274945593 0.04998792504275599 0.08811753500811202
v 0.15462267274945593 0.04998792504275599 0.08811753500811202
v 0.15296660577626572 0.04862629930669552 0.08920000118501469
v 0.15173471790037138 0.04904720157888457 0.08920000118501469
v 0.15082814742274128 0.05165390641461046 0.08788931691865896
v 0.15462267274945593 0.04998792504275599 0.08811753500811202
v 0.15173471790037138 0.04904720157888457 0.08920000118501469
v 0.15173471790037138 0.04904720157888457 0.08920000118501469
v 0.15019214580561877 0.04952245184559837 0.08920000118501469
v 0.15082814742274128 0.05165390641461046 0.08788931691865896
v 0.15082814742274128 0.05165390641461046 0.08788931691865896
v 0.15019214580561877 0.04952245184559837 0.08920000118501469
v 0.14889879552446136 0.04988060234478734 0.08920000118501469
v 0.14889879552446136 0.04988060234478734 0.08920000118501469
v 0.14761662993621802 0.05019677209857413 0.08920000118501469
v 0.15082814742274128 0.05165390641461046 0.08788931691865896
v 0.14779582916347953 0.052768145206547636 0.08769464527855318
v 0.15082814742274128 0.05165390641461046 0.08788931691865896
v 0.14761662993621802 0.05019677209857413 0.08920000118501469
v 0.14761662993621802 0.05019677209857413 0.08920000118501469
v 0.14650983361899958 0.05044194651817827 0.08920000118501469
v 0.14779582916347953 0.052768145206547636 0.08769464527855318
v 0.14779582916347953 0.052768145206547636 0.08769464527855318
v 0.14650983361899958 0.05044194651817827 0.08920000118501469
v 0.145189170104123 0.05070234539529265 0.08920000118501469
v 0.1442168647600894 0.05274709570603612 0.08810900534462095
v 0.145189170104123 0.05070234539529265 0.08920000118501469
v 0.14387302319102344 0.050921766792433355 0.08920000118501469
v 0.14091925718158646 0.05316769661712687 0.08810184897221073
v 0.1442168647600894 0.05274709570603612 0.08810900534462095
v 0.14276482306514457 0.051080061477686324 0.08920000118501469
v 0.14091925718158646 0.05316769661712687 0.08810184897221073
v 0.14187830263729492 0.05118750624597327 0.08920000118501469
v 0.1410436926123015 0.05127649550801253 0.08920000118501469
v 0.14091925718158646 0.05316769661712687 0.08810184897221073
v 0.14276482306514457 0.051080061477686324 0.08920000118501469
v 0.14187830263729492 0.05118750624597327 0.08920000118501469
v 0.13969173331957127 0.051386244353557355 0.08920000118501469
v 0.13821187485084427 0.05311162819405361 0.08823524894192579
v 0.14091925718158646 0.05316769661712687 0.08810184897221073
v 0.13969173331957127 0.051386244353557355 0.08920000118501469
v 0.1387880009768416 0.0514390435809187 0.08920000118501469
v 0.13821187485084427 0.05311162819405361 0.08823524894192579
v 0.1363070133101729 0.052231386758201416 0.08877434198510946
v 0.13821187485084427 0.05311162819405361 0.08823524894192579
v 0.13699585611632867 0.05149629074550303 0.08920000118501469
v 0.13699585611632867 0.05149629074550303 0.08920000118501469
v 0.1365475070960098 0.05150048691269452 0.08920000118501469
v 0.1363070133101729 0.052231386758201416 0.08877434198510946
v 0.13821187485084427 0.05311162819405361 0.08823524894192579
v 0.13789026533849832 0.05147653824212343 0.08920000118501469
v 0.13699585611632867 0.05149629074550303 0.08920000118501469
v 0.1363070133101729 0.06233415518239309 0.08199666984922248
v 0.1363070133101729 0.06250000296859075 0.08187032706978402
v 0.13685225564564082 0.062497626412081383 0.08187025840522998
v 0.13685225564564082 0.062497626412081383 0.08187025840522998
v 0.1383800419730896 0.06049432660379499 0.08334955229873485
v 0.1363070133101729 0.06233415518239309 0.08199666984922248
v 0.1383800419730896 0.06049432660379499 0.08334955229873485
v 0.13739778789811471 0.06249048529846095 0.08187006004096274
v 0.137942862386895 0.062478591071821785 0.08186971671819253
v 0.137942862386895 0.062478591071821785 0.08186971671819253
v 0.13848763169987952 0.062461951361558785 0.08187088401561125
v 0.1383800419730896 0.06049432660379499 0.08334955229873485
v 0.1383800419730896 0.06049432660379499 0.08334955229873485
v 0.13903296558808617 0.06244052802069748 0.08186863334411763
v 0.13957800955928687 0.06241434775212 0.08186788566341806
v 0.14121056273741492 0.06230734930343433 0.08186503989912274
v 0.1383800419730896 0.06049432660379499 0.08334955229873485
v 0.14066680050455635 0.06234775457879098 0.08186599357348444
v 0.1383800419730896 0.06049432660379499 0.08334955229873485
v 0.14012224481462884 0.062383444888103365 0.08186700828300529
v 0.14066680050455635 0.06234775457879098 0.08186599357348444
v 0.14175424867632455 0.06226217184157172 0.08186355216711848
v 0.14207923038121348 0.06223288259457509 0.08186272056307507
v 0.14121056273741492 0.06230734930343433 0.08186503989912274
v 0.1406944036552815 0.06061308576470918 0.08316565336421887
v 0.14121056273741492 0.06230734930343433 0.08186503989912274
v 0.14207923038121348 0.06223288259457509 0.08186272056307507
v 0.1438285438187936 0.060308432582514324 0.08315578855662141
v 0.1406944036552815 0.06061308576470918 0.08316565336421887
v 0.14284004889879573 0.062157622428646905 0.08186058433250486
v 0.1406944036552815 0.06061308576470918 0.08316565336421887
v 0.1422788916455797 0.06221403798918783 0.08186218650543252
v 0.14284004889879573 0.062157622428646905 0.08186058433250486
v 0.1438285438187936 0.060308432582514324 0.08315578855662141
v 0.1433404609098687 0.06210306844046003 0.08185918815323932
v 0.14392385021980478 0.06203413685759611 0.08185707481085379
v 0.1438285438187936 0.060308432582514324 0.08315578855662141
v 0.14435349196384448 0.061979769789584124 0.08185553367308528
v 0.14508101580211094 0.06188140018652315 0.08185273368515932
v 0.1438285438187936 0.060308432582514324 0.08315578855662141
v 0.14554540181049622 0.06181344898090306 0.08185081870704101
v 0.14608417441909435 0.06173052508780423 0.08184846885341378
v 0.1438285438187936 0.060308432582514324 0.08315578855662141
v 0.14508101580211094 0.06188140018652315 0.08185273368515932
v 0.14554540181049622 0.06181344898090306 0.08185081870704101
v 0.14716094143801148 0.06155032640981166 0.08184660728105973
v 0.14610727622683226 0.0586635693757254 0.08409089297115367
v 0.14662274866342526 0.0616428099347122 0.08184598930007335
v 0.14610727622683226 0.0586635693757254 0.08409089297115367
v 0.14608417441909435 0.06173052508780423 0.08184846885341378
v 0.14662274866342526 0.0616428099347122 0.08184598930007335
v 0.1482331765963618 0.061351588302227575 0.08184027488329802
v 0.14716094143801148 0.06155032640981166 0.08184660728105973
v 0.14769695220565812 0.06145339494768813 0.08184063346485802
v 0.1489382547548512 0.058609072608000225 0.0837357980446196
v 0.1482331765963618 0.061351588302227575 0.08184027488329802
v 0.1487676767438195 0.061245261240292545 0.08183476646018482
v 0.1489382547548512 0.058609072608000225 0.0837357980446196
v 0.14930149024573677 0.06113422684170815 0.08183163840827844
v 0.14983461710211363 0.06101847366238204 0.08182838065665886
v 0.1489382547548512 0.058609072608000225 0.0837357980446196
v 0.15036646222014835 0.06089813140202742 0.08182500083472098
v 0.1508974375871652 0.060773100878510664 0.08182149894246481
v 0.1508974375871652 0.060773100878510664 0.08182149894246481
v 0.15196347767686189 0.058218485736421 0.08347468963378012
v 0.1489382547548512 0.058609072608000225 0.0837357980446196
v 0.15196347767686189 0.058218485736421 0.08347468963378012
v 0.15127112534905504 0.060682803175247144 0.08181888206001629
v 0.15195581776438868 0.06050921918262735 0.08181410605881288
v 0.15196347767686189 0.058218485736421 0.08347468963378012
v 0.15248320731580553 0.060370368010260786 0.08181022269681203
v 0.15300942194040876 0.06022690486868103 0.08180621726449287
v 0.15196347767686189 0.058218485736421 0.08347468963378012
v 0.15195581776438868 0.06050921918262735 0.08181410605881288
v 0.15248320731580553 0.060370368010260786 0.08181022269681203
v 0.15435279053448878 0.05770458495517609 0.0833243447780063
v 0.15196347767686189 0.058218485736421 0.08347468963378012
v 0.15353435482666986 0.060078860275467647 0.08180208976185542
v 0.15196347767686189 0.058218485736421 0.08347468963378012
v 0.15300942194040876 0.06022690486868103 0.08180621726449287
v 0.15353435482666986 0.060078860275467647 0.08180208976185542
v 0.15435279053448878 0.05770458495517609 0.0833243447780063
v 0.15405794493942968 0.05992624567471298 0.08179784781829456
v 0.15460288209910186 0.05976231668133107 0.08179311759346052
v 0.15730165847240404 0.0573298176339088 0.08286437618926444
v 0.15435279053448878 0.05770458495517609 0.0833243447780063
v 0.15562058234275253 0.05944103523296555 0.0817843895657022
v 0.15435279053448878 0.05770458495517609 0.0833243447780063
v 0.15509117863108376 0.059610495537645344 0.0817890740141669
v 0.15562058234275253 0.05944103523296555 0.0817843895657022
v 0.15730165847240404 0.0573298176339088 0.08286437618926444
v 0.15609127023131994 0.059286269142850886 0.08178010947516688
v 0.1566550214787998 0.059094912474826386 0.0817748223045056
v 0.15768328080498326 0.058730791974133154 0.08176480490901027
v 0.15819478595623157 0.058542082706136735 0.0817596245498775
v 0.15730165847240404 0.0573298176339088 0.08286437618926444
v 0.15730165847240404 0.0573298176339088 0.08286437618926444
v 0.1571697920110626 0.05891514867234275 0.08176987082721963
v 0.15768328080498326 0.058730791974133154 0.08176480490901027
v 0.15730165847240404 0.0573298176339088 0.08286437618926444
v 0.1592131118102635 0.05815118684406432 0.08174892813823663
v 0.15971993251304714 0.05794899262059342 0.08174341971512343
v 0.15730165847240404 0.0573298176339088 0.08286437618926444
v 0.15873952475163652 0.058335844903372215 0.08175384146854812
v 0.1592131118102635 0.05815118684406432 0.08174892813823663
v 0.16074379730777186 0.056137888713769825 0.0826961175142804
v 0.16022446439736268 0.057742583156443796 0.08173779685108683
v 0.1607277145433361 0.057531557908383525 0.08173206717552171
v 0.16074379730777186 0.056137888713769825 0.0826961175142804
v 0.15971993251304714 0.05794899262059342 0.08174341971512343
v 0.16022446439736268 0.057742583156443796 0.08173779685108683
v 0.16074379730777186 0.056137888713769825 0.0826961175142804
v 0.1607277145433361 0.057531557908383525 0.08173206717552171
v 0.16122853854173333 0.05731638608419857 0.08172623831782298
v 0.16074379730777186 0.056137888713769825 0.0826961175142804
v 0.16222501380878993 0.056872732956436724 0.08171426779723488
v 0.1627206498186595 0.056644240208767495 0.08170811850495062
v 0.16074379730777186 0.056137888713769825 0.0826961175142804
v 0.16172805028420886 0.05709659466140552 0.08172030264859574
v 0.16222501380878993 0.056872732956436724 0.08171426779723488
v 0.16183219152450687 0.0548087146088894 0.0832473718129245
v 0.16321407330400992 0.056411524591024644 0.08170187765992763
v 0.163704795983568 0.05617483405854221 0.08169637686620933
v 0.16183219152450687 0.0548087146088894 0.0832473718129245
v 0.1627206498186595 0.056644240208767495 0.08170811850495062
v 0.16321407330400992 0.056411524591024644 0.08170187765992763
v 0.1646230699529649 0.053732126880752275 0.08301832211942804
v 0.16419469468847755 0.055933241639840627 0.0816891060528757
v 0.16468141956511137 0.05568791081764116 0.08168257529084676
v 0.1646230699529649 0.053732126880752275 0.08301832211942804
v 0.163704795983568 0.05617483405854221 0.08169637686620933
v 0.16419469468847755 0.055933241639840627 0.0816891060528757
v 0.1646230699529649 0.053732126880752275 0.08301832211942804
v 0.16516658804518689 0.0554380328760851 0.0816759453466842
v 0.1656489946843109 0.055184225796158816 0.0816692314791778
v 0.1646230699529649 0.053732126880752275 0.08301832211942804
v 0.16468141956511137 0.05568791081764116 0.08168257529084676
v 0.16516658804518689 0.0554380328760851 0.0816759453466842
v 0.1646230699529649 0.053732126880752275 0.08301832211942804
v 0.1656489946843109 0.055184225796158816 0.0816692314791778
v 0.16612967708018897 0.054925940261429974 0.0816624184295378
v 0.1646230699529649 0.053732126880752275 0.08301832211942804
v 0.16708368713526764 0.054397120198470574 0.0816485329308314
v 0.16755701479446825 0.05412658948493746 0.0816414681111599
v 0.1646230699529649 0.053732126880752275 0.08301832211942804
v 0.16660761289390533 0.05466373321772581 0.08165552145655396
v 0.16708368713526764 0.054397120198470574 0.0816485329308314
v 0.16700418884047605 0.05225009403448059 0.0830801354768562
v 0.16755701479446825 0.05412658948493746 0.0816414681111599
v 0.16802832829341693 0.053851729089802215 0.08163431173874967
v 0.16700418884047605 0.05225009403448059 0.0830801354768562
v 0.1689632953788411 0.05328993478211256 0.08161975485329263
v 0.16942696422410639 0.05300300849895304 0.08161236196964071
v 0.16700418884047605 0.05225009403448059 0.0830801354768562
v 0.16849689521020392 0.053572958629783986 0.08162707907239052
v 0.1689632953788411 0.05328993478211256 0.08161975485329263
v 0.16823722112560444 0.050657064936598974 0.08358516327183983
v 0.16942696422410639 0.05300300849895304 0.08161236196964071
v 0.16988832899211379 0.05271190893678671 0.08160488516264496
v 0.17064170122027986 0.05097172025549938 0.0823827019720502
v 0.170803139216229 0.052117830844604675 0.08158971029620153
v 0.17125656941354703 0.05181485231458897 0.08158201986614876
v 0.17064170122027986 0.05097172025549938 0.0823827019720502
v 0.17034696243674927 0.052416914568527186 0.08159733969109516
v 0.170803139216229 0.052117830844604675 0.08158971029620153
v 0.17064170122027986 0.05097172025549938 0.0823827019720502
v 0.17125656941354703 0.05181485231458897 0.08158201986614876
v 0.171707420875391 0.051507875981649 0.08157425314214704
v 0.17310598051213152 0.04890682834223673 0.08253419886645295
v 0.17260092982896322 0.05088223126809458 0.08155852895927128
v 0.17304358732069144 0.05056356288748013 0.08155057150039723
v 0.17310598051213152 0.04890682834223673 0.08253419886645295
v 0.17215554101386307 0.051197004842615836 0.08156642538298618
v 0.17260092982896322 0.05088223126809458 0.08155852895927128
v 0.17310598051213152 0.04890682834223673 0.08253419886645295
v 0.17348339141872945 0.05024109125351121 0.08154255300636402
v 0.17392044893460576 0.04991472099875164 0.08153447347717167
v 0.17310598051213152 0.04890682834223673 0.08253419886645295
v 0.17435453098647355 0.04958464667277122 0.08152633291282017
v 0.17478585119738985 0.04925067372600015 0.08151813894270442
v 0.17310598051213152 0.04890682834223673 0.08253419886645295
v 0.17392044893460576 0.04991472099875164 0.08153447347717167
v 0.17435453098647355 0.04958464667277122 0.08152633291282017
v 0.17519634316024654 0.04600283269038832 0.08321221556125467
v 0.17521407387397933 0.04891309970483929 0.0815098991962193
v 0.17563953470961732 0.048571623248190345 0.08150159841457504
v 0.17519634316024654 0.04600283269038832 0.08321221556125467
v 0.17310598051213152 0.04890682834223673 0.08253419886645295
v 0.17521407387397933 0.04891309970483929 0.0815098991962193
v 0.17519634316024654 0.04600283269038832 0.08321221556125467
v 0.17563953470961732 0.048571623248190345 0.08150159841457504
v 0.17606176068182042 0.04822665634337756 0.0814932594859563
v 0.17519634316024654 0.04600283269038832 0.08321221556125467
v 0.1764812400718618 0.04787777937368179 0.08148486715157331
v 0.17685469895190484 0.047562250489066066 0.08147737508578777
v 0.17519634316024654 0.04600283269038832 0.08321221556125467
v 0.17685469895190484 0.047562250489066066 0.08147737508578777
v 0.1773107078846969 0.04716935191083407 0.08146796041248903
v 0.17519634316024654 0.04600283269038832 0.08321221556125467
v 0.17772057423717233 0.04680991204390808 0.08145944600778775
v 0.17619522931608952 0.04480599806933275 0.08337138762692041
v 0.17619522931608952 0.04480599806933275 0.08337138762692041
v 0.17812767874869626 0.04644655448270421 0.08145089345611199
v 0.1785311821858304 0.04608004598140927 0.08144231038685666
v 0.17619522931608952 0.04480599806933275 0.08337138762692041
v 0.17772057423717233 0.04680991204390808 0.08145944600778775
v 0.17812767874869626 0.04644655448270421 0.08145089345611199
v 0.1788784569825985 0.043410238420518193 0.08272336971284043
v 0.17893190852322324 0.04570960834174412 0.08143368917062686
v 0.1793289269746978 0.04533614183230619 0.08142504506621238
v 0.1788784569825985 0.043410238420518193 0.08272336971284043
v 0.1793289269746978 0.04533614183230619 0.08142504506621238
v 0.17972316832643107 0.044958738555103156 0.08141636281482344
v 0.1788784569825985 0.043410238420518193 0.08272336971284043
v 0.18050118350010355 0.04419417781932558 0.08139894490628129
v 0.18088543034452617 0.04380656641175487 0.0813901939903383
v 0.1788784569825985 0.043410238420518193 0.08272336971284043
v 0.18014084717927756 0.04455174085510774 0.08140713887639704
v 0.18050118350010355 0.04419417781932558 0.08139894490628129
v 0.18140369513965024 0.041409059584012226 0.08234841547139825
v 0.18126575567997347 0.043416151201560754 0.08138144307439531
v 0.18164313606899182 0.04302192510861727 0.08137266164087274
v 0.18140369513965024 0.041409059584012226 0.08234841547139825
v 0.18201662546661443 0.042624899027747826 0.08136388020735018
v 0.1823870478474898 0.04222417650505242 0.08135508351503783
v 0.1823870478474898 0.04222417650505242 0.08135508351503783
v 0.18277518568330817 0.04179701431435315 0.08134586720600633
v 0.18140369513965024 0.041409059584012226 0.08234841547139825
v 0.18140369513965024 0.041409059584012226 0.08234841547139825
v 0.18277518568330817 0.04179701431435315 0.08134586720600633
v 0.1834590388652035 0.04102352718655003 0.08133122639720546
v 0.18353980363954744 0.03781630504935188 0.08283362209844823
v 0.18140369513965024 0.041409059584012226 0.08234841547139825
v 0.18387082782519212 0.04054540445265878 0.08131890492445225
v 0.18353980363954744 0.03781630504935188 0.08283362209844823
v 0.18387082782519212 0.04054540445265878 0.08131890492445225
v 0.18418479268385465 0.04017422676168894 0.0813110619065016
v 0.18418479268385465 0.04017422676168894 0.0813110619065016
v 0.18458263510997772 0.03969578359321216 0.08130094532887265
v 0.18353980363954744 0.03781630504935188 0.08283362209844823
v 0.18353980363954744 0.03781630504935188 0.08283362209844823
v 0.18458263510997772 0.03969578359321216 0.08130094532887265
v 0.18487864037306065 0.039332525214141906 0.08129347615127179
v 0.18353980363954744 0.03781630504935188 0.08283362209844823
v 0.18487864037306065 0.039332525214141906 0.08129347615127179
v 0.1852201015709198 0.03890707200789881 0.08128470234714412
v 0.18353980363954744 0.03781630504935188 0.08283362209844823
v 0.185557687036173 0.038478845516611876 0.08127594380180624
v 0.18589164090945684 0.038047529120393025 0.08126720051525814
v 0.1862031796205432 0.034968831769572904 0.08245428095494221
v 0.1862217343089245 0.03761343943913034 0.08125848011689472
v 0.18654808930489428 0.03717639718204382 0.08124978260671599
v 0.1862031796205432 0.034968831769572904 0.08245428095494221
v 0.18353980363954744 0.03781630504935188 0.08283362209844823
v 0.1862217343089245 0.03761343943913034 0.08125848011689472
v 0.18687058382704788 0.03673658163991347 0.08124110798472194
v 0.1871892331341751 0.03629393940697503 0.08123246388030746
v 0.1862031796205432 0.034968831769572904 0.08245428095494221
v 0.1862031796205432 0.034968831769572904 0.08245428095494221
v 0.1875034726510538 0.03584930590196935 0.08122587208311936
v 0.18781487403303207 0.03540043045340282 0.08121527485361212
v 0.18781487403303207 0.03540043045340282 0.08121527485361212
v 0.18812160622533544 0.03494994520251373 0.08120759968234913
v 0.1862031796205432 0.034968831769572904 0.08245428095494221
v 0.1862031796205432 0.034968831769572904 0.08245428095494221
v 0.18812160622533544 0.03494994520251373 0.08120759968234913
v 0.18842482889598774 0.03449613735014847 0.08119823841481465
v 0.18842482889598774 0.03449613735014847 0.08119823841481465
v 0.1887239316933975 0.0340399414971815 0.08118978504527251
v 0.1862031796205432 0.034968831769572904 0.08245428095494221
v 0.18754821142271003 0.03159589536058773 0.08295960629632669
v 0.1862031796205432 0.034968831769572904 0.08245428095494221
v 0.18901891461756468 0.03358133475542815 0.08118137745209973
v 0.18754821142271003 0.03159589536058773 0.08295960629632669
v 0.18901891461756468 0.03358133475542815 0.08118137745209973
v 0.1893100218091259 0.03311995472863096 0.08117300800590142
v 0.18959693283349563 0.03265630877155037 0.08116470722425716
v 0.1898799681252594 0.032189881900031046 0.08115645221898225
v 0.18754821142271003 0.03159589536058773 0.08295960629632669
v 0.19015873095588273 0.031721332149382574 0.0811482582488665
v 0.19043360279511032 0.031250001484295374 0.081140117684515
v 0.18754821142271003 0.03159589536058773 0.08295960629632669
v 0.18931929915331655 0.029412570443042595 0.08259023677194664
v 0.18754821142271003 0.03159589536058773 0.08295960629632669
v 0.19070412587924854 0.030776694805930725 0.08113205341411243
v 0.18931929915331655 0.029412570443042595 0.08259023677194664
v 0.19070412587924854 0.030776694805930725 0.08113205341411243
v 0.19097074271320122 0.030300603398429903 0.08112404254947413
v 0.19123294975690538 0.029822684750852056 0.08111610797878475
v 0.19149123529163423 0.029341973744743143 0.08110824207264943
v 0.18931929915331655 0.029412570443042595 0.08259023677194664
v 0.19069178151831065 0.027764527685931756 0.08222150048734277
v 0.18931929915331655 0.029412570443042595 0.08259023677194664
v 0.19174503474216562 0.028859589993803798 0.08110046008985793
v 0.19199492794251147 0.02837440816228722 0.08109274677162047
v 0.19224024350592112 0.027887706173838085 0.08108511737672684
v 0.19069178151831065 0.027764527685931756 0.08222150048734277
v 0.1927187591536494 0.026906602230143423 0.08107010272757618
v 0.19228687436751096 0.024408774581595755 0.08218026360794271
v 0.19248182066583291 0.027397826542415755 0.08107879260836003
v 0.19295125733363777 0.026413642230532792 0.08106274036150383
v 0.1931797424519121 0.025918015757406838 0.08105546191877532
v 0.19228687436751096 0.024408774581595755 0.08218026360794271
v 0.1934036041568809 0.025421040788733435 0.08104828265818041
v 0.1936233917649765 0.024921542397698965 0.08104119495032423
v 0.19228687436751096 0.024408774581595755 0.08218026360794271
v 0.19425600593076625 0.023412913480828093 0.08102055743713697
v 0.19228687436751096 0.024408774581595755 0.08218026360794271
v 0.1940499207158996 0.02391668242565427 0.08102824786718975
v 0.19419745795435256 0.021562287401106786 0.08157248312253172
v 0.19228687436751096 0.024408774581595755 0.08218026360794271
v 0.19445820015423715 0.022906125202972763 0.08101388934599994
v 0.19445820015423715 0.022906125202972763 0.08101388934599994
v 0.1946557862231923 0.0223979979663136 0.08100733569578632
v 0.19419745795435256 0.021562287401106786 0.08157248312253172
v 0.19419745795435256 0.021562287401106786 0.08157248312253172
v 0.19503780528430598 0.021376259865415484 0.08099457171812928
v 0.1952221467237258 0.020862803496423124 0.08098836902008076
v 0.19375370182975965 0.018803883492013465 0.08259071742382494
v 0.19419745795435256 0.021562287401106786 0.08157248312253172
v 0.1954019257849992 0.020348010075975656 0.08098228076295565
v 0.1954019257849992 0.020348010075975656 0.08098228076295565
v 0.19557727979723433 0.01983145426530776 0.08097632220554372
v 0.19375370182975965 0.018803883492013465 0.08259071742382494
v 0.19607605911780007 0.01827323237427959 0.08095921710219221
v 0.19472800607525537 0.016432663744376807 0.08238046655934637
v 0.19375370182975965 0.018803883492013465 0.08259071742382494
v 0.19375370182975965 0.018803883492013465 0.08259071742382494
v 0.19591434646363476 0.01879406636813409 0.08096478656046456
v 0.19607605911780007 0.01827323237427959 0.08095921710219221
v 0.19623325517018836 0.01775095261009275 0.08095377734363306
v 0.19638587358564047 0.017227335794450804 0.08094847491418199
v 0.19472800607525537 0.016432663744376807 0.08238046655934637
v 0.1961933381761049 0.013922919934679654 0.08173860556694555
v 0.19472800607525537 0.016432663744376807 0.08238046655934637
v 0.19667737750573616 0.0161761901909352 0.080938289671999
v 0.19667737750573616 0.0161761901909352 0.080938289671999
v 0.19681623249280017 0.015648823527703037 0.08093340685926707
v 0.1961933381761049 0.013922919934679654 0.08173860556694555
v 0.19708010274459115 0.014590449072525722 0.08092408373870706
v 0.1972051485268977 0.014059441280580573 0.08091963580148408
v 0.1961933381761049 0.013922919934679654 0.08173860556694555
v 0.1961933381761049 0.013922919934679654 0.08173860556694555
v 0.19744124778127586 0.012994481703935698 0.08091121294952151
v 0.19755227073576792 0.012460692043877461 0.08090723040538704
v 0.19689241963020793 0.009964521881370432 0.08177238089813964
v 0.1961933381761049 0.013922919934679654 0.08173860556694555
v 0.1976587160533238 0.01192556247134103 0.08090340044915044
v 0.1976587160533238 0.01192556247134103 0.08090340044915044
v 0.19781371483998272 0.011102544358214124 0.08089804461393511
v 0.19689241963020793 0.009964521881370432 0.08177238089813964
v 0.19812046229107588 0.00923841138850801 0.08088666155675382
v 0.19736141379310895 0.0065107935183220155 0.08175990683748856
v 0.19689241963020793 0.009964521881370432 0.08177238089813964
v 0.19689241963020793 0.009964521881370432 0.08177238089813964
v 0.19803753076858216 0.009777154433200937 0.0808896827971317
v 0.19812046229107588 0.00923841138850801 0.08088666155675382
v 0.19736141379310895 0.0065107935183220155 0.08175990683748856
v 0.19827227199066927 0.00815825310356067 0.08088111498666616
v 0.19834115016776893 0.0076168345254459865 0.08087858965695637
v 0.19736141379310895 0.0065107935183220155 0.08175990683748856
v 0.19846463955351717 0.006533029389739491 0.08087405779638955
v 0.1985193117973249 0.005990003870325337 0.08087204363613763
v 0.19736141379310895 0.0065107935183220155 0.08175990683748856
v 0.1986143740576995 0.004903379673205647 0.08086853411448656
v 0.19865476407426635 0.0043597800418257475 0.08086703875308741
v 0.19865476407426635 0.0043597800418257475 0.08086703875308741
v 0.19749274619680784 0.0036381034194894767 0.0818292809252563
v 0.19736141379310895 0.0065107935183220155 0.08175990683748856
v 0.19749274619680784 0.0036381034194894767 0.0818292809252563
v 0.19872136869168772 0.003270997441206932 0.08086457445853677
v 0.19874753751617286 0.0027259811265627227 0.08086360552538528
v 0.19874753751617286 0.0027259811265627227 0.08086360552538528
v 0.19745403464711758 0.0009210389693947378 0.08194052513220028
v 0.19749274619680784 0.0036381034194894767 0.0818292809252563
v 0.19879749479393632 0.00109077542240689 0.08086175158242613
v 0.19745403464711758 0.0009210389693947378 0.08194052513220028
v 0.19878559293790227 0.0016366200032342387 0.08086265948041847
v 0.19880701627876357 1.5644958054547044e-06 0.08086199572306273
v 0.19745403464711758 0.0009210389693947378 0.08194052513220028
v 0.19880463590755676 0.0005452612301412241 0.08086148455360485
v 0.19878559293790227 -0.001636870938800662 0.08086252215131039
v 0.19760587486429054 -0.0028753708774632864 0.08176816184276346
v 0.19879749479393632 -0.00109077542240689 0.08086175158242613
v 0.19760587486429054 -0.0028753708774632864 0.08176816184276346
v 0.19880463590755676 -0.0005455140730563707 0.08086148455360485
v 0.19879749479393632 -0.00109077542240689 0.08086175158242613
v 0.19760587486429054 -0.0028753708774632864 0.08176816184276346
v 0.19876896085703416 -0.002180916412944657 0.08086252215131039
v 0.19874752225738307 -0.002726234327105755 0.08086360552538528
v 0.19760587486429054 -0.0028753708774632864 0.08176816184276346
v 0.19872136869168772 -0.003270997441206932 0.08086457445853677
v 0.19869043912478895 -0.00381551474574138 0.08086571886777082
v 0.19760587486429054 -0.0028753708774632864 0.08176816184276346
v 0.19869043912478895 -0.00381551474574138 0.08086571886777082
v 0.19865476407426635 -0.0043597800418257475 0.08086703875308741
v 0.19760587486429054 -0.0028753708774632864 0.08176816184276346
v 0.1986143587989097 -0.00490363335058586 0.08086853411448656
v 0.19856919278113944 -0.005447234412477301 0.08087020495196827
v 0.19691835957284626 -0.00606094770609245 0.08214368828882267
v 0.19856919278113944 -0.005447234412477301 0.08087020495196827
v 0.19851928127974533 -0.005990258024542731 0.08087204363613763
v 0.19691835957284626 -0.00606094770609245 0.08214368828882267
v 0.19846463955351717 -0.006533029389739491 0.08087405779638955
v 0.19840526760245497 -0.007075058319445664 0.08087623980332913
v 0.19691835957284626 -0.00606094770609245 0.08214368828882267
v 0.19840526760245497 -0.007075058319445664 0.08087623980332913
v 0.19834115016776893 -0.0076168345254459865 0.08087858965695637
v 0.19691835957284626 -0.00606094770609245 0.08214368828882267
v 0.1982723482846182 -0.008157703787128328 0.08088111498666616
v 0.19819877040026407 -0.008698318894593276 0.0808838081630636
v 0.19812053858502482 -0.009237863979424393 0.08088666155675382
v 0.19803753076858216 -0.009777154433200937 0.0808896827971317
v 0.19575846266716818 -0.009603452184960289 0.08269552242147869
v 0.19575846266716818 -0.009603452184960289 0.08269552242147869
v 0.19819877040026407 -0.008698318894593276 0.0808838081630636
v 0.19812053858502482 -0.009237863979424393 0.08088666155675382
v 0.1959752137760961 -0.011250594673473675 0.08231679162956416
v 0.19575846266716818 -0.009603452184960289 0.08269552242147869
v 0.19785750756667214 -0.010853011646776996 0.08089622118855554
v 0.19575846266716818 -0.009603452184960289 0.08269552242147869
v 0.1979429110131114 -0.010358227268112426 0.08089312365422872
v 0.19785750756667214 -0.010853011646776996 0.08089622118855554
v 0.1959752137760961 -0.011250594673473675 0.08231679162956416
v 0.19776050743999457 -0.0113894143745863 0.0808997307102066
v 0.1976587160533238 -0.01192556247134103 0.08090340044915044
v 0.1959752137760961 -0.011250594673473675 0.08231679162956416
v 0.1976587160533238 -0.01192556247134103 0.08090340044915044
v 0.19755237754729643 -0.012460149403165652 0.08090722277599215
v 0.1959752137760961 -0.011250594673473675 0.08231679162956416
v 0.19744124778127586 -0.012994481703935698 0.08091121294952151
v 0.1973257997777455 -0.01352622477881372 0.08091619494438705
v 0.1953981110875524 -0.013587539364550713 0.08239757929209278
v 0.1972051485268977 -0.014059441280580573 0.08091963580148408
v 0.19708005696822178 -0.014590697981534126 0.08092408373870706
v 0.1953981110875524 -0.013587539364550713 0.08239757929209278
v 0.1973257997777455 -0.01352622477881372 0.08091619494438705
v 0.1972051485268977 -0.014059441280580573 0.08091963580148408
v 0.1953981110875524 -0.013587539364550713 0.08239757929209278
v 0.19708005696822178 -0.014590697981534126 0.08092408373870706
v 0.1969504945841382 -0.015120118859341402 0.08092866900503813
v 0.1942411133519339 -0.015547062658611843 0.08292490780835048
v 0.19681615619885123 -0.015649069575688356 0.08093340685926707
v 0.19667737750573616 -0.0161761901909352 0.080938289671999
v 0.1942411133519339 -0.015547062658611843 0.08292490780835048
v 0.1969504945841382 -0.015120118859341402 0.08092866900503813
v 0.19681615619885123 -0.015649069575688356 0.08093340685926707
v 0.1942411133519339 -0.015547062658611843 0.08292490780835048
v 0.19667737750573616 -0.0161761901909352 0.080938289671999
v 0.19653383807020747 -0.016702675659057153 0.080943309813839
v 0.1942411133519339 -0.015547062658611843 0.08292490780835048
v 0.19638587358564047 -0.017227335794450804 0.08094847491418199
v 0.19623317887623942 -0.017751194843380624 0.08095377734363306
v 0.19607605911780007 -0.01827323237427959 0.08095921710219221
v 0.19591427016968582 -0.01879430669407324 0.08096478656046456
v 0.19422382514310493 -0.018830483377310095 0.08224454125992152
v 0.1942411133519339 -0.015547062658611843 0.08292490780835048
v 0.19623317887623942 -0.017751194843380624 0.08095377734363306
v 0.19607605911780007 -0.01827323237427959 0.08095921710219221
v 0.19422382514310493 -0.018830483377310095 0.08224454125992152
v 0.19591427016968582 -0.01879430669407324 0.08096478656046456
v 0.19574805617253327 -0.01931356331053348 0.080970493347845
v 0.19422382514310493 -0.018830483377310095 0.08224454125992152
v 0.1955771882444956 -0.01983169459124691 0.08097632220554372
v 0.1954019257849992 -0.020348010075975656 0.08098228076295565
v 0.19522207042977685 -0.02086304191501355 0.08098836902008076
v 0.19503780528430598 -0.021376259865415484 0.08099457171812928
v 0.19422382514310493 -0.018830483377310095 0.08224454125992152
v 0.19422382514310493 -0.018830483377310095 0.08224454125992152
v 0.1954019257849992 -0.020348010075975656 0.08098228076295565
v 0.19522207042977685 -0.02086304191501355 0.08098836902008076
v 0.19422382514310493 -0.018830483377310095 0.08224454125992152
v 0.19481629343296442 -0.021975113958800932 0.08100198748996588
v 0.19298368226193569 -0.021882289018478898 0.08238602075882893
v 0.19298368226193569 -0.021882289018478898 0.08238602075882893
v 0.1946557862231923 -0.0223979979663136 0.08100733569578632
v 0.19445810860149843 -0.022906361714214465 0.08101388934599994
v 0.19298368226193569 -0.021882289018478898 0.08238602075882893
v 0.19481629343296442 -0.021975113958800932 0.08100198748996588
v 0.1946557862231923 -0.0223979979663136 0.08100733569578632
v 0.19298368226193569 -0.021882289018478898 0.08238602075882893
v 0.19445810860149843 -0.022906361714214465 0.08101388934599994
v 0.19425600593076625 -0.023412913480828093 0.08102055743713697
v 0.19190609126837008 -0.024483184069993297 0.08242192469119834
v 0.19298368226193569 -0.021882289018478898 0.08238602075882893
v 0.19404949346978556 -0.023917710486616187 0.08102733233980251
v 0.19404949346978556 -0.023917710486616187 0.08102733233980251
v 0.19383857121855635 -0.02442069741846577 0.08103421405399656
v 0.19190609126837008 -0.024483184069993297 0.08242192469119834
v 0.19190609126837008 -0.024483184069993297 0.08242192469119834
v 0.193623284953448 -0.02492177509424322 0.08104119495032423
v 0.1934036041568809 -0.025421040788733435 0.08104828265818041
v 0.19190609126837008 -0.024483184069993297 0.08242192469119834
v 0.19383857121855635 -0.02442069741846577 0.08103421405399656
v 0.193623284953448 -0.02492177509424322 0.08104119495032423
v 0.19138599541847154 -0.026378327668918917 0.08220333489810104
v 0.1931796356403836 -0.025918248453951093 0.08105546191877532
v 0.19295125733363777 -0.026413642230532792 0.08106274036150383
v 0.19138599541847154 -0.026378327668918917 0.08220333489810104
v 0.19295125733363777 -0.026413642230532792 0.08106274036150383
v 0.19271865234212088 -0.026906827297292785 0.08107011035697108
v 0.19138599541847154 -0.026378327668918917 0.08220333489810104
v 0.1922404876465577 -0.02788721026317 0.08108510974733195
v 0.19199492794251147 -0.02837440816228722 0.08109274677162047
v 0.19138599541847154 -0.026378327668918917 0.08220333489810104
v 0.19248189695978185 -0.02739764534428703 0.0810787010556213
v 0.1922404876465577 -0.02788721026317 0.08108510974733195
v 0.1899835295315455 -0.029210746245224035 0.08220617303300147
v 0.19199492794251147 -0.02837440816228722 0.08109274677162047
v 0.191745294141592 -0.028859099805181882 0.08110045246046303
v 0.1899835295315455 -0.029210746245224035 0.08220617303300147
v 0.19149123529163423 -0.029341973744743143 0.08110824207264943
v 0.19123320915633177 -0.02982220028427631 0.08111610034938986
v 0.1899835295315455 -0.029210746245224035 0.08220617303300147
v 0.19123320915633177 -0.02982220028427631 0.08111610034938986
v 0.19097074271320122 -0.030300603398429903 0.08112404254947413
v 0.18869153728267915 -0.03142935329945475 0.08225711450270622
v 0.19043360279511032 -0.031250001484295374 0.081140117684515
v 0.1901590056140989 -0.031720857219550445 0.0811482506194716
v 0.18869153728267915 -0.03142935329945475 0.08225711450270622
v 0.1907044005374647 -0.030776214154052427 0.08113204578471754
v 0.19043360279511032 -0.031250001484295374 0.081140117684515
v 0.18869153728267915 -0.03142935329945475 0.08225711450270622
v 0.1898799681252594 -0.032189881900031046 0.08115645221898225
v 0.1895972227505016 -0.03265583574906696 0.08116469959486226
v 0.18869153728267915 -0.03142935329945475 0.08225711450270622
v 0.1895972227505016 -0.03265583574906696 0.08116469959486226
v 0.1893100218091259 -0.03311995472863096 0.08117300800590142
v 0.18689646273452706 -0.03327697911963414 0.08271318447065744
v 0.1887239316933975 -0.0340399414971815 0.08118978504527251
v 0.18842479837840817 -0.03449620601470251 0.08119929127130997
v 0.18689646273452706 -0.03327697911963414 0.08271318447065744
v 0.1890187772884566 -0.033581552193182616 0.08118137745209973
v 0.1887239316933975 -0.0340399414971815 0.08118978504527251
v 0.18689646273452706 -0.03327697911963414 0.08271318447065744
v 0.18812186562476182 -0.0349495599180716 0.08120673756072615
v 0.18781473670392398 -0.035400640261762394 0.08121528248300701
v 0.18689646273452706 -0.03327697911963414 0.08271318447065744
v 0.18842479837840817 -0.03449620601470251 0.08119929127130997
v 0.18812186562476182 -0.0349495599180716 0.08120673756072615
v 0.18533774684017953 -0.03565945985413379 0.08269866573217487
v 0.18718908054627723 -0.036294145400637155 0.08123247150970235
v 0.18687058382704788 -0.03673658163991347 0.08124110798472194
v 0.18533774684017953 -0.03565945985413379 0.08269866573217487
v 0.1875035947213721 -0.0358491304258868 0.08122564320127255
v 0.18718908054627723 -0.036294145400637155 0.08123247150970235
v 0.1865479367169964 -0.0371765993610085 0.08124978260671599
v 0.1862217343089245 -0.03761343943913034 0.08125848011689472
v 0.18404757038729788 -0.03668927939157298 0.08304174436175148
v 0.18404757038729788 -0.03668927939157298 0.08304174436175148
v 0.1862217343089245 -0.03761343943913034 0.08125848011689472
v 0.18589148832155897 -0.03804773129935771 0.08126720051525814
v 0.1836390925846931 -0.03935017581922831 0.0820537377230268
v 0.18404757038729788 -0.03668927939157298 0.08304174436175148
v 0.185557687036173 -0.038478845516611876 0.08127594380180624
v 0.1836390925846931 -0.03935017581922831 0.0820537377230268
v 0.185557687036173 -0.038478845516611876 0.08127594380180624
v 0.18521994898302194 -0.03890727037216604 0.08128470234714412
v 0.18487864037306065 -0.039332525214141906 0.08129347615127179
v 0.18458886069621092 -0.03968746373808066 0.08130116658132457
v 0.1836390925846931 -0.03935017581922831 0.0820537377230268
v 0.1836390925846931 -0.03935017581922831 0.0820537377230268
v 0.18458886069621092 -0.03968746373808066 0.08130116658132457
v 0.18418479268385465 -0.04017422676168894 0.0813110619065016
v 0.1836390925846931 -0.03935017581922831 0.0820537377230268
v 0.18383236041613846 -0.04059054376754692 0.08131986622820885
v 0.18347635759161204 -0.0410036907598266 0.08132867054991609
v 0.18075847721349622 -0.04245161639622633 0.0821897393164006
v 0.1836390925846931 -0.03935017581922831 0.0820537377230268
v 0.18311673843390605 -0.0414137592912667 0.08133747487162334
v 0.18311673843390605 -0.0414137592912667 0.08133747487162334
v 0.1827751399069388 -0.04179706390541996 0.08134573750629313
v 0.18075847721349622 -0.04245161639622633 0.0821897393164006
v 0.18075847721349622 -0.04245161639622633 0.0821897393164006
v 0.1827751399069388 -0.04179706390541996 0.08134573750629313
v 0.18238686474201235 -0.04222436342522731 0.08135508351503783
v 0.18075847721349622 -0.04245161639622633 0.0821897393164006
v 0.18201662546661443 -0.042624899027747826 0.08136388020735018
v 0.18164296822230416 -0.04302210821409472 0.08137266927026764
v 0.18126575567997347 -0.043416151201560754 0.08138144307439531
v 0.18095461369742158 -0.043735933473829675 0.08138861470559532
v 0.18075847721349622 -0.04245161639622633 0.0821897393164006
v 0.18075847721349622 -0.04245161639622633 0.0821897393164006
v 0.18095461369742158 -0.043735933473829675 0.08138861470559532
v 0.18050118350010355 -0.04419417781932558 0.08139894490628129
v 0.1782115563161568 -0.04394268244605207 0.08279276668879286
v 0.18011396119167242 -0.04457804319400352 0.0814076653046447
v 0.17972316832643107 -0.044958738555103156 0.08141636281482344
v 0.17932932370323226 -0.04533576417725896 0.08142503743681749
v 0.17893190852322324 -0.04570960834174412 0.08143368917062686
v 0.1782115563161568 -0.04394268244605207 0.08279276668879286
v 0.17812447440284093 -0.04644941932048677 0.08145467000658434
v 0.1782115563161568 -0.04394268244605207 0.08279276668879286
v 0.17853157891436486 -0.046079672141059486 0.08144230275746177
v 0.17554215311319507 -0.04675080330696971 0.0826180611751237
v 0.17812447440284093 -0.04644941932048677 0.08145467000658434
v 0.17766991505507865 -0.046854677518446436 0.08146050649367796
v 0.17554215311319507 -0.04675080330696971 0.0826180611751237
v 0.17766991505507865 -0.046854677518446436 0.08146050649367796
v 0.1773107078846969 -0.04716935191083407 0.08146796041248903
v 0.1773107078846969 -0.04716935191083407 0.08146796041248903
v 0.17685292893228952 -0.0475637687386499 0.08147739797397245
v 0.17554215311319507 -0.04675080330696971 0.0826180611751237
v 0.17685292893228952 -0.0475637687386499 0.08147739797397245
v 0.1764812400718618 -0.04787777937368179 0.08148486715157331
v 0.17554215311319507 -0.04675080330696971 0.0826180611751237
v 0.17554215311319507 -0.04675080330696971 0.0826180611751237
v 0.17606144024723488 -0.04822691955750139 0.08149550252805503
v 0.17563953470961732 -0.048571623248190345 0.08150159841457504
v 0.17563953470961732 -0.048571623248190345 0.08150159841457504
v 0.17521402809760997 -0.04891313022241887 0.0815098991962193
v 0.17554215311319507 -0.04675080330696971 0.0826180611751237
v 0.1747858969737592 -0.04925063557902568 0.08151834493636655
v 0.17435431736341653 -0.049584803075366536 0.08152634054221507
v 0.17248461207441498 -0.04766447675124577 0.08354993072622106
v 0.17392044893460576 -0.04991472099875164 0.08153447347717167
v 0.17348319305446222 -0.05024124384140908 0.08154255300636402
v 0.17248461207441498 -0.04766447675124577 0.08354993072622106
v 0.17041362808932978 -0.05052739574098689 0.08276431667523453
v 0.17248461207441498 -0.04766447675124577 0.08354993072622106
v 0.17304358732069144 -0.05056356288748013 0.08155057150039723
v 0.17304358732069144 -0.05056356288748013 0.08155057150039723
v 0.17260073146469598 -0.05088238004129501 0.08155853658866617
v 0.17041362808932978 -0.05052739574098689 0.08276431667523453
v 0.17041362808932978 -0.05052739574098689 0.08276431667523453
v 0.17215554101386307 -0.051197004842615836 0.08156642538298618
v 0.17170722251112377 -0.05150802094015198 0.08157426077154194
v 0.17125656941354703 -0.05181485231458897 0.08158201986614876
v 0.17080292559317198 -0.05211796817371276 0.08158971792559642
v 0.17041362808932978 -0.05052739574098689 0.08276431667523453
v 0.17041362808932978 -0.05052739574098689 0.08276431667523453
v 0.17034696243674927 -0.052416914568527186 0.08159733969109516
v 0.16988811536905676 -0.0527120462658948 0.08160488516264496
v 0.16851384772565756 -0.05187913378126522 0.08271019374785914
v 0.17041362808932978 -0.05052739574098689 0.08276431667523453
v 0.16942696422410639 -0.05300300849895304 0.08161236196964071
v 0.16942696422410639 -0.05300300849895304 0.08161236196964071
v 0.1689630817557841 -0.0532900682965232 0.08161975485329263
v 0.16851384772565756 -0.05187913378126522 0.08271019374785914
v 0.1667956011840843 -0.05103420881437563 0.08391998689614154
v 0.16851384772565756 -0.05187913378126522 0.08271019374785914
v 0.16844515265403534 -0.05360401026700105 0.08162788015885435
v 0.16851384772565756 -0.05187913378126522 0.08271019374785914
v 0.16849689521020392 -0.053572958629783986 0.08162707907239052
v 0.16844515265403534 -0.05360401026700105 0.08162788015885435
v 0.16631861141533474 -0.05385795086133797 0.08229753503685265
v 0.16844515265403534 -0.05360401026700105 0.08162788015885435
v 0.1680281146703599 -0.05385185497481796 0.08163431173874967
v 0.16755701479446825 -0.05412658948493746 0.0816414681111599
v 0.16708347351221062 -0.05439724226878887 0.08164854056022629
v 0.16631861141533474 -0.05385795086133797 0.08229753503685265
v 0.16631861141533474 -0.05385795086133797 0.08229753503685265
v 0.16660761289390533 -0.05466373321772581 0.08165552145655396
v 0.16618958308889373 -0.0548936488475427 0.0816614571257812
v 0.16302179729390073 -0.054760260321919975 0.08289330685470107
v 0.16631861141533474 -0.05385795086133797 0.08229753503685265
v 0.1656489946843109 -0.055184225796158816 0.0816692314791778
v 0.1656489946843109 -0.055184225796158816 0.0816692314791778
v 0.16516635916334008 -0.05543815113170595 0.0816759453466842
v 0.16302179729390073 -0.054760260321919975 0.08289330685470107
v 0.16468141956511137 -0.05568791081764116 0.08168257529084676
v 0.16419446580663075 -0.055933352266066584 0.0816891060528757
v 0.16302179729390073 -0.054760260321919975 0.08289330685470107
v 0.16370601668675097 -0.05617424278043796 0.08169635397802465
v 0.1632140885627997 -0.0564115207763272 0.08170187765992763
v 0.16302179729390073 -0.054760260321919975 0.08289330685470107
v 0.1627206498186595 -0.056644240208767495 0.08170811850495062
v 0.1622255173488529 -0.056872504074589915 0.08171426016783999
v 0.16302179729390073 -0.054760260321919975 0.08289330685470107
v 0.15995406338354276 -0.055473112833805995 0.08338698973947788
v 0.16302179729390073 -0.054760260321919975 0.08289330685470107
v 0.16172805028420886 -0.05709659466140552 0.08172030264859574
v 0.15995406338354276 -0.055473112833805995 0.08338698973947788
v 0.16172805028420886 -0.05709659466140552 0.08172030264859574
v 0.1612290420817963 -0.057316164831746653 0.08172623831782298
v 0.1607277145433361 -0.057531557908383525 0.08173206717552171
v 0.16022498319621545 -0.057742369533386774 0.08173779685108683
v 0.15995406338354276 -0.055473112833805995 0.08338698973947788
v 0.15796332537394872 -0.05643801766479276 0.08329888548724627
v 0.15995406338354276 -0.055473112833805995 0.08338698973947788
v 0.15971993251304714 -0.05794899262059342 0.08174341971512343
v 0.15971993251304714 -0.05794899262059342 0.08174341971512343
v 0.15914916222226513 -0.05817661180254733 0.08174961478377706
v 0.15796332537394872 -0.05643801766479276 0.08329888548724627
v 0.15796332537394872 -0.05643801766479276 0.08329888548724627
v 0.15914916222226513 -0.05817661180254733 0.08174961478377706
v 0.15870500936913776 -0.05834878054241436 0.08175432974982132
v 0.15768328080498326 -0.058730791974133154 0.08176480490901027
v 0.15532718633272322 -0.058354521662071814 0.08263043605364116
v 0.15796332537394872 -0.05643801766479276 0.08329888548724627
v 0.15796332537394872 -0.05643801766479276 0.08329888548724627
v 0.15819530475508434 -0.058541891971264394 0.0817596245498775
v 0.15768328080498326 -0.058730791974133154 0.08176480490901027
v 0.15532718633272322 -0.058354521662071814 0.08263043605364116
v 0.1571701582220175 -0.05891501897262956 0.08176987082721963
v 0.1566550214787998 -0.059094912474826386 0.0817748223045056
v 0.1566550214787998 -0.059094912474826386 0.0817748223045056
v 0.1560914380780076 -0.059286211922389184 0.08178448874783582
v 0.15532718633272322 -0.058354521662071814 0.08263043605364116
v 0.15562058234275253 -0.05944103523296555 0.0817843895657022
v 0.15532718633272322 -0.058354521662071814 0.08263043605364116
v 0.1560914380780076 -0.059286211922389184 0.08178448874783582
v 0.15562058234275253 -0.05944103523296555 0.0817843895657022
v 0.15502513858888453 -0.059631598443921116 0.08178976828910221
v 0.15532718633272322 -0.058354521662071814 0.08263043605364116
v 0.15532718633272322 -0.058354521662071814 0.08263043605364116
v 0.15502513858888453 -0.059631598443921116 0.08178976828910221
v 0.15458025331384737 -0.059769049622324696 0.08179347617502052
v 0.15532718633272322 -0.058354521662071814 0.08263043605364116
v 0.15405770079879308 -0.05992631815396447 0.08179784781829456
v 0.15353435482666986 -0.060078860275467647 0.08180208976185542
v 0.15353435482666986 -0.060078860275467647 0.08180208976185542
v 0.15191612965215204 -0.05936049934046843 0.08265727626487694
v 0.15532718633272322 -0.058354521662071814 0.08263043605364116
v 0.15300917779977216 -0.060226969718537623 0.08180622489388777
v 0.15248320731580553 -0.060370368010260786 0.08181022269681203
v 0.15191612965215204 -0.05936049934046843 0.08265727626487694
v 0.1519555736237521 -0.060509280217786496 0.08181410605881288
v 0.1512708049144695 -0.060682887098590974 0.0818188744306214
v 0.15191612965215204 -0.05936049934046843 0.08265727626487694
v 0.14822277010172688 -0.05985175607766906 0.08295836270495903
v 0.15191612965215204 -0.05936049934046843 0.08265727626487694
v 0.15040631817907266 -0.060889205010001876 0.0818248635056129
v 0.15191612965215204 -0.05936049934046843 0.08265727626487694
v 0.1512708049144695 -0.060682887098590974 0.0818188744306214
v 0.15040631817907266 -0.060889205010001876 0.0818248635056129
v 0.14822277010172688 -0.05985175607766906 0.08295836270495903
v 0.14930149024573677 -0.06113422684170815 0.08183163840827844
v 0.1487674326031829 -0.061245310831359354 0.08183476646018482
v 0.1487674326031829 -0.061245310831359354 0.08183476646018482
v 0.1482323373629235 -0.061351756148915235 0.08184012229540015
v 0.14822277010172688 -0.05985175607766906 0.08295836270495903
v 0.14769670806502153 -0.06145344072405749 0.08184064109425292
v 0.14822277010172688 -0.05985175607766906 0.08295836270495903
v 0.1482323373629235 -0.061351756148915235 0.08184012229540015
v 0.14822277010172688 -0.05985175607766906 0.08295836270495903
v 0.14716002591062424 -0.061550486627104425 0.08184338004701973
v 0.14662248926399887 -0.06164285189638412 0.08184598930007335
v 0.14431665724529805 -0.0608183050432554 0.08273122798958087
v 0.14822277010172688 -0.05985175607766906 0.08295836270495903
v 0.14608417441909435 -0.06173052508780423 0.08184846885341378
v 0.14608417441909435 -0.06173052508780423 0.08184846885341378
v 0.1452626564357384 -0.06185593708106567 0.08185243613875846
v 0.14431665724529805 -0.0608183050432554 0.08273122798958087
v 0.1452626564357384 -0.06185593708106567 0.08185243613875846
v 0.14446498794081994 -0.061965296827470914 0.08185512168576102
v 0.14431665724529805 -0.0608183050432554 0.08273122798958087
v 0.1440827857742288 -0.062014208878133956 0.08185651023563166
v 0.14331697763238613 -0.062105609028959605 0.0818591042298955
v 0.14431665724529805 -0.0608183050432554 0.08273122798958087
v 0.14431665724529805 -0.0608183050432554 0.08273122798958087
v 0.14331697763238613 -0.062105609028959605 0.0818591042298955
v 0.14284004889879573 -0.062157622428646905 0.08186058433250486
v 0.14284004889879573 -0.062157622428646905 0.08186058433250486
v 0.14152994446645192 -0.060661696454273925 0.08307784665838812
v 0.14431665724529805 -0.0608183050432554 0.08273122798958087
v 0.14284004889879573 -0.062157622428646905 0.08186058433250486
v 0.14229578312587418 -0.06221242437216783 0.08186214835845805
v 0.14152994446645192 -0.060661696454273925 0.08307784665838812
v 0.14152994446645192 -0.060661696454273925 0.08307784665838812
v 0.14229578312587418 -0.06221242437216783 0.08186214835845805
v 0.1420792151224237 -0.062232886409272534 0.08186272056307507
v 0.1412111730890064 -0.06230730352706497 0.08186513908125635
v 0.1420792151224237 -0.062232886409272534 0.08186272056307507
v 0.14175424867632455 -0.06226217184157172 0.08186355216711848
v 0.14066680050455635 -0.06234775457879098 0.08186599357348444
v 0.13880271045019651 -0.06079588606636048 0.083115581645532
v 0.1412111730890064 -0.06230730352706497 0.08186513908125635
v 0.13880271045019651 -0.06079588606636048 0.083115581645532
v 0.14012280938985097 -0.062383410555826344 0.08186700828300529
v 0.13957800955928687 -0.06241434775212 0.08186788566341806
v 0.13957800955928687 -0.06241434775212 0.08186788566341806
v 0.1390340031857917 -0.06244048224432812 0.08187067039255423
v 0.13880271045019651 -0.06079588606636048 0.083115581645532
v 0.13880271045019651 -0.06079588606636048 0.083115581645532
v 0.13848822679268122 -0.062461928473374104 0.08186924369570912
v 0.13794095503817158 -0.06247864066288859 0.0818787346629568
v 0.1363070133101729 -0.06233415518239309 0.08199666984922248
v 0.13794095503817158 -0.06247864066288859 0.0818787346629568
v 0.13685280496207317 -0.06249761878268649 0.08187025840522998
v 0.13794095503817158 -0.06247864066288859 0.0818787346629568
v 0.13739778789811471 -0.06249048529846095 0.08187006004096274
v 0.13685280496207317 -0.06249761878268649 0.08187025840522998
v 0.13685280496207317 -0.06249761878268649 0.08187025840522998
v 0.1363070133101729 -0.06250000296859075 0.08187032706978402
v 0.1363070133101729 -0.06233415518239309 0.08199666984922248
v 0.1390340031857917 -0.06244048224432812 0.08187067039255423
v 0.13848822679268122 -0.062461928473374104 0.08186924369570912
v 0.13880271045019651 -0.06079588606636048 0.083115581645532
v 0.14066680050455635 -0.06234775457879098 0.08186599357348444
v 0.14012280938985097 -0.062383410555826344 0.08186700828300529
v 0.13880271045019651 -0.06079588606636048 0.083115581645532
v 0.1420792151224237 -0.062232886409272534 0.08186272056307507
v 0.1412111730890064 -0.06230730352706497 0.08186513908125635
v 0.14152994446645192 -0.060661696454273925 0.08307784665838812
v 0.14446498794081994 -0.061965296827470914 0.08185512168576102
v 0.1440827857742288 -0.062014208878133956 0.08185651023563166
v 0.14431665724529805 -0.0608183050432554 0.08273122798958087
v 0.14662248926399887 -0.06164285189638412 0.08184598930007335
v 0.14608417441909435 -0.06173052508780423 0.08184846885341378
v 0.14822277010172688 -0.05985175607766906 0.08295836270495903
v 0.14769670806502153 -0.06145344072405749 0.08184064109425292
v 0.14716002591062424 -0.061550486627104425 0.08184338004701973
v 0.14822277010172688 -0.05985175607766906 0.08295836270495903
v 0.14983437296147703 -0.0610185270681463 0.08182838828605375
v 0.14930149024573677 -0.06113422684170815 0.08183163840827844
v 0.14822277010172688 -0.05985175607766906 0.08295836270495903
v 0.14983437296147703 -0.0610185270681463 0.08182838828605375
v 0.14822277010172688 -0.05985175607766906 0.08295836270495903
v 0.15040631817907266 -0.060889205010001876 0.0818248635056129
v 0.15248320731580553 -0.060370368010260786 0.08181022269681203
v 0.1519555736237521 -0.060509280217786496 0.08181410605881288
v 0.15191612965215204 -0.05936049934046843 0.08265727626487694
v 0.15353435482666986 -0.060078860275467647 0.08180208976185542
v 0.15300917779977216 -0.060226969718537623 0.08180622489388777
v 0.15191612965215204 -0.05936049934046843 0.08265727626487694
v 0.15458025331384737 -0.059769049622324696 0.08179347617502052
v 0.15405770079879308 -0.05992631815396447 0.08179784781829456
v 0.15532718633272322 -0.058354521662071814 0.08263043605364116
v 0.15768328080498326 -0.058730791974133154 0.08176480490901027
v 0.1571701582220175 -0.05891501897262956 0.08176987082721963
v 0.15532718633272322 -0.058354521662071814 0.08263043605364116
v 0.15819530475508434 -0.058541891971264394 0.0817596245498775
v 0.15796332537394872 -0.05643801766479276 0.08329888548724627
v 0.15870500936913776 -0.05834878054241436 0.08175432974982132
v 0.16022498319621545 -0.057742369533386774 0.08173779685108683
v 0.15971993251304714 -0.05794899262059342 0.08174341971512343
v 0.15995406338354276 -0.055473112833805995 0.08338698973947788
v 0.1612290420817963 -0.057316164831746653 0.08172623831782298
v 0.1607277145433361 -0.057531557908383525 0.08173206717552171
v 0.15995406338354276 -0.055473112833805995 0.08338698973947788
v 0.1622255173488529 -0.056872504074589915 0.08171426016783999
v 0.16172805028420886 -0.05709659466140552 0.08172030264859574
v 0.16302179729390073 -0.054760260321919975 0.08289330685470107
v 0.1632140885627997 -0.0564115207763272 0.08170187765992763
v 0.1627206498186595 -0.056644240208767495 0.08170811850495062
v 0.16302179729390073 -0.054760260321919975 0.08289330685470107
v 0.16419446580663075 -0.055933352266066584 0.0816891060528757
v 0.16370601668675097 -0.05617424278043796 0.08169635397802465
v 0.16302179729390073 -0.054760260321919975 0.08289330685470107
v 0.16516635916334008 -0.05543815113170595 0.0816759453466842
v 0.16468141956511137 -0.05568791081764116 0.08168257529084676
v 0.16302179729390073 -0.054760260321919975 0.08289330685470107
v 0.16618958308889373 -0.0548936488475427 0.0816614571257812
v 0.1656489946843109 -0.055184225796158816 0.0816692314791778
v 0.16631861141533474 -0.05385795086133797 0.08229753503685265
v 0.16708347351221062 -0.05439724226878887 0.08164854056022629
v 0.16660761289390533 -0.05466373321772581 0.08165552145655396
v 0.16631861141533474 -0.05385795086133797 0.08229753503685265
v 0.1680281146703599 -0.05385185497481796 0.08163431173874967
v 0.16755701479446825 -0.05412658948493746 0.0816414681111599
v 0.16631861141533474 -0.05385795086133797 0.08229753503685265
v 0.16844515265403534 -0.05360401026700105 0.08162788015885435
v 0.16631861141533474 -0.05385795086133797 0.08229753503685265
v 0.1667956011840843 -0.05103420881437563 0.08391998689614154
v 0.1689630817557841 -0.0532900682965232 0.08161975485329263
v 0.16849689521020392 -0.053572958629783986 0.08162707907239052
v 0.16851384772565756 -0.05187913378126522 0.08271019374785914
v 0.16988811536905676 -0.0527120462658948 0.08160488516264496
v 0.16942696422410639 -0.05300300849895304 0.08161236196964071
v 0.17041362808932978 -0.05052739574098689 0.08276431667523453
v 0.17080292559317198 -0.05211796817371276 0.08158971792559642
v 0.17034696243674927 -0.052416914568527186 0.08159733969109516
v 0.17041362808932978 -0.05052739574098689 0.08276431667523453
v 0.17170722251112377 -0.05150802094015198 0.08157426077154194
v 0.17125656941354703 -0.05181485231458897 0.08158201986614876
v 0.17041362808932978 -0.05052739574098689 0.08276431667523453
v 0.17260073146469598 -0.05088238004129501 0.08155853658866617
v 0.17215554101386307 -0.051197004842615836 0.08156642538298618
v 0.17041362808932978 -0.05052739574098689 0.08276431667523453
v 0.17304358732069144 -0.05056356288748013 0.08155057150039723
v 0.17248461207441498 -0.04766447675124577 0.08354993072622106
v 0.17348319305446222 -0.05024124384140908 0.08154255300636402
v 0.17435431736341653 -0.049584803075366536 0.08152634054221507
v 0.17392044893460576 -0.04991472099875164 0.08153447347717167
v 0.17248461207441498 -0.04766447675124577 0.08354993072622106
v 0.17521402809760997 -0.04891313022241887 0.0815098991962193
v 0.1747858969737592 -0.04925063557902568 0.08151834493636655
v 0.17554215311319507 -0.04675080330696971 0.0826180611751237
v 0.1764812400718618 -0.04787777937368179 0.08148486715157331
v 0.17606144024723488 -0.04822691955750139 0.08149550252805503
v 0.17554215311319507 -0.04675080330696971 0.0826180611751237
v 0.17853157891436486 -0.046079672141059486 0.08144230275746177
v 0.1782115563161568 -0.04394268244605207 0.08279276668879286
v 0.17893190852322324 -0.04570960834174412 0.08143368917062686
v 0.17972316832643107 -0.044958738555103156 0.08141636281482344
v 0.17932932370323226 -0.04533576417725896 0.08142503743681749
v 0.1782115563161568 -0.04394268244605207 0.08279276668879286
v 0.18011396119167242 -0.04457804319400352 0.0814076653046447
v 0.1782115563161568 -0.04394268244605207 0.08279276668879286
v 0.18075847721349622 -0.04245161639622633 0.0821897393164006
v 0.18050118350010355 -0.04419417781932558 0.08139894490628129
v 0.18011396119167242 -0.04457804319400352 0.0814076653046447
v 0.18075847721349622 -0.04245161639622633 0.0821897393164006
v 0.18164296822230416 -0.04302210821409472 0.08137266927026764
v 0.18126575567997347 -0.043416151201560754 0.08138144307439531
v 0.18075847721349622 -0.04245161639622633 0.0821897393164006
v 0.18238686474201235 -0.04222436342522731 0.08135508351503783
v 0.18201662546661443 -0.042624899027747826 0.08136388020735018
v 0.18075847721349622 -0.04245161639622633 0.0821897393164006
v 0.18347635759161204 -0.0410036907598266 0.08132867054991609
v 0.18311673843390605 -0.0414137592912667 0.08133747487162334
v 0.1836390925846931 -0.03935017581922831 0.0820537377230268
v 0.18418479268385465 -0.04017422676168894 0.0813110619065016
v 0.18383236041613846 -0.04059054376754692 0.08131986622820885
v 0.1836390925846931 -0.03935017581922831 0.0820537377230268
v 0.18521994898302194 -0.03890727037216604 0.08128470234714412
v 0.18487864037306065 -0.039332525214141906 0.08129347615127179
v 0.1836390925846931 -0.03935017581922831 0.0820537377230268
v 0.18589148832155897 -0.03804773129935771 0.08126720051525814
v 0.185557687036173 -0.038478845516611876 0.08127594380180624
v 0.18404757038729788 -0.03668927939157298 0.08304174436175148
v 0.1865479367169964 -0.0371765993610085 0.08124978260671599
v 0.18404757038729788 -0.03668927939157298 0.08304174436175148
v 0.18687058382704788 -0.03673658163991347 0.08124110798472194
v 0.18687058382704788 -0.03673658163991347 0.08124110798472194
v 0.18404757038729788 -0.03668927939157298 0.08304174436175148
v 0.18533774684017953 -0.03565945985413379 0.08269866573217487
v 0.18781473670392398 -0.035400640261762394 0.08121528248300701
v 0.1875035947213721 -0.0358491304258868 0.08122564320127255
v 0.18689646273452706 -0.03327697911963414 0.08271318447065744
v 0.1890187772884566 -0.033581552193182616 0.08118137745209973
v 0.18689646273452706 -0.03327697911963414 0.08271318447065744
v 0.18869153728267915 -0.03142935329945475 0.08225711450270622
v 0.1893100218091259 -0.03311995472863096 0.08117300800590142
v 0.1890187772884566 -0.033581552193182616 0.08118137745209973
v 0.18869153728267915 -0.03142935329945475 0.08225711450270622
v 0.1898799681252594 -0.032189881900031046 0.08115645221898225
v 0.18869153728267915 -0.03142935329945475 0.08225711450270622
v 0.1901590056140989 -0.031720857219550445 0.0811482506194716
v 0.1907044005374647 -0.030776214154052427 0.08113204578471754
v 0.18869153728267915 -0.03142935329945475 0.08225711450270622
v 0.1899835295315455 -0.029210746245224035 0.08220617303300147
v 0.19097074271320122 -0.030300603398429903 0.08112404254947413
v 0.1907044005374647 -0.030776214154052427 0.08113204578471754
v 0.1899835295315455 -0.029210746245224035 0.08220617303300147
v 0.19149123529163423 -0.029341973744743143 0.08110824207264943
v 0.1899835295315455 -0.029210746245224035 0.08220617303300147
v 0.191745294141592 -0.028859099805181882 0.08110045246046303
v 0.19199492794251147 -0.02837440816228722 0.08109274677162047
v 0.1899835295315455 -0.029210746245224035 0.08220617303300147
v 0.19138599541847154 -0.026378327668918917 0.08220333489810104
v 0.19248189695978185 -0.02739764534428703 0.0810787010556213
v 0.19138599541847154 -0.026378327668918917 0.08220333489810104
v 0.19271865234212088 -0.026906827297292785 0.08107011035697108
v 0.1931796356403836 -0.025918248453951093 0.08105546191877532
v 0.19138599541847154 -0.026378327668918917 0.08220333489810104
v 0.1934036041568809 -0.025421040788733435 0.08104828265818041
v 0.1934036041568809 -0.025421040788733435 0.08104828265818041
v 0.19138599541847154 -0.026378327668918917 0.08220333489810104
v 0.19190609126837008 -0.024483184069993297 0.08242192469119834
v 0.19404949346978556 -0.023917710486616187 0.08102733233980251
v 0.19298368226193569 -0.021882289018478898 0.08238602075882893
v 0.19425600593076625 -0.023412913480828093 0.08102055743713697
v 0.19481629343296442 -0.021975113958800932 0.08100198748996588
v 0.19422382514310493 -0.018830483377310095 0.08224454125992152
v 0.19503780528430598 -0.021376259865415484 0.08099457171812928
v 0.1955771882444956 -0.01983169459124691 0.08097632220554372
v 0.19422382514310493 -0.018830483377310095 0.08224454125992152
v 0.19574805617253327 -0.01931356331053348 0.080970493347845
v 0.19422382514310493 -0.018830483377310095 0.08224454125992152
v 0.1942411133519339 -0.015547062658611843 0.08292490780835048
v 0.19607605911780007 -0.01827323237427959 0.08095921710219221
v 0.19638587358564047 -0.017227335794450804 0.08094847491418199
v 0.1942411133519339 -0.015547062658611843 0.08292490780835048
v 0.19653383807020747 -0.016702675659057153 0.080943309813839
v 0.1969504945841382 -0.015120118859341402 0.08092866900503813
v 0.1942411133519339 -0.015547062658611843 0.08292490780835048
v 0.1953981110875524 -0.013587539364550713 0.08239757929209278
v 0.19755237754729643 -0.012460149403165652 0.08090722277599215
v 0.19744124778127586 -0.012994481703935698 0.08091121294952151
v 0.1959752137760961 -0.011250594673473675 0.08231679162956416
v 0.19785750756667214 -0.010853011646776996 0.08089622118855554
v 0.19776050743999457 -0.0113894143745863 0.0808997307102066
v 0.1959752137760961 -0.011250594673473675 0.08231679162956416
v 0.1979429110131114 -0.010358227268112426 0.08089312365422872
v 0.19575846266716818 -0.009603452184960289 0.08269552242147869
v 0.19803753076858216 -0.009777154433200937 0.0808896827971317
v 0.19819877040026407 -0.008698318894593276 0.0808838081630636
v 0.19575846266716818 -0.009603452184960289 0.08269552242147869
v 0.19691835957284626 -0.00606094770609245 0.08214368828882267
v 0.19834115016776893 -0.0076168345254459865 0.08087858965695637
v 0.1982723482846182 -0.008157703787128328 0.08088111498666616
v 0.19691835957284626 -0.00606094770609245 0.08214368828882267
v 0.19851928127974533 -0.005990258024542731 0.08087204363613763
v 0.19846463955351717 -0.006533029389739491 0.08087405779638955
v 0.19691835957284626 -0.00606094770609245 0.08214368828882267
v 0.19856919278113944 -0.005447234412477301 0.08087020495196827
v 0.19691835957284626 -0.00606094770609245 0.08214368828882267
v 0.19760587486429054 -0.0028753708774632864 0.08176816184276346
v 0.19865476407426635 -0.0043597800418257475 0.08086703875308741
v 0.1986143587989097 -0.00490363335058586 0.08086853411448656
v 0.19760587486429054 -0.0028753708774632864 0.08176816184276346
v 0.19874752225738307 -0.002726234327105755 0.08086360552538528
v 0.19872136869168772 -0.003270997441206932 0.08086457445853677
v 0.19760587486429054 -0.0028753708774632864 0.08176816184276346
v 0.19880463590755676 -0.0005455140730563707 0.08086148455360485
v 0.19760587486429054 -0.0028753708774632864 0.08176816184276346
v 0.19880701627876357 1.5644958054547044e-06 0.08086199572306273
v 0.19879749479393632 0.00109077542240689 0.08086175158242613
v 0.19880463590755676 0.0005452612301412241 0.08086148455360485
v 0.19745403464711758 0.0009210389693947378 0.08194052513220028
v 0.19874753751617286 0.0027259811265627227 0.08086360552538528
v 0.1987689150806648 0.0021821147047801372 0.08086241533978188
v 0.19745403464711758 0.0009210389693947378 0.08194052513220028
v 0.19869045438357874 0.0038152615451983478 0.08086571886777082
v 0.19872136869168772 0.003270997441206932 0.08086457445853677
v 0.19749274619680784 0.0036381034194894767 0.0818292809252563
v 0.19865476407426635 0.0043597800418257475 0.08086703875308741
v 0.19869045438357874 0.0038152615451983478 0.08086571886777082
v 0.19749274619680784 0.0036381034194894767 0.0818292809252563
v 0.19856919278113944 0.005447234412477301 0.08087020495196827
v 0.1986143740576995 0.004903379673205647 0.08086853411448656
v 0.19736141379310895 0.0065107935183220155 0.08175990683748856
v 0.1985193117973249 0.005990003870325337 0.08087204363613763
v 0.19856919278113944 0.005447234412477301 0.08087020495196827
v 0.19736141379310895 0.0065107935183220155 0.08175990683748856
v 0.19840528286124476 0.00707503352391226 0.08087623980332913
v 0.19846463955351717 0.006533029389739491 0.08087405779638955
v 0.19736141379310895 0.0065107935183220155 0.08175990683748856
v 0.19834115016776893 0.0076168345254459865 0.08087858965695637
v 0.19840528286124476 0.00707503352391226 0.08087623980332913
v 0.19736141379310895 0.0065107935183220155 0.08175990683748856
v 0.19819877040026407 0.008698318894593276 0.0808838081630636
v 0.19827227199066927 0.00815825310356067 0.08088111498666616
v 0.19736141379310895 0.0065107935183220155 0.08175990683748856
v 0.19812046229107588 0.00923841138850801 0.08088666155675382
v 0.19819877040026407 0.008698318894593276 0.0808838081630636
v 0.19736141379310895 0.0065107935183220155 0.08175990683748856
v 0.19803753076858216 0.009777154433200937 0.0808896827971317
v 0.19689241963020793 0.009964521881370432 0.08177238089813964
v 0.19794982324488503 0.010315755380413967 0.08089287188419723
v 0.19781371483998272 0.011102544358214124 0.08089804461393511
v 0.19794982324488503 0.010315755380413967 0.08089287188419723
v 0.19689241963020793 0.009964521881370432 0.08177238089813964
v 0.19755227073576792 0.012460692043877461 0.08090723040538704
v 0.1976587160533238 0.01192556247134103 0.08090340044915044
v 0.1961933381761049 0.013922919934679654 0.08173860556694555
v 0.19732528097889274 0.013528515504630531 0.08091617205620237
v 0.19744124778127586 0.012994481703935698 0.08091121294952151
v 0.1961933381761049 0.013922919934679654 0.08173860556694555
v 0.1972051485268977 0.014059441280580573 0.08091963580148408
v 0.19732528097889274 0.013528515504630531 0.08091617205620237
v 0.1961933381761049 0.013922919934679654 0.08173860556694555
v 0.1969504945841382 0.015120118859341402 0.08092866900503813
v 0.19708010274459115 0.014590449072525722 0.08092408373870706
v 0.1961933381761049 0.013922919934679654 0.08173860556694555
v 0.19681623249280017 0.015648823527703037 0.08093340685926707
v 0.1969504945841382 0.015120118859341402 0.08092866900503813
v 0.1961933381761049 0.013922919934679654 0.08173860556694555
v 0.1965339143641564 0.016702431518420557 0.080943309813839
v 0.19667737750573616 0.0161761901909352 0.080938289671999
v 0.19472800607525537 0.016432663744376807 0.08238046655934637
v 0.1965339143641564 0.016702431518420557 0.080943309813839
v 0.19472800607525537 0.016432663744376807 0.08238046655934637
v 0.19638587358564047 0.017227335794450804 0.08094847491418199
v 0.19607605911780007 0.01827323237427959 0.08095921710219221
v 0.19623325517018836 0.01775095261009275 0.08095377734363306
v 0.19472800607525537 0.016432663744376807 0.08238046655934637
v 0.19574805617253327 0.01931356331053348 0.080970493347845
v 0.19591434646363476 0.01879406636813409 0.08096478656046456
v 0.19375370182975965 0.018803883492013465 0.08259071742382494
v 0.19574805617253327 0.01931356331053348 0.080970493347845
v 0.19375370182975965 0.018803883492013465 0.08259071742382494
v 0.19557727979723433 0.01983145426530776 0.08097632220554372
v 0.1952221467237258 0.020862803496423124 0.08098836902008076
v 0.1954019257849992 0.020348010075975656 0.08098228076295565
v 0.19419745795435256 0.021562287401106786 0.08157248312253172
v 0.19503780528430598 0.021376259865415484 0.08099457171812928
v 0.19419745795435256 0.021562287401106786 0.08157248312253172
v 0.19481633920933378 0.02197499570318008 0.08100198748996588
v 0.1946557862231923 0.0223979979663136 0.08100733569578632
v 0.19481633920933378 0.02197499570318008 0.08100198748996588
v 0.19419745795435256 0.021562287401106786 0.08157248312253172
v 0.19425600593076625 0.023412913480828093 0.08102055743713697
v 0.19445820015423715 0.022906125202972763 0.08101388934599994
v 0.19228687436751096 0.024408774581595755 0.08218026360794271
v 0.19383857121855635 0.02442069741846577 0.08103421405399656
v 0.1940499207158996 0.02391668242565427 0.08102824786718975
v 0.19228687436751096 0.024408774581595755 0.08218026360794271
v 0.1936233917649765 0.024921542397698965 0.08104119495032423
v 0.19383857121855635 0.02442069741846577 0.08103421405399656
v 0.19228687436751096 0.024408774581595755 0.08218026360794271
v 0.1934036041568809 0.025421040788733435 0.08104828265818041
v 0.19228687436751096 0.024408774581595755 0.08218026360794271
v 0.1931797424519121 0.025918015757406838 0.08105546191877532
v 0.1927187591536494 0.026906602230143423 0.08107010272757618
v 0.19295125733363777 0.026413642230532792 0.08106274036150383
v 0.19228687436751096 0.024408774581595755 0.08218026360794271
v 0.19224024350592112 0.027887706173838085 0.08108511737672684
v 0.19248182066583291 0.027397826542415755 0.08107879260836003
v 0.19069178151831065 0.027764527685931756 0.08222150048734277
v 0.19174503474216562 0.028859589993803798 0.08110046008985793
v 0.19199492794251147 0.02837440816228722 0.08109274677162047
v 0.19069178151831065 0.027764527685931756 0.08222150048734277
v 0.19174503474216562 0.028859589993803798 0.08110046008985793
v 0.18931929915331655 0.029412570443042595 0.08259023677194664
v 0.19149123529163423 0.029341973744743143 0.08110824207264943
v 0.19097074271320122 0.030300603398429903 0.08112404254947413
v 0.19123294975690538 0.029822684750852056 0.08111610797878475
v 0.18931929915331655 0.029412570443042595 0.08259023677194664
v 0.19043360279511032 0.031250001484295374 0.081140117684515
v 0.19070412587924854 0.030776694805930725 0.08113205341411243
v 0.18754821142271003 0.03159589536058773 0.08295960629632669
v 0.19015873095588273 0.031721332149382574 0.0811482582488665
v 0.18754821142271003 0.03159589536058773 0.08295960629632669
v 0.1898799681252594 0.032189881900031046 0.08115645221898225
v 0.1893100218091259 0.03311995472863096 0.08117300800590142
v 0.18959693283349563 0.03265630877155037 0.08116470722425716
v 0.18754821142271003 0.03159589536058773 0.08295960629632669
v 0.1887239316933975 0.0340399414971815 0.08118978504527251
v 0.18901891461756468 0.03358133475542815 0.08118137745209973
v 0.1862031796205432 0.034968831769572904 0.08245428095494221
v 0.1871892331341751 0.03629393940697503 0.08123246388030746
v 0.1875034726510538 0.03584930590196935 0.08122587208311936
v 0.1862031796205432 0.034968831769572904 0.08245428095494221
v 0.18687058382704788 0.03673658163991347 0.08124110798472194
v 0.1862031796205432 0.034968831769572904 0.08245428095494221
v 0.18654808930489428 0.03717639718204382 0.08124978260671599
v 0.18589164090945684 0.038047529120393025 0.08126720051525814
v 0.1862217343089245 0.03761343943913034 0.08125848011689472
v 0.18353980363954744 0.03781630504935188 0.08283362209844823
v 0.1852201015709198 0.03890707200789881 0.08128470234714412
v 0.185557687036173 0.038478845516611876 0.08127594380180624
v 0.18353980363954744 0.03781630504935188 0.08283362209844823
v 0.1834590388652035 0.04102352718655003 0.08133122639720546
v 0.18387082782519212 0.04054540445265878 0.08131890492445225
v 0.18140369513965024 0.041409059584012226 0.08234841547139825
v 0.18164313606899182 0.04302192510861727 0.08137266164087274
v 0.18201662546661443 0.042624899027747826 0.08136388020735018
v 0.18140369513965024 0.041409059584012226 0.08234841547139825
v 0.18126575567997347 0.043416151201560754 0.08138144307439531
v 0.18140369513965024 0.041409059584012226 0.08234841547139825
v 0.1788784569825985 0.043410238420518193 0.08272336971284043
v 0.18088543034452617 0.04380656641175487 0.0813901939903383
v 0.18126575567997347 0.043416151201560754 0.08138144307439531
v 0.1788784569825985 0.043410238420518193 0.08272336971284043
v 0.17972316832643107 0.044958738555103156 0.08141636281482344
v 0.18014084717927756 0.04455174085510774 0.08140713887639704
v 0.1788784569825985 0.043410238420518193 0.08272336971284043
v 0.17893190852322324 0.04570960834174412 0.08143368917062686
v 0.1788784569825985 0.043410238420518193 0.08272336971284043
v 0.1785311821858304 0.04608004598140927 0.08144231038685666
v 0.1785311821858304 0.04608004598140927 0.08144231038685666
v 0.1788784569825985 0.043410238420518193 0.08272336971284043
v 0.17619522931608952 0.04480599806933275 0.08337138762692041
v 0.1773107078846969 0.04716935191083407 0.08146796041248903
v 0.17772057423717233 0.04680991204390808 0.08145944600778775
v 0.17519634316024654 0.04600283269038832 0.08321221556125467
v 0.17606176068182042 0.04822665634337756 0.0814932594859563
v 0.1764812400718618 0.04787777937368179 0.08148486715157331
v 0.17519634316024654 0.04600283269038832 0.08321221556125467
v 0.17521407387397933 0.04891309970483929 0.0815098991962193
v 0.17310598051213152 0.04890682834223673 0.08253419886645295
v 0.17478585119738985 0.04925067372600015 0.08151813894270442
v 0.17348339141872945 0.05024109125351121 0.08154255300636402
v 0.17310598051213152 0.04890682834223673 0.08253419886645295
v 0.17304358732069144 0.05056356288748013 0.08155057150039723
v 0.17215554101386307 0.051197004842615836 0.08156642538298618
v 0.17310598051213152 0.04890682834223673 0.08253419886645295
v 0.17064170122027986 0.05097172025549938 0.0823827019720502
v 0.171707420875391 0.051507875981649 0.08157425314214704
v 0.17215554101386307 0.051197004842615836 0.08156642538298618
v 0.17064170122027986 0.05097172025549938 0.0823827019720502
v 0.17034696243674927 0.052416914568527186 0.08159733969109516
v 0.17064170122027986 0.05097172025549938 0.0823827019720502
v 0.16823722112560444 0.050657064936598974 0.08358516327183983
v 0.16988832899211379 0.05271190893678671 0.08160488516264496
v 0.17034696243674927 0.052416914568527186 0.08159733969109516
v 0.16823722112560444 0.050657064936598974 0.08358516327183983
v 0.16942696422410639 0.05300300849895304 0.08161236196964071
v 0.16823722112560444 0.050657064936598974 0.08358516327183983
v 0.16700418884047605 0.05225009403448059 0.0830801354768562
v 0.16802832829341693 0.053851729089802215 0.08163431173874967
v 0.16849689521020392 0.053572958629783986 0.08162707907239052
v 0.16700418884047605 0.05225009403448059 0.0830801354768562
v 0.16755701479446825 0.05412658948493746 0.0816414681111599
v 0.16700418884047605 0.05225009403448059 0.0830801354768562
v 0.1646230699529649 0.053732126880752275 0.08301832211942804
v 0.16612967708018897 0.054925940261429974 0.0816624184295378
v 0.16660761289390533 0.05466373321772581 0.08165552145655396
v 0.1646230699529649 0.053732126880752275 0.08301832211942804
v 0.1627206498186595 0.056644240208767495 0.08170811850495062
v 0.16183219152450687 0.0548087146088894 0.0832473718129245
v 0.16074379730777186 0.056137888713769825 0.0826961175142804
v 0.16122853854173333 0.05731638608419857 0.08172623831782298
v 0.16172805028420886 0.05709659466140552 0.08172030264859574
v 0.16074379730777186 0.056137888713769825 0.0826961175142804
v 0.15971993251304714 0.05794899262059342 0.08174341971512343
v 0.16074379730777186 0.056137888713769825 0.0826961175142804
v 0.15730165847240404 0.0573298176339088 0.08286437618926444
v 0.15873952475163652 0.058335844903372215 0.08175384146854812
v 0.15730165847240404 0.0573298176339088 0.08286437618926444
v 0.15819478595623157 0.058542082706136735 0.0817596245498775
v 0.1566550214787998 0.059094912474826386 0.0817748223045056
v 0.1571697920110626 0.05891514867234275 0.08176987082721963
v 0.15730165847240404 0.0573298176339088 0.08286437618926444
v 0.15562058234275253 0.05944103523296555 0.0817843895657022
v 0.15609127023131994 0.059286269142850886 0.08178010947516688
v 0.15730165847240404 0.0573298176339088 0.08286437618926444
v 0.15460288209910186 0.05976231668133107 0.08179311759346052
v 0.15509117863108376 0.059610495537645344 0.0817890740141669
v 0.15435279053448878 0.05770458495517609 0.0833243447780063
v 0.15353435482666986 0.060078860275467647 0.08180208976185542
v 0.15405794493942968 0.05992624567471298 0.08179784781829456
v 0.15435279053448878 0.05770458495517609 0.0833243447780063
v 0.1508974375871652 0.060773100878510664 0.08182149894246481
v 0.15127112534905504 0.060682803175247144 0.08181888206001629
v 0.15196347767686189 0.058218485736421 0.08347468963378012
v 0.15036646222014835 0.06089813140202742 0.08182500083472098
v 0.1489382547548512 0.058609072608000225 0.0837357980446196
v 0.14983461710211363 0.06101847366238204 0.08182838065665886
v 0.1487676767438195 0.061245261240292545 0.08183476646018482
v 0.14930149024573677 0.06113422684170815 0.08183163840827844
v 0.1489382547548512 0.058609072608000225 0.0837357980446196
v 0.14608417441909435 0.06173052508780423 0.08184846885341378
v 0.14610727622683226 0.0586635693757254 0.08409089297115367
v 0.1438285438187936 0.060308432582514324 0.08315578855662141
v 0.14392385021980478 0.06203413685759611 0.08185707481085379
v 0.14435349196384448 0.061979769789584124 0.08185553367308528
v 0.1438285438187936 0.060308432582514324 0.08315578855662141
v 0.14284004889879573 0.062157622428646905 0.08186058433250486
v 0.1433404609098687 0.06210306844046003 0.08185918815323932
v 0.1438285438187936 0.060308432582514324 0.08315578855662141
v 0.14207923038121348 0.06223288259457509 0.08186272056307507
v 0.1422788916455797 0.06221403798918783 0.08186218650543252
v 0.1406944036552815 0.06061308576470918 0.08316565336421887
v 0.13957800955928687 0.06241434775212 0.08186788566341806
v 0.14012224481462884 0.062383444888103365 0.08186700828300529
v 0.1383800419730896 0.06049432660379499 0.08334955229873485
v 0.13903296558808617 0.06244052802069748 0.08186863334411763
v 0.1383800419730896 0.06049432660379499 0.08334955229873485
v 0.13848763169987952 0.062461951361558785 0.08187088401561125
v 0.13685225564564082 0.062497626412081383 0.08187025840522998
v 0.13739778789811471 0.06249048529846095 0.08187006004096274
v 0.1383800419730896 0.06049432660379499 0.08334955229873485
v 0.1365475070960098 0.05150048691269452 0.08920000118501469
v 0.1363070133101729 0.051501070561403885 0.08920000118501469
v 0.1363070133101729 0.052231386758201416 0.08877434198510946
v 0.1387880009768416 0.0514390435809187 0.08920000118501469
v 0.13789026533849832 0.05147653824212343 0.08920000118501469
v 0.13821187485084427 0.05311162819405361 0.08823524894192579
v 0.1410436926123015 0.05127649550801253 0.08920000118501469
v 0.13969173331957127 0.051386244353557355 0.08920000118501469
v 0.14091925718158646 0.05316769661712687 0.08810184897221073
v 0.14387302319102344 0.050921766792433355 0.08920000118501469
v 0.14276482306514457 0.051080061477686324 0.08920000118501469
v 0.1442168647600894 0.05274709570603612 0.08810900534462095
v 0.145189170104123 0.05070234539529265 0.08920000118501469
v 0.1442168647600894 0.05274709570603612 0.08810900534462095
v 0.14779582916347953 0.052768145206547636 0.08769464527855318
v 0.154469825452157 0.048066095727841186 0.08920000118501469
v 0.15462267274945593 0.04998792504275599 0.08811753500811202
v 0.15549030279554896 0.04765013348884575 0.08920000118501469
v 0.15632346323551258 0.04729254756487891 0.08920000118501469
v 0.15462267274945593 0.04998792504275599 0.08811753500811202
v 0.1579211958553461 0.04951921316746603 0.08760297809890626
v 0.15976265712445145 0.045622808716039326 0.08920000118501469
v 0.16006472012707992 0.04856202546941416 0.08756470905411982
v 0.16287955485550396 0.045826856882469374 0.08819724692596063
v 0.16307015239873654 0.04369588678003303 0.08920000118501469
v 0.16287955485550396 0.045826856882469374 0.08819724692596063
v 0.1669835436978939 0.044950468291038465 0.08726720842963774
v 0.16493567677933638 0.04244706546217228 0.08920000118501469
v 0.1669835436978939 0.044950468291038465 0.08726720842963774
v 0.1683338703001169 0.042518430822007264 0.08797178304806418
v 0.16917598764968564 0.0391217822536927 0.08920000118501469
v 0.1717569966834098 0.04057325555871796 0.0875206798161887
v 0.17153174642857036 0.03820686903274642 0.08866441766348208
v 0.17227037866580194 0.03618028049654722 0.08920000118501469
v 0.17153174642857036 0.03820686903274642 0.08866441766348208
v 0.17402307955471483 0.038677003790184045 0.08739844928059791
v 0.17319408476436313 0.03520237136196427 0.08920000118501469
v 0.17227037866580194 0.03618028049654722 0.08920000118501469
v 0.1747051169406255 0.03670156271735172 0.08793375051451945
v 0.17941233151967492 0.026857966745045276 0.08920000118501469
v 0.18083312321313547 0.029139424754409688 0.08775666462964347
v 0.18240851696472046 0.0252593834476811 0.08811864889976649
v 0.18131784918830715 0.023412652174052986 0.08920000118501469
v 0.17941233151967492 0.026857966745045276 0.08920000118501469
v 0.18240851696472046 0.0252593834476811 0.08811864889976649
v 0.18131784918830715 0.023412652174052986 0.08920000118501469
v 0.18240851696472046 0.0252593834476811 0.08811864889976649
v 0.18247344311526523 0.02095903877626261 0.08920000118501469
v 0.1866617978063889 0.0039277774769036515 0.08920000118501469
v 0.18629491546474417 0.007435335512461233 0.08920030636081043
v 0.18783321509835635 0.00672378047454431 0.08833724632225869
v 0.18681713228642313 -0.0001526939345406279 0.08920000118501469
v 0.1866617978063889 0.0039277774769036515 0.08920000118501469
v 0.18907499067003283 0.004501737808425557 0.08771851765517534
v 0.18508358117869325 -0.01346268336344215 0.08920000118501469
v 0.18645310333846862 -0.006404717272744114 0.08920000118501469
v 0.1876981290323698 -0.011577581955545264 0.0879285396378071
v 0.18508358117869325 -0.01346268336344215 0.08920000118501469
v 0.1876981290323698 -0.011577581955545264 0.0879285396378071
v 0.18666942720128252 -0.017173802237830948 0.08763380085427651
v 0.17729271777153774 -0.030158450605423125 0.08920000118501469
v 0.1809014520738028 -0.02898056549393459 0.0877749446598086
v 0.17829279411298413 -0.031890327060973854 0.08810556448752392
v 0.17729271777153774 -0.030158450605423125 0.08920000118501469
v 0.17829279411298413 -0.031890327060973854 0.08810556448752392
v 0.17643285444944642 -0.03485625241852255 0.08788227498717215
v 0.1711982960953495 -0.03725582299758392 0.08920000118501469
v 0.17128430989338025 -0.03717185387738466 0.08920000118501469
v 0.17182405906452478 -0.0377250574864241 0.08874673120498942
v 0.1669928668184539 -0.04092409709759884 0.08920000118501469
v 0.16765386233324794 -0.040399961483104124 0.08920000118501469
v 0.16778290591847875 -0.04317542090448215 0.08785379445603424
v 0.1669928668184539 -0.04092409709759884 0.08920000118501469
v 0.16778290591847875 -0.04317542090448215 0.08785379445603424
v 0.1664559557822098 -0.041335641916950855 0.08920000118501469
v 0.1650263902846216 -0.04238103304936794 0.08920000118501469
v 0.16591387201622784 -0.04174200256247265 0.08920000118501469
v 0.1648630907163184 -0.04467395613190875 0.08813843192072567
v 0.16123134615905418 -0.04480632994801062 0.08920000118501469
v 0.1619849014926977 -0.044361910066061966 0.08920000118501469
v 0.162200981214875 -0.04635379248489005 0.08812492026236905
v 0.16003247830425946 -0.04547671724791871 0.08920000118501469
v 0.1595082015459592 -0.04750420605271535 0.08828627433497437
v 0.15927271264317253 -0.045880449566899656 0.08920000118501469
v 0.1572519148176976 -0.04687352593853114 0.08920000118501469
v 0.15802861773544838 -0.04650659019112216 0.08920000118501469
v 0.1577152021932182 -0.0489869522474096 0.08794958150892372
v 0.15449025697168214 -0.04805511702858926 0.08920000118501469
v 0.15513680241254765 -0.047795709972811046 0.08920000118501469
v 0.15441522950229822 -0.04967616126452027 0.088337582015634
v 0.1536045757772708 -0.04839317933102331 0.08920000118501469
v 0.15449025697168214 -0.04805511702858926 0.08920000118501469
v 0.15441522950229822 -0.04967616126452027 0.088337582015634
v 0.15153929857956602 -0.04910830158789018 0.08920000118501469
v 0.15218736989941026 -0.04889518207093161 0.08920000118501469
v 0.15441522950229822 -0.04967616126452027 0.088337582015634
v 0.15090685226046394 -0.04930721135685937 0.08920000118501469
v 0.15153929857956602 -0.04910830158789018 0.08920000118501469
v 0.15202022511608068 -0.05098338560029173 0.08805963553026429
v 0.14788619171659964 -0.05013241052325149 0.08920000118501469
v 0.148320304286047 -0.05002644967227136 0.08920000118501469
v 0.14894751684025206 -0.05114964537381365 0.0884690364896512
v 0.14460156936820565 -0.05080331662201235 0.08920000118501469
v 0.1452624275538916 -0.05068687679714582 0.08920000118501469
v 0.14497461626092442 -0.052132830234965545 0.08839164390785025
v 0.14371758189946068 -0.05094513181429509 0.08920000118501469
v 0.14460156936820565 -0.05080331662201235 0.08920000118501469
v 0.14497461626092442 -0.052132830234965545 0.08839164390785025
v 0.14260846624619458 -0.051099585099219115 0.08920000118501469
v 0.14305283272237898 -0.05104069761473266 0.08920000118501469
v 0.14497461626092442 -0.052132830234965545 0.08839164390785025
v 0.1412706671103869 -0.05125233321438442 0.08920000118501469
v 0.14159094910802136 -0.053537825266298834 0.08783956563455762
v 0.14059918880700903 -0.05131545119833939 0.08920000118501469
v 0.13992589470764646 -0.051369005735795205 0.08920000118501469
v 0.14059918880700903 -0.05131545119833939 0.08920000118501469
v 0.13928884023402863 -0.05369732921064244 0.08785175740759764
v 0.1367619083513105 -0.051498987736597925 0.08920000118501469
v 0.1374425877049301 -0.051488871158968975 0.08920000118501469
v 0.13809001815560326 -0.05312940468415576 0.08822694816028152
v 0.1987689150806648 0.0021821147047801372 0.08086241533978188
v 0.19878559293790227 0.0016366200032342387 0.08086265948041847
v 0.19745403464711758 0.0009210389693947378 0.08194052513220028
v 0.19880701627876357 1.5644958054547044e-06 0.08086199572306273
v 0.19760587486429054 -0.0028753708774632864 0.08176816184276346
v 0.19745403464711758 0.0009210389693947378 0.08194052513220028
v 0.19878559293790227 -0.001636870938800662 0.08086252215131039
v 0.19876896085703416 -0.002180916412944657 0.08086252215131039
v 0.19760587486429054 -0.0028753708774632864 0.08176816184276346
v 0.19745403464711758 0.0009210389693947378 0.08194052513220028
v 0.19760587486429054 -0.0028753708774632864 0.08176816184276346
v 0.1954636018133193 -0.0019230938871184224 0.08344738402945583
v 0.1961933381761049 0.013922919934679654 0.08173860556694555
v 0.19689241963020793 0.009964521881370432 0.08177238089813964
v 0.1948832184849713 0.012521977065709242 0.08295685971416498
v 0.19689241963020793 0.009964521881370432 0.08177238089813964
v 0.19736141379310895 0.0065107935183220155 0.08175990683748856
v 0.19490451975551432 0.008179849059481442 0.08348615661430524
v 0.19736141379310895 0.0065107935183220155 0.08175990683748856
v 0.19749274619680784 0.0036381034194894767 0.0818292809252563
v 0.19560035108739265 0.003474753068026528 0.08328204741271604
v 0.19749274619680784 0.0036381034194894767 0.0818292809252563
v 0.19745403464711758 0.0009210389693947378 0.08194052513220028
v 0.19560035108739265 0.003474753068026528 0.08328204741271604
v 0.19760587486429054 -0.0028753708774632864 0.08176816184276346
v 0.19691835957284626 -0.00606094770609245 0.08214368828882267
v 0.19477100534487585 -0.003725055871510732 0.08389995973454577
v 0.1959752137760961 -0.011250594673473675 0.08231679162956416
v 0.1973257997777455 -0.01352622477881372 0.08091619494438705
v 0.1953981110875524 -0.013587539364550713 0.08239757929209278
v 0.1948832184849713 0.012521977065709242 0.08295685971416498
v 0.19689241963020793 0.009964521881370432 0.08177238089813964
v 0.19490451975551432 0.008179849059481442 0.08348615661430524
v 0.19490451975551432 0.008179849059481442 0.08348615661430524
v 0.19736141379310895 0.0065107935183220155 0.08175990683748856
v 0.19560035108739265 0.003474753068026528 0.08328204741271604
v 0.19760587486429054 -0.0028753708774632864 0.08176816184276346
v 0.19477100534487585 -0.003725055871510732 0.08389995973454577
v 0.1954636018133193 -0.0019230938871184224 0.08344738402945583
v 0.19560035108739265 0.003474753068026528 0.08328204741271604
v 0.1954636018133193 -0.0019230938871184224 0.08344738402945583
v 0.19295870362305395 -0.00028407944598053697 0.08527042030989306
v 0.19477100534487585 -0.003725055871510732 0.08389995973454577
v 0.19691835957284626 -0.00606094770609245 0.08214368828882267
v 0.19332892763966208 -0.00725693355696611 0.08470059606407786
v 0.19691835957284626 -0.00606094770609245 0.08214368828882267
v 0.19575846266716818 -0.009603452184960289 0.08269552242147869
v 0.19332892763966208 -0.00725693355696611 0.08470059606407786
v 0.1948832184849713 0.012521977065709242 0.08295685971416498
v 0.19490451975551432 0.008179849059481442 0.08348615661430524
v 0.1931087585618218 0.010283823501761054 0.08452942296024445
v 0.19267952880510636 0.003628252440170262 0.08538974404602938
v 0.19560035108739265 0.003474753068026528 0.08328204741271604
v 0.19295870362305395 -0.00028407944598053697 0.08527042030989306
v 0.19575846266716818 -0.009603452184960289 0.08269552242147869
v 0.1959752137760961 -0.011250594673473675 0.08231679162956416
v 0.19322901308413515 -0.010932314438324438 0.08436767215910466
v 0.1959752137760961 -0.011250594673473675 0.08231679162956416
v 0.1953981110875524 -0.013587539364550713 0.08239757929209278
v 0.19322901308413515 -0.010932314438324438 0.08436767215910466
v 0.19419745795435256 0.021562287401106786 0.08157248312253172
v 0.19375370182975965 0.018803883492013465 0.08259071742382494
v 0.19129895928152504 0.020819783245966686 0.08385628907817465
v 0.19472800607525537 0.016432663744376807 0.08238046655934637
v 0.1948832184849713 0.012521977065709242 0.08295685971416498
v 0.19174068598707625 0.015886481085988235 0.0846217767854318
v 0.1942411133519339 -0.015547062658611843 0.08292490780835048
v 0.19422382514310493 -0.018830483377310095 0.08224454125992152
v 0.19198502498793954 -0.017163542609047743 0.08420711154356829
v 0.19174068598707625 0.015886481085988235 0.0846217767854318
v 0.1948832184849713 0.012521977065709242 0.08295685971416498
v 0.19120122673293768 0.01173879774536813 0.08566903330490037
v 0.1948832184849713 0.012521977065709242 0.08295685971416498
v 0.1931087585618218 0.010283823501761054 0.08452942296024445
v 0.19120122673293768 0.01173879774536813 0.08566903330490037
v 0.1931087585618218 0.010283823501761054 0.08452942296024445
v 0.19490451975551432 0.008179849059481442 0.08348615661430524
v 0.19171785883755452 0.0073680118245711464 0.08579288127220862
v 0.19490451975551432 0.008179849059481442 0.08348615661430524
v 0.19267952880510636 0.003628252440170262 0.08538974404602938
v 0.19171785883755452 0.0073680118245711464 0.08579288127220862
v 0.19322901308413515 -0.010932314438324438 0.08436767215910466
v 0.1942411133519339 -0.015547062658611843 0.08292490780835048
v 0.19087639761594663 -0.012048924064724806 0.08583943583984953
v 0.19228687436751096 0.024408774581595755 0.08218026360794271
v 0.19129895928152504 0.020819783245966686 0.08385628907817465
v 0.189431298670355 0.02109117226642533 0.08504853461820171
v 0.19129895928152504 0.020819783245966686 0.08385628907817465
v 0.19375370182975965 0.018803883492013465 0.08259071742382494
v 0.18979622788690695 0.01821170702650866 0.08546204019204139
v 0.19332892763966208 -0.00725693355696611 0.08470059606407786
v 0.19322901308413515 -0.010932314438324438 0.08436767215910466
v 0.19087639761594663 -0.012048924064724806 0.08583943583984953
v 0.19087639761594663 -0.012048924064724806 0.08583943583984953
v 0.1942411133519339 -0.015547062658611843 0.08292490780835048
v 0.19198502498793954 -0.017163542609047743 0.08420711154356829
v 0.19198502498793954 -0.017163542609047743 0.08420711154356829
v 0.19298368226193569 -0.021882289018478898 0.08238602075882893
v 0.1911832518785683 -0.02143747050064705 0.08377192322944092
v 0.18959450668591946 0.025877921379892106 0.0835948907503292
v 0.19228687436751096 0.024408774581595755 0.08218026360794271
v 0.189431298670355 0.02109117226642533 0.08504853461820171
v 0.1931087585618218 0.010283823501761054 0.08452942296024445
v 0.19171785883755452 0.0073680118245711464 0.08579288127220862
v 0.19120122673293768 0.01173879774536813 0.08566903330490037
v 0.19171785883755452 0.0073680118245711464 0.08579288127220862
v 0.19267952880510636 0.003628252440170262 0.08538974404602938
v 0.18907499067003283 0.004501737808425557 0.08771851765517534
v 0.19126566460220926 -0.004200216492834532 0.08629737500954969
v 0.19332892763966208 -0.00725693355696611 0.08470059606407786
v 0.18909929792216393 -0.007078311302693434 0.08753958545673511
v 0.19174068598707625 0.015886481085988235 0.0846217767854318
v 0.19120122673293768 0.01173879774536813 0.08566903330490037
v 0.18879715862558652 0.013210783632239273 0.08701228745805699
v 0.19120122673293768 0.01173879774536813 0.08566903330490037
v 0.19171785883755452 0.0073680118245711464 0.08579288127220862
v 0.18920665876710704 0.008875492517510524 0.08729305681953735
v 0.18952726119932703 0.0008139374046687095 0.08754748950984491
v 0.19126566460220926 -0.004200216492834532 0.08629737500954969
v 0.1886026395733786 -0.002917553324992968 0.08807765616100303
v 0.1890295499940464 -0.015061472654468454 0.08655838423825556
v 0.19198502498793954 -0.017163542609047743 0.08420711154356829
v 0.1893015379220042 -0.018655405930639867 0.08568322397940252
v 0.19198502498793954 -0.017163542609047743 0.08420711154356829
v 0.1911832518785683 -0.02143747050064705 0.08377192322944092
v 0.1893015379220042 -0.018655405930639867 0.08568322397940252
v 0.1911832518785683 -0.02143747050064705 0.08377192322944092
v 0.19190609126837008 -0.024483184069993297 0.08242192469119834
v 0.18886615887300448 -0.023312287484227326 0.08481696722439035
v 0.19190609126837008 -0.024483184069993297 0.08242192469119834
v 0.19138599541847154 -0.026378327668918917 0.08220333489810104
v 0.18820932900782236 -0.02605412988435531 0.08444350071495242
v 0.18920665876710704 0.008875492517510524 0.08729305681953735
v 0.18907499067003283 0.004501737808425557 0.08771851765517534
v 0.18783321509835635 0.00672378047454431 0.08833724632225869
v 0.19126566460220926 -0.004200216492834532 0.08629737500954969
v 0.18909929792216393 -0.007078311302693434 0.08753958545673511
v 0.1886026395733786 -0.002917553324992968 0.08807765616100303
v 0.1890295499940464 -0.015061472654468454 0.08655838423825556
v 0.1893015379220042 -0.018655405930639867 0.08568322397940252
v 0.18666942720128252 -0.017173802237830948 0.08763380085427651
v 0.1899835295315455 -0.029210746245224035 0.08220617303300147
v 0.18869153728267915 -0.03142935329945475 0.08225711450270622
v 0.18730758030776504 -0.02871450369846042 0.08415903109694865
v 0.18931929915331655 0.029412570443042595 0.08259023677194664
v 0.18959450668591946 0.025877921379892106 0.0835948907503292
v 0.18616794707492443 0.02872508566917788 0.08485574743863465
v 0.18959450668591946 0.025877921379892106 0.0835948907503292
v 0.189431298670355 0.02109117226642533 0.08504853461820171
v 0.18513065454518693 0.026548028299537858 0.0861927302291887
v 0.189431298670355 0.02109117226642533 0.08504853461820171
v 0.18979622788690695 0.01821170702650866 0.08546204019204139
v 0.18617380645020273 0.017362101425851827 0.08788258016296789
v 0.18979622788690695 0.01821170702650866 0.08546204019204139
v 0.18879715862558652 0.013210783632239273 0.08701228745805699
v 0.18617380645020273 0.017362101425851827 0.08788258016296789
v 0.18879715862558652 0.013210783632239273 0.08701228745805699
v 0.18920665876710704 0.008875492517510524 0.08729305681953735
v 0.18684046297600784 0.01095726923534713 0.0885126003344938
v 0.18666942720128252 -0.017173802237830948 0.08763380085427651
v 0.1893015379220042 -0.018655405930639867 0.08568322397940252
v 0.18608855559166135 -0.019244379957638072 0.08754147754666873
v 0.1893015379220042 -0.018655405930639867 0.08568322397940252
v 0.18886615887300448 -0.023312287484227326 0.08481696722439035
v 0.18622486236083088 -0.022005803199760546 0.0867975199918014
v 0.18616794707492443 0.02872508566917788 0.08485574743863465
v 0.18959450668591946 0.025877921379892106 0.0835948907503292
v 0.18513065454518693 0.026548028299537858 0.0861927302291887
v 0.18730758030776504 -0.02871450369846042 0.08415903109694865
v 0.18689646273452706 -0.03327697911963414 0.08271318447065744
v 0.18425241964019176 -0.030917253055404735 0.08524512886582068
v 0.18689646273452706 -0.03327697911963414 0.08271318447065744
v 0.1875035947213721 -0.0358491304258868 0.08122564320127255
v 0.18533774684017953 -0.03565945985413379 0.08269866573217487
v 0.18622486236083088 -0.022005803199760546 0.0867975199918014
v 0.18820932900782236 -0.02605412988435531 0.08444350071495242
v 0.18347203935410225 -0.024975941890639248 0.08761280475952925
v 0.18820932900782236 -0.02605412988435531 0.08444350071495242
v 0.18730758030776504 -0.02871450369846042 0.08415903109694865
v 0.1843707820725715 -0.027185288766817823 0.086427959732549
v 0.18425241964019176 -0.030917253055404735 0.08524512886582068
v 0.18689646273452706 -0.03327697911963414 0.08271318447065744
v 0.18380689349598353 -0.03298412861133972 0.08471676275185745
v 0.1843791438893749 0.033527337713068504 0.08416945285037335
v 0.18616794707492443 0.02872508566917788 0.08485574743863465
v 0.18270461378054212 0.03092262605675857 0.08612057141228478
v 0.18513065454518693 0.026548028299537858 0.0861927302291887
v 0.18594332243046627 0.02204681691935996 0.08697802384558971
v 0.18240851696472046 0.0252593834476811 0.08811864889976649
v 0.18594332243046627 0.02204681691935996 0.08697802384558971
v 0.18617380645020273 0.017362101425851827 0.08788258016296789
v 0.18335744584279998 0.018757744726394257 0.08920000118501469
v 0.18666942720128252 -0.017173802237830948 0.08763380085427651
v 0.18608855559166135 -0.019244379957638072 0.08754147754666873
v 0.18326711380725944 -0.019028265903183753 0.08920000118501469
v 0.18608855559166135 -0.019244379957638072 0.08754147754666873
v 0.18622486236083088 -0.022005803199760546 0.0867975199918014
v 0.18214261729388778 -0.02170667751416612 0.08919999355561979
v 0.1843707820725715 -0.027185288766817823 0.086427959732549
v 0.18730758030776504 -0.02871450369846042 0.08415903109694865
v 0.18425241964019176 -0.030917253055404735 0.08524512886582068
v 0.18254915723018958 -0.03530856109479121 0.08450233860837207
v 0.18533774684017953 -0.03565945985413379 0.08269866573217487
v 0.18404757038729788 -0.03668927939157298 0.08304174436175148
v 0.18140369513965024 0.041409059584012226 0.08234841547139825
v 0.18353980363954744 0.03781630504935188 0.08283362209844823
v 0.18111736394929243 0.03923140902891922 0.08356351867852661
v 0.18270461378054212 0.03092262605675857 0.08612057141228478
v 0.18513065454518693 0.026548028299537858 0.0861927302291887
v 0.18083312321313547 0.029139424754409688 0.08775666462964347
v 0.1843707820725715 -0.027185288766817823 0.086427959732549
v 0.18425241964019176 -0.030917253055404735 0.08524512886582068
v 0.1809014520738028 -0.02898056549393459 0.0877749446598086
v 0.18425241964019176 -0.030917253055404735 0.08524512886582068
v 0.18380689349598353 -0.03298412861133972 0.08471676275185745
v 0.1805596551825683 -0.03314527669028291 0.0864723856990146
v 0.18111736394929243 0.03923140902891922 0.08356351867852661
v 0.18176160531290006 0.03458227703319496 0.0852525293788675
v 0.18000260254380504 0.036030805391791286 0.08560779215208923
v 0.18270461378054212 0.03092262605675857 0.08612057141228478
v 0.18083312321313547 0.029139424754409688 0.08775666462964347
v 0.17943129819538048 0.031964791862484375 0.08750642810652741
v 0.18254915723018958 -0.03530856109479121 0.08450233860837207
v 0.18404757038729788 -0.03668927939157298 0.08304174436175148
v 0.18041622255856812 -0.0381368617052025 0.08447415562363501
v 0.18041622255856812 -0.0381368617052025 0.08447415562363501
v 0.1836390925846931 -0.03935017581922831 0.0820537377230268
v 0.17888926020576787 -0.041085805937066705 0.08390572755708535
v 0.18176160531290006 0.03458227703319496 0.0852525293788675
v 0.18270461378054212 0.03092262605675857 0.08612057141228478
v 0.17943129819538048 0.031964791862484375 0.08750642810652741
v 0.18347203935410225 -0.024975941890639248 0.08761280475952925
v 0.1809014520738028 -0.02898056549393459 0.0877749446598086
v 0.18006243225856086 -0.025777411731563466 0.08920000118501469
v 0.1805596551825683 -0.03314527669028291 0.0864723856990146
v 0.18254915723018958 -0.03530856109479121 0.08450233860837207
v 0.17860068597331133 -0.03766866099937041 0.08566012980105951
v 0.18000260254380504 0.036030805391791286 0.08560779215208923
v 0.18176160531290006 0.03458227703319496 0.0852525293788675
v 0.17943129819538048 0.031964791862484375 0.08750642810652741
v 0.1788784569825985 0.043410238420518193 0.08272336971284043
v 0.18111736394929243 0.03923140902891922 0.08356351867852661
v 0.17687972336715593 0.04137447172226197 0.08478742620736222
v 0.17943129819538048 0.031964791862484375 0.08750642810652741
v 0.18083312321313547 0.029139424754409688 0.08775666462964347
v 0.17765761647051012 0.029616059756296685 0.08920000118501469
v 0.17888926020576787 -0.041085805937066705 0.08390572755708535
v 0.18075847721349622 -0.04245161639622633 0.0821897393164006
v 0.1782115563161568 -0.04394268244605207 0.08279276668879286
v 0.18000260254380504 0.036030805391791286 0.08560779215208923
v 0.17943129819538048 0.031964791862484375 0.08750642810652741
v 0.1767553947479694 0.03480200742082886 0.0877477763845924
v 0.1805596551825683 -0.03314527669028291 0.0864723856990146
v 0.17860068597331133 -0.03766866099937041 0.08566012980105951
v 0.17643285444944642 -0.03485625241852255 0.08788227498717215
v 0.1767553947479694 0.03480200742082886 0.0877477763845924
v 0.17943129819538048 0.031964791862484375 0.08750642810652741
v 0.1758539664824976 0.03207497939823558 0.08920000118501469
v 0.18041622255856812 -0.0381368617052025 0.08447415562363501
v 0.17888926020576787 -0.041085805937066705 0.08390572755708535
v 0.17860068597331133 -0.03766866099937041 0.08566012980105951
v 0.17888926020576787 -0.041085805937066705 0.08390572755708535
v 0.1782115563161568 -0.04394268244605207 0.08279276668879286
v 0.17579563212914093 -0.04233963976737257 0.08485050604434273
v 0.1782115563161568 -0.04394268244605207 0.08279276668879286
v 0.17812447440284093 -0.04644941932048677 0.08145467000658434
v 0.17554215311319507 -0.04675080330696971 0.0826180611751237
v 0.17773056874448298 0.03873336594496071 0.08560805155151562
v 0.1767553947479694 0.03480200742082886 0.0877477763845924
v 0.1747051169406255 0.03670156271735172 0.08793375051451945
v 0.17643285444944642 -0.03485625241852255 0.08788227498717215
v 0.17860068597331133 -0.03766866099937041 0.08566012980105951
v 0.17458355016239044 -0.03722966180249367 0.08776781880497796
v 0.17860068597331133 -0.03766866099937041 0.08566012980105951
v 0.17888926020576787 -0.041085805937066705 0.08390572755708535
v 0.17579563212914093 -0.04233963976737257 0.08485050604434273
v 0.17579563212914093 -0.04233963976737257 0.08485050604434273
v 0.17554215311319507 -0.04675080330696971 0.0826180611751237
v 0.17400319735162204 -0.04484641097408429 0.08440703220736089
v 0.17619522931608952 0.04480599806933275 0.08337138762692041
v 0.17687972336715593 0.04137447172226197 0.08478742620736222
v 0.173323052055645 0.044126585195265494 0.08510353492598986
v 0.17687972336715593 0.04137447172226197 0.08478742620736222
v 0.17773056874448298 0.03873336594496071 0.08560805155151562
v 0.17402307955471483 0.038677003790184045 0.08739844928059791
v 0.173323052055645 0.044126585195265494 0.08510353492598986
v 0.17687972336715593 0.04137447172226197 0.08478742620736222
v 0.17402307955471483 0.038677003790184045 0.08739844928059791
v 0.17458355016239044 -0.03722966180249367 0.08776781880497796
v 0.17579563212914093 -0.04233963976737257 0.08485050604434273
v 0.17279833279244092 -0.040075796123468815 0.08730634722544205
v 0.17554215311319507 -0.04675080330696971 0.0826180611751237
v 0.1747858969737592 -0.04925063557902568 0.08151834493636655
v 0.17248461207441498 -0.04766447675124577 0.08354993072622106
v 0.17310598051213152 0.04890682834223673 0.08253419886645295
v 0.17519634316024654 0.04600283269038832 0.08321221556125467
v 0.17166483359309478 0.04846799317735021 0.08344852843868987
v 0.173323052055645 0.044126585195265494 0.08510353492598986
v 0.17402307955471483 0.038677003790184045 0.08739844928059791
v 0.1717569966834098 0.04057325555871796 0.0875206798161887
v 0.17400319735162204 -0.04484641097408429 0.08440703220736089
v 0.17554215311319507 -0.04675080330696971 0.0826180611751237
v 0.17248461207441498 -0.04766447675124577 0.08354993072622106
v 0.17458355016239044 -0.03722966180249367 0.08776781880497796
v 0.17279833279244092 -0.040075796123468815 0.08730634722544205
v 0.17182405906452478 -0.0377250574864241 0.08874673120498942
v 0.17279833279244092 -0.040075796123468815 0.08730634722544205
v 0.17400319735162204 -0.04484641097408429 0.08440703220736089
v 0.17075972795928426 -0.04353224007426218 0.08650904494147847
v 0.17182405906452478 -0.0377250574864241 0.08874673120498942
v 0.17279833279244092 -0.040075796123468815 0.08730634722544205
v 0.16988335462664314 -0.04018811226039534 0.08845833244861544
v 0.17064170122027986 0.05097172025549938 0.0823827019720502
v 0.17166483359309478 0.04846799317735021 0.08344852843868987
v 0.16823722112560444 0.050657064936598974 0.08358516327183983
v 0.1701167072988596 0.04452441617729622 0.08627217511821604
v 0.1717569966834098 0.04057325555871796 0.0875206798161887
v 0.1683338703001169 0.042518430822007264 0.08797178304806418
v 0.1701959767118044 0.047014753667407067 0.08490629980919982
v 0.1701167072988596 0.04452441617729622 0.08627217511821604
v 0.1669835436978939 0.044950468291038465 0.08726720842963774
v 0.16778290591847875 -0.04317542090448215 0.08785379445603424
v 0.17075972795928426 -0.04353224007426218 0.08650904494147847
v 0.16851577033317075 -0.047269857744465266 0.08545071054062435
v 0.16823722112560444 0.050657064936598974 0.08358516327183983
v 0.1701959767118044 0.047014753667407067 0.08490629980919982
v 0.16463198108620067 0.048749391963909296 0.08605215099887874
v 0.16851577033317075 -0.047269857744465266 0.08545071054062435
v 0.17041362808932978 -0.05052739574098689 0.08276431667523453
v 0.1667956011840843 -0.05103420881437563 0.08391998689614154
v 0.17041362808932978 -0.05052739574098689 0.08276431667523453
v 0.16851384772565756 -0.05187913378126522 0.08271019374785914
v 0.1667956011840843 -0.05103420881437563 0.08391998689614154
v 0.16778290591847875 -0.04317542090448215 0.08785379445603424
v 0.16851577033317075 -0.047269857744465266 0.08545071054062435
v 0.1648630907163184 -0.04467395613190875 0.08813843192072567
v 0.16463198108620067 0.048749391963909296 0.08605215099887874
v 0.1669835436978939 0.044950468291038465 0.08726720842963774
v 0.16287955485550396 0.045826856882469374 0.08819724692596063
v 0.1648630907163184 -0.04467395613190875 0.08813843192072567
v 0.16434996813335265 -0.04800130309170706 0.08654737502142405
v 0.162200981214875 -0.04635379248489005 0.08812492026236905
v 0.163704795983568 0.05617483405854221 0.08169637686620933
v 0.1646230699529649 0.053732126880752275 0.08301832211942804
v 0.16183219152450687 0.0548087146088894 0.0832473718129245
v 0.1646230699529649 0.053732126880752275 0.08301832211942804
v 0.164860466204475 0.05141247802789909 0.0843977930101447
v 0.1607716293403438 0.05192607363334826 0.08540158486690429
v 0.164860466204475 0.05141247802789909 0.0843977930101447
v 0.16463198108620067 0.048749391963909296 0.08605215099887874
v 0.1607716293403438 0.05192607363334826 0.08540158486690429
v 0.162200981214875 -0.04635379248489005 0.08812492026236905
v 0.16434996813335265 -0.04800130309170706 0.08654737502142405
v 0.16058115386742952 -0.0496084885318138 0.08682524521284483
v 0.16434996813335265 -0.04800130309170706 0.08654737502142405
v 0.16366471114279688 -0.05174871309025612 0.08460158940654326
v 0.16058115386742952 -0.0496084885318138 0.08682524521284483
v 0.1607716293403438 0.05192607363334826 0.08540158486690429
v 0.16463198108620067 0.048749391963909296 0.08605215099887874
v 0.16006472012707992 0.04856202546941416 0.08756470905411982
v 0.16058115386742952 -0.0496084885318138 0.08682524521284483
v 0.16366471114279688 -0.05174871309025612 0.08460158940654326
v 0.1590110701746905 -0.052106314273012745 0.0858015177472282
v 0.16366471114279688 -0.05174871309025612 0.08460158940654326
v 0.16302179729390073 -0.054760260321919975 0.08289330685470107
v 0.15995406338354276 -0.055473112833805995 0.08338698973947788
v 0.16074379730777186 0.056137888713769825 0.0826961175142804
v 0.16183219152450687 0.0548087146088894 0.0832473718129245
v 0.15842417134310335 0.05402944821445436 0.08476690313509837
v 0.16183219152450687 0.0548087146088894 0.0832473718129245
v 0.1607716293403438 0.05192607363334826 0.08540158486690429
v 0.15842417134310335 0.05402944821445436 0.08476690313509837
v 0.162200981214875 -0.04635379248489005 0.08812492026236905
v 0.16058115386742952 -0.0496084885318138 0.08682524521284483
v 0.1595082015459592 -0.04750420605271535 0.08828627433497437
v 0.1607716293403438 0.05192607363334826 0.08540158486690429
v 0.16006472012707992 0.04856202546941416 0.08756470905411982
v 0.1579211958553461 0.04951921316746603 0.08760297809890626
v 0.1595082015459592 -0.04750420605271535 0.08828627433497437
v 0.16058115386742952 -0.0496084885318138 0.08682524521284483
v 0.1577152021932182 -0.0489869522474096 0.08794958150892372
v 0.1590110701746905 -0.052106314273012745 0.0858015177472282
v 0.15995406338354276 -0.055473112833805995 0.08338698973947788
v 0.15575942207102675 -0.05271817648469183 0.08626450757634795
v 0.1577152021932182 -0.0489869522474096 0.08794958150892372
v 0.1590110701746905 -0.052106314273012745 0.0858015177472282
v 0.15575942207102675 -0.05271817648469183 0.08626450757634795
v 0.15575942207102675 -0.05271817648469183 0.08626450757634795
v 0.15796332537394872 -0.05643801766479276 0.08329888548724627
v 0.15466971559837003 -0.055980276859359836 0.08442479343867325
v 0.15730165847240404 0.0573298176339088 0.08286437618926444
v 0.15595120979986274 0.054571154325389094 0.08504686378072
v 0.15435279053448878 0.05770458495517609 0.0833243447780063
v 0.15595120979986274 0.054571154325389094 0.08504686378072
v 0.1554760053095183 0.05164445359433726 0.08695073350005521
v 0.15348087276846553 0.05413135404204853 0.08588367870083767
v 0.15348087276846553 0.05413135404204853 0.08588367870083767
v 0.1554760053095183 0.05164445359433726 0.08695073350005521
v 0.15462267274945593 0.04998792504275599 0.08811753500811202
v 0.15348087276846553 0.05413135404204853 0.08588367870083767
v 0.15462267274945593 0.04998792504275599 0.08811753500811202
v 0.15082814742274128 0.05165390641461046 0.08788931691865896
v 0.15202022511608068 -0.05098338560029173 0.08805963553026429
v 0.15575942207102675 -0.05271817648469183 0.08626450757634795
v 0.15086077071530643 -0.053188437127145195 0.08696735032213353
v 0.15086077071530643 -0.053188437127145195 0.08696735032213353
v 0.15466971559837003 -0.055980276859359836 0.08442479343867325
v 0.15163495593274232 -0.05632844048063305 0.08483449194446101
v 0.15196347767686189 0.058218485736421 0.08347468963378012
v 0.15348087276846553 0.05413135404204853 0.08588367870083767
v 0.1497369608474752 0.05567015340102625 0.08558540750747133
v 0.1491775583550847 -0.05817140092583498 0.08399800508832377
v 0.15191612965215204 -0.05936049934046843 0.08265727626487694
v 0.14822277010172688 -0.05985175607766906 0.08295836270495903
v 0.1497369608474752 0.05567015340102625 0.08558540750747133
v 0.15082814742274128 0.05165390641461046 0.08788931691865896
v 0.14779582916347953 0.052768145206547636 0.08769464527855318
v 0.15086077071530643 -0.053188437127145195 0.08696735032213353
v 0.15163495593274232 -0.05632844048063305 0.08483449194446101
v 0.14772542510740114 -0.05341100946437697 0.08730983385890843
v 0.1497369608474752 0.05567015340102625 0.08558540750747133
v 0.14779582916347953 0.052768145206547636 0.08769464527855318
v 0.14703876430818494 0.0543842799268646 0.08679853470132225
v 0.14772542510740114 -0.05341100946437697 0.08730983385890843
v 0.15163495593274232 -0.05632844048063305 0.08483449194446101
v 0.14590824057284732 -0.05646517068121918 0.0856080744397003
v 0.15163495593274232 -0.05632844048063305 0.08483449194446101
v 0.1491775583550847 -0.05817140092583498 0.08399800508832377
v 0.14590824057284732 -0.05646517068121918 0.0856080744397003
v 0.1482331765963618 0.061351588302227575 0.08184027488329802
v 0.1489382547548512 0.058609072608000225 0.0837357980446196
v 0.14610727622683226 0.0586635693757254 0.08409089297115367
v 0.14894751684025206 -0.05114964537381365 0.0884690364896512
v 0.15086077071530643 -0.053188437127145195 0.08696735032213353
v 0.14772542510740114 -0.05341100946437697 0.08730983385890843
v 0.1489382547548512 0.058609072608000225 0.0837357980446196
v 0.14703876430818494 0.0543842799268646 0.08679853470132225
v 0.14610727622683226 0.0586635693757254 0.08409089297115367
v 0.14894751684025206 -0.05114964537381365 0.0884690364896512
v 0.14772542510740114 -0.05341100946437697 0.08730983385890843
v 0.14497461626092442 -0.052132830234965545 0.08839164390785025
v 0.14772542510740114 -0.05341100946437697 0.08730983385890843
v 0.14590824057284732 -0.05646517068121918 0.0856080744397003
v 0.1442588874671635 -0.05482652924596602 0.08683311874837506
v 0.14703876430818494 0.0543842799268646 0.08679853470132225
v 0.14779582916347953 0.052768145206547636 0.08769464527855318
v 0.1442168647600894 0.05274709570603612 0.08810900534462095
v 0.1450741188291271 -0.05942048545781957 0.08366910187445951
v 0.14822277010172688 -0.05985175607766906 0.08295836270495903
v 0.14431665724529805 -0.0608183050432554 0.08273122798958087
v 0.1438285438187936 0.060308432582514324 0.08315578855662141
v 0.14610727622683226 0.0586635693757254 0.08409089297115367
v 0.14163121705426993 0.0581079968395715 0.0848882486608815
v 0.14365631785846486 0.055457907449782996 0.0864899790836393
v 0.1442168647600894 0.05274709570603612 0.08810900534462095
v 0.14091925718158646 0.05316769661712687 0.08810184897221073
v 0.1442588874671635 -0.05482652924596602 0.08683311874837506
v 0.14590824057284732 -0.05646517068121918 0.0856080744397003
v 0.14099057676505208 -0.05781983077974177 0.08513155006403926
v 0.1450741188291271 -0.05942048545781957 0.08366910187445951
v 0.14431665724529805 -0.0608183050432554 0.08273122798958087
v 0.14152994446645192 -0.060661696454273925 0.08307784665838812
v 0.14163121705426993 0.0581079968395715 0.0848882486608815
v 0.14365631785846486 0.055457907449782996 0.0864899790836393
v 0.1402113714057762 0.055400088080581646 0.0867472422794524
v 0.14159094910802136 -0.053537825266298834 0.08783956563455762
v 0.14099057676505208 -0.05781983077974177 0.08513155006403926
v 0.13918036549743104 -0.05651722985727584 0.08607223919563366
v 0.14152994446645192 -0.060661696454273925 0.08307784665838812
v 0.1412111730890064 -0.06230730352706497 0.08186513908125635
v 0.13880271045019651 -0.06079588606636048 0.083115581645532
v 0.14163121705426993 0.0581079968395715 0.0848882486608815
v 0.1402113714057762 0.055400088080581646 0.0867472422794524
v 0.13805147445260066 0.05717002377255923 0.08566202952038802
v 0.14099057676505208 -0.05781983077974177 0.08513155006403926
v 0.14152994446645192 -0.060661696454273925 0.08307784665838812
v 0.13880271045019651 -0.06079588606636048 0.083115581645532
v 0.1406944036552815 0.06061308576470918 0.08316565336421887
v 0.14163121705426993 0.0581079968395715 0.0848882486608815
v 0.1383800419730896 0.06049432660379499 0.08334955229873485
v 0.13805147445260066 0.05717002377255923 0.08566202952038802
v 0.1402113714057762 0.055400088080581646 0.0867472422794524
v 0.13780148969951608 0.05525244784529763 0.08691584427720665
v 0.1402113714057762 0.055400088080581646 0.0867472422794524
v 0.14091925718158646 0.05316769661712687 0.08810184897221073
v 0.13821187485084427 0.05311162819405361 0.08823524894192579
v 0.13918036549743104 -0.05651722985727584 0.08607223919563366
v 0.14099057676505208 -0.05781983077974177 0.08513155006403926
v 0.13772612653675684 -0.05828674974723173 0.08491377661619558
v 0.13809001815560326 -0.05312940468415576 0.08822694816028152
v 0.13928884023402863 -0.05369732921064244 0.08785175740759764
v 0.1372998875028397 -0.05482844422408432 0.08718841966857126
v 0.1363070133101729 0.06037698269563356 0.08344831481563285
v 0.1363070133101729 0.06070708372449611 0.0832084771577568
v 0.1383800419730896 0.06049432660379499 0.08334955229873485
v 0.1363070133101729 0.05930045218795814 0.08421673221052915
v 0.1363070133101729 0.05988467310193761 0.08380231110930224
v 0.1383800419730896 0.06049432660379499 0.08334955229873485
v 0.1383800419730896 0.06049432660379499 0.08334955229873485
v 0.13805147445260066 0.05717002377255923 0.08566202952038802
v 0.1363070133101729 0.058222514056924836 0.08496551917236415
v 0.1363070133101729 0.056012900151924984 0.08643816023352179
v 0.1363070133101729 0.056537768188329486 0.0860957682494856
v 0.13805147445260066 0.05717002377255923 0.08566202952038802
v 0.13780148969951608 0.05525244784529763 0.08691584427720665
v 0.13821187485084427 0.05311162819405361 0.08823524894192579
v 0.13631021765602822 0.05388405483596651 0.0877815288276018
v 0.1363070133101729 0.052642233487920666 0.08853133049895766
v 0.1363070133101729 0.053103132862839554 0.08825564231447645
v 0.13821187485084427 0.05311162819405361 0.08823524894192579
v 0.1363070133101729 -0.052642233487920666 0.08853133049895766
v 0.1363070133101729 -0.052231386758201416 0.08877434198510946
v 0.13809001815560326 -0.05312940468415576 0.08822694816028152
v 0.13631017187965885 -0.05388405865066396 0.0877815288276018
v 0.1363070133101729 -0.053103132862839554 0.08825564231447645
v 0.13809001815560326 -0.05312940468415576 0.08822694816028152
v 0.13809001815560326 -0.05312940468415576 0.08822694816028152
v 0.1372998875028397 -0.05482844422408432 0.08718841966857126
v 0.1363070133101729 -0.05483108399471751 0.08719262346515765
v 0.1363070133101729 -0.05489833711070483 0.0871502955822878
v 0.1363070133101729 -0.05483108399471751 0.08719262346515765
v 0.1372998875028397 -0.05482844422408432 0.08718841966857126
v 0.1363070133101729 -0.056012900151924984 0.08643816023352179
v 0.1363070133101729 -0.05568712880466457 0.08664839583921057
v 0.13918036549743104 -0.05651722985727584 0.08607223919563366
v 0.1363070133101729 -0.05711823162532385 0.08571178080448937
v 0.1363070133101729 -0.056537768188329486 0.0860957682494856
v 0.13918036549743104 -0.05651722985727584 0.08607223919563366
v 0.1363070133101729 -0.05930045218795814 0.08421673221052915
v 0.1363070133101729 -0.05905646032456251 0.08438800449649618
v 0.13772612653675684 -0.05828674974723173 0.08491377661619558
v 0.1363070133101729 -0.06037698269563356 0.08344831481563285
v 0.1363070133101729 -0.05988467310193761 0.08380231110930224
v 0.13880271045019651 -0.06079588606636048 0.083115581645532
v 0.1363070133101729 -0.06148357683388732 0.08263635646407862
v 0.1363070133101729 -0.06070708372449611 0.0832084771577568
v 0.13880271045019651 -0.06079588606636048 0.083115581645532
v 0.18335744584279998 0.018757744726394257 0.08920000118501469
v 0.18645310333846862 -0.006404717272744114 0.08920000118501469
v 0.18508358117869325 -0.01346268336344215 0.08920000118501469
v 0.1851749965883087 0.013077981616348997 0.08920001644380447
v 0.18629491546474417 0.007435335512461233 0.08920030636081043
v 0.1866617978063889 0.0039277774769036515 0.08920000118501469
v 0.1866617978063889 0.0039277774769036515 0.08920000118501469
v 0.18335744584279998 0.018757744726394257 0.08920000118501469
v 0.18405666462601109 0.01680810626709218 0.08920000118501469
v 0.17507712623563873 -0.03302733387462233 0.08920000118501469
v 0.17227037866580194 0.03618028049654722 0.08920000118501469
v 0.17319408476436313 0.03520237136196427 0.08920000118501469
v 0.18335744584279998 0.018757744726394257 0.08920000118501469
v 0.18326711380725944 -0.019028265903183753 0.08920000118501469
v 0.18214261729388778 -0.02170667751416612 0.08919999355561979
v 0.17319408476436313 0.03520237136196427 0.08920000118501469
v 0.17453623265526017 0.03368442313923083 0.08920000118501469
v 0.17507712623563873 -0.03302733387462233 0.08920000118501469
v 0.17128430989338025 -0.03717185387738466 0.08920000118501469
v 0.1410436926123015 0.05127649550801253 0.08920000118501469
v 0.14187830263729492 0.05118750624597327 0.08920000118501469
v 0.14187830263729492 0.05118750624597327 0.08920000118501469
v 0.14276482306514457 0.051080061477686324 0.08920000118501469
v 0.17128430989338025 -0.03717185387738466 0.08920000118501469
v 0.1363070133101729 0.051501070561403885 0.08920000118501469
v 0.1412706671103869 -0.05125233321438442 0.08920000118501469
v 0.14059918880700903 -0.05131545119833939 0.08920000118501469
v 0.18405666462601109 0.01680810626709218 0.08920000118501469
v 0.1851749965883087 0.013077981616348997 0.08920001644380447
v 0.1866617978063889 0.0039277774769036515 0.08920000118501469
v 0.1363070133101729 0.051501070561403885 0.08920000118501469
v 0.14194013125351287 -0.05118100981622135 0.08920000118501469
v 0.1412706671103869 -0.05125233321438442 0.08920000118501469
v 0.1866617978063889 0.0039277774769036515 0.08920000118501469
v 0.18681713228642313 -0.0001526939345406279 0.08920000118501469
v 0.18335744584279998 0.018757744726394257 0.08920000118501469
v 0.17453623265526017 0.03368442313923083 0.08920000118501469
v 0.1758539664824976 0.03207497939823558 0.08920000118501469
v 0.17507712623563873 -0.03302733387462233 0.08920000118501469
v 0.17128430989338025 -0.03717185387738466 0.08920000118501469
v 0.15724248488560907 0.04687754662964008 0.08920000118501469
v 0.15855721273125842 0.04624720220883119 0.08920000118501469
v 0.14276482306514457 0.051080061477686324 0.08920000118501469
v 0.14387302319102344 0.050921766792433355 0.08920000118501469
v 0.17128430989338025 -0.03717185387738466 0.08920000118501469
v 0.1363070133101729 0.051501070561403885 0.08920000118501469
v 0.14260846624619458 -0.051099585099219115 0.08920000118501469
v 0.14194013125351287 -0.05118100981622135 0.08920000118501469
v 0.18335744584279998 0.018757744726394257 0.08920000118501469
v 0.18681713228642313 -0.0001526939345406279 0.08920000118501469
v 0.18645310333846862 -0.006404717272744114 0.08920000118501469
v 0.1363070133101729 0.051501070561403885 0.08920000118501469
v 0.14305283272237898 -0.05104069761473266 0.08920000118501469
v 0.14260846624619458 -0.051099585099219115 0.08920000118501469
v 0.14387302319102344 0.050921766792433355 0.08920000118501469
v 0.145189170104123 0.05070234539529265 0.08920000118501469
v 0.17128430989338025 -0.03717185387738466 0.08920000118501469
v 0.1363070133101729 0.051501070561403885 0.08920000118501469
v 0.14371758189946068 -0.05094513181429509 0.08920000118501469
v 0.14305283272237898 -0.05104069761473266 0.08920000118501469
v 0.1363070133101729 0.051501070561403885 0.08920000118501469
v 0.15513680241254765 -0.047795709972811046 0.08920000118501469
v 0.15449025697168214 -0.04805511702858926 0.08920000118501469
v 0.17507712623563873 -0.03302733387462233 0.08920000118501469
v 0.17941233151967492 0.026857966745045276 0.08920000118501469
v 0.18131784918830715 0.023412652174052986 0.08920000118501469
v 0.1758539664824976 0.03207497939823558 0.08920000118501469
v 0.17765761647051012 0.029616059756296685 0.08920000118501469
v 0.17507712623563873 -0.03302733387462233 0.08920000118501469
v 0.15855721273125842 0.04624720220883119 0.08920000118501469
v 0.15976265712445145 0.045622808716039326 0.08920000118501469
v 0.17128430989338025 -0.03717185387738466 0.08920000118501469
v 0.17128430989338025 -0.03717185387738466 0.08920000118501469
v 0.15549030279554896 0.04765013348884575 0.08920000118501469
v 0.15632346323551258 0.04729254756487891 0.08920000118501469
v 0.17128430989338025 -0.03717185387738466 0.08920000118501469
v 0.15296660577626572 0.04862629930669552 0.08920000118501469
v 0.15360175290116015 0.048394174967056926 0.08920000118501469
v 0.1363070133101729 0.051501070561403885 0.08920000118501469
v 0.14460156936820565 -0.05080331662201235 0.08920000118501469
v 0.14371758189946068 -0.05094513181429509 0.08920000118501469
v 0.1363070133101729 0.051501070561403885 0.08920000118501469
v 0.15090685226046394 -0.04930721135685937 0.08920000118501469
v 0.1504780955262319 -0.049436853849589325 0.08920000118501469
v 0.1363070133101729 0.051501070561403885 0.08920000118501469
v 0.1557643811777076 -0.04753458248848433 0.08920000118501469
v 0.15513680241254765 -0.047795709972811046 0.08920000118501469
v 0.18335744584279998 0.018757744726394257 0.08920000118501469
v 0.18508358117869325 -0.01346268336344215 0.08920000118501469
v 0.18326711380725944 -0.019028265903183753 0.08920000118501469
v 0.18131784918830715 0.023412652174052986 0.08920000118501469
v 0.18247344311526523 0.02095903877626261 0.08920000118501469
v 0.17507712623563873 -0.03302733387462233 0.08920000118501469
v 0.17128430989338025 -0.03717185387738466 0.08920000118501469
v 0.14889879552446136 0.04988060234478734 0.08920000118501469
v 0.15019214580561877 0.04952245184559837 0.08920000118501469
v 0.1504780955262319 -0.049436853849589325 0.08920000118501469
v 0.14983316751708384 -0.04962447211411595 0.08920000118501469
v 0.1363070133101729 0.051501070561403885 0.08920000118501469
v 0.1363070133101729 0.051501070561403885 0.08920000118501469
v 0.15281310235100595 -0.048679602074119845 0.08920000118501469
v 0.15218736989941026 -0.04889518207093161 0.08920000118501469
v 0.1363070133101729 0.051501070561403885 0.08920000118501469
v 0.1619849014926977 -0.044361910066061966 0.08920000118501469
v 0.16123134615905418 -0.04480632994801062 0.08920000118501469
v 0.18335744584279998 0.018757744726394257 0.08920000118501469
v 0.18214261729388778 -0.02170667751416612 0.08919999355561979
v 0.18006243225856086 -0.025777411731563466 0.08920000118501469
v 0.17128430989338025 -0.03717185387738466 0.08920000118501469
v 0.16985714002578864 0.03851543227982426 0.08920000118501469
v 0.17052437638560566 0.03790092648281454 0.08920000118501469
v 0.15976265712445145 0.045622808716039326 0.08920000118501469
v 0.1611538772833043 0.04485806868948175 0.08920000118501469
v 0.17128430989338025 -0.03717185387738466 0.08920000118501469
v 0.17128430989338025 -0.03717185387738466 0.08920000118501469
v 0.154469825452157 0.048066095727841186 0.08920000118501469
v 0.15549030279554896 0.04765013348884575 0.08920000118501469
v 0.17128430989338025 -0.03717185387738466 0.08920000118501469
v 0.15173471790037138 0.04904720157888457 0.08920000118501469
v 0.15296660577626572 0.04862629930669552 0.08920000118501469
v 0.145189170104123 0.05070234539529265 0.08920000118501469
v 0.14650983361899958 0.05044194651817827 0.08920000118501469
v 0.17128430989338025 -0.03717185387738466 0.08920000118501469
v 0.17128430989338025 -0.03717185387738466 0.08920000118501469
v 0.1365475070960098 0.05150048691269452 0.08920000118501469
v 0.13699585611632867 0.05149629074550303 0.08920000118501469
v 0.1363070133101729 0.051501070561403885 0.08920000118501469
v 0.1452624275538916 -0.05068687679714582 0.08920000118501469
v 0.14460156936820565 -0.05080331662201235 0.08920000118501469
v 0.15218736989941026 -0.04889518207093161 0.08920000118501469
v 0.15153929857956602 -0.04910830158789018 0.08920000118501469
v 0.1363070133101729 0.051501070561403885 0.08920000118501469
v 0.1536045757772708 -0.04839317933102331 0.08920000118501469
v 0.15281310235100595 -0.048679602074119845 0.08920000118501469
v 0.1363070133101729 0.051501070561403885 0.08920000118501469
v 0.1363070133101729 0.051501070561403885 0.08920000118501469
v 0.1563883283508982 -0.047263979295699726 0.08920000118501469
v 0.1557643811777076 -0.04753458248848433 0.08920000118501469
v 0.1363070133101729 0.051501070561403885 0.08920000118501469
v 0.15802861773544838 -0.04650659019112216 0.08920000118501469
v 0.1572519148176976 -0.04687352593853114 0.08920000118501469
v 0.1363070133101729 0.051501070561403885 0.08920000118501469
v 0.16275066385817102 -0.04389297312362264 0.08920000118501469
v 0.1619849014926977 -0.044361910066061966 0.08920000118501469
v 0.1363070133101729 0.051501070561403885 0.08920000118501469
v 0.16935657542681778 -0.03896550935808654 0.08920000118501469
v 0.16848668707983624 -0.03971325872221601 0.08920000118501469
v 0.17128430989338025 -0.03717185387738466 0.08920000118501469
v 0.16917598764968564 0.0391217822536927 0.08920000118501469
v 0.16985714002578864 0.03851543227982426 0.08920000118501469
v 0.13699585611632867 0.05149629074550303 0.08920000118501469
v 0.13789026533849832 0.05147653824212343 0.08920000118501469
v 0.17128430989338025 -0.03717185387738466 0.08920000118501469
v 0.1363070133101729 0.051501070561403885 0.08920000118501469
v 0.1374425877049301 -0.051488871158968975 0.08920000118501469
v 0.1367619083513105 -0.051498987736597925 0.08920000118501469
v 0.1363070133101729 0.051501070561403885 0.08920000118501469
v 0.14592101217989925 -0.050563139456063534 0.08920000118501469
v 0.1452624275538916 -0.05068687679714582 0.08920000118501469
v 0.14983316751708384 -0.04962447211411595 0.08920000118501469
v 0.14897000829639848 -0.04986009834601072 0.08920000118501469
v 0.1363070133101729 0.051501070561403885 0.08920000118501469
v 0.1363070133101729 0.051501070561403885 0.08920000118501469
v 0.1572519148176976 -0.04687352593853114 0.08920000118501469
v 0.1563883283508982 -0.047263979295699726 0.08920000118501469
v 0.1363070133101729 0.051501070561403885 0.08920000118501469
v 0.1584333266169757 -0.0463062651694002 0.08920000118501469
v 0.15802861773544838 -0.04650659019112216 0.08920000118501469
v 0.1363070133101729 0.051501070561403885 0.08920000118501469
v 0.16765386233324794 -0.040399961483104124 0.08920000118501469
v 0.1669928668184539 -0.04092409709759884 0.08920000118501469
v 0.18006243225856086 -0.025777411731563466 0.08920000118501469
v 0.17729271777153774 -0.030158450605423125 0.08920000118501469
v 0.18335744584279998 0.018757744726394257 0.08920000118501469
v 0.17507712623563873 -0.03302733387462233 0.08920000118501469
v 0.17765761647051012 0.029616059756296685 0.08920000118501469
v 0.17941233151967492 0.026857966745045276 0.08920000118501469
v 0.17128430989338025 -0.03717185387738466 0.08920000118501469
v 0.14761662993621802 0.05019677209857413 0.08920000118501469
v 0.14889879552446136 0.04988060234478734 0.08920000118501469
v 0.17128430989338025 -0.03717185387738466 0.08920000118501469
v 0.13789026533849832 0.05147653824212343 0.08920000118501469
v 0.1387880009768416 0.0514390435809187 0.08920000118501469
v 0.06380700986660769 -0.051501070561403885 0.08920000118501469
v 0.062271342374233804 0.051476744235785556 0.08920000118501469
v 0.06314815439708131 0.051496496739165155 0.08920000118501469
v 0.1363070133101729 0.051501070561403885 0.08920000118501469
v 0.148320304286047 -0.05002644967227136 0.08920000118501469
v 0.14788619171659964 -0.05013241052325149 0.08920000118501469
v 0.1363070133101729 0.051501070561403885 0.08920000118501469
v 0.15449025697168214 -0.04805511702858926 0.08920000118501469
v 0.1536045757772708 -0.04839317933102331 0.08920000118501469
v 0.1363070133101729 0.051501070561403885 0.08920000118501469
v 0.15927271264317253 -0.045880449566899656 0.08920000118501469
v 0.1584333266169757 -0.0463062651694002 0.08920000118501469
v 0.1363070133101729 0.051501070561403885 0.08920000118501469
v 0.16003247830425946 -0.04547671724791871 0.08920000118501469
v 0.15927271264317253 -0.045880449566899656 0.08920000118501469
v 0.1363070133101729 0.051501070561403885 0.08920000118501469
v 0.1698680805780661 -0.038505529325252336 0.08920000118501469
v 0.16935657542681778 -0.03896550935808654 0.08920000118501469
v 0.17163869528618922 0.03682292350192464 0.08920000118501469
v 0.17227037866580194 0.03618028049654722 0.08920000118501469
v 0.17507712623563873 -0.03302733387462233 0.08920000118501469
v 0.15632346323551258 0.04729254756487891 0.08920000118501469
v 0.15724248488560907 0.04687754662964008 0.08920000118501469
v 0.17128430989338025 -0.03717185387738466 0.08920000118501469
v 0.17128430989338025 -0.03717185387738466 0.08920000118501469
v 0.13969173331957127 0.051386244353557355 0.08920000118501469
v 0.1410436926123015 0.05127649550801253 0.08920000118501469
v 0.05899977010580536 0.05125462584754995 0.08920000118501469
v 0.06113391403651745 -0.05142627960326166 0.08920000118501469
v 0.060088301651648454 -0.05135439544457391 0.08920000118501469
v 0.1363070133101729 0.051501070561403885 0.08920000118501469
v 0.13817624557669103 -0.051466127932791074 0.08920000118501469
v 0.1374425877049301 -0.051488871158968975 0.08920000118501469
v 0.1363070133101729 0.051501070561403885 0.08920000118501469
v 0.14697515041356188 -0.05034419489610368 0.08920000118501469
v 0.14592101217989925 -0.050563139456063534 0.08920000118501469
v 0.14897000829639848 -0.04986009834601072 0.08920000118501469
v 0.148320304286047 -0.05002644967227136 0.08920000118501469
v 0.1363070133101729 0.051501070561403885 0.08920000118501469
v 0.1363070133101729 0.051501070561403885 0.08920000118501469
v 0.1604271163845272 -0.045260614637556734 0.08920000118501469
v 0.16003247830425946 -0.04547671724791871 0.08920000118501469
v 0.1363070133101729 0.051501070561403885 0.08920000118501469
v 0.1636972276238335 -0.04328499045924697 0.08920000118501469
v 0.16275066385817102 -0.04389297312362264 0.08920000118501469
v 0.1669928668184539 -0.04092409709759884 0.08920000118501469
v 0.1664559557822098 -0.041335641916950855 0.08920000118501469
v 0.1363070133101729 0.051501070561403885 0.08920000118501469
v 0.1363070133101729 0.051501070561403885 0.08920000118501469
v 0.17053789567335717 -0.03788826931668601 0.08920000118501469
v 0.1698680805780661 -0.038505529325252336 0.08920000118501469
v 0.17128430989338025 -0.03717185387738466 0.08920000118501469
v 0.1680095599819786 0.04011198997284418 0.08920000118501469
v 0.16917598764968564 0.0391217822536927 0.08920000118501469
v 0.17128430989338025 -0.03717185387738466 0.08920000118501469
v 0.16493567677933638 0.04244706546217228 0.08920000118501469
v 0.16654914121144057 0.04126649289633247 0.08920000118501469
v 0.15360175290116015 0.048394174967056926 0.08920000118501469
v 0.154469825452157 0.048066095727841186 0.08920000118501469
v 0.17128430989338025 -0.03717185387738466 0.08920000118501469
v 0.14650983361899958 0.05044194651817827 0.08920000118501469
v 0.14761662993621802 0.05019677209857413 0.08920000118501469
v 0.17128430989338025 -0.03717185387738466 0.08920000118501469
v 0.17128430989338025 -0.03717185387738466 0.08920000118501469
v 0.1363070133101729 0.051501070561403885 0.08920000118501469
v 0.1365475070960098 0.05150048691269452 0.08920000118501469
v 0.06380700986660769 -0.051501070561403885 0.08920000118501469
v 0.06161444384449764 0.05144990402454978 0.08920000118501469
v 0.062271342374233804 0.051476744235785556 0.08920000118501469
v 0.1363070133101729 0.051501070561403885 0.08920000118501469
v 0.14059918880700903 -0.05131545119833939 0.08920000118501469
v 0.13992589470764646 -0.051369005735795205 0.08920000118501469
v 0.14788619171659964 -0.05013241052325149 0.08920000118501469
v 0.14697515041356188 -0.05034419489610368 0.08920000118501469
v 0.1363070133101729 0.051501070561403885 0.08920000118501469
v 0.1363070133101729 0.051501070561403885 0.08920000118501469
v 0.16123134615905418 -0.04480632994801062 0.08920000118501469
v 0.1604271163845272 -0.045260614637556734 0.08920000118501469
v 0.1664559557822098 -0.041335641916950855 0.08920000118501469
v 0.16591387201622784 -0.04174200256247265 0.08920000118501469
v 0.1363070133101729 0.051501070561403885 0.08920000118501469
v 0.17127872517631812 0.03717748437081616 0.08920000118501469
v 0.17507712623563873 -0.03302733387462233 0.08920000118501469
v 0.17415050570822818 -0.03412789316151523 0.08920000118501469
v 0.17729271777153774 -0.030158450605423125 0.08920000118501469
v 0.17507712623563873 -0.03302733387462233 0.08920000118501469
v 0.18335744584279998 0.018757744726394257 0.08920000118501469
v 0.1611538772833043 0.04485806868948175 0.08920000118501469
v 0.16307015239873654 0.04369588678003303 0.08920000118501469
v 0.17128430989338025 -0.03717185387738466 0.08920000118501469
v 0.15019214580561877 0.04952245184559837 0.08920000118501469
v 0.15173471790037138 0.04904720157888457 0.08920000118501469
v 0.17128430989338025 -0.03717185387738466 0.08920000118501469
v 0.1387880009768416 0.0514390435809187 0.08920000118501469
v 0.13969173331957127 0.051386244353557355 0.08920000118501469
v 0.17128430989338025 -0.03717185387738466 0.08920000118501469
v 0.06380700986660769 -0.051501070561403885 0.08920000118501469
v 0.060959254299217655 0.05141519790717867 0.08920000118501469
v 0.06161444384449764 0.05144990402454978 0.08920000118501469
v 0.05899977010580536 0.05125462584754995 0.08920000118501469
v 0.06178758914691106 -0.05145767074855149 0.08920000118501469
v 0.06113391403651745 -0.05142627960326166 0.08920000118501469
v 0.1390336522336266 -0.05142694336061741 0.08920000118501469
v 0.13817624557669103 -0.051466127932791074 0.08920000118501469
v 0.1363070133101729 0.051501070561403885 0.08920000118501469
v 0.13992589470764646 -0.051369005735795205 0.08920000118501469
v 0.1390336522336266 -0.05142694336061741 0.08920000118501469
v 0.1363070133101729 0.051501070561403885 0.08920000118501469
v 0.1363070133101729 0.051501070561403885 0.08920000118501469
v 0.15153929857956602 -0.04910830158789018 0.08920000118501469
v 0.15090685226046394 -0.04930721135685937 0.08920000118501469
v 0.1363070133101729 0.051501070561403885 0.08920000118501469
v 0.16425885789953296 -0.04291007055008181 0.08920000118501469
v 0.1636972276238335 -0.04328499045924697 0.08920000118501469
v 0.17415050570822818 -0.03412789316151523 0.08920000118501469
v 0.17245331629656133 -0.03600294284163976 0.08920000118501469
v 0.17127872517631812 0.03717748437081616 0.08920000118501469
v 0.16307015239873654 0.04369588678003303 0.08920000118501469
v 0.16493567677933638 0.04244706546217228 0.08920000118501469
v 0.17128430989338025 -0.03717185387738466 0.08920000118501469
v 0.05899977010580536 0.05125462584754995 0.08920000118501469
v 0.06244164572704934 -0.051481508792896626 0.08920000118501469
v 0.06178758914691106 -0.05145767074855149 0.08920000118501469
v 0.06327507701053169 -0.051497644963096646 0.08920000118501469
v 0.06244164572704934 -0.051481508792896626 0.08920000118501469
v 0.05899977010580536 0.05125462584754995 0.08920000118501469
v 0.1363070133101729 0.051501070561403885 0.08920000118501469
v 0.1650263902846216 -0.04238103304936794 0.08920000118501469
v 0.16425885789953296 -0.04291007055008181 0.08920000118501469
v 0.16591387201622784 -0.04174200256247265 0.08920000118501469
v 0.1650263902846216 -0.04238103304936794 0.08920000118501469
v 0.1363070133101729 0.051501070561403885 0.08920000118501469
v 0.1363070133101729 0.051501070561403885 0.08920000118501469
v 0.1711982960953495 -0.03725582299758392 0.08920000118501469
v 0.17053789567335717 -0.03788826931668601 0.08920000118501469
v 0.18247344311526523 0.02095903877626261 0.08920000118501469
v 0.18335744584279998 0.018757744726394257 0.08920000118501469
v 0.17507712623563873 -0.03302733387462233 0.08920000118501469
v 0.06380700986660769 -0.051501070561403885 0.08920000118501469
v 0.06030479336115001 0.05137042098854797 0.08920000118501469
v 0.060959254299217655 0.05141519790717867 0.08920000118501469
v 0.05924062247320226 -0.05127875380890105 0.08920000118501469
v 0.05880700962912043 -0.05123441176577929 0.08920000118501469
v 0.05880700962912043 0.05123441176577929 0.08920000118501469
v 0.16848668707983624 -0.03971325872221601 0.08920000118501469
v 0.16765386233324794 -0.040399961483104124 0.08920000118501469
v 0.1363070133101729 0.051501070561403885 0.08920000118501469
v 0.17052437638560566 0.03790092648281454 0.08920000118501469
v 0.17127872517631812 0.03717748437081616 0.08920000118501469
v 0.17128430989338025 -0.03717185387738466 0.08920000118501469
v 0.16654914121144057 0.04126649289633247 0.08920000118501469
v 0.1680095599819786 0.04011198997284418 0.08920000118501469
v 0.17128430989338025 -0.03717185387738466 0.08920000118501469
v 0.06380700986660769 -0.051501070561403885 0.08920000118501469
v 0.05965175911992747 0.05131794601046961 0.08920000118501469
v 0.06030479336115001 0.05137042098854797 0.08920000118501469
v 0.05899977010580536 0.05125462584754995 0.08920000118501469
v 0.060088301651648454 -0.05135439544457391 0.08920000118501469
v 0.05924062247320226 -0.05127875380890105 0.08920000118501469
v 0.17507712623563873 -0.03302733387462233 0.08920000118501469
v 0.17127872517631812 0.03717748437081616 0.08920000118501469
v 0.17163869528618922 0.03682292350192464 0.08920000118501469
v 0.1363070133101729 0.051501070561403885 0.08920000118501469
v 0.17128430989338025 -0.03717185387738466 0.08920000118501469
v 0.1711982960953495 -0.03725582299758392 0.08920000118501469
v 0.06380700986660769 -0.051501070561403885 0.08920000118501469
v 0.05899977010580536 0.05125462584754995 0.08920000118501469
v 0.05965175911992747 0.05131794601046961 0.08920000118501469
v 0.05899977010580536 0.05125462584754995 0.08920000118501469
v 0.06380700986660769 -0.051501070561403885 0.08920000118501469
v 0.06327507701053169 -0.051497644963096646 0.08920000118501469
v 0.05880700962912043 0.05123441176577929 0.08920000118501469
v 0.05899977010580536 0.05125462584754995 0.08920000118501469
v 0.05924062247320226 -0.05127875380890105 0.08920000118501469
v 0.06380700986660769 0.051501070561403885 0.08920000118501469
v 0.1363070133101729 0.051501070561403885 0.08920000118501469
v 0.1363070133101729 -0.051501070561403885 0.08920000118501469
v 0.17245331629656133 -0.03600294284163976 0.08920000118501469
v 0.17128430989338025 -0.03717185387738466 0.08920000118501469
v 0.17127872517631812 0.03717748437081616 0.08920000118501469
v 0.1363070133101729 -0.051501070561403885 0.08920000118501469
v 0.06380700986660769 -0.051501070561403885 0.08920000118501469
v 0.06380700986660769 0.051501070561403885 0.08920000118501469
v 0.06314815439708131 0.051496496739165155 0.08920000118501469
v 0.06380700986660769 0.051501070561403885 0.08920000118501469
v 0.06380700986660769 -0.051501070561403885 0.08920000118501469
v 0.1367619083513105 -0.051498987736597925 0.08920000118501469
v 0.1363070133101729 -0.051501070561403885 0.08920000118501469
v 0.1363070133101729 0.051501070561403885 0.08920000118501469
v 0.06380700986660769 0.06250000296859075 0.08187032706978402
v 0.1363070133101729 0.06250000296859075 0.08187032706978402
v 0.1363070133101729 0.06233415518239309 0.08199666984922248
v 0.1363070133101729 0.06233415518239309 0.08199666984922248
v 0.06380700986660769 0.0614435568429728 0.08266613399234844
v 0.06380700986660769 0.06178861148582686 0.08240855036194981
v 0.1363070133101729 0.06233415518239309 0.08199666984922248
v 0.06380700986660769 0.06178861148582686 0.08240855036194981
v 0.06380700986660769 0.06250000296859075 0.08187032706978402
v 0.1363070133101729 0.06233415518239309 0.08199666984922248
v 0.1363070133101729 0.061523600639499285 0.08260657893580879
v 0.06380700986660769 0.0614435568429728 0.08266613399234844
v 0.06380700986660769 0.06037698269563356 0.08344831481563285
v 0.06380700986660769 0.061007540739499475 0.0829884377796297
v 0.1363070133101729 0.06070708372449611 0.0832084771577568
v 0.1363070133101729 0.061523600639499285 0.08260657893580879
v 0.1363070133101729 0.06070708372449611 0.0832084771577568
v 0.06380700986660769 0.061007540739499475 0.0829884377796297
v 0.06380700986660769 0.061007540739499475 0.0829884377796297
v 0.06380700986660769 0.0614435568429728 0.08266613399234844
v 0.1363070133101729 0.061523600639499285 0.08260657893580879
v 0.06380535047321832 0.059369948346044185 0.08416812533566186
v 0.1363070133101729 0.05988467310193761 0.08380231110930224
v 0.1363070133101729 0.05930045218795814 0.08421673221052915
v 0.06380535047321832 0.059369948346044185 0.08416812533566186
v 0.06380700986660769 0.06022103404931038 0.08356092468426278
v 0.1363070133101729 0.05988467310193761 0.08380231110930224
v 0.1363070133101729 0.06037698269563356 0.08344831481563285
v 0.1363070133101729 0.05988467310193761 0.08380231110930224
v 0.06380700986660769 0.06022103404931038 0.08356092468426278
v 0.06380700986660769 0.06022103404931038 0.08356092468426278
v 0.06380700986660769 0.06037698269563356 0.08344831481563285
v 0.1363070133101729 0.06037698269563356 0.08344831481563285
v 0.06380535047321832 0.059369948346044185 0.08416812533566186
v 0.1363070133101729 0.05930045218795814 0.08421673221052915
v 0.1363070133101729 0.05905646032456251 0.08438800449649618
v 0.1363070133101729 0.05905646032456251 0.08438800449649618
v 0.06380700986660769 0.05821414079602908 0.08497125647732416
v 0.06380700986660769 0.058631968422076 0.08468349096072635
v 0.1363070133101729 0.05905646032456251 0.08438800449649618
v 0.06380700986660769 0.058631968422076 0.08468349096072635
v 0.06380535047321832 0.059369948346044185 0.08416812533566186
v 0.1363070133101729 0.05905646032456251 0.08438800449649618
v 0.1363070133101729 0.058222514056924836 0.08496551917236415
v 0.06380700986660769 0.05821414079602908 0.08497125647732416
v 0.13631172827621715 0.05728105435644618 0.08560365702005689
v 0.06380586927207109 0.057067728845825484 0.08574568583539664
v 0.06380700986660769 0.057829554443533694 0.08523346352102833
v 0.06380700986660769 0.057829554443533694 0.08523346352102833
v 0.1363070133101729 0.058222514056924836 0.08496551917236415
v 0.13631172827621715 0.05728105435644618 0.08560365702005689
v 0.06380700986660769 0.057829554443533694 0.08523346352102833
v 0.06380700986660769 0.05821414079602908 0.08497125647732416
v 0.1363070133101729 0.058222514056924836 0.08496551917236415
v 0.1363070133101729 0.056012900151924984 0.08643816023352179
v 0.06380700986660769 0.056012900151924984 0.08643816023352179
v 0.06380700986660769 0.0562093265528563 0.08631055860392588
v 0.06380586927207109 0.057067728845825484 0.08574568583539664
v 0.13631172827621715 0.05728105435644618 0.08560365702005689
v 0.1363070133101729 0.056537768188329486 0.0860957682494856
v 0.1363070133101729 0.056537768188329486 0.0860957682494856
v 0.06380700986660769 0.0562093265528563 0.08631055860392588
v 0.06380586927207109 0.057067728845825484 0.08574568583539664
v 0.1363070133101729 0.05483108399471751 0.08719262346515765
v 0.06380700986660769 0.05489833711070483 0.0871502955822878
v 0.06380700986660769 0.05539165378452674 0.08683758194438783
v 0.06380700986660769 0.056012900151924984 0.08643816023352179
v 0.1363070133101729 0.056012900151924984 0.08643816023352179
v 0.1363070133101729 0.05568712880466457 0.08664839583921057
v 0.1363070133101729 0.05568712880466457 0.08664839583921057
v 0.06380700986660769 0.05539165378452674 0.08683758194438783
v 0.06380700986660769 0.056012900151924984 0.08643816023352179
v 0.13631021765602822 0.05388405483596651 0.0877815288276018
v 0.06380700986660769 0.05374156444223569 0.08786834371209638
v 0.06380700986660769 0.05456904098300356 0.08735685381963786
v 0.06380700986660769 0.05456904098300356 0.08735685381963786
v 0.1363070133101729 0.05483108399471751 0.08719262346515765
v 0.13631021765602822 0.05388405483596651 0.0877815288276018
v 0.06380700986660769 0.05456904098300356 0.08735685381963786
v 0.06380700986660769 0.05489833711070483 0.0871502955822878
v 0.1363070133101729 0.05483108399471751 0.08719262346515765
v 0.1363070133101729 0.052642233487920666 0.08853133049895766
v 0.06380700986660769 0.052642233487920666 0.08853133049895766
v 0.06380700986660769 0.05290928901207973 0.08837199058660426
v 0.06380700986660769 0.05374156444223569 0.08786834371209638
v 0.13631021765602822 0.05388405483596651 0.0877815288276018
v 0.1363070133101729 0.053103132862839554 0.08825564231447645
v 0.1363070133101729 0.053103132862839554 0.08825564231447645
v 0.06380700986660769 0.05290928901207973 0.08837199058660426
v 0.06380700986660769 0.05374156444223569 0.08786834371209638
v 0.1363070133101729 0.051501070561403885 0.08920000118501469
v 0.06380700986660769 0.051501070561403885 0.08920000118501469
v 0.06380700986660769 0.05207229480118206 0.08886774866679213
v 0.06380700986660769 0.052642233487920666 0.08853133049895766
v 0.1363070133101729 0.052642233487920666 0.08853133049895766
v 0.1363070133101729 0.052231386758201416 0.08877434198510946
v 0.1363070133101729 0.052231386758201416 0.08877434198510946
v 0.06380700986660769 0.05207229480118206 0.08886774866679213
v 0.06380700986660769 0.052642233487920666 0.08853133049895766
v 0.06380700986660769 0.05207229480118206 0.08886774866679213
v 0.1363070133101729 0.052231386758201416 0.08877434198510946
v 0.1363070133101729 0.051501070561403885 0.08920000118501469
v 0.06380700986660769 0.05290928901207973 0.08837199058660426
v 0.1363070133101729 0.053103132862839554 0.08825564231447645
v 0.1363070133101729 0.052642233487920666 0.08853133049895766
v 0.06380700986660769 0.05539165378452674 0.08683758194438783
v 0.1363070133101729 0.05568712880466457 0.08664839583921057
v 0.1363070133101729 0.05483108399471751 0.08719262346515765
v 0.06380700986660769 0.0562093265528563 0.08631055860392588
v 0.1363070133101729 0.056537768188329486 0.0860957682494856
v 0.1363070133101729 0.056012900151924984 0.08643816023352179
v 0.1363070133101729 0.06070708372449611 0.0832084771577568
v 0.1363070133101729 0.06037698269563356 0.08344831481563285
v 0.06380700986660769 0.06037698269563356 0.08344831481563285
v 0.06146322923770596 0.053033892289482444 0.08827193870196924
v 0.0588070477760949 0.05358285395496102 0.08782024800668696
v 0.06077490523040295 0.054965960252344494 0.08705759843433024
v 0.06146322923770596 0.053033892289482444 0.08827193870196924
v 0.06380700986660769 0.05290928901207973 0.08837199058660426
v 0.06380700986660769 0.052642233487920666 0.08853133049895766
v 0.06146322923770596 0.053033892289482444 0.08827193870196924
v 0.06251325904221837 0.05535463977520031 0.08685599930366104
v 0.06380700986660769 0.05456904098300356 0.08735685381963786
v 0.06251325904221837 0.05535463977520031 0.08685599930366104
v 0.06380700986660769 0.05539165378452674 0.08683758194438783
v 0.06380700986660769 0.05489833711070483 0.0871502955822878
v 0.06251325904221837 0.05535463977520031 0.08685599930366104
v 0.06380700986660769 0.0562093265528563 0.08631055860392588
v 0.06380700986660769 0.056012900151924984 0.08643816023352179
v 0.06251325904221837 0.05535463977520031 0.08685599930366104
v 0.06115861038778812 0.05810056962364255 0.08501784156254465
v 0.06380586927207109 0.057067728845825484 0.08574568583539664
v 0.06115861038778812 0.05810056962364255 0.08501784156254465
v 0.06380700986660769 0.057829554443533694 0.08523346352102833
v 0.06380586927207109 0.057067728845825484 0.08574568583539664
v 0.06193127354094273 0.059049902859651435 0.08437668247447404
v 0.06380700986660769 0.058631968422076 0.08468349096072635
v 0.06380700986660769 0.05821414079602908 0.08497125647732416
v 0.06380700986660769 0.05821414079602908 0.08497125647732416
v 0.06115861038778812 0.05810056962364255 0.08501784156254465
v 0.06193127354094273 0.059049902859651435 0.08437668247447404
v 0.06123445420242567 0.0613444357445148 0.08270364009764551
v 0.06380700986660769 0.061007540739499475 0.0829884377796297
v 0.06380700986660769 0.06037698269563356 0.08344831481563285
v 0.06380700986660769 0.06037698269563356 0.08344831481563285
v 0.06193127354094273 0.059049902859651435 0.08437668247447404
v 0.06123445420242567 0.0613444357445148 0.08270364009764551
v 0.06123445420242567 0.0613444357445148 0.08270364009764551
v 0.06380700986660769 0.06178861148582686 0.08240855036194981
v 0.06380700986660769 0.0614435568429728 0.08266613399234844
v 0.06380700986660769 0.05207229480118206 0.08886774866679213
v 0.06380700986660769 0.051501070561403885 0.08920000118501469
v 0.06314815439708131 0.051496496739165155 0.08920000118501469
v 0.06314815439708131 0.051496496739165155 0.08920000118501469
v 0.06146322923770596 0.053033892289482444 0.08827193870196924
v 0.06380700986660769 0.05207229480118206 0.08886774866679213
v 0.06146322923770596 0.053033892289482444 0.08827193870196924
v 0.06314815439708131 0.051496496739165155 0.08920000118501469
v 0.062271342374233804 0.051476744235785556 0.08920000118501469
v 0.06146322923770596 0.053033892289482444 0.08827193870196924
v 0.062271342374233804 0.051476744235785556 0.08920000118501469
v 0.06161444384449764 0.05144990402454978 0.08920000118501469
v 0.0588070477760949 0.05358285395496102 0.08782024800668696
v 0.06146322923770596 0.053033892289482444 0.08827193870196924
v 0.06030479336115001 0.05137042098854797 0.08920000118501469
v 0.06030479336115001 0.05137042098854797 0.08920000118501469
v 0.05965175911992747 0.05131794601046961 0.08920000118501469
v 0.0588070477760949 0.05358285395496102 0.08782024800668696
v 0.05965175911992747 0.05131794601046961 0.08920000118501469
v 0.05899977010580536 0.05125462584754995 0.08920000118501469
v 0.0588070477760949 0.05358285395496102 0.08782024800668696
v 0.05880736439598298 0.06020928859587164 0.0834246636914626
v 0.05880700962912043 0.062299681761566236 0.08185570151977294
v 0.05930589957591213 0.062337714295110966 0.08185847099011932
v 0.05930589957591213 0.062337714295110966 0.08185847099011932
v 0.06123445420242567 0.0613444357445148 0.08270364009764551
v 0.05880736439598298 0.06020928859587164 0.0834246636914626
v 0.06123445420242567 0.0613444357445148 0.08270364009764551
v 0.06030487346979639 0.06240180502691488 0.08186315543858401
v 0.06080495741688895 0.06242786322517406 0.08186505515791252
v 0.06123445420242567 0.0613444357445148 0.08270364009764551
v 0.06130474381758065 0.06244989310292941 0.08186666496023508
v 0.061805213049115335 0.062467936621852835 0.08186798484555168
v 0.06380700986660769 0.06178861148582686 0.08240855036194981
v 0.06123445420242567 0.0613444357445148 0.08270364009764551
v 0.06330615535063087 0.062497996437733724 0.08187018211128104
v 0.06123445420242567 0.0613444357445148 0.08270364009764551
v 0.06280598366549704 0.062491984474557546 0.08186973960637721
v 0.06330615535063087 0.062497996437733724 0.08187018211128104
v 0.06330615535063087 0.062497996437733724 0.08187018211128104
v 0.06380700986660769 0.06250000296859075 0.08187032706978402
v 0.06380700986660769 0.06178861148582686 0.08240855036194981
v 0.06230525884923342 0.06248195944966732 0.08186900718446742
v 0.06280598366549704 0.062491984474557546 0.08186973960637721
v 0.06123445420242567 0.0613444357445148 0.08270364009764551
v 0.061805213049115335 0.062467936621852835 0.08186798484555168
v 0.06230525884923342 0.06248195944966732 0.08186900718446742
v 0.06123445420242567 0.0613444357445148 0.08270364009764551
v 0.06080495741688895 0.06242786322517406 0.08186505515791252
v 0.06130474381758065 0.06244989310292941 0.08186666496023508
v 0.06123445420242567 0.0613444357445148 0.08270364009764551
v 0.05980546853884937 0.062371771913916116 0.08186095817285464
v 0.06030487346979639 0.06240180502691488 0.08186315543858401
v 0.06123445420242567 0.0613444357445148 0.08270364009764551
v 0.05930589957591213 0.062337714295110966 0.08185847099011932
v 0.05980546853884937 0.062371771913916116 0.08186095817285464
v 0.06123445420242567 0.0613444357445148 0.08270364009764551
v 0.05899977010580536 0.05125462584754995 0.08920000118501469
v 0.05880700962912043 0.05123441176577929 0.08920000118501469
v 0.0588070477760949 0.05358285395496102 0.08782024800668696
v 0.060959254299217655 0.05141519790717867 0.08920000118501469
v 0.06030479336115001 0.05137042098854797 0.08920000118501469
v 0.06146322923770596 0.053033892289482444 0.08827193870196924
v 0.06161444384449764 0.05144990402454978 0.08920000118501469
v 0.060959254299217655 0.05141519790717867 0.08920000118501469
v 0.06146322923770596 0.053033892289482444 0.08827193870196924
v 0.06380700986660769 0.0614435568429728 0.08266613399234844
v 0.06380700986660769 0.061007540739499475 0.0829884377796297
v 0.06123445420242567 0.0613444357445148 0.08270364009764551
v 0.06380700986660769 0.06037698269563356 0.08344831481563285
v 0.06380700986660769 0.06022103404931038 0.08356092468426278
v 0.06193127354094273 0.059049902859651435 0.08437668247447404
v 0.06380700986660769 0.06022103404931038 0.08356092468426278
v 0.06380535047321832 0.059369948346044185 0.08416812533566186
v 0.06193127354094273 0.059049902859651435 0.08437668247447404
v 0.06380535047321832 0.059369948346044185 0.08416812533566186
v 0.06380700986660769 0.058631968422076 0.08468349096072635
v 0.06193127354094273 0.059049902859651435 0.08437668247447404
v 0.06380700986660769 0.05821414079602908 0.08497125647732416
v 0.06380700986660769 0.057829554443533694 0.08523346352102833
v 0.06115861038778812 0.05810056962364255 0.08501784156254465
v 0.06380586927207109 0.057067728845825484 0.08574568583539664
v 0.06380700986660769 0.0562093265528563 0.08631055860392588
v 0.06251325904221837 0.05535463977520031 0.08685599930366104
v 0.06380700986660769 0.056012900151924984 0.08643816023352179
v 0.06380700986660769 0.05539165378452674 0.08683758194438783
v 0.06251325904221837 0.05535463977520031 0.08685599930366104
v 0.06380700986660769 0.05489833711070483 0.0871502955822878
v 0.06380700986660769 0.05456904098300356 0.08735685381963786
v 0.06251325904221837 0.05535463977520031 0.08685599930366104
v 0.06380700986660769 0.05456904098300356 0.08735685381963786
v 0.06380700986660769 0.05374156444223569 0.08786834371209638
v 0.06146322923770596 0.053033892289482444 0.08827193870196924
v 0.06380700986660769 0.05374156444223569 0.08786834371209638
v 0.06380700986660769 0.05290928901207973 0.08837199058660426
v 0.06146322923770596 0.053033892289482444 0.08827193870196924
v 0.06380700986660769 0.052642233487920666 0.08853133049895766
v 0.06380700986660769 0.05207229480118206 0.08886774866679213
v 0.06146322923770596 0.053033892289482444 0.08827193870196924
v 0.06123445420242567 0.0613444357445148 0.08270364009764551
v 0.06193127354094273 0.059049902859651435 0.08437668247447404
v 0.05880736439598298 0.06020928859587164 0.0834246636914626
v 0.06115861038778812 0.05810056962364255 0.08501784156254465
v 0.06251325904221837 0.05535463977520031 0.08685599930366104
v 0.06077490523040295 0.054965960252344494 0.08705759843433024
v 0.06251325904221837 0.05535463977520031 0.08685599930366104
v 0.06146322923770596 0.053033892289482444 0.08827193870196924
v 0.06077490523040295 0.054965960252344494 0.08705759843433024
v 0.05880736439598298 0.06020928859587164 0.0834246636914626
v 0.06193127354094273 0.059049902859651435 0.08437668247447404
v 0.06115861038778812 0.05810056962364255 0.08501784156254465
v 0.06115861038778812 0.05810056962364255 0.08501784156254465
v 0.06077490523040295 0.054965960252344494 0.08705759843433024
v 0.05880702107321277 0.05761844145743215 0.08522938942415513
v 0.05880736439598298 0.06020928859587164 0.0834246636914626
v 0.06115861038778812 0.05810056962364255 0.08501784156254465
v 0.05880702107321277 0.05761844145743215 0.08522938942415513
v 0.05880702107321277 0.05761844145743215 0.08522938942415513
v 0.06077490523040295 0.054965960252344494 0.08705759843433024
v 0.0588070477760949 0.05358285395496102 0.08782024800668696
v 0.06180527026957704 -0.06346844402411071 0.033200002339854866
v 0.061805213049115335 -0.062467936621852835 0.033200002339854866
v 0.06280598366549704 -0.062491984474557546 0.033200002339854866
v 0.05881162922772852 -0.0623829260892506 0.03320070042948763
v 0.061805213049115335 -0.062467936621852835 0.033200002339854866
v 0.05880805485622086 -0.0633944198201553 0.033200555470984654
v 0.08830199851785013 -0.06250000296859075 0.033200002339854866
v 0.08830199851785013 -0.0635000030160882 0.033200002339854866
v 0.06380700986660769 -0.0635000030160882 0.033200002339854866
v 0.06280601418307662 -0.06349211422176819 0.033200002339854866
v 0.06280598366549704 -0.062491984474557546 0.033200002339854866
v 0.06380700986660769 -0.06250000296859075 0.033200002339854866
v 0.06280598366549704 -0.062491984474557546 0.033200002339854866
v 0.06280601418307662 -0.06349211422176819 0.033200002339854866
v 0.06180527026957704 -0.06346844402411071 0.033200002339854866
v 0.06380700986660769 -0.06250000296859075 0.033200002339854866
v 0.06380700986660769 -0.0635000030160882 0.033200002339854866
v 0.06280601418307662 -0.06349211422176819 0.033200002339854866
v 0.06180527026957704 -0.06346844402411071 0.033200002339854866
v 0.05880805485622086 -0.0633944198201553 0.033200555470984654
v 0.061805213049115335 -0.062467936621852835 0.033200002339854866
v 0.06380700986660769 -0.0635000030160882 0.033200002339854866
v 0.06380700986660769 -0.06250000296859075 0.033200002339854866
v 0.08830199851785013 -0.06250000296859075 0.033200002339854866
v 0.05880701344381788 -0.0633258239306667 0.035446599736601574
v 0.05880805485622086 -0.0633944198201553 0.033200555470984654
v 0.06071089842194287 -0.06342447963603619 0.03471339962853425
v 0.05880701344381788 -0.0633258239306667 0.035446599736601574
v 0.0601835966085673 -0.06339654079193573 0.03548200394360545
v 0.059730128264274804 -0.06336930003746803 0.036142747688368
v 0.05913037390229191 -0.06332755580330755 0.03701708397257252
v 0.05880700962912043 -0.06330284800794454 0.037488355509849296
v 0.05880701344381788 -0.0633258239306667 0.035446599736601574
v 0.059730128264274804 -0.06336930003746803 0.036142747688368
v 0.05913037390229191 -0.06332755580330755 0.03701708397257252
v 0.05880701344381788 -0.0633258239306667 0.035446599736601574
v 0.06071089842194287 -0.06342447963603619 0.03471339962853425
v 0.0601835966085673 -0.06339654079193573 0.03548200394360545
v 0.05880701344381788 -0.0633258239306667 0.035446599736601574
v 0.06123864274022227 -0.06344803920746771 0.03394411629731752
v 0.06071089842194287 -0.06342447963603619 0.03471339962853425
v 0.05880805485622086 -0.0633944198201553 0.033200555470984654
v 0.06280601418307662 -0.06349211422176819 0.033200002339854866
v 0.06380700986660769 -0.0635000030160882 0.033200002339854866
v 0.06330644908233428 -0.0634980308175082 0.08236338434417954
v 0.06380700986660769 -0.0635000030160882 0.033200002339854866
v 0.06380700986660769 -0.0635000030160882 0.08236352930268252
v 0.06330644908233428 -0.0634980308175082 0.08236338434417954
v 0.06180527026957704 -0.06346844402411071 0.033200002339854866
v 0.06280601418307662 -0.06349211422176819 0.033200002339854866
v 0.06230557546912151 -0.06348224941417073 0.0823622323055506
v 0.06280601418307662 -0.06349211422176819 0.033200002339854866
v 0.06280601418307662 -0.06349211422176819 0.08236294946867061
v 0.06230557546912151 -0.06348224941417073 0.0823622323055506
v 0.06180527026957704 -0.06346844402411071 0.033200002339854866
v 0.06180527026957704 -0.06346844402411071 0.08236122522542465
v 0.06123864274022227 -0.06344803920746771 0.03394411629731752
v 0.06130507951095597 -0.06345069423689069 0.08235992822829273
v 0.06080502226674554 -0.06342900386720811 0.08235834131415486
v 0.06071089842194287 -0.06342447963603619 0.03471339962853425
v 0.06123864274022227 -0.06344803920746771 0.03394411629731752
v 0.06180527026957704 -0.06346844402411071 0.08236122522542465
v 0.06130507951095597 -0.06345069423689069 0.08235992822829273
v 0.06071089842194287 -0.06342447963603619 0.03471339962853425
v 0.06123864274022227 -0.06344803920746771 0.03394411629731752
v 0.06130507951095597 -0.06345069423689069 0.08235992822829273
v 0.060305205348474264 -0.06340337291506297 0.08235647211240592
v 0.05980551812991618 -0.06337379756575783 0.08235431299365102
v 0.059730128264274804 -0.06336930003746803 0.036142747688368
v 0.0601835966085673 -0.06339654079193573 0.03548200394360545
v 0.06080502226674554 -0.06342900386720811 0.08235834131415486
v 0.060305205348474264 -0.06340337291506297 0.08235647211240592
v 0.059730128264274804 -0.06336930003746803 0.036142747688368
v 0.0601835966085673 -0.06339654079193573 0.03548200394360545
v 0.060305205348474264 -0.06340337291506297 0.08235647211240592
v 0.05980551812991618 -0.06337379756575783 0.08235431299365102
v 0.05913037390229191 -0.06332755580330755 0.03701708397257252
v 0.059730128264274804 -0.06336930003746803 0.036142747688368
v 0.05930581946726575 -0.06334027018989778 0.08235187158728506
v 0.05880700962912043 -0.06330284800794454 0.08234914026391314
v 0.05880700962912043 -0.06330284800794454 0.037488355509849296
v 0.05913037390229191 -0.06332755580330755 0.03701708397257252
v 0.05980551812991618 -0.06337379756575783 0.08235431299365102
v 0.05930581946726575 -0.06334027018989778 0.08235187158728506
v 0.05880700962912043 -0.06330284800794454 0.037488355509849296
v 0.05913037390229191 -0.06332755580330755 0.03701708397257252
v 0.05930581946726575 -0.06334027018989778 0.08235187158728506
v 0.0601835966085673 -0.06339654079193573 0.03548200394360545
v 0.06071089842194287 -0.06342447963603619 0.03471339962853425
v 0.06080502226674554 -0.06342900386720811 0.08235834131415486
v 0.06123864274022227 -0.06344803920746771 0.03394411629731752
v 0.05880805485622086 -0.0633944198201553 0.033200555470984654
v 0.06180527026957704 -0.06346844402411071 0.033200002339854866
v 0.06230557546912151 -0.06348224941417073 0.0823622323055506
v 0.06180527026957704 -0.06346844402411071 0.08236122522542465
v 0.06180527026957704 -0.06346844402411071 0.033200002339854866
v 0.06330644908233428 -0.0634980308175082 0.08236338434417954
v 0.06280601418307662 -0.06349211422176819 0.08236294946867061
v 0.06280601418307662 -0.06349211422176819 0.033200002339854866
v 0.1363070133101729 -0.0635000030160882 0.032200002292357414
v 0.1363070133101729 -0.0635000030160882 0.08236352930268252
v 0.08830199851785013 -0.0635000030160882 0.033200002339854866
v 0.06380700986660769 -0.0635000030160882 0.08236352930268252
v 0.06380700986660769 -0.0635000030160882 0.033200002339854866
v 0.08830199851785013 -0.0635000030160882 0.033200002339854866
v 0.08830199851785013 -0.0635000030160882 0.033200002339854866
v 0.1363070133101729 -0.0635000030160882 0.08236352930268252
v 0.06380700986660769 -0.0635000030160882 0.08236352930268252
v 0.08830199851785013 -0.0635000030160882 0.033200002339854866
v 0.08830199851785013 -0.0635000030160882 0.032200002292357414
v 0.1363070133101729 -0.0635000030160882 0.032200002292357414
v 0.06132397370741004 -0.061324843458427966 0.08397233217450671
v 0.06380700986660769 -0.0627992202069239 0.08289908993603044
v 0.06380700986660769 -0.06237601385747697 0.08321799101318915
v 0.06132397370741004 -0.061324843458427966 0.08397233217450671
v 0.06380700986660769 -0.06202483662522078 0.08348006072778523
v 0.06380700986660769 -0.0612450781348151 0.08405379885318086
v 0.06139792924681141 -0.059696936581790136 0.08514037727393119
v 0.06380700986660769 -0.0612450781348151 0.08405379885318086
v 0.06380700986660769 -0.0604600134002609 0.08462025853584797
v 0.06139792924681141 -0.059696936581790136 0.08514037727393119
v 0.06380700986660769 -0.0604600134002609 0.08462025853584797
v 0.06380700986660769 -0.0600937604836949 0.08488074896570107
v 0.06139792924681141 -0.059696936581790136 0.08514037727393119
v 0.06380700986660769 -0.05966970727141478 0.0851793787406274
v 0.06380629270348769 -0.05890385335320274 0.08571095682984085
v 0.06139792924681141 -0.059696936581790136 0.08514037727393119
v 0.06380629270348769 -0.05890385335320274 0.08571095682984085
v 0.06380700986660769 -0.058073656933155283 0.08627544049923051
v 0.06259741126789507 -0.05734887586235308 0.08675397903514347
v 0.06380700986660769 -0.058073656933155283 0.08627544049923051
v 0.06380700986660769 -0.05776720321376553 0.08648093062129546
v 0.06259741126789507 -0.05734887586235308 0.08675397903514347
v 0.06380700986660769 -0.05726804623815255 0.08681227524152567
v 0.06380549924641875 -0.05651767617687712 0.08730302080926843
v 0.06259741126789507 -0.05734887586235308 0.08675397903514347
v 0.06380549924641875 -0.05651767617687712 0.08730302080926843
v 0.06380461423661109 -0.055544340864532894 0.08792570150290667
v 0.0617947798515983 -0.05457853576494868 0.08852188530807935
v 0.06380700986660769 -0.054821730356577926 0.08837747612153278
v 0.06380700986660769 -0.05419806928569585 0.08876131097863114
v 0.0617947798515983 -0.05457853576494868 0.08852188530807935
v 0.06380700986660769 -0.05399669522217602 0.0888839535015462
v 0.06380700986660769 -0.05316698326870432 0.08938273282211194
v 0.0617947798515983 -0.05457853576494868 0.08852188530807935
v 0.06380700986660769 -0.05316698326870432 0.08938273282211194
v 0.06380700986660769 -0.05298808158784366 0.08948890348145165
v 0.060431380281225064 -0.054823000650827715 0.08832767906106208
v 0.06259741126789507 -0.05734887586235308 0.08675397903514347
v 0.0617947798515983 -0.05457853576494868 0.08852188530807935
v 0.05880702107321277 -0.05968216988797352 0.08503050635806807
v 0.06132397370741004 -0.061324843458427966 0.08397233217450671
v 0.06139792924681141 -0.059696936581790136 0.08514037727393119
v 0.05880702107321277 -0.05968216988797352 0.08503050635806807
v 0.06139792924681141 -0.059696936581790136 0.08514037727393119
v 0.060431380281225064 -0.054823000650827715 0.08832767906106208
v 0.05880702107321277 -0.05968216988797352 0.08503050635806807
v 0.05880700962912043 -0.06330284800794454 0.08234914026391314
v 0.05930581946726575 -0.06334027018989778 0.08235187158728506
v 0.05930581946726575 -0.06334027018989778 0.08235187158728506
v 0.06132397370741004 -0.061324843458427966 0.08397233217450671
v 0.05880702107321277 -0.05968216988797352 0.08503050635806807
v 0.06132397370741004 -0.061324843458427966 0.08397233217450671
v 0.060305205348474264 -0.06340337291506297 0.08235647211240592
v 0.06080502226674554 -0.06342900386720811 0.08235834131415486
v 0.06132397370741004 -0.061324843458427966 0.08397233217450671
v 0.06130507951095597 -0.06345069423689069 0.08235992822829273
v 0.06180527026957704 -0.06346844402411071 0.08236122522542465
v 0.06380700986660769 -0.0627992202069239 0.08289908993603044
v 0.06132397370741004 -0.061324843458427966 0.08397233217450671
v 0.06330644908233428 -0.0634980308175082 0.08236338434417954
v 0.06132397370741004 -0.061324843458427966 0.08397233217450671
v 0.06280601418307662 -0.06349211422176819 0.08236294946867061
v 0.06330644908233428 -0.0634980308175082 0.08236338434417954
v 0.06380700986660769 -0.052332663160716865 0.08987376067746576
v 0.0636166564640117 -0.0517679506094804 0.09020000123251214
v 0.0631790534464005 -0.05176416261491571 0.09020000123251214
v 0.06380700986660769 -0.052332663160716865 0.08987376067746576
v 0.06380700986660769 -0.05176833207922508 0.09020000123251214
v 0.0636166564640117 -0.0517679506094804 0.09020000123251214
v 0.0617947798515983 -0.05457853576494868 0.08852188530807935
v 0.0631790534464005 -0.05176416261491571 0.09020000123251214
v 0.0625228530062971 -0.05175101716751399 0.09020000123251214
v 0.060431380281225064 -0.054823000650827715 0.08832767906106208
v 0.0617947798515983 -0.05457853576494868 0.08852188530807935
v 0.06186654956936265 -0.0517285028231829 0.09020000123251214
v 0.0617947798515983 -0.05457853576494868 0.08852188530807935
v 0.0625228530062971 -0.05175101716751399 0.09020000123251214
v 0.06186654956936265 -0.0517285028231829 0.09020000123251214
v 0.060431380281225064 -0.054823000650827715 0.08832767906106208
v 0.060554705634983094 -0.05165636689446366 0.09020000123251214
v 0.059899168952235446 -0.05160706955935849 0.09020000123251214
v 0.060431380281225064 -0.054823000650827715 0.08832767906106208
v 0.059899168952235446 -0.05160706955935849 0.09020000123251214
v 0.059243754339806096 -0.05154767853480905 0.09020000123251214
v 0.059243754339806096 -0.05154767853480905 0.09020000123251214
v 0.058807040146700004 -0.055164713618718365 0.0880273021547051
v 0.060431380281225064 -0.054823000650827715 0.08832767906106208
v 0.059243754339806096 -0.05154767853480905 0.09020000123251214
v 0.05880700962912043 -0.05150330215941027 0.09020000123251214
v 0.058807040146700004 -0.055164713618718365 0.0880273021547051
v 0.06121046357018266 -0.05169764955023307 0.09020000123251214
v 0.060554705634983094 -0.05165636689446366 0.09020000123251214
v 0.060431380281225064 -0.054823000650827715 0.08832767906106208
v 0.06186654956936265 -0.0517285028231829 0.09020000123251214
v 0.06121046357018266 -0.05169764955023307 0.09020000123251214
v 0.060431380281225064 -0.054823000650827715 0.08832767906106208
v 0.0631790534464005 -0.05176416261491571 0.09020000123251214
v 0.0617947798515983 -0.05457853576494868 0.08852188530807935
v 0.06380700986660769 -0.052332663160716865 0.08987376067746576
v 0.06330644908233428 -0.0634980308175082 0.08236338434417954
v 0.06380700986660769 -0.0635000030160882 0.08236352930268252
v 0.06380700986660769 -0.0627992202069239 0.08289908993603044
v 0.06230557546912151 -0.06348224941417073 0.0823622323055506
v 0.06280601418307662 -0.06349211422176819 0.08236294946867061
v 0.06132397370741004 -0.061324843458427966 0.08397233217450671
v 0.06180527026957704 -0.06346844402411071 0.08236122522542465
v 0.06230557546912151 -0.06348224941417073 0.0823622323055506
v 0.06132397370741004 -0.061324843458427966 0.08397233217450671
v 0.06080502226674554 -0.06342900386720811 0.08235834131415486
v 0.06130507951095597 -0.06345069423689069 0.08235992822829273
v 0.06132397370741004 -0.061324843458427966 0.08397233217450671
v 0.05980551812991618 -0.06337379756575783 0.08235431299365102
v 0.060305205348474264 -0.06340337291506297 0.08235647211240592
v 0.06132397370741004 -0.061324843458427966 0.08397233217450671
v 0.05930581946726575 -0.06334027018989778 0.08235187158728506
v 0.05980551812991618 -0.06337379756575783 0.08235431299365102
v 0.06132397370741004 -0.061324843458427966 0.08397233217450671
v 0.060431380281225064 -0.054823000650827715 0.08832767906106208
v 0.058807040146700004 -0.055164713618718365 0.0880273021547051
v 0.05880702107321277 -0.05968216988797352 0.08503050635806807
v 0.06259741126789507 -0.05734887586235308 0.08675397903514347
v 0.060431380281225064 -0.054823000650827715 0.08832767906106208
v 0.06139792924681141 -0.059696936581790136 0.08514037727393119
v 0.06380700986660769 -0.05298808158784366 0.08948890348145165
v 0.06380700986660769 -0.052332663160716865 0.08987376067746576
v 0.0617947798515983 -0.05457853576494868 0.08852188530807935
v 0.06380700986660769 -0.05419806928569585 0.08876131097863114
v 0.06380700986660769 -0.05399669522217602 0.0888839535015462
v 0.0617947798515983 -0.05457853576494868 0.08852188530807935
v 0.06380461423661109 -0.055544340864532894 0.08792570150290667
v 0.06380700986660769 -0.054821730356577926 0.08837747612153278
v 0.0617947798515983 -0.05457853576494868 0.08852188530807935
v 0.06380461423661109 -0.055544340864532894 0.08792570150290667
v 0.0617947798515983 -0.05457853576494868 0.08852188530807935
v 0.06259741126789507 -0.05734887586235308 0.08675397903514347
v 0.06380700986660769 -0.05776720321376553 0.08648093062129546
v 0.06380700986660769 -0.05726804623815255 0.08681227524152567
v 0.06259741126789507 -0.05734887586235308 0.08675397903514347
v 0.06380700986660769 -0.058073656933155283 0.08627544049923051
v 0.06259741126789507 -0.05734887586235308 0.08675397903514347
v 0.06139792924681141 -0.059696936581790136 0.08514037727393119
v 0.06380700986660769 -0.0600937604836949 0.08488074896570107
v 0.06380700986660769 -0.05966970727141478 0.0851793787406274
v 0.06139792924681141 -0.059696936581790136 0.08514037727393119
v 0.06380700986660769 -0.0612450781348151 0.08405379885318086
v 0.06139792924681141 -0.059696936581790136 0.08514037727393119
v 0.06132397370741004 -0.061324843458427966 0.08397233217450671
v 0.06380700986660769 -0.06237601385747697 0.08321799101318915
v 0.06380700986660769 -0.06202483662522078 0.08348006072778523
v 0.06132397370741004 -0.061324843458427966 0.08397233217450671
v 0.06380700986660769 -0.0635000030160882 0.08236352930268252
v 0.1363070133101729 -0.0635000030160882 0.08236352930268252
v 0.1363070133101729 -0.06334396663172374 0.08248359309012353
v 0.1363070133101729 -0.06334396663172374 0.08248359309012353
v 0.06380700986660769 -0.0627992202069239 0.08289908993603044
v 0.06380700986660769 -0.0635000030160882 0.08236352930268252
v 0.1363070133101729 -0.06334396663172374 0.08248359309012353
v 0.1363070133101729 -0.0625347129006593 0.08309880460616091
v 0.06380700986660769 -0.0627992202069239 0.08289908993603044
v 0.06380700986660769 -0.06237601385747697 0.08321799101318915
v 0.06380700986660769 -0.0627992202069239 0.08289908993603044
v 0.1363070133101729 -0.0625347129006593 0.08309880460616091
v 0.1363070133101729 -0.0625347129006593 0.08309880460616091
v 0.1363070133101729 -0.06237601385747697 0.08321799101318915
v 0.06380700986660769 -0.06237601385747697 0.08321799101318915
v 0.1363070133101729 -0.06237601385747697 0.08321799101318915
v 0.1363070133101729 -0.06171948535339315 0.08370607392211403
v 0.06380700986660769 -0.06202483662522078 0.08348006072778523
v 0.06380700986660769 -0.0612450781348151 0.08405379885318086
v 0.06380700986660769 -0.06202483662522078 0.08348006072778523
v 0.1363070133101729 -0.06171948535339315 0.08370607392211403
v 0.1363070133101729 -0.06171948535339315 0.08370607392211403
v 0.1363070133101729 -0.061240531015458496 0.08405711001056469
v 0.06380700986660769 -0.0612450781348151 0.08405379885318086
v 0.1363070133101729 -0.06089835646917678 0.08430534000282373
v 0.1363070133101729 -0.0600937604836949 0.08488074896570107
v 0.06380700986660769 -0.0604600134002609 0.08462025853584797
v 0.06380700986660769 -0.0612450781348151 0.08405379885318086
v 0.1363070133101729 -0.061240531015458496 0.08405711001056469
v 0.1363070133101729 -0.06089835646917678 0.08430534000282373
v 0.1363070133101729 -0.0600937604836949 0.08488074896570107
v 0.06380700986660769 -0.0600937604836949 0.08488074896570107
v 0.06380700986660769 -0.0604600134002609 0.08462025853584797
v 0.06380700986660769 -0.0600937604836949 0.08488074896570107
v 0.1363070133101729 -0.0600937604836949 0.08488074896570107
v 0.1363070133101729 -0.06007141398605147 0.08489656470131555
v 0.1363070133101729 -0.0592387303832687 0.08547967172364056
v 0.06380629270348769 -0.05890385335320274 0.08571095682984085
v 0.06380700986660769 -0.05966970727141478 0.0851793787406274
v 0.06380700986660769 -0.05966970727141478 0.0851793787406274
v 0.1363070133101729 -0.06007141398605147 0.08489656470131555
v 0.1363070133101729 -0.0592387303832687 0.08547967172364056
v 0.1363070133101729 -0.0592387303832687 0.08547967172364056
v 0.1363070133101729 -0.05893591207054576 0.08568873240251572
v 0.06380629270348769 -0.05890385335320274 0.08571095682984085
v 0.06380629270348769 -0.05890385335320274 0.08571095682984085
v 0.1363070133101729 -0.05893591207054576 0.08568873240251572
v 0.1363070133101729 -0.0584003895841723 0.08605460766403449
v 0.1363070133101729 -0.0584003895841723 0.08605460766403449
v 0.06380700986660769 -0.058073656933155283 0.08627544049923051
v 0.06380629270348769 -0.05890385335320274 0.08571095682984085
v 0.1363070133101729 -0.05776720321376553 0.08648093062129546
v 0.06380700986660769 -0.05776720321376553 0.08648093062129546
v 0.06380700986660769 -0.058073656933155283 0.08627544049923051
v 0.1363070133101729 -0.0584003895841723 0.08605460766403449
v 0.1363070133101729 -0.05776720321376553 0.08648093062129546
v 0.06380700986660769 -0.058073656933155283 0.08627544049923051
v 0.06380700986660769 -0.05776720321376553 0.08648093062129546
v 0.1363070133101729 -0.05776720321376553 0.08648093062129546
v 0.1363070133101729 -0.05755646406801377 0.08662132674612798
v 0.1363070133101729 -0.056647448369320265 0.08721847948445215
v 0.06380549924641875 -0.05651767617687712 0.08730302080926843
v 0.06380700986660769 -0.05726804623815255 0.08681227524152567
v 0.06380700986660769 -0.05726804623815255 0.08681227524152567
v 0.1363070133101729 -0.05755646406801377 0.08662132674612798
v 0.1363070133101729 -0.056647448369320265 0.08721847948445215
v 0.06380549924641875 -0.05651767617687712 0.08730302080926843
v 0.1363070133101729 -0.056647448369320265 0.08721847948445215
v 0.1363070133101729 -0.05585220220728052 0.08772988545356684
v 0.06380461423661109 -0.055544340864532894 0.08792570150290667
v 0.1363070133101729 -0.05585220220728052 0.08772988545356684
v 0.1363070133101729 -0.05539806247623739 0.0880173610531587
v 0.1363070133101729 -0.05585220220728052 0.08772988545356684
v 0.06380461423661109 -0.055544340864532894 0.08792570150290667
v 0.06380549924641875 -0.05651767617687712 0.08730302080926843
v 0.06380461423661109 -0.055544340864532894 0.08792570150290667
v 0.1363070133101729 -0.05539806247623739 0.0880173610531587
v 0.1363070133101729 -0.054992029894696016 0.08827161063798881
v 0.1363070133101729 -0.05419806928569585 0.08876131097863114
v 0.06380700986660769 -0.05419806928569585 0.08876131097863114
v 0.06380700986660769 -0.054821730356577926 0.08837747612153278
v 0.06380700986660769 -0.054821730356577926 0.08837747612153278
v 0.1363070133101729 -0.054992029894696016 0.08827161063798881
v 0.1363070133101729 -0.05419806928569585 0.08876131097863114
v 0.06380700986660769 -0.05419806928569585 0.08876131097863114
v 0.1363070133101729 -0.05419806928569585 0.08876131097863114
v 0.1363070133101729 -0.054126597114332355 0.08880491297044822
v 0.1363070133101729 -0.05325599923362571 0.08932972378639102
v 0.06380700986660769 -0.05316698326870432 0.08938273282211194
v 0.06380700986660769 -0.05399669522217602 0.0888839535015462
v 0.06380700986660769 -0.05399669522217602 0.0888839535015462
v 0.1363070133101729 -0.054126597114332355 0.08880491297044822
v 0.1363070133101729 -0.05325599923362571 0.08932972378639102
v 0.1363070133101729 -0.05298808158784366 0.08948890348145165
v 0.06380700986660769 -0.05298808158784366 0.08948890348145165
v 0.06380700986660769 -0.05316698326870432 0.08938273282211194
v 0.06380700986660769 -0.05316698326870432 0.08938273282211194
v 0.1363070133101729 -0.05325599923362571 0.08932972378639102
v 0.1363070133101729 -0.05298808158784366 0.08948890348145165
v 0.06380700986660769 -0.05298808158784366 0.08948890348145165
v 0.1363070133101729 -0.05298808158784366 0.08948890348145165
v 0.1363070133101729 -0.052380308731827564 0.08984600493884275
v 0.1363070133101729 -0.05176833207922508 0.09020000123251214
v 0.06380700986660769 -0.05176833207922508 0.09020000123251214
v 0.06380700986660769 -0.052332663160716865 0.08987376067746576
v 0.06380700986660769 -0.052332663160716865 0.08987376067746576
v 0.1363070133101729 -0.052380308731827564 0.08984600493884275
v 0.1363070133101729 -0.05176833207922508 0.09020000123251214
v 0.1363070133101729 -0.052380308731827564 0.08984600493884275
v 0.06380700986660769 -0.052332663160716865 0.08987376067746576
v 0.06380700986660769 -0.05298808158784366 0.08948890348145165
v 0.1363070133101729 -0.054126597114332355 0.08880491297044822
v 0.06380700986660769 -0.05399669522217602 0.0888839535015462
v 0.06380700986660769 -0.05419806928569585 0.08876131097863114
v 0.1363070133101729 -0.054992029894696016 0.08827161063798881
v 0.06380700986660769 -0.054821730356577926 0.08837747612153278
v 0.06380461423661109 -0.055544340864532894 0.08792570150290667
v 0.1363070133101729 -0.05755646406801377 0.08662132674612798
v 0.06380700986660769 -0.05726804623815255 0.08681227524152567
v 0.06380700986660769 -0.05776720321376553 0.08648093062129546
v 0.1363070133101729 -0.06007141398605147 0.08489656470131555
v 0.06380700986660769 -0.05966970727141478 0.0851793787406274
v 0.06380700986660769 -0.0600937604836949 0.08488074896570107
v 0.06380700986660769 -0.0604600134002609 0.08462025853584797
v 0.06380700986660769 -0.0612450781348151 0.08405379885318086
v 0.1363070133101729 -0.06089835646917678 0.08430534000282373
v 0.06380700986660769 -0.06202483662522078 0.08348006072778523
v 0.06380700986660769 -0.06237601385747697 0.08321799101318915
v 0.1363070133101729 -0.06237601385747697 0.08321799101318915
v 0.13741524395363133 0.06349033275806053 0.032200002292357414
v 0.1363070133101729 0.0635000030160882 0.032200002292357414
v 0.1368612583316153 0.06349758449790692 0.08236346063812848
v 0.1363070133101729 0.0635000030160882 0.032200002292357414
v 0.1363070133101729 0.0635000030160882 0.08236352930268252
v 0.1368612583316153 0.06349758449790692 0.08236346063812848
v 0.13852313890371445 0.06346132198397751 0.032200002292357414
v 0.13741524395363133 0.06349033275806053 0.032200002292357414
v 0.13796932112838609 0.06347824016715413 0.08236290369230125
v 0.13741524395363133 0.06349033275806053 0.032200002292357414
v 0.13741524395363133 0.06349033275806053 0.08236325464446635
v 0.13796932112838609 0.06347824016715413 0.08236290369230125
v 0.13963034720825715 0.06341297832323405 0.032200002292357414
v 0.13852313890371445 0.06346132198397751 0.032200002292357414
v 0.1390767583147756 0.06343956676443833 0.08236282739835231
v 0.13852313890371445 0.06346132198397751 0.032200002292357414
v 0.13852313890371445 0.06346132198397751 0.08236242304042295
v 0.1390767583147756 0.06343956676443833 0.08236282739835231
v 0.14073654843267389 0.06334532084931736 0.032200002292357414
v 0.13963034720825715 0.06341297832323405 0.032200002292357414
v 0.14018356989078382 0.06338156428975954 0.08236014948074465
v 0.13963034720825715 0.06341297832323405 0.032200002292357414
v 0.13963034720825715 0.06341297832323405 0.0823610497493421
v 0.14018356989078382 0.06338156428975954 0.08236014948074465
v 0.14184140688358934 0.06325836482101725 0.032200002292357414
v 0.14073654843267389 0.06334532084931736 0.032200002292357414
v 0.14128882507023374 0.0633042785194871 0.08235827264960081
v 0.14073654843267389 0.06334532084931736 0.032200002292357414
v 0.14073654843267389 0.06334532084931736 0.082359119512434
v 0.14128882507023374 0.0633042785194871 0.08235827264960081
v 0.14294457160883842 0.06315214457061073 0.032200002292357414
v 0.14184140688358934 0.06325836482101725 0.032200002292357414
v 0.14233483036893976 0.06321322932082656 0.08235536585014634
v 0.14184140688358934 0.06325836482101725 0.032200002292357414
v 0.14184140688358934 0.06325836482101725 0.08235664758848847
v 0.14233483036893976 0.06321322932082656 0.08235536585014634
v 0.14404572217383557 0.06302668298628249 0.032200002292357414
v 0.14294457160883842 0.06315214457061073 0.032200002292357414
v 0.14338291086305685 0.06310443414964344 0.08235226831581953
v 0.14294457160883842 0.06315214457061073 0.032200002292357414
v 0.14294457160883842 0.06315214457061073 0.0823536263481106
v 0.14338291086305685 0.06310443414964344 0.08235226831581953
v 0.1451445076264157 0.06288202584440188 0.032200002292357414
v 0.14404572217383557 0.06302668298628249 0.032200002292357414
v 0.1445957710280865 0.06295670617631814 0.08234807977802293
v 0.14404572217383557 0.06302668298628249 0.032200002292357414
v 0.1441216956881863 0.06301764215333354 0.08234980402126889
v 0.1445957710280865 0.06295670617631814 0.08234807977802293
v 0.14624060753199328 0.06271821129194337 0.032200002292357414
v 0.1451445076264157 0.06288202584440188 0.032200002292357414
v 0.14569321370716534 0.06280246651445114 0.08234370813474888
v 0.1451445076264157 0.06288202584440188 0.032200002292357414
v 0.1451445076264157 0.06288202584440188 0.0823459588062425
v 0.14569321370716534 0.06280246651445114 0.08234370813474888
v 0.1473336709384032 0.06253529654936867 0.032200002292357414
v 0.14624060753199328 0.06271821129194337 0.032200002292357414
v 0.14678780299255398 0.06262909614488836 0.08233880243383228
v 0.14624060753199328 0.06271821129194337 0.032200002292357414
v 0.14624060753199328 0.06271821129194337 0.08234132013414718
v 0.14678780299255398 0.06262909614488836 0.08233880243383228
v 0.1484233926698497 0.06233332739304713 0.032200002292357414
v 0.1473336709384032 0.06253529654936867 0.032200002292357414
v 0.1478791879320873 0.06243664847339407 0.08233336267527312
v 0.1473336709384032 0.06253529654936867 0.032200002292357414
v 0.1473336709384032 0.06253529654936867 0.0823361474044093
v 0.1478791879320873 0.06243664847339407 0.08233336267527312
v 0.1484233926698497 0.06233332739304713 0.032200002292357414
v 0.14896704809117975 0.06222518453512742 0.0823274041178612
v 0.1495094065153779 0.06211237630223025 0.08232422266019056
v 0.1484233926698497 0.06233332739304713 0.032200002292357414
v 0.1484233926698497 0.06233332739304713 0.08233044824642376
v 0.14896704809117975 0.06222518453512742 0.0823274041178612
v 0.1495094065153779 0.06211237630223025 0.032200002292357414
v 0.1500504984600237 0.061994898879658186 0.08232149133681864
v 0.15059140729919204 0.06187250049737973 0.08231747827510459
v 0.1495094065153779 0.06211237630223025 0.032200002292357414
v 0.1495094065153779 0.06211237630223025 0.08232422266019056
v 0.1500504984600237 0.061994898879658186 0.08232149133681864
v 0.15059140729919204 0.06187250049737973 0.032200002292357414
v 0.1511308818121204 0.061745471072400845 0.08231391534768927
v 0.15166905932791683 0.06161378008714195 0.08231023034995565
v 0.15059140729919204 0.06187250049737973 0.032200002292357414
v 0.15059140729919204 0.06187250049737973 0.08231747827510459
v 0.1511308818121204 0.061745471072400845 0.08231391534768927
v 0.15166905932791683 0.06161378008714195 0.032200002292357414
v 0.15220619924600773 0.061477366506443906 0.08230640802311394
v 0.15274202690817693 0.06133629136546585 0.08230246362595393
v 0.15166905932791683 0.06161378008714195 0.032200002292357414
v 0.15166905932791683 0.06161378008714195 0.08231023034995565
v 0.15220619924600773 0.061477366506443906 0.08230640802311394
v 0.15274202690817693 0.06133629136546585 0.032200002292357414
v 0.15327666438474272 0.06119053559072056 0.08229839715847563
v 0.15380997434659702 0.06104012207039271 0.08229623041032584
v 0.15274202690817693 0.06133629136546585 0.032200002292357414
v 0.15274202690817693 0.06133629136546585 0.08230246362595393
v 0.15327666438474272 0.06119053559072056 0.08229839715847563
v 0.1538099896053868 0.06104012207039271 0.032200002292357414
v 0.15434195679373983 0.060885066063272084 0.08228989038316924
v 0.15487261172617114 0.06072535612526635 0.08228545007534115
v 0.1538099896053868 0.06104012207039271 0.032200002292357414
v 0.15380997434659702 0.06104012207039271 0.08229623041032584
v 0.15434195679373983 0.060885066063272084 0.08228989038316924
v 0.15487261172617114 0.06072535612526635 0.032200002292357414
v 0.15540175603841352 0.06056105329153465 0.08228089532658965
v 0.1559295880947342 0.06039209271222039 0.08227621087812496
v 0.15487261172617114 0.06072535612526635 0.032200002292357414
v 0.15508876774229738 0.06065891172513775 0.08228374109088497
v 0.15540175603841352 0.06056105329153465 0.08228089532658965
v 0.15487261172617114 0.06072535612526635 0.032200002292357414
v 0.15487261172617114 0.06072535612526635 0.08228545007534115
v 0.15508876774229738 0.06065891172513775 0.08228374109088497
v 0.1559295880947342 0.06039209271222039 0.032200002292357414
v 0.15645575694296807 0.06021859264294442 0.08227141961813177
v 0.15698059827649044 0.06004043101338845 0.08226649865842538
v 0.1559295880947342 0.06039209271222039 0.032200002292357414
v 0.1559295880947342 0.06039209271222039 0.08227621087812496
v 0.15645575694296807 0.06021859264294442 0.08227141961813177
v 0.15698059827649044 0.06004043101338845 0.032200002292357414
v 0.15750255569874302 0.059858164769379704 0.08226596460078282
v 0.15802529131927476 0.05967048546969393 0.08225631341624239
v 0.15698059827649044 0.06004043101338845 0.032200002292357414
v 0.15698059827649044 0.06004043101338845 0.08226649865842538
v 0.15750255569874302 0.059858164769379704 0.08226596460078282
v 0.15802529131927476 0.05967048546969393 0.032200002292357414
v 0.15860324850004656 0.05945723243832472 0.08225022515911727
v 0.1590255507661986 0.05929704184844069 0.08224608239769003
v 0.15802529131927476 0.05967048546969393 0.032200002292357414
v 0.15802529131927476 0.05967048546969393 0.08225631341624239
v 0.15860324850004656 0.05945723243832472 0.08225022515911727
v 0.1590255507661986 0.05929704184844069 0.08224608239769003
v 0.1590633773060812 0.0592823590779679 0.032200002292357414
v 0.15802529131927476 0.05967048546969393 0.032200002292357414
v 0.1590633773060812 0.0592823590779679 0.032200002292357414
v 0.1590255507661986 0.05929704184844069 0.08224608239769003
v 0.15957949061184526 0.05908165640119871 0.08224715051297514
v 0.15957949061184526 0.05908165640119871 0.08224715051297514
v 0.16009494778964847 0.058876082355789935 0.08223452386442619
v 0.1590633773060812 0.0592823590779679 0.032200002292357414
v 0.16009453580232422 0.058876177723226106 0.032200002292357414
v 0.160607154845227 0.058666460916390085 0.0822288781122049
v 0.1611184463734183 0.058452059661089385 0.08222304925450617
v 0.16009453580232422 0.058876177723226106 0.032200002292357414
v 0.16009494778964847 0.058876082355789935 0.08223452386442619
v 0.160607154845227 0.058666460916390085 0.0822288781122049
v 0.1611184463734183 0.058452059661089385 0.032200002292357414
v 0.1619039841304559 0.05811234940935831 0.08221385583365935
v 0.1621347885847779 0.058010138405968394 0.08221109399270786
v 0.1611184463734183 0.058452059661089385 0.032200002292357414
v 0.1611184463734183 0.058452059661089385 0.08222304925450617
v 0.16162728123645384 0.05823345079450485 0.08221712884406872
v 0.16162728123645384 0.05823345079450485 0.08221712884406872
v 0.1619039841304559 0.05811234940935831 0.08221385583365935
v 0.1611184463734183 0.058452059661089385 0.032200002292357414
v 0.1621347885847779 0.058010138405968394 0.032200002292357414
v 0.16263970193883812 0.057782698514794485 0.08220495995921338
v 0.16314327251939706 0.05755054747227376 0.0821987114847955
v 0.1621347885847779 0.058010138405968394 0.032200002292357414
v 0.1621347885847779 0.058010138405968394 0.08221109399270786
v 0.16263970193883812 0.057782698514794485 0.08220495995921338
v 0.16314327251939706 0.05755054747227376 0.032200002292357414
v 0.16364460005785728 0.057314104895125374 0.0821923714576389
v 0.16414357774269026 0.05707342418911358 0.08218593224834868
v 0.16314327251939706 0.05755054747227376 0.032200002292357414
v 0.16314327251939706 0.05755054747227376 0.0821987114847955
v 0.16364460005785728 0.057314104895125374 0.0821923714576389
v 0.16414357774269026 0.05707342418911358 0.032200002292357414
v 0.1647103654893378 0.056793436840609814 0.08217845544135292
v 0.16513541433765153 0.05657891732968826 0.08217274865397249
v 0.16414357774269026 0.05707342418911358 0.032200002292357414
v 0.16414357774269026 0.05707342418911358 0.08218593224834868
v 0.1647103654893378 0.056793436840609814 0.08217845544135292
v 0.16513541433765153 0.05657891732968826 0.032200002292357414
v 0.16562833428293897 0.05632504158520794 0.08216601189828142
v 0.16611846186969534 0.056067175667198245 0.08215918358985162
v 0.16513541433765153 0.05657891732968826 0.032200002292357414
v 0.16513541433765153 0.05657891732968826 0.08217274865397249
v 0.16562833428293897 0.05632504158520794 0.08216601189828142
v 0.16611846186969534 0.056067175667198245 0.032200002292357414
v 0.16660683469562618 0.05580475500043706 0.0821522637286831
v 0.16709243042181574 0.055538355604238844 0.08214525231477586
v 0.16611846186969534 0.056067175667198245 0.032200002292357414
v 0.16611846186969534 0.056067175667198245 0.08215918358985162
v 0.16660683469562618 0.05580475500043706 0.0821522637286831
v 0.16709243042181574 0.055538355604238844 0.032200002292357414
v 0.1675761187992819 0.055267473938540625 0.0821381493481299
v 0.16805701481821697 0.054992617358102826 0.0821309624581401
v 0.16709243042181574 0.055538355604238844 0.032200002292357414
v 0.16709243042181574 0.055538355604238844 0.08214525231477586
v 0.1675761187992819 0.055267473938540625 0.0821381493481299
v 0.16805701481821697 0.054992617358102826 0.032200002292357414
v 0.16853586615932056 0.05471335480211396 0.08212369164480647
v 0.16901194040068288 0.0544301249607804 0.08211633690812901
v 0.16805701481821697 0.054992617358102826 0.032200002292357414
v 0.16805701481821697 0.054992617358102826 0.0821309624581401
v 0.16853586615932056 0.05471335480211396 0.08212369164480647
v 0.16901194040068288 0.0544301249607804 0.032200002292357414
v 0.16948580211752604 0.05414257306723961 0.08210889061871283
v 0.16995688673462792 0.053851057703051576 0.08210137566474261
v 0.16901194040068288 0.0544301249607804 0.032200002292357414
v 0.16901194040068288 0.0544301249607804 0.08211633690812901
v 0.16948580211752604 0.05414257306723961 0.08210889061871283
v 0.16995688673462792 0.053851057703051576 0.032200002292357414
v 0.17042487381740298 0.05355578867657588 0.08209445580357409
v 0.1708915944206257 0.053255583431604005 0.08208610161616557
v 0.16995688673462792 0.053851057703051576 0.032200002292357414
v 0.16995688673462792 0.053851057703051576 0.08210137566474261
v 0.17042487381740298 0.05355578867657588 0.08209445580357409
v 0.1708915944206257 0.053255583431604005 0.032200002292357414
v 0.17135506490162375 0.05295171607708319 0.08207835015095365
v 0.1718157582828805 0.05264388906661258 0.08207053002118768
v 0.1708915944206257 0.053255583431604005 0.032200002292357414
v 0.1708915944206257 0.053255583431604005 0.08208610161616557
v 0.17135506490162375 0.05295171607708319 0.08207835015095365
v 0.1718157582828805 0.05264388906661258 0.032200002292357414
v 0.17227375085834493 0.05233206043852027 0.08206282433234512
v 0.17272911892196594 0.05201615771355476 0.08205467613859872
v 0.1718157582828805 0.05264388906661258 0.032200002292357414
v 0.1718157582828805 0.05264388906661258 0.08207053002118768
v 0.17227375085834493 0.05233206043852027 0.08206282433234512
v 0.17272911892196594 0.05201615771355476 0.032200002292357414
v 0.17318163359189673 0.05169634873840371 0.08204664238577573
v 0.17363138642087603 0.05137258010730287 0.08203855522718849
v 0.17272911892196594 0.05201615771355476 0.032200002292357414
v 0.17272911892196594 0.05201615771355476 0.08205467613859872
v 0.17318163359189673 0.05169634873840371 0.08204664238577573
v 0.17363138642087603 0.05137258010730287 0.032200002292357414
v 0.17407820956221617 0.05104494718768841 0.0820303994040472
v 0.17452227086260483 0.0507133584268216 0.08202218254574677
v 0.17363138642087603 0.05137258010730287 0.032200002292357414
v 0.17363138642087603 0.05137258010730287 0.08203855522718849
v 0.17407820956221617 0.05104494718768841 0.0820303994040472
v 0.17452227086260483 0.0507133584268216 0.032200002292357414
v 0.17496328040503603 0.05037800074487734 0.08201390465228718
v 0.17540151284772595 0.05003868340698329 0.08200557335306334
v 0.17452227086260483 0.0507133584268216 0.032200002292357414
v 0.17452227086260483 0.0507133584268216 0.08202218254574677
v 0.17496328040503603 0.05037800074487734 0.08201390465228718
v 0.17540151284772595 0.05003868340698329 0.032200002292357414
v 0.17583658672092992 0.04969571158893519 0.08199718864807524
v 0.17626885297681302 0.049348772485542404 0.0819887505373229
v 0.17540151284772595 0.05003868340698329 0.032200002292357414
v 0.17540151284772595 0.05003868340698329 0.08200557335306334
v 0.17583658672092992 0.04969571158893519 0.08199718864807524
v 0.17626885297681302 0.049348772485542404 0.032200002292357414
v 0.176706795502497 0.04899094242093897 0.0819799996213799
v 0.17712319261700135 0.04864453356049129 0.0819717522454999
v 0.17626885297681302 0.049348772485542404 0.032200002292357414
v 0.17626885297681302 0.049348772485542404 0.0819887505373229
v 0.176706795502497 0.04899094242093897 0.0819799996213799
v 0.17712403185043965 0.04864382402676618 0.032200002292357414
v 0.1775467918802853 0.04828592911230615 0.08196316154684967
v 0.17796675955159988 0.04792405546840908 0.081956180650522
v 0.17712403185043965 0.04864382402676618 0.032200002292357414
v 0.17712319261700135 0.04864453356049129 0.0819717522454999
v 0.1775467918802853 0.04828592911230615 0.08196316154684967
v 0.17796675955159988 0.04792405928310653 0.032200002292357414
v 0.17838318718368382 0.04755887066712819 0.0819458809674156
v 0.1787968071984469 0.047189699507015376 0.08193717582784198
v 0.17796675955159988 0.04792405928310653 0.032200002292357414
v 0.17796675955159988 0.04792405546840908 0.081956180650522
v 0.17838318718368382 0.04755887066712819 0.0819458809674156
v 0.1787968071984469 0.047189699507015376 0.032200002292357414
v 0.17920676510366104 0.046817327815744686 0.08192844780008367
v 0.17961391539155433 0.04644096213624718 0.081919673995956
v 0.1787968071984469 0.047189699507015376 0.032200002292357414
v 0.1787968071984469 0.047189699507015376 0.08193717582784198
v 0.17920676510366104 0.046817327815744686 0.08192844780008367
v 0.17961391539155433 0.04644096213624718 0.032200002292357414
v 0.1800172662407906 0.04606152181060755 0.08191088493303854
v 0.18041782473149579 0.045678079867346205 0.08190205772314661
v 0.17961391539155433 0.04644096213624718 0.032200002292357414
v 0.17961391539155433 0.04644096213624718 0.081919673995956
v 0.1800172662407906 0.04606152181060755 0.08191088493303854
v 0.18041782473149579 0.045678079867346205 0.032200002292357414
v 0.18081455326596438 0.0452916014249172 0.08189320762507
v 0.18120829107763467 0.04490128158215925 0.08188432700941382
v 0.18041782473149579 0.045678079867346205 0.032200002292357414
v 0.1805259179983487 0.04557344653107756 0.08189965446375512
v 0.18081455326596438 0.0452916014249172 0.08189320762507
v 0.18041782473149579 0.045678079867346205 0.032200002292357414
v 0.18041782473149579 0.045678079867346205 0.08190205772314661
v 0.1805259179983487 0.04557344653107756 0.08189965446375512
v 0.18120829107763467 0.04490128158215925 0.032200002292357414
v 0.18159868721434155 0.04450747129123747 0.08187543113496785
v 0.18198508554812418 0.044110807606625474 0.0818665200017321
v 0.18120829107763467 0.04490128158215925 0.032200002292357414
v 0.18120829107763467 0.04490128158215925 0.08188432700941382
v 0.18159868721434155 0.04450747129123747 0.08187543113496785
v 0.18198508554812418 0.044110807606625474 0.032200002292357414
v 0.1823692103222285 0.04370955102628751 0.08185892112441805
v 0.1827479792611175 0.04330689826668402 0.08184865958828612
v 0.18198508554812418 0.044110807606625474 0.032200002292357414
v 0.18198508554812418 0.044110807606625474 0.0818665200017321
v 0.1823692103222285 0.04370955102628751 0.08185892112441805
v 0.1827479792611175 0.04330689826668402 0.032200002292357414
v 0.18312432205243032 0.04289976323758052 0.081839702678681
v 0.18349671281718824 0.042489793888274036 0.08183075339847078
v 0.1827479792611175 0.04330689826668402 0.032200002292357414
v 0.1827479792611175 0.04330689826668402 0.08184865958828612
v 0.18312432205243032 0.04289976323758052 0.081839702678681
v 0.18349671281718824 0.042489793888274036 0.032200002292357414
v 0.18386586871851127 0.04207618913230074 0.08182178123007587
v 0.1842310725932794 0.04165975005612446 0.08181282432047075
v 0.18349671281718824 0.042489793888274036 0.032200002292357414
v 0.18349671281718824 0.042489793888274036 0.08183075339847078
v 0.18386586871851127 0.04207618913230074 0.08182178123007587
v 0.1842310725932794 0.04165975005612446 0.032200002292357414
v 0.1845929347930841 0.04123979764359967 0.08180385978147074
v 0.18495084496633393 0.04081701472556934 0.08179490287186562
v 0.1842310725932794 0.04165975005612446 0.032200002292357414
v 0.1842310725932794 0.04165975005612446 0.08181282432047075
v 0.1845929347930841 0.04123979764359967 0.08180385978147074
v 0.18495084496633393 0.04081701472556934 0.032200002292357414
v 0.18530527613551226 0.04039084054150879 0.0817859459622605
v 0.18565578579571526 0.03996184729603505 0.08177700431144518
v 0.18495084496633393 0.04081701472556934 0.032200002292357414
v 0.18495084496633393 0.04081701472556934 0.08179490287186562
v 0.18530527613551226 0.04039084054150879 0.0817859459622605
v 0.18565578579571526 0.03996184729603505 0.032200002292357414
v 0.18600258756999996 0.03952974125744471 0.08176983268024517
v 0.18634569671715615 0.039094507166947984 0.08175915915678898
v 0.18565578579571526 0.03996184729603505 0.032200002292357414
v 0.18565578579571526 0.03996184729603505 0.08177700431144518
v 0.18600258756999996 0.03952974125744471 0.08176983268024517
v 0.18634569671715615 0.039094507166947984 0.032200002292357414
v 0.1866850064256553 0.03865628998304785 0.08175026328234301
v 0.18702036410759956 0.038215257552431964 0.08174138266668683
v 0.18634569671715615 0.039094507166947984 0.032200002292357414
v 0.18634569671715615 0.039094507166947984 0.08175915915678898
v 0.1866850064256553 0.03865628998304785 0.08175026328234301
v 0.18702036410759956 0.038215257552431964 0.032200002292357414
v 0.18735195286846637 0.03777121914022799 0.08173252493921533
v 0.18767958960277828 0.03732436548130826 0.0817236977293234
v 0.18702036410759956 0.038215257552431964 0.032200002292357414
v 0.18702036410759956 0.038215257552431964 0.08174138266668683
v 0.18735195286846637 0.03777121914022799 0.08173252493921533
v 0.18767958960277828 0.03732436548130826 0.032200002292357414
v 0.18800335060448423 0.03687464316990854 0.08171490103701105
v 0.18832317483842506 0.036422105611793064 0.08170613486227828
v 0.18767958960277828 0.03732436548130826 0.032200002292357414
v 0.18767958960277828 0.03732436548130826 0.0817236977293234
v 0.18800335060448423 0.03687464316990854 0.08171490103701105
v 0.18832317483842506 0.036422105611793064 0.032200002292357414
v 0.18863900126944164 0.03596683673030567 0.08169739920512507
v 0.1889509061914829 0.03550875260210253 0.08168870932434123
v 0.18832317483842506 0.036422105611793064 0.032200002292357414
v 0.18832317483842506 0.036422105611793064 0.08170613486227828
v 0.18863900126944164 0.03596683673030567 0.08169739920512507
v 0.1889509061914829 0.03550875260210253 0.032200002292357414
v 0.18925872175786115 0.03504807447963556 0.08168005759053186
v 0.1895626005564743 0.03458458111045284 0.08167144400369696
v 0.1889509061914829 0.03550875260210253 0.032200002292357414
v 0.1889509061914829 0.03550875260210253 0.08168870932434123
v 0.18925872175786115 0.03504807447963556 0.08168005759053186
v 0.1895626005564743 0.03458458111045284 0.032200002292357414
v 0.18986229844668576 0.03411863870550926 0.0816628838226263
v 0.19015807482792188 0.033649873424455044 0.08165436941792502
v 0.1895626005564743 0.03458458111045284 0.032200002292357414
v 0.1895626005564743 0.03458458111045284 0.08167144400369696
v 0.18986229844668576 0.03411863870550926 0.0816628838226263
v 0.19015807482792188 0.033649873424455044 0.032200002292357414
v 0.19044957874801757 0.0331788078808404 0.08164590841898799
v 0.19073714590034815 0.03270491946111511 0.08163750082581521
v 0.19015807482792188 0.033649873424455044 0.032200002292357414
v 0.19015807482792188 0.033649873424455044 0.08165436941792502
v 0.19044957874801757 0.0331788078808404 0.08164590841898799
v 0.19073714590034815 0.03270491946111511 0.032200002292357414
v 0.19102036429758937 0.03222887573733237 0.08162915426780158
v 0.19129963066827568 0.0317500015080441 0.0816208687449471
v 0.19073714590034815 0.03270491946111511 0.032200002292357414
v 0.19073714590034815 0.03270491946111511 0.08163750082581521
v 0.19102036429758937 0.03222887573733237 0.08162915426780158
v 0.19129963066827568 0.0317500015080441 0.032200002292357414
v 0.1915744719899237 0.031269122655247526 0.08161265188664667
v 0.1918453612850168 0.030785413296945417 0.08160449606350538
v 0.19129963066827568 0.0317500015080441 0.032200002292357414
v 0.19129963066827568 0.0317500015080441 0.0816208687449471
v 0.1915744719899237 0.031269122655247526 0.08161265188664667
v 0.1918453612850168 0.030785413296945417 0.032200002292357414
v 0.19211176449591244 0.030299848088335433 0.08159641653431303
v 0.19237418516267363 0.02981144474482502 0.08158839804027983
v 0.1918453612850168 0.030785413296945417 0.032200002292357414
v 0.1918453612850168 0.030785413296945417 0.08160449606350538
v 0.19211176449591244 0.030299848088335433 0.08159641653431303
v 0.19237418516267363 0.02981144474482502 0.032200002292357414
v 0.19263204345128843 0.029321343860950772 0.08158047109898535
v 0.19288593445455854 0.028828397212781205 0.08157261282224491
v 0.19237418516267363 0.02981144474482502 0.032200002292357414
v 0.19237418516267363 0.02981144474482502 0.08158839804027983
v 0.19263204345128843 0.029321343860950772 0.08158047109898535
v 0.19288593445455854 0.028828397212781205 0.032200002292357414
v 0.19313517152694354 0.028333909426843124 0.0815648460982432
v 0.19338044131398385 0.027836568247214828 0.08155715566819043
v 0.19288593445455854 0.028828397212781205 0.032200002292357414
v 0.19288593445455854 0.028828397212781205 0.08157261282224491
v 0.19313517152694354 0.028333909426843124 0.0815648460982432
v 0.19338044131398385 0.027836568247214828 0.032200002292357414
v 0.193621347087145 0.027337106095806103 0.08154954916148148
v 0.19385756841184149 0.026836261116572908 0.08154204946630104
v 0.19338044131398385 0.027836568247214828 0.032200002292357414
v 0.19338044131398385 0.027836568247214828 0.08155715566819043
v 0.193621347087145 0.027337106095806103 0.08154954916148148
v 0.19385756841184149 0.026836261116572908 0.032200002292357414
v 0.19408970038087497 0.026332705794803752 0.08153462606506955
v 0.19431714790144378 0.025827777181953743 0.08152731710476145
v 0.19385756841184149 0.026836261116572908 0.032200002292357414
v 0.19385756841184149 0.026836261116572908 0.08154204946630104
v 0.19408970038087497 0.026332705794803752 0.08153462606506955
v 0.19431714790144378 0.025827777181953743 0.032200002292357414
v 0.19454046028998023 0.0253202869997682 0.08152009206779719
v 0.19475907297126221 0.02481142734119925 0.08151298147175633
v 0.19431714790144378 0.025827777181953743 0.032200002292357414
v 0.19431714790144378 0.025827777181953743 0.08152731710476145
v 0.19454046028998023 0.0253202869997682 0.08152009206779719
v 0.19475907297126221 0.02481142734119925 0.032200002292357414
v 0.19497347422656292 0.024300156793843914 0.08150596242845419
v 0.19518338939766616 0.0237870303961807 0.08150065236960823
v 0.19475907297126221 0.02481142734119925 0.032200002292357414
v 0.19475907297126221 0.02481142734119925 0.08151298147175633
v 0.19497347422656292 0.024300156793843914 0.08150596242845419
v 0.19518319103339893 0.023787520584802616 0.032200002292357414
v 0.19538862012030472 0.023272624167524084 0.08149226766462013
v 0.19558938001753562 0.02275636590325704 0.0814855919440882
v 0.19518319103339893 0.023787520584802616 0.032200002292357414
v 0.19518338939766616 0.0237870303961807 0.08150065236960823
v 0.19538862012030472 0.023272624167524084 0.08149226766462013
v 0.19558938001753562 0.02275636590325704 0.032200002292357414
v 0.19578576064209757 0.022238003833348077 0.0814790230350848
v 0.1959775025945642 0.021718279916450603 0.08147258382579457
v 0.19558938001753562 0.02275636590325704 0.032200002292357414
v 0.19558938001753562 0.02275636590325704 0.0814855919440882
v 0.19578576064209757 0.022238003833348077 0.0814790230350848
v 0.1959775025945642 0.021718279916450603 0.032200002292357414
v 0.19616478898041295 0.02119660859650653 0.08146625142803286
v 0.19634745195295616 0.020673579244271392 0.08146005635937924
v 0.1959775025945642 0.021718279916450603 0.032200002292357414
v 0.1959775025945642 0.021718279916450603 0.08147258382579457
v 0.19616478898041295 0.02119660859650653 0.08146625142803286
v 0.19634745195295616 0.020673579244271392 0.032200002292357414
v 0.19652559832372235 0.020148758891584975 0.08145398336104391
v 0.1966991060223932 0.019622580506607493 0.08144803243302688
v 0.19634745195295616 0.020673579244271392 0.032200002292357414
v 0.19634745195295616 0.020673579244271392 0.08146005635937924
v 0.19652559832372235 0.020148758891584975 0.08145398336104391
v 0.1966991060223932 0.019622580506607493 0.032200002292357414
v 0.19686805134291768 0.019094771338471497 0.08144221883411794
v 0.19703237325013662 0.018565604138044433 0.08143654256431708
v 0.1966991060223932 0.019622580506607493 0.032200002292357414
v 0.1966991060223932 0.019622580506607493 0.08144803243302688
v 0.19686805134291768 0.019094771338471497 0.08144221883411794
v 0.19703237325013662 0.018565604138044433 0.032200002292357414
v 0.19719207174405 0.01803496827910035 0.08143099599422941
v 0.19734713156586808 0.017502972480516476 0.08142559438264473
v 0.19703237325013662 0.018565604138044433 0.032200002292357414
v 0.19703237325013662 0.018565604138044433 0.08143654256431708
v 0.19719207174405 0.01803496827910035 0.08143099599422941
v 0.19734713156586808 0.017502972480516476 0.032200002292357414
v 0.1974969881403687 0.01697164043928835 0.08142116170421153
v 0.19764330467563868 0.016435009783306597 0.0814152031467996
v 0.19734713156586808 0.017502972480516476 0.032200002292357414
v 0.19734713156586808 0.017502972480516476 0.08142559438264473
v 0.1974969881403687 0.01697164043928835 0.08142116170421153
v 0.19764330467563868 0.016435009783306597 0.032200002292357414
v 0.19778437218722184 0.01589920500932208 0.08141022878132896
v 0.19792553125154372 0.015343670620142646 0.08140530019222768
v 0.19764330467563868 0.016435009783306597 0.032200002292357414
v 0.19764330467563868 0.016435009783306597 0.0814152031467996
v 0.19778437218722184 0.01589920500932208 0.08141022878132896
v 0.19792080102670967 0.015362041249372137 0.032200002292357414
v 0.19805248438257367 0.014823897112178363 0.0814007225552915
v 0.19817951380755255 0.014284393035344798 0.08139619069472469
v 0.19792553125154372 0.015343670620142646 0.08140530019222768
v 0.19805248438257367 0.014823897112178363 0.0814007225552915
v 0.19792080102670967 0.015362041249372137 0.032200002292357414
v 0.19817951380755255 0.014284393035344798 0.032200002292357414
v 0.19830178249011782 0.013744073566931978 0.08139181905145064
v 0.19841938198300818 0.013202393205205007 0.08138759999607446
v 0.19817951380755255 0.014284393035344798 0.032200002292357414
v 0.19817951380755255 0.014284393035344798 0.08139619069472469
v 0.19830178249011782 0.013744073566931978 0.08139181905145064
v 0.19841938198300818 0.013202393205205007 0.032200002292357414
v 0.19853219021590535 0.012660064344912078 0.08138354115799105
v 0.1986403445179174 0.012116371730281914 0.08137963490780552
v 0.19841938198300818 0.013202393205205007 0.032200002292357414
v 0.19841938198300818 0.013202393205205007 0.08138759999607446
v 0.19853219021590535 0.012660064344912078 0.08138354115799105
v 0.1986403445179174 0.012116371730281914 0.032200002292357414
v 0.1987436617835669 0.011572198463773449 0.08137589650430764
v 0.1988423098595415 0.011026659535579027 0.08137231068870764
v 0.1986403445179174 0.012116371730281914 0.032200002292357414
v 0.1986403445179174 0.012116371730281914 0.08137963490780552
v 0.1987436617835669 0.011572198463773449 0.08137589650430764
v 0.1988423098595415 0.011026659535579027 0.032200002292357414
v 0.19893610564036374 0.010480808755868327 0.08136890034919018
v 0.19902523223151108 0.009933589453448584 0.0813656502269655
v 0.1988423098595415 0.011026659535579027 0.032200002292357414
v 0.1988423098595415 0.011026659535579027 0.08137231068870764
v 0.19893610564036374 0.010480808755868327 0.08136890034919018
v 0.19918903533987725 0.008837492408894093 0.032200002292357414
v 0.19902523223151108 0.009933589453448584 0.032200002292357414
v 0.1991093844571878 0.009386909930717564 0.08136319356180975
v 0.19902523223151108 0.009933589453448584 0.032200002292357414
v 0.19902523223151108 0.009933589453448584 0.0813656502269655
v 0.1991093844571878 0.009386909930717564 0.08136319356180975
v 0.1993337039258502 0.007738703618453696 0.032200002292357414
v 0.19918903533987725 0.008837492408894093 0.032200002292357414
v 0.19926371185709607 0.008288785374470092 0.0813569145698123
v 0.19918903533987725 0.008837492408894093 0.032200002292357414
v 0.19918891326955895 0.008838275375545051 0.08136178975314932
v 0.19926371185709607 0.008288785374470092 0.0813569145698123
v 0.199459161695481 0.006637557821828348 0.032200002292357414
v 0.1993337039258502 0.007738703618453696 0.032200002292357414
v 0.199398843699452 0.007188217981345117 0.08135193257494676
v 0.1993337039258502 0.007738703618453696 0.032200002292357414
v 0.1993337039258502 0.007738703618453696 0.08135433583433825
v 0.199398843699452 0.007188217981345117 0.08135193257494676
v 0.19956537813119007 0.005534389758719008 0.032200002292357414
v 0.199459161695481 0.006637557821828348 0.032200002292357414
v 0.1995147036903066 0.0060858443289790775 0.08134765248441143
v 0.199459161695481 0.006637557821828348 0.032200002292357414
v 0.199459161695481 0.006637557821828348 0.08134971242103271
v 0.1995147036903066 0.0060858443289790775 0.08134765248441143
v 0.19965233797418763 0.004429536076175358 0.032200002292357414
v 0.19956537813119007 0.005534389758719008 0.032200002292357414
v 0.19961129182965992 0.004981834171408354 0.08134407429820632
v 0.19956537813119007 0.005534389758719008 0.032200002292357414
v 0.19956537813119007 0.005534389758719008 0.0813457832826625
v 0.19961129182965992 0.004981834171408354 0.08134407429820632
v 0.19971999544810431 0.003323333421247079 0.032200002292357414
v 0.19965233797418763 0.004429536076175358 0.032200002292357414
v 0.19968859285872215 0.0038763060026723887 0.08134120564572632
v 0.19965233797418763 0.004429536076175358 0.032200002292357414
v 0.19965233797418763 0.004429536076175358 0.08134255604862249
v 0.19968859285872215 0.0038763060026723887 0.08134120564572632
v 0.19976833529415033 0.0022161182025652606 0.032200002292357414
v 0.19971999544810431 0.003323333421247079 0.032200002292357414
v 0.1997465915187035 0.002769597185076635 0.08133904652697142
v 0.19971999544810431 0.003323333421247079 0.032200002292357414
v 0.19971999544810431 0.003323333421247079 0.0813400383483076
v 0.1997465915187035 0.002769597185076635 0.08133904652697142
v 0.1997973422535359 0.0011082279016446518 0.032200002292357414
v 0.19976833529415033 0.0022161182025652606 0.032200002292357414
v 0.1997852572920244 0.0016620447232986596 0.08133761220073142
v 0.19976833529415033 0.0022161182025652606 0.032200002292357414
v 0.19976833529415033 0.0022161182025652606 0.0813382378111127
v 0.1997852572920244 0.0016620447232986596 0.08133761220073142
v 0.19980701632626102 0.0 0.032200002292357414
v 0.1997973422535359 0.0011082279016446518 0.032200002292357414
v 0.19980460543747464 0.000553985800829972 0.08133688740821653
v 0.1997973422535359 0.0011082279016446518 0.032200002292357414
v 0.1997973422535359 0.0011082279016446518 0.0813371544370378
v 0.19980460543747464 0.000553985800829972 0.08133688740821653
v 0.19980701632626102 0.0 0.032200002292357414
v 0.19980701632626102 0.0 0.0813367958554778
v 0.19980460543747464 -0.0005542419816053846 0.08133688740821653
v 0.19980460543747464 -0.0005542419816053846 0.08133688740821653
v 0.1997973422535359 -0.0011082279016446518 0.032200002292357414
v 0.19980701632626102 0.0 0.032200002292357414
v 0.1997973422535359 -0.0011082279016446518 0.032200002292357414
v 0.1997973422535359 -0.0011082279016446518 0.0813371544370378
v 0.1997852572920244 -0.0016623009040740721 0.08133761220073142
v 0.1997852572920244 -0.0016623009040740721 0.08133761220073142
v 0.19976833529415033 -0.0022161182025652606 0.032200002292357414
v 0.1997973422535359 -0.0011082279016446518 0.032200002292357414
v 0.19976833529415033 -0.0022161182025652606 0.032200002292357414
v 0.19976833529415033 -0.0022161182025652606 0.0813382378111127
v 0.1997465762599137 -0.002769853723479933 0.08133904652697142
v 0.1997465762599137 -0.002769853723479933 0.08133904652697142
v 0.19971999544810431 -0.003323333421247079 0.032200002292357414
v 0.19976833529415033 -0.0022161182025652606 0.032200002292357414
v 0.19971999544810431 -0.003323333421247079 0.032200002292357414
v 0.19971999544810431 -0.003323333421247079 0.0813400383483076
v 0.19968857759993236 -0.0038765627794942773 0.08134120564572632
v 0.19968857759993236 -0.0038765627794942773 0.08134120564572632
v 0.19965233797418763 -0.004429536076175358 0.032200002292357414
v 0.19971999544810431 -0.003323333421247079 0.032200002292357414
v 0.19965233797418763 -0.004429536076175358 0.032200002292357414
v 0.19965233797418763 -0.004429536076175358 0.08134255604862249
v 0.19961127657087013 -0.004982091186648833 0.08134408192760122
v 0.19961127657087013 -0.004982091186648833 0.08134408192760122
v 0.19956537813119007 -0.005534389758719008 0.032200002292357414
v 0.19965233797418763 -0.004429536076175358 0.032200002292357414
v 0.19956537813119007 -0.005534389758719008 0.032200002292357414
v 0.19956537813119007 -0.005534389758719008 0.0813457832826625
v 0.19951468843151682 -0.006086101821056737 0.08134766011380633
v 0.19951468843151682 -0.006086101821056737 0.08134766011380633
v 0.199459161695481 -0.006637557821828348 0.032200002292357414
v 0.19956537813119007 -0.005534389758719008 0.032200002292357414
v 0.199459161695481 -0.006637557821828348 0.032200002292357414
v 0.199459161695481 -0.006637557821828348 0.08134971242103271
v 0.199398843699452 -0.007188258989342671 0.08135193257494676
v 0.199398843699452 -0.007188258989342671 0.08135193257494676
v 0.1993337039258502 -0.007738703618453696 0.032200002292357414
v 0.199459161695481 -0.006637557821828348 0.032200002292357414
v 0.1993337039258502 -0.007738703618453696 0.032200002292357414
v 0.1993337039258502 -0.007738703618453696 0.08135433583433825
v 0.199263788151045 -0.008288226521294134 0.0813569069404174
v 0.199263788151045 -0.008288226521294134 0.0813569069404174
v 0.19918903533987725 -0.008837492408894093 0.032200002292357414
v 0.1993337039258502 -0.007738703618453696 0.032200002292357414
v 0.19918903533987725 -0.008837492408894093 0.032200002292357414
v 0.1991887454228713 -0.008839497032402393 0.08136163716525145
v 0.19910955230387545 -0.009385669200372988 0.08136256795142847
v 0.19910955230387545 -0.009385669200372988 0.08136256795142847
v 0.19902523223151108 -0.009933589453448584 0.032200002292357414
v 0.19918903533987725 -0.008837492408894093 0.032200002292357414
v 0.1988423098595415 -0.011026659535579027 0.032200002292357414
v 0.19902523223151108 -0.009933589453448584 0.032200002292357414
v 0.19902523223151108 -0.009933589453448584 0.0813656502269655
v 0.19902523223151108 -0.009933589453448584 0.0813656502269655
v 0.19893619719310246 -0.010480252763715454 0.08136890034919018
v 0.1988423098595415 -0.011026659535579027 0.032200002292357414
v 0.1986403445179174 -0.012116371730281914 0.032200002292357414
v 0.1988423098595415 -0.011026659535579027 0.032200002292357414
v 0.1988423098595415 -0.011026659535579027 0.08137231068870764
v 0.1988423098595415 -0.011026659535579027 0.08137231068870764
v 0.1987437685950954 -0.0115716443789693 0.08137588887491275
v 0.1986403445179174 -0.012116371730281914 0.032200002292357414
v 0.19841938198300818 -0.013202393205205007 0.032200002292357414
v 0.1986403445179174 -0.012116371730281914 0.032200002292357414
v 0.1986403445179174 -0.012116371730281914 0.08137963490780552
v 0.1986403445179174 -0.012116371730281914 0.08137963490780552
v 0.19853231228622364 -0.01265951121378229 0.08138353352859616
v 0.19841938198300818 -0.013202393205205007 0.032200002292357414
v 0.19817951380755255 -0.014284393035344798 0.032200002292357414
v 0.19841938198300818 -0.013202393205205007 0.032200002292357414
v 0.19841938198300818 -0.013202393205205007 0.08138759999607446
v 0.19841938198300818 -0.013202393205205007 0.08138759999607446
v 0.19830187404285654 -0.013743674931048786 0.08139181905145064
v 0.19817951380755255 -0.014284393035344798 0.032200002292357414
v 0.19817951380755255 -0.014284393035344798 0.032200002292357414
v 0.19817951380755255 -0.014284393035344798 0.08139619069472469
v 0.19813610255060782 -0.014471129151086845 0.0813977394618881
v 0.19813610255060782 -0.014471129151086845 0.0813977394618881
v 0.19792080102670967 -0.015362041249372137 0.032200002292357414
v 0.19817951380755255 -0.014284393035344798 0.032200002292357414
v 0.19813610255060782 -0.014471129151086845 0.0813977394618881
v 0.19805242334741452 -0.014824148882209853 0.0814007225552915
v 0.19792080102670967 -0.015362041249372137 0.032200002292357414
v 0.19764330467563868 -0.016435009783306597 0.032200002292357414
v 0.19792080102670967 -0.015362041249372137 0.032200002292357414
v 0.19792080102670967 -0.015362041249372137 0.0814053993743613
v 0.19792080102670967 -0.015362041249372137 0.0814053993743613
v 0.1977843111520627 -0.015899454872004847 0.08141022878132896
v 0.19764330467563868 -0.016435009783306597 0.032200002292357414
v 0.19734713156586808 -0.017502972480516476 0.032200002292357414
v 0.19764330467563868 -0.016435009783306597 0.032200002292357414
v 0.19764330467563868 -0.016435009783306597 0.0814152031467996
v 0.19764330467563868 -0.016435009783306597 0.0814152031467996
v 0.19749776633864785 -0.016968905301218983 0.08142110829844727
v 0.19734713156586808 -0.017502972480516476 0.032200002292357414
v 0.19703237325013662 -0.018565604138044433 0.032200002292357414
v 0.19734713156586808 -0.017502972480516476 0.032200002292357414
v 0.19734713156586808 -0.017502972480516476 0.08142559438264473
v 0.19734713156586808 -0.017502972480516476 0.08142559438264473
v 0.19719199545010108 -0.01803521432708567 0.08143099599422941
v 0.19703237325013662 -0.018565604138044433 0.032200002292357414
v 0.1966991060223932 -0.019622580506607493 0.032200002292357414
v 0.19703237325013662 -0.018565604138044433 0.032200002292357414
v 0.19703237325013662 -0.018565604138044433 0.08143654256431708
v 0.19703237325013662 -0.018565604138044433 0.08143654256431708
v 0.19686797504896875 -0.019095015479108093 0.08144222646351283
v 0.1966991060223932 -0.019622580506607493 0.032200002292357414
v 0.19634745195295616 -0.020673579244271392 0.032200002292357414
v 0.1966991060223932 -0.019622580506607493 0.032200002292357414
v 0.1966991060223932 -0.019622580506607493 0.08144803243302688
v 0.1966991060223932 -0.019622580506607493 0.08144803243302688
v 0.19652552202977341 -0.020149001124872848 0.08145398336104391
v 0.19634745195295616 -0.020673579244271392 0.032200002292357414
v 0.1959775025945642 -0.021718279916450603 0.032200002292357414
v 0.19634745195295616 -0.020673579244271392 0.032200002292357414
v 0.19634745195295616 -0.020673579244271392 0.08146005635937924
v 0.19634745195295616 -0.020673579244271392 0.08146005635937924
v 0.19616471268646402 -0.021196850829794403 0.08146625905742776
v 0.1959775025945642 -0.021718279916450603 0.032200002292357414
v 0.19558938001753562 -0.02275636590325704 0.032200002292357414
v 0.1959775025945642 -0.021718279916450603 0.032200002292357414
v 0.1959775025945642 -0.021718279916450603 0.08147258382579457
v 0.1959775025945642 -0.021718279916450603 0.08147258382579457
v 0.19578528761961417 -0.02223924361001829 0.08147976308638948
v 0.19558938001753562 -0.02275636590325704 0.032200002292357414
v 0.19518319103339893 -0.023787520584802616 0.032200002292357414
v 0.19558938001753562 -0.02275636590325704 0.032200002292357414
v 0.19558938001753562 -0.02275636590325704 0.0814855919440882
v 0.19558938001753562 -0.02275636590325704 0.0814855919440882
v 0.1953885133087762 -0.02327286258611451 0.08149226766462013
v 0.19518319103339893 -0.023787520584802616 0.032200002292357414
v 0.19475907297126221 -0.02481142734119925 0.032200002292357414
v 0.19518319103339893 -0.023787520584802616 0.032200002292357414
v 0.19518319103339893 -0.023787520584802616 0.08149906545547035
v 0.19518319103339893 -0.023787520584802616 0.08149906545547035
v 0.1949733674150344 -0.024300393305085616 0.08150597005784908
v 0.19475907297126221 -0.02481142734119925 0.032200002292357414
v 0.19431714790144378 -0.025827777181953743 0.032200002292357414
v 0.19475907297126221 -0.02481142734119925 0.032200002292357414
v 0.19475907297126221 -0.02481142734119925 0.08151298147175633
v 0.19475907297126221 -0.02481142734119925 0.08151298147175633
v 0.19454035347845172 -0.025320523511009902 0.08152009206779719
v 0.19431714790144378 -0.025827777181953743 0.032200002292357414
v 0.19385756841184149 -0.026836261116572908 0.032200002292357414
v 0.19431714790144378 -0.025827777181953743 0.032200002292357414
v 0.19431714790144378 -0.025827777181953743 0.08152731710476145
v 0.19431714790144378 -0.025827777181953743 0.08152731710476145
v 0.19408959356934646 -0.02633294039869673 0.08153463369446444
v 0.19385756841184149 -0.026836261116572908 0.032200002292357414
v 0.19338044131398385 -0.027836568247214828 0.032200002292357414
v 0.19385756841184149 -0.026836261116572908 0.032200002292357414
v 0.19385756841184149 -0.026836261116572908 0.08154204946630104
v 0.19385756841184149 -0.026836261116572908 0.08154204946630104
v 0.1936212402756165 -0.027337336885001635 0.08154955679087637
v 0.19338044131398385 -0.027836568247214828 0.032200002292357414
v 0.19288593445455854 -0.028828397212781205 0.032200002292357414
v 0.19338044131398385 -0.027836568247214828 0.032200002292357414
v 0.19338044131398385 -0.027836568247214828 0.08155715566819043
v 0.19338044131398385 -0.027836568247214828 0.08155715566819043
v 0.19313543092636992 -0.028333405886780145 0.08156483846884831
v 0.19288593445455854 -0.028828397212781205 0.032200002292357414
v 0.19237418516267363 -0.02981144474482502 0.032200002292357414
v 0.19288593445455854 -0.028828397212781205 0.032200002292357414
v 0.19288593445455854 -0.028828397212781205 0.08157261282224491
v 0.19288593445455854 -0.028828397212781205 0.08157261282224491
v 0.1926323028507148 -0.029320846042933963 0.08158046346959046
v 0.19237418516267363 -0.02981144474482502 0.032200002292357414
v 0.1918453612850168 -0.030785413296945417 0.032200002292357414
v 0.19237418516267363 -0.02981144474482502 0.032200002292357414
v 0.19237418516267363 -0.02981144474482502 0.08158839804027983
v 0.19237418516267363 -0.02981144474482502 0.08158839804027983
v 0.19211202389533882 -0.03029935408501607 0.08159640890491814
v 0.1918453612850168 -0.030785413296945417 0.032200002292357414
v 0.19129963066827568 -0.0317500015080441 0.032200002292357414
v 0.1918453612850168 -0.030785413296945417 0.032200002292357414
v 0.1918453612850168 -0.030785413296945417 0.08160449606350538
v 0.1918453612850168 -0.030785413296945417 0.08160449606350538
v 0.19157474664813987 -0.031268634373974334 0.08161264425725177
v 0.19129963066827568 -0.0317500015080441 0.032200002292357414
v 0.19073714590034815 -0.03270491946111511 0.032200002292357414
v 0.19129963066827568 -0.0317500015080441 0.032200002292357414
v 0.19129963066827568 -0.0317500015080441 0.0816208687449471
v 0.19129963066827568 -0.0317500015080441 0.0816208687449471
v 0.19102063895580554 -0.03222839127075663 0.08162914663840669
v 0.19073714590034815 -0.03270491946111511 0.032200002292357414
v 0.19015807482792188 -0.033649873424455044 0.032200002292357414
v 0.19073714590034815 -0.03270491946111511 0.032200002292357414
v 0.19073714590034815 -0.03270491946111511 0.08163750082581521
v 0.19073714590034815 -0.03270491946111511 0.08163750082581521
v 0.19044986866502353 -0.0331783272289621 0.08164590078959309
v 0.19015807482792188 -0.033649873424455044 0.032200002292357414
v 0.1895626005564743 -0.03458458111045284 0.032200002292357414
v 0.19015807482792188 -0.033649873424455044 0.032200002292357414
v 0.19015807482792188 -0.033649873424455044 0.08165436941792502
v 0.19015807482792188 -0.033649873424455044 0.08165436941792502
v 0.18986216111757767 -0.03411885614326373 0.0816628838226263
v 0.1895626005564743 -0.03458458111045284 0.032200002292357414
v 0.1889509061914829 -0.03550875260210253 0.032200002292357414
v 0.1895626005564743 -0.03458458111045284 0.032200002292357414
v 0.1895626005564743 -0.03458458111045284 0.08167144400369696
v 0.1895626005564743 -0.03458458111045284 0.08167144400369696
v 0.18925856916996328 -0.03504829191739003 0.08168005759053186
v 0.1889509061914829 -0.03550875260210253 0.032200002292357414
v 0.18832317483842506 -0.036422105611793064 0.032200002292357414
v 0.1889509061914829 -0.03550875260210253 0.032200002292357414
v 0.1889509061914829 -0.03550875260210253 0.08168870932434123
v 0.1889509061914829 -0.03550875260210253 0.08168870932434123
v 0.18863884868154376 -0.035967050353362694 0.08169740683451997
v 0.18832317483842506 -0.036422105611793064 0.032200002292357414
v 0.18767958960277828 -0.03732436548130826 0.032200002292357414
v 0.18832317483842506 -0.036422105611793064 0.032200002292357414
v 0.18832317483842506 -0.036422105611793064 0.08170613486227828
v 0.18832317483842506 -0.036422105611793064 0.08170613486227828
v 0.18800319801658635 -0.03687485297826811 0.08171490866640595
v 0.18767958960277828 -0.03732436548130826 0.032200002292357414
v 0.18702036410759956 -0.038215257552431964 0.032200002292357414
v 0.18767958960277828 -0.03732436548130826 0.032200002292357414
v 0.18767958960277828 -0.03732436548130826 0.0817236977293234
v 0.18767958960277828 -0.03732436548130826 0.0817236977293234
v 0.1873518002805685 -0.03777142513389012 0.08173253256861022
v 0.18702036410759956 -0.038215257552431964 0.032200002292357414
v 0.18634569671715615 -0.039094507166947984 0.032200002292357414
v 0.18702036410759956 -0.038215257552431964 0.032200002292357414
v 0.18702036410759956 -0.038215257552431964 0.08174138266668683
v 0.18702036410759956 -0.038215257552431964 0.08174138266668683
v 0.18668415193342722 -0.03865739243060998 0.08175117880973025
v 0.18634569671715615 -0.039094507166947984 0.032200002292357414
v 0.18565578579571526 -0.03996184729603505 0.032200002292357414
v 0.18634569671715615 -0.039094507166947984 0.032200002292357414
v 0.18634569671715615 -0.039094507166947984 0.08175915915678898
v 0.18634569671715615 -0.039094507166947984 0.08175915915678898
v 0.18600225187662464 -0.03953017613295365 0.08176961142779325
v 0.18565578579571526 -0.03996184729603505 0.032200002292357414
v 0.18495084496633393 -0.04081701472556934 0.032200002292357414
v 0.18565578579571526 -0.03996184729603505 0.032200002292357414
v 0.18565578579571526 -0.03996184729603505 0.08177700431144518
v 0.18565578579571526 -0.03996184729603505 0.08177700431144518
v 0.1853051235476144 -0.04039103890577603 0.0817859535916554
v 0.18495084496633393 -0.04081701472556934 0.032200002292357414
v 0.1842310725932794 -0.04165975005612446 0.032200002292357414
v 0.18495084496633393 -0.04081701472556934 0.032200002292357414
v 0.18495057030811776 -0.040817342789549765 0.0817964821566086
v 0.18495057030811776 -0.040817342789549765 0.0817964821566086
v 0.18459276694639645 -0.041239992193169456 0.08180385978147074
v 0.1842310725932794 -0.04165975005612446 0.032200002292357414
v 0.18349671281718824 -0.042489793888274036 0.032200002292357414
v 0.1842310725932794 -0.04165975005612446 0.032200002292357414
v 0.1842310725932794 -0.04165975005612446 0.08181282432047075
v 0.1842310725932794 -0.04165975005612446 0.08181282432047075
v 0.1838657008718236 -0.04207637986717308 0.08182178885947076
v 0.18349671281718824 -0.042489793888274036 0.032200002292357414
v 0.1827479792611175 -0.04330689826668402 0.032200002292357414
v 0.18349671281718824 -0.042489793888274036 0.032200002292357414
v 0.18349671281718824 -0.042489793888274036 0.08183075339847078
v 0.18349671281718824 -0.042489793888274036 0.08183075339847078
v 0.18312415420574266 -0.04289995397245286 0.081839702678681
v 0.1827479792611175 -0.04330689826668402 0.032200002292357414
v 0.18198508554812418 -0.044110807606625474 0.032200002292357414
v 0.1827479792611175 -0.04330689826668402 0.032200002292357414
v 0.1827479792611175 -0.04330689826668402 0.08184865958828612
v 0.1827479792611175 -0.04330689826668402 0.08184865958828612
v 0.18236687572739105 -0.04371200006204837 0.081858852459864
v 0.18198508554812418 -0.044110807606625474 0.032200002292357414
v 0.18120829107763467 -0.04490128158215925 0.032200002292357414
v 0.18198508554812418 -0.044110807606625474 0.032200002292357414
v 0.18198508554812418 -0.044110807606625474 0.0818665200017321
v 0.18198508554812418 -0.044110807606625474 0.0818665200017321
v 0.1815985041088641 -0.04450765439671492 0.08187543113496785
v 0.18120829107763467 -0.04490128158215925 0.032200002292357414
v 0.18041782473149579 -0.045678079867346205 0.032200002292357414
v 0.18120829107763467 -0.04490128158215925 0.032200002292357414
v 0.18120829107763467 -0.04490128158215925 0.08188432700941382
v 0.18120829107763467 -0.04490128158215925 0.08188432700941382
v 0.1808148737005499 -0.04529129243442401 0.08189319999567511
v 0.18041782473149579 -0.045678079867346205 0.032200002292357414
v 0.1808148737005499 -0.04529129243442401 0.08189319999567511
v 0.1805259179983487 -0.04557344653107756 0.08189965446375512
v 0.18041782473149579 -0.045678079867346205 0.032200002292357414
v 0.17961391539155433 -0.04644096213624718 0.032200002292357414
v 0.18041782473149579 -0.045678079867346205 0.032200002292357414
v 0.18041782473149579 -0.045678079867346205 0.08190205772314661
v 0.18041782473149579 -0.045678079867346205 0.08190205772314661
v 0.18001767822811485 -0.04606113271146797 0.08191087730364364
v 0.17961391539155433 -0.04644096213624718 0.032200002292357414
v 0.1787968071984469 -0.047189699507015376 0.032200002292357414
v 0.17961391539155433 -0.04644096213624718 0.032200002292357414
v 0.17961391539155433 -0.04644096213624718 0.081919673995956
v 0.17961391539155433 -0.04644096213624718 0.081919673995956
v 0.1792071770909853 -0.046816946346000005 0.08192844017068877
v 0.1787968071984469 -0.047189699507015376 0.032200002292357414
v 0.17796675955159988 -0.04792405928310653 0.032200002292357414
v 0.1787968071984469 -0.047189699507015376 0.032200002292357414
v 0.1787968071984469 -0.047189699507015376 0.08193717582784198
v 0.1787968071984469 -0.047189699507015376 0.08193717582784198
v 0.17838359917100807 -0.04755850064147585 0.08194587333802071
v 0.17796675955159988 -0.04792405928310653 0.032200002292357414
v 0.17712403185043965 -0.04864382402676618 0.032200002292357414
v 0.17796675955159988 -0.04792405928310653 0.032200002292357414
v 0.17796743093835052 -0.04792348326379206 0.08195598228625477
v 0.17796743093835052 -0.04792348326379206 0.08195598228625477
v 0.17754721912639934 -0.0482855667160487 0.08196315391745478
v 0.17712403185043965 -0.04864382402676618 0.032200002292357414
v 0.17626885297681302 -0.049348772485542404 0.032200002292357414
v 0.17712403185043965 -0.04864382402676618 0.032200002292357414
v 0.17712403185043965 -0.04864382402676618 0.0819717369867101
v 0.17712403185043965 -0.04864382402676618 0.0819717369867101
v 0.17676801376712345 -0.04894086688755465 0.0819786949948531
v 0.17626885297681302 -0.049348772485542404 0.032200002292357414
v 0.17540151284772595 -0.05003868340698329 0.032200002292357414
v 0.17626885297681302 -0.049348772485542404 0.032200002292357414
v 0.17626885297681302 -0.049348772485542404 0.0819887505373229
v 0.17626885297681302 -0.049348772485542404 0.0819887505373229
v 0.17583654094456055 -0.04969574592121221 0.08199719627747014
v 0.17540151284772595 -0.05003868340698329 0.032200002292357414
v 0.17452227086260483 -0.0507133584268216 0.032200002292357414
v 0.17540151284772595 -0.05003868340698329 0.032200002292357414
v 0.17540151284772595 -0.05003868340698329 0.08200557335306334
v 0.17540151284772595 -0.05003868340698329 0.08200557335306334
v 0.1749630820407688 -0.050378160962170106 0.08201391228168207
v 0.17452227086260483 -0.0507133584268216 0.032200002292357414
v 0.17363138642087603 -0.05137258010730287 0.032200002292357414
v 0.17452227086260483 -0.0507133584268216 0.032200002292357414
v 0.17452227086260483 -0.0507133584268216 0.08202218254574677
v 0.17452227086260483 -0.0507133584268216 0.08202218254574677
v 0.17407801119794894 -0.051045103590283726 0.0820303994040472
v 0.17363138642087603 -0.05137258010730287 0.032200002292357414
v 0.17272911892196594 -0.05201615771355476 0.032200002292357414
v 0.17363138642087603 -0.05137258010730287 0.032200002292357414
v 0.17363138642087603 -0.05137258010730287 0.08203855522718849
v 0.17363138642087603 -0.05137258010730287 0.08203855522718849
v 0.1731814352276295 -0.051696497511604135 0.08204665001517063
v 0.17272911892196594 -0.05201615771355476 0.032200002292357414
v 0.1718157582828805 -0.05264388906661258 0.032200002292357414
v 0.17272911892196594 -0.05201615771355476 0.032200002292357414
v 0.17272911892196594 -0.05201615771355476 0.08205467613859872
v 0.17272911892196594 -0.05201615771355476 0.08205467613859872
v 0.17227361352923684 -0.052332148176561545 0.08206264122686767
v 0.1718157582828805 -0.05264388906661258 0.032200002292357414
v 0.1708915944206257 -0.053255583431604005 0.032200002292357414
v 0.1718157582828805 -0.05264388906661258 0.032200002292357414
v 0.1718157582828805 -0.05264388906661258 0.08207053002118768
v 0.1718157582828805 -0.05264388906661258 0.08207053002118768
v 0.17135485127856673 -0.05295185722088872 0.08207835015095365
v 0.1708915944206257 -0.053255583431604005 0.032200002292357414
v 0.16995688673462792 -0.053851057703051576 0.032200002292357414
v 0.1708915944206257 -0.053255583431604005 0.032200002292357414
v 0.1708915944206257 -0.053255583431604005 0.08208610161616557
v 0.1708915944206257 -0.053255583431604005 0.08208610161616557
v 0.17042636917880213 -0.053554835002214175 0.08209440239780984
v 0.16995688673462792 -0.053851057703051576 0.032200002292357414
v 0.16901194040068288 -0.0544301249607804 0.032200002292357414
v 0.16995688673462792 -0.053851057703051576 0.032200002292357414
v 0.16995688673462792 -0.053851057703051576 0.08210137566474261
v 0.16995688673462792 -0.053851057703051576 0.08210137566474261
v 0.169485588494469 -0.05414270658165025 0.08210889824810773
v 0.16901194040068288 -0.0544301249607804 0.032200002292357414
v 0.16805701481821697 -0.054992617358102826 0.032200002292357414
v 0.16901194040068288 -0.0544301249607804 0.032200002292357414
v 0.16901194040068288 -0.0544301249607804 0.08211633690812901
v 0.16901194040068288 -0.0544301249607804 0.08211633690812901
v 0.16853565253626354 -0.054713488316524596 0.08212369164480647
v 0.16805701481821697 -0.054992617358102826 0.032200002292357414
v 0.16709243042181574 -0.055538355604238844 0.032200002292357414
v 0.16805701481821697 -0.054992617358102826 0.032200002292357414
v 0.16805701481821697 -0.054992617358102826 0.0821309624581401
v 0.16805701481821697 -0.054992617358102826 0.0821309624581401
v 0.16757588991743508 -0.05526759982355637 0.08213815697752479
v 0.16709243042181574 -0.055538355604238844 0.032200002292357414
v 0.16611846186969534 -0.056067175667198245 0.032200002292357414
v 0.16709243042181574 -0.055538355604238844 0.032200002292357414
v 0.16709243042181574 -0.055538355604238844 0.08214525231477586
v 0.16709243042181574 -0.055538355604238844 0.08214525231477586
v 0.1666060870149266 -0.055805166987761314 0.08215216454654949
v 0.16611846186969534 -0.056067175667198245 0.032200002292357414
v 0.16513541433765153 -0.05657891732968826 0.032200002292357414
v 0.16611846186969534 -0.056067175667198245 0.032200002292357414
v 0.16611846186969534 -0.056067175667198245 0.08215918358985162
v 0.16611846186969534 -0.056067175667198245 0.08215918358985162
v 0.16562810540109216 -0.05632515984082879 0.08216601189828142
v 0.16513541433765153 -0.05657891732968826 0.032200002292357414
v 0.16414357774269026 -0.05707342418911358 0.032200002292357414
v 0.16513541433765153 -0.05657891732968826 0.032200002292357414
v 0.16513541433765153 -0.05657891732968826 0.08217274865397249
v 0.16513541433765153 -0.05657891732968826 0.08217274865397249
v 0.16469936390190118 -0.0567993191040728 0.08217859277046101
v 0.16414357774269026 -0.05707342418911358 0.032200002292357414
v 0.16314327251939706 -0.05755054747227376 0.032200002292357414
v 0.16414357774269026 -0.05707342418911358 0.032200002292357414
v 0.16414357774269026 -0.05707342418911358 0.08218593224834868
v 0.16414357774269026 -0.05707342418911358 0.08218593224834868
v 0.16364460005785728 -0.057314104895125374 0.0821923714576389
v 0.16314327251939706 -0.05755054747227376 0.032200002292357414
v 0.1621347885847779 -0.058010138405968394 0.032200002292357414
v 0.16314327251939706 -0.05755054747227376 0.032200002292357414
v 0.16314327251939706 -0.05755054747227376 0.0821987114847955
v 0.16314327251939706 -0.05755054747227376 0.0821987114847955
v 0.1626402054789011 -0.05778246581825023 0.08220495232981849
v 0.1621347885847779 -0.058010138405968394 0.032200002292357414
v 0.1611184463734183 -0.058452059661089385 0.032200002292357414
v 0.1621347885847779 -0.058010138405968394 0.032200002292357414
v 0.1621347885847779 -0.058010138405968394 0.08221109399270786
v 0.1621347885847779 -0.058010138405968394 0.08221109399270786
v 0.16169104771897477 -0.05820595064061077 0.08221628198123553
v 0.1611184463734183 -0.058452059661089385 0.032200002292357414
v 0.16009453580232422 -0.058876177723226106 0.032200002292357414
v 0.1611184463734183 -0.058452059661089385 0.032200002292357414
v 0.1611184463734183 -0.058452059661089385 0.08222304925450617
v 0.1611184463734183 -0.058452059661089385 0.08222304925450617
v 0.16060767364407977 -0.058666247293333064 0.08222887048281001
v 0.16009453580232422 -0.058876177723226106 0.032200002292357414
v 0.1590633773060812 -0.0592823590779679 0.032200002292357414
v 0.1600950240835974 -0.05887605183821036 0.082238338561873
v 0.15958013148101632 -0.05908140081646977 0.08224017724604236
v 0.1590633773060812 -0.0592823590779679 0.032200002292357414
v 0.16009453580232422 -0.058876177723226106 0.032200002292357414
v 0.1600950240835974 -0.05887605183821036 0.082238338561873
v 0.15802529131927476 -0.05967048546969393 0.032200002292357414
v 0.159022437973082 -0.05929823966343899 0.08224680719020493
v 0.15854552449828138 -0.059478560411749856 0.08225104913376578
v 0.15802529131927476 -0.05967048546969393 0.032200002292357414
v 0.1590633773060812 -0.0592823590779679 0.032200002292357414
v 0.159022437973082 -0.05929823966343899 0.08224680719020493
v 0.15698059827649044 -0.06004043101338845 0.032200002292357414
v 0.15802529131927476 -0.05967048546969393 0.032200002292357414
v 0.1580255964950705 -0.05967037102877053 0.08225767144853345
v 0.1580255964950705 -0.05967037102877053 0.08225767144853345
v 0.15750397476619324 -0.059857661229316725 0.08226146325779558
v 0.15698059827649044 -0.06004043101338845 0.032200002292357414
v 0.1559295880947342 -0.06039209271222039 0.032200002292357414
v 0.15698059827649044 -0.06004043101338845 0.032200002292357414
v 0.15698059827649044 -0.06004043101338845 0.08226649865842538
v 0.15698059827649044 -0.06004043101338845 0.08226649865842538
v 0.15645549754354168 -0.060218672751590804 0.08227141961813177
v 0.1559295880947342 -0.06039209271222039 0.032200002292357414
v 0.15487261172617114 -0.06072535612526635 0.032200002292357414
v 0.1559295880947342 -0.06039209271222039 0.032200002292357414
v 0.1559295880947342 -0.06039209271222039 0.08227621087812496
v 0.1559295880947342 -0.06039209271222039 0.08227621087812496
v 0.15533538030283897 -0.06058218671538999 0.08228272638136412
v 0.15487261172617114 -0.06072535612526635 0.032200002292357414
v 0.1538099896053868 -0.06104012207039271 0.032200002292357414
v 0.15487261172617114 -0.06072535612526635 0.032200002292357414
v 0.15487261172617114 -0.06072535612526635 0.08228545007534115
v 0.15487261172617114 -0.06072535612526635 0.08228545007534115
v 0.15434171265310323 -0.06088513854252357 0.08228989038316924
v 0.1538099896053868 -0.06104012207039271 0.032200002292357414
v 0.15274202690817693 -0.06133629136546585 0.032200002292357414
v 0.1538099896053868 -0.06104012207039271 0.032200002292357414
v 0.15380997434659702 -0.06104013351448505 0.08229671869159903
v 0.15380997434659702 -0.06104013351448505 0.08229671869159903
v 0.15327642024410612 -0.0611906042552746 0.08229839715847563
v 0.15274202690817693 -0.06133629136546585 0.032200002292357414
v 0.15166905932791683 -0.06161378008714195 0.032200002292357414
v 0.15274202690817693 -0.06133629136546585 0.032200002292357414
v 0.15274202690817693 -0.06133629136546585 0.08230246362595393
v 0.15274202690817693 -0.06133629136546585 0.08230246362595393
v 0.15220593984658135 -0.061477427541603055 0.08230640802311394
v 0.15166905932791683 -0.06161378008714195 0.032200002292357414
v 0.15059140729919204 -0.06187250049737973 0.032200002292357414
v 0.15166905932791683 -0.06161378008714195 0.032200002292357414
v 0.15166905932791683 -0.06161378008714195 0.08231023034995565
v 0.15166905932791683 -0.06161378008714195 0.08231023034995565
v 0.1511306376714838 -0.061745532107559994 0.08231391534768927
v 0.15059140729919204 -0.06187250049737973 0.032200002292357414
v 0.1495094065153779 -0.06211237630223025 0.032200002292357414
v 0.15059140729919204 -0.06187250049737973 0.032200002292357414
v 0.15059140729919204 -0.06187250049737973 0.08231747827510459
v 0.15059140729919204 -0.06187250049737973 0.08231747827510459
v 0.15005005595511986 -0.06199499424709436 0.08232140741347481
v 0.1495094065153779 -0.06211237630223025 0.032200002292357414
v 0.1484233926698497 -0.06233332739304713 0.032200002292357414
v 0.1495094065153779 -0.06211237630223025 0.032200002292357414
v 0.14950934548021874 -0.06211239156102004 0.08232618341467822
v 0.14950934548021874 -0.06211239156102004 0.08232618341467822
v 0.14896680395054315 -0.06222523794089167 0.0823274041178612
v 0.1484233926698497 -0.06233332739304713 0.032200002292357414
v 0.1484233926698497 -0.06233332739304713 0.032200002292357414
v 0.1484233926698497 -0.06233332739304713 0.08233044824642376
v 0.1478789285326609 -0.06243669424976343 0.08233336267527312
v 0.1478789285326609 -0.06243669424976343 0.08233336267527312
v 0.1473336709384032 -0.06253529654936867 0.032200002292357414
v 0.1484233926698497 -0.06233332739304713 0.032200002292357414
v 0.1473336709384032 -0.06253529654936867 0.032200002292357414
v 0.1473336709384032 -0.06253529654936867 0.0823361474044093
v 0.1467875435931276 -0.06262913810656028 0.08233880243383228
v 0.1467875435931276 -0.06262913810656028 0.08233880243383228
v 0.14624060753199328 -0.06271821129194337 0.032200002292357414
v 0.1473336709384032 -0.06253529654936867 0.032200002292357414
v 0.14624060753199328 -0.06271821129194337 0.032200002292357414
v 0.14624060753199328 -0.06271821129194337 0.08234132013414718
v 0.14569295430773896 -0.0628025046614256 0.08234370813474888
v 0.14569295430773896 -0.0628025046614256 0.08234370813474888
v 0.1451445076264157 -0.06288202584440188 0.032200002292357414
v 0.14624060753199328 -0.06271821129194337 0.032200002292357414
v 0.1451445076264157 -0.06288202584440188 0.032200002292357414
v 0.1451445076264157 -0.06288202584440188 0.0823459588062425
v 0.1445955116286601 -0.06295674050859516 0.08234807977802293
v 0.1445955116286601 -0.06295674050859516 0.08234807977802293
v 0.14404572217383557 -0.06302668298628249 0.032200002292357414
v 0.1451445076264157 -0.06288202584440188 0.032200002292357414
v 0.1445955116286601 -0.06295674050859516 0.08234807977802293
v 0.14412096326627652 -0.06301772607667737 0.08234980402126889
v 0.14404572217383557 -0.06302668298628249 0.032200002292357414
v 0.14404572217383557 -0.06302668298628249 0.032200002292357414
v 0.14412096326627652 -0.06301772607667737 0.08234980402126889
v 0.14344084848787905 -0.06309810938127662 0.08235228357460932
v 0.14344084848787905 -0.06309810938127662 0.08235228357460932
v 0.14294457160883842 -0.06315214457061073 0.032200002292357414
v 0.14404572217383557 -0.06302668298628249 0.032200002292357414
v 0.14294457160883842 -0.06315214457061073 0.032200002292357414
v 0.14294457160883842 -0.06315214457061073 0.0823536263481106
v 0.14235375126827596 -0.06321152415106783 0.08235546503227996
v 0.14235375126827596 -0.06321152415106783 0.08235546503227996
v 0.14184140688358934 -0.06325836482101725 0.032200002292357414
v 0.14294457160883842 -0.06315214457061073 0.032200002292357414
v 0.14184140688358934 -0.06325836482101725 0.032200002292357414
v 0.14184140688358934 -0.06325836482101725 0.08235664758848847
v 0.14128966430367204 -0.0633042136696305 0.08235827264960081
v 0.14128966430367204 -0.0633042136696305 0.08235827264960081
v 0.14073654843267389 -0.06334532084931736 0.032200002292357414
v 0.14184140688358934 -0.06325836482101725 0.032200002292357414
v 0.14073654843267389 -0.06334532084931736 0.032200002292357414
v 0.14073654843267389 -0.06334532084931736 0.082359119512434
v 0.14018385980778977 -0.0633815452162723 0.08236014948074465
v 0.14018385980778977 -0.0633815452162723 0.08236014948074465
v 0.13963034720825715 -0.06341297832323405 0.032200002292357414
v 0.14073654843267389 -0.06334532084931736 0.032200002292357414
v 0.13963034720825715 -0.06341297832323405 0.032200002292357414
v 0.13963034720825715 -0.06341297832323405 0.0823610497493421
v 0.13907762806579346 -0.06343952861746387 0.08236329279144082
v 0.13907762806579346 -0.06343952861746387 0.08236329279144082
v 0.13852313890371445 -0.06346132198397751 0.032200002292357414
v 0.13963034720825715 -0.06341297832323405 0.032200002292357414
v 0.13852313890371445 -0.06346132198397751 0.032200002292357414
v 0.13852313890371445 -0.06346132198397751 0.08236242304042295
v 0.13796959578660226 -0.06347823253775924 0.08236290369230125
v 0.13796959578660226 -0.06347823253775924 0.08236290369230125
v 0.13741524395363133 -0.06349033275806053 0.032200002292357414
v 0.13852313890371445 -0.06346132198397751 0.032200002292357414
v 0.13741524395363133 -0.06349033275806053 0.032200002292357414
v 0.13741524395363133 -0.06349033275806053 0.08236325464446635
v 0.13686153298983147 -0.06349758068320947 0.08236346063812848
v 0.13686153298983147 -0.06349758068320947 0.08236346063812848
v 0.1363070133101729 -0.0635000030160882 0.032200002292357414
v 0.13741524395363133 -0.06349033275806053 0.032200002292357414
v 0.13686153298983147 -0.06349758068320947 0.08236346063812848
v 0.1363070133101729 -0.0635000030160882 0.08236352930268252
v 0.1363070133101729 -0.0635000030160882 0.032200002292357414
v 0.13796959578660226 -0.06347823253775924 0.08236290369230125
v 0.13741524395363133 -0.06349033275806053 0.08236325464446635
v 0.13741524395363133 -0.06349033275806053 0.032200002292357414
v 0.13907762806579346 -0.06343952861746387 0.08236329279144082
v 0.13852313890371445 -0.06346132198397751 0.08236242304042295
v 0.13852313890371445 -0.06346132198397751 0.032200002292357414
v 0.14018385980778977 -0.0633815452162723 0.08236014948074465
v 0.13963034720825715 -0.06341297832323405 0.0823610497493421
v 0.13963034720825715 -0.06341297832323405 0.032200002292357414
v 0.14128966430367204 -0.0633042136696305 0.08235827264960081
v 0.14073654843267389 -0.06334532084931736 0.082359119512434
v 0.14073654843267389 -0.06334532084931736 0.032200002292357414
v 0.14235375126827596 -0.06321152415106783 0.08235546503227996
v 0.14184140688358934 -0.06325836482101725 0.08235664758848847
v 0.14184140688358934 -0.06325836482101725 0.032200002292357414
v 0.14344084848787905 -0.06309810938127662 0.08235228357460932
v 0.14294457160883842 -0.06315214457061073 0.0823536263481106
v 0.14294457160883842 -0.06315214457061073 0.032200002292357414
v 0.14569295430773896 -0.0628025046614256 0.08234370813474888
v 0.1451445076264157 -0.06288202584440188 0.0823459588062425
v 0.1451445076264157 -0.06288202584440188 0.032200002292357414
v 0.1467875435931276 -0.06262913810656028 0.08233880243383228
v 0.14624060753199328 -0.06271821129194337 0.08234132013414718
v 0.14624060753199328 -0.06271821129194337 0.032200002292357414
v 0.1478789285326609 -0.06243669424976343 0.08233336267527312
v 0.1473336709384032 -0.06253529654936867 0.0823361474044093
v 0.1473336709384032 -0.06253529654936867 0.032200002292357414
v 0.14896680395054315 -0.06222523794089167 0.0823274041178612
v 0.1484233926698497 -0.06233332739304713 0.08233044824642376
v 0.1484233926698497 -0.06233332739304713 0.032200002292357414
v 0.15005005595511986 -0.06199499424709436 0.08232140741347481
v 0.14950934548021874 -0.06211239156102004 0.08232618341467822
v 0.1495094065153779 -0.06211237630223025 0.032200002292357414
v 0.1511306376714838 -0.061745532107559994 0.08231391534768927
v 0.15059140729919204 -0.06187250049737973 0.08231747827510459
v 0.15059140729919204 -0.06187250049737973 0.032200002292357414
v 0.15220593984658135 -0.061477427541603055 0.08230640802311394
v 0.15166905932791683 -0.06161378008714195 0.08231023034995565
v 0.15166905932791683 -0.06161378008714195 0.032200002292357414
v 0.15327642024410612 -0.0611906042552746 0.08229839715847563
v 0.15274202690817693 -0.06133629136546585 0.08230246362595393
v 0.15274202690817693 -0.06133629136546585 0.032200002292357414
v 0.15434171265310323 -0.06088513854252357 0.08228989038316924
v 0.15380997434659702 -0.06104013351448505 0.08229671869159903
v 0.1538099896053868 -0.06104012207039271 0.032200002292357414
v 0.15533538030283897 -0.06058218671538999 0.08228272638136412
v 0.15487261172617114 -0.06072535612526635 0.08228545007534115
v 0.15487261172617114 -0.06072535612526635 0.032200002292357414
v 0.15645549754354168 -0.060218672751590804 0.08227141961813177
v 0.1559295880947342 -0.06039209271222039 0.08227621087812496
v 0.1559295880947342 -0.06039209271222039 0.032200002292357414
v 0.15750397476619324 -0.059857661229316725 0.08226146325779558
v 0.15698059827649044 -0.06004043101338845 0.08226649865842538
v 0.15698059827649044 -0.06004043101338845 0.032200002292357414
v 0.15854552449828138 -0.059478560411749856 0.08225104913376578
v 0.1580255964950705 -0.05967037102877053 0.08225767144853345
v 0.15802529131927476 -0.05967048546969393 0.032200002292357414
v 0.15958013148101632 -0.05908140081646977 0.08224017724604236
v 0.159022437973082 -0.05929823966343899 0.08224680719020493
v 0.1590633773060812 -0.0592823590779679 0.032200002292357414
v 0.16060767364407977 -0.058666247293333064 0.08222887048281001
v 0.1600950240835974 -0.05887605183821036 0.082238338561873
v 0.16009453580232422 -0.058876177723226106 0.032200002292357414
v 0.16169104771897477 -0.05820595064061077 0.08221628198123553
v 0.1611184463734183 -0.058452059661089385 0.08222304925450617
v 0.1611184463734183 -0.058452059661089385 0.032200002292357414
v 0.1626402054789011 -0.05778246581825023 0.08220495232981849
v 0.1621347885847779 -0.058010138405968394 0.08221109399270786
v 0.1621347885847779 -0.058010138405968394 0.032200002292357414
v 0.16364460005785728 -0.057314104895125374 0.0821923714576389
v 0.16314327251939706 -0.05755054747227376 0.0821987114847955
v 0.16314327251939706 -0.05755054747227376 0.032200002292357414
v 0.16469936390190118 -0.0567993191040728 0.08217859277046101
v 0.16414357774269026 -0.05707342418911358 0.08218593224834868
v 0.16414357774269026 -0.05707342418911358 0.032200002292357414
v 0.16562810540109216 -0.05632515984082879 0.08216601189828142
v 0.16513541433765153 -0.05657891732968826 0.08217274865397249
v 0.16513541433765153 -0.05657891732968826 0.032200002292357414
v 0.1666060870149266 -0.055805166987761314 0.08215216454654949
v 0.16611846186969534 -0.056067175667198245 0.08215918358985162
v 0.16611846186969534 -0.056067175667198245 0.032200002292357414
v 0.16757588991743508 -0.05526759982355637 0.08213815697752479
v 0.16709243042181574 -0.055538355604238844 0.08214525231477586
v 0.16709243042181574 -0.055538355604238844 0.032200002292357414
v 0.16853565253626354 -0.054713488316524596 0.08212369164480647
v 0.16805701481821697 -0.054992617358102826 0.0821309624581401
v 0.16805701481821697 -0.054992617358102826 0.032200002292357414
v 0.169485588494469 -0.05414270658165025 0.08210889824810773
v 0.16901194040068288 -0.0544301249607804 0.08211633690812901
v 0.16901194040068288 -0.0544301249607804 0.032200002292357414
v 0.17042636917880213 -0.053554835002214175 0.08209440239780984
v 0.16995688673462792 -0.053851057703051576 0.08210137566474261
v 0.16995688673462792 -0.053851057703051576 0.032200002292357414
v 0.17135485127856673 -0.05295185722088872 0.08207835015095365
v 0.1708915944206257 -0.053255583431604005 0.08208610161616557
v 0.1708915944206257 -0.053255583431604005 0.032200002292357414
v 0.17227361352923684 -0.052332148176561545 0.08206264122686767
v 0.1718157582828805 -0.05264388906661258 0.08207053002118768
v 0.1718157582828805 -0.05264388906661258 0.032200002292357414
v 0.1731814352276295 -0.051696497511604135 0.08204665001517063
v 0.17272911892196594 -0.05201615771355476 0.08205467613859872
v 0.17272911892196594 -0.05201615771355476 0.032200002292357414
v 0.17407801119794894 -0.051045103590283726 0.0820303994040472
v 0.17363138642087603 -0.05137258010730287 0.08203855522718849
v 0.17363138642087603 -0.05137258010730287 0.032200002292357414
v 0.1749630820407688 -0.050378160962170106 0.08201391228168207
v 0.17452227086260483 -0.0507133584268216 0.08202218254574677
v 0.17452227086260483 -0.0507133584268216 0.032200002292357414
v 0.17583654094456055 -0.04969574592121221 0.08199719627747014
v 0.17540151284772595 -0.05003868340698329 0.08200557335306334
v 0.17540151284772595 -0.05003868340698329 0.032200002292357414
v 0.17676801376712345 -0.04894086688755465 0.0819786949948531
v 0.17626885297681302 -0.049348772485542404 0.0819887505373229
v 0.17626885297681302 -0.049348772485542404 0.032200002292357414
v 0.17754721912639934 -0.0482855667160487 0.08196315391745478
v 0.17712403185043965 -0.04864382402676618 0.0819717369867101
v 0.17712403185043965 -0.04864382402676618 0.032200002292357414
v 0.17838359917100807 -0.04755850064147585 0.08194587333802071
v 0.17796743093835052 -0.04792348326379206 0.08195598228625477
v 0.17796675955159988 -0.04792405928310653 0.032200002292357414
v 0.1792071770909853 -0.046816946346000005 0.08192844017068877
v 0.1787968071984469 -0.047189699507015376 0.08193717582784198
v 0.1787968071984469 -0.047189699507015376 0.032200002292357414
v 0.18001767822811485 -0.04606113271146797 0.08191087730364364
v 0.17961391539155433 -0.04644096213624718 0.081919673995956
v 0.17961391539155433 -0.04644096213624718 0.032200002292357414
v 0.1805259179983487 -0.04557344653107756 0.08189965446375512
v 0.18041782473149579 -0.045678079867346205 0.08190205772314661
v 0.18041782473149579 -0.045678079867346205 0.032200002292357414
v 0.1815985041088641 -0.04450765439671492 0.08187543113496785
v 0.18120829107763467 -0.04490128158215925 0.08188432700941382
v 0.18120829107763467 -0.04490128158215925 0.032200002292357414
v 0.18236687572739105 -0.04371200006204837 0.081858852459864
v 0.18198508554812418 -0.044110807606625474 0.0818665200017321
v 0.18198508554812418 -0.044110807606625474 0.032200002292357414
v 0.18312415420574266 -0.04289995397245286 0.081839702678681
v 0.1827479792611175 -0.04330689826668402 0.08184865958828612
v 0.1827479792611175 -0.04330689826668402 0.032200002292357414
v 0.1838657008718236 -0.04207637986717308 0.08182178885947076
v 0.18349671281718824 -0.042489793888274036 0.08183075339847078
v 0.18349671281718824 -0.042489793888274036 0.032200002292357414
v 0.18459276694639645 -0.041239992193169456 0.08180385978147074
v 0.1842310725932794 -0.04165975005612446 0.08181282432047075
v 0.1842310725932794 -0.04165975005612446 0.032200002292357414
v 0.1853051235476144 -0.04039103890577603 0.0817859535916554
v 0.18495057030811776 -0.040817342789549765 0.0817964821566086
v 0.18495084496633393 -0.04081701472556934 0.032200002292357414
v 0.18600225187662464 -0.03953017613295365 0.08176961142779325
v 0.18565578579571526 -0.03996184729603505 0.08177700431144518
v 0.18565578579571526 -0.03996184729603505 0.032200002292357414
v 0.18668415193342722 -0.03865739243060998 0.08175117880973025
v 0.18634569671715615 -0.039094507166947984 0.08175915915678898
v 0.18634569671715615 -0.039094507166947984 0.032200002292357414
v 0.1873518002805685 -0.03777142513389012 0.08173253256861022
v 0.18702036410759956 -0.038215257552431964 0.08174138266668683
v 0.18702036410759956 -0.038215257552431964 0.032200002292357414
v 0.18800319801658635 -0.03687485297826811 0.08171490866640595
v 0.18767958960277828 -0.03732436548130826 0.0817236977293234
v 0.18767958960277828 -0.03732436548130826 0.032200002292357414
v 0.18863884868154376 -0.035967050353362694 0.08169740683451997
v 0.18832317483842506 -0.036422105611793064 0.08170613486227828
v 0.18832317483842506 -0.036422105611793064 0.032200002292357414
v 0.18925856916996328 -0.03504829191739003 0.08168005759053186
v 0.1889509061914829 -0.03550875260210253 0.08168870932434123
v 0.1889509061914829 -0.03550875260210253 0.032200002292357414
v 0.18986216111757767 -0.03411885614326373 0.0816628838226263
v 0.1895626005564743 -0.03458458111045284 0.08167144400369696
v 0.1895626005564743 -0.03458458111045284 0.032200002292357414
v 0.19044986866502353 -0.0331783272289621 0.08164590078959309
v 0.19015807482792188 -0.033649873424455044 0.08165436941792502
v 0.19015807482792188 -0.033649873424455044 0.032200002292357414
v 0.19102063895580554 -0.03222839127075663 0.08162914663840669
v 0.19073714590034815 -0.03270491946111511 0.08163750082581521
v 0.19073714590034815 -0.03270491946111511 0.032200002292357414
v 0.19157474664813987 -0.031268634373974334 0.08161264425725177
v 0.19129963066827568 -0.0317500015080441 0.0816208687449471
v 0.19129963066827568 -0.0317500015080441 0.032200002292357414
v 0.19211202389533882 -0.03029935408501607 0.08159640890491814
v 0.1918453612850168 -0.030785413296945417 0.08160449606350538
v 0.1918453612850168 -0.030785413296945417 0.032200002292357414
v 0.1926323028507148 -0.029320846042933963 0.08158046346959046
v 0.19237418516267363 -0.02981144474482502 0.08158839804027983
v 0.19237418516267363 -0.02981144474482502 0.032200002292357414
v 0.19313543092636992 -0.028333405886780145 0.08156483846884831
v 0.19288593445455854 -0.028828397212781205 0.08157261282224491
v 0.19288593445455854 -0.028828397212781205 0.032200002292357414
v 0.1936212402756165 -0.027337336885001635 0.08154955679087637
v 0.19338044131398385 -0.027836568247214828 0.08155715566819043
v 0.19338044131398385 -0.027836568247214828 0.032200002292357414
v 0.19408959356934646 -0.02633294039869673 0.08153463369446444
v 0.19385756841184149 -0.026836261116572908 0.08154204946630104
v 0.19385756841184149 -0.026836261116572908 0.032200002292357414
v 0.19454035347845172 -0.025320523511009902 0.08152009206779719
v 0.19431714790144378 -0.025827777181953743 0.08152731710476145
v 0.19431714790144378 -0.025827777181953743 0.032200002292357414
v 0.1949733674150344 -0.024300393305085616 0.08150597005784908
v 0.19475907297126221 -0.02481142734119925 0.08151298147175633
v 0.19475907297126221 -0.02481142734119925 0.032200002292357414
v 0.1953885133087762 -0.02327286258611451 0.08149226766462013
v 0.19518319103339893 -0.023787520584802616 0.08149906545547035
v 0.19518319103339893 -0.023787520584802616 0.032200002292357414
v 0.19578528761961417 -0.02223924361001829 0.08147976308638948
v 0.19558938001753562 -0.02275636590325704 0.0814855919440882
v 0.19558938001753562 -0.02275636590325704 0.032200002292357414
v 0.19616471268646402 -0.021196850829794403 0.08146625905742776
v 0.1959775025945642 -0.021718279916450603 0.08147258382579457
v 0.1959775025945642 -0.021718279916450603 0.032200002292357414
v 0.19652552202977341 -0.020149001124872848 0.08145398336104391
v 0.19634745195295616 -0.020673579244271392 0.08146005635937924
v 0.19634745195295616 -0.020673579244271392 0.032200002292357414
v 0.19686797504896875 -0.019095015479108093 0.08144222646351283
v 0.1966991060223932 -0.019622580506607493 0.08144803243302688
v 0.1966991060223932 -0.019622580506607493 0.032200002292357414
v 0.19719199545010108 -0.01803521432708567 0.08143099599422941
v 0.19703237325013662 -0.018565604138044433 0.08143654256431708
v 0.19703237325013662 -0.018565604138044433 0.032200002292357414
v 0.19749776633864785 -0.016968905301218983 0.08142110829844727
v 0.19734713156586808 -0.017502972480516476 0.08142559438264473
v 0.19734713156586808 -0.017502972480516476 0.032200002292357414
v 0.1977843111520627 -0.015899454872004847 0.08141022878132896
v 0.19764330467563868 -0.016435009783306597 0.0814152031467996
v 0.19764330467563868 -0.016435009783306597 0.032200002292357414
v 0.19805242334741452 -0.014824148882209853 0.0814007225552915
v 0.19792080102670967 -0.015362041249372137 0.0814053993743613
v 0.19792080102670967 -0.015362041249372137 0.032200002292357414
v 0.19830187404285654 -0.013743674931048786 0.08139181905145064
v 0.19817951380755255 -0.014284393035344798 0.08139619069472469
v 0.19817951380755255 -0.014284393035344798 0.032200002292357414
v 0.19853231228622364 -0.01265951121378229 0.08138353352859616
v 0.19841938198300818 -0.013202393205205007 0.08138759999607446
v 0.19841938198300818 -0.013202393205205007 0.032200002292357414
v 0.1987437685950954 -0.0115716443789693 0.08137588887491275
v 0.1986403445179174 -0.012116371730281914 0.08137963490780552
v 0.1986403445179174 -0.012116371730281914 0.032200002292357414
v 0.19893619719310246 -0.010480252763715454 0.08136890034919018
v 0.1988423098595415 -0.011026659535579027 0.08137231068870764
v 0.1988423098595415 -0.011026659535579027 0.032200002292357414
v 0.19910955230387545 -0.009385669200372988 0.08136256795142847
v 0.19902523223151108 -0.009933589453448584 0.0813656502269655
v 0.19902523223151108 -0.009933589453448584 0.032200002292357414
v 0.199263788151045 -0.008288226521294134 0.0813569069404174
v 0.1991887454228713 -0.008839497032402393 0.08136163716525145
v 0.19918903533987725 -0.008837492408894093 0.032200002292357414
v 0.199398843699452 -0.007188258989342671 0.08135193257494676
v 0.1993337039258502 -0.007738703618453696 0.08135433583433825
v 0.1993337039258502 -0.007738703618453696 0.032200002292357414
v 0.19951468843151682 -0.006086101821056737 0.08134766011380633
v 0.199459161695481 -0.006637557821828348 0.08134971242103271
v 0.199459161695481 -0.006637557821828348 0.032200002292357414
v 0.19961127657087013 -0.004982091186648833 0.08134408192760122
v 0.19956537813119007 -0.005534389758719008 0.0813457832826625
v 0.19956537813119007 -0.005534389758719008 0.032200002292357414
v 0.19968857759993236 -0.0038765627794942773 0.08134120564572632
v 0.19965233797418763 -0.004429536076175358 0.08134255604862249
v 0.19965233797418763 -0.004429536076175358 0.032200002292357414
v 0.1997465762599137 -0.002769853723479933 0.08133904652697142
v 0.19971999544810431 -0.003323333421247079 0.0813400383483076
v 0.19971999544810431 -0.003323333421247079 0.032200002292357414
v 0.1997852572920244 -0.0016623009040740721 0.08133761220073142
v 0.19976833529415033 -0.0022161182025652606 0.0813382378111127
v 0.19976833529415033 -0.0022161182025652606 0.032200002292357414
v 0.19980460543747464 -0.0005542419816053846 0.08133688740821653
v 0.1997973422535359 -0.0011082279016446518 0.0813371544370378
v 0.1997973422535359 -0.0011082279016446518 0.032200002292357414
v 0.19980460543747464 0.000553985800829972 0.08133688740821653
v 0.19980701632626102 0.0 0.0813367958554778
v 0.19980701632626102 0.0 0.032200002292357414
v 0.1997852572920244 0.0016620447232986596 0.08133761220073142
v 0.1997973422535359 0.0011082279016446518 0.0813371544370378
v 0.1997973422535359 0.0011082279016446518 0.032200002292357414
v 0.1997465915187035 0.002769597185076635 0.08133904652697142
v 0.19976833529415033 0.0022161182025652606 0.0813382378111127
v 0.19976833529415033 0.0022161182025652606 0.032200002292357414
v 0.19968859285872215 0.0038763060026723887 0.08134120564572632
v 0.19971999544810431 0.003323333421247079 0.0813400383483076
v 0.19971999544810431 0.003323333421247079 0.032200002292357414
v 0.19961129182965992 0.004981834171408354 0.08134407429820632
v 0.19965233797418763 0.004429536076175358 0.08134255604862249
v 0.19965233797418763 0.004429536076175358 0.032200002292357414
v 0.1995147036903066 0.0060858443289790775 0.08134765248441143
v 0.19956537813119007 0.005534389758719008 0.0813457832826625
v 0.19956537813119007 0.005534389758719008 0.032200002292357414
v 0.199398843699452 0.007188217981345117 0.08135193257494676
v 0.199459161695481 0.006637557821828348 0.08134971242103271
v 0.199459161695481 0.006637557821828348 0.032200002292357414
v 0.19926371185709607 0.008288785374470092 0.0813569145698123
v 0.1993337039258502 0.007738703618453696 0.08135433583433825
v 0.1993337039258502 0.007738703618453696 0.032200002292357414
v 0.1991093844571878 0.009386909930717564 0.08136319356180975
v 0.19918891326955895 0.008838275375545051 0.08136178975314932
v 0.19918903533987725 0.008837492408894093 0.032200002292357414
v 0.19902523223151108 0.009933589453448584 0.0813656502269655
v 0.19902523223151108 0.009933589453448584 0.032200002292357414
v 0.1988423098595415 0.011026659535579027 0.032200002292357414
v 0.1988423098595415 0.011026659535579027 0.08137231068870764
v 0.1988423098595415 0.011026659535579027 0.032200002292357414
v 0.1986403445179174 0.012116371730281914 0.032200002292357414
v 0.1986403445179174 0.012116371730281914 0.08137963490780552
v 0.1986403445179174 0.012116371730281914 0.032200002292357414
v 0.19841938198300818 0.013202393205205007 0.032200002292357414
v 0.19841938198300818 0.013202393205205007 0.08138759999607446
v 0.19841938198300818 0.013202393205205007 0.032200002292357414
v 0.19817951380755255 0.014284393035344798 0.032200002292357414
v 0.19817951380755255 0.014284393035344798 0.08139619069472469
v 0.19817951380755255 0.014284393035344798 0.032200002292357414
v 0.19792080102670967 0.015362041249372137 0.032200002292357414
v 0.19792553125154372 0.015343670620142646 0.08140530019222768
v 0.19792080102670967 0.015362041249372137 0.032200002292357414
v 0.19764330467563868 0.016435009783306597 0.032200002292357414
v 0.19764330467563868 0.016435009783306597 0.0814152031467996
v 0.19764330467563868 0.016435009783306597 0.032200002292357414
v 0.19734713156586808 0.017502972480516476 0.032200002292357414
v 0.19734713156586808 0.017502972480516476 0.08142559438264473
v 0.19734713156586808 0.017502972480516476 0.032200002292357414
v 0.19703237325013662 0.018565604138044433 0.032200002292357414
v 0.19703237325013662 0.018565604138044433 0.08143654256431708
v 0.19703237325013662 0.018565604138044433 0.032200002292357414
v 0.1966991060223932 0.019622580506607493 0.032200002292357414
v 0.1966991060223932 0.019622580506607493 0.08144803243302688
v 0.1966991060223932 0.019622580506607493 0.032200002292357414
v 0.19634745195295616 0.020673579244271392 0.032200002292357414
v 0.19634745195295616 0.020673579244271392 0.08146005635937924
v 0.19634745195295616 0.020673579244271392 0.032200002292357414
v 0.1959775025945642 0.021718279916450603 0.032200002292357414
v 0.1959775025945642 0.021718279916450603 0.08147258382579457
v 0.1959775025945642 0.021718279916450603 0.032200002292357414
v 0.19558938001753562 0.02275636590325704 0.032200002292357414
v 0.19558938001753562 0.02275636590325704 0.0814855919440882
v 0.19558938001753562 0.02275636590325704 0.032200002292357414
v 0.19518319103339893 0.023787520584802616 0.032200002292357414
v 0.19518338939766616 0.0237870303961807 0.08150065236960823
v 0.19518319103339893 0.023787520584802616 0.032200002292357414
v 0.19475907297126221 0.02481142734119925 0.032200002292357414
v 0.19475907297126221 0.02481142734119925 0.08151298147175633
v 0.19475907297126221 0.02481142734119925 0.032200002292357414
v 0.19431714790144378 0.025827777181953743 0.032200002292357414
v 0.19431714790144378 0.025827777181953743 0.08152731710476145
v 0.19431714790144378 0.025827777181953743 0.032200002292357414
v 0.19385756841184149 0.026836261116572908 0.032200002292357414
v 0.19385756841184149 0.026836261116572908 0.08154204946630104
v 0.19385756841184149 0.026836261116572908 0.032200002292357414
v 0.19338044131398385 0.027836568247214828 0.032200002292357414
v 0.19338044131398385 0.027836568247214828 0.08155715566819043
v 0.19338044131398385 0.027836568247214828 0.032200002292357414
v 0.19288593445455854 0.028828397212781205 0.032200002292357414
v 0.19288593445455854 0.028828397212781205 0.08157261282224491
v 0.19288593445455854 0.028828397212781205 0.032200002292357414
v 0.19237418516267363 0.02981144474482502 0.032200002292357414
v 0.19237418516267363 0.02981144474482502 0.08158839804027983
v 0.19237418516267363 0.02981144474482502 0.032200002292357414
v 0.1918453612850168 0.030785413296945417 0.032200002292357414
v 0.1918453612850168 0.030785413296945417 0.08160449606350538
v 0.1918453612850168 0.030785413296945417 0.032200002292357414
v 0.19129963066827568 0.0317500015080441 0.032200002292357414
v 0.19129963066827568 0.0317500015080441 0.0816208687449471
v 0.19129963066827568 0.0317500015080441 0.032200002292357414
v 0.19073714590034815 0.03270491946111511 0.032200002292357414
v 0.19073714590034815 0.03270491946111511 0.08163750082581521
v 0.19073714590034815 0.03270491946111511 0.032200002292357414
v 0.19015807482792188 0.033649873424455044 0.032200002292357414
v 0.19015807482792188 0.033649873424455044 0.08165436941792502
v 0.19015807482792188 0.033649873424455044 0.032200002292357414
v 0.1895626005564743 0.03458458111045284 0.032200002292357414
v 0.1895626005564743 0.03458458111045284 0.08167144400369696
v 0.1895626005564743 0.03458458111045284 0.032200002292357414
v 0.1889509061914829 0.03550875260210253 0.032200002292357414
v 0.1889509061914829 0.03550875260210253 0.08168870932434123
v 0.1889509061914829 0.03550875260210253 0.032200002292357414
v 0.18832317483842506 0.036422105611793064 0.032200002292357414
v 0.18832317483842506 0.036422105611793064 0.08170613486227828
v 0.18832317483842506 0.036422105611793064 0.032200002292357414
v 0.18767958960277828 0.03732436548130826 0.032200002292357414
v 0.18767958960277828 0.03732436548130826 0.0817236977293234
v 0.18767958960277828 0.03732436548130826 0.032200002292357414
v 0.18702036410759956 0.038215257552431964 0.032200002292357414
v 0.18702036410759956 0.038215257552431964 0.08174138266668683
v 0.18702036410759956 0.038215257552431964 0.032200002292357414
v 0.18634569671715615 0.039094507166947984 0.032200002292357414
v 0.18634569671715615 0.039094507166947984 0.08175915915678898
v 0.18634569671715615 0.039094507166947984 0.032200002292357414
v 0.18565578579571526 0.03996184729603505 0.032200002292357414
v 0.18565578579571526 0.03996184729603505 0.08177700431144518
v 0.18565578579571526 0.03996184729603505 0.032200002292357414
v 0.18495084496633393 0.04081701472556934 0.032200002292357414
v 0.18495084496633393 0.04081701472556934 0.08179490287186562
v 0.18495084496633393 0.04081701472556934 0.032200002292357414
v 0.1842310725932794 0.04165975005612446 0.032200002292357414
v 0.1842310725932794 0.04165975005612446 0.08181282432047075
v 0.1842310725932794 0.04165975005612446 0.032200002292357414
v 0.18349671281718824 0.042489793888274036 0.032200002292357414
v 0.18349671281718824 0.042489793888274036 0.08183075339847078
v 0.18349671281718824 0.042489793888274036 0.032200002292357414
v 0.1827479792611175 0.04330689826668402 0.032200002292357414
v 0.1827479792611175 0.04330689826668402 0.08184865958828612
v 0.1827479792611175 0.04330689826668402 0.032200002292357414
v 0.18198508554812418 0.044110807606625474 0.032200002292357414
v 0.18198508554812418 0.044110807606625474 0.0818665200017321
v 0.18198508554812418 0.044110807606625474 0.032200002292357414
v 0.18120829107763467 0.04490128158215925 0.032200002292357414
v 0.18120829107763467 0.04490128158215925 0.08188432700941382
v 0.18120829107763467 0.04490128158215925 0.032200002292357414
v 0.18041782473149579 0.045678079867346205 0.032200002292357414
v 0.18041782473149579 0.045678079867346205 0.08190205772314661
v 0.18041782473149579 0.045678079867346205 0.032200002292357414
v 0.17961391539155433 0.04644096213624718 0.032200002292357414
v 0.17961391539155433 0.04644096213624718 0.081919673995956
v 0.17961391539155433 0.04644096213624718 0.032200002292357414
v 0.1787968071984469 0.047189699507015376 0.032200002292357414
v 0.1787968071984469 0.047189699507015376 0.08193717582784198
v 0.1787968071984469 0.047189699507015376 0.032200002292357414
v 0.17796675955159988 0.04792405928310653 0.032200002292357414
v 0.17796675955159988 0.04792405546840908 0.081956180650522
v 0.17796675955159988 0.04792405928310653 0.032200002292357414
v 0.17712403185043965 0.04864382402676618 0.032200002292357414
v 0.17712319261700135 0.04864453356049129 0.0819717522454999
v 0.17712403185043965 0.04864382402676618 0.032200002292357414
v 0.17626885297681302 0.049348772485542404 0.032200002292357414
v 0.17626885297681302 0.049348772485542404 0.0819887505373229
v 0.17626885297681302 0.049348772485542404 0.032200002292357414
v 0.17540151284772595 0.05003868340698329 0.032200002292357414
v 0.17540151284772595 0.05003868340698329 0.08200557335306334
v 0.17540151284772595 0.05003868340698329 0.032200002292357414
v 0.17452227086260483 0.0507133584268216 0.032200002292357414
v 0.17452227086260483 0.0507133584268216 0.08202218254574677
v 0.17452227086260483 0.0507133584268216 0.032200002292357414
v 0.17363138642087603 0.05137258010730287 0.032200002292357414
v 0.17363138642087603 0.05137258010730287 0.08203855522718849
v 0.17363138642087603 0.05137258010730287 0.032200002292357414
v 0.17272911892196594 0.05201615771355476 0.032200002292357414
v 0.17272911892196594 0.05201615771355476 0.08205467613859872
v 0.17272911892196594 0.05201615771355476 0.032200002292357414
v 0.1718157582828805 0.05264388906661258 0.032200002292357414
v 0.1718157582828805 0.05264388906661258 0.08207053002118768
v 0.1718157582828805 0.05264388906661258 0.032200002292357414
v 0.1708915944206257 0.053255583431604005 0.032200002292357414
v 0.1708915944206257 0.053255583431604005 0.08208610161616557
v 0.1708915944206257 0.053255583431604005 0.032200002292357414
v 0.16995688673462792 0.053851057703051576 0.032200002292357414
v 0.16995688673462792 0.053851057703051576 0.08210137566474261
v 0.16995688673462792 0.053851057703051576 0.032200002292357414
v 0.16901194040068288 0.0544301249607804 0.032200002292357414
v 0.16901194040068288 0.0544301249607804 0.08211633690812901
v 0.16901194040068288 0.0544301249607804 0.032200002292357414
v 0.16805701481821697 0.054992617358102826 0.032200002292357414
v 0.16805701481821697 0.054992617358102826 0.0821309624581401
v 0.16805701481821697 0.054992617358102826 0.032200002292357414
v 0.16709243042181574 0.055538355604238844 0.032200002292357414
v 0.16709243042181574 0.055538355604238844 0.08214525231477586
v 0.16709243042181574 0.055538355604238844 0.032200002292357414
v 0.16611846186969534 0.056067175667198245 0.032200002292357414
v 0.16611846186969534 0.056067175667198245 0.08215918358985162
v 0.16611846186969534 0.056067175667198245 0.032200002292357414
v 0.16513541433765153 0.05657891732968826 0.032200002292357414
v 0.16513541433765153 0.05657891732968826 0.08217274865397249
v 0.16513541433765153 0.05657891732968826 0.032200002292357414
v 0.16414357774269026 0.05707342418911358 0.032200002292357414
v 0.16414357774269026 0.05707342418911358 0.08218593224834868
v 0.16414357774269026 0.05707342418911358 0.032200002292357414
v 0.16314327251939706 0.05755054747227376 0.032200002292357414
v 0.16314327251939706 0.05755054747227376 0.0821987114847955
v 0.16314327251939706 0.05755054747227376 0.032200002292357414
v 0.1621347885847779 0.058010138405968394 0.032200002292357414
v 0.1621347885847779 0.058010138405968394 0.08221109399270786
v 0.1621347885847779 0.058010138405968394 0.032200002292357414
v 0.1611184463734183 0.058452059661089385 0.032200002292357414
v 0.1611184463734183 0.058452059661089385 0.08222304925450617
v 0.1611184463734183 0.058452059661089385 0.032200002292357414
v 0.16009453580232422 0.058876177723226106 0.032200002292357414
v 0.16009494778964847 0.058876082355789935 0.08223452386442619
v 0.16009453580232422 0.058876177723226106 0.032200002292357414
v 0.1590633773060812 0.0592823590779679 0.032200002292357414
v 0.15802529131927476 0.05967048546969393 0.08225631341624239
v 0.15802529131927476 0.05967048546969393 0.032200002292357414
v 0.15698059827649044 0.06004043101338845 0.032200002292357414
v 0.15698059827649044 0.06004043101338845 0.08226649865842538
v 0.15698059827649044 0.06004043101338845 0.032200002292357414
v 0.1559295880947342 0.06039209271222039 0.032200002292357414
v 0.1559295880947342 0.06039209271222039 0.08227621087812496
v 0.1559295880947342 0.06039209271222039 0.032200002292357414
v 0.15487261172617114 0.06072535612526635 0.032200002292357414
v 0.15487261172617114 0.06072535612526635 0.08228545007534115
v 0.15487261172617114 0.06072535612526635 0.032200002292357414
v 0.1538099896053868 0.06104012207039271 0.032200002292357414
v 0.15380997434659702 0.06104012207039271 0.08229623041032584
v 0.1538099896053868 0.06104012207039271 0.032200002292357414
v 0.15274202690817693 0.06133629136546585 0.032200002292357414
v 0.15274202690817693 0.06133629136546585 0.08230246362595393
v 0.15274202690817693 0.06133629136546585 0.032200002292357414
v 0.15166905932791683 0.06161378008714195 0.032200002292357414
v 0.15166905932791683 0.06161378008714195 0.08231023034995565
v 0.15166905932791683 0.06161378008714195 0.032200002292357414
v 0.15059140729919204 0.06187250049737973 0.032200002292357414
v 0.15059140729919204 0.06187250049737973 0.08231747827510459
v 0.15059140729919204 0.06187250049737973 0.032200002292357414
v 0.1495094065153779 0.06211237630223025 0.032200002292357414
v 0.1495094065153779 0.06211237630223025 0.08232422266019056
v 0.1495094065153779 0.06211237630223025 0.032200002292357414
v 0.1484233926698497 0.06233332739304713 0.032200002292357414
v 0.1478791879320873 0.06243664847339407 0.08233336267527312
v 0.1484233926698497 0.06233332739304713 0.08233044824642376
v 0.1484233926698497 0.06233332739304713 0.032200002292357414
v 0.14678780299255398 0.06262909614488836 0.08233880243383228
v 0.1473336709384032 0.06253529654936867 0.0823361474044093
v 0.1473336709384032 0.06253529654936867 0.032200002292357414
v 0.14569321370716534 0.06280246651445114 0.08234370813474888
v 0.14624060753199328 0.06271821129194337 0.08234132013414718
v 0.14624060753199328 0.06271821129194337 0.032200002292357414
v 0.1445957710280865 0.06295670617631814 0.08234807977802293
v 0.1451445076264157 0.06288202584440188 0.0823459588062425
v 0.1451445076264157 0.06288202584440188 0.032200002292357414
v 0.14338291086305685 0.06310443414964344 0.08235226831581953
v 0.1441216956881863 0.06301764215333354 0.08234980402126889
v 0.14404572217383557 0.06302668298628249 0.032200002292357414
v 0.14233483036893976 0.06321322932082656 0.08235536585014634
v 0.14294457160883842 0.06315214457061073 0.0823536263481106
v 0.14294457160883842 0.06315214457061073 0.032200002292357414
v 0.14128882507023374 0.0633042785194871 0.08235827264960081
v 0.14184140688358934 0.06325836482101725 0.08235664758848847
v 0.14184140688358934 0.06325836482101725 0.032200002292357414
v 0.14018356989078382 0.06338156428975954 0.08236014948074465
v 0.14073654843267389 0.06334532084931736 0.082359119512434
v 0.14073654843267389 0.06334532084931736 0.032200002292357414
v 0.1390767583147756 0.06343956676443833 0.08236282739835231
v 0.13963034720825715 0.06341297832323405 0.0823610497493421
v 0.13963034720825715 0.06341297832323405 0.032200002292357414
v 0.13796932112838609 0.06347824016715413 0.08236290369230125
v 0.13852313890371445 0.06346132198397751 0.08236242304042295
v 0.13852313890371445 0.06346132198397751 0.032200002292357414
v 0.1368612583316153 0.06349758449790692 0.08236346063812848
v 0.13741524395363133 0.06349033275806053 0.08236325464446635
v 0.13741524395363133 0.06349033275806053 0.032200002292357414
v 0.19666474322779232 0.01046196987252724 0.08315803922811503
v 0.19918891326955895 0.008838275375545051 0.08136178975314932
v 0.1991093844571878 0.009386909930717564 0.08136319356180975
v 0.1965444429291096 -0.0017736642011039621 0.08389435975869385
v 0.19846106899670696 -0.0034560548516537914 0.08235299310833442
v 0.1981805514052581 0.0008101722386840571 0.08265011226307183
v 0.19537598584236088 0.006662667114097636 0.08452431126566572
v 0.1977391603930822 0.006892323821325323 0.08270544063484041
v 0.19666474322779232 0.01046196987252724 0.08315803922811503
v 0.1947436615935771 -0.005709659370773116 0.08504853461820171
v 0.1975844972997986 -0.008149870305921297 0.08271236812540382
v 0.19727190573221692 -0.005118418936654327 0.08319791044582912
v 0.19633835771424296 0.003528840471031943 0.08399661653845313
v 0.1965444429291096 -0.0017736642011039621 0.08389435975869385
v 0.1981805514052581 0.0008101722386840571 0.08265011226307183
v 0.19633835771424296 0.003528840471031943 0.08399661653845313
v 0.19814406763887676 0.003959168622193479 0.0825823861246011
v 0.1977391603930822 0.006892323821325323 0.08270544063484041
v 0.1950865113413069 -0.014344718660768705 0.08375857178837708
v 0.19640050676504645 -0.016198441321142464 0.08243086634201367
v 0.19701920491455022 -0.01401756543935818 0.08234914789330804
v 0.1950865113413069 -0.014344718660768705 0.08375857178837708
v 0.19701920491455022 -0.01401756543935818 0.08234914789330804
v 0.19664318255782293 -0.011449869699723399 0.08304876340505361
v 0.1937881104007299 -0.01763454711750324 0.08407339876866259
v 0.19528249523733437 -0.01930990120098454 0.08260962306437135
v 0.19640050676504645 -0.016198441321142464 0.08243086634201367
v 0.1934653717379397 -0.015945569795765013 0.08464873906698588
v 0.19640050676504645 -0.016198441321142464 0.08243086634201367
v 0.1950865113413069 -0.014344718660768705 0.08375857178837708
v 0.1947436615935771 -0.005709659370773116 0.08504853461820171
v 0.19727190573221692 -0.005118418936654327 0.08319791044582912
v 0.1965444429291096 -0.0017736642011039621 0.08389435975869385
v 0.1930011535762421 -0.009356768098841568 0.08594205120116881
v 0.19470327157701023 -0.010660530596680047 0.08459194585139772
v 0.1947436615935771 -0.005709659370773116 0.08504853461820171
v 0.1947436615935771 -0.005709659370773116 0.08504853461820171
v 0.1965444429291096 -0.0017736642011039621 0.08389435975869385
v 0.1941830383980036 -0.0004859298698440404 0.08562945200419224
v 0.1930056854368089 0.01099278883694877 0.08575737406837368
v 0.19537598584236088 0.006662667114097636 0.08452431126566572
v 0.19666474322779232 0.01046196987252724 0.08315803922811503
v 0.19225242002017134 -0.022660493019675 0.08395287721752796
v 0.19433370368836295 -0.021954741567086225 0.08264799892068629
v 0.19528249523733437 -0.01930990120098454 0.08260962306437135
v 0.1920662017496077 -0.012904886858676754 0.08612263134890606
v 0.1950865113413069 -0.014344718660768705 0.08375857178837708
v 0.19470327157701023 -0.010660530596680047 0.08459194585139772
v 0.19238622434781577 0.017739613421932098 0.08504889319976171
v 0.19567362379595105 0.013792190253177359 0.08342537322518771
v 0.1955070283290538 0.016704914886458432 0.08301343930669612
v 0.19238622434781577 0.017739613421932098 0.08504889319976171
v 0.1955070283290538 0.016704914886458432 0.08301343930669612
v 0.19479184885172524 0.019749222739795527 0.08287048733457424
v 0.19225242002017134 -0.022660493019675 0.08395287721752796
v 0.1935972992344403 -0.02434975930474483 0.08251428614578059
v 0.19433370368836295 -0.021954741567086225 0.08264799892068629
v 0.19058323048776413 -0.008509152816577608 0.0876536906867642
v 0.1930011535762421 -0.009356768098841568 0.08594205120116881
v 0.19189040523246878 -0.005135209327466476 0.08705794938649535
v 0.19189040523246878 -0.005135209327466476 0.08705794938649535
v 0.1947436615935771 -0.005709659370773116 0.08504853461820171
v 0.19181122737226272 -0.0013985901543200905 0.08724681505708708
v 0.19179322200031376 0.007355564943639375 0.0869493068032101
v 0.19537598584236088 0.006662667114097636 0.08452431126566572
v 0.1930056854368089 0.01099278883694877 0.08575737406837368
v 0.19107428886069752 0.013069487238809305 0.08676169998277582
v 0.1930056854368089 0.01099278883694877 0.08575737406837368
v 0.19567362379595105 0.013792190253177359 0.08342537322518771
v 0.19107428886069752 0.013069487238809305 0.08676169998277582
v 0.19567362379595105 0.013792190253177359 0.08342537322518771
v 0.19238622434781577 0.017739613421932098 0.08504889319976171
v 0.19238622434781577 0.017739613421932098 0.08504889319976171
v 0.19479184885172524 0.019749222739795527 0.08287048733457424
v 0.19391593328277773 0.022669280175243736 0.08276887142398602
v 0.19165079645643954 -0.025398236527396385 0.08358985534969941
v 0.1935972992344403 -0.02434975930474483 0.08251428614578059
v 0.19225242002017134 -0.022660493019675 0.08395287721752796
v 0.19206395870750897 -0.01894265837043109 0.08500199530935058
v 0.1937881104007299 -0.01763454711750324 0.08407339876866259
v 0.1934653717379397 -0.015945569795765013 0.08464873906698588
v 0.19089063406681814 0.0020668424157509204 0.08783534657918145
v 0.19181122737226272 -0.0013985901543200905 0.08724681505708708
v 0.19261802062347394 0.0031748401242465162 0.08665611678684292
v 0.19104015494794344 0.005112947230004054 0.08760428272543307
v 0.19261802062347394 0.0031748401242465162 0.08665611678684292
v 0.19179322200031376 0.007355564943639375 0.0869493068032101
v 0.18928110640247905 -0.021755299647823204 0.08618259839276997
v 0.19225242002017134 -0.022660493019675 0.08395287721752796
v 0.19206395870750897 -0.01894265837043109 0.08500199530935058
v 0.19014844653156612 -0.014290611945857465 0.08717779955087933
v 0.1934653717379397 -0.015945569795765013 0.08464873906698588
v 0.1920662017496077 -0.012904886858676754 0.08612263134890606
v 0.19058323048776413 -0.008509152816577608 0.0876536906867642
v 0.1920662017496077 -0.012904886858676754 0.08612263134890606
v 0.1930011535762421 -0.009356768098841568 0.08594205120116881
v 0.18956856674328112 0.01581970766820485 0.08728403124537819
v 0.19107428886069752 0.013069487238809305 0.08676169998277582
v 0.19238622434781577 0.017739613421932098 0.08504889319976171
v 0.19029190967314588 -0.028282899292584335 0.08358908478081516
v 0.1901925291752615 -0.030982148688369925 0.08268728267499358
v 0.1916155181344514 -0.02833030644510461 0.08265734492943098
v 0.18853469218245597 -0.017600216747830643 0.08759270130398454
v 0.19206395870750897 -0.01894265837043109 0.08500199530935058
v 0.19014844653156612 -0.014290611945857465 0.08717779955087933
v 0.19014844653156612 -0.014290611945857465 0.08717779955087933
v 0.1920662017496077 -0.012904886858676754 0.08612263134890606
v 0.19058323048776413 -0.008509152816577608 0.0876536906867642
v 0.189047509589626 -0.002319613090064622 0.08899533503759825
v 0.19181122737226272 -0.0013985901543200905 0.08724681505708708
v 0.19089063406681814 0.0020668424157509204 0.08783534657918145
v 0.19089063406681814 0.0020668424157509204 0.08783534657918145
v 0.19261802062347394 0.0031748401242465162 0.08665611678684292
v 0.19104015494794344 0.005112947230004054 0.08760428272543307
v 0.1890621122514524 0.006614227132243637 0.08877109186288477
v 0.19104015494794344 0.005112947230004054 0.08760428272543307
v 0.19179322200031376 0.007355564943639375 0.0869493068032101
v 0.1890621122514524 0.006614227132243637 0.08877109186288477
v 0.19179322200031376 0.007355564943639375 0.0869493068032101
v 0.1895841459676539 0.010274251472192637 0.08809344137903795
v 0.18956856674328112 0.01581970766820485 0.08728403124537819
v 0.19238622434781577 0.017739613421932098 0.08504889319976171
v 0.1907134032234392 0.020913682023619998 0.08545792794819372
v 0.1885508054644713 0.030694205788340832 0.08389314668490576
v 0.19172139887678516 0.027081475590500243 0.08301093686517101
v 0.1907473998070852 0.030428637996186024 0.08250908289846313
v 0.18846279276497843 -0.02761294686818518 0.08500491736759484
v 0.19029190967314588 -0.028282899292584335 0.08358908478081516
v 0.18863085307569524 -0.025116454363743896 0.08567376352973442
v 0.189047509589626 -0.002319613090064622 0.08899533503759825
v 0.19189040523246878 -0.005135209327466476 0.08705794938649535
v 0.19181122737226272 -0.0013985901543200905 0.08724681505708708
v 0.18857912577831645 0.0032117599582297284 0.0892430767485841
v 0.19089063406681814 0.0020668424157509204 0.08783534657918145
v 0.19104015494794344 0.005112947230004054 0.08760428272543307
v 0.18862478007735992 0.023397484937004456 0.08616579083581931
v 0.1907134032234392 0.020913682023619998 0.08545792794819372
v 0.1910944304632167 0.02454227564079316 0.0842217065759998
v 0.1885770200653258 0.027513659830388244 0.08496574042481607
v 0.1910944304632167 0.02454227564079316 0.0842217065759998
v 0.19172139887678516 0.027081475590500243 0.08301093686517101
v 0.1885770200653258 0.027513659830388244 0.08496574042481607
v 0.19172139887678516 0.027081475590500243 0.08301093686517101
v 0.1885508054644713 0.030694205788340832 0.08389314668490576
v 0.1885508054644713 0.030694205788340832 0.08389314668490576
v 0.1907473998070852 0.030428637996186024 0.08250908289846313
v 0.1895308775325066 0.032305417641602684 0.08261886989098242
v 0.18784014258891976 -0.032679368617616354 0.08360354248413858
v 0.1901925291752615 -0.030982148688369925 0.08268728267499358
v 0.19029190967314588 -0.028282899292584335 0.08358908478081516
v 0.1877703183668533 -0.011222190436284703 0.08910160487907158
v 0.18753946813616193 -0.014009093950003168 0.08884333460313253
v 0.19014844653156612 -0.014290611945857465 0.08717779955087933
v 0.18728322727926458 0.01314187684490876 0.08912219661588948
v 0.19107428886069752 0.013069487238809305 0.08676169998277582
v 0.18956856674328112 0.01581970766820485 0.08728403124537819
v 0.18704526645253236 0.020684424429112683 0.08783271443794315
v 0.18956856674328112 0.01581970766820485 0.08728403124537819
v 0.1907134032234392 0.020913682023619998 0.08545792794819372
v 0.18862478007735992 0.023397484937004456 0.08616579083581931
v 0.1910944304632167 0.02454227564079316 0.0842217065759998
v 0.1885770200653258 0.027513659830388244 0.08496574042481607
v 0.18615728118086314 -0.027984601396335868 0.08632354383403483
v 0.18846279276497843 -0.02761294686818518 0.08500491736759484
v 0.18863085307569524 -0.025116454363743896 0.08567376352973442
v 0.18631984832725654 -0.020993025823164993 0.08818952597832828
v 0.18928110640247905 -0.021755299647823204 0.08618259839276997
v 0.18853469218245597 -0.017600216747830643 0.08759270130398454
v 0.1870823300529256 -0.000509425068256145 0.09020000123251214
v 0.189047509589626 -0.002319613090064622 0.08899533503759825
v 0.1890668882526558 0.0005375050561621384 0.08900669520659486
v 0.1874280637119252 0.010562102819483006 0.08937911648893236
v 0.18875353374558476 0.00829027882852052 0.08882185022711207
v 0.1895841459676539 0.010274251472192637 0.08809344137903795
v 0.1874280637119252 0.010562102819483006 0.08937911648893236
v 0.1895841459676539 0.010274251472192637 0.08809344137903795
v 0.18728322727926458 0.01314187684490876 0.08912219661588948
v 0.18645211151713245 0.024583659386044916 0.08717631944826996
v 0.18862478007735992 0.023397484937004456 0.08616579083581931
v 0.1885770200653258 0.027513659830388244 0.08496574042481607
v 0.18584934354416657 0.028314364824474376 0.0864043772729328
v 0.1885770200653258 0.027513659830388244 0.08496574042481607
v 0.1885508054644713 0.030694205788340832 0.08389314668490576
v 0.18551958583807424 -0.034136796665356094 0.08447171421726905
v 0.18720031101556064 -0.03570165803729044 0.08276092159450686
v 0.18784014258891976 -0.032679368617616354 0.08360354248413858
v 0.18615728118086314 -0.027984601396335868 0.08632354383403483
v 0.18658524445802624 -0.030296500691325855 0.08527949166042158
v 0.18846279276497843 -0.02761294686818518 0.08500491736759484
v 0.1849207241152939 -0.024332223140581827 0.08814992178943547
v 0.18863085307569524 -0.025116454363743896 0.08567376352973442
v 0.18928110640247905 -0.021755299647823204 0.08618259839276997
v 0.18558937954256113 -0.017585846782548497 0.08935341305753573
v 0.18853469218245597 -0.017600216747830643 0.08759270130398454
v 0.18753946813616193 -0.014009093950003168 0.08884333460313253
v 0.18584934354416657 0.028314364824474376 0.0864043772729328
v 0.18645211151713245 0.024583659386044916 0.08717631944826996
v 0.1885770200653258 0.027513659830388244 0.08496574042481607
v 0.185360162002377 0.031122018384954785 0.08573122050267833
v 0.18584934354416657 0.028314364824474376 0.0864043772729328
v 0.1885508054644713 0.030694205788340832 0.08389314668490576
v 0.18499584313741654 0.03514950347004888 0.08438196201574043
v 0.1885508054644713 0.030694205788340832 0.08389314668490576
v 0.18821291482342237 0.03443691417228669 0.08263237391994414
v 0.18499584313741654 0.03514950347004888 0.08438196201574043
v 0.18821291482342237 0.03443691417228669 0.08263237391994414
v 0.1862833950784548 0.03668164618198191 0.08292195523252664
v 0.18442466085931028 -0.03803686704102918 0.08346696868614777
v 0.18720031101556064 -0.03570165803729044 0.08276092159450686
v 0.18551958583807424 -0.034136796665356094 0.08447171421726905
v 0.18558937954256113 -0.017585846782548497 0.08935341305753573
v 0.18631984832725654 -0.020993025823164993 0.08818952597832828
v 0.18853469218245597 -0.017600216747830643 0.08759270130398454
v 0.18367339434413485 -0.03960335347407587 0.08318076719550314
v 0.18600225187662464 -0.03953017613295365 0.08176961142779325
v 0.18442466085931028 -0.03803686704102918 0.08346696868614777
v 0.18551958583807424 -0.034136796665356094 0.08447171421726905
v 0.18784014258891976 -0.032679368617616354 0.08360354248413858
v 0.18658524445802624 -0.030296500691325855 0.08527949166042158
v 0.18421228902305128 0.020943348925663866 0.08940710873879708
v 0.18695621615533395 0.018375227847263764 0.08840449180885111
v 0.18704526645253236 0.020684424429112683 0.08783271443794315
v 0.18342138017200857 0.024528254720327398 0.08893612330382882
v 0.18704526645253236 0.020684424429112683 0.08783271443794315
v 0.18645211151713245 0.024583659386044916 0.08717631944826996
v 0.18309964858934433 0.027718222980973612 0.08817533530382614
v 0.18645211151713245 0.024583659386044916 0.08717631944826996
v 0.18584934354416657 0.028314364824474376 0.0864043772729328
v 0.18322663223795385 0.03448947688840633 0.0856842005419489
v 0.185360162002377 0.031122018384954785 0.08573122050267833
v 0.18499584313741654 0.03514950347004888 0.08438196201574043
v 0.1840960323036622 0.03940649219763562 0.08300786221902888
v 0.1862833950784548 0.03668164618198191 0.08292195523252664
v 0.18600258756999996 0.03952974125744471 0.08176983268024517
v 0.18157842354150408 -0.035202504876374906 0.08632331495218802
v 0.18442466085931028 -0.03803686704102918 0.08346696868614777
v 0.18551958583807424 -0.034136796665356094 0.08447171421726905
v 0.1827113276480485 -0.030690679100551253 0.08741225848535537
v 0.18551958583807424 -0.034136796665356094 0.08447171421726905
v 0.18658524445802624 -0.030296500691325855 0.08527949166042158
v 0.18232978160941823 -0.02713484702247861 0.08877771417765244
v 0.18615728118086314 -0.027984601396335868 0.08632354383403483
v 0.1849207241152939 -0.024332223140581827 0.08814992178943547
v 0.18316870987192144 -0.0237191840947404 0.08929118008338842
v 0.1849207241152939 -0.024332223140581827 0.08814992178943547
v 0.18631984832725654 -0.020993025823164993 0.08818952597832828
v 0.1839865047105693 0.01781376541825198 0.09020000123251214
v 0.1858051540889427 0.01629268342156599 0.08945778317968055
v 0.18695621615533395 0.018375227847263764 0.08840449180885111
v 0.18157842354150408 -0.035202504876374906 0.08632331495218802
v 0.18551958583807424 -0.034136796665356094 0.08447171421726905
v 0.1827113276480485 -0.030690679100551253 0.08741225848535537
v 0.18195066171836413 0.03176962431171051 0.08743137011956391
v 0.18584934354416657 0.028314364824474376 0.0864043772729328
v 0.185360162002377 0.031122018384954785 0.08573122050267833
v 0.18195066171836413 0.03176962431171051 0.08743137011956391
v 0.185360162002377 0.031122018384954785 0.08573122050267833
v 0.18322663223795385 0.03448947688840633 0.0856842005419489
v 0.18200701242904846 0.038682187964014264 0.08456869145576194
v 0.18499584313741654 0.03514950347004888 0.08438196201574043
v 0.1840960323036622 0.03940649219763562 0.08300786221902888
v 0.1814478083009252 0.027430278173595796 0.0891498226547993
v 0.18342138017200857 0.024528254720327398 0.08893612330382882
v 0.18309964858934433 0.027718222980973612 0.08817533530382614
v 0.18200701242904846 0.038682187964014264 0.08456869145576194
v 0.1840960323036622 0.03940649219763562 0.08300786221902888
v 0.18229744823385904 0.041652265619733814 0.08297034848433692
v 0.18057865237585344 -0.04223531923629456 0.08365657440804418
v 0.18367339434413485 -0.03960335347407587 0.08318076719550314
v 0.18060334109772921 -0.03872608750223219 0.08532237648911865
v 0.18060334109772921 -0.03872608750223219 0.08532237648911865
v 0.18442466085931028 -0.03803686704102918 0.08346696868614777
v 0.18157842354150408 -0.035202504876374906 0.08632331495218802
v 0.1801082391455022 0.04407547587887309 0.08295840848132839
v 0.18229744823385904 0.041652265619733814 0.08297034848433692
v 0.1823692103222285 0.04370955102628751 0.08185892112441805
v 0.1795224999819389 0.030128865719374363 0.08927307552930584
v 0.18309964858934433 0.027718222980973612 0.08817533530382614
v 0.18195066171836413 0.03176962431171051 0.08743137011956391
v 0.17953203672555593 0.0353376672363104 0.0873491405014004
v 0.18195066171836413 0.03176962431171051 0.08743137011956391
v 0.18322663223795385 0.03448947688840633 0.0856842005419489
v 0.17953203672555593 0.0353376672363104 0.0873491405014004
v 0.18322663223795385 0.03448947688840633 0.0856842005419489
v 0.18200701242904846 0.038682187964014264 0.08456869145576194
v 0.17935819333350975 0.04119177060274429 0.08484343359527634
v 0.18200701242904846 0.038682187964014264 0.08456869145576194
v 0.18229744823385904 0.041652265619733814 0.08297034848433692
v 0.17935819333350975 0.04119177060274429 0.08484343359527634
v 0.18229744823385904 0.041652265619733814 0.08297034848433692
v 0.1801082391455022 0.04407547587887309 0.08295840848132839
v 0.18003873535802126 -0.02894436210781561 0.08940602536472218
v 0.1827113276480485 -0.030690679100551253 0.08741225848535537
v 0.18232978160941823 -0.02713484702247861 0.08877771417765244
v 0.1765424125601189 -0.03804562177166962 0.08769619404571659
v 0.18060334109772921 -0.03872608750223219 0.08532237648911865
v 0.18157842354150408 -0.035202504876374906 0.08632331495218802
v 0.17738524707280764 -0.03498820661790527 0.088551388178133
v 0.18157842354150408 -0.035202504876374906 0.08632331495218802
v 0.17883745661444014 -0.03167031438572889 0.08907873195318049
v 0.17767517933755525 0.04576022174746844 0.08334316649520888
v 0.17935819333350975 0.04119177060274429 0.08484343359527634
v 0.1801082391455022 0.04407547587887309 0.08295840848132839
v 0.17732836230448076 -0.04520949006237454 0.08382934968480525
v 0.17958980650369047 -0.04466367170759214 0.08291962826708409
v 0.18057865237585344 -0.04223531923629456 0.08365657440804418
v 0.17732836230448076 -0.04520949006237454 0.08382934968480525
v 0.18057865237585344 -0.04223531923629456 0.08365657440804418
v 0.17774079213364044 -0.04100887493365682 0.08575122477608942
v 0.1765424125601189 -0.03804562177166962 0.08769619404571659
v 0.17774079213364044 -0.04100887493365682 0.08575122477608942
v 0.18060334109772921 -0.03872608750223219 0.08532237648911865
v 0.1765424125601189 -0.03804562177166962 0.08769619404571659
v 0.18157842354150408 -0.035202504876374906 0.08632331495218802
v 0.17738524707280764 -0.03498820661790527 0.088551388178133
v 0.17617800214241972 0.039258340792893726 0.08732960925047271
v 0.17953203672555593 0.0353376672363104 0.0873491405014004
v 0.17935819333350975 0.04119177060274429 0.08484343359527634
v 0.17476191015621365 -0.04817604293765324 0.08343756499822773
v 0.17796743093835052 -0.04792348326379206 0.08195598228625477
v 0.17732836230448076 -0.04520949006237454 0.08382934968480525
v 0.174827080447395 0.04285379231864897 0.08627442578970966
v 0.17935819333350975 0.04119177060274429 0.08484343359527634
v 0.17767517933755525 0.04576022174746844 0.08334316649520888
v 0.17323334563048573 -0.04299342168929468 0.08692653305945262
v 0.17732836230448076 -0.04520949006237454 0.08382934968480525
v 0.17774079213364044 -0.04100887493365682 0.08575122477608942
v 0.17510105201802514 0.036986085741119744 0.08881516687718526
v 0.17728682787867986 0.03527359176329627 0.08848801842414654
v 0.17617800214241972 0.039258340792893726 0.08732960925047271
v 0.1729065786471917 -0.039929822910969054 0.08851271477541721
v 0.17774079213364044 -0.04100887493365682 0.08575122477608942
v 0.1765424125601189 -0.03804562177166962 0.08769619404571659
v 0.1742886435321722 -0.03643721562837989 0.08939316983432642
v 0.17738524707280764 -0.03498820661790527 0.088551388178133
v 0.17653455428337847 -0.033430467286104125 0.08955283018126535
v 0.17444980686990516 0.03421150370015449 0.09020000123251214
v 0.17728682787867986 0.03527359176329627 0.08848801842414654
v 0.17510105201802514 0.036986085741119744 0.08881516687718526
v 0.1731926962144925 0.03896559328143037 0.08879587213749927
v 0.17510105201802514 0.036986085741119744 0.08881516687718526
v 0.17617800214241972 0.039258340792893726 0.08732960925047271
v 0.1729065786471917 -0.039929822910969054 0.08851271477541721
v 0.1765424125601189 -0.03804562177166962 0.08769619404571659
v 0.1742886435321722 -0.03643721562837989 0.08939316983432642
v 0.1731926962144925 0.03896559328143037 0.08879587213749927
v 0.17617800214241972 0.039258340792893726 0.08732960925047271
v 0.174827080447395 0.04285379231864897 0.08627442578970966
v 0.1712036824481444 0.03955528065685113 0.08937962002899534
v 0.1731926962144925 0.03896559328143037 0.08879587213749927
v 0.1704210286023766 0.04347994820166126 0.08786775624868957
v 0.1704210286023766 0.04347994820166126 0.08786775624868957
v 0.174827080447395 0.04285379231864897 0.08627442578970966
v 0.1718695302580908 0.04625140600541758 0.08583008220170994
v 0.16905768625246506 -0.04816712417502259 0.08594762828883605
v 0.1721868673092963 -0.050058344357624164 0.08351966491667805
v 0.17280275784147922 -0.04620118169883283 0.0854516031798269
v 0.16937018626730801 -0.04338378349372454 0.088330410384434
v 0.17280275784147922 -0.04620118169883283 0.0854516031798269
v 0.17323334563048573 -0.04299342168929468 0.08692653305945262
v 0.16937018626730801 -0.04338378349372454 0.088330410384434
v 0.17323334563048573 -0.04299342168929468 0.08692653305945262
v 0.1729065786471917 -0.039929822910969054 0.08851271477541721
v 0.16905263559304548 0.04893013995833421 0.08550426126338272
v 0.1718695302580908 0.04625140600541758 0.08583008220170994
v 0.172169746947155 0.050037119381030094 0.08354700103858191
v 0.1676202777369262 -0.0526275850497249 0.08385630433696444
v 0.1696976093785629 -0.05243046437385827 0.08313506712009032
v 0.16905768625246506 -0.04816712417502259 0.08594762828883605
v 0.16905768625246506 -0.04816712417502259 0.08594762828883605
v 0.17280275784147922 -0.04620118169883283 0.0854516031798269
v 0.16937018626730801 -0.04338378349372454 0.088330410384434
v 0.1676202777369262 -0.0526275850497249 0.08385630433696444
v 0.16905768625246506 -0.04816712417502259 0.08594762828883605
v 0.1672866595570177 -0.049484404053263854 0.08587073161770319
v 0.1677594989349451 -0.04178506668194973 0.08968882414524425
v 0.16937018626730801 -0.04338378349372454 0.088330410384434
v 0.17035466812559183 -0.03925536532888521 0.08984957549565296
v 0.16656926755516996 -0.04729115901500827 0.08735842547498594
v 0.16905768625246506 -0.04816712417502259 0.08594762828883605
v 0.16937018626730801 -0.04338378349372454 0.088330410384434
v 0.1665307848873265 0.04506164764812584 0.08854354516018235
v 0.1704210286023766 0.04347994820166126 0.08786775624868957
v 0.1690001911325467 0.047516832701264305 0.08632091169279653
v 0.1670468524167212 0.05286802542979755 0.08392224519703005
v 0.16905263559304548 0.04893013995833421 0.08550426126338272
v 0.1693125080419122 0.0521225915870183 0.08348384490765247
v 0.16573743462991783 -0.044549066752197525 0.0890739330637924
v 0.16937018626730801 -0.04338378349372454 0.088330410384434
v 0.1677594989349451 -0.04178506668194973 0.08968882414524425
v 0.16626761653986574 0.04911937946927573 0.0864514277512418
v 0.1690001911325467 0.047516832701264305 0.08632091169279653
v 0.16905263559304548 0.04893013995833421 0.08550426126338272
v 0.16626761653986574 0.04911937946927573 0.0864514277512418
v 0.16905263559304548 0.04893013995833421 0.08550426126338272
v 0.1670468524167212 0.05286802542979755 0.08392224519703005
v 0.1638574143990201 -0.05390828579414867 0.08441782017174047
v 0.1666060870149266 -0.055805166987761314 0.08215216454654949
v 0.1676202777369262 -0.0526275850497249 0.08385630433696444
v 0.16412537400647406 0.05207992419607569 0.08546107888828479
v 0.16626761653986574 0.04911937946927573 0.0864514277512418
v 0.1670468524167212 0.05286802542979755 0.08392224519703005
v 0.1635291673131167 -0.05118189482602901 0.08619946698487978
v 0.1676202777369262 -0.0526275850497249 0.08385630433696444
v 0.1672866595570177 -0.049484404053263854 0.08587073161770319
v 0.1623008347352428 -0.04827528229173209 0.08825124015362283
v 0.16656926755516996 -0.04729115901500827 0.08735842547498594
v 0.16573743462991783 -0.044549066752197525 0.0890739330637924
v 0.16363590254767854 0.04657123405405586 0.08874805871970091
v 0.1665307848873265 0.04506164764812584 0.08854354516018235
v 0.16626761653986574 0.04911937946927573 0.0864514277512418
v 0.16363590254767854 0.04657123405405586 0.08874805871970091
v 0.16626761653986574 0.04911937946927573 0.0864514277512418
v 0.16320970929013076 0.04994534157515721 0.08702396806163913
v 0.1623008347352428 -0.04827528229173209 0.08825124015362283
v 0.1635291673131167 -0.05118189482602901 0.08619946698487978
v 0.16656926755516996 -0.04729115901500827 0.08735842547498594
v 0.15975630946789995 -0.05492238877810699 0.08504000495471063
v 0.1628349686717456 -0.05584675863402392 0.08347945037619374
v 0.1638574143990201 -0.05390828579414867 0.08441782017174047
v 0.16094097138940275 0.053592734021348266 0.08552933908439807
v 0.16412537400647406 0.05207992419607569 0.08546107888828479
v 0.16411634080292 0.05535850406371393 0.08336614623262849
v 0.1597387923772242 -0.05183616121452687 0.08695375474043308
v 0.1638574143990201 -0.05390828579414867 0.08441782017174047
v 0.1635291673131167 -0.05118189482602901 0.08619946698487978
v 0.15844593037733998 0.05096556714851767 0.08783311116647761
v 0.16320970929013076 0.04994534157515721 0.08702396806163913
v 0.16412537400647406 0.05207992419607569 0.08546107888828479
v 0.16031623075914322 -0.05652060967921372 0.08381398408348949
v 0.1628349686717456 -0.05584675863402392 0.08347945037619374
v 0.15975630946789995 -0.05492238877810699 0.08504000495471063
v 0.15857929220008057 0.04844913712787061 0.08920727199834831
v 0.16363590254767854 0.04657123405405586 0.08874805871970091
v 0.15844593037733998 0.05096556714851767 0.08783311116647761
v 0.15769562516592114 -0.05782845581066901 0.08366008392969525
v 0.1600950240835974 -0.05887605183821036 0.082238338561873
v 0.16031623075914322 -0.05652060967921372 0.08381398408348949
v 0.15754203018792265 -0.049428987943453996 0.08892013209213177
v 0.1623008347352428 -0.04827528229173209 0.08825124015362283
v 0.15945639795463148 -0.04758953701990312 0.08942567105657327
v 0.15752387222807582 0.055033426991388835 0.08557268930618366
v 0.16094097138940275 0.053592734021348266 0.08552933908439807
v 0.15890518943235674 0.05727243695491383 0.08371873871763745
v 0.1560651166656246 -0.05253705464991713 0.08749352679976229
v 0.15975630946789995 -0.05492238877810699 0.08504000495471063
v 0.1597387923772242 -0.05183616121452687 0.08695375474043308
v 0.1560651166656246 -0.05253705464991713 0.08749352679976229
v 0.1597387923772242 -0.05183616121452687 0.08695375474043308
v 0.15754203018792265 -0.049428987943453996 0.08892013209213177
v 0.15512970707529658 0.05389086025621163 0.08687445480990873
v 0.15844593037733998 0.05096556714851767 0.08783311116647761
v 0.15752387222807582 0.055033426991388835 0.08557268930618366
v 0.1563512189741356 0.05820289888265332 0.08374233643604344
v 0.15890518943235674 0.05727243695491383 0.08371873871763745
v 0.15750255569874302 0.059858164769379704 0.08226596460078282
v 0.15282367669232852 0.05112507490755872 0.08901237147639572
v 0.15857929220008057 0.04844913712787061 0.08920727199834831
v 0.15844593037733998 0.05096556714851767 0.08783311116647761
v 0.15339980281832585 0.057451125012717465 0.0849432031923003
v 0.15752387222807582 0.055033426991388835 0.08557268930618366
v 0.1563512189741356 0.05820289888265332 0.08374233643604344
v 0.15282367669232852 0.05112507490755872 0.08901237147639572
v 0.15844593037733998 0.05096556714851767 0.08783311116647761
v 0.15512970707529658 0.05389086025621163 0.08687445480990873
v 0.15164870410234063 -0.06072955229245784 0.08297553647286458
v 0.15380997434659702 -0.06104013351448505 0.08229671869159903
v 0.15438957947666584 -0.05846396914651834 0.08403342836881487
v 0.15164870410234063 -0.06072955229245784 0.08297553647286458
v 0.15438957947666584 -0.05846396914651834 0.08403342836881487
v 0.15098645736678404 -0.05809187211346382 0.08498122809645013
v 0.15098645736678404 -0.05809187211346382 0.08498122809645013
v 0.15438957947666584 -0.05846396914651834 0.08403342836881487
v 0.15457125062787289 -0.05555650593469078 0.0859499705130684
v 0.15042647504038162 0.05314985146247068 0.08825494803954113
v 0.15282367669232852 0.05112507490755872 0.08901237147639572
v 0.15512970707529658 0.05389086025621163 0.08687445480990873
v 0.15042647504038162 0.05314985146247068 0.08825494803954113
v 0.15512970707529658 0.05389086025621163 0.08687445480990873
v 0.15339980281832585 0.057451125012717465 0.0849432031923003
v 0.1502728953211729 0.05934033866446202 0.08423063296802534
v 0.15339980281832585 0.057451125012717465 0.0849432031923003
v 0.1536761547601628 0.05945557304493536 0.08348753753478098
v 0.14927065223157673 -0.051491854252372384 0.0893939098856311
v 0.15156456713545371 -0.053136774679623 0.08806151999080301
v 0.1529669872460104 -0.05007812737858334 0.08956747099006622
v 0.15005005595511986 -0.06199499424709436 0.08232140741347481
v 0.15164870410234063 -0.06072955229245784 0.08297553647286458
v 0.14835185946332705 -0.06107042602691019 0.08328817381681562
v 0.14835185946332705 -0.06107042602691019 0.08328817381681562
v 0.15164870410234063 -0.06072955229245784 0.08297553647286458
v 0.15098645736678404 -0.05809187211346382 0.08498122809645013
v 0.1502728953211729 0.05934033866446202 0.08423063296802534
v 0.1500504984600237 0.061994898879658186 0.08232149133681864
v 0.14741629728510117 0.060542906775780156 0.083814808058138
v 0.14758379302059585 -0.054474009240208544 0.08785964620191765
v 0.15156456713545371 -0.053136774679623 0.08806151999080301
v 0.14927065223157673 -0.051491854252372384 0.0893939098856311
v 0.14537967609461686 -0.061005469358785855 0.0837272988987081
v 0.14835185946332705 -0.06107042602691019 0.08328817381681562
v 0.14754761443001027 -0.05847275439473835 0.08526105904235858
v 0.14499562761446147 -0.05678703577829406 0.08669411880280807
v 0.14754761443001027 -0.05847275439473835 0.08526105904235858
v 0.14758379302059585 -0.054474009240208544 0.08785964620191765
v 0.144142661265354 -0.05316347374705325 0.08903522151410213
v 0.14758379302059585 -0.054474009240208544 0.08785964620191765
v 0.14628449181142142 -0.051992674436072174 0.08950004239799635
v 0.14296356880212355 0.0594369649507898 0.08509697364638134
v 0.14866333713925425 0.05692953761611722 0.08614446667709162
v 0.14741629728510117 0.060542906775780156 0.083814808058138
v 0.14260732183696054 -0.059096793120667665 0.08535151314821741
v 0.14537967609461686 -0.061005469358785855 0.0837272988987081
v 0.14499562761446147 -0.05678703577829406 0.08669411880280807
v 0.142774115668125 -0.056171717450728166 0.08728637346961053
v 0.14499562761446147 -0.05678703577829406 0.08669411880280807
v 0.144142661265354 -0.05316347374705325 0.08903522151410213
v 0.1401475438880961 -0.05548191715551324 0.08788844716764109
v 0.142774115668125 -0.056171717450728166 0.08728637346961053
v 0.14137035278406704 -0.05320703759189586 0.08921631283129726
v 0.13883519641365358 -0.05838351717736504 0.08603828838835702
v 0.14260732183696054 -0.059096793120667665 0.08535151314821741
v 0.1401475438880961 -0.05548191715551324 0.08788844716764109
v 0.13871048632472235 0.057439692364469365 0.08667251998586421
v 0.14333980478190786 0.0558467243017469 0.08746397815333927
v 0.14296356880212355 0.0594369649507898 0.08509697364638134
v 0.13842130174067432 0.05972210977024166 0.08512849830608181
v 0.1431207953720914 0.061148055119952846 0.08385286347986741
v 0.139438498444262 0.06143422227832045 0.08386983125411084
v 0.1378476627974123 -0.05752682768354948 0.08663202315776884
v 0.13883519641365358 -0.05838351717736504 0.08603828838835702
v 0.1401475438880961 -0.05548191715551324 0.08788844716764109
v 0.1378476627974123 -0.05752682768354948 0.08663202315776884
v 0.1401475438880961 -0.05548191715551324 0.08788844716764109
v 0.13824845016996432 -0.05521054339384438 0.08811896170495713
v 0.13824845016996432 -0.05521054339384438 0.08811896170495713
v 0.1401475438880961 -0.05548191715551324 0.08788844716764109
v 0.1382922886730231 -0.05299792732195389 0.08946452756476651
v 0.13757889447409963 0.05349190012373665 0.08917564815651423
v 0.14165619569315166 0.05312295784547064 0.08925921291878412
v 0.13921088307700555 0.05561374546988022 0.08784540212165125
v 0.13730249675589332 -0.06006856059236125 0.08489252875141683
v 0.14015064142242292 -0.06018111324052948 0.08474093267488046
v 0.13883519641365358 -0.05838351717736504 0.08603828838835702
v 0.13730249675589332 -0.0541240260082532 0.08880069391507205
v 0.13824845016996432 -0.05521054339384438 0.08811896170495713
v 0.1382922886730231 -0.05299792732195389 0.08946452756476651
v 0.1391928777050566 -0.061779696537893655 0.08362669006824584
v 0.1363070133101729 -0.06171948535339315 0.08370607392211403
v 0.1363070133101729 -0.06237601385747697 0.08321799101318915
v 0.1391928777050566 -0.061779696537893655 0.08362669006824584
v 0.1363070133101729 -0.06089835646917678 0.08430534000282373
v 0.1363070133101729 -0.061240531015458496 0.08405711001056469
v 0.1391928777050566 -0.061779696537893655 0.08362669006824584
v 0.13730249675589332 -0.06006856059236125 0.08489252875141683
v 0.1363070133101729 -0.0600937604836949 0.08488074896570107
v 0.13730249675589332 -0.06006856059236125 0.08489252875141683
v 0.1363070133101729 -0.06007141398605147 0.08489656470131555
v 0.1363070133101729 -0.0600937604836949 0.08488074896570107
v 0.1363070133101729 -0.06007141398605147 0.08489656470131555
v 0.13730249675589332 -0.06006856059236125 0.08489252875141683
v 0.13883519641365358 -0.05838351717736504 0.08603828838835702
v 0.1378476627974123 -0.05752682768354948 0.08663202315776884
v 0.1363070133101729 -0.0584003895841723 0.08605460766403449
v 0.1363070133101729 -0.05893591207054576 0.08568873240251572
v 0.1363070133101729 -0.05893591207054576 0.08568873240251572
v 0.13883519641365358 -0.05838351717736504 0.08603828838835702
v 0.1378476627974123 -0.05752682768354948 0.08663202315776884
v 0.1378476627974123 -0.05752682768354948 0.08663202315776884
v 0.1363070133101729 -0.05755646406801377 0.08662132674612798
v 0.1363070133101729 -0.05776720321376553 0.08648093062129546
v 0.13824845016996432 -0.05521054339384438 0.08811896170495713
v 0.1363070133101729 -0.05585220220728052 0.08772988545356684
v 0.1363070133101729 -0.056647448369320265 0.08721847948445215
v 0.1363070133101729 -0.056647448369320265 0.08721847948445215
v 0.1378476627974123 -0.05752682768354948 0.08663202315776884
v 0.13824845016996432 -0.05521054339384438 0.08811896170495713
v 0.13824845016996432 -0.05521054339384438 0.08811896170495713
v 0.1363070133101729 -0.054992029894696016 0.08827161063798881
v 0.1363070133101729 -0.05539806247623739 0.0880173610531587
v 0.13824845016996432 -0.05521054339384438 0.08811896170495713
v 0.13730249675589332 -0.0541240260082532 0.08880069391507205
v 0.1363070133101729 -0.05419806928569585 0.08876131097863114
v 0.13730249675589332 -0.0541240260082532 0.08880069391507205
v 0.1363070133101729 -0.054126597114332355 0.08880491297044822
v 0.1363070133101729 -0.05419806928569585 0.08876131097863114
v 0.1363070133101729 -0.054126597114332355 0.08880491297044822
v 0.13730249675589332 -0.0541240260082532 0.08880069391507205
v 0.1382922886730231 -0.05299792732195389 0.08946452756476651
v 0.1382922886730231 -0.05299792732195389 0.08946452756476651
v 0.1363070133101729 -0.052380308731827564 0.08984600493884275
v 0.1363070133101729 -0.05298808158784366 0.08948890348145165
v 0.13757889447409963 0.05349190012373665 0.08917564815651423
v 0.1363070133101729 0.05325599923362571 0.08932972378639102
v 0.1363070133101729 0.05298808158784366 0.08948890348145165
v 0.13921088307700555 0.05561374546988022 0.08784540212165125
v 0.1363070133101729 0.054992029894696016 0.08827161063798881
v 0.1363070133101729 0.05419806928569585 0.08876131097863114
v 0.1363070133101729 0.05419806928569585 0.08876131097863114
v 0.13757889447409963 0.05349190012373665 0.08917564815651423
v 0.13921088307700555 0.05561374546988022 0.08784540212165125
v 0.13921088307700555 0.05561374546988022 0.08784540212165125
v 0.1363070133101729 0.05585220220728052 0.08772988545356684
v 0.1363070133101729 0.05539806247623739 0.0880173610531587
v 0.13921088307700555 0.05561374546988022 0.08784540212165125
v 0.13871048632472235 0.057439692364469365 0.08667251998586421
v 0.1363070133101729 0.05658784753641125 0.08725718340474752
v 0.13871048632472235 0.057439692364469365 0.08667251998586421
v 0.1363070133101729 0.05670704538753183 0.08717976793476188
v 0.1363070133101729 0.05658784753641125 0.08725718340474752
v 0.13842130174067432 0.05972210977024166 0.08512849830608181
v 0.1363070133101729 0.0584003895841723 0.08605460766403449
v 0.1363070133101729 0.05776720321376553 0.08648093062129546
v 0.1363070133101729 0.05776720321376553 0.08648093062129546
v 0.13871048632472235 0.057439692364469365 0.08667251998586421
v 0.13842130174067432 0.05972210977024166 0.08512849830608181
v 0.13842130174067432 0.05972210977024166 0.08512849830608181
v 0.1363070133101729 0.0592387303832687 0.08547967172364056
v 0.1363070133101729 0.05893591207054576 0.08568873240251572
v 0.139438498444262 0.06143422227832045 0.08386983125411084
v 0.1363070133101729 0.06171948535339315 0.08370607392211403
v 0.1363070133101729 0.061240531015458496 0.08405711001056469
v 0.1363070133101729 0.061240531015458496 0.08405711001056469
v 0.13842130174067432 0.05972210977024166 0.08512849830608181
v 0.139438498444262 0.06143422227832045 0.08386983125411084
v 0.139438498444262 0.06143422227832045 0.08386983125411084
v 0.13832836045208016 0.06264732276928923 0.08299241269436929
v 0.1363070133101729 0.06237601385747697 0.08321799101318915
v 0.13832836045208016 0.06264732276928923 0.08299241269436929
v 0.1363070133101729 0.0625347129006593 0.08309880460616091
v 0.1363070133101729 0.06237601385747697 0.08321799101318915
v 0.1363070133101729 -0.06334396663172374 0.08248359309012353
v 0.1363070133101729 -0.0635000030160882 0.08236352930268252
v 0.13686153298983147 -0.06349758068320947 0.08236346063812848
v 0.13686153298983147 -0.06349758068320947 0.08236346063812848
v 0.1391928777050566 -0.061779696537893655 0.08362669006824584
v 0.1363070133101729 -0.06334396663172374 0.08248359309012353
v 0.1391928777050566 -0.061779696537893655 0.08362669006824584
v 0.13741524395363133 -0.06349033275806053 0.08236325464446635
v 0.13796959578660226 -0.06347823253775924 0.08236290369230125
v 0.1391928777050566 -0.061779696537893655 0.08362669006824584
v 0.13852313890371445 -0.06346132198397751 0.08236242304042295
v 0.13907762806579346 -0.06343952861746387 0.08236329279144082
v 0.1391928777050566 -0.061779696537893655 0.08362669006824584
v 0.13907762806579346 -0.06343952861746387 0.08236329279144082
v 0.13963034720825715 -0.06341297832323405 0.0823610497493421
v 0.14128966430367204 -0.0633042136696305 0.08235827264960081
v 0.1391928777050566 -0.061779696537893655 0.08362669006824584
v 0.14073654843267389 -0.06334532084931736 0.082359119512434
v 0.1391928777050566 -0.061779696537893655 0.08362669006824584
v 0.14018385980778977 -0.0633815452162723 0.08236014948074465
v 0.14073654843267389 -0.06334532084931736 0.082359119512434
v 0.1391928777050566 -0.061779696537893655 0.08362669006824584
v 0.14128966430367204 -0.0633042136696305 0.08235827264960081
v 0.14184140688358934 -0.06325836482101725 0.08235664758848847
v 0.14184140688358934 -0.06325836482101725 0.08235664758848847
v 0.14366698375252615 -0.061542956414344416 0.0835120584099691
v 0.1391928777050566 -0.061779696537893655 0.08362669006824584
v 0.14366698375252615 -0.061542956414344416 0.0835120584099691
v 0.14235375126827596 -0.06321152415106783 0.08235546503227996
v 0.14294457160883842 -0.06315214457061073 0.0823536263481106
v 0.14366698375252615 -0.061542956414344416 0.0835120584099691
v 0.14344084848787905 -0.06309810938127662 0.08235228357460932
v 0.14412096326627652 -0.06301772607667737 0.08234980402126889
v 0.14366698375252615 -0.061542956414344416 0.0835120584099691
v 0.14412096326627652 -0.06301772607667737 0.08234980402126889
v 0.1445955116286601 -0.06295674050859516 0.08234807977802293
v 0.14537967609461686 -0.061005469358785855 0.0837272988987081
v 0.14366698375252615 -0.061542956414344416 0.0835120584099691
v 0.14569295430773896 -0.0628025046614256 0.08234370813474888
v 0.14366698375252615 -0.061542956414344416 0.0835120584099691
v 0.1451445076264157 -0.06288202584440188 0.0823459588062425
v 0.14569295430773896 -0.0628025046614256 0.08234370813474888
v 0.14835185946332705 -0.06107042602691019 0.08328817381681562
v 0.14537967609461686 -0.061005469358785855 0.0837272988987081
v 0.1467875435931276 -0.06262913810656028 0.08233880243383228
v 0.14537967609461686 -0.061005469358785855 0.0837272988987081
v 0.14624060753199328 -0.06271821129194337 0.08234132013414718
v 0.1467875435931276 -0.06262913810656028 0.08233880243383228
v 0.14835185946332705 -0.06107042602691019 0.08328817381681562
v 0.1473336709384032 -0.06253529654936867 0.0823361474044093
v 0.1478789285326609 -0.06243669424976343 0.08233336267527312
v 0.14835185946332705 -0.06107042602691019 0.08328817381681562
v 0.1484233926698497 -0.06233332739304713 0.08233044824642376
v 0.14896680395054315 -0.06222523794089167 0.0823274041178612
v 0.15164870410234063 -0.06072955229245784 0.08297553647286458
v 0.15059140729919204 -0.06187250049737973 0.08231747827510459
v 0.1511306376714838 -0.061745532107559994 0.08231391534768927
v 0.15164870410234063 -0.06072955229245784 0.08297553647286458
v 0.15005005595511986 -0.06199499424709436 0.08232140741347481
v 0.15059140729919204 -0.06187250049737973 0.08231747827510459
v 0.15164870410234063 -0.06072955229245784 0.08297553647286458
v 0.1511306376714838 -0.061745532107559994 0.08231391534768927
v 0.15166905932791683 -0.06161378008714195 0.08231023034995565
v 0.15164870410234063 -0.06072955229245784 0.08297553647286458
v 0.15220593984658135 -0.061477427541603055 0.08230640802311394
v 0.15274202690817693 -0.06133629136546585 0.08230246362595393
v 0.15164870410234063 -0.06072955229245784 0.08297553647286458
v 0.15327642024410612 -0.0611906042552746 0.08229839715847563
v 0.15380997434659702 -0.06104013351448505 0.08229671869159903
v 0.15380997434659702 -0.06104013351448505 0.08229671869159903
v 0.15434171265310323 -0.06088513854252357 0.08228989038316924
v 0.15487261172617114 -0.06072535612526635 0.08228545007534115
v 0.15438957947666584 -0.05846396914651834 0.08403342836881487
v 0.15380997434659702 -0.06104013351448505 0.08229671869159903
v 0.15533538030283897 -0.06058218671538999 0.08228272638136412
v 0.15438957947666584 -0.05846396914651834 0.08403342836881487
v 0.15533538030283897 -0.06058218671538999 0.08228272638136412
v 0.1559295880947342 -0.06039209271222039 0.08227621087812496
v 0.15438957947666584 -0.05846396914651834 0.08403342836881487
v 0.15645549754354168 -0.060218672751590804 0.08227141961813177
v 0.15698059827649044 -0.06004043101338845 0.08226649865842538
v 0.15438957947666584 -0.05846396914651834 0.08403342836881487
v 0.1559295880947342 -0.06039209271222039 0.08227621087812496
v 0.15645549754354168 -0.060218672751590804 0.08227141961813177
v 0.1580255964950705 -0.05967037102877053 0.08225767144853345
v 0.15769562516592114 -0.05782845581066901 0.08366008392969525
v 0.15750397476619324 -0.059857661229316725 0.08226146325779558
v 0.15769562516592114 -0.05782845581066901 0.08366008392969525
v 0.15698059827649044 -0.06004043101338845 0.08226649865842538
v 0.15750397476619324 -0.059857661229316725 0.08226146325779558
v 0.15769562516592114 -0.05782845581066901 0.08366008392969525
v 0.1580255964950705 -0.05967037102877053 0.08225767144853345
v 0.159022437973082 -0.05929823966343899 0.08224680719020493
v 0.1600950240835974 -0.05887605183821036 0.082238338561873
v 0.15769562516592114 -0.05782845581066901 0.08366008392969525
v 0.15958013148101632 -0.05908140081646977 0.08224017724604236
v 0.15769562516592114 -0.05782845581066901 0.08366008392969525
v 0.159022437973082 -0.05929823966343899 0.08224680719020493
v 0.15958013148101632 -0.05908140081646977 0.08224017724604236
v 0.16031623075914322 -0.05652060967921372 0.08381398408348949
v 0.1600950240835974 -0.05887605183821036 0.082238338561873
v 0.16060767364407977 -0.058666247293333064 0.08222887048281001
v 0.16169104771897477 -0.05820595064061077 0.08221628198123553
v 0.1628349686717456 -0.05584675863402392 0.08347945037619374
v 0.16031623075914322 -0.05652060967921372 0.08381398408348949
v 0.1628349686717456 -0.05584675863402392 0.08347945037619374
v 0.1621347885847779 -0.058010138405968394 0.08221109399270786
v 0.1626402054789011 -0.05778246581825023 0.08220495232981849
v 0.1628349686717456 -0.05584675863402392 0.08347945037619374
v 0.16169104771897477 -0.05820595064061077 0.08221628198123553
v 0.1621347885847779 -0.058010138405968394 0.08221109399270786
v 0.1628349686717456 -0.05584675863402392 0.08347945037619374
v 0.16314327251939706 -0.05755054747227376 0.0821987114847955
v 0.16364460005785728 -0.057314104895125374 0.0821923714576389
v 0.1628349686717456 -0.05584675863402392 0.08347945037619374
v 0.1626402054789011 -0.05778246581825023 0.08220495232981849
v 0.16314327251939706 -0.05755054747227376 0.0821987114847955
v 0.1628349686717456 -0.05584675863402392 0.08347945037619374
v 0.16364460005785728 -0.057314104895125374 0.0821923714576389
v 0.16414357774269026 -0.05707342418911358 0.08218593224834868
v 0.1628349686717456 -0.05584675863402392 0.08347945037619374
v 0.16513541433765153 -0.05657891732968826 0.08217274865397249
v 0.16562810540109216 -0.05632515984082879 0.08216601189828142
v 0.1628349686717456 -0.05584675863402392 0.08347945037619374
v 0.16469936390190118 -0.0567993191040728 0.08217859277046101
v 0.16513541433765153 -0.05657891732968826 0.08217274865397249
v 0.1638574143990201 -0.05390828579414867 0.08441782017174047
v 0.16611846186969534 -0.056067175667198245 0.08215918358985162
v 0.1666060870149266 -0.055805166987761314 0.08215216454654949
v 0.1638574143990201 -0.05390828579414867 0.08441782017174047
v 0.16562810540109216 -0.05632515984082879 0.08216601189828142
v 0.16611846186969534 -0.056067175667198245 0.08215918358985162
v 0.1676202777369262 -0.0526275850497249 0.08385630433696444
v 0.16709243042181574 -0.055538355604238844 0.08214525231477586
v 0.16757588991743508 -0.05526759982355637 0.08213815697752479
v 0.1676202777369262 -0.0526275850497249 0.08385630433696444
v 0.1666060870149266 -0.055805166987761314 0.08215216454654949
v 0.16709243042181574 -0.055538355604238844 0.08214525231477586
v 0.1676202777369262 -0.0526275850497249 0.08385630433696444
v 0.16805701481821697 -0.054992617358102826 0.0821309624581401
v 0.16853565253626354 -0.054713488316524596 0.08212369164480647
v 0.1676202777369262 -0.0526275850497249 0.08385630433696444
v 0.16757588991743508 -0.05526759982355637 0.08213815697752479
v 0.16805701481821697 -0.054992617358102826 0.0821309624581401
v 0.1696976093785629 -0.05243046437385827 0.08313506712009032
v 0.16901194040068288 -0.0544301249607804 0.08211633690812901
v 0.169485588494469 -0.05414270658165025 0.08210889824810773
v 0.1696976093785629 -0.05243046437385827 0.08313506712009032
v 0.16995688673462792 -0.053851057703051576 0.08210137566474261
v 0.17042636917880213 -0.053554835002214175 0.08209440239780984
v 0.1696976093785629 -0.05243046437385827 0.08313506712009032
v 0.169485588494469 -0.05414270658165025 0.08210889824810773
v 0.16995688673462792 -0.053851057703051576 0.08210137566474261
v 0.1696976093785629 -0.05243046437385827 0.08313506712009032
v 0.1708915944206257 -0.053255583431604005 0.08208610161616557
v 0.17135485127856673 -0.05295185722088872 0.08207835015095365
v 0.1696976093785629 -0.05243046437385827 0.08313506712009032
v 0.17042636917880213 -0.053554835002214175 0.08209440239780984
v 0.1708915944206257 -0.053255583431604005 0.08208610161616557
v 0.1696976093785629 -0.05243046437385827 0.08313506712009032
v 0.1718157582828805 -0.05264388906661258 0.08207053002118768
v 0.17227361352923684 -0.052332148176561545 0.08206264122686767
v 0.1696976093785629 -0.05243046437385827 0.08313506712009032
v 0.17135485127856673 -0.05295185722088872 0.08207835015095365
v 0.1718157582828805 -0.05264388906661258 0.08207053002118768
v 0.1721868673092963 -0.050058344357624164 0.08351966491667805
v 0.17272911892196594 -0.05201615771355476 0.08205467613859872
v 0.1731814352276295 -0.051696497511604135 0.08204665001517063
v 0.1721868673092963 -0.050058344357624164 0.08351966491667805
v 0.1731814352276295 -0.051696497511604135 0.08204665001517063
v 0.17363138642087603 -0.05137258010730287 0.08203855522718849
v 0.17476191015621365 -0.04817604293765324 0.08343756499822773
v 0.17452227086260483 -0.0507133584268216 0.08202218254574677
v 0.1749630820407688 -0.050378160962170106 0.08201391228168207
v 0.17476191015621365 -0.04817604293765324 0.08343756499822773
v 0.17407801119794894 -0.051045103590283726 0.0820303994040472
v 0.17452227086260483 -0.0507133584268216 0.08202218254574677
v 0.17476191015621365 -0.04817604293765324 0.08343756499822773
v 0.17540151284772595 -0.05003868340698329 0.08200557335306334
v 0.17583654094456055 -0.04969574592121221 0.08199719627747014
v 0.17476191015621365 -0.04817604293765324 0.08343756499822773
v 0.17583654094456055 -0.04969574592121221 0.08199719627747014
v 0.17626885297681302 -0.049348772485542404 0.0819887505373229
v 0.17626885297681302 -0.049348772485542404 0.0819887505373229
v 0.17676801376712345 -0.04894086688755465 0.0819786949948531
v 0.17476191015621365 -0.04817604293765324 0.08343756499822773
v 0.17476191015621365 -0.04817604293765324 0.08343756499822773
v 0.17712403185043965 -0.04864382402676618 0.0819717369867101
v 0.17754721912639934 -0.0482855667160487 0.08196315391745478
v 0.17476191015621365 -0.04817604293765324 0.08343756499822773
v 0.17676801376712345 -0.04894086688755465 0.0819786949948531
v 0.17712403185043965 -0.04864382402676618 0.0819717369867101
v 0.17732836230448076 -0.04520949006237454 0.08382934968480525
v 0.17838359917100807 -0.04755850064147585 0.08194587333802071
v 0.1787968071984469 -0.047189699507015376 0.08193717582784198
v 0.17732836230448076 -0.04520949006237454 0.08382934968480525
v 0.17796743093835052 -0.04792348326379206 0.08195598228625477
v 0.17838359917100807 -0.04755850064147585 0.08194587333802071
v 0.17732836230448076 -0.04520949006237454 0.08382934968480525
v 0.1792071770909853 -0.046816946346000005 0.08192844017068877
v 0.17961391539155433 -0.04644096213624718 0.081919673995956
v 0.17958980650369047 -0.04466367170759214 0.08291962826708409
v 0.17961391539155433 -0.04644096213624718 0.081919673995956
v 0.18001767822811485 -0.04606113271146797 0.08191087730364364
v 0.17958980650369047 -0.04466367170759214 0.08291962826708409
v 0.1808148737005499 -0.04529129243442401 0.08189319999567511
v 0.18120829107763467 -0.04490128158215925 0.08188432700941382
v 0.17958980650369047 -0.04466367170759214 0.08291962826708409
v 0.1805259179983487 -0.04557344653107756 0.08189965446375512
v 0.1808148737005499 -0.04529129243442401 0.08189319999567511
v 0.18057865237585344 -0.04223531923629456 0.08365657440804418
v 0.17958980650369047 -0.04466367170759214 0.08291962826708409
v 0.1815985041088641 -0.04450765439671492 0.08187543113496785
v 0.1815985041088641 -0.04450765439671492 0.08187543113496785
v 0.18198508554812418 -0.044110807606625474 0.0818665200017321
v 0.18057865237585344 -0.04223531923629456 0.08365657440804418
v 0.18057865237585344 -0.04223531923629456 0.08365657440804418
v 0.1827479792611175 -0.04330689826668402 0.08184865958828612
v 0.18312415420574266 -0.04289995397245286 0.081839702678681
v 0.18057865237585344 -0.04223531923629456 0.08365657440804418
v 0.18236687572739105 -0.04371200006204837 0.081858852459864
v 0.1827479792611175 -0.04330689826668402 0.08184865958828612
v 0.18349671281718824 -0.042489793888274036 0.08183075339847078
v 0.1838657008718236 -0.04207637986717308 0.08182178885947076
v 0.18367339434413485 -0.03960335347407587 0.08318076719550314
v 0.18367339434413485 -0.03960335347407587 0.08318076719550314
v 0.1838657008718236 -0.04207637986717308 0.08182178885947076
v 0.1842310725932794 -0.04165975005612446 0.08181282432047075
v 0.18367339434413485 -0.03960335347407587 0.08318076719550314
v 0.18459276694639645 -0.041239992193169456 0.08180385978147074
v 0.18495057030811776 -0.040817342789549765 0.0817964821566086
v 0.18367339434413485 -0.03960335347407587 0.08318076719550314
v 0.18495057030811776 -0.040817342789549765 0.0817964821566086
v 0.1853051235476144 -0.04039103890577603 0.0817859535916554
v 0.1853051235476144 -0.04039103890577603 0.0817859535916554
v 0.18565578579571526 -0.03996184729603505 0.08177700431144518
v 0.18367339434413485 -0.03960335347407587 0.08318076719550314
v 0.18442466085931028 -0.03803686704102918 0.08346696868614777
v 0.18634569671715615 -0.039094507166947984 0.08175915915678898
v 0.18668415193342722 -0.03865739243060998 0.08175117880973025
v 0.18600225187662464 -0.03953017613295365 0.08176961142779325
v 0.18634569671715615 -0.039094507166947984 0.08175915915678898
v 0.18442466085931028 -0.03803686704102918 0.08346696868614777
v 0.18442466085931028 -0.03803686704102918 0.08346696868614777
v 0.18668415193342722 -0.03865739243060998 0.08175117880973025
v 0.18702036410759956 -0.038215257552431964 0.08174138266668683
v 0.18702036410759956 -0.038215257552431964 0.08174138266668683
v 0.1873518002805685 -0.03777142513389012 0.08173253256861022
v 0.18442466085931028 -0.03803686704102918 0.08346696868614777
v 0.18767958960277828 -0.03732436548130826 0.0817236977293234
v 0.18800319801658635 -0.03687485297826811 0.08171490866640595
v 0.18720031101556064 -0.03570165803729044 0.08276092159450686
v 0.18720031101556064 -0.03570165803729044 0.08276092159450686
v 0.18832317483842506 -0.036422105611793064 0.08170613486227828
v 0.18863884868154376 -0.035967050353362694 0.08169740683451997
v 0.18784014258891976 -0.032679368617616354 0.08360354248413858
v 0.1889509061914829 -0.03550875260210253 0.08168870932434123
v 0.18925856916996328 -0.03504829191739003 0.08168005759053186
v 0.18784014258891976 -0.032679368617616354 0.08360354248413858
v 0.18720031101556064 -0.03570165803729044 0.08276092159450686
v 0.1889509061914829 -0.03550875260210253 0.08168870932434123
v 0.1895626005564743 -0.03458458111045284 0.08167144400369696
v 0.18986216111757767 -0.03411885614326373 0.0816628838226263
v 0.18784014258891976 -0.032679368617616354 0.08360354248413858
v 0.19015807482792188 -0.033649873424455044 0.08165436941792502
v 0.19044986866502353 -0.0331783272289621 0.08164590078959309
v 0.18784014258891976 -0.032679368617616354 0.08360354248413858
v 0.1901925291752615 -0.030982148688369925 0.08268728267499358
v 0.19073714590034815 -0.03270491946111511 0.08163750082581521
v 0.19102063895580554 -0.03222839127075663 0.08162914663840669
v 0.1901925291752615 -0.030982148688369925 0.08268728267499358
v 0.18784014258891976 -0.032679368617616354 0.08360354248413858
v 0.19073714590034815 -0.03270491946111511 0.08163750082581521
v 0.19129963066827568 -0.0317500015080441 0.0816208687449471
v 0.19157474664813987 -0.031268634373974334 0.08161264425725177
v 0.1901925291752615 -0.030982148688369925 0.08268728267499358
v 0.1918453612850168 -0.030785413296945417 0.08160449606350538
v 0.19211202389533882 -0.03029935408501607 0.08159640890491814
v 0.1901925291752615 -0.030982148688369925 0.08268728267499358
v 0.1916155181344514 -0.02833030644510461 0.08265734492943098
v 0.19237418516267363 -0.02981144474482502 0.08158839804027983
v 0.1926323028507148 -0.029320846042933963 0.08158046346959046
v 0.1916155181344514 -0.02833030644510461 0.08265734492943098
v 0.1901925291752615 -0.030982148688369925 0.08268728267499358
v 0.19237418516267363 -0.02981144474482502 0.08158839804027983
v 0.19313543092636992 -0.028333405886780145 0.08156483846884831
v 0.19338044131398385 -0.027836568247214828 0.08155715566819043
v 0.1916155181344514 -0.02833030644510461 0.08265734492943098
v 0.1936212402756165 -0.027337336885001635 0.08154955679087637
v 0.19385756841184149 -0.026836261116572908 0.08154204946630104
v 0.19165079645643954 -0.025398236527396385 0.08358985534969941
v 0.1935972992344403 -0.02434975930474483 0.08251428614578059
v 0.19165079645643954 -0.025398236527396385 0.08358985534969941
v 0.19408959356934646 -0.02633294039869673 0.08153463369446444
v 0.19408959356934646 -0.02633294039869673 0.08153463369446444
v 0.19431714790144378 -0.025827777181953743 0.08152731710476145
v 0.1935972992344403 -0.02434975930474483 0.08251428614578059
v 0.1935972992344403 -0.02434975930474483 0.08251428614578059
v 0.19475907297126221 -0.02481142734119925 0.08151298147175633
v 0.1949733674150344 -0.024300393305085616 0.08150597005784908
v 0.19518319103339893 -0.023787520584802616 0.08149906545547035
v 0.1953885133087762 -0.02327286258611451 0.08149226766462013
v 0.1935972992344403 -0.02434975930474483 0.08251428614578059
v 0.19433370368836295 -0.021954741567086225 0.08264799892068629
v 0.1935972992344403 -0.02434975930474483 0.08251428614578059
v 0.19558938001753562 -0.02275636590325704 0.0814855919440882
v 0.19558938001753562 -0.02275636590325704 0.0814855919440882
v 0.19578528761961417 -0.02223924361001829 0.08147976308638948
v 0.19433370368836295 -0.021954741567086225 0.08264799892068629
v 0.19433370368836295 -0.021954741567086225 0.08264799892068629
v 0.19578528761961417 -0.02223924361001829 0.08147976308638948
v 0.1959775025945642 -0.021718279916450603 0.08147258382579457
v 0.19528249523733437 -0.01930990120098454 0.08260962306437135
v 0.19433370368836295 -0.021954741567086225 0.08264799892068629
v 0.19616471268646402 -0.021196850829794403 0.08146625905742776
v 0.19616471268646402 -0.021196850829794403 0.08146625905742776
v 0.19634745195295616 -0.020673579244271392 0.08146005635937924
v 0.19528249523733437 -0.01930990120098454 0.08260962306437135
v 0.19652552202977341 -0.020149001124872848 0.08145398336104391
v 0.1966991060223932 -0.019622580506607493 0.08144803243302688
v 0.19528249523733437 -0.01930990120098454 0.08260962306437135
v 0.19703237325013662 -0.018565604138044433 0.08143654256431708
v 0.19719199545010108 -0.01803521432708567 0.08143099599422941
v 0.19528249523733437 -0.01930990120098454 0.08260962306437135
v 0.19640050676504645 -0.016198441321142464 0.08243086634201367
v 0.19528249523733437 -0.01930990120098454 0.08260962306437135
v 0.19734713156586808 -0.017502972480516476 0.08142559438264473
v 0.19764330467563868 -0.016435009783306597 0.0814152031467996
v 0.19640050676504645 -0.016198441321142464 0.08243086634201367
v 0.19749776633864785 -0.016968905301218983 0.08142110829844727
v 0.19701920491455022 -0.01401756543935818 0.08234914789330804
v 0.19640050676504645 -0.016198441321142464 0.08243086634201367
v 0.19792080102670967 -0.015362041249372137 0.0814053993743613
v 0.19792080102670967 -0.015362041249372137 0.0814053993743613
v 0.19805242334741452 -0.014824148882209853 0.0814007225552915
v 0.19701920491455022 -0.01401756543935818 0.08234914789330804
v 0.19701920491455022 -0.01401756543935818 0.08234914789330804
v 0.19813610255060782 -0.014471129151086845 0.0813977394618881
v 0.19817951380755255 -0.014284393035344798 0.08139619069472469
v 0.19701920491455022 -0.01401756543935818 0.08234914789330804
v 0.19830187404285654 -0.013743674931048786 0.08139181905145064
v 0.19841938198300818 -0.013202393205205007 0.08138759999607446
v 0.19841938198300818 -0.013202393205205007 0.08138759999607446
v 0.19664318255782293 -0.011449869699723399 0.08304876340505361
v 0.19701920491455022 -0.01401756543935818 0.08234914789330804
v 0.19664318255782293 -0.011449869699723399 0.08304876340505361
v 0.1986403445179174 -0.012116371730281914 0.08137963490780552
v 0.1987437685950954 -0.0115716443789693 0.08137588887491275
v 0.1975844972997986 -0.008149870305921297 0.08271236812540382
v 0.19893619719310246 -0.010480252763715454 0.08136890034919018
v 0.19902523223151108 -0.009933589453448584 0.0813656502269655
v 0.1991887454228713 -0.008839497032402393 0.08136163716525145
v 0.1975844972997986 -0.008149870305921297 0.08271236812540382
v 0.19910955230387545 -0.009385669200372988 0.08136256795142847
v 0.199263788151045 -0.008288226521294134 0.0813569069404174
v 0.1975844972997986 -0.008149870305921297 0.08271236812540382
v 0.1991887454228713 -0.008839497032402393 0.08136163716525145
v 0.1975844972997986 -0.008149870305921297 0.08271236812540382
v 0.199398843699452 -0.007188258989342671 0.08135193257494676
v 0.199459161695481 -0.006637557821828348 0.08134971242103271
v 0.19727190573221692 -0.005118418936654327 0.08319791044582912
v 0.199459161695481 -0.006637557821828348 0.08134971242103271
v 0.19951468843151682 -0.006086101821056737 0.08134766011380633
v 0.19846106899670696 -0.0034560548516537914 0.08235299310833442
v 0.19727190573221692 -0.005118418936654327 0.08319791044582912
v 0.19956537813119007 -0.005534389758719008 0.0813457832826625
v 0.19846106899670696 -0.0034560548516537914 0.08235299310833442
v 0.19961127657087013 -0.004982091186648833 0.08134408192760122
v 0.19965233797418763 -0.004429536076175358 0.08134255604862249
v 0.19846106899670696 -0.0034560548516537914 0.08235299310833442
v 0.19971999544810431 -0.003323333421247079 0.0813400383483076
v 0.1997465762599137 -0.002769853723479933 0.08133904652697142
v 0.19846106899670696 -0.0034560548516537914 0.08235299310833442
v 0.19976833529415033 -0.0022161182025652606 0.0813382378111127
v 0.1997852572920244 -0.0016623009040740721 0.08133761220073142
v 0.1981805514052581 0.0008101722386840571 0.08265011226307183
v 0.1997852572920244 -0.0016623009040740721 0.08133761220073142
v 0.1997973422535359 -0.0011082279016446518 0.0813371544370378
v 0.1981805514052581 0.0008101722386840571 0.08265011226307183
v 0.19980701632626102 0.0 0.0813367958554778
v 0.19980460543747464 0.000553985800829972 0.08133688740821653
v 0.1981805514052581 0.0008101722386840571 0.08265011226307183
v 0.19980460543747464 0.000553985800829972 0.08133688740821653
v 0.1997973422535359 0.0011082279016446518 0.0813371544370378
v 0.19814406763887676 0.003959168622193479 0.0825823861246011
v 0.1981805514052581 0.0008101722386840571 0.08265011226307183
v 0.1997852572920244 0.0016620447232986596 0.08133761220073142
v 0.19814406763887676 0.003959168622193479 0.0825823861246011
v 0.19971999544810431 0.003323333421247079 0.0813400383483076
v 0.19968859285872215 0.0038763060026723887 0.08134120564572632
v 0.19814406763887676 0.003959168622193479 0.0825823861246011
v 0.19968859285872215 0.0038763060026723887 0.08134120564572632
v 0.19965233797418763 0.004429536076175358 0.08134255604862249
v 0.19814406763887676 0.003959168622193479 0.0825823861246011
v 0.19961129182965992 0.004981834171408354 0.08134407429820632
v 0.19956537813119007 0.005534389758719008 0.0813457832826625
v 0.1977391603930822 0.006892323821325323 0.08270544063484041
v 0.19956537813119007 0.005534389758719008 0.0813457832826625
v 0.1995147036903066 0.0060858443289790775 0.08134765248441143
v 0.1977391603930822 0.006892323821325323 0.08270544063484041
v 0.199398843699452 0.007188217981345117 0.08135193257494676
v 0.1993337039258502 0.007738703618453696 0.08135433583433825
v 0.19918891326955895 0.008838275375545051 0.08136178975314932
v 0.1977391603930822 0.006892323821325323 0.08270544063484041
v 0.19926371185709607 0.008288785374470092 0.0813569145698123
v 0.1977391603930822 0.006892323821325323 0.08270544063484041
v 0.1993337039258502 0.007738703618453696 0.08135433583433825
v 0.19926371185709607 0.008288785374470092 0.0813569145698123
v 0.19666474322779232 0.01046196987252724 0.08315803922811503
v 0.19902523223151108 0.009933589453448584 0.0813656502269655
v 0.19893610564036374 0.010480808755868327 0.08136890034919018
v 0.19666474322779232 0.01046196987252724 0.08315803922811503
v 0.1991093844571878 0.009386909930717564 0.08136319356180975
v 0.19902523223151108 0.009933589453448584 0.0813656502269655
v 0.19666474322779232 0.01046196987252724 0.08315803922811503
v 0.19893610564036374 0.010480808755868327 0.08136890034919018
v 0.1988423098595415 0.011026659535579027 0.08137231068870764
v 0.19666474322779232 0.01046196987252724 0.08315803922811503
v 0.1988423098595415 0.011026659535579027 0.08137231068870764
v 0.1987436617835669 0.011572198463773449 0.08137589650430764
v 0.19666474322779232 0.01046196987252724 0.08315803922811503
v 0.1986403445179174 0.012116371730281914 0.08137963490780552
v 0.19853219021590535 0.012660064344912078 0.08138354115799105
v 0.19567362379595105 0.013792190253177359 0.08342537322518771
v 0.19853219021590535 0.012660064344912078 0.08138354115799105
v 0.19841938198300818 0.013202393205205007 0.08138759999607446
v 0.19567362379595105 0.013792190253177359 0.08342537322518771
v 0.19805248438257367 0.014823897112178363 0.0814007225552915
v 0.19792553125154372 0.015343670620142646 0.08140530019222768
v 0.19567362379595105 0.013792190253177359 0.08342537322518771
v 0.19817951380755255 0.014284393035344798 0.08139619069472469
v 0.19805248438257367 0.014823897112178363 0.0814007225552915
v 0.1955070283290538 0.016704914886458432 0.08301343930669612
v 0.19792553125154372 0.015343670620142646 0.08140530019222768
v 0.19778437218722184 0.01589920500932208 0.08141022878132896
v 0.1974969881403687 0.01697164043928835 0.08142116170421153
v 0.1955070283290538 0.016704914886458432 0.08301343930669612
v 0.19764330467563868 0.016435009783306597 0.0814152031467996
v 0.1955070283290538 0.016704914886458432 0.08301343930669612
v 0.19778437218722184 0.01589920500932208 0.08141022878132896
v 0.19764330467563868 0.016435009783306597 0.0814152031467996
v 0.1955070283290538 0.016704914886458432 0.08301343930669612
v 0.1974969881403687 0.01697164043928835 0.08142116170421153
v 0.19734713156586808 0.017502972480516476 0.08142559438264473
v 0.1955070283290538 0.016704914886458432 0.08301343930669612
v 0.19719207174405 0.01803496827910035 0.08143099599422941
v 0.19703237325013662 0.018565604138044433 0.08143654256431708
v 0.1955070283290538 0.016704914886458432 0.08301343930669612
v 0.19734713156586808 0.017502972480516476 0.08142559438264473
v 0.19719207174405 0.01803496827910035 0.08143099599422941
v 0.19686805134291768 0.019094771338471497 0.08144221883411794
v 0.1966991060223932 0.019622580506607493 0.08144803243302688
v 0.19479184885172524 0.019749222739795527 0.08287048733457424
v 0.19479184885172524 0.019749222739795527 0.08287048733457424
v 0.19703237325013662 0.018565604138044433 0.08143654256431708
v 0.19686805134291768 0.019094771338471497 0.08144221883411794
v 0.19479184885172524 0.019749222739795527 0.08287048733457424
v 0.19634745195295616 0.020673579244271392 0.08146005635937924
v 0.19616478898041295 0.02119660859650653 0.08146625142803286
v 0.19479184885172524 0.019749222739795527 0.08287048733457424
v 0.19652559832372235 0.020148758891584975 0.08145398336104391
v 0.19634745195295616 0.020673579244271392 0.08146005635937924
v 0.19479184885172524 0.019749222739795527 0.08287048733457424
v 0.19616478898041295 0.02119660859650653 0.08146625142803286
v 0.1959775025945642 0.021718279916450603 0.08147258382579457
v 0.19391593328277773 0.022669280175243736 0.08276887142398602
v 0.19578576064209757 0.022238003833348077 0.0814790230350848
v 0.19558938001753562 0.02275636590325704 0.0814855919440882
v 0.19391593328277773 0.022669280175243736 0.08276887142398602
v 0.19538862012030472 0.023272624167524084 0.08149226766462013
v 0.19518338939766616 0.0237870303961807 0.08150065236960823
v 0.19391593328277773 0.022669280175243736 0.08276887142398602
v 0.19558938001753562 0.02275636590325704 0.0814855919440882
v 0.19538862012030472 0.023272624167524084 0.08149226766462013
v 0.19497347422656292 0.024300156793843914 0.08150596242845419
v 0.19475907297126221 0.02481142734119925 0.08151298147175633
v 0.19391593328277773 0.022669280175243736 0.08276887142398602
v 0.19391593328277773 0.022669280175243736 0.08276887142398602
v 0.19518338939766616 0.0237870303961807 0.08150065236960823
v 0.19497347422656292 0.024300156793843914 0.08150596242845419
v 0.19391593328277773 0.022669280175243736 0.08276887142398602
v 0.19475907297126221 0.02481142734119925 0.08151298147175633
v 0.19454046028998023 0.0253202869997682 0.08152009206779719
v 0.19172139887678516 0.027081475590500243 0.08301093686517101
v 0.19431714790144378 0.025827777181953743 0.08152731710476145
v 0.19408970038087497 0.026332705794803752 0.08153462606506955
v 0.19172139887678516 0.027081475590500243 0.08301093686517101
v 0.19391593328277773 0.022669280175243736 0.08276887142398602
v 0.19431714790144378 0.025827777181953743 0.08152731710476145
v 0.19172139887678516 0.027081475590500243 0.08301093686517101
v 0.19385756841184149 0.026836261116572908 0.08154204946630104
v 0.193621347087145 0.027337106095806103 0.08154954916148148
v 0.19172139887678516 0.027081475590500243 0.08301093686517101
v 0.19408970038087497 0.026332705794803752 0.08153462606506955
v 0.19385756841184149 0.026836261116572908 0.08154204946630104
v 0.19172139887678516 0.027081475590500243 0.08301093686517101
v 0.19338044131398385 0.027836568247214828 0.08155715566819043
v 0.19313517152694354 0.028333909426843124 0.0815648460982432
v 0.19172139887678516 0.027081475590500243 0.08301093686517101
v 0.19313517152694354 0.028333909426843124 0.0815648460982432
v 0.19288593445455854 0.028828397212781205 0.08157261282224491
v 0.19263204345128843 0.029321343860950772 0.08158047109898535
v 0.19237418516267363 0.02981144474482502 0.08158839804027983
v 0.19172139887678516 0.027081475590500243 0.08301093686517101
v 0.1907473998070852 0.030428637996186024 0.08250908289846313
v 0.19211176449591244 0.030299848088335433 0.08159641653431303
v 0.1918453612850168 0.030785413296945417 0.08160449606350538
v 0.1907473998070852 0.030428637996186024 0.08250908289846313
v 0.19237418516267363 0.02981144474482502 0.08158839804027983
v 0.19211176449591244 0.030299848088335433 0.08159641653431303
v 0.1907473998070852 0.030428637996186024 0.08250908289846313
v 0.1915744719899237 0.031269122655247526 0.08161265188664667
v 0.19129963066827568 0.0317500015080441 0.0816208687449471
v 0.1895308775325066 0.032305417641602684 0.08261886989098242
v 0.1907473998070852 0.030428637996186024 0.08250908289846313
v 0.19102036429758937 0.03222887573733237 0.08162915426780158
v 0.19102036429758937 0.03222887573733237 0.08162915426780158
v 0.19073714590034815 0.03270491946111511 0.08163750082581521
v 0.1895308775325066 0.032305417641602684 0.08261886989098242
v 0.1895308775325066 0.032305417641602684 0.08261886989098242
v 0.19044957874801757 0.0331788078808404 0.08164590841898799
v 0.19015807482792188 0.033649873424455044 0.08165436941792502
v 0.1895308775325066 0.032305417641602684 0.08261886989098242
v 0.19073714590034815 0.03270491946111511 0.08163750082581521
v 0.19044957874801757 0.0331788078808404 0.08164590841898799
v 0.1895308775325066 0.032305417641602684 0.08261886989098242
v 0.18986229844668576 0.03411863870550926 0.0816628838226263
v 0.1895626005564743 0.03458458111045284 0.08167144400369696
v 0.18925872175786115 0.03504807447963556 0.08168005759053186
v 0.1889509061914829 0.03550875260210253 0.08168870932434123
v 0.18821291482342237 0.03443691417228669 0.08263237391994414
v 0.18821291482342237 0.03443691417228669 0.08263237391994414
v 0.1889509061914829 0.03550875260210253 0.08168870932434123
v 0.18863900126944164 0.03596683673030567 0.08169739920512507
v 0.1862833950784548 0.03668164618198191 0.08292195523252664
v 0.18821291482342237 0.03443691417228669 0.08263237391994414
v 0.18832317483842506 0.036422105611793064 0.08170613486227828
v 0.1862833950784548 0.03668164618198191 0.08292195523252664
v 0.18800335060448423 0.03687464316990854 0.08171490103701105
v 0.18767958960277828 0.03732436548130826 0.0817236977293234
v 0.1862833950784548 0.03668164618198191 0.08292195523252664
v 0.18832317483842506 0.036422105611793064 0.08170613486227828
v 0.18800335060448423 0.03687464316990854 0.08171490103701105
v 0.1862833950784548 0.03668164618198191 0.08292195523252664
v 0.18735195286846637 0.03777121914022799 0.08173252493921533
v 0.18702036410759956 0.038215257552431964 0.08174138266668683
v 0.1862833950784548 0.03668164618198191 0.08292195523252664
v 0.18634569671715615 0.039094507166947984 0.08175915915678898
v 0.18600258756999996 0.03952974125744471 0.08176983268024517
v 0.1866850064256553 0.03865628998304785 0.08175026328234301
v 0.18634569671715615 0.039094507166947984 0.08175915915678898
v 0.1862833950784548 0.03668164618198191 0.08292195523252664
v 0.1840960323036622 0.03940649219763562 0.08300786221902888
v 0.18565578579571526 0.03996184729603505 0.08177700431144518
v 0.18530527613551226 0.04039084054150879 0.0817859459622605
v 0.1840960323036622 0.03940649219763562 0.08300786221902888
v 0.18600258756999996 0.03952974125744471 0.08176983268024517
v 0.18565578579571526 0.03996184729603505 0.08177700431144518
v 0.18495084496633393 0.04081701472556934 0.08179490287186562
v 0.1845929347930841 0.04123979764359967 0.08180385978147074
v 0.1840960323036622 0.03940649219763562 0.08300786221902888
v 0.18229744823385904 0.041652265619733814 0.08297034848433692
v 0.1845929347930841 0.04123979764359967 0.08180385978147074
v 0.1842310725932794 0.04165975005612446 0.08181282432047075
v 0.18229744823385904 0.041652265619733814 0.08297034848433692
v 0.18386586871851127 0.04207618913230074 0.08182178123007587
v 0.18349671281718824 0.042489793888274036 0.08183075339847078
v 0.18312432205243032 0.04289976323758052 0.081839702678681
v 0.1827479792611175 0.04330689826668402 0.08184865958828612
v 0.18229744823385904 0.041652265619733814 0.08297034848433692
v 0.1801082391455022 0.04407547587887309 0.08295840848132839
v 0.18198508554812418 0.044110807606625474 0.0818665200017321
v 0.18159868721434155 0.04450747129123747 0.08187543113496785
v 0.18198508554812418 0.044110807606625474 0.0818665200017321
v 0.1801082391455022 0.04407547587887309 0.08295840848132839
v 0.1823692103222285 0.04370955102628751 0.08185892112441805
v 0.18120829107763467 0.04490128158215925 0.08188432700941382
v 0.18081455326596438 0.0452916014249172 0.08189320762507
v 0.1801082391455022 0.04407547587887309 0.08295840848132839
v 0.1801082391455022 0.04407547587887309 0.08295840848132839
v 0.1805259179983487 0.04557344653107756 0.08189965446375512
v 0.18041782473149579 0.045678079867346205 0.08190205772314661
v 0.1801082391455022 0.04407547587887309 0.08295840848132839
v 0.18041782473149579 0.045678079867346205 0.08190205772314661
v 0.1800172662407906 0.04606152181060755 0.08191088493303854
v 0.17767517933755525 0.04576022174746844 0.08334316649520888
v 0.1801082391455022 0.04407547587887309 0.08295840848132839
v 0.17961391539155433 0.04644096213624718 0.081919673995956
v 0.17961391539155433 0.04644096213624718 0.081919673995956
v 0.17920676510366104 0.046817327815744686 0.08192844780008367
v 0.17767517933755525 0.04576022174746844 0.08334316649520888
v 0.1787968071984469 0.047189699507015376 0.08193717582784198
v 0.17838318718368382 0.04755887066712819 0.0819458809674156
v 0.17767517933755525 0.04576022174746844 0.08334316649520888
v 0.17535604165415994 0.047113230081996554 0.0837590295520707
v 0.17796675955159988 0.04792405546840908 0.081956180650522
v 0.1775467918802853 0.04828592911230615 0.08196316154684967
v 0.1775467918802853 0.04828592911230615 0.08196316154684967
v 0.17712319261700135 0.04864453356049129 0.0819717522454999
v 0.17535604165415994 0.047113230081996554 0.0837590295520707
v 0.17535604165415994 0.047113230081996554 0.0837590295520707
v 0.17712319261700135 0.04864453356049129 0.0819717522454999
v 0.176706795502497 0.04899094242093897 0.0819799996213799
v 0.17535604165415994 0.047113230081996554 0.0837590295520707
v 0.176706795502497 0.04899094242093897 0.0819799996213799
v 0.17626885297681302 0.049348772485542404 0.0819887505373229
v 0.17583658672092992 0.04969571158893519 0.08199718864807524
v 0.17540151284772595 0.05003868340698329 0.08200557335306334
v 0.17535604165415994 0.047113230081996554 0.0837590295520707
v 0.172169746947155 0.050037119381030094 0.08354700103858191
v 0.17535604165415994 0.047113230081996554 0.0837590295520707
v 0.17496328040503603 0.05037800074487734 0.08201390465228718
v 0.17496328040503603 0.05037800074487734 0.08201390465228718
v 0.17452227086260483 0.0507133584268216 0.08202218254574677
v 0.172169746947155 0.050037119381030094 0.08354700103858191
v 0.172169746947155 0.050037119381030094 0.08354700103858191
v 0.17407820956221617 0.05104494718768841 0.0820303994040472
v 0.17363138642087603 0.05137258010730287 0.08203855522718849
v 0.17318163359189673 0.05169634873840371 0.08204664238577573
v 0.17272911892196594 0.05201615771355476 0.08205467613859872
v 0.172169746947155 0.050037119381030094 0.08354700103858191
v 0.17227375085834493 0.05233206043852027 0.08206282433234512
v 0.1718157582828805 0.05264388906661258 0.08207053002118768
v 0.172169746947155 0.050037119381030094 0.08354700103858191
v 0.1693125080419122 0.0521225915870183 0.08348384490765247
v 0.172169746947155 0.050037119381030094 0.08354700103858191
v 0.17135506490162375 0.05295171607708319 0.08207835015095365
v 0.17135506490162375 0.05295171607708319 0.08207835015095365
v 0.1708915944206257 0.053255583431604005 0.08208610161616557
v 0.1693125080419122 0.0521225915870183 0.08348384490765247
v 0.17042487381740298 0.05355578867657588 0.08209445580357409
v 0.16995688673462792 0.053851057703051576 0.08210137566474261
v 0.1693125080419122 0.0521225915870183 0.08348384490765247
v 0.1670468524167212 0.05286802542979755 0.08392224519703005
v 0.1693125080419122 0.0521225915870183 0.08348384490765247
v 0.16948580211752604 0.05414257306723961 0.08210889061871283
v 0.16948580211752604 0.05414257306723961 0.08210889061871283
v 0.16901194040068288 0.0544301249607804 0.08211633690812901
v 0.1670468524167212 0.05286802542979755 0.08392224519703005
v 0.16853586615932056 0.05471335480211396 0.08212369164480647
v 0.16805701481821697 0.054992617358102826 0.0821309624581401
v 0.1670468524167212 0.05286802542979755 0.08392224519703005
v 0.1675761187992819 0.055267473938540625 0.0821381493481299
v 0.16709243042181574 0.055538355604238844 0.08214525231477586
v 0.1670468524167212 0.05286802542979755 0.08392224519703005
v 0.16660683469562618 0.05580475500043706 0.0821522637286831
v 0.16611846186969534 0.056067175667198245 0.08215918358985162
v 0.16411634080292 0.05535850406371393 0.08336614623262849
v 0.16562833428293897 0.05632504158520794 0.08216601189828142
v 0.16513541433765153 0.05657891732968826 0.08217274865397249
v 0.16411634080292 0.05535850406371393 0.08336614623262849
v 0.16411634080292 0.05535850406371393 0.08336614623262849
v 0.1647103654893378 0.056793436840609814 0.08217845544135292
v 0.16414357774269026 0.05707342418911358 0.08218593224834868
v 0.16165854649672792 0.05600698737088242 0.08374782197097196
v 0.16411634080292 0.05535850406371393 0.08336614623262849
v 0.16364460005785728 0.057314104895125374 0.0821923714576389
v 0.16364460005785728 0.057314104895125374 0.0821923714576389
v 0.16314327251939706 0.05755054747227376 0.0821987114847955
v 0.16165854649672792 0.05600698737088242 0.08374782197097196
v 0.16263970193883812 0.057782698514794485 0.08220495995921338
v 0.1621347885847779 0.058010138405968394 0.08221109399270786
v 0.16165854649672792 0.05600698737088242 0.08374782197097196
v 0.15890518943235674 0.05727243695491383 0.08371873871763745
v 0.16165854649672792 0.05600698737088242 0.08374782197097196
v 0.16162728123645384 0.05823345079450485 0.08221712884406872
v 0.16165854649672792 0.05600698737088242 0.08374782197097196
v 0.1619039841304559 0.05811234940935831 0.08221385583365935
v 0.16162728123645384 0.05823345079450485 0.08221712884406872
v 0.15890518943235674 0.05727243695491383 0.08371873871763745
v 0.1611184463734183 0.058452059661089385 0.08222304925450617
v 0.160607154845227 0.058666460916390085 0.0822288781122049
v 0.160607154845227 0.058666460916390085 0.0822288781122049
v 0.15957949061184526 0.05908165640119871 0.08224715051297514
v 0.15890518943235674 0.05727243695491383 0.08371873871763745
v 0.160607154845227 0.058666460916390085 0.0822288781122049
v 0.16009494778964847 0.058876082355789935 0.08223452386442619
v 0.15957949061184526 0.05908165640119871 0.08224715051297514
v 0.15890518943235674 0.05727243695491383 0.08371873871763745
v 0.15957949061184526 0.05908165640119871 0.08224715051297514
v 0.15860324850004656 0.05945723243832472 0.08225022515911727
v 0.15957949061184526 0.05908165640119871 0.08224715051297514
v 0.1590255507661986 0.05929704184844069 0.08224608239769003
v 0.15860324850004656 0.05945723243832472 0.08225022515911727
v 0.15890518943235674 0.05727243695491383 0.08371873871763745
v 0.15802529131927476 0.05967048546969393 0.08225631341624239
v 0.15750255569874302 0.059858164769379704 0.08226596460078282
v 0.1563512189741356 0.05820289888265332 0.08374233643604344
v 0.15750255569874302 0.059858164769379704 0.08226596460078282
v 0.15698059827649044 0.06004043101338845 0.08226649865842538
v 0.15698059827649044 0.06004043101338845 0.08226649865842538
v 0.15645575694296807 0.06021859264294442 0.08227141961813177
v 0.1563512189741356 0.05820289888265332 0.08374233643604344
v 0.1536761547601628 0.05945557304493536 0.08348753753478098
v 0.1563512189741356 0.05820289888265332 0.08374233643604344
v 0.1559295880947342 0.06039209271222039 0.08227621087812496
v 0.1559295880947342 0.06039209271222039 0.08227621087812496
v 0.15540175603841352 0.06056105329153465 0.08228089532658965
v 0.1536761547601628 0.05945557304493536 0.08348753753478098
v 0.15380997434659702 0.06104012207039271 0.08229623041032584
v 0.15508876774229738 0.06065891172513775 0.08228374109088497
v 0.15487261172617114 0.06072535612526635 0.08228545007534115
v 0.1536761547601628 0.05945557304493536 0.08348753753478098
v 0.15327666438474272 0.06119053559072056 0.08229839715847563
v 0.15274202690817693 0.06133629136546585 0.08230246362595393
v 0.1536761547601628 0.05945557304493536 0.08348753753478098
v 0.15220619924600773 0.061477366506443906 0.08230640802311394
v 0.15166905932791683 0.06161378008714195 0.08231023034995565
v 0.15166905932791683 0.06161378008714195 0.08231023034995565
v 0.1502728953211729 0.05934033866446202 0.08423063296802534
v 0.1536761547601628 0.05945557304493536 0.08348753753478098
v 0.1511308818121204 0.061745471072400845 0.08231391534768927
v 0.15059140729919204 0.06187250049737973 0.08231747827510459
v 0.1502728953211729 0.05934033866446202 0.08423063296802534
v 0.1495094065153779 0.06211237630223025 0.08232422266019056
v 0.14741629728510117 0.060542906775780156 0.083814808058138
v 0.1500504984600237 0.061994898879658186 0.08232149133681864
v 0.14741629728510117 0.060542906775780156 0.083814808058138
v 0.1484233926698497 0.06233332739304713 0.08233044824642376
v 0.1478791879320873 0.06243664847339407 0.08233336267527312
v 0.14741629728510117 0.060542906775780156 0.083814808058138
v 0.1473336709384032 0.06253529654936867 0.0823361474044093
v 0.14678780299255398 0.06262909614488836 0.08233880243383228
v 0.14741629728510117 0.060542906775780156 0.083814808058138
v 0.14624060753199328 0.06271821129194337 0.08234132013414718
v 0.14569321370716534 0.06280246651445114 0.08234370813474888
v 0.14569321370716534 0.06280246651445114 0.08234370813474888
v 0.1431207953720914 0.061148055119952846 0.08385286347986741
v 0.14741629728510117 0.060542906775780156 0.083814808058138
v 0.1431207953720914 0.061148055119952846 0.08385286347986741
v 0.1451445076264157 0.06288202584440188 0.0823459588062425
v 0.1445957710280865 0.06295670617631814 0.08234807977802293
v 0.1441216956881863 0.06301764215333354 0.08234980402126889
v 0.14338291086305685 0.06310443414964344 0.08235226831581953
v 0.1431207953720914 0.061148055119952846 0.08385286347986741
v 0.1431207953720914 0.061148055119952846 0.08385286347986741
v 0.14338291086305685 0.06310443414964344 0.08235226831581953
v 0.14294457160883842 0.06315214457061073 0.0823536263481106
v 0.14294457160883842 0.06315214457061073 0.0823536263481106
v 0.14233483036893976 0.06321322932082656 0.08235536585014634
v 0.1431207953720914 0.061148055119952846 0.08385286347986741
v 0.139438498444262 0.06143422227832045 0.08386983125411084
v 0.1431207953720914 0.061148055119952846 0.08385286347986741
v 0.14184140688358934 0.06325836482101725 0.08235664758848847
v 0.1431207953720914 0.061148055119952846 0.08385286347986741
v 0.14233483036893976 0.06321322932082656 0.08235536585014634
v 0.14184140688358934 0.06325836482101725 0.08235664758848847
v 0.14073654843267389 0.06334532084931736 0.082359119512434
v 0.139438498444262 0.06143422227832045 0.08386983125411084
v 0.14128882507023374 0.0633042785194871 0.08235827264960081
v 0.139438498444262 0.06143422227832045 0.08386983125411084
v 0.14018356989078382 0.06338156428975954 0.08236014948074465
v 0.13963034720825715 0.06341297832323405 0.0823610497493421
v 0.13963034720825715 0.06341297832323405 0.0823610497493421
v 0.1390767583147756 0.06343956676443833 0.08236282739835231
v 0.139438498444262 0.06143422227832045 0.08386983125411084
v 0.13832836045208016 0.06264732276928923 0.08299241269436929
v 0.13852313890371445 0.06346132198397751 0.08236242304042295
v 0.13796932112838609 0.06347824016715413 0.08236290369230125
v 0.1363070133101729 0.06334396663172374 0.08248359309012353
v 0.13832836045208016 0.06264732276928923 0.08299241269436929
v 0.1368612583316153 0.06349758449790692 0.08236346063812848
v 0.13832836045208016 0.06264732276928923 0.08299241269436929
v 0.13741524395363133 0.06349033275806053 0.08236325464446635
v 0.1368612583316153 0.06349758449790692 0.08236346063812848
v 0.13757889447409963 0.05349190012373665 0.08917564815651423
v 0.1363070133101729 0.052380308731827564 0.08984600493884275
v 0.138492331407134 0.05173224885607567 0.09020000123251214
v 0.1363070133101729 0.052380308731827564 0.08984600493884275
v 0.1363070133101729 0.05176833207922508 0.09020000123251214
v 0.138492331407134 0.05173224885607567 0.09020000123251214
v 0.14165619569315166 0.05312295784547064 0.08925921291878412
v 0.13757889447409963 0.05349190012373665 0.08917564815651423
v 0.138492331407134 0.05173224885607567 0.09020000123251214
v 0.14165619569315166 0.05312295784547064 0.08925921291878412
v 0.138492331407134 0.05173224885607567 0.09020000123251214
v 0.1433288642296304 0.05129450469465894 0.09020014619101512
v 0.15042647504038162 0.05314985146247068 0.08825494803954113
v 0.14689583522424773 0.05361618296655383 0.08848588219357632
v 0.14760904631769375 0.05047963191425534 0.09020001649130192
v 0.15078688765515655 0.049644720528163634 0.09020000123251214
v 0.15282367669232852 0.05112507490755872 0.08901237147639572
v 0.15042647504038162 0.05314985146247068 0.08825494803954113
v 0.15857929220008057 0.04844913712787061 0.08920727199834831
v 0.15282367669232852 0.05112507490755872 0.08901237147639572
v 0.15482147952159406 0.04823635711898481 0.09020000123251214
v 0.15857929220008057 0.04844913712787061 0.08920727199834831
v 0.15482147952159406 0.04823635711898481 0.09020000123251214
v 0.1600333785728569 0.04580920627738297 0.09020000123251214
v 0.1600333785728569 0.04580920627738297 0.09020000123251214
v 0.16316629803318602 0.04395711344649336 0.09020000123251214
v 0.16363590254767854 0.04657123405405586 0.08874805871970091
v 0.1665307848873265 0.04506164764812584 0.08854354516018235
v 0.16363590254767854 0.04657123405405586 0.08874805871970091
v 0.16477985401802894 0.04287952626762517 0.09020000123251214
v 0.16477985401802894 0.04287952626762517 0.09020000123251214
v 0.16546241020279237 0.04240189944440201 0.09020000123251214
v 0.1665307848873265 0.04506164764812584 0.08854354516018235
v 0.16864746894782454 0.04213244066085145 0.08920158809915256
v 0.1665307848873265 0.04506164764812584 0.08854354516018235
v 0.16546241020279237 0.04240189944440201 0.09020000123251214
v 0.16546241020279237 0.04240189944440201 0.09020000123251214
v 0.16671367674171653 0.041479784074676146 0.09020000123251214
v 0.16864746894782454 0.04213244066085145 0.08920158809915256
v 0.1712036824481444 0.03955528065685113 0.08937962002899534
v 0.16864746894782454 0.04213244066085145 0.08920158809915256
v 0.1693265003521471 0.03935447498325087 0.09020000123251214
v 0.1712036824481444 0.03955528065685113 0.08937962002899534
v 0.1693265003521471 0.03935447498325087 0.09020000123251214
v 0.1704983448902286 0.03829320708006015 0.09020000123251214
v 0.1712036824481444 0.03955528065685113 0.08937962002899534
v 0.1704983448902286 0.03829320708006015 0.09020000123251214
v 0.1714886098298418 0.037349988804058515 0.09020000123251214
v 0.17444980686990516 0.03421150370015449 0.09020000123251214
v 0.17510105201802514 0.036986085741119744 0.08881516687718526
v 0.1736918722635927 0.03506124281522196 0.09020000123251214
v 0.17728682787867986 0.03527359176329627 0.08848801842414654
v 0.17444980686990516 0.03421150370015449 0.09020000123251214
v 0.17503061744436718 0.033509034794718694 0.09020000123251214
v 0.17728682787867986 0.03527359176329627 0.08848801842414654
v 0.17503061744436718 0.033509034794718694 0.09020000123251214
v 0.17571202921989656 0.03267180788727677 0.09020000123251214
v 0.17799097525099225 0.03301317753239721 0.08901079219165274
v 0.17728682787867986 0.03527359176329627 0.08848801842414654
v 0.17623825910328958 0.03200202712426272 0.09020000123251214
v 0.17799097525099225 0.03301317753239721 0.08901079219165274
v 0.17623825910328958 0.03200202712426272 0.09020000123251214
v 0.17707091600319022 0.030894767321304493 0.09020000123251214
v 0.1795224999819389 0.030128865719374363 0.08927307552930584
v 0.17707091600319022 0.030894767321304493 0.09020000123251214
v 0.1778465508056559 0.02979256008511457 0.09020000123251214
v 0.1795224999819389 0.030128865719374363 0.08927307552930584
v 0.1778465508056559 0.02979256008511457 0.09020000123251214
v 0.17835617912576038 0.02903917259815871 0.09020000123251214
v 0.1795224999819389 0.030128865719374363 0.08927307552930584
v 0.1789786614551314 0.028083844565112166 0.09020000123251214
v 0.17945349973452093 0.027312863693531603 0.09020000123251214
v 0.1814478083009252 0.027430278173595796 0.0891498226547993
v 0.17992266174410962 0.026527198144129533 0.09020000123251214
v 0.18037226198519105 0.02574055031013491 0.09020000123251214
v 0.18342138017200857 0.024528254720327398 0.08893612330382882
v 0.18081816959914396 0.024935773126524303 0.09020000123251214
v 0.18134240058107484 0.023929461662101095 0.09020000123251214
v 0.18342138017200857 0.024528254720327398 0.08893612330382882
v 0.18134240058107484 0.023929461662101095 0.09020000123251214
v 0.18185501962397763 0.02290275301042978 0.09020000123251214
v 0.18421228902305128 0.020943348925663866 0.08940710873879708
v 0.18224030406610578 0.022079365825324895 0.09020000123251214
v 0.1825261622339802 0.021450993603096005 0.09020000123251214
v 0.18421228902305128 0.020943348925663866 0.08940710873879708
v 0.18342138017200857 0.024528254720327398 0.08893612330382882
v 0.18224030406610578 0.022079365825324895 0.09020000123251214
v 0.18421228902305128 0.020943348925663866 0.08940710873879708
v 0.1825261622339802 0.021450993603096005 0.09020000123251214
v 0.18280082045015075 0.020821455990797114 0.09020000123251214
v 0.18421228902305128 0.020943348925663866 0.08940710873879708
v 0.18280082045015075 0.020821455990797114 0.09020000123251214
v 0.18314151870852055 0.020011729237249268 0.09020000123251214
v 0.18314151870852055 0.020011729237249268 0.09020000123251214
v 0.1834989253417074 0.019115323020966205 0.09020000123251214
v 0.18421228902305128 0.020943348925663866 0.08940710873879708
v 0.1839865047105693 0.01781376541825198 0.09020000123251214
v 0.18421228902305128 0.020943348925663866 0.08940710873879708
v 0.18374700274606856 0.018465298576029198 0.09020000123251214
v 0.1858051540889427 0.01629268342156599 0.08945778317968055
v 0.1839865047105693 0.01781376541825198 0.09020000123251214
v 0.18424257772077898 0.017079745150233593 0.09020000123251214
v 0.18424257772077898 0.017079745150233593 0.09020000123251214
v 0.18455806845842024 0.016128317645326417 0.09020000123251214
v 0.1858051540889427 0.01629268342156599 0.08945778317968055
v 0.1858051540889427 0.01629268342156599 0.08945778317968055
v 0.18455806845842024 0.016128317645326417 0.09020000123251214
v 0.18483037682096357 0.015249616393568376 0.09020000123251214
v 0.1858051540889427 0.01629268342156599 0.08945778317968055
v 0.18502529260170594 0.014589008070565188 0.09020000123251214
v 0.18521264002271384 0.013923313802191037 0.09020000123251214
v 0.18483037682096357 0.015249616393568376 0.09020000123251214
v 0.18502529260170594 0.014589008070565188 0.09020000123251214
v 0.1858051540889427 0.01629268342156599 0.08945778317968055
v 0.18728322727926458 0.01314187684490876 0.08912219661588948
v 0.18538858912775066 0.013259068165172314 0.09020000123251214
v 0.18555742763674662 0.012589907290493372 0.09020000123251214
v 0.18728322727926458 0.01314187684490876 0.08912219661588948
v 0.18555742763674662 0.012589907290493372 0.09020000123251214
v 0.18571683621365406 0.011920642465309002 0.09020000123251214
v 0.18728322727926458 0.01314187684490876 0.08912219661588948
v 0.18581845975363717 0.011472658702270662 0.09020000123251214
v 0.1874280637119252 0.010562102819483006 0.08937911648893236
v 0.1874280637119252 0.010562102819483006 0.08937911648893236
v 0.18581845975363717 0.011472658702270662 0.09020000123251214
v 0.18596341825661608 0.010798094308658308 0.09020000123251214
v 0.1874280637119252 0.010562102819483006 0.08937911648893236
v 0.18596341825661608 0.010798094308658308 0.09020000123251214
v 0.18609992339005285 0.010123303894222231 0.09020000123251214
v 0.18875353374558476 0.00829027882852052 0.08882185022711207
v 0.1874280637119252 0.010562102819483006 0.08937911648893236
v 0.186456734930438 0.008083310511194935 0.09020000123251214
v 0.1874280637119252 0.010562102819483006 0.08937911648893236
v 0.1863462460335885 0.008766029774274214 0.09020000123251214
v 0.186456734930438 0.008083310511194935 0.09020000123251214
v 0.18875353374558476 0.00829027882852052 0.08882185022711207
v 0.186456734930438 0.008083310511194935 0.09020000123251214
v 0.1865572750963462 0.007401061886413157 0.09020000123251214
v 0.18875353374558476 0.00829027882852052 0.08882185022711207
v 0.18673284273163834 0.0060286205294166105 0.09020000123251214
v 0.18680814485923844 0.0053382895144193955 0.09020000123251214
v 0.18680814485923844 0.0053382895144193955 0.09020000123251214
v 0.1890621122514524 0.006614227132243637 0.08877109186288477
v 0.18875353374558476 0.00829027882852052 0.08882185022711207
v 0.1890621122514524 0.006614227132243637 0.08877109186288477
v 0.18680814485923844 0.0053382895144193955 0.09020000123251214
v 0.18687273531640788 0.004648915988481331 0.09020000123251214
v 0.18687273531640788 0.004648915988481331 0.09020000123251214
v 0.18857912577831645 0.0032117599582297284 0.0892430767485841
v 0.1890621122514524 0.006614227132243637 0.08877109186288477
v 0.18857912577831645 0.0032117599582297284 0.0892430767485841
v 0.18692978793142243 0.003955063292484936 0.09020000123251214
v 0.18697664767485908 0.003262151873083543 0.09020000123251214
v 0.1890668882526558 0.0005375050561621384 0.08900669520659486
v 0.18857912577831645 0.0032117599582297284 0.0892430767485841
v 0.18705866366996557 0.0014024885366921433 0.09020000123251214
v 0.18857912577831645 0.0032117599582297284 0.0892430767485841
v 0.1870442593724064 0.0018685238056766903 0.09020000123251214
v 0.18705866366996557 0.0014024885366921433 0.09020000123251214
v 0.1890668882526558 0.0005375050561621384 0.08900669520659486
v 0.18707723361713666 0.0 0.09020000123251214
v 0.1870823300529256 -0.000509425068256145 0.09020000123251214
v 0.1870823300529256 -0.000509425068256145 0.09020000123251214
v 0.1870684445542192 -0.0009649376731475999 0.09020000123251214
v 0.18705799228321493 -0.0014275141440361913 0.09020000123251214
v 0.18705799228321493 -0.0014275141440361913 0.09020000123251214
v 0.189047509589626 -0.002319613090064622 0.08899533503759825
v 0.1870823300529256 -0.000509425068256145 0.09020000123251214
v 0.18700241977080975 -0.0028137017632823298 0.09020000123251214
v 0.18696230441245906 -0.0035071934935328197 0.09020000123251214
v 0.189047509589626 -0.002319613090064622 0.08899533503759825
v 0.18826331460608967 -0.005768267905508776 0.08931289334125568
v 0.189047509589626 -0.002319613090064622 0.08899533503759825
v 0.18696230441245906 -0.0035071934935328197 0.09020000123251214
v 0.18826331460608967 -0.005768267905508776 0.08931289334125568
v 0.18691059237387006 -0.0041973645296558585 0.09020000123251214
v 0.18685149508102403 -0.00488903164243382 0.09020000123251214
v 0.18826331460608967 -0.005768267905508776 0.08931289334125568
v 0.18685149508102403 -0.00488903164243382 0.09020000123251214
v 0.18678252535118564 -0.005578225400754703 0.09020000123251214
v 0.18826331460608967 -0.005768267905508776 0.08931289334125568
v 0.1866182034439667 -0.0069560025658049794 0.09020000123251214
v 0.18652283600779637 -0.0076445363814675645 0.09020000123251214
v 0.18652283600779637 -0.0076445363814675645 0.09020000123251214
v 0.18774353919077666 -0.009048911524465747 0.08935446591403105
v 0.18826331460608967 -0.005768267905508776 0.08931289334125568
v 0.18774353919077666 -0.009048911524465747 0.08935446591403105
v 0.18652283600779637 -0.0076445363814675645 0.09020000123251214
v 0.1864175656170541 -0.008330409445660996 0.09020000123251214
v 0.18774353919077666 -0.009048911524465747 0.08935446591403105
v 0.18618047454133976 -0.009701155169642435 0.09020000123251214
v 0.18609330107528518 -0.010157205110432062 0.09020000123251214
v 0.18609330107528518 -0.010157205110432062 0.09020000123251214
v 0.1877703183668533 -0.011222190436284703 0.08910160487907158
v 0.18774353919077666 -0.009048911524465747 0.08935446591403105
v 0.1877703183668533 -0.011222190436284703 0.08910160487907158
v 0.18596503568833353 -0.010792539155501386 0.09020000123251214
v 0.1857871944933631 -0.011614404276324992 0.09020000123251214
v 0.1877703183668533 -0.011222190436284703 0.08910160487907158
v 0.1855938656267586 -0.012441557521484245 0.09020000123251214
v 0.18542643092642305 -0.013112200406121275 0.09020000123251214
v 0.18753946813616193 -0.014009093950003168 0.08884333460313253
v 0.1877703183668533 -0.011222190436284703 0.08910160487907158
v 0.18531018946582375 -0.01355802600407908 0.09020000123251214
v 0.18531018946582375 -0.01355802600407908 0.09020000123251214
v 0.18512835046792905 -0.014224546154450466 0.09020000123251214
v 0.18753946813616193 -0.014009093950003168 0.08884333460313253
v 0.18512835046792905 -0.014224546154450466 0.09020000123251214
v 0.18493847008781647 -0.014887859097943445 0.09020000123251214
v 0.18753946813616193 -0.014009093950003168 0.08884333460313253
v 0.1848073360483848 -0.015328719867174222 0.09020000123251214
v 0.184603127664662 -0.015987871929427088 0.09020000123251214
v 0.18558937954256113 -0.017585846782548497 0.08935341305753573
v 0.184603127664662 -0.015987871929427088 0.09020000123251214
v 0.18438948934885066 -0.016642824963465374 0.09020000123251214
v 0.18558937954256113 -0.017585846782548497 0.08935341305753573
v 0.1839387446985352 -0.017945572751783 0.09020000123251214
v 0.18370005144989318 -0.018592591215131914 0.09020000123251214
v 0.18558937954256113 -0.017585846782548497 0.08935341305753573
v 0.18370005144989318 -0.018592591215131914 0.09020000123251214
v 0.18345214189221967 -0.019235228498463167 0.09020000123251214
v 0.18558937954256113 -0.017585846782548497 0.08935341305753573
v 0.183569314138996 -0.021216139847434215 0.08968950316138978
v 0.18558937954256113 -0.017585846782548497 0.08935341305753573
v 0.18328266251405265 -0.01966249940803967 0.09020000123251214
v 0.18328266251405265 -0.01966249940803967 0.09020000123251214
v 0.1830221186784353 -0.020301650057904533 0.09020000123251214
v 0.183569314138996 -0.021216139847434215 0.08968950316138978
v 0.183569314138996 -0.021216139847434215 0.08968950316138978
v 0.18275147352397877 -0.020935879748063005 0.09020000123251214
v 0.182472527587878 -0.021570315431883605 0.09020000123251214
v 0.183569314138996 -0.021216139847434215 0.08968950316138978
v 0.1830221186784353 -0.020301650057904533 0.09020000123251214
v 0.18275147352397877 -0.020935879748063005 0.09020000123251214
v 0.18316870987192144 -0.0237191840947404 0.08929118008338842
v 0.183569314138996 -0.021216139847434215 0.08968950316138978
v 0.182472527587878 -0.021570315431883605 0.09020000123251214
v 0.18316870987192144 -0.0237191840947404 0.08929118008338842
v 0.182472527587878 -0.021570315431883605 0.09020000123251214
v 0.18218613536236103 -0.022196379762157173 0.09020000123251214
v 0.1819900751723846 -0.0226136294615409 0.09020000123251214
v 0.18179021554375116 -0.023029400965663985 0.09020000123251214
v 0.18316870987192144 -0.0237191840947404 0.08929118008338842
v 0.1815865259588811 -0.02344368283043409 0.09020000123251214
v 0.18137903693535404 -0.023856459797061427 0.09020000123251214
v 0.18316870987192144 -0.0237191840947404 0.08929118008338842
v 0.18232978160941823 -0.02713484702247861 0.08877771417765244
v 0.1809525385020105 -0.024677451352169717 0.09020000123251214
v 0.18062566470718797 -0.025284671077056026 0.09020000123251214
v 0.1809525385020105 -0.024677451352169717 0.09020000123251214
v 0.18232978160941823 -0.02713484702247861 0.08877771417765244
v 0.18316870987192144 -0.0237191840947404 0.08929118008338842
v 0.18316870987192144 -0.0237191840947404 0.08929118008338842
v 0.18116770269680058 -0.02426772042145366 0.09020000123251214
v 0.1809525385020105 -0.024677451352169717 0.09020000123251214
v 0.18232978160941823 -0.02713484702247861 0.08877771417765244
v 0.18062566470718797 -0.025284671077056026 0.09020000123251214
v 0.18028392885111263 -0.025897330560501492 0.09020000123251214
v 0.18003873535802126 -0.02894436210781561 0.08940602536472218
v 0.17981885619718693 -0.02670267994872912 0.09020000123251214
v 0.17954970640412957 -0.027154542305396507 0.09020000123251214
v 0.18003873535802126 -0.02894436210781561 0.08940602536472218
v 0.18232978160941823 -0.02713484702247861 0.08877771417765244
v 0.18005333801984766 -0.026300805387404775 0.09020000123251214
v 0.18005333801984766 -0.026300805387404775 0.09020000123251214
v 0.17981885619718693 -0.02670267994872912 0.09020000123251214
v 0.18003873535802126 -0.02894436210781561 0.08940602536472218
v 0.17927861874476922 -0.027598342299010054 0.09020000123251214
v 0.17903652278600465 -0.027986878770711616 0.09020000123251214
v 0.18003873535802126 -0.02894436210781561 0.08940602536472218
v 0.18003873535802126 -0.02894436210781561 0.08940602536472218
v 0.1787911919638052 -0.028372956669908706 0.09020000123251214
v 0.17854264153696062 -0.028756575996601325 0.09020000123251214
v 0.18003873535802126 -0.02894436210781561 0.08940602536472218
v 0.1780359276457055 -0.029516412229591026 0.09020000123251214
v 0.1777796410124388 -0.029894151200169382 0.09020000123251214
v 0.17829088676426072 -0.029137727214045856 0.09020000123251214
v 0.1780359276457055 -0.029516412229591026 0.09020000123251214
v 0.18003873535802126 -0.02894436210781561 0.08940602536472218
v 0.17883745661444014 -0.03167031438572889 0.08907873195318049
v 0.17725196154401598 -0.030637607122322462 0.09020000123251214
v 0.17698429185356798 -0.031006370109808466 0.09020000123251214
v 0.17883745661444014 -0.03167031438572889 0.08907873195318049
v 0.1777796410124388 -0.029894151200169382 0.09020000123251214
v 0.17751645740618824 -0.030266356952101135 0.09020000123251214
v 0.17751645740618824 -0.030266356952101135 0.09020000123251214
v 0.17725196154401598 -0.030637607122322462 0.09020000123251214
v 0.17883745661444014 -0.03167031438572889 0.08907873195318049
v 0.17671346359363402 -0.031372638285164255 0.09020000123251214
v 0.1764394767642141 -0.03173640592634366 0.09020000123251214
v 0.17653455428337847 -0.033430467286104125 0.08955283018126535
v 0.17602555157365526 -0.032273847205532856 0.09020000123251214
v 0.17559867167056706 -0.03281263888761823 0.09020000123251214
v 0.17653455428337847 -0.033430467286104125 0.08955283018126535
v 0.17653455428337847 -0.033430467286104125 0.08955283018126535
v 0.1751676718942363 -0.03334213033732827 0.09020000123251214
v 0.1747296530746034 -0.03386610191983277 0.09020000123251214
v 0.1742886435321722 -0.03643721562837989 0.08939316983432642
v 0.17428463047045814 -0.034384187424176836 0.09020000123251214
v 0.17383251252906182 -0.03489656614114047 0.09020000123251214
v 0.1742886435321722 -0.03643721562837989 0.08939316983432642
v 0.17352722992178823 -0.035234899287093245 0.09020000123251214
v 0.17306346952378424 -0.03573748186101346 0.09020000123251214
v 0.1742886435321722 -0.03643721562837989 0.08939316983432642
v 0.1725926748236883 -0.036234277538906866 0.09020000123251214
v 0.1722774892618428 -0.03656658727759112 0.09020000123251214
v 0.1729065786471917 -0.039929822910969054 0.08851271477541721
v 0.1722774892618428 -0.03656658727759112 0.09020000123251214
v 0.17163007406995942 -0.03720998177836556 0.09020000123251214
v 0.17035466812559183 -0.03925536532888521 0.08984957549565296
v 0.17163007406995942 -0.03720998177836556 0.09020000123251214
v 0.17130295613450028 -0.03752989375034768 0.09020000123251214
v 0.17130295613450028 -0.03752989375034768 0.09020000123251214
v 0.17097272540592454 -0.03784712780472213 0.09020000123251214
v 0.17035466812559183 -0.03925536532888521 0.08984957549565296
v 0.17035466812559183 -0.03925536532888521 0.08984957549565296
v 0.16996321913238963 -0.03878257935672205 0.09020000123251214
v 0.16962044567860876 -0.03908893007928074 0.09020000123251214
v 0.17047461747210943 -0.03831533613994911 0.09020000123251214
v 0.16996321913238963 -0.03878257935672205 0.09020000123251214
v 0.17035466812559183 -0.03925536532888521 0.08984957549565296
v 0.17035466812559183 -0.03925536532888521 0.08984957549565296
v 0.16910065500450597 -0.03954364964433579 0.09020000123251214
v 0.1685303272186278 -0.04002760505062322 0.09020000123251214
v 0.1677594989349451 -0.04178506668194973 0.08968882414524425
v 0.16813579594988856 -0.040353906640828746 0.09020000123251214
v 0.16760715517770916 -0.04078075602633738 0.09020000123251214
v 0.1677594989349451 -0.04178506668194973 0.08968882414524425
v 0.17035466812559183 -0.03925536532888521 0.08984957549565296
v 0.16813579594988856 -0.040353906640828746 0.09020000123251214
v 0.1677594989349451 -0.04178506668194973 0.08968882414524425
v 0.16760715517770916 -0.04078075602633738 0.09020000123251214
v 0.16707311279394507 -0.04120127682878175 0.09020000123251214
v 0.16599027277669262 -0.04201833543082237 0.09020000123251214
v 0.1654421312711651 -0.0424155560612616 0.09020000123251214
v 0.16573743462991783 -0.044549066752197525 0.0890739330637924
v 0.16652893857376225 -0.04161873061447888 0.09020000123251214
v 0.16599027277669262 -0.04201833543082237 0.09020000123251214
v 0.1677594989349451 -0.04178506668194973 0.08968882414524425
v 0.16573743462991783 -0.044549066752197525 0.0890739330637924
v 0.1654421312711651 -0.0424155560612616 0.09020000123251214
v 0.1648875352975576 -0.04280505955876593 0.09020000123251214
v 0.16573743462991783 -0.044549066752197525 0.0890739330637924
v 0.1648875352975576 -0.04280505955876593 0.09020000123251214
v 0.16432950609624794 -0.04318711295215663 0.09020000123251214
v 0.1628298264595873 -0.04599836186498066 0.08928566403088033
v 0.16573743462991783 -0.044549066752197525 0.0890739330637924
v 0.163765113979597 -0.04356138817745328 0.09020000123251214
v 0.163765113979597 -0.04356138817745328 0.09020000123251214
v 0.16319707501218692 -0.04392795389920992 0.09020000123251214
v 0.1628298264595873 -0.04599836186498066 0.08928566403088033
v 0.1628298264595873 -0.04599836186498066 0.08928566403088033
v 0.1626232071870781 -0.04428720303126357 0.09020000123251214
v 0.16205054480636247 -0.04463550016694742 0.09020000123251214
v 0.1628298264595873 -0.04599836186498066 0.08928566403088033
v 0.16319707501218692 -0.04392795389920992 0.09020000123251214
v 0.1626232071870781 -0.04428720303126357 0.09020000123251214
v 0.1628298264595873 -0.04599836186498066 0.08928566403088033
v 0.16146198276668852 -0.04498235534699638 0.09020000123251214
v 0.16107064058501483 -0.045207224132091134 0.09020000123251214
v 0.16205054480636247 -0.04463550016694742 0.09020000123251214
v 0.16146198276668852 -0.04498235534699638 0.09020000123251214
v 0.1628298264595873 -0.04599836186498066 0.08928566403088033
v 0.1628298264595873 -0.04599836186498066 0.08928566403088033
v 0.1606771774315607 -0.04542865587478631 0.09020000123251214
v 0.16008707425411825 -0.04575245883816417 0.09020000123251214
v 0.1628298264595873 -0.04599836186498066 0.08928566403088033
v 0.16107064058501483 -0.045207224132091134 0.09020000123251214
v 0.1606771774315607 -0.04542865587478631 0.09020000123251214
v 0.15945639795463148 -0.04758953701990312 0.08942567105657327
v 0.1628298264595873 -0.04599836186498066 0.08928566403088033
v 0.16008707425411825 -0.04575245883816417 0.09020000123251214
v 0.15945639795463148 -0.04758953701990312 0.08942567105657327
v 0.15948407739930556 -0.04607222966634075 0.09020000123251214
v 0.15908214561751952 -0.046279814057304 0.09020000123251214
v 0.16008707425411825 -0.04575245883816417 0.09020000123251214
v 0.15948407739930556 -0.04607222966634075 0.09020000123251214
v 0.15945639795463148 -0.04758953701990312 0.08942567105657327
v 0.15945639795463148 -0.04758953701990312 0.08942567105657327
v 0.15867812338153262 -0.046483911814800855 0.09020000123251214
v 0.158068092224628 -0.04678302224160549 0.09020000123251214
v 0.15945639795463148 -0.04758953701990312 0.08942567105657327
v 0.15908214561751952 -0.046279814057304 0.09020000123251214
v 0.15867812338153262 -0.046483911814800855 0.09020000123251214
v 0.15945639795463148 -0.04758953701990312 0.08942567105657327
v 0.15745340713683828 -0.04707514414268757 0.09020000123251214
v 0.15683469372854472 -0.0473590568148641 0.09020000123251214
v 0.158068092224628 -0.04678302224160549 0.09020000123251214
v 0.15745340713683828 -0.04707514414268757 0.09020000123251214
v 0.15945639795463148 -0.04758953701990312 0.08942567105657327
v 0.15754203018792265 -0.049428987943453996 0.08892013209213177
v 0.15683469372854472 -0.0473590568148641 0.09020000123251214
v 0.1562098157691771 -0.04763450467340616 0.09020000123251214
v 0.15754203018792265 -0.049428987943453996 0.08892013209213177
v 0.1562098157691771 -0.04763450467340616 0.09020000123251214
v 0.15561997199116104 -0.04788620222564435 0.09020000123251214
v 0.15561997199116104 -0.04788620222564435 0.09020000123251214
v 0.1529669872460104 -0.05007812737858334 0.08956747099006622
v 0.15754203018792265 -0.049428987943453996 0.08892013209213177
v 0.15400342528351982 -0.04853011552527157 0.09020000123251214
v 0.15327484858875803 -0.04879953616184766 0.09020000123251214
v 0.1529669872460104 -0.05007812737858334 0.08956747099006622
v 0.1529669872460104 -0.05007812737858334 0.08956747099006622
v 0.15327484858875803 -0.04879953616184766 0.09020000123251214
v 0.15242444571633482 -0.049096266217445485 0.09020000123251214
v 0.1529669872460104 -0.05007812737858334 0.08956747099006622
v 0.15178456836660634 -0.04931019445026278 0.09020000123251214
v 0.15113811447847955 -0.049517214266003896 0.09020000123251214
v 0.1529669872460104 -0.05007812737858334 0.08956747099006622
v 0.15242444571633482 -0.049096266217445485 0.09020000123251214
v 0.15178456836660634 -0.04931019445026278 0.09020000123251214
v 0.14927065223157673 -0.051491854252372384 0.0893939098856311
v 0.1529669872460104 -0.05007812737858334 0.08956747099006622
v 0.15049828290512043 -0.04971000144557095 0.09020000123251214
v 0.15113811447847955 -0.049517214266003896 0.09020000123251214
v 0.15049828290512043 -0.04971000144557095 0.09020000123251214
v 0.1529669872460104 -0.05007812737858334 0.08956747099006622
v 0.14927065223157673 -0.051491854252372384 0.0893939098856311
v 0.15006751201063648 -0.049835478288688985 0.09020000123251214
v 0.14963574929481635 -0.049957056511016375 0.09020000123251214
v 0.14927065223157673 -0.051491854252372384 0.0893939098856311
v 0.147898932806072 -0.05040439463651184 0.09020000123251214
v 0.1472470925651503 -0.050556471364926504 0.09020000123251214
v 0.1472470925651503 -0.050556471364926504 0.09020000123251214
v 0.14628449181142142 -0.051992674436072174 0.08950004239799635
v 0.14927065223157673 -0.051491854252372384 0.0893939098856311
v 0.14927065223157673 -0.051491854252372384 0.0893939098856311
v 0.14829448641372697 -0.05030856562195044 0.09020000123251214
v 0.147898932806072 -0.05040439463651184 0.09020000123251214
v 0.1472470925651503 -0.050556471364926504 0.09020000123251214
v 0.1465862954146235 -0.05069890835289307 0.09020000123251214
v 0.14628449181142142 -0.051992674436072174 0.08950004239799635
v 0.144142661265354 -0.05316347374705325 0.08903522151410213
v 0.14628449181142142 -0.051992674436072174 0.08950004239799635
v 0.1446026985186499 -0.05107440809607015 0.09020000123251214
v 0.14628449181142142 -0.051992674436072174 0.08950004239799635
v 0.1452653114651614 -0.05095817807956319 0.09020000123251214
v 0.1446026985186499 -0.05107440809607015 0.09020000123251214
v 0.144142661265354 -0.05316347374705325 0.08903522151410213
v 0.1439361640631631 -0.05118203978453199 0.09020000123251214
v 0.1432703315120065 -0.05128164534956573 0.09020000123251214
v 0.144142661265354 -0.05316347374705325 0.08903522151410213
v 0.1446026985186499 -0.05107440809607015 0.09020000123251214
v 0.1439361640631631 -0.05118203978453199 0.09020000123251214
v 0.14137035278406704 -0.05320703759189586 0.08921631283129726
v 0.144142661265354 -0.05316347374705325 0.08903522151410213
v 0.14215158756238463 -0.05142506271477613 0.09020000123251214
v 0.14215158756238463 -0.05142506271477613 0.09020000123251214
v 0.14148635010402974 -0.0514995561265175 0.09020000123251214
v 0.14137035278406704 -0.05320703759189586 0.08921631283129726
v 0.14148635010402974 -0.0514995561265175 0.09020000123251214
v 0.14080408383627227 -0.051565378730962265 0.09020000123251214
v 0.14137035278406704 -0.05320703759189586 0.08921631283129726
v 0.1382922886730231 -0.05299792732195389 0.08946452756476651
v 0.14137035278406704 -0.05320703759189586 0.08921631283129726
v 0.14012885187060672 -0.051622671671915955 0.09020000123251214
v 0.1382922886730231 -0.05299792732195389 0.08946452756476651
v 0.13899565784705634 -0.05169587953061775 0.09020000123251214
v 0.13831912888425887 -0.051729105545379496 0.09020000123251214
v 0.1382922886730231 -0.05299792732195389 0.08946452756476651
v 0.13944901175042543 -0.05166936356866495 0.09020000123251214
v 0.13899565784705634 -0.05169587953061775 0.09020000123251214
v 0.1382922886730231 -0.05299792732195389 0.08946452756476651
v 0.13831912888425887 -0.051729105545379496 0.09020000123251214
v 0.13763071332421714 -0.05175078065627229 0.09020000123251214
v 0.13697627908903162 -0.05176419694719273 0.09020000123251214
v 0.1363070133101729 -0.052380308731827564 0.08984600493884275
v 0.1382922886730231 -0.05299792732195389 0.08946452756476651
v 0.13697627908903162 -0.05176419694719273 0.09020000123251214
v 0.1363070133101729 -0.05176833207922508 0.09020000123251214
v 0.1363070133101729 -0.052380308731827564 0.08984600493884275
v 0.13763071332421714 -0.05175078065627229 0.09020000123251214
v 0.13697627908903162 -0.05176419694719273 0.09020000123251214
v 0.1382922886730231 -0.05299792732195389 0.08946452756476651
v 0.14012885187060672 -0.051622671671915955 0.09020000123251214
v 0.13944901175042543 -0.05166936356866495 0.09020000123251214
v 0.1382922886730231 -0.05299792732195389 0.08946452756476651
v 0.14080408383627227 -0.051565378730962265 0.09020000123251214
v 0.14012885187060672 -0.051622671671915955 0.09020000123251214
v 0.14137035278406704 -0.05320703759189586 0.08921631283129726
v 0.14215158756238463 -0.05142506271477613 0.09020000123251214
v 0.144142661265354 -0.05316347374705325 0.08903522151410213
v 0.14259903631410606 -0.05137027984474244 0.09020000123251214
v 0.14259903631410606 -0.05137027984474244 0.09020000123251214
v 0.144142661265354 -0.05316347374705325 0.08903522151410213
v 0.1432703315120065 -0.05128164534956573 0.09020000123251214
v 0.14592807699957075 -0.05083354809927835 0.09020000123251214
v 0.1452653114651614 -0.05095817807956319 0.09020000123251214
v 0.14628449181142142 -0.051992674436072174 0.08950004239799635
v 0.1465862954146235 -0.05069890835289307 0.09020000123251214
v 0.14592807699957075 -0.05083354809927835 0.09020000123251214
v 0.14628449181142142 -0.051992674436072174 0.08950004239799635
v 0.1489874643519151 -0.05013230371172298 0.09020000123251214
v 0.14829448641372697 -0.05030856562195044 0.09020000123251214
v 0.14927065223157673 -0.051491854252372384 0.0893939098856311
v 0.14963574929481635 -0.049957056511016375 0.09020000123251214
v 0.1489874643519151 -0.05013230371172298 0.09020000123251214
v 0.14927065223157673 -0.051491854252372384 0.0893939098856311
v 0.15049828290512043 -0.04971000144557095 0.09020000123251214
v 0.15006751201063648 -0.049835478288688985 0.09020000123251214
v 0.14927065223157673 -0.051491854252372384 0.0893939098856311
v 0.15474036379508502 -0.0482447494533678 0.09020000123251214
v 0.15400342528351982 -0.04853011552527157 0.09020000123251214
v 0.1529669872460104 -0.05007812737858334 0.08956747099006622
v 0.15561997199116104 -0.04788620222564435 0.09020000123251214
v 0.15474036379508502 -0.0482447494533678 0.09020000123251214
v 0.1529669872460104 -0.05007812737858334 0.08956747099006622
v 0.15683469372854472 -0.0473590568148641 0.09020000123251214
v 0.15754203018792265 -0.049428987943453996 0.08892013209213177
v 0.15945639795463148 -0.04758953701990312 0.08942567105657327
v 0.163765113979597 -0.04356138817745328 0.09020000123251214
v 0.16573743462991783 -0.044549066752197525 0.0890739330637924
v 0.16432950609624794 -0.04318711295215663 0.09020000123251214
v 0.16573743462991783 -0.044549066752197525 0.0890739330637924
v 0.1677594989349451 -0.04178506668194973 0.08968882414524425
v 0.16599027277669262 -0.04201833543082237 0.09020000123251214
v 0.16707311279394507 -0.04120127682878175 0.09020000123251214
v 0.16652893857376225 -0.04161873061447888 0.09020000123251214
v 0.1677594989349451 -0.04178506668194973 0.08968882414524425
v 0.1685303272186278 -0.04002760505062322 0.09020000123251214
v 0.16813579594988856 -0.040353906640828746 0.09020000123251214
v 0.17035466812559183 -0.03925536532888521 0.08984957549565296
v 0.16910065500450597 -0.03954364964433579 0.09020000123251214
v 0.17035466812559183 -0.03925536532888521 0.08984957549565296
v 0.16962044567860876 -0.03908893007928074 0.09020000123251214
v 0.17097272540592454 -0.03784712780472213 0.09020000123251214
v 0.17047461747210943 -0.03831533613994911 0.09020000123251214
v 0.17035466812559183 -0.03925536532888521 0.08984957549565296
v 0.17163007406995942 -0.03720998177836556 0.09020000123251214
v 0.17035466812559183 -0.03925536532888521 0.08984957549565296
v 0.1729065786471917 -0.039929822910969054 0.08851271477541721
v 0.17195406395351218 -0.03688739951817068 0.09020000123251214
v 0.17163007406995942 -0.03720998177836556 0.09020000123251214
v 0.1722774892618428 -0.03656658727759112 0.09020000123251214
v 0.17306346952378424 -0.03573748186101346 0.09020000123251214
v 0.1725926748236883 -0.036234277538906866 0.09020000123251214
v 0.1742886435321722 -0.03643721562837989 0.08939316983432642
v 0.17383251252906182 -0.03489656614114047 0.09020000123251214
v 0.17352722992178823 -0.035234899287093245 0.09020000123251214
v 0.1742886435321722 -0.03643721562837989 0.08939316983432642
v 0.17428463047045814 -0.034384187424176836 0.09020000123251214
v 0.1742886435321722 -0.03643721562837989 0.08939316983432642
v 0.17653455428337847 -0.033430467286104125 0.08955283018126535
v 0.1747296530746034 -0.03386610191983277 0.09020000123251214
v 0.17428463047045814 -0.034384187424176836 0.09020000123251214
v 0.17653455428337847 -0.033430467286104125 0.08955283018126535
v 0.17559867167056706 -0.03281263888761823 0.09020000123251214
v 0.1751676718942363 -0.03334213033732827 0.09020000123251214
v 0.17653455428337847 -0.033430467286104125 0.08955283018126535
v 0.1764394767642141 -0.03173640592634366 0.09020000123251214
v 0.17602555157365526 -0.032273847205532856 0.09020000123251214
v 0.17653455428337847 -0.033430467286104125 0.08955283018126535
v 0.17671346359363402 -0.031372638285164255 0.09020000123251214
v 0.17653455428337847 -0.033430467286104125 0.08955283018126535
v 0.17698429185356798 -0.031006370109808466 0.09020000123251214
v 0.17698429185356798 -0.031006370109808466 0.09020000123251214
v 0.17653455428337847 -0.033430467286104125 0.08955283018126535
v 0.17883745661444014 -0.03167031438572889 0.08907873195318049
v 0.17854264153696062 -0.028756575996601325 0.09020000123251214
v 0.17829088676426072 -0.029137727214045856 0.09020000123251214
v 0.18003873535802126 -0.02894436210781561 0.08940602536472218
v 0.17903652278600465 -0.027986878770711616 0.09020000123251214
v 0.1787911919638052 -0.028372956669908706 0.09020000123251214
v 0.18003873535802126 -0.02894436210781561 0.08940602536472218
v 0.17954970640412957 -0.027154542305396507 0.09020000123251214
v 0.17927861874476922 -0.027598342299010054 0.09020000123251214
v 0.18003873535802126 -0.02894436210781561 0.08940602536472218
v 0.18028392885111263 -0.025897330560501492 0.09020000123251214
v 0.18005333801984766 -0.026300805387404775 0.09020000123251214
v 0.18232978160941823 -0.02713484702247861 0.08877771417765244
v 0.18116770269680058 -0.02426772042145366 0.09020000123251214
v 0.18316870987192144 -0.0237191840947404 0.08929118008338842
v 0.18137903693535404 -0.023856459797061427 0.09020000123251214
v 0.18179021554375116 -0.023029400965663985 0.09020000123251214
v 0.1815865259588811 -0.02344368283043409 0.09020000123251214
v 0.18316870987192144 -0.0237191840947404 0.08929118008338842
v 0.18218613536236103 -0.022196379762157173 0.09020000123251214
v 0.1819900751723846 -0.0226136294615409 0.09020000123251214
v 0.18316870987192144 -0.0237191840947404 0.08929118008338842
v 0.18345214189221967 -0.019235228498463167 0.09020000123251214
v 0.18328266251405265 -0.01966249940803967 0.09020000123251214
v 0.18558937954256113 -0.017585846782548497 0.08935341305753573
v 0.18416794697992953 -0.017295828687108338 0.09020000123251214
v 0.1839387446985352 -0.017945572751783 0.09020000123251214
v 0.18558937954256113 -0.017585846782548497 0.08935341305753573
v 0.18438948934885066 -0.016642824963465374 0.09020000123251214
v 0.18416794697992953 -0.017295828687108338 0.09020000123251214
v 0.18558937954256113 -0.017585846782548497 0.08935341305753573
v 0.18493847008781647 -0.014887859097943445 0.09020000123251214
v 0.1848073360483848 -0.015328719867174222 0.09020000123251214
v 0.18753946813616193 -0.014009093950003168 0.08884333460313253
v 0.18542643092642305 -0.013112200406121275 0.09020000123251214
v 0.18531018946582375 -0.01355802600407908 0.09020000123251214
v 0.1877703183668533 -0.011222190436284703 0.08910160487907158
v 0.1855938656267586 -0.012441557521484245 0.09020000123251214
v 0.1877703183668533 -0.011222190436284703 0.08910160487907158
v 0.1857871944933631 -0.011614404276324992 0.09020000123251214
v 0.18609330107528518 -0.010157205110432062 0.09020000123251214
v 0.18596503568833353 -0.010792539155501386 0.09020000123251214
v 0.1877703183668533 -0.011222190436284703 0.08910160487907158
v 0.18630355193976375 -0.00901704449566943 0.09020000123251214
v 0.18618047454133976 -0.009701155169642435 0.09020000123251214
v 0.18774353919077666 -0.009048911524465747 0.08935446591403105
v 0.1864175656170541 -0.008330409445660996 0.09020000123251214
v 0.18630355193976375 -0.00901704449566943 0.09020000123251214
v 0.18774353919077666 -0.009048911524465747 0.08935446591403105
v 0.1866182034439667 -0.0069560025658049794 0.09020000123251214
v 0.18826331460608967 -0.005768267905508776 0.08931289334125568
v 0.18670539216881107 -0.006268487274360694 0.09020000123251214
v 0.18678252535118564 -0.005578225400754703 0.09020000123251214
v 0.18670539216881107 -0.006268487274360694 0.09020000123251214
v 0.18826331460608967 -0.005768267905508776 0.08931289334125568
v 0.18696230441245906 -0.0035071934935328197 0.09020000123251214
v 0.18691059237387006 -0.0041973645296558585 0.09020000123251214
v 0.18826331460608967 -0.005768267905508776 0.08931289334125568
v 0.1870351498749034 -0.002121728044197081 0.09020000123251214
v 0.18700241977080975 -0.0028137017632823298 0.09020000123251214
v 0.189047509589626 -0.002319613090064622 0.08899533503759825
v 0.18705799228321493 -0.0014275141440361913 0.09020000123251214
v 0.1870351498749034 -0.002121728044197081 0.09020000123251214
v 0.189047509589626 -0.002319613090064622 0.08899533503759825
v 0.18707312900268389 0.0007006304596850203 0.09020000123251214
v 0.18707723361713666 0.0 0.09020000123251214
v 0.1890668882526558 0.0005375050561621384 0.08900669520659486
v 0.18705866366996557 0.0014024885366921433 0.09020000123251214
v 0.18707312900268389 0.0007006304596850203 0.09020000123251214
v 0.1890668882526558 0.0005375050561621384 0.08900669520659486
v 0.18701682406836892 0.0025641375805912654 0.09020000123251214
v 0.1870442593724064 0.0018685238056766903 0.09020000123251214
v 0.18857912577831645 0.0032117599582297284 0.0892430767485841
v 0.18697664767485908 0.003262151873083543 0.09020000123251214
v 0.18701682406836892 0.0025641375805912654 0.09020000123251214
v 0.18857912577831645 0.0032117599582297284 0.0892430767485841
v 0.18687273531640788 0.004648915988481331 0.09020000123251214
v 0.18692978793142243 0.003955063292484936 0.09020000123251214
v 0.18857912577831645 0.0032117599582297284 0.0892430767485841
v 0.18665003327946292 0.006714494070447223 0.09020000123251214
v 0.18673284273163834 0.0060286205294166105 0.09020000123251214
v 0.18875353374558476 0.00829027882852052 0.08882185022711207
v 0.1865572750963462 0.007401061886413157 0.09020000123251214
v 0.18665003327946292 0.006714494070447223 0.09020000123251214
v 0.18875353374558476 0.00829027882852052 0.08882185022711207
v 0.18622852447037982 0.009444122763024872 0.09020000123251214
v 0.1863462460335885 0.008766029774274214 0.09020000123251214
v 0.1874280637119252 0.010562102819483006 0.08937911648893236
v 0.18609992339005285 0.010123303894222231 0.09020000123251214
v 0.18622852447037982 0.009444122763024872 0.09020000123251214
v 0.1874280637119252 0.010562102819483006 0.08937911648893236
v 0.18571683621365406 0.011920642465309002 0.09020000123251214
v 0.18581845975363717 0.011472658702270662 0.09020000123251214
v 0.18728322727926458 0.01314187684490876 0.08912219661588948
v 0.18521264002271384 0.013923313802191037 0.09020000123251214
v 0.18538858912775066 0.013259068165172314 0.09020000123251214
v 0.18728322727926458 0.01314187684490876 0.08912219661588948
v 0.18521264002271384 0.013923313802191037 0.09020000123251214
v 0.18728322727926458 0.01314187684490876 0.08912219661588948
v 0.1858051540889427 0.01629268342156599 0.08945778317968055
v 0.1834989253417074 0.019115323020966205 0.09020000123251214
v 0.18374700274606856 0.018465298576029198 0.09020000123251214
v 0.18421228902305128 0.020943348925663866 0.08940710873879708
v 0.18224030406610578 0.022079365825324895 0.09020000123251214
v 0.18342138017200857 0.024528254720327398 0.08893612330382882
v 0.18185501962397763 0.02290275301042978 0.09020000123251214
v 0.18081816959914396 0.024935773126524303 0.09020000123251214
v 0.18342138017200857 0.024528254720327398 0.08893612330382882
v 0.1814478083009252 0.027430278173595796 0.0891498226547993
v 0.18037226198519105 0.02574055031013491 0.09020000123251214
v 0.18081816959914396 0.024935773126524303 0.09020000123251214
v 0.1814478083009252 0.027430278173595796 0.0891498226547993
v 0.17992266174410962 0.026527198144129533 0.09020000123251214
v 0.1814478083009252 0.027430278173595796 0.0891498226547993
v 0.17945349973452093 0.027312863693531603 0.09020000123251214
v 0.17945349973452093 0.027312863693531603 0.09020000123251214
v 0.1814478083009252 0.027430278173595796 0.0891498226547993
v 0.1795224999819389 0.030128865719374363 0.08927307552930584
v 0.17835617912576038 0.02903917259815871 0.09020000123251214
v 0.1789786614551314 0.028083844565112166 0.09020000123251214
v 0.1795224999819389 0.030128865719374363 0.08927307552930584
v 0.17707091600319022 0.030894767321304493 0.09020000123251214
v 0.1795224999819389 0.030128865719374363 0.08927307552930584
v 0.17799097525099225 0.03301317753239721 0.08901079219165274
v 0.17571202921989656 0.03267180788727677 0.09020000123251214
v 0.17623825910328958 0.03200202712426272 0.09020000123251214
v 0.17728682787867986 0.03527359176329627 0.08848801842414654
v 0.17259702357877768 0.03623081379362516 0.09020000123251214
v 0.1736918722635927 0.03506124281522196 0.09020000123251214
v 0.17510105201802514 0.036986085741119744 0.08881516687718526
v 0.1714886098298418 0.037349988804058515 0.09020000123251214
v 0.17259702357877768 0.03623081379362516 0.09020000123251214
v 0.17510105201802514 0.036986085741119744 0.08881516687718526
v 0.1714886098298418 0.037349988804058515 0.09020000123251214
v 0.17510105201802514 0.036986085741119744 0.08881516687718526
v 0.1712036824481444 0.03955528065685113 0.08937962002899534
v 0.1679371417656483 0.040518175142283425 0.09020000123251214
v 0.1693265003521471 0.03935447498325087 0.09020000123251214
v 0.16864746894782454 0.04213244066085145 0.08920158809915256
v 0.16671367674171653 0.041479784074676146 0.09020000123251214
v 0.1679371417656483 0.040518175142283425 0.09020000123251214
v 0.16864746894782454 0.04213244066085145 0.08920158809915256
v 0.16316629803318602 0.04395711344649336 0.09020000123251214
v 0.16477985401802894 0.04287952626762517 0.09020000123251214
v 0.16363590254767854 0.04657123405405586 0.08874805871970091
v 0.1600333785728569 0.04580920627738297 0.09020000123251214
v 0.16363590254767854 0.04657123405405586 0.08874805871970091
v 0.15857929220008057 0.04844913712787061 0.08920727199834831
v 0.15078688765515655 0.049644720528163634 0.09020000123251214
v 0.15482147952159406 0.04823635711898481 0.09020000123251214
v 0.15282367669232852 0.05112507490755872 0.08901237147639572
v 0.14760904631769375 0.05047963191425534 0.09020001649130192
v 0.15078688765515655 0.049644720528163634 0.09020000123251214
v 0.15042647504038162 0.05314985146247068 0.08825494803954113
v 0.1368612583316153 0.06349758449790692 0.08236346063812848
v 0.1363070133101729 0.0635000030160882 0.08236352930268252
v 0.1363070133101729 0.06334396663172374 0.08248359309012353
v 0.13796932112838609 0.06347824016715413 0.08236290369230125
v 0.13741524395363133 0.06349033275806053 0.08236325464446635
v 0.13832836045208016 0.06264732276928923 0.08299241269436929
v 0.1390767583147756 0.06343956676443833 0.08236282739835231
v 0.13852313890371445 0.06346132198397751 0.08236242304042295
v 0.13832836045208016 0.06264732276928923 0.08299241269436929
v 0.14073654843267389 0.06334532084931736 0.082359119512434
v 0.14018356989078382 0.06338156428975954 0.08236014948074465
v 0.139438498444262 0.06143422227832045 0.08386983125411084
v 0.14184140688358934 0.06325836482101725 0.08235664758848847
v 0.14128882507023374 0.0633042785194871 0.08235827264960081
v 0.139438498444262 0.06143422227832045 0.08386983125411084
v 0.1445957710280865 0.06295670617631814 0.08234807977802293
v 0.1441216956881863 0.06301764215333354 0.08234980402126889
v 0.1431207953720914 0.061148055119952846 0.08385286347986741
v 0.14569321370716534 0.06280246651445114 0.08234370813474888
v 0.1451445076264157 0.06288202584440188 0.0823459588062425
v 0.1431207953720914 0.061148055119952846 0.08385286347986741
v 0.14678780299255398 0.06262909614488836 0.08233880243383228
v 0.14624060753199328 0.06271821129194337 0.08234132013414718
v 0.14741629728510117 0.060542906775780156 0.083814808058138
v 0.1478791879320873 0.06243664847339407 0.08233336267527312
v 0.1473336709384032 0.06253529654936867 0.0823361474044093
v 0.14741629728510117 0.060542906775780156 0.083814808058138
v 0.14896704809117975 0.06222518453512742 0.0823274041178612
v 0.1484233926698497 0.06233332739304713 0.08233044824642376
v 0.14741629728510117 0.060542906775780156 0.083814808058138
v 0.1495094065153779 0.06211237630223025 0.08232422266019056
v 0.14896704809117975 0.06222518453512742 0.0823274041178612
v 0.14741629728510117 0.060542906775780156 0.083814808058138
v 0.15059140729919204 0.06187250049737973 0.08231747827510459
v 0.1500504984600237 0.061994898879658186 0.08232149133681864
v 0.1502728953211729 0.05934033866446202 0.08423063296802534
v 0.15166905932791683 0.06161378008714195 0.08231023034995565
v 0.1511308818121204 0.061745471072400845 0.08231391534768927
v 0.1502728953211729 0.05934033866446202 0.08423063296802534
v 0.15274202690817693 0.06133629136546585 0.08230246362595393
v 0.15220619924600773 0.061477366506443906 0.08230640802311394
v 0.1536761547601628 0.05945557304493536 0.08348753753478098
v 0.15380997434659702 0.06104012207039271 0.08229623041032584
v 0.15327666438474272 0.06119053559072056 0.08229839715847563
v 0.1536761547601628 0.05945557304493536 0.08348753753478098
v 0.15487261172617114 0.06072535612526635 0.08228545007534115
v 0.15434195679373983 0.060885066063272084 0.08228989038316924
v 0.15380997434659702 0.06104012207039271 0.08229623041032584
v 0.15508876774229738 0.06065891172513775 0.08228374109088497
v 0.15380997434659702 0.06104012207039271 0.08229623041032584
v 0.1536761547601628 0.05945557304493536 0.08348753753478098
v 0.15540175603841352 0.06056105329153465 0.08228089532658965
v 0.15508876774229738 0.06065891172513775 0.08228374109088497
v 0.1536761547601628 0.05945557304493536 0.08348753753478098
v 0.15645575694296807 0.06021859264294442 0.08227141961813177
v 0.1559295880947342 0.06039209271222039 0.08227621087812496
v 0.1563512189741356 0.05820289888265332 0.08374233643604344
v 0.15860324850004656 0.05945723243832472 0.08225022515911727
v 0.15802529131927476 0.05967048546969393 0.08225631341624239
v 0.15890518943235674 0.05727243695491383 0.08371873871763745
v 0.1611184463734183 0.058452059661089385 0.08222304925450617
v 0.15890518943235674 0.05727243695491383 0.08371873871763745
v 0.16162728123645384 0.05823345079450485 0.08221712884406872
v 0.1621347885847779 0.058010138405968394 0.08221109399270786
v 0.1619039841304559 0.05811234940935831 0.08221385583365935
v 0.16165854649672792 0.05600698737088242 0.08374782197097196
v 0.16314327251939706 0.05755054747227376 0.0821987114847955
v 0.16263970193883812 0.057782698514794485 0.08220495995921338
v 0.16165854649672792 0.05600698737088242 0.08374782197097196
v 0.16414357774269026 0.05707342418911358 0.08218593224834868
v 0.16364460005785728 0.057314104895125374 0.0821923714576389
v 0.16411634080292 0.05535850406371393 0.08336614623262849
v 0.16513541433765153 0.05657891732968826 0.08217274865397249
v 0.1647103654893378 0.056793436840609814 0.08217845544135292
v 0.16411634080292 0.05535850406371393 0.08336614623262849
v 0.16611846186969534 0.056067175667198245 0.08215918358985162
v 0.16562833428293897 0.05632504158520794 0.08216601189828142
v 0.16411634080292 0.05535850406371393 0.08336614623262849
v 0.16660683469562618 0.05580475500043706 0.0821522637286831
v 0.16411634080292 0.05535850406371393 0.08336614623262849
v 0.16709243042181574 0.055538355604238844 0.08214525231477586
v 0.16709243042181574 0.055538355604238844 0.08214525231477586
v 0.16411634080292 0.05535850406371393 0.08336614623262849
v 0.1670468524167212 0.05286802542979755 0.08392224519703005
v 0.16805701481821697 0.054992617358102826 0.0821309624581401
v 0.1675761187992819 0.055267473938540625 0.0821381493481299
v 0.1670468524167212 0.05286802542979755 0.08392224519703005
v 0.16853586615932056 0.05471335480211396 0.08212369164480647
v 0.1670468524167212 0.05286802542979755 0.08392224519703005
v 0.16901194040068288 0.0544301249607804 0.08211633690812901
v 0.16995688673462792 0.053851057703051576 0.08210137566474261
v 0.16948580211752604 0.05414257306723961 0.08210889061871283
v 0.1693125080419122 0.0521225915870183 0.08348384490765247
v 0.1708915944206257 0.053255583431604005 0.08208610161616557
v 0.17042487381740298 0.05355578867657588 0.08209445580357409
v 0.1693125080419122 0.0521225915870183 0.08348384490765247
v 0.1718157582828805 0.05264388906661258 0.08207053002118768
v 0.17135506490162375 0.05295171607708319 0.08207835015095365
v 0.172169746947155 0.050037119381030094 0.08354700103858191
v 0.17272911892196594 0.05201615771355476 0.08205467613859872
v 0.17227375085834493 0.05233206043852027 0.08206282433234512
v 0.172169746947155 0.050037119381030094 0.08354700103858191
v 0.17363138642087603 0.05137258010730287 0.08203855522718849
v 0.17318163359189673 0.05169634873840371 0.08204664238577573
v 0.172169746947155 0.050037119381030094 0.08354700103858191
v 0.17452227086260483 0.0507133584268216 0.08202218254574677
v 0.17407820956221617 0.05104494718768841 0.0820303994040472
v 0.172169746947155 0.050037119381030094 0.08354700103858191
v 0.17496328040503603 0.05037800074487734 0.08201390465228718
v 0.17535604165415994 0.047113230081996554 0.0837590295520707
v 0.17540151284772595 0.05003868340698329 0.08200557335306334
v 0.17626885297681302 0.049348772485542404 0.0819887505373229
v 0.17583658672092992 0.04969571158893519 0.08199718864807524
v 0.17535604165415994 0.047113230081996554 0.0837590295520707
v 0.17838318718368382 0.04755887066712819 0.0819458809674156
v 0.17796675955159988 0.04792405546840908 0.081956180650522
v 0.17767517933755525 0.04576022174746844 0.08334316649520888
v 0.1787968071984469 0.047189699507015376 0.08193717582784198
v 0.17767517933755525 0.04576022174746844 0.08334316649520888
v 0.17920676510366104 0.046817327815744686 0.08192844780008367
v 0.1800172662407906 0.04606152181060755 0.08191088493303854
v 0.17961391539155433 0.04644096213624718 0.081919673995956
v 0.1801082391455022 0.04407547587887309 0.08295840848132839
v 0.18081455326596438 0.0452916014249172 0.08189320762507
v 0.1805259179983487 0.04557344653107756 0.08189965446375512
v 0.1801082391455022 0.04407547587887309 0.08295840848132839
v 0.18120829107763467 0.04490128158215925 0.08188432700941382
v 0.1801082391455022 0.04407547587887309 0.08295840848132839
v 0.18159868721434155 0.04450747129123747 0.08187543113496785
v 0.1827479792611175 0.04330689826668402 0.08184865958828612
v 0.1823692103222285 0.04370955102628751 0.08185892112441805
v 0.18229744823385904 0.041652265619733814 0.08297034848433692
v 0.18312432205243032 0.04289976323758052 0.081839702678681
v 0.18229744823385904 0.041652265619733814 0.08297034848433692
v 0.18349671281718824 0.042489793888274036 0.08183075339847078
v 0.1842310725932794 0.04165975005612446 0.08181282432047075
v 0.18386586871851127 0.04207618913230074 0.08182178123007587
v 0.18229744823385904 0.041652265619733814 0.08297034848433692
v 0.1845929347930841 0.04123979764359967 0.08180385978147074
v 0.18229744823385904 0.041652265619733814 0.08297034848433692
v 0.1840960323036622 0.03940649219763562 0.08300786221902888
v 0.18495084496633393 0.04081701472556934 0.08179490287186562
v 0.1840960323036622 0.03940649219763562 0.08300786221902888
v 0.18530527613551226 0.04039084054150879 0.0817859459622605
v 0.1866850064256553 0.03865628998304785 0.08175026328234301
v 0.1862833950784548 0.03668164618198191 0.08292195523252664
v 0.18702036410759956 0.038215257552431964 0.08174138266668683
v 0.18735195286846637 0.03777121914022799 0.08173252493921533
v 0.1862833950784548 0.03668164618198191 0.08292195523252664
v 0.18767958960277828 0.03732436548130826 0.0817236977293234
v 0.18863900126944164 0.03596683673030567 0.08169739920512507
v 0.18832317483842506 0.036422105611793064 0.08170613486227828
v 0.18821291482342237 0.03443691417228669 0.08263237391994414
v 0.18925872175786115 0.03504807447963556 0.08168005759053186
v 0.18821291482342237 0.03443691417228669 0.08263237391994414
v 0.1895626005564743 0.03458458111045284 0.08167144400369696
v 0.1895626005564743 0.03458458111045284 0.08167144400369696
v 0.18821291482342237 0.03443691417228669 0.08263237391994414
v 0.1895308775325066 0.032305417641602684 0.08261886989098242
v 0.18986229844668576 0.03411863870550926 0.0816628838226263
v 0.1895308775325066 0.032305417641602684 0.08261886989098242
v 0.19015807482792188 0.033649873424455044 0.08165436941792502
v 0.19102036429758937 0.03222887573733237 0.08162915426780158
v 0.1907473998070852 0.030428637996186024 0.08250908289846313
v 0.19129963066827568 0.0317500015080441 0.0816208687449471
v 0.1915744719899237 0.031269122655247526 0.08161265188664667
v 0.1907473998070852 0.030428637996186024 0.08250908289846313
v 0.1918453612850168 0.030785413296945417 0.08160449606350538
v 0.19237418516267363 0.02981144474482502 0.08158839804027983
v 0.1907473998070852 0.030428637996186024 0.08250908289846313
v 0.19172139887678516 0.027081475590500243 0.08301093686517101
v 0.19263204345128843 0.029321343860950772 0.08158047109898535
v 0.19172139887678516 0.027081475590500243 0.08301093686517101
v 0.19288593445455854 0.028828397212781205 0.08157261282224491
v 0.19338044131398385 0.027836568247214828 0.08155715566819043
v 0.19172139887678516 0.027081475590500243 0.08301093686517101
v 0.193621347087145 0.027337106095806103 0.08154954916148148
v 0.19431714790144378 0.025827777181953743 0.08152731710476145
v 0.19391593328277773 0.022669280175243736 0.08276887142398602
v 0.19454046028998023 0.0253202869997682 0.08152009206779719
v 0.19578576064209757 0.022238003833348077 0.0814790230350848
v 0.19391593328277773 0.022669280175243736 0.08276887142398602
v 0.1959775025945642 0.021718279916450603 0.08147258382579457
v 0.1959775025945642 0.021718279916450603 0.08147258382579457
v 0.19391593328277773 0.022669280175243736 0.08276887142398602
v 0.19479184885172524 0.019749222739795527 0.08287048733457424
v 0.19652559832372235 0.020148758891584975 0.08145398336104391
v 0.19479184885172524 0.019749222739795527 0.08287048733457424
v 0.1966991060223932 0.019622580506607493 0.08144803243302688
v 0.19703237325013662 0.018565604138044433 0.08143654256431708
v 0.19479184885172524 0.019749222739795527 0.08287048733457424
v 0.1955070283290538 0.016704914886458432 0.08301343930669612
v 0.19792553125154372 0.015343670620142646 0.08140530019222768
v 0.1955070283290538 0.016704914886458432 0.08301343930669612
v 0.19567362379595105 0.013792190253177359 0.08342537322518771
v 0.19817951380755255 0.014284393035344798 0.08139619069472469
v 0.19567362379595105 0.013792190253177359 0.08342537322518771
v 0.19830178249011782 0.013744073566931978 0.08139181905145064
v 0.19841938198300818 0.013202393205205007 0.08138759999607446
v 0.19830178249011782 0.013744073566931978 0.08139181905145064
v 0.19567362379595105 0.013792190253177359 0.08342537322518771
v 0.19853219021590535 0.012660064344912078 0.08138354115799105
v 0.19567362379595105 0.013792190253177359 0.08342537322518771
v 0.19666474322779232 0.01046196987252724 0.08315803922811503
v 0.1987436617835669 0.011572198463773449 0.08137589650430764
v 0.1986403445179174 0.012116371730281914 0.08137963490780552
v 0.19666474322779232 0.01046196987252724 0.08315803922811503
v 0.199459161695481 0.006637557821828348 0.08134971242103271
v 0.199398843699452 0.007188217981345117 0.08135193257494676
v 0.1977391603930822 0.006892323821325323 0.08270544063484041
v 0.1995147036903066 0.0060858443289790775 0.08134765248441143
v 0.199459161695481 0.006637557821828348 0.08134971242103271
v 0.1977391603930822 0.006892323821325323 0.08270544063484041
v 0.19956537813119007 0.005534389758719008 0.0813457832826625
v 0.1977391603930822 0.006892323821325323 0.08270544063484041
v 0.19814406763887676 0.003959168622193479 0.0825823861246011
v 0.19965233797418763 0.004429536076175358 0.08134255604862249
v 0.19961129182965992 0.004981834171408354 0.08134407429820632
v 0.19814406763887676 0.003959168622193479 0.0825823861246011
v 0.1997465915187035 0.002769597185076635 0.08133904652697142
v 0.19971999544810431 0.003323333421247079 0.0813400383483076
v 0.19814406763887676 0.003959168622193479 0.0825823861246011
v 0.1997465915187035 0.002769597185076635 0.08133904652697142
v 0.19814406763887676 0.003959168622193479 0.0825823861246011
v 0.19976833529415033 0.0022161182025652606 0.0813382378111127
v 0.1997852572920244 0.0016620447232986596 0.08133761220073142
v 0.19976833529415033 0.0022161182025652606 0.0813382378111127
v 0.19814406763887676 0.003959168622193479 0.0825823861246011
v 0.1997973422535359 0.0011082279016446518 0.0813371544370378
v 0.1997852572920244 0.0016620447232986596 0.08133761220073142
v 0.1981805514052581 0.0008101722386840571 0.08265011226307183
v 0.19980460543747464 -0.0005542419816053846 0.08133688740821653
v 0.19980701632626102 0.0 0.0813367958554778
v 0.1981805514052581 0.0008101722386840571 0.08265011226307183
v 0.1997973422535359 -0.0011082279016446518 0.0813371544370378
v 0.19980460543747464 -0.0005542419816053846 0.08133688740821653
v 0.1981805514052581 0.0008101722386840571 0.08265011226307183
v 0.1997852572920244 -0.0016623009040740721 0.08133761220073142
v 0.1981805514052581 0.0008101722386840571 0.08265011226307183
v 0.19846106899670696 -0.0034560548516537914 0.08235299310833442
v 0.19976833529415033 -0.0022161182025652606 0.0813382378111127
v 0.19846106899670696 -0.0034560548516537914 0.08235299310833442
v 0.1997465762599137 -0.002769853723479933 0.08133904652697142
v 0.19968857759993236 -0.0038765627794942773 0.08134120564572632
v 0.19971999544810431 -0.003323333421247079 0.0813400383483076
v 0.19846106899670696 -0.0034560548516537914 0.08235299310833442
v 0.19965233797418763 -0.004429536076175358 0.08134255604862249
v 0.19968857759993236 -0.0038765627794942773 0.08134120564572632
v 0.19846106899670696 -0.0034560548516537914 0.08235299310833442
v 0.19956537813119007 -0.005534389758719008 0.0813457832826625
v 0.19961127657087013 -0.004982091186648833 0.08134408192760122
v 0.19846106899670696 -0.0034560548516537914 0.08235299310833442
v 0.19951468843151682 -0.006086101821056737 0.08134766011380633
v 0.19956537813119007 -0.005534389758719008 0.0813457832826625
v 0.19727190573221692 -0.005118418936654327 0.08319791044582912
v 0.199459161695481 -0.006637557821828348 0.08134971242103271
v 0.19727190573221692 -0.005118418936654327 0.08319791044582912
v 0.1975844972997986 -0.008149870305921297 0.08271236812540382
v 0.1993337039258502 -0.007738703618453696 0.08135433583433825
v 0.199398843699452 -0.007188258989342671 0.08135193257494676
v 0.1975844972997986 -0.008149870305921297 0.08271236812540382
v 0.199263788151045 -0.008288226521294134 0.0813569069404174
v 0.1993337039258502 -0.007738703618453696 0.08135433583433825
v 0.1975844972997986 -0.008149870305921297 0.08271236812540382
v 0.19902523223151108 -0.009933589453448584 0.0813656502269655
v 0.19910955230387545 -0.009385669200372988 0.08136256795142847
v 0.1975844972997986 -0.008149870305921297 0.08271236812540382
v 0.19664318255782293 -0.011449869699723399 0.08304876340505361
v 0.19893619719310246 -0.010480252763715454 0.08136890034919018
v 0.1975844972997986 -0.008149870305921297 0.08271236812540382
v 0.1988423098595415 -0.011026659535579027 0.08137231068870764
v 0.19893619719310246 -0.010480252763715454 0.08136890034919018
v 0.19664318255782293 -0.011449869699723399 0.08304876340505361
v 0.1987437685950954 -0.0115716443789693 0.08137588887491275
v 0.1988423098595415 -0.011026659535579027 0.08137231068870764
v 0.19664318255782293 -0.011449869699723399 0.08304876340505361
v 0.19853231228622364 -0.01265951121378229 0.08138353352859616
v 0.1986403445179174 -0.012116371730281914 0.08137963490780552
v 0.19664318255782293 -0.011449869699723399 0.08304876340505361
v 0.19841938198300818 -0.013202393205205007 0.08138759999607446
v 0.19853231228622364 -0.01265951121378229 0.08138353352859616
v 0.19664318255782293 -0.011449869699723399 0.08304876340505361
v 0.19830187404285654 -0.013743674931048786 0.08139181905145064
v 0.19701920491455022 -0.01401756543935818 0.08234914789330804
v 0.19817951380755255 -0.014284393035344798 0.08139619069472469
v 0.19805242334741452 -0.014824148882209853 0.0814007225552915
v 0.19813610255060782 -0.014471129151086845 0.0813977394618881
v 0.19701920491455022 -0.01401756543935818 0.08234914789330804
v 0.1977843111520627 -0.015899454872004847 0.08141022878132896
v 0.19792080102670967 -0.015362041249372137 0.0814053993743613
v 0.19640050676504645 -0.016198441321142464 0.08243086634201367
v 0.19764330467563868 -0.016435009783306597 0.0814152031467996
v 0.1977843111520627 -0.015899454872004847 0.08141022878132896
v 0.19640050676504645 -0.016198441321142464 0.08243086634201367
v 0.19734713156586808 -0.017502972480516476 0.08142559438264473
v 0.19749776633864785 -0.016968905301218983 0.08142110829844727
v 0.19640050676504645 -0.016198441321142464 0.08243086634201367
v 0.19719199545010108 -0.01803521432708567 0.08143099599422941
v 0.19734713156586808 -0.017502972480516476 0.08142559438264473
v 0.19528249523733437 -0.01930990120098454 0.08260962306437135
v 0.19686797504896875 -0.019095015479108093 0.08144222646351283
v 0.19703237325013662 -0.018565604138044433 0.08143654256431708
v 0.19528249523733437 -0.01930990120098454 0.08260962306437135
v 0.19686797504896875 -0.019095015479108093 0.08144222646351283
v 0.19528249523733437 -0.01930990120098454 0.08260962306437135
v 0.1966991060223932 -0.019622580506607493 0.08144803243302688
v 0.19634745195295616 -0.020673579244271392 0.08146005635937924
v 0.19652552202977341 -0.020149001124872848 0.08145398336104391
v 0.19528249523733437 -0.01930990120098454 0.08260962306437135
v 0.1959775025945642 -0.021718279916450603 0.08147258382579457
v 0.19616471268646402 -0.021196850829794403 0.08146625905742776
v 0.19433370368836295 -0.021954741567086225 0.08264799892068629
v 0.1953885133087762 -0.02327286258611451 0.08149226766462013
v 0.19558938001753562 -0.02275636590325704 0.0814855919440882
v 0.1935972992344403 -0.02434975930474483 0.08251428614578059
v 0.19518319103339893 -0.023787520584802616 0.08149906545547035
v 0.1935972992344403 -0.02434975930474483 0.08251428614578059
v 0.1949733674150344 -0.024300393305085616 0.08150597005784908
v 0.19454035347845172 -0.025320523511009902 0.08152009206779719
v 0.19475907297126221 -0.02481142734119925 0.08151298147175633
v 0.1935972992344403 -0.02434975930474483 0.08251428614578059
v 0.19454035347845172 -0.025320523511009902 0.08152009206779719
v 0.1935972992344403 -0.02434975930474483 0.08251428614578059
v 0.19431714790144378 -0.025827777181953743 0.08152731710476145
v 0.19385756841184149 -0.026836261116572908 0.08154204946630104
v 0.19408959356934646 -0.02633294039869673 0.08153463369446444
v 0.19165079645643954 -0.025398236527396385 0.08358985534969941
v 0.1936212402756165 -0.027337336885001635 0.08154955679087637
v 0.19165079645643954 -0.025398236527396385 0.08358985534969941
v 0.19338044131398385 -0.027836568247214828 0.08155715566819043
v 0.19338044131398385 -0.027836568247214828 0.08155715566819043
v 0.19165079645643954 -0.025398236527396385 0.08358985534969941
v 0.1916155181344514 -0.02833030644510461 0.08265734492943098
v 0.19288593445455854 -0.028828397212781205 0.08157261282224491
v 0.19313543092636992 -0.028333405886780145 0.08156483846884831
v 0.1916155181344514 -0.02833030644510461 0.08265734492943098
v 0.19288593445455854 -0.028828397212781205 0.08157261282224491
v 0.1916155181344514 -0.02833030644510461 0.08265734492943098
v 0.1926323028507148 -0.029320846042933963 0.08158046346959046
v 0.19211202389533882 -0.03029935408501607 0.08159640890491814
v 0.19237418516267363 -0.02981144474482502 0.08158839804027983
v 0.1901925291752615 -0.030982148688369925 0.08268728267499358
v 0.1918453612850168 -0.030785413296945417 0.08160449606350538
v 0.1901925291752615 -0.030982148688369925 0.08268728267499358
v 0.19157474664813987 -0.031268634373974334 0.08161264425725177
v 0.19129963066827568 -0.0317500015080441 0.0816208687449471
v 0.1901925291752615 -0.030982148688369925 0.08268728267499358
v 0.19102063895580554 -0.03222839127075663 0.08162914663840669
v 0.19044986866502353 -0.0331783272289621 0.08164590078959309
v 0.19073714590034815 -0.03270491946111511 0.08163750082581521
v 0.18784014258891976 -0.032679368617616354 0.08360354248413858
v 0.19015807482792188 -0.033649873424455044 0.08165436941792502
v 0.18784014258891976 -0.032679368617616354 0.08360354248413858
v 0.18986216111757767 -0.03411885614326373 0.0816628838226263
v 0.1895626005564743 -0.03458458111045284 0.08167144400369696
v 0.18784014258891976 -0.032679368617616354 0.08360354248413858
v 0.18925856916996328 -0.03504829191739003 0.08168005759053186
v 0.18863884868154376 -0.035967050353362694 0.08169740683451997
v 0.1889509061914829 -0.03550875260210253 0.08168870932434123
v 0.18720031101556064 -0.03570165803729044 0.08276092159450686
v 0.18800319801658635 -0.03687485297826811 0.08171490866640595
v 0.18832317483842506 -0.036422105611793064 0.08170613486227828
v 0.18720031101556064 -0.03570165803729044 0.08276092159450686
v 0.18767958960277828 -0.03732436548130826 0.0817236977293234
v 0.18720031101556064 -0.03570165803729044 0.08276092159450686
v 0.1873518002805685 -0.03777142513389012 0.08173253256861022
v 0.1873518002805685 -0.03777142513389012 0.08173253256861022
v 0.18720031101556064 -0.03570165803729044 0.08276092159450686
v 0.18442466085931028 -0.03803686704102918 0.08346696868614777
v 0.18565578579571526 -0.03996184729603505 0.08177700431144518
v 0.18600225187662464 -0.03953017613295365 0.08176961142779325
v 0.18367339434413485 -0.03960335347407587 0.08318076719550314
v 0.1842310725932794 -0.04165975005612446 0.08181282432047075
v 0.18459276694639645 -0.041239992193169456 0.08180385978147074
v 0.18367339434413485 -0.03960335347407587 0.08318076719550314
v 0.18349671281718824 -0.042489793888274036 0.08183075339847078
v 0.18367339434413485 -0.03960335347407587 0.08318076719550314
v 0.18312415420574266 -0.04289995397245286 0.081839702678681
v 0.18312415420574266 -0.04289995397245286 0.081839702678681
v 0.18367339434413485 -0.03960335347407587 0.08318076719550314
v 0.18057865237585344 -0.04223531923629456 0.08365657440804418
v 0.18236687572739105 -0.04371200006204837 0.081858852459864
v 0.18057865237585344 -0.04223531923629456 0.08365657440804418
v 0.18198508554812418 -0.044110807606625474 0.0818665200017321
v 0.1815985041088641 -0.04450765439671492 0.08187543113496785
v 0.17958980650369047 -0.04466367170759214 0.08291962826708409
v 0.18120829107763467 -0.04490128158215925 0.08188432700941382
v 0.18041782473149579 -0.045678079867346205 0.08190205772314661
v 0.1805259179983487 -0.04557344653107756 0.08189965446375512
v 0.17958980650369047 -0.04466367170759214 0.08291962826708409
v 0.18001767822811485 -0.04606113271146797 0.08191087730364364
v 0.18041782473149579 -0.045678079867346205 0.08190205772314661
v 0.17958980650369047 -0.04466367170759214 0.08291962826708409
v 0.17961391539155433 -0.04644096213624718 0.081919673995956
v 0.17958980650369047 -0.04466367170759214 0.08291962826708409
v 0.17732836230448076 -0.04520949006237454 0.08382934968480525
v 0.1792071770909853 -0.046816946346000005 0.08192844017068877
v 0.17732836230448076 -0.04520949006237454 0.08382934968480525
v 0.1787968071984469 -0.047189699507015376 0.08193717582784198
v 0.17754721912639934 -0.0482855667160487 0.08196315391745478
v 0.17796743093835052 -0.04792348326379206 0.08195598228625477
v 0.17476191015621365 -0.04817604293765324 0.08343756499822773
v 0.17540151284772595 -0.05003868340698329 0.08200557335306334
v 0.17476191015621365 -0.04817604293765324 0.08343756499822773
v 0.1749630820407688 -0.050378160962170106 0.08201391228168207
v 0.17407801119794894 -0.051045103590283726 0.0820303994040472
v 0.17476191015621365 -0.04817604293765324 0.08343756499822773
v 0.1721868673092963 -0.050058344357624164 0.08351966491667805
v 0.17363138642087603 -0.05137258010730287 0.08203855522718849
v 0.17407801119794894 -0.051045103590283726 0.0820303994040472
v 0.1721868673092963 -0.050058344357624164 0.08351966491667805
v 0.17272911892196594 -0.05201615771355476 0.08205467613859872
v 0.1721868673092963 -0.050058344357624164 0.08351966491667805
v 0.17227361352923684 -0.052332148176561545 0.08206264122686767
v 0.17227361352923684 -0.052332148176561545 0.08206264122686767
v 0.1721868673092963 -0.050058344357624164 0.08351966491667805
v 0.1696976093785629 -0.05243046437385827 0.08313506712009032
v 0.16901194040068288 -0.0544301249607804 0.08211633690812901
v 0.1696976093785629 -0.05243046437385827 0.08313506712009032
v 0.16853565253626354 -0.054713488316524596 0.08212369164480647
v 0.16853565253626354 -0.054713488316524596 0.08212369164480647
v 0.1696976093785629 -0.05243046437385827 0.08313506712009032
v 0.1676202777369262 -0.0526275850497249 0.08385630433696444
v 0.16562810540109216 -0.05632515984082879 0.08216601189828142
v 0.1638574143990201 -0.05390828579414867 0.08441782017174047
v 0.1628349686717456 -0.05584675863402392 0.08347945037619374
v 0.16414357774269026 -0.05707342418911358 0.08218593224834868
v 0.16469936390190118 -0.0567993191040728 0.08217859277046101
v 0.1628349686717456 -0.05584675863402392 0.08347945037619374
v 0.16169104771897477 -0.05820595064061077 0.08221628198123553
v 0.16031623075914322 -0.05652060967921372 0.08381398408348949
v 0.1611184463734183 -0.058452059661089385 0.08222304925450617
v 0.16060767364407977 -0.058666247293333064 0.08222887048281001
v 0.1611184463734183 -0.058452059661089385 0.08222304925450617
v 0.16031623075914322 -0.05652060967921372 0.08381398408348949
v 0.15854552449828138 -0.059478560411749856 0.08225104913376578
v 0.159022437973082 -0.05929823966343899 0.08224680719020493
v 0.1580255964950705 -0.05967037102877053 0.08225767144853345
v 0.15698059827649044 -0.06004043101338845 0.08226649865842538
v 0.15769562516592114 -0.05782845581066901 0.08366008392969525
v 0.15438957947666584 -0.05846396914651834 0.08403342836881487
v 0.15487261172617114 -0.06072535612526635 0.08228545007534115
v 0.15533538030283897 -0.06058218671538999 0.08228272638136412
v 0.15380997434659702 -0.06104013351448505 0.08229671869159903
v 0.15274202690817693 -0.06133629136546585 0.08230246362595393
v 0.15327642024410612 -0.0611906042552746 0.08229839715847563
v 0.15164870410234063 -0.06072955229245784 0.08297553647286458
v 0.15166905932791683 -0.06161378008714195 0.08231023034995565
v 0.15220593984658135 -0.061477427541603055 0.08230640802311394
v 0.15164870410234063 -0.06072955229245784 0.08297553647286458
v 0.14896680395054315 -0.06222523794089167 0.0823274041178612
v 0.14950934548021874 -0.06211239156102004 0.08232618341467822
v 0.14835185946332705 -0.06107042602691019 0.08328817381681562
v 0.1478789285326609 -0.06243669424976343 0.08233336267527312
v 0.1484233926698497 -0.06233332739304713 0.08233044824642376
v 0.14835185946332705 -0.06107042602691019 0.08328817381681562
v 0.1467875435931276 -0.06262913810656028 0.08233880243383228
v 0.1473336709384032 -0.06253529654936867 0.0823361474044093
v 0.14835185946332705 -0.06107042602691019 0.08328817381681562
v 0.14569295430773896 -0.0628025046614256 0.08234370813474888
v 0.14624060753199328 -0.06271821129194337 0.08234132013414718
v 0.14537967609461686 -0.061005469358785855 0.0837272988987081
v 0.1445955116286601 -0.06295674050859516 0.08234807977802293
v 0.1451445076264157 -0.06288202584440188 0.0823459588062425
v 0.14366698375252615 -0.061542956414344416 0.0835120584099691
v 0.14294457160883842 -0.06315214457061073 0.0823536263481106
v 0.14344084848787905 -0.06309810938127662 0.08235228357460932
v 0.14366698375252615 -0.061542956414344416 0.0835120584099691
v 0.14184140688358934 -0.06325836482101725 0.08235664758848847
v 0.14235375126827596 -0.06321152415106783 0.08235546503227996
v 0.14366698375252615 -0.061542956414344416 0.0835120584099691
v 0.13963034720825715 -0.06341297832323405 0.0823610497493421
v 0.14018385980778977 -0.0633815452162723 0.08236014948074465
v 0.1391928777050566 -0.061779696537893655 0.08362669006824584
v 0.13796959578660226 -0.06347823253775924 0.08236290369230125
v 0.13852313890371445 -0.06346132198397751 0.08236242304042295
v 0.1391928777050566 -0.061779696537893655 0.08362669006824584
v 0.13686153298983147 -0.06349758068320947 0.08236346063812848
v 0.13741524395363133 -0.06349033275806053 0.08236325464446635
v 0.1391928777050566 -0.061779696537893655 0.08362669006824584
v 0.13832836045208016 0.06264732276928923 0.08299241269436929
v 0.1363070133101729 0.06334396663172374 0.08248359309012353
v 0.1363070133101729 0.0625347129006593 0.08309880460616091
v 0.1363070133101729 0.06237601385747697 0.08321799101318915
v 0.1363070133101729 0.06171948535339315 0.08370607392211403
v 0.139438498444262 0.06143422227832045 0.08386983125411084
v 0.1363070133101729 0.061240531015458496 0.08405711001056469
v 0.1363070133101729 0.06089835646917678 0.08430534000282373
v 0.13842130174067432 0.05972210977024166 0.08512849830608181
v 0.13842130174067432 0.05972210977024166 0.08512849830608181
v 0.1363070133101729 0.06089835646917678 0.08430534000282373
v 0.1363070133101729 0.06007141398605147 0.08489656470131555
v 0.13842130174067432 0.05972210977024166 0.08512849830608181
v 0.1363070133101729 0.06007141398605147 0.08489656470131555
v 0.1363070133101729 0.0592387303832687 0.08547967172364056
v 0.1363070133101729 0.05893591207054576 0.08568873240251572
v 0.1363070133101729 0.0584003895841723 0.08605460766403449
v 0.13842130174067432 0.05972210977024166 0.08512849830608181
v 0.1363070133101729 0.05776720321376553 0.08648093062129546
v 0.1363070133101729 0.05755646406801377 0.08662132674612798
v 0.13871048632472235 0.057439692364469365 0.08667251998586421
v 0.13871048632472235 0.057439692364469365 0.08667251998586421
v 0.1363070133101729 0.05755646406801377 0.08662132674612798
v 0.1363070133101729 0.05670704538753183 0.08717976793476188
v 0.1363070133101729 0.05658784753641125 0.08725718340474752
v 0.1363070133101729 0.05585220220728052 0.08772988545356684
v 0.13921088307700555 0.05561374546988022 0.08784540212165125
v 0.1363070133101729 0.05539806247623739 0.0880173610531587
v 0.1363070133101729 0.054992029894696016 0.08827161063798881
v 0.13921088307700555 0.05561374546988022 0.08784540212165125
v 0.1363070133101729 0.05419806928569585 0.08876131097863114
v 0.1363070133101729 0.054126597114332355 0.08880491297044822
v 0.13757889447409963 0.05349190012373665 0.08917564815651423
v 0.13757889447409963 0.05349190012373665 0.08917564815651423
v 0.1363070133101729 0.054126597114332355 0.08880491297044822
v 0.1363070133101729 0.05325599923362571 0.08932972378639102
v 0.1363070133101729 0.05298808158784366 0.08948890348145165
v 0.1363070133101729 0.052380308731827564 0.08984600493884275
v 0.13757889447409963 0.05349190012373665 0.08917564815651423
v 0.1363070133101729 -0.05298808158784366 0.08948890348145165
v 0.1363070133101729 -0.05325599923362571 0.08932972378639102
v 0.1382922886730231 -0.05299792732195389 0.08946452756476651
v 0.1382922886730231 -0.05299792732195389 0.08946452756476651
v 0.1363070133101729 -0.05325599923362571 0.08932972378639102
v 0.1363070133101729 -0.054126597114332355 0.08880491297044822
v 0.1363070133101729 -0.05419806928569585 0.08876131097863114
v 0.1363070133101729 -0.054992029894696016 0.08827161063798881
v 0.13824845016996432 -0.05521054339384438 0.08811896170495713
v 0.1363070133101729 -0.05539806247623739 0.0880173610531587
v 0.1363070133101729 -0.05585220220728052 0.08772988545356684
v 0.13824845016996432 -0.05521054339384438 0.08811896170495713
v 0.1378476627974123 -0.05752682768354948 0.08663202315776884
v 0.1363070133101729 -0.056647448369320265 0.08721847948445215
v 0.1363070133101729 -0.05755646406801377 0.08662132674612798
v 0.1363070133101729 -0.05776720321376553 0.08648093062129546
v 0.1363070133101729 -0.0584003895841723 0.08605460766403449
v 0.1378476627974123 -0.05752682768354948 0.08663202315776884
v 0.1363070133101729 -0.05893591207054576 0.08568873240251572
v 0.1363070133101729 -0.0592387303832687 0.08547967172364056
v 0.13883519641365358 -0.05838351717736504 0.08603828838835702
v 0.13883519641365358 -0.05838351717736504 0.08603828838835702
v 0.1363070133101729 -0.0592387303832687 0.08547967172364056
v 0.1363070133101729 -0.06007141398605147 0.08489656470131555
v 0.1363070133101729 -0.0600937604836949 0.08488074896570107
v 0.1363070133101729 -0.06089835646917678 0.08430534000282373
v 0.1391928777050566 -0.061779696537893655 0.08362669006824584
v 0.1363070133101729 -0.061240531015458496 0.08405711001056469
v 0.1363070133101729 -0.06171948535339315 0.08370607392211403
v 0.1391928777050566 -0.061779696537893655 0.08362669006824584
v 0.1363070133101729 -0.06237601385747697 0.08321799101318915
v 0.1363070133101729 -0.0625347129006593 0.08309880460616091
v 0.1391928777050566 -0.061779696537893655 0.08362669006824584
v 0.1391928777050566 -0.061779696537893655 0.08362669006824584
v 0.1363070133101729 -0.0625347129006593 0.08309880460616091
v 0.1363070133101729 -0.06334396663172374 0.08248359309012353
v 0.14015064142242292 -0.06018111324052948 0.08474093267488046
v 0.13730249675589332 -0.06006856059236125 0.08489252875141683
v 0.1391928777050566 -0.061779696537893655 0.08362669006824584
v 0.139438498444262 0.06143422227832045 0.08386983125411084
v 0.1390767583147756 0.06343956676443833 0.08236282739835231
v 0.13832836045208016 0.06264732276928923 0.08299241269436929
v 0.14296356880212355 0.0594369649507898 0.08509697364638134
v 0.13842130174067432 0.05972210977024166 0.08512849830608181
v 0.13871048632472235 0.057439692364469365 0.08667251998586421
v 0.14137035278406704 -0.05320703759189586 0.08921631283129726
v 0.1382922886730231 -0.05299792732195389 0.08946452756476651
v 0.1401475438880961 -0.05548191715551324 0.08788844716764109
v 0.1431207953720914 0.061148055119952846 0.08385286347986741
v 0.13842130174067432 0.05972210977024166 0.08512849830608181
v 0.14296356880212355 0.0594369649507898 0.08509697364638134
v 0.14333980478190786 0.0558467243017469 0.08746397815333927
v 0.13871048632472235 0.057439692364469365 0.08667251998586421
v 0.13921088307700555 0.05561374546988022 0.08784540212165125
v 0.14333980478190786 0.0558467243017469 0.08746397815333927
v 0.13921088307700555 0.05561374546988022 0.08784540212165125
v 0.14165619569315166 0.05312295784547064 0.08925921291878412
v 0.14260732183696054 -0.059096793120667665 0.08535151314821741
v 0.13883519641365358 -0.05838351717736504 0.08603828838835702
v 0.14015064142242292 -0.06018111324052948 0.08474093267488046
v 0.142774115668125 -0.056171717450728166 0.08728637346961053
v 0.1401475438880961 -0.05548191715551324 0.08788844716764109
v 0.14260732183696054 -0.059096793120667665 0.08535151314821741
v 0.14366698375252615 -0.061542956414344416 0.0835120584099691
v 0.14015064142242292 -0.06018111324052948 0.08474093267488046
v 0.1391928777050566 -0.061779696537893655 0.08362669006824584
v 0.144142661265354 -0.05316347374705325 0.08903522151410213
v 0.14137035278406704 -0.05320703759189586 0.08921631283129726
v 0.142774115668125 -0.056171717450728166 0.08728637346961053
v 0.14260732183696054 -0.059096793120667665 0.08535151314821741
v 0.14015064142242292 -0.06018111324052948 0.08474093267488046
v 0.14366698375252615 -0.061542956414344416 0.0835120584099691
v 0.14689583522424773 0.05361618296655383 0.08848588219357632
v 0.14165619569315166 0.05312295784547064 0.08925921291878412
v 0.1433288642296304 0.05129450469465894 0.09020014619101512
v 0.14499562761446147 -0.05678703577829406 0.08669411880280807
v 0.142774115668125 -0.056171717450728166 0.08728637346961053
v 0.14260732183696054 -0.059096793120667665 0.08535151314821741
v 0.14537967609461686 -0.061005469358785855 0.0837272988987081
v 0.14260732183696054 -0.059096793120667665 0.08535151314821741
v 0.14366698375252615 -0.061542956414344416 0.0835120584099691
v 0.14689583522424773 0.05361618296655383 0.08848588219357632
v 0.14333980478190786 0.0558467243017469 0.08746397815333927
v 0.14165619569315166 0.05312295784547064 0.08925921291878412
v 0.14741629728510117 0.060542906775780156 0.083814808058138
v 0.1431207953720914 0.061148055119952846 0.08385286347986741
v 0.14296356880212355 0.0594369649507898 0.08509697364638134
v 0.14866333713925425 0.05692953761611722 0.08614446667709162
v 0.14296356880212355 0.0594369649507898 0.08509697364638134
v 0.14333980478190786 0.0558467243017469 0.08746397815333927
v 0.14758379302059585 -0.054474009240208544 0.08785964620191765
v 0.144142661265354 -0.05316347374705325 0.08903522151410213
v 0.14499562761446147 -0.05678703577829406 0.08669411880280807
v 0.14754761443001027 -0.05847275439473835 0.08526105904235858
v 0.14499562761446147 -0.05678703577829406 0.08669411880280807
v 0.14537967609461686 -0.061005469358785855 0.0837272988987081
v 0.14866333713925425 0.05692953761611722 0.08614446667709162
v 0.14333980478190786 0.0558467243017469 0.08746397815333927
v 0.14689583522424773 0.05361618296655383 0.08848588219357632
v 0.14927065223157673 -0.051491854252372384 0.0893939098856311
v 0.14628449181142142 -0.051992674436072174 0.08950004239799635
v 0.14758379302059585 -0.054474009240208544 0.08785964620191765
v 0.1502728953211729 0.05934033866446202 0.08423063296802534
v 0.14741629728510117 0.060542906775780156 0.083814808058138
v 0.14866333713925425 0.05692953761611722 0.08614446667709162
v 0.14866333713925425 0.05692953761611722 0.08614446667709162
v 0.14689583522424773 0.05361618296655383 0.08848588219357632
v 0.15042647504038162 0.05314985146247068 0.08825494803954113
v 0.15098645736678404 -0.05809187211346382 0.08498122809645013
v 0.14758379302059585 -0.054474009240208544 0.08785964620191765
v 0.14754761443001027 -0.05847275439473835 0.08526105904235858
v 0.15156456713545371 -0.053136774679623 0.08806151999080301
v 0.14758379302059585 -0.054474009240208544 0.08785964620191765
v 0.15098645736678404 -0.05809187211346382 0.08498122809645013
v 0.15098645736678404 -0.05809187211346382 0.08498122809645013
v 0.14754761443001027 -0.05847275439473835 0.08526105904235858
v 0.14835185946332705 -0.06107042602691019 0.08328817381681562
v 0.14835185946332705 -0.06107042602691019 0.08328817381681562
v 0.14950934548021874 -0.06211239156102004 0.08232618341467822
v 0.15005005595511986 -0.06199499424709436 0.08232140741347481
v 0.15339980281832585 0.057451125012717465 0.0849432031923003
v 0.1502728953211729 0.05934033866446202 0.08423063296802534
v 0.14866333713925425 0.05692953761611722 0.08614446667709162
v 0.15339980281832585 0.057451125012717465 0.0849432031923003
v 0.14866333713925425 0.05692953761611722 0.08614446667709162
v 0.15042647504038162 0.05314985146247068 0.08825494803954113
v 0.15457125062787289 -0.05555650593469078 0.0859499705130684
v 0.15156456713545371 -0.053136774679623 0.08806151999080301
v 0.15098645736678404 -0.05809187211346382 0.08498122809645013
v 0.1560651166656246 -0.05253705464991713 0.08749352679976229
v 0.15156456713545371 -0.053136774679623 0.08806151999080301
v 0.15457125062787289 -0.05555650593469078 0.0859499705130684
v 0.1560651166656246 -0.05253705464991713 0.08749352679976229
v 0.1529669872460104 -0.05007812737858334 0.08956747099006622
v 0.15156456713545371 -0.053136774679623 0.08806151999080301
v 0.1563512189741356 0.05820289888265332 0.08374233643604344
v 0.1536761547601628 0.05945557304493536 0.08348753753478098
v 0.15339980281832585 0.057451125012717465 0.0849432031923003
v 0.15752387222807582 0.055033426991388835 0.08557268930618366
v 0.15339980281832585 0.057451125012717465 0.0849432031923003
v 0.15512970707529658 0.05389086025621163 0.08687445480990873
v 0.15754203018792265 -0.049428987943453996 0.08892013209213177
v 0.1529669872460104 -0.05007812737858334 0.08956747099006622
v 0.1560651166656246 -0.05253705464991713 0.08749352679976229
v 0.15769562516592114 -0.05782845581066901 0.08366008392969525
v 0.15457125062787289 -0.05555650593469078 0.0859499705130684
v 0.15438957947666584 -0.05846396914651834 0.08403342836881487
v 0.15890518943235674 0.05727243695491383 0.08371873871763745
v 0.1563512189741356 0.05820289888265332 0.08374233643604344
v 0.15752387222807582 0.055033426991388835 0.08557268930618366
v 0.15975630946789995 -0.05492238877810699 0.08504000495471063
v 0.1560651166656246 -0.05253705464991713 0.08749352679976229
v 0.15457125062787289 -0.05555650593469078 0.0859499705130684
v 0.15975630946789995 -0.05492238877810699 0.08504000495471063
v 0.15457125062787289 -0.05555650593469078 0.0859499705130684
v 0.15769562516592114 -0.05782845581066901 0.08366008392969525
v 0.16094097138940275 0.053592734021348266 0.08552933908439807
v 0.15752387222807582 0.055033426991388835 0.08557268930618366
v 0.15844593037733998 0.05096556714851767 0.08783311116647761
v 0.1623008347352428 -0.04827528229173209 0.08825124015362283
v 0.15754203018792265 -0.049428987943453996 0.08892013209213177
v 0.1597387923772242 -0.05183616121452687 0.08695375474043308
v 0.16031623075914322 -0.05652060967921372 0.08381398408348949
v 0.15975630946789995 -0.05492238877810699 0.08504000495471063
v 0.15769562516592114 -0.05782845581066901 0.08366008392969525
v 0.16165854649672792 0.05600698737088242 0.08374782197097196
v 0.15890518943235674 0.05727243695491383 0.08371873871763745
v 0.16094097138940275 0.053592734021348266 0.08552933908439807
v 0.16412537400647406 0.05207992419607569 0.08546107888828479
v 0.16094097138940275 0.053592734021348266 0.08552933908439807
v 0.15844593037733998 0.05096556714851767 0.08783311116647761
v 0.16320970929013076 0.04994534157515721 0.08702396806163913
v 0.15844593037733998 0.05096556714851767 0.08783311116647761
v 0.16363590254767854 0.04657123405405586 0.08874805871970091
v 0.1628298264595873 -0.04599836186498066 0.08928566403088033
v 0.15945639795463148 -0.04758953701990312 0.08942567105657327
v 0.1623008347352428 -0.04827528229173209 0.08825124015362283
v 0.1635291673131167 -0.05118189482602901 0.08619946698487978
v 0.1623008347352428 -0.04827528229173209 0.08825124015362283
v 0.1597387923772242 -0.05183616121452687 0.08695375474043308
v 0.1638574143990201 -0.05390828579414867 0.08441782017174047
v 0.1597387923772242 -0.05183616121452687 0.08695375474043308
v 0.15975630946789995 -0.05492238877810699 0.08504000495471063
v 0.16411634080292 0.05535850406371393 0.08336614623262849
v 0.16165854649672792 0.05600698737088242 0.08374782197097196
v 0.16094097138940275 0.053592734021348266 0.08552933908439807
v 0.16573743462991783 -0.044549066752197525 0.0890739330637924
v 0.1628298264595873 -0.04599836186498066 0.08928566403088033
v 0.1623008347352428 -0.04827528229173209 0.08825124015362283
v 0.1670468524167212 0.05286802542979755 0.08392224519703005
v 0.16411634080292 0.05535850406371393 0.08336614623262849
v 0.16412537400647406 0.05207992419607569 0.08546107888828479
v 0.1672866595570177 -0.049484404053263854 0.08587073161770319
v 0.16656926755516996 -0.04729115901500827 0.08735842547498594
v 0.1635291673131167 -0.05118189482602901 0.08619946698487978
v 0.1676202777369262 -0.0526275850497249 0.08385630433696444
v 0.1635291673131167 -0.05118189482602901 0.08619946698487978
v 0.1638574143990201 -0.05390828579414867 0.08441782017174047
v 0.16626761653986574 0.04911937946927573 0.0864514277512418
v 0.16412537400647406 0.05207992419607569 0.08546107888828479
v 0.16320970929013076 0.04994534157515721 0.08702396806163913
v 0.1690001911325467 0.047516832701264305 0.08632091169279653
v 0.16626761653986574 0.04911937946927573 0.0864514277512418
v 0.1665307848873265 0.04506164764812584 0.08854354516018235
v 0.16937018626730801 -0.04338378349372454 0.088330410384434
v 0.16573743462991783 -0.044549066752197525 0.0890739330637924
v 0.16656926755516996 -0.04729115901500827 0.08735842547498594
v 0.1704210286023766 0.04347994820166126 0.08786775624868957
v 0.1665307848873265 0.04506164764812584 0.08854354516018235
v 0.16864746894782454 0.04213244066085145 0.08920158809915256
v 0.16905768625246506 -0.04816712417502259 0.08594762828883605
v 0.16656926755516996 -0.04729115901500827 0.08735842547498594
v 0.1672866595570177 -0.049484404053263854 0.08587073161770319
v 0.172169746947155 0.050037119381030094 0.08354700103858191
v 0.1693125080419122 0.0521225915870183 0.08348384490765247
v 0.16905263559304548 0.04893013995833421 0.08550426126338272
v 0.1718695302580908 0.04625140600541758 0.08583008220170994
v 0.16905263559304548 0.04893013995833421 0.08550426126338272
v 0.1690001911325467 0.047516832701264305 0.08632091169279653
v 0.1729065786471917 -0.039929822910969054 0.08851271477541721
v 0.17035466812559183 -0.03925536532888521 0.08984957549565296
v 0.16937018626730801 -0.04338378349372454 0.088330410384434
v 0.1718695302580908 0.04625140600541758 0.08583008220170994
v 0.1690001911325467 0.047516832701264305 0.08632091169279653
v 0.1704210286023766 0.04347994820166126 0.08786775624868957
v 0.1704210286023766 0.04347994820166126 0.08786775624868957
v 0.16864746894782454 0.04213244066085145 0.08920158809915256
v 0.1712036824481444 0.03955528065685113 0.08937962002899534
v 0.1721868673092963 -0.050058344357624164 0.08351966491667805
v 0.16905768625246506 -0.04816712417502259 0.08594762828883605
v 0.1696976093785629 -0.05243046437385827 0.08313506712009032
v 0.174827080447395 0.04285379231864897 0.08627442578970966
v 0.1704210286023766 0.04347994820166126 0.08786775624868957
v 0.1731926962144925 0.03896559328143037 0.08879587213749927
v 0.1731926962144925 0.03896559328143037 0.08879587213749927
v 0.1712036824481444 0.03955528065685113 0.08937962002899534
v 0.17510105201802514 0.036986085741119744 0.08881516687718526
v 0.1742886435321722 -0.03643721562837989 0.08939316983432642
v 0.1722774892618428 -0.03656658727759112 0.09020000123251214
v 0.1729065786471917 -0.039929822910969054 0.08851271477541721
v 0.17476191015621365 -0.04817604293765324 0.08343756499822773
v 0.17280275784147922 -0.04620118169883283 0.0854516031798269
v 0.1721868673092963 -0.050058344357624164 0.08351966491667805
v 0.17535604165415994 0.047113230081996554 0.0837590295520707
v 0.172169746947155 0.050037119381030094 0.08354700103858191
v 0.1718695302580908 0.04625140600541758 0.08583008220170994
v 0.17535604165415994 0.047113230081996554 0.0837590295520707
v 0.1718695302580908 0.04625140600541758 0.08583008220170994
v 0.174827080447395 0.04285379231864897 0.08627442578970966
v 0.17738524707280764 -0.03498820661790527 0.088551388178133
v 0.1742886435321722 -0.03643721562837989 0.08939316983432642
v 0.1765424125601189 -0.03804562177166962 0.08769619404571659
v 0.17774079213364044 -0.04100887493365682 0.08575122477608942
v 0.1729065786471917 -0.039929822910969054 0.08851271477541721
v 0.17323334563048573 -0.04299342168929468 0.08692653305945262
v 0.17732836230448076 -0.04520949006237454 0.08382934968480525
v 0.17323334563048573 -0.04299342168929468 0.08692653305945262
v 0.17280275784147922 -0.04620118169883283 0.0854516031798269
v 0.17732836230448076 -0.04520949006237454 0.08382934968480525
v 0.17280275784147922 -0.04620118169883283 0.0854516031798269
v 0.17476191015621365 -0.04817604293765324 0.08343756499822773
v 0.17767517933755525 0.04576022174746844 0.08334316649520888
v 0.17535604165415994 0.047113230081996554 0.0837590295520707
v 0.174827080447395 0.04285379231864897 0.08627442578970966
v 0.17796675955159988 0.04792405546840908 0.081956180650522
v 0.17535604165415994 0.047113230081996554 0.0837590295520707
v 0.17767517933755525 0.04576022174746844 0.08334316649520888
v 0.17935819333350975 0.04119177060274429 0.08484343359527634
v 0.174827080447395 0.04285379231864897 0.08627442578970966
v 0.17617800214241972 0.039258340792893726 0.08732960925047271
v 0.17953203672555593 0.0353376672363104 0.0873491405014004
v 0.17617800214241972 0.039258340792893726 0.08732960925047271
v 0.17728682787867986 0.03527359176329627 0.08848801842414654
v 0.18003873535802126 -0.02894436210781561 0.08940602536472218
v 0.1777796410124388 -0.029894151200169382 0.09020000123251214
v 0.17883745661444014 -0.03167031438572889 0.08907873195318049
v 0.17883745661444014 -0.03167031438572889 0.08907873195318049
v 0.17653455428337847 -0.033430467286104125 0.08955283018126535
v 0.17738524707280764 -0.03498820661790527 0.088551388178133
v 0.17953203672555593 0.0353376672363104 0.0873491405014004
v 0.17728682787867986 0.03527359176329627 0.08848801842414654
v 0.17799097525099225 0.03301317753239721 0.08901079219165274
v 0.17953203672555593 0.0353376672363104 0.0873491405014004
v 0.17799097525099225 0.03301317753239721 0.08901079219165274
v 0.1795224999819389 0.030128865719374363 0.08927307552930584
v 0.18195066171836413 0.03176962431171051 0.08743137011956391
v 0.17953203672555593 0.0353376672363104 0.0873491405014004
v 0.1795224999819389 0.030128865719374363 0.08927307552930584
v 0.1827113276480485 -0.030690679100551253 0.08741225848535537
v 0.18003873535802126 -0.02894436210781561 0.08940602536472218
v 0.17883745661444014 -0.03167031438572889 0.08907873195318049
v 0.1827113276480485 -0.030690679100551253 0.08741225848535537
v 0.17883745661444014 -0.03167031438572889 0.08907873195318049
v 0.18157842354150408 -0.035202504876374906 0.08632331495218802
v 0.18057865237585344 -0.04223531923629456 0.08365657440804418
v 0.18060334109772921 -0.03872608750223219 0.08532237648911865
v 0.17774079213364044 -0.04100887493365682 0.08575122477608942
v 0.18200701242904846 0.038682187964014264 0.08456869145576194
v 0.17935819333350975 0.04119177060274429 0.08484343359527634
v 0.17953203672555593 0.0353376672363104 0.0873491405014004
v 0.18309964858934433 0.027718222980973612 0.08817533530382614
v 0.1795224999819389 0.030128865719374363 0.08927307552930584
v 0.1814478083009252 0.027430278173595796 0.0891498226547993
v 0.18499584313741654 0.03514950347004888 0.08438196201574043
v 0.18200701242904846 0.038682187964014264 0.08456869145576194
v 0.18322663223795385 0.03448947688840633 0.0856842005419489
v 0.1849207241152939 -0.024332223140581827 0.08814992178943547
v 0.18316870987192144 -0.0237191840947404 0.08929118008338842
v 0.18232978160941823 -0.02713484702247861 0.08877771417765244
v 0.18442466085931028 -0.03803686704102918 0.08346696868614777
v 0.18060334109772921 -0.03872608750223219 0.08532237648911865
v 0.18367339434413485 -0.03960335347407587 0.08318076719550314
v 0.18584934354416657 0.028314364824474376 0.0864043772729328
v 0.18195066171836413 0.03176962431171051 0.08743137011956391
v 0.18309964858934433 0.027718222980973612 0.08817533530382614
v 0.1862833950784548 0.03668164618198191 0.08292195523252664
v 0.1840960323036622 0.03940649219763562 0.08300786221902888
v 0.18499584313741654 0.03514950347004888 0.08438196201574043
v 0.18645211151713245 0.024583659386044916 0.08717631944826996
v 0.18309964858934433 0.027718222980973612 0.08817533530382614
v 0.18342138017200857 0.024528254720327398 0.08893612330382882
v 0.18695621615533395 0.018375227847263764 0.08840449180885111
v 0.18421228902305128 0.020943348925663866 0.08940710873879708
v 0.1839865047105693 0.01781376541825198 0.09020000123251214
v 0.18631984832725654 -0.020993025823164993 0.08818952597832828
v 0.18558937954256113 -0.017585846782548497 0.08935341305753573
v 0.183569314138996 -0.021216139847434215 0.08968950316138978
v 0.18631984832725654 -0.020993025823164993 0.08818952597832828
v 0.183569314138996 -0.021216139847434215 0.08968950316138978
v 0.18316870987192144 -0.0237191840947404 0.08929118008338842
v 0.18615728118086314 -0.027984601396335868 0.08632354383403483
v 0.18232978160941823 -0.02713484702247861 0.08877771417765244
v 0.1827113276480485 -0.030690679100551253 0.08741225848535537
v 0.18704526645253236 0.020684424429112683 0.08783271443794315
v 0.18342138017200857 0.024528254720327398 0.08893612330382882
v 0.18421228902305128 0.020943348925663866 0.08940710873879708
v 0.18753946813616193 -0.014009093950003168 0.08884333460313253
v 0.1848073360483848 -0.015328719867174222 0.09020000123251214
v 0.18558937954256113 -0.017585846782548497 0.08935341305753573
v 0.18615728118086314 -0.027984601396335868 0.08632354383403483
v 0.1827113276480485 -0.030690679100551253 0.08741225848535537
v 0.18658524445802624 -0.030296500691325855 0.08527949166042158
v 0.1885508054644713 0.030694205788340832 0.08389314668490576
v 0.18499584313741654 0.03514950347004888 0.08438196201574043
v 0.185360162002377 0.031122018384954785 0.08573122050267833
v 0.18928110640247905 -0.021755299647823204 0.08618259839276997
v 0.18631984832725654 -0.020993025823164993 0.08818952597832828
v 0.1849207241152939 -0.024332223140581827 0.08814992178943547
v 0.18863085307569524 -0.025116454363743896 0.08567376352973442
v 0.1849207241152939 -0.024332223140581827 0.08814992178943547
v 0.18615728118086314 -0.027984601396335868 0.08632354383403483
v 0.18862478007735992 0.023397484937004456 0.08616579083581931
v 0.18645211151713245 0.024583659386044916 0.08717631944826996
v 0.18704526645253236 0.020684424429112683 0.08783271443794315
v 0.18956856674328112 0.01581970766820485 0.08728403124537819
v 0.18695621615533395 0.018375227847263764 0.08840449180885111
v 0.1858051540889427 0.01629268342156599 0.08945778317968055
v 0.18956856674328112 0.01581970766820485 0.08728403124537819
v 0.1858051540889427 0.01629268342156599 0.08945778317968055
v 0.18728322727926458 0.01314187684490876 0.08912219661588948
v 0.1895308775325066 0.032305417641602684 0.08261886989098242
v 0.18821291482342237 0.03443691417228669 0.08263237391994414
v 0.1885508054644713 0.030694205788340832 0.08389314668490576
v 0.1907134032234392 0.020913682023619998 0.08545792794819372
v 0.18862478007735992 0.023397484937004456 0.08616579083581931
v 0.18704526645253236 0.020684424429112683 0.08783271443794315
v 0.18956856674328112 0.01581970766820485 0.08728403124537819
v 0.18704526645253236 0.020684424429112683 0.08783271443794315
v 0.18695621615533395 0.018375227847263764 0.08840449180885111
v 0.19107428886069752 0.013069487238809305 0.08676169998277582
v 0.18728322727926458 0.01314187684490876 0.08912219661588948
v 0.1895841459676539 0.010274251472192637 0.08809344137903795
v 0.19058323048776413 -0.008509152816577608 0.0876536906867642
v 0.18826331460608967 -0.005768267905508776 0.08931289334125568
v 0.18774353919077666 -0.009048911524465747 0.08935446591403105
v 0.19058323048776413 -0.008509152816577608 0.0876536906867642
v 0.18774353919077666 -0.009048911524465747 0.08935446591403105
v 0.1877703183668533 -0.011222190436284703 0.08910160487907158
v 0.19014844653156612 -0.014290611945857465 0.08717779955087933
v 0.18753946813616193 -0.014009093950003168 0.08884333460313253
v 0.18853469218245597 -0.017600216747830643 0.08759270130398454
v 0.19029190967314588 -0.028282899292584335 0.08358908478081516
v 0.18846279276497843 -0.02761294686818518 0.08500491736759484
v 0.18658524445802624 -0.030296500691325855 0.08527949166042158
v 0.19029190967314588 -0.028282899292584335 0.08358908478081516
v 0.18658524445802624 -0.030296500691325855 0.08527949166042158
v 0.18784014258891976 -0.032679368617616354 0.08360354248413858
v 0.19104015494794344 0.005112947230004054 0.08760428272543307
v 0.1890621122514524 0.006614227132243637 0.08877109186288477
v 0.18857912577831645 0.0032117599582297284 0.0892430767485841
v 0.19089063406681814 0.0020668424157509204 0.08783534657918145
v 0.18857912577831645 0.0032117599582297284 0.0892430767485841
v 0.1890668882526558 0.0005375050561621384 0.08900669520659486
v 0.19189040523246878 -0.005135209327466476 0.08705794938649535
v 0.189047509589626 -0.002319613090064622 0.08899533503759825
v 0.18826331460608967 -0.005768267905508776 0.08931289334125568
v 0.19189040523246878 -0.005135209327466476 0.08705794938649535
v 0.18826331460608967 -0.005768267905508776 0.08931289334125568
v 0.19058323048776413 -0.008509152816577608 0.0876536906867642
v 0.19058323048776413 -0.008509152816577608 0.0876536906867642
v 0.1877703183668533 -0.011222190436284703 0.08910160487907158
v 0.19014844653156612 -0.014290611945857465 0.08717779955087933
v 0.19165079645643954 -0.025398236527396385 0.08358985534969941
v 0.18928110640247905 -0.021755299647823204 0.08618259839276997
v 0.18863085307569524 -0.025116454363743896 0.08567376352973442
v 0.1930056854368089 0.01099278883694877 0.08575737406837368
v 0.19107428886069752 0.013069487238809305 0.08676169998277582
v 0.1895841459676539 0.010274251472192637 0.08809344137903795
v 0.1895841459676539 0.010274251472192637 0.08809344137903795
v 0.18875353374558476 0.00829027882852052 0.08882185022711207
v 0.1890621122514524 0.006614227132243637 0.08877109186288477
v 0.19089063406681814 0.0020668424157509204 0.08783534657918145
v 0.1890668882526558 0.0005375050561621384 0.08900669520659486
v 0.189047509589626 -0.002319613090064622 0.08899533503759825
v 0.19206395870750897 -0.01894265837043109 0.08500199530935058
v 0.18853469218245597 -0.017600216747830643 0.08759270130398454
v 0.18928110640247905 -0.021755299647823204 0.08618259839276997
v 0.19225242002017134 -0.022660493019675 0.08395287721752796
v 0.18928110640247905 -0.021755299647823204 0.08618259839276997
v 0.19165079645643954 -0.025398236527396385 0.08358985534969941
v 0.19165079645643954 -0.025398236527396385 0.08358985534969941
v 0.18863085307569524 -0.025116454363743896 0.08567376352973442
v 0.19029190967314588 -0.028282899292584335 0.08358908478081516
v 0.1930056854368089 0.01099278883694877 0.08575737406837368
v 0.1895841459676539 0.010274251472192637 0.08809344137903795
v 0.19179322200031376 0.007355564943639375 0.0869493068032101
v 0.1934653717379397 -0.015945569795765013 0.08464873906698588
v 0.19014844653156612 -0.014290611945857465 0.08717779955087933
v 0.19206395870750897 -0.01894265837043109 0.08500199530935058
v 0.19165079645643954 -0.025398236527396385 0.08358985534969941
v 0.19029190967314588 -0.028282899292584335 0.08358908478081516
v 0.1916155181344514 -0.02833030644510461 0.08265734492943098
v 0.19391593328277773 0.022669280175243736 0.08276887142398602
v 0.19172139887678516 0.027081475590500243 0.08301093686517101
v 0.1910944304632167 0.02454227564079316 0.0842217065759998
v 0.19391593328277773 0.022669280175243736 0.08276887142398602
v 0.1910944304632167 0.02454227564079316 0.0842217065759998
v 0.1907134032234392 0.020913682023619998 0.08545792794819372
v 0.19391593328277773 0.022669280175243736 0.08276887142398602
v 0.1907134032234392 0.020913682023619998 0.08545792794819372
v 0.19238622434781577 0.017739613421932098 0.08504889319976171
v 0.19537598584236088 0.006662667114097636 0.08452431126566572
v 0.19179322200031376 0.007355564943639375 0.0869493068032101
v 0.19261802062347394 0.0031748401242465162 0.08665611678684292
v 0.1941830383980036 -0.0004859298698440404 0.08562945200419224
v 0.19261802062347394 0.0031748401242465162 0.08665611678684292
v 0.19181122737226272 -0.0013985901543200905 0.08724681505708708
v 0.19470327157701023 -0.010660530596680047 0.08459194585139772
v 0.1930011535762421 -0.009356768098841568 0.08594205120116881
v 0.1920662017496077 -0.012904886858676754 0.08612263134890606
v 0.1941830383980036 -0.0004859298698440404 0.08562945200419224
v 0.19181122737226272 -0.0013985901543200905 0.08724681505708708
v 0.1947436615935771 -0.005709659370773116 0.08504853461820171
v 0.1947436615935771 -0.005709659370773116 0.08504853461820171
v 0.19189040523246878 -0.005135209327466476 0.08705794938649535
v 0.1930011535762421 -0.009356768098841568 0.08594205120116881
v 0.1950865113413069 -0.014344718660768705 0.08375857178837708
v 0.1920662017496077 -0.012904886858676754 0.08612263134890606
v 0.1934653717379397 -0.015945569795765013 0.08464873906698588
v 0.19528249523733437 -0.01930990120098454 0.08260962306437135
v 0.1937881104007299 -0.01763454711750324 0.08407339876866259
v 0.19206395870750897 -0.01894265837043109 0.08500199530935058
v 0.19528249523733437 -0.01930990120098454 0.08260962306437135
v 0.19206395870750897 -0.01894265837043109 0.08500199530935058
v 0.19225242002017134 -0.022660493019675 0.08395287721752796
v 0.19633835771424296 0.003528840471031943 0.08399661653845313
v 0.19537598584236088 0.006662667114097636 0.08452431126566572
v 0.19261802062347394 0.0031748401242465162 0.08665611678684292
v 0.19633835771424296 0.003528840471031943 0.08399661653845313
v 0.19261802062347394 0.0031748401242465162 0.08665611678684292
v 0.1941830383980036 -0.0004859298698440404 0.08562945200419224
v 0.19567362379595105 0.013792190253177359 0.08342537322518771
v 0.1930056854368089 0.01099278883694877 0.08575737406837368
v 0.19666474322779232 0.01046196987252724 0.08315803922811503
v 0.19633835771424296 0.003528840471031943 0.08399661653845313
v 0.1941830383980036 -0.0004859298698440404 0.08562945200419224
v 0.1965444429291096 -0.0017736642011039621 0.08389435975869385
v 0.19664318255782293 -0.011449869699723399 0.08304876340505361
v 0.19470327157701023 -0.010660530596680047 0.08459194585139772
v 0.1950865113413069 -0.014344718660768705 0.08375857178837708
v 0.19640050676504645 -0.016198441321142464 0.08243086634201367
v 0.1934653717379397 -0.015945569795765013 0.08464873906698588
v 0.1937881104007299 -0.01763454711750324 0.08407339876866259
v 0.1977391603930822 0.006892323821325323 0.08270544063484041
v 0.19537598584236088 0.006662667114097636 0.08452431126566572
v 0.19633835771424296 0.003528840471031943 0.08399661653845313
v 0.1975844972997986 -0.008149870305921297 0.08271236812540382
v 0.1947436615935771 -0.005709659370773116 0.08504853461820171
v 0.19470327157701023 -0.010660530596680047 0.08459194585139772
v 0.1975844972997986 -0.008149870305921297 0.08271236812540382
v 0.19470327157701023 -0.010660530596680047 0.08459194585139772
v 0.19664318255782293 -0.011449869699723399 0.08304876340505361
v 0.19846106899670696 -0.0034560548516537914 0.08235299310833442
v 0.1965444429291096 -0.0017736642011039621 0.08389435975869385
v 0.19727190573221692 -0.005118418936654327 0.08319791044582912
v 0.19918891326955895 0.008838275375545051 0.08136178975314932
v 0.19666474322779232 0.01046196987252724 0.08315803922811503
v 0.1977391603930822 0.006892323821325323 0.08270544063484041
v 0.19814406763887676 0.003959168622193479 0.0825823861246011
v 0.19633835771424296 0.003528840471031943 0.08399661653845313
v 0.1981805514052581 0.0008101722386840571 0.08265011226307183
v 0.06380700986660769 0.05176833207922508 0.09020000123251214
v 0.1870823300529256 -0.000509425068256145 0.09020000123251214
v 0.18707723361713666 0.0 0.09020000123251214
v 0.06380700986660769 0.05176833207922508 0.09020000123251214
v 0.1870684445542192 -0.0009649376731475999 0.09020000123251214
v 0.1870823300529256 -0.000509425068256145 0.09020000123251214
v 0.18707723361713666 0.0 0.09020000123251214
v 0.18707312900268389 0.0007006304596850203 0.09020000123251214
v 0.06380700986660769 0.05176833207922508 0.09020000123251214
v 0.18707312900268389 0.0007006304596850203 0.09020000123251214
v 0.18705866366996557 0.0014024885366921433 0.09020000123251214
v 0.06380700986660769 0.05176833207922508 0.09020000123251214
v 0.18596503568833353 -0.010792539155501386 0.09020000123251214
v 0.18609330107528518 -0.010157205110432062 0.09020000123251214
v 0.06380700986660769 0.05176833207922508 0.09020000123251214
v 0.18705866366996557 0.0014024885366921433 0.09020000123251214
v 0.1870442593724064 0.0018685238056766903 0.09020000123251214
v 0.06380700986660769 0.05176833207922508 0.09020000123251214
v 0.18609330107528518 -0.010157205110432062 0.09020000123251214
v 0.18618047454133976 -0.009701155169642435 0.09020000123251214
v 0.06380700986660769 0.05176833207922508 0.09020000123251214
v 0.1870442593724064 0.0018685238056766903 0.09020000123251214
v 0.18701682406836892 0.0025641375805912654 0.09020000123251214
v 0.06380700986660769 0.05176833207922508 0.09020000123251214
v 0.18618047454133976 -0.009701155169642435 0.09020000123251214
v 0.18630355193976375 -0.00901704449566943 0.09020000123251214
v 0.06380700986660769 0.05176833207922508 0.09020000123251214
v 0.18701682406836892 0.0025641375805912654 0.09020000123251214
v 0.18697664767485908 0.003262151873083543 0.09020000123251214
v 0.06380700986660769 0.05176833207922508 0.09020000123251214
v 0.18630355193976375 -0.00901704449566943 0.09020000123251214
v 0.1864175656170541 -0.008330409445660996 0.09020000123251214
v 0.06380700986660769 0.05176833207922508 0.09020000123251214
v 0.18697664767485908 0.003262151873083543 0.09020000123251214
v 0.18692978793142243 0.003955063292484936 0.09020000123251214
v 0.06380700986660769 0.05176833207922508 0.09020000123251214
v 0.1864175656170541 -0.008330409445660996 0.09020000123251214
v 0.18652283600779637 -0.0076445363814675645 0.09020000123251214
v 0.06380700986660769 0.05176833207922508 0.09020000123251214
v 0.06380700986660769 0.05176833207922508 0.09020000123251214
v 0.17707091600319022 0.030894767321304493 0.09020000123251214
v 0.17623825910328958 0.03200202712426272 0.09020000123251214
v 0.18692978793142243 0.003955063292484936 0.09020000123251214
v 0.18687273531640788 0.004648915988481331 0.09020000123251214
v 0.06380700986660769 0.05176833207922508 0.09020000123251214
v 0.18652283600779637 -0.0076445363814675645 0.09020000123251214
v 0.1866182034439667 -0.0069560025658049794 0.09020000123251214
v 0.06380700986660769 0.05176833207922508 0.09020000123251214
v 0.14689583522424773 0.05361618296655383 0.08848588219357632
v 0.1433288642296304 0.05129450469465894 0.09020014619101512
v 0.14760904631769375 0.05047963191425534 0.09020001649130192
v 0.18687273531640788 0.004648915988481331 0.09020000123251214
v 0.18680814485923844 0.0053382895144193955 0.09020000123251214
v 0.06380700986660769 0.05176833207922508 0.09020000123251214
v 0.1866182034439667 -0.0069560025658049794 0.09020000123251214
v 0.18670539216881107 -0.006268487274360694 0.09020000123251214
v 0.06380700986660769 0.05176833207922508 0.09020000123251214
v 0.06380700986660769 0.05176833207922508 0.09020000123251214
v 0.17047461747210943 -0.03831533613994911 0.09020000123251214
v 0.17097272540592454 -0.03784712780472213 0.09020000123251214
v 0.06380700986660769 0.05176833207922508 0.09020000123251214
v 0.18705799228321493 -0.0014275141440361913 0.09020000123251214
v 0.1870684445542192 -0.0009649376731475999 0.09020000123251214
v 0.17097272540592454 -0.03784712780472213 0.09020000123251214
v 0.17130295613450028 -0.03752989375034768 0.09020000123251214
v 0.06380700986660769 0.05176833207922508 0.09020000123251214
v 0.06380700986660769 0.05176833207922508 0.09020000123251214
v 0.1870351498749034 -0.002121728044197081 0.09020000123251214
v 0.18705799228321493 -0.0014275141440361913 0.09020000123251214
v 0.18670539216881107 -0.006268487274360694 0.09020000123251214
v 0.18678252535118564 -0.005578225400754703 0.09020000123251214
v 0.06380700986660769 0.05176833207922508 0.09020000123251214
v 0.17130295613450028 -0.03752989375034768 0.09020000123251214
v 0.17163007406995942 -0.03720998177836556 0.09020000123251214
v 0.06380700986660769 0.05176833207922508 0.09020000123251214
v 0.06380700986660769 0.05176833207922508 0.09020000123251214
v 0.1778465508056559 0.02979256008511457 0.09020000123251214
v 0.17707091600319022 0.030894767321304493 0.09020000123251214
v 0.18678252535118564 -0.005578225400754703 0.09020000123251214
v 0.18685149508102403 -0.00488903164243382 0.09020000123251214
v 0.06380700986660769 0.05176833207922508 0.09020000123251214
v 0.17163007406995942 -0.03720998177836556 0.09020000123251214
v 0.17195406395351218 -0.03688739951817068 0.09020000123251214
v 0.06380700986660769 0.05176833207922508 0.09020000123251214
v 0.06380700986660769 0.05176833207922508 0.09020000123251214
v 0.17571202921989656 0.03267180788727677 0.09020000123251214
v 0.17503061744436718 0.033509034794718694 0.09020000123251214
v 0.06380700986660769 0.05176833207922508 0.09020000123251214
v 0.18483037682096357 0.015249616393568376 0.09020000123251214
v 0.18455806845842024 0.016128317645326417 0.09020000123251214
v 0.06380700986660769 0.05176833207922508 0.09020000123251214
v 0.182472527587878 -0.021570315431883605 0.09020000123251214
v 0.18275147352397877 -0.020935879748063005 0.09020000123251214
v 0.17195406395351218 -0.03688739951817068 0.09020000123251214
v 0.1722774892618428 -0.03656658727759112 0.09020000123251214
v 0.06380700986660769 0.05176833207922508 0.09020000123251214
v 0.1433288642296304 0.05129450469465894 0.09020014619101512
v 0.138492331407134 0.05173224885607567 0.09020000123251214
v 0.14760904631769375 0.05047963191425534 0.09020001649130192
v 0.06380700986660769 0.05176833207922508 0.09020000123251214
v 0.17835617912576038 0.02903917259815871 0.09020000123251214
v 0.1778465508056559 0.02979256008511457 0.09020000123251214
v 0.06380700986660769 0.05176833207922508 0.09020000123251214
v 0.18700241977080975 -0.0028137017632823298 0.09020000123251214
v 0.1870351498749034 -0.002121728044197081 0.09020000123251214
v 0.18685149508102403 -0.00488903164243382 0.09020000123251214
v 0.18691059237387006 -0.0041973645296558585 0.09020000123251214
v 0.06380700986660769 0.05176833207922508 0.09020000123251214
v 0.18275147352397877 -0.020935879748063005 0.09020000123251214
v 0.1830221186784353 -0.020301650057904533 0.09020000123251214
v 0.06380700986660769 0.05176833207922508 0.09020000123251214
v 0.1722774892618428 -0.03656658727759112 0.09020000123251214
v 0.1725926748236883 -0.036234277538906866 0.09020000123251214
v 0.06380700986660769 0.05176833207922508 0.09020000123251214
v 0.06380700986660769 0.05176833207922508 0.09020000123251214
v 0.18502529260170594 0.014589008070565188 0.09020000123251214
v 0.18483037682096357 0.015249616393568376 0.09020000123251214
v 0.06380700986660769 0.05176833207922508 0.09020000123251214
v 0.18696230441245906 -0.0035071934935328197 0.09020000123251214
v 0.18700241977080975 -0.0028137017632823298 0.09020000123251214
v 0.18691059237387006 -0.0041973645296558585 0.09020000123251214
v 0.18696230441245906 -0.0035071934935328197 0.09020000123251214
v 0.06380700986660769 0.05176833207922508 0.09020000123251214
v 0.1725926748236883 -0.036234277538906866 0.09020000123251214
v 0.17306346952378424 -0.03573748186101346 0.09020000123251214
v 0.06380700986660769 0.05176833207922508 0.09020000123251214
v 0.17503061744436718 0.033509034794718694 0.09020000123251214
v 0.17444980686990516 0.03421150370015449 0.09020000123251214
v 0.06380700986660769 0.05176833207922508 0.09020000123251214
v 0.06380700986660769 0.05176833207922508 0.09020000123251214
v 0.1789786614551314 0.028083844565112166 0.09020000123251214
v 0.17835617912576038 0.02903917259815871 0.09020000123251214
v 0.18314151870852055 0.020011729237249268 0.09020000123251214
v 0.18280082045015075 0.020821455990797114 0.09020000123251214
v 0.06380700986660769 0.05176833207922508 0.09020000123251214
v 0.06380700986660769 0.05176833207922508 0.09020000123251214
v 0.18521264002271384 0.013923313802191037 0.09020000123251214
v 0.18502529260170594 0.014589008070565188 0.09020000123251214
v 0.1830221186784353 -0.020301650057904533 0.09020000123251214
v 0.18328266251405265 -0.01966249940803967 0.09020000123251214
v 0.06380700986660769 0.05176833207922508 0.09020000123251214
v 0.06380700986660769 0.05176833207922508 0.09020000123251214
v 0.14148635010402974 -0.0514995561265175 0.09020000123251214
v 0.14215158756238463 -0.05142506271477613 0.09020000123251214
v 0.17444980686990516 0.03421150370015449 0.09020000123251214
v 0.1736918722635927 0.03506124281522196 0.09020000123251214
v 0.06380700986660769 0.05176833207922508 0.09020000123251214
v 0.18280082045015075 0.020821455990797114 0.09020000123251214
v 0.1825261622339802 0.021450993603096005 0.09020000123251214
v 0.06380700986660769 0.05176833207922508 0.09020000123251214
v 0.18680814485923844 0.0053382895144193955 0.09020000123251214
v 0.18673284273163834 0.0060286205294166105 0.09020000123251214
v 0.06380700986660769 0.05176833207922508 0.09020000123251214
v 0.18328266251405265 -0.01966249940803967 0.09020000123251214
v 0.18345214189221967 -0.019235228498463167 0.09020000123251214
v 0.06380700986660769 0.05176833207922508 0.09020000123251214
v 0.17306346952378424 -0.03573748186101346 0.09020000123251214
v 0.17352722992178823 -0.035234899287093245 0.09020000123251214
v 0.06380700986660769 0.05176833207922508 0.09020000123251214
v 0.06380700986660769 0.05176833207922508 0.09020000123251214
v 0.16205054480636247 -0.04463550016694742 0.09020000123251214
v 0.1626232071870781 -0.04428720303126357 0.09020000123251214
v 0.14215158756238463 -0.05142506271477613 0.09020000123251214
v 0.14259903631410606 -0.05137027984474244 0.09020000123251214
v 0.06380700986660769 0.05176833207922508 0.09020000123251214
v 0.06380700986660769 0.05176833207922508 0.09020000123251214
v 0.18538858912775066 0.013259068165172314 0.09020000123251214
v 0.18521264002271384 0.013923313802191037 0.09020000123251214
v 0.18673284273163834 0.0060286205294166105 0.09020000123251214
v 0.18665003327946292 0.006714494070447223 0.09020000123251214
v 0.06380700986660769 0.05176833207922508 0.09020000123251214
v 0.18345214189221967 -0.019235228498463167 0.09020000123251214
v 0.18370005144989318 -0.018592591215131914 0.09020000123251214
v 0.06380700986660769 0.05176833207922508 0.09020000123251214
v 0.17352722992178823 -0.035234899287093245 0.09020000123251214
v 0.17383251252906182 -0.03489656614114047 0.09020000123251214
v 0.06380700986660769 0.05176833207922508 0.09020000123251214
v 0.1626232071870781 -0.04428720303126357 0.09020000123251214
v 0.16319707501218692 -0.04392795389920992 0.09020000123251214
v 0.06380700986660769 0.05176833207922508 0.09020000123251214
v 0.14259903631410606 -0.05137027984474244 0.09020000123251214
v 0.1432703315120065 -0.05128164534956573 0.09020000123251214
v 0.06380700986660769 0.05176833207922508 0.09020000123251214
v 0.06380700986660769 0.05176833207922508 0.09020000123251214
v 0.1679371417656483 0.040518175142283425 0.09020000123251214
v 0.16671367674171653 0.041479784074676146 0.09020000123251214
v 0.06380700986660769 0.05176833207922508 0.09020000123251214
v 0.17945349973452093 0.027312863693531603 0.09020000123251214
v 0.1789786614551314 0.028083844565112166 0.09020000123251214
v 0.1825261622339802 0.021450993603096005 0.09020000123251214
v 0.18224030406610578 0.022079365825324895 0.09020000123251214
v 0.06380700986660769 0.05176833207922508 0.09020000123251214
v 0.06380700986660769 0.05176833207922508 0.09020000123251214
v 0.18555742763674662 0.012589907290493372 0.09020000123251214
v 0.18538858912775066 0.013259068165172314 0.09020000123251214
v 0.06380700986660769 0.05176833207922508 0.09020000123251214
v 0.18062566470718797 -0.025284671077056026 0.09020000123251214
v 0.1809525385020105 -0.024677451352169717 0.09020000123251214
v 0.06380700986660769 0.05176833207922508 0.09020000123251214
v 0.17602555157365526 -0.032273847205532856 0.09020000123251214
v 0.1764394767642141 -0.03173640592634366 0.09020000123251214
v 0.17383251252906182 -0.03489656614114047 0.09020000123251214
v 0.17428463047045814 -0.034384187424176836 0.09020000123251214
v 0.06380700986660769 0.05176833207922508 0.09020000123251214
v 0.06380700986660769 0.05176833207922508 0.09020000123251214
v 0.1685303272186278 -0.04002760505062322 0.09020000123251214
v 0.16910065500450597 -0.03954364964433579 0.09020000123251214
v 0.15561997199116104 -0.04788620222564435 0.09020000123251214
v 0.1562098157691771 -0.04763450467340616 0.09020000123251214
v 0.06380700986660769 0.05176833207922508 0.09020000123251214
v 0.06380700986660769 0.05176833207922508 0.09020000123251214
v 0.17992266174410962 0.026527198144129533 0.09020000123251214
v 0.17945349973452093 0.027312863693531603 0.09020000123251214
v 0.18224030406610578 0.022079365825324895 0.09020000123251214
v 0.18185501962397763 0.02290275301042978 0.09020000123251214
v 0.06380700986660769 0.05176833207922508 0.09020000123251214
v 0.18665003327946292 0.006714494070447223 0.09020000123251214
v 0.1865572750963462 0.007401061886413157 0.09020000123251214
v 0.06380700986660769 0.05176833207922508 0.09020000123251214
v 0.18370005144989318 -0.018592591215131914 0.09020000123251214
v 0.1839387446985352 -0.017945572751783 0.09020000123251214
v 0.06380700986660769 0.05176833207922508 0.09020000123251214
v 0.1809525385020105 -0.024677451352169717 0.09020000123251214
v 0.18116770269680058 -0.02426772042145366 0.09020000123251214
v 0.06380700986660769 0.05176833207922508 0.09020000123251214
v 0.06380700986660769 0.05176833207922508 0.09020000123251214
v 0.17903652278600465 -0.027986878770711616 0.09020000123251214
v 0.17927861874476922 -0.027598342299010054 0.09020000123251214
v 0.1764394767642141 -0.03173640592634366 0.09020000123251214
v 0.17671346359363402 -0.031372638285164255 0.09020000123251214
v 0.06380700986660769 0.05176833207922508 0.09020000123251214
v 0.16319707501218692 -0.04392795389920992 0.09020000123251214
v 0.163765113979597 -0.04356138817745328 0.09020000123251214
v 0.06380700986660769 0.05176833207922508 0.09020000123251214
v 0.1562098157691771 -0.04763450467340616 0.09020000123251214
v 0.15683469372854472 -0.0473590568148641 0.09020000123251214
v 0.06380700986660769 0.05176833207922508 0.09020000123251214
v 0.1432703315120065 -0.05128164534956573 0.09020000123251214
v 0.1439361640631631 -0.05118203978453199 0.09020000123251214
v 0.06380700986660769 0.05176833207922508 0.09020000123251214
v 0.059243754339806096 -0.05154767853480905 0.09020000123251214
v 0.059130904145237015 0.05153660446812095 0.09020000123251214
v 0.05880700962912043 0.05150330215941027 0.09020000123251214
v 0.15078688765515655 0.049644720528163634 0.09020000123251214
v 0.14760904631769375 0.05047963191425534 0.09020001649130192
v 0.1363070133101729 0.05176833207922508 0.09020000123251214
v 0.1736918722635927 0.03506124281522196 0.09020000123251214
v 0.17259702357877768 0.03623081379362516 0.09020000123251214
v 0.06380700986660769 0.05176833207922508 0.09020000123251214
v 0.06380700986660769 0.05176833207922508 0.09020000123251214
v 0.18571683621365406 0.011920642465309002 0.09020000123251214
v 0.18555742763674662 0.012589907290493372 0.09020000123251214
v 0.1865572750963462 0.007401061886413157 0.09020000123251214
v 0.186456734930438 0.008083310511194935 0.09020000123251214
v 0.06380700986660769 0.05176833207922508 0.09020000123251214
v 0.1839387446985352 -0.017945572751783 0.09020000123251214
v 0.18416794697992953 -0.017295828687108338 0.09020000123251214
v 0.06380700986660769 0.05176833207922508 0.09020000123251214
v 0.18116770269680058 -0.02426772042145366 0.09020000123251214
v 0.18137903693535404 -0.023856459797061427 0.09020000123251214
v 0.06380700986660769 0.05176833207922508 0.09020000123251214
v 0.06380700986660769 0.05176833207922508 0.09020000123251214
v 0.1787911919638052 -0.028372956669908706 0.09020000123251214
v 0.17903652278600465 -0.027986878770711616 0.09020000123251214
v 0.17671346359363402 -0.031372638285164255 0.09020000123251214
v 0.17698429185356798 -0.031006370109808466 0.09020000123251214
v 0.06380700986660769 0.05176833207922508 0.09020000123251214
v 0.17428463047045814 -0.034384187424176836 0.09020000123251214
v 0.1747296530746034 -0.03386610191983277 0.09020000123251214
v 0.06380700986660769 0.05176833207922508 0.09020000123251214
v 0.16910065500450597 -0.03954364964433579 0.09020000123251214
v 0.16962044567860876 -0.03908893007928074 0.09020000123251214
v 0.06380700986660769 0.05176833207922508 0.09020000123251214
v 0.06380700986660769 0.05176833207922508 0.09020000123251214
v 0.16760715517770916 -0.04078075602633738 0.09020000123251214
v 0.16813579594988856 -0.040353906640828746 0.09020000123251214
v 0.163765113979597 -0.04356138817745328 0.09020000123251214
v 0.16432950609624794 -0.04318711295215663 0.09020000123251214
v 0.06380700986660769 0.05176833207922508 0.09020000123251214
v 0.1439361640631631 -0.05118203978453199 0.09020000123251214
v 0.1446026985186499 -0.05107440809607015 0.09020000123251214
v 0.06380700986660769 0.05176833207922508 0.09020000123251214
v 0.06380700986660769 0.05176833207922508 0.09020000123251214
v 0.13831912888425887 -0.051729105545379496 0.09020000123251214
v 0.13899565784705634 -0.05169587953061775 0.09020000123251214
v 0.05880700962912043 0.05150330215941027 0.09020000123251214
v 0.05880700962912043 -0.05150330215941027 0.09020000123251214
v 0.059243754339806096 -0.05154767853480905 0.09020000123251214
v 0.1600333785728569 0.04580920627738297 0.09020000123251214
v 0.15482147952159406 0.04823635711898481 0.09020000123251214
v 0.1363070133101729 0.05176833207922508 0.09020000123251214
v 0.1363070133101729 0.05176833207922508 0.09020000123251214
v 0.16477985401802894 0.04287952626762517 0.09020000123251214
v 0.16316629803318602 0.04395711344649336 0.09020000123251214
v 0.06380700986660769 0.05176833207922508 0.09020000123251214
v 0.1693265003521471 0.03935447498325087 0.09020000123251214
v 0.1679371417656483 0.040518175142283425 0.09020000123251214
v 0.06380700986660769 0.05176833207922508 0.09020000123251214
v 0.18581845975363717 0.011472658702270662 0.09020000123251214
v 0.18571683621365406 0.011920642465309002 0.09020000123251214
v 0.06380700986660769 0.05176833207922508 0.09020000123251214
v 0.18542643092642305 -0.013112200406121275 0.09020000123251214
v 0.1855938656267586 -0.012441557521484245 0.09020000123251214
v 0.18137903693535404 -0.023856459797061427 0.09020000123251214
v 0.1815865259588811 -0.02344368283043409 0.09020000123251214
v 0.06380700986660769 0.05176833207922508 0.09020000123251214
v 0.06380700986660769 0.05176833207922508 0.09020000123251214
v 0.17954970640412957 -0.027154542305396507 0.09020000123251214
v 0.17981885619718693 -0.02670267994872912 0.09020000123251214
v 0.06380700986660769 0.05176833207922508 0.09020000123251214
v 0.17854264153696062 -0.028756575996601325 0.09020000123251214
v 0.1787911919638052 -0.028372956669908706 0.09020000123251214
v 0.17698429185356798 -0.031006370109808466 0.09020000123251214
v 0.17725196154401598 -0.030637607122322462 0.09020000123251214
v 0.06380700986660769 0.05176833207922508 0.09020000123251214
v 0.1747296530746034 -0.03386610191983277 0.09020000123251214
v 0.1751676718942363 -0.03334213033732827 0.09020000123251214
v 0.06380700986660769 0.05176833207922508 0.09020000123251214
v 0.16962044567860876 -0.03908893007928074 0.09020000123251214
v 0.16996321913238963 -0.03878257935672205 0.09020000123251214
v 0.06380700986660769 0.05176833207922508 0.09020000123251214
v 0.15683469372854472 -0.0473590568148641 0.09020000123251214
v 0.15745340713683828 -0.04707514414268757 0.09020000123251214
v 0.06380700986660769 0.05176833207922508 0.09020000123251214
v 0.13899565784705634 -0.05169587953061775 0.09020000123251214
v 0.13944901175042543 -0.05166936356866495 0.09020000123251214
v 0.06380700986660769 0.05176833207922508 0.09020000123251214
v 0.059243754339806096 -0.05154767853480905 0.09020000123251214
v 0.059899168952235446 -0.05160706955935849 0.09020000123251214
v 0.059130904145237015 0.05153660446812095 0.09020000123251214
v 0.16316629803318602 0.04395711344649336 0.09020000123251214
v 0.1600333785728569 0.04580920627738297 0.09020000123251214
v 0.1363070133101729 0.05176833207922508 0.09020000123251214
v 0.06380700986660769 0.05176833207922508 0.09020000123251214
v 0.18037226198519105 0.02574055031013491 0.09020000123251214
v 0.17992266174410962 0.026527198144129533 0.09020000123251214
v 0.18185501962397763 0.02290275301042978 0.09020000123251214
v 0.18134240058107484 0.023929461662101095 0.09020000123251214
v 0.06380700986660769 0.05176833207922508 0.09020000123251214
v 0.06380700986660769 0.05176833207922508 0.09020000123251214
v 0.18596341825661608 0.010798094308658308 0.09020000123251214
v 0.18581845975363717 0.011472658702270662 0.09020000123251214
v 0.186456734930438 0.008083310511194935 0.09020000123251214
v 0.1863462460335885 0.008766029774274214 0.09020000123251214
v 0.06380700986660769 0.05176833207922508 0.09020000123251214
v 0.06380700986660769 0.05176833207922508 0.09020000123251214
v 0.18531018946582375 -0.01355802600407908 0.09020000123251214
v 0.18542643092642305 -0.013112200406121275 0.09020000123251214
v 0.18416794697992953 -0.017295828687108338 0.09020000123251214
v 0.18438948934885066 -0.016642824963465374 0.09020000123251214
v 0.06380700986660769 0.05176833207922508 0.09020000123251214
v 0.1815865259588811 -0.02344368283043409 0.09020000123251214
v 0.18179021554375116 -0.023029400965663985 0.09020000123251214
v 0.06380700986660769 0.05176833207922508 0.09020000123251214
v 0.17981885619718693 -0.02670267994872912 0.09020000123251214
v 0.18005333801984766 -0.026300805387404775 0.09020000123251214
v 0.06380700986660769 0.05176833207922508 0.09020000123251214
v 0.06380700986660769 0.05176833207922508 0.09020000123251214
v 0.17829088676426072 -0.029137727214045856 0.09020000123251214
v 0.17854264153696062 -0.028756575996601325 0.09020000123251214
v 0.17725196154401598 -0.030637607122322462 0.09020000123251214
v 0.17751645740618824 -0.030266356952101135 0.09020000123251214
v 0.06380700986660769 0.05176833207922508 0.09020000123251214
v 0.16996321913238963 -0.03878257935672205 0.09020000123251214
v 0.17047461747210943 -0.03831533613994911 0.09020000123251214
v 0.06380700986660769 0.05176833207922508 0.09020000123251214
v 0.06380700986660769 0.05176833207922508 0.09020000123251214
v 0.16707311279394507 -0.04120127682878175 0.09020000123251214
v 0.16760715517770916 -0.04078075602633738 0.09020000123251214
v 0.16432950609624794 -0.04318711295215663 0.09020000123251214
v 0.1648875352975576 -0.04280505955876593 0.09020000123251214
v 0.06380700986660769 0.05176833207922508 0.09020000123251214
v 0.15745340713683828 -0.04707514414268757 0.09020000123251214
v 0.158068092224628 -0.04678302224160549 0.09020000123251214
v 0.06380700986660769 0.05176833207922508 0.09020000123251214
v 0.06380700986660769 0.05176833207922508 0.09020000123251214
v 0.15242444571633482 -0.049096266217445485 0.09020000123251214
v 0.15327484858875803 -0.04879953616184766 0.09020000123251214
v 0.1446026985186499 -0.05107440809607015 0.09020000123251214
v 0.1452653114651614 -0.05095817807956319 0.09020000123251214
v 0.06380700986660769 0.05176833207922508 0.09020000123251214
v 0.13944901175042543 -0.05166936356866495 0.09020000123251214
v 0.14012885187060672 -0.051622671671915955 0.09020000123251214
v 0.06380700986660769 0.05176833207922508 0.09020000123251214
v 0.15482147952159406 0.04823635711898481 0.09020000123251214
v 0.15078688765515655 0.049644720528163634 0.09020000123251214
v 0.1363070133101729 0.05176833207922508 0.09020000123251214
v 0.06380700986660769 0.05176833207922508 0.09020000123251214
v 0.16671367674171653 0.041479784074676146 0.09020000123251214
v 0.16546241020279237 0.04240189944440201 0.09020000123251214
v 0.17259702357877768 0.03623081379362516 0.09020000123251214
v 0.1714886098298418 0.037349988804058515 0.09020000123251214
v 0.06380700986660769 0.05176833207922508 0.09020000123251214
v 0.06380700986660769 0.05176833207922508 0.09020000123251214
v 0.18081816959914396 0.024935773126524303 0.09020000123251214
v 0.18037226198519105 0.02574055031013491 0.09020000123251214
v 0.1863462460335885 0.008766029774274214 0.09020000123251214
v 0.18622852447037982 0.009444122763024872 0.09020000123251214
v 0.06380700986660769 0.05176833207922508 0.09020000123251214
v 0.06380700986660769 0.05176833207922508 0.09020000123251214
v 0.18512835046792905 -0.014224546154450466 0.09020000123251214
v 0.18531018946582375 -0.01355802600407908 0.09020000123251214
v 0.18438948934885066 -0.016642824963465374 0.09020000123251214
v 0.184603127664662 -0.015987871929427088 0.09020000123251214
v 0.06380700986660769 0.05176833207922508 0.09020000123251214
v 0.18179021554375116 -0.023029400965663985 0.09020000123251214
v 0.1819900751723846 -0.0226136294615409 0.09020000123251214
v 0.06380700986660769 0.05176833207922508 0.09020000123251214
v 0.18005333801984766 -0.026300805387404775 0.09020000123251214
v 0.18028392885111263 -0.025897330560501492 0.09020000123251214
v 0.06380700986660769 0.05176833207922508 0.09020000123251214
v 0.06380700986660769 0.05176833207922508 0.09020000123251214
v 0.1780359276457055 -0.029516412229591026 0.09020000123251214
v 0.17829088676426072 -0.029137727214045856 0.09020000123251214
v 0.17751645740618824 -0.030266356952101135 0.09020000123251214
v 0.1777796410124388 -0.029894151200169382 0.09020000123251214
v 0.06380700986660769 0.05176833207922508 0.09020000123251214
v 0.1751676718942363 -0.03334213033732827 0.09020000123251214
v 0.17559867167056706 -0.03281263888761823 0.09020000123251214
v 0.06380700986660769 0.05176833207922508 0.09020000123251214
v 0.06380700986660769 0.05176833207922508 0.09020000123251214
v 0.16652893857376225 -0.04161873061447888 0.09020000123251214
v 0.16707311279394507 -0.04120127682878175 0.09020000123251214
v 0.06380700986660769 0.05176833207922508 0.09020000123251214
v 0.1654421312711651 -0.0424155560612616 0.09020000123251214
v 0.16599027277669262 -0.04201833543082237 0.09020000123251214
v 0.1648875352975576 -0.04280505955876593 0.09020000123251214
v 0.1654421312711651 -0.0424155560612616 0.09020000123251214
v 0.06380700986660769 0.05176833207922508 0.09020000123251214
v 0.1452653114651614 -0.05095817807956319 0.09020000123251214
v 0.14592807699957075 -0.05083354809927835 0.09020000123251214
v 0.06380700986660769 0.05176833207922508 0.09020000123251214
v 0.059899168952235446 -0.05160706955935849 0.09020000123251214
v 0.060554705634983094 -0.05165636689446366 0.09020000123251214
v 0.059130904145237015 0.05153660446812095 0.09020000123251214
v 0.06380700986660769 0.05176833207922508 0.09020000123251214
v 0.1704983448902286 0.03829320708006015 0.09020000123251214
v 0.1693265003521471 0.03935447498325087 0.09020000123251214
v 0.18134240058107484 0.023929461662101095 0.09020000123251214
v 0.18081816959914396 0.024935773126524303 0.09020000123251214
v 0.06380700986660769 0.05176833207922508 0.09020000123251214
v 0.06380700986660769 0.05176833207922508 0.09020000123251214
v 0.18424257772077898 0.017079745150233593 0.09020000123251214
v 0.1839865047105693 0.01781376541825198 0.09020000123251214
v 0.06380700986660769 0.05176833207922508 0.09020000123251214
v 0.18609992339005285 0.010123303894222231 0.09020000123251214
v 0.18596341825661608 0.010798094308658308 0.09020000123251214
v 0.1819900751723846 -0.0226136294615409 0.09020000123251214
v 0.18218613536236103 -0.022196379762157173 0.09020000123251214
v 0.06380700986660769 0.05176833207922508 0.09020000123251214
v 0.18028392885111263 -0.025897330560501492 0.09020000123251214
v 0.18062566470718797 -0.025284671077056026 0.09020000123251214
v 0.06380700986660769 0.05176833207922508 0.09020000123251214
v 0.1777796410124388 -0.029894151200169382 0.09020000123251214
v 0.1780359276457055 -0.029516412229591026 0.09020000123251214
v 0.06380700986660769 0.05176833207922508 0.09020000123251214
v 0.16813579594988856 -0.040353906640828746 0.09020000123251214
v 0.1685303272186278 -0.04002760505062322 0.09020000123251214
v 0.06380700986660769 0.05176833207922508 0.09020000123251214
v 0.158068092224628 -0.04678302224160549 0.09020000123251214
v 0.15867812338153262 -0.046483911814800855 0.09020000123251214
v 0.06380700986660769 0.05176833207922508 0.09020000123251214
v 0.06380700986660769 0.05176833207922508 0.09020000123251214
v 0.15400342528351982 -0.04853011552527157 0.09020000123251214
v 0.15474036379508502 -0.0482447494533678 0.09020000123251214
v 0.06380700986660769 0.05176833207922508 0.09020000123251214
v 0.15178456836660634 -0.04931019445026278 0.09020000123251214
v 0.15242444571633482 -0.049096266217445485 0.09020000123251214
v 0.14012885187060672 -0.051622671671915955 0.09020000123251214
v 0.14080408383627227 -0.051565378730962265 0.09020000123251214
v 0.06380700986660769 0.05176833207922508 0.09020000123251214
v 0.06380700986660769 0.05176833207922508 0.09020000123251214
v 0.13697627908903162 -0.05176419694719273 0.09020000123251214
v 0.13763071332421714 -0.05175078065627229 0.09020000123251214
v 0.06380700986660769 0.05176833207922508 0.09020000123251214
v 0.1363070133101729 -0.05176833207922508 0.09020000123251214
v 0.13697627908903162 -0.05176419694719273 0.09020000123251214
v 0.060554705634983094 -0.05165636689446366 0.09020000123251214
v 0.06121046357018266 -0.05169764955023307 0.09020000123251214
v 0.059130904145237015 0.05153660446812095 0.09020000123251214
v 0.1839865047105693 0.01781376541825198 0.09020000123251214
v 0.18374700274606856 0.018465298576029198 0.09020000123251214
v 0.06380700986660769 0.05176833207922508 0.09020000123251214
v 0.18622852447037982 0.009444122763024872 0.09020000123251214
v 0.18609992339005285 0.010123303894222231 0.09020000123251214
v 0.06380700986660769 0.05176833207922508 0.09020000123251214
v 0.06380700986660769 0.05176833207922508 0.09020000123251214
v 0.18493847008781647 -0.014887859097943445 0.09020000123251214
v 0.18512835046792905 -0.014224546154450466 0.09020000123251214
v 0.184603127664662 -0.015987871929427088 0.09020000123251214
v 0.1848073360483848 -0.015328719867174222 0.09020000123251214
v 0.06380700986660769 0.05176833207922508 0.09020000123251214
v 0.17559867167056706 -0.03281263888761823 0.09020000123251214
v 0.17602555157365526 -0.032273847205532856 0.09020000123251214
v 0.06380700986660769 0.05176833207922508 0.09020000123251214
v 0.16599027277669262 -0.04201833543082237 0.09020000123251214
v 0.16652893857376225 -0.04161873061447888 0.09020000123251214
v 0.06380700986660769 0.05176833207922508 0.09020000123251214
v 0.15867812338153262 -0.046483911814800855 0.09020000123251214
v 0.15908214561751952 -0.046279814057304 0.09020000123251214
v 0.06380700986660769 0.05176833207922508 0.09020000123251214
v 0.06380700986660769 0.05176833207922508 0.09020000123251214
v 0.15113811447847955 -0.049517214266003896 0.09020000123251214
v 0.15178456836660634 -0.04931019445026278 0.09020000123251214
v 0.06380700986660769 0.05176833207922508 0.09020000123251214
v 0.15006751201063648 -0.049835478288688985 0.09020000123251214
v 0.15049828290512043 -0.04971000144557095 0.09020000123251214
v 0.06380700986660769 0.05176833207922508 0.09020000123251214
v 0.14829448641372697 -0.05030856562195044 0.09020000123251214
v 0.1489874643519151 -0.05013230371172298 0.09020000123251214
v 0.14592807699957075 -0.05083354809927835 0.09020000123251214
v 0.1465862954146235 -0.05069890835289307 0.09020000123251214
v 0.06380700986660769 0.05176833207922508 0.09020000123251214
v 0.138492331407134 0.05173224885607567 0.09020000123251214
v 0.1363070133101729 0.05176833207922508 0.09020000123251214
v 0.14760904631769375 0.05047963191425534 0.09020001649130192
v 0.1714886098298418 0.037349988804058515 0.09020000123251214
v 0.1704983448902286 0.03829320708006015 0.09020000123251214
v 0.06380700986660769 0.05176833207922508 0.09020000123251214
v 0.17623825910328958 0.03200202712426272 0.09020000123251214
v 0.17571202921989656 0.03267180788727677 0.09020000123251214
v 0.06380700986660769 0.05176833207922508 0.09020000123251214
v 0.06380700986660769 0.05176833207922508 0.09020000123251214
v 0.1857871944933631 -0.011614404276324992 0.09020000123251214
v 0.18596503568833353 -0.010792539155501386 0.09020000123251214
v 0.1848073360483848 -0.015328719867174222 0.09020000123251214
v 0.18493847008781647 -0.014887859097943445 0.09020000123251214
v 0.06380700986660769 0.05176833207922508 0.09020000123251214
v 0.18218613536236103 -0.022196379762157173 0.09020000123251214
v 0.182472527587878 -0.021570315431883605 0.09020000123251214
v 0.06380700986660769 0.05176833207922508 0.09020000123251214
v 0.17927861874476922 -0.027598342299010054 0.09020000123251214
v 0.17954970640412957 -0.027154542305396507 0.09020000123251214
v 0.06380700986660769 0.05176833207922508 0.09020000123251214
v 0.06380700986660769 0.05176833207922508 0.09020000123251214
v 0.16008707425411825 -0.04575245883816417 0.09020000123251214
v 0.1606771774315607 -0.04542865587478631 0.09020000123251214
v 0.15908214561751952 -0.046279814057304 0.09020000123251214
v 0.15948407739930556 -0.04607222966634075 0.09020000123251214
v 0.06380700986660769 0.05176833207922508 0.09020000123251214
v 0.15327484858875803 -0.04879953616184766 0.09020000123251214
v 0.15400342528351982 -0.04853011552527157 0.09020000123251214
v 0.06380700986660769 0.05176833207922508 0.09020000123251214
v 0.06380700986660769 0.05176833207922508 0.09020000123251214
v 0.14963574929481635 -0.049957056511016375 0.09020000123251214
v 0.15006751201063648 -0.049835478288688985 0.09020000123251214
v 0.14080408383627227 -0.051565378730962265 0.09020000123251214
v 0.14148635010402974 -0.0514995561265175 0.09020000123251214
v 0.06380700986660769 0.05176833207922508 0.09020000123251214
v 0.13763071332421714 -0.05175078065627229 0.09020000123251214
v 0.13831912888425887 -0.051729105545379496 0.09020000123251214
v 0.06380700986660769 0.05176833207922508 0.09020000123251214
v 0.06121046357018266 -0.05169764955023307 0.09020000123251214
v 0.06186654956936265 -0.0517285028231829 0.09020000123251214
v 0.059130904145237015 0.05153660446812095 0.09020000123251214
v 0.16546241020279237 0.04240189944440201 0.09020000123251214
v 0.16477985401802894 0.04287952626762517 0.09020000123251214
v 0.06380700986660769 0.05176833207922508 0.09020000123251214
v 0.18374700274606856 0.018465298576029198 0.09020000123251214
v 0.1834989253417074 0.019115323020966205 0.09020000123251214
v 0.06380700986660769 0.05176833207922508 0.09020000123251214
v 0.18455806845842024 0.016128317645326417 0.09020000123251214
v 0.18424257772077898 0.017079745150233593 0.09020000123251214
v 0.06380700986660769 0.05176833207922508 0.09020000123251214
v 0.1855938656267586 -0.012441557521484245 0.09020000123251214
v 0.1857871944933631 -0.011614404276324992 0.09020000123251214
v 0.06380700986660769 0.05176833207922508 0.09020000123251214
v 0.1606771774315607 -0.04542865587478631 0.09020000123251214
v 0.16107064058501483 -0.045207224132091134 0.09020000123251214
v 0.06380700986660769 0.05176833207922508 0.09020000123251214
v 0.06380700986660769 0.05176833207922508 0.09020000123251214
v 0.15474036379508502 -0.0482447494533678 0.09020000123251214
v 0.15561997199116104 -0.04788620222564435 0.09020000123251214
v 0.1489874643519151 -0.05013230371172298 0.09020000123251214
v 0.14963574929481635 -0.049957056511016375 0.09020000123251214
v 0.06380700986660769 0.05176833207922508 0.09020000123251214
v 0.1465862954146235 -0.05069890835289307 0.09020000123251214
v 0.1472470925651503 -0.050556471364926504 0.09020000123251214
v 0.06380700986660769 0.05176833207922508 0.09020000123251214
v 0.06186654956936265 -0.0517285028231829 0.09020000123251214
v 0.0625228530062971 -0.05175101716751399 0.09020000123251214
v 0.059130904145237015 0.05153660446812095 0.09020000123251214
v 0.1834989253417074 0.019115323020966205 0.09020000123251214
v 0.18314151870852055 0.020011729237249268 0.09020000123251214
v 0.06380700986660769 0.05176833207922508 0.09020000123251214
v 0.16107064058501483 -0.045207224132091134 0.09020000123251214
v 0.16146198276668852 -0.04498235534699638 0.09020000123251214
v 0.06380700986660769 0.05176833207922508 0.09020000123251214
v 0.15948407739930556 -0.04607222966634075 0.09020000123251214
v 0.16008707425411825 -0.04575245883816417 0.09020000123251214
v 0.06380700986660769 0.05176833207922508 0.09020000123251214
v 0.15049828290512043 -0.04971000144557095 0.09020000123251214
v 0.15113811447847955 -0.049517214266003896 0.09020000123251214
v 0.06380700986660769 0.05176833207922508 0.09020000123251214
v 0.06380700986660769 0.05176833207922508 0.09020000123251214
v 0.1472470925651503 -0.050556471364926504 0.09020000123251214
v 0.147898932806072 -0.05040439463651184 0.09020000123251214
v 0.06083836653712814 0.05167565400475475 0.09020000123251214
v 0.05978548333892551 0.051597689218336774 0.09020000123251214
v 0.0636166564640117 -0.0517679506094804 0.09020000123251214
v 0.0636166564640117 -0.0517679506094804 0.09020000123251214
v 0.062497428047814094 0.05175019700756293 0.09020000123251214
v 0.06187385852967074 0.05172835023528503 0.09020000123251214
v 0.06380700986660769 0.05176833207922508 0.09020000123251214
v 0.06380700986660769 -0.05176833207922508 0.09020000123251214
v 0.1363070133101729 -0.05176833207922508 0.09020000123251214
v 0.0625228530062971 -0.05175101716751399 0.09020000123251214
v 0.0631790534464005 -0.05176416261491571 0.09020000123251214
v 0.059130904145237015 0.05153660446812095 0.09020000123251214
v 0.0636166564640117 -0.0517679506094804 0.09020000123251214
v 0.06315219416167749 0.051763823106842945 0.09020000123251214
v 0.062497428047814094 0.05175019700756293 0.09020000123251214
v 0.16146198276668852 -0.04498235534699638 0.09020000123251214
v 0.16205054480636247 -0.04463550016694742 0.09020000123251214
v 0.06380700986660769 0.05176833207922508 0.09020000123251214
v 0.05978548333892551 0.051597689218336774 0.09020000123251214
v 0.059130904145237015 0.05153660446812095 0.09020000123251214
v 0.0636166564640117 -0.0517679506094804 0.09020000123251214
v 0.147898932806072 -0.05040439463651184 0.09020000123251214
v 0.14829448641372697 -0.05030856562195044 0.09020000123251214
v 0.06380700986660769 0.05176833207922508 0.09020000123251214
v 0.0636166564640117 -0.0517679506094804 0.09020000123251214
v 0.06187385852967074 0.05172835023528503 0.09020000123251214
v 0.06083836653712814 0.05167565400475475 0.09020000123251214
v 0.0636166564640117 -0.0517679506094804 0.09020000123251214
v 0.06380700986660769 0.05176833207922508 0.09020000123251214
v 0.06315219416167749 0.051763823106842945 0.09020000123251214
v 0.0631790534464005 -0.05176416261491571 0.09020000123251214
v 0.0636166564640117 -0.0517679506094804 0.09020000123251214
v 0.059130904145237015 0.05153660446812095 0.09020000123251214
v 0.0636166564640117 -0.0517679506094804 0.09020000123251214
v 0.06380700986660769 -0.05176833207922508 0.09020000123251214
v 0.06380700986660769 0.05176833207922508 0.09020000123251214
v 0.1363070133101729 0.05176833207922508 0.09020000123251214
v 0.06380700986660769 0.05176833207922508 0.09020000123251214
v 0.16477985401802894 0.04287952626762517 0.09020000123251214
v 0.06380700986660769 0.05298808158784366 0.08948890348145165
v 0.06380700986660769 0.052332663160716865 0.08987376067746576
v 0.1363070133101729 0.052380308731827564 0.08984600493884275
v 0.1363070133101729 0.05176833207922508 0.09020000123251214
v 0.1363070133101729 0.052380308731827564 0.08984600493884275
v 0.06380700986660769 0.052332663160716865 0.08987376067746576
v 0.06380700986660769 0.052332663160716865 0.08987376067746576
v 0.06380700986660769 0.05176833207922508 0.09020000123251214
v 0.1363070133101729 0.05176833207922508 0.09020000123251214
v 0.1363070133101729 0.054126597114332355 0.08880491297044822
v 0.06380700986660769 0.05419806928569585 0.08876131097863114
v 0.06380700986660769 0.05399669522217602 0.0888839535015462
v 0.06380700986660769 0.05399669522217602 0.0888839535015462
v 0.1363070133101729 0.05325599923362571 0.08932972378639102
v 0.1363070133101729 0.054126597114332355 0.08880491297044822
v 0.06380700986660769 0.05399669522217602 0.0888839535015462
v 0.06380700986660769 0.05316698326870432 0.08938273282211194
v 0.1363070133101729 0.05325599923362571 0.08932972378639102
v 0.1363070133101729 0.05298808158784366 0.08948890348145165
v 0.1363070133101729 0.05325599923362571 0.08932972378639102
v 0.06380700986660769 0.05316698326870432 0.08938273282211194
v 0.06380700986660769 0.05316698326870432 0.08938273282211194
v 0.06380700986660769 0.05298808158784366 0.08948890348145165
v 0.1363070133101729 0.05298808158784366 0.08948890348145165
v 0.06380700986660769 0.05539806247623739 0.0880173610531587
v 0.06380700986660769 0.054821730356577926 0.08837747612153278
v 0.1363070133101729 0.054992029894696016 0.08827161063798881
v 0.1363070133101729 0.05419806928569585 0.08876131097863114
v 0.1363070133101729 0.054992029894696016 0.08827161063798881
v 0.06380700986660769 0.054821730356577926 0.08837747612153278
v 0.06380700986660769 0.054821730356577926 0.08837747612153278
v 0.06380700986660769 0.05419806928569585 0.08876131097863114
v 0.1363070133101729 0.05419806928569585 0.08876131097863114
v 0.06380551069051109 0.056518099608293716 0.08730274615105225
v 0.1363070133101729 0.05585220220728052 0.08772988545356684
v 0.1363070133101729 0.05658784753641125 0.08725718340474752
v 0.06380551069051109 0.056518099608293716 0.08730274615105225
v 0.06380700986660769 0.05564201619265855 0.08786334645844106
v 0.1363070133101729 0.05585220220728052 0.08772988545356684
v 0.1363070133101729 0.05539806247623739 0.0880173610531587
v 0.1363070133101729 0.05585220220728052 0.08772988545356684
v 0.06380700986660769 0.05564201619265855 0.08786334645844106
v 0.06380700986660769 0.05564201619265855 0.08786334645844106
v 0.06380700986660769 0.05539806247623739 0.0880173610531587
v 0.1363070133101729 0.05539806247623739 0.0880173610531587
v 0.06380700986660769 0.05776720321376553 0.08648093062129546
v 0.1363070133101729 0.05670704538753183 0.08717976793476188
v 0.1363070133101729 0.05755646406801377 0.08662132674612798
v 0.06380551069051109 0.056518099608293716 0.08730274615105225
v 0.1363070133101729 0.05658784753641125 0.08725718340474752
v 0.1363070133101729 0.05670704538753183 0.08717976793476188
v 0.1363070133101729 0.05670704538753183 0.08717976793476188
v 0.06380700986660769 0.05776720321376553 0.08648093062129546
v 0.06380700986660769 0.05726804623815255 0.08681227524152567
v 0.1363070133101729 0.05670704538753183 0.08717976793476188
v 0.06380700986660769 0.05726804623815255 0.08681227524152567
v 0.06380551069051109 0.056518099608293716 0.08730274615105225
v 0.1363070133101729 0.05755646406801377 0.08662132674612798
v 0.1363070133101729 0.05776720321376553 0.08648093062129546
v 0.06380700986660769 0.05776720321376553 0.08648093062129546
v 0.06378675000846766 0.05890143102032401 0.08571245219124
v 0.1363070133101729 0.0584003895841723 0.08605460766403449
v 0.1363070133101729 0.05893591207054576 0.08568873240251572
v 0.06378675000846766 0.05890143102032401 0.08571245219124
v 0.06380700986660769 0.058073656933155283 0.08627544049923051
v 0.1363070133101729 0.0584003895841723 0.08605460766403449
v 0.1363070133101729 0.05776720321376553 0.08648093062129546
v 0.1363070133101729 0.0584003895841723 0.08605460766403449
v 0.06380700986660769 0.058073656933155283 0.08627544049923051
v 0.06380700986660769 0.058073656933155283 0.08627544049923051
v 0.06380700986660769 0.05776720321376553 0.08648093062129546
v 0.1363070133101729 0.05776720321376553 0.08648093062129546
v 0.1363070133101729 0.0592387303832687 0.08547967172364056
v 0.1363070133101729 0.06007141398605147 0.08489656470131555
v 0.06380700986660769 0.05966970727141478 0.0851793787406274
v 0.1363070133101729 0.06007141398605147 0.08489656470131555
v 0.06380700986660769 0.0600937604836949 0.08488074896570107
v 0.06380700986660769 0.05966970727141478 0.0851793787406274
v 0.06378675000846766 0.05890143102032401 0.08571245219124
v 0.1363070133101729 0.05893591207054576 0.08568873240251572
v 0.1363070133101729 0.0592387303832687 0.08547967172364056
v 0.1363070133101729 0.06089835646917678 0.08430534000282373
v 0.06380694501675109 0.06124225144400701 0.08405587404859192
v 0.06380700986660769 0.0604600134002609 0.08462025853584797
v 0.06380700986660769 0.0604600134002609 0.08462025853584797
v 0.1363070133101729 0.06007141398605147 0.08489656470131555
v 0.1363070133101729 0.06089835646917678 0.08430534000282373
v 0.06380700986660769 0.0604600134002609 0.08462025853584797
v 0.06380700986660769 0.0600937604836949 0.08488074896570107
v 0.1363070133101729 0.06007141398605147 0.08489656470131555
v 0.06380694501675109 0.06124225144400701 0.08405587404859192
v 0.1363070133101729 0.061240531015458496 0.08405711001056469
v 0.1363070133101729 0.06171948535339315 0.08370607392211403
v 0.1363070133101729 0.06171948535339315 0.08370607392211403
v 0.06380700986660769 0.06202483662522078 0.08348006072778523
v 0.06380694501675109 0.06124225144400701 0.08405587404859192
v 0.1363070133101729 0.06237601385747697 0.08321799101318915
v 0.06380700986660769 0.06237601385747697 0.08321799101318915
v 0.06380700986660769 0.06202483662522078 0.08348006072778523
v 0.06380700986660769 0.06202483662522078 0.08348006072778523
v 0.1363070133101729 0.06171948535339315 0.08370607392211403
v 0.1363070133101729 0.06237601385747697 0.08321799101318915
v 0.06380700986660769 0.06237601385747697 0.08321799101318915
v 0.1363070133101729 0.06237601385747697 0.08321799101318915
v 0.1363070133101729 0.0625347129006593 0.08309880460616091
v 0.1363070133101729 0.06334396663172374 0.08248359309012353
v 0.06380700986660769 0.0635000030160882 0.08236352930268252
v 0.06380700986660769 0.0627992202069239 0.08289908993603044
v 0.06380700986660769 0.0627992202069239 0.08289908993603044
v 0.1363070133101729 0.0625347129006593 0.08309880460616091
v 0.1363070133101729 0.06334396663172374 0.08248359309012353
v 0.1363070133101729 0.0625347129006593 0.08309880460616091
v 0.06380700986660769 0.0627992202069239 0.08289908993603044
v 0.06380700986660769 0.06237601385747697 0.08321799101318915
v 0.1363070133101729 0.06334396663172374 0.08248359309012353
v 0.1363070133101729 0.0635000030160882 0.08236352930268252
v 0.06380700986660769 0.0635000030160882 0.08236352930268252
v 0.1363070133101729 0.06089835646917678 0.08430534000282373
v 0.1363070133101729 0.061240531015458496 0.08405711001056469
v 0.06380694501675109 0.06124225144400701 0.08405587404859192
v 0.06380700986660769 0.05966970727141478 0.0851793787406274
v 0.06378675000846766 0.05890143102032401 0.08571245219124
v 0.1363070133101729 0.0592387303832687 0.08547967172364056
v 0.1363070133101729 0.054992029894696016 0.08827161063798881
v 0.1363070133101729 0.05539806247623739 0.0880173610531587
v 0.06380700986660769 0.05539806247623739 0.0880173610531587
v 0.1363070133101729 0.054126597114332355 0.08880491297044822
v 0.1363070133101729 0.05419806928569585 0.08876131097863114
v 0.06380700986660769 0.05419806928569585 0.08876131097863114
v 0.1363070133101729 0.052380308731827564 0.08984600493884275
v 0.1363070133101729 0.05298808158784366 0.08948890348145165
v 0.06380700986660769 0.05298808158784366 0.08948890348145165
v 0.0613769865578284 0.053825083428136224 0.08896344416694289
v 0.06380700986660769 0.052332663160716865 0.08987376067746576
v 0.06380700986660769 0.05298808158784366 0.08948890348145165
v 0.0613769865578284 0.053825083428136224 0.08896344416694289
v 0.06380700986660769 0.05316698326870432 0.08938273282211194
v 0.06380700986660769 0.05399669522217602 0.0888839535015462
v 0.0613769865578284 0.053825083428136224 0.08896344416694289
v 0.06380700986660769 0.05399669522217602 0.0888839535015462
v 0.06380700986660769 0.05419806928569585 0.08876131097863114
v 0.0613769865578284 0.053825083428136224 0.08896344416694289
v 0.06380700986660769 0.054821730356577926 0.08837747612153278
v 0.06380700986660769 0.05539806247623739 0.0880173610531587
v 0.06380700986660769 0.05539806247623739 0.0880173610531587
v 0.06263840400665853 0.05701939662917436 0.08697494919944758
v 0.0613769865578284 0.053825083428136224 0.08896344416694289
v 0.06263840400665853 0.05701939662917436 0.08697494919944758
v 0.06380700986660769 0.05564201619265855 0.08786334645844106
v 0.06380551069051109 0.056518099608293716 0.08730274615105225
v 0.06263840400665853 0.05701939662917436 0.08697494919944758
v 0.06380700986660769 0.05726804623815255 0.08681227524152567
v 0.06380700986660769 0.05776720321376553 0.08648093062129546
v 0.06263840400665853 0.05701939662917436 0.08697494919944758
v 0.06380700986660769 0.058073656933155283 0.08627544049923051
v 0.06378675000846766 0.05890143102032401 0.08571245219124
v 0.06147856432144215 0.06129926591204708 0.08399548738800887
v 0.06380700986660769 0.05966970727141478 0.0851793787406274
v 0.06380700986660769 0.0600937604836949 0.08488074896570107
v 0.06147856432144215 0.06129926591204708 0.08399548738800887
v 0.06380700986660769 0.0604600134002609 0.08462025853584797
v 0.06380694501675109 0.06124225144400701 0.08405587404859192
v 0.06147856432144215 0.06129926591204708 0.08399548738800887
v 0.06380694501675109 0.06124225144400701 0.08405587404859192
v 0.06380700986660769 0.06202483662522078 0.08348006072778523
v 0.06147856432144215 0.06129926591204708 0.08399548738800887
v 0.06380700986660769 0.06202483662522078 0.08348006072778523
v 0.06380700986660769 0.06237601385747697 0.08321799101318915
v 0.06052963162866519 0.05958250328778063 0.0851712534350657
v 0.06378675000846766 0.05890143102032401 0.08571245219124
v 0.06147856432144215 0.06129926591204708 0.08399548738800887
v 0.06088431075317756 0.05629303627362917 0.0873963054206328
v 0.06263840400665853 0.05701939662917436 0.08697494919944758
v 0.06052963162866519 0.05958250328778063 0.0851712534350657
v 0.05880703633200256 0.05843818942117277 0.08588159587603171
v 0.06088431075317756 0.05629303627362917 0.0873963054206328
v 0.06052963162866519 0.05958250328778063 0.0851712534350657
v 0.05880701725851532 0.05422390623150312 0.08860312310490669
v 0.0613769865578284 0.053825083428136224 0.08896344416694289
v 0.06088431075317756 0.05629303627362917 0.0873963054206328
v 0.05880701725851532 0.05422390623150312 0.08860312310490669
v 0.06088431075317756 0.05629303627362917 0.0873963054206328
v 0.05880703633200256 0.05843818942117277 0.08588159587603171
v 0.05880700962912043 0.061307967236923264 0.08384875886541464
v 0.06052963162866519 0.05958250328778063 0.0851712534350657
v 0.06147856432144215 0.06129926591204708 0.08399548738800887
v 0.05880701725851532 0.05422390623150312 0.08860312310490669
v 0.05880700962912043 0.05150330215941027 0.09020000123251214
v 0.059130904145237015 0.05153660446812095 0.09020000123251214
v 0.0613769865578284 0.053825083428136224 0.08896344416694289
v 0.05880701725851532 0.05422390623150312 0.08860312310490669
v 0.05978548333892551 0.051597689218336774 0.09020000123251214
v 0.0613769865578284 0.053825083428136224 0.08896344416694289
v 0.06083836653712814 0.05167565400475475 0.09020000123251214
v 0.06187385852967074 0.05172835023528503 0.09020000123251214
v 0.0613769865578284 0.053825083428136224 0.08896344416694289
v 0.06187385852967074 0.05172835023528503 0.09020000123251214
v 0.062497428047814094 0.05175019700756293 0.09020000123251214
v 0.06380700986660769 0.052332663160716865 0.08987376067746576
v 0.0613769865578284 0.053825083428136224 0.08896344416694289
v 0.06315219416167749 0.051763823106842945 0.09020000123251214
v 0.06380700986660769 0.0627992202069239 0.08289908993603044
v 0.06380700986660769 0.0635000030160882 0.08236352930268252
v 0.06330617442411811 0.06349802700281075 0.08236338434417954
v 0.06330617442411811 0.06349802700281075 0.08236338434417954
v 0.06147856432144215 0.06129926591204708 0.08399548738800887
v 0.06380700986660769 0.0627992202069239 0.08289908993603044
v 0.06147856432144215 0.06129926591204708 0.08399548738800887
v 0.06280601418307662 0.06349211422176819 0.08236294946867061
v 0.06230530844030023 0.06348224559947328 0.0823622323055506
v 0.06147856432144215 0.06129926591204708 0.08399548738800887
v 0.06230530844030023 0.06348224559947328 0.0823622323055506
v 0.06180527026957704 0.06346844402411071 0.08236122522542465
v 0.06147856432144215 0.06129926591204708 0.08399548738800887
v 0.06130480866743725 0.06345068279279835 0.08235992822829273
v 0.06080502226674554 0.06342900386720811 0.08235834131415486
v 0.06147856432144215 0.06129926591204708 0.08399548738800887
v 0.06030493450495554 0.06340335765627318 0.08235647211240592
v 0.05980551812991618 0.06337379756575783 0.08235431299365102
v 0.05880700962912043 0.061307967236923264 0.08384875886541464
v 0.06147856432144215 0.06129926591204708 0.08399548738800887
v 0.05930593009349171 0.06334027781929268 0.08235187158728506
v 0.06147856432144215 0.06129926591204708 0.08399548738800887
v 0.05980551812991618 0.06337379756575783 0.08235431299365102
v 0.05930593009349171 0.06334027781929268 0.08235187158728506
v 0.05930593009349171 0.06334027781929268 0.08235187158728506
v 0.05880700962912043 0.06330284800794454 0.08234914026391314
v 0.05880700962912043 0.061307967236923264 0.08384875886541464
v 0.06080502226674554 0.06342900386720811 0.08235834131415486
v 0.06030493450495554 0.06340335765627318 0.08235647211240592
v 0.06147856432144215 0.06129926591204708 0.08399548738800887
v 0.06180527026957704 0.06346844402411071 0.08236122522542465
v 0.06130480866743725 0.06345068279279835 0.08235992822829273
v 0.06147856432144215 0.06129926591204708 0.08399548738800887
v 0.06330617442411811 0.06349802700281075 0.08236338434417954
v 0.06280601418307662 0.06349211422176819 0.08236294946867061
v 0.06147856432144215 0.06129926591204708 0.08399548738800887
v 0.06315219416167749 0.051763823106842945 0.09020000123251214
v 0.06380700986660769 0.05176833207922508 0.09020000123251214
v 0.06380700986660769 0.052332663160716865 0.08987376067746576
v 0.062497428047814094 0.05175019700756293 0.09020000123251214
v 0.06315219416167749 0.051763823106842945 0.09020000123251214
v 0.0613769865578284 0.053825083428136224 0.08896344416694289
v 0.05978548333892551 0.051597689218336774 0.09020000123251214
v 0.06083836653712814 0.05167565400475475 0.09020000123251214
v 0.0613769865578284 0.053825083428136224 0.08896344416694289
v 0.059130904145237015 0.05153660446812095 0.09020000123251214
v 0.05978548333892551 0.051597689218336774 0.09020000123251214
v 0.05880701725851532 0.05422390623150312 0.08860312310490669
v 0.06052963162866519 0.05958250328778063 0.0851712534350657
v 0.05880700962912043 0.061307967236923264 0.08384875886541464
v 0.05880703633200256 0.05843818942117277 0.08588159587603171
v 0.06378675000846766 0.05890143102032401 0.08571245219124
v 0.06052963162866519 0.05958250328778063 0.0851712534350657
v 0.06263840400665853 0.05701939662917436 0.08697494919944758
v 0.06263840400665853 0.05701939662917436 0.08697494919944758
v 0.06088431075317756 0.05629303627362917 0.0873963054206328
v 0.0613769865578284 0.053825083428136224 0.08896344416694289
v 0.06380700986660769 0.06237601385747697 0.08321799101318915
v 0.06380700986660769 0.0627992202069239 0.08289908993603044
v 0.06147856432144215 0.06129926591204708 0.08399548738800887
v 0.06380700986660769 0.0600937604836949 0.08488074896570107
v 0.06380700986660769 0.0604600134002609 0.08462025853584797
v 0.06147856432144215 0.06129926591204708 0.08399548738800887
v 0.06378675000846766 0.05890143102032401 0.08571245219124
v 0.06380700986660769 0.05966970727141478 0.0851793787406274
v 0.06147856432144215 0.06129926591204708 0.08399548738800887
v 0.06380700986660769 0.05776720321376553 0.08648093062129546
v 0.06380700986660769 0.058073656933155283 0.08627544049923051
v 0.06263840400665853 0.05701939662917436 0.08697494919944758
v 0.06380551069051109 0.056518099608293716 0.08730274615105225
v 0.06380700986660769 0.05726804623815255 0.08681227524152567
v 0.06263840400665853 0.05701939662917436 0.08697494919944758
v 0.06380700986660769 0.05539806247623739 0.0880173610531587
v 0.06380700986660769 0.05564201619265855 0.08786334645844106
v 0.06263840400665853 0.05701939662917436 0.08697494919944758
v 0.06380700986660769 0.05419806928569585 0.08876131097863114
v 0.06380700986660769 0.054821730356577926 0.08837747612153278
v 0.0613769865578284 0.053825083428136224 0.08896344416694289
v 0.06380700986660769 0.05298808158784366 0.08948890348145165
v 0.06380700986660769 0.05316698326870432 0.08938273282211194
v 0.0613769865578284 0.053825083428136224 0.08896344416694289
v 0.19431714790144378 0.025827777181953743 0.032200002292357414
v 0.1934036041568809 0.025421040788733435 0.032200002292357414
v 0.19295125733363777 0.026413642230532792 0.032200002292357414
v 0.19431714790144378 0.025827777181953743 0.032200002292357414
v 0.19475907297126221 0.02481142734119925 0.032200002292357414
v 0.19383857121855635 0.02442069741846577 0.032200002292357414
v 0.19383857121855635 0.02442069741846577 0.032200002292357414
v 0.1934036041568809 0.025421040788733435 0.032200002292357414
v 0.19431714790144378 0.025827777181953743 0.032200002292357414
v 0.19518319103339893 0.023787520584802616 0.032200002292357414
v 0.19425600593076625 0.023412913480828093 0.032200002292357414
v 0.19383857121855635 0.02442069741846577 0.032200002292357414
v 0.19703237325013662 0.018565604138044433 0.032200002292357414
v 0.19607605911780007 0.01827323237427959 0.032200002292357414
v 0.19574805617253327 0.01931356331053348 0.032200002292357414
v 0.19734713156586808 0.017502972480516476 0.032200002292357414
v 0.19638587358564047 0.017227335794450804 0.032200002292357414
v 0.19607605911780007 0.01827323237427959 0.032200002292357414
v 0.19902523223151108 -0.009933589453448584 0.032200002292357414
v 0.19803753076858216 -0.009777154433200937 0.032200002292357414
v 0.19819877040026407 -0.008698318894593276 0.032200002292357414
v 0.19902523223151108 -0.009933589453448584 0.032200002292357414
v 0.1988423098595415 -0.011026659535579027 0.032200002292357414
v 0.19785750756667214 -0.010853011646776996 0.032200002292357414
v 0.19841938198300818 -0.013202393205205007 0.032200002292357414
v 0.19817951380755255 -0.014284393035344798 0.032200002292357414
v 0.1972051485268977 -0.014059441280580573 0.032200002292357414
v 0.19817951380755255 -0.014284393035344798 0.032200002292357414
v 0.19792080102670967 -0.015362041249372137 0.032200002292357414
v 0.1969504945841382 -0.015120118859341402 0.032200002292357414
v 0.19288593445455854 -0.028828397212781205 0.032200002292357414
v 0.19199492794251147 -0.02837440816228722 0.032200002292357414
v 0.19248163756035547 -0.02739819847541682 0.032200002292357414
v 0.19288593445455854 -0.028828397212781205 0.032200002292357414
v 0.19237418516267363 -0.02981144474482502 0.032200002292357414
v 0.19149123529163423 -0.029341973744743143 0.032200002292357414
v 0.1559295880947342 -0.06039209271222039 0.032200002292357414
v 0.15562058234275253 -0.05944103523296555 0.032200002292357414
v 0.1566550214787998 -0.059094912474826386 0.032200002292357414
v 0.15487261172617114 -0.06072535612526635 0.032200002292357414
v 0.15458025331384737 -0.059769049622324696 0.032200002292357414
v 0.15562058234275253 -0.05944103523296555 0.032200002292357414
v 0.1538099896053868 -0.06104012207039271 0.032200002292357414
v 0.15353435482666986 -0.060078860275467647 0.032200002292357414
v 0.15458025331384737 -0.059769049622324696 0.032200002292357414
v 0.1538099896053868 -0.06104012207039271 0.032200002292357414
v 0.15274202690817693 -0.06133629136546585 0.032200002292357414
v 0.15248320731580553 -0.060370368010260786 0.032200002292357414
v 0.1473336709384032 -0.06253529654936867 0.032200002292357414
v 0.14716002591062424 -0.061550486627104425 0.032200002292357414
v 0.14823258150356008 -0.06135170274315098 0.032200002292357414
v 0.14624060753199328 -0.06271821129194337 0.032200002292357414
v 0.14608417441909435 -0.06173052508780423 0.032200002292357414
v 0.14716002591062424 -0.061550486627104425 0.032200002292357414
v 0.14624060753199328 0.06271821129194337 0.032200002292357414
v 0.14608417441909435 0.06173052508780423 0.032200002292357414
v 0.14500533220476616 0.061891757090091246 0.032200002292357414
v 0.14624060753199328 0.06271821129194337 0.032200002292357414
v 0.1473336709384032 0.06253529654936867 0.032200002292357414
v 0.14716002591062424 0.061550486627104425 0.032200002292357414
v 0.16414357774269026 0.05707342418911358 0.032200002292357414
v 0.16370520797089225 0.05617463187957753 0.032200002292357414
v 0.1627206498186595 0.056644240208767495 0.032200002292357414
v 0.16414357774269026 0.05707342418911358 0.032200002292357414
v 0.16513541433765153 0.05657891732968826 0.032200002292357414
v 0.16468141956511137 0.05568791081764116 0.032200002292357414
v 0.16611846186969534 0.056067175667198245 0.032200002292357414
v 0.16709243042181574 0.055538355604238844 0.032200002292357414
v 0.16660761289390533 0.05466373321772581 0.032200002292357414
v 0.16805701481821697 0.054992617358102826 0.032200002292357414
v 0.16755701479446825 0.05412658948493746 0.032200002292357414
v 0.16660761289390533 0.05466373321772581 0.032200002292357414
v 0.19288593445455854 0.028828397212781205 0.032200002292357414
v 0.19199492794251147 0.02837440816228722 0.032200002292357414
v 0.19149123529163423 0.029341973744743143 0.032200002292357414
v 0.19288593445455854 0.028828397212781205 0.032200002292357414
v 0.19338044131398385 0.027836568247214828 0.032200002292357414
v 0.19248163756035547 0.02739819847541682 0.032200002292357414
v 0.19383857121855635 0.02442069741846577 0.032200002292357414
v 0.19475907297126221 0.02481142734119925 0.032200002292357414
v 0.19518319103339893 0.023787520584802616 0.032200002292357414
v 0.19558938001753562 0.02275636590325704 0.032200002292357414
v 0.1946557862231923 0.0223979979663136 0.032200002292357414
v 0.19425600593076625 0.023412913480828093 0.032200002292357414
v 0.19607605911780007 0.01827323237427959 0.032200002292357414
v 0.19703237325013662 0.018565604138044433 0.032200002292357414
v 0.19734713156586808 0.017502972480516476 0.032200002292357414
v 0.19734713156586808 0.017502972480516476 0.032200002292357414
v 0.19764330467563868 0.016435009783306597 0.032200002292357414
v 0.19667737750573616 0.0161761901909352 0.032200002292357414
v 0.19902523223151108 0.009933589453448584 0.032200002292357414
v 0.19918903533987725 0.008837492408894093 0.032200002292357414
v 0.19819877040026407 0.008698318894593276 0.032200002292357414
v 0.19918903533987725 0.008837492408894093 0.032200002292357414
v 0.1993337039258502 0.007738703618453696 0.032200002292357414
v 0.19834115016776893 0.0076168345254459865 0.032200002292357414
v 0.19965233797418763 -0.004429536076175358 0.032200002292357414
v 0.19865476407426635 -0.0043597800418257475 0.032200002292357414
v 0.19872136869168772 -0.003270997441206932 0.032200002292357414
v 0.19956537813119007 -0.005534389758719008 0.032200002292357414
v 0.19856919278113944 -0.005447234412477301 0.032200002292357414
v 0.19865476407426635 -0.0043597800418257475 0.032200002292357414
v 0.19785750756667214 -0.010853011646776996 0.032200002292357414
v 0.19803753076858216 -0.009777154433200937 0.032200002292357414
v 0.19902523223151108 -0.009933589453448584 0.032200002292357414
v 0.1988423098595415 -0.011026659535579027 0.032200002292357414
v 0.1986403445179174 -0.012116371730281914 0.032200002292357414
v 0.1976587160533238 -0.01192556247134103 0.032200002292357414
v 0.19841938198300818 -0.013202393205205007 0.032200002292357414
v 0.19744124778127586 -0.012994481703935698 0.032200002292357414
v 0.1976587160533238 -0.01192556247134103 0.032200002292357414
v 0.1969504945841382 -0.015120118859341402 0.032200002292357414
v 0.1972051485268977 -0.014059441280580573 0.032200002292357414
v 0.19817951380755255 -0.014284393035344798 0.032200002292357414
v 0.19734713156586808 -0.017502972480516476 0.032200002292357414
v 0.19638587358564047 -0.017227335794450804 0.032200002292357414
v 0.19667737750573616 -0.0161761901909352 0.032200002292357414
v 0.19734713156586808 -0.017502972480516476 0.032200002292357414
v 0.19703237325013662 -0.018565604138044433 0.032200002292357414
v 0.19607605911780007 -0.01827323237427959 0.032200002292357414
v 0.19431714790144378 -0.025827777181953743 0.032200002292357414
v 0.1934036041568809 -0.025421040788733435 0.032200002292357414
v 0.19383857121855635 -0.02442069741846577 0.032200002292357414
v 0.19431714790144378 -0.025827777181953743 0.032200002292357414
v 0.19385756841184149 -0.026836261116572908 0.032200002292357414
v 0.19295125733363777 -0.026413642230532792 0.032200002292357414
v 0.19149123529163423 -0.029341973744743143 0.032200002292357414
v 0.19199492794251147 -0.02837440816228722 0.032200002292357414
v 0.19288593445455854 -0.028828397212781205 0.032200002292357414
v 0.19237418516267363 -0.02981144474482502 0.032200002292357414
v 0.1918453612850168 -0.030785413296945417 0.032200002292357414
v 0.19097074271320122 -0.030300603398429903 0.032200002292357414
v 0.19129963066827568 -0.0317500015080441 0.032200002292357414
v 0.19043360279511032 -0.031250001484295374 0.032200002292357414
v 0.19097074271320122 -0.030300603398429903 0.032200002292357414
v 0.19129963066827568 -0.0317500015080441 0.032200002292357414
v 0.19073714590034815 -0.03270491946111511 0.032200002292357414
v 0.1898799681252594 -0.032189881900031046 0.032200002292357414
v 0.16995688673462792 -0.053851057703051576 0.032200002292357414
v 0.16942696422410639 -0.05300300849895304 0.032200002292357414
v 0.17034696243674927 -0.052416914568527186 0.032200002292357414
v 0.16995688673462792 -0.053851057703051576 0.032200002292357414
v 0.16901194040068288 -0.0544301249607804 0.032200002292357414
v 0.16849689521020392 -0.053572958629783986 0.032200002292357414
v 0.1590633773060812 -0.0592823590779679 0.032200002292357414
v 0.15870500936913776 -0.05834878054241436 0.032200002292357414
v 0.15971993251304714 -0.05794899262059342 0.032200002292357414
v 0.15802529131927476 -0.05967048546969393 0.032200002292357414
v 0.15768328080498326 -0.058730791974133154 0.032200002292357414
v 0.15870500936913776 -0.05834878054241436 0.032200002292357414
v 0.15562058234275253 -0.05944103523296555 0.032200002292357414
v 0.1559295880947342 -0.06039209271222039 0.032200002292357414
v 0.15487261172617114 -0.06072535612526635 0.032200002292357414
v 0.15248320731580553 -0.060370368010260786 0.032200002292357414
v 0.15353435482666986 -0.060078860275467647 0.032200002292357414
v 0.1538099896053868 -0.06104012207039271 0.032200002292357414
v 0.14716002591062424 -0.061550486627104425 0.032200002292357414
v 0.1473336709384032 -0.06253529654936867 0.032200002292357414
v 0.14624060753199328 -0.06271821129194337 0.032200002292357414
v 0.1451445076264157 -0.06288202584440188 0.032200002292357414
v 0.14500533220476616 -0.061891757090091246 0.032200002292357414
v 0.14608417441909435 -0.06173052508780423 0.032200002292357414
v 0.14184140688358934 0.06325836482101725 0.032200002292357414
v 0.14175424867632455 0.06226217184157172 0.032200002292357414
v 0.14066680050455635 0.06234775457879098 0.032200002292357414
v 0.14184140688358934 0.06325836482101725 0.032200002292357414
v 0.14294457160883842 0.06315214457061073 0.032200002292357414
v 0.14284004889879573 0.062157622428646905 0.032200002292357414
v 0.1451445076264157 0.06288202584440188 0.032200002292357414
v 0.14500533220476616 0.061891757090091246 0.032200002292357414
v 0.14392385021980478 0.06203413685759611 0.032200002292357414
v 0.14716002591062424 0.061550486627104425 0.032200002292357414
v 0.14608417441909435 0.06173052508780423 0.032200002292357414
v 0.14624060753199328 0.06271821129194337 0.032200002292357414
v 0.15802529131927476 0.05967048546969393 0.032200002292357414
v 0.15768328080498326 0.058730791974133154 0.032200002292357414
v 0.1566550214787998 0.059094912474826386 0.032200002292357414
v 0.15802529131927476 0.05967048546969393 0.032200002292357414
v 0.1590633773060812 0.0592823590779679 0.032200002292357414
v 0.15870500936913776 0.05834878054241436 0.032200002292357414
v 0.1590633773060812 0.0592823590779679 0.032200002292357414
v 0.16009453580232422 0.058876177723226106 0.032200002292357414
v 0.15971993251304714 0.05794899262059342 0.032200002292357414
v 0.16009453580232422 0.058876177723226106 0.032200002292357414
v 0.1611184463734183 0.058452059661089385 0.032200002292357414
v 0.1607277145433361 0.057531557908383525 0.032200002292357414
v 0.16468141956511137 0.05568791081764116 0.032200002292357414
v 0.16370520797089225 0.05617463187957753 0.032200002292357414
v 0.16414357774269026 0.05707342418911358 0.032200002292357414
v 0.16513541433765153 0.05657891732968826 0.032200002292357414
v 0.16611846186969534 0.056067175667198245 0.032200002292357414
v 0.1656489946843109 0.055184225796158816 0.032200002292357414
v 0.16660761289390533 0.05466373321772581 0.032200002292357414
v 0.16709243042181574 0.055538355604238844 0.032200002292357414
v 0.16805701481821697 0.054992617358102826 0.032200002292357414
v 0.16805701481821697 0.054992617358102826 0.032200002292357414
v 0.16901194040068288 0.0544301249607804 0.032200002292357414
v 0.16849689521020392 0.053572958629783986 0.032200002292357414
v 0.16995688673462792 0.053851057703051576 0.032200002292357414
v 0.16942696422410639 0.05300300849895304 0.032200002292357414
v 0.16849689521020392 0.053572958629783986 0.032200002292357414
v 0.16995688673462792 0.053851057703051576 0.032200002292357414
v 0.1708915944206257 0.053255583431604005 0.032200002292357414
v 0.17034696243674927 0.052416914568527186 0.032200002292357414
v 0.18634569671715615 0.039094507166947984 0.032200002292357414
v 0.185557687036173 0.038478845516611876 0.032200002292357414
v 0.18487864037306065 0.039332525214141906 0.032200002292357414
v 0.18702036410759956 0.038215257552431964 0.032200002292357414
v 0.1862217343089245 0.03761343943913034 0.032200002292357414
v 0.185557687036173 0.038478845516611876 0.032200002292357414
v 0.18767958960277828 0.03732436548130826 0.032200002292357414
v 0.18832317483842506 0.036422105611793064 0.032200002292357414
v 0.18750402196748614 0.0358485277036902 0.032200002292357414
v 0.18832317483842506 0.036422105611793064 0.032200002292357414
v 0.1889509061914829 0.03550875260210253 0.032200002292357414
v 0.18812186562476182 0.0349495599180716 0.032200002292357414
v 0.19248163756035547 0.02739819847541682 0.032200002292357414
v 0.19199492794251147 0.02837440816228722 0.032200002292357414
v 0.19288593445455854 0.028828397212781205 0.032200002292357414
v 0.19338044131398385 0.027836568247214828 0.032200002292357414
v 0.19385756841184149 0.026836261116572908 0.032200002292357414
v 0.19295125733363777 0.026413642230532792 0.032200002292357414
v 0.19425600593076625 0.023412913480828093 0.032200002292357414
v 0.19518319103339893 0.023787520584802616 0.032200002292357414
v 0.19558938001753562 0.02275636590325704 0.032200002292357414
v 0.1959775025945642 0.021718279916450603 0.032200002292357414
v 0.19503780528430598 0.021376259865415484 0.032200002292357414
v 0.1946557862231923 0.0223979979663136 0.032200002292357414
v 0.19667737750573616 0.0161761901909352 0.032200002292357414
v 0.19638587358564047 0.017227335794450804 0.032200002292357414
v 0.19734713156586808 0.017502972480516476 0.032200002292357414
v 0.19792080102670967 0.015362041249372137 0.032200002292357414
v 0.1969504945841382 0.015120118859341402 0.032200002292357414
v 0.19667737750573616 0.0161761901909352 0.032200002292357414
v 0.19817951380755255 0.014284393035344798 0.032200002292357414
v 0.1972051485268977 0.014059441280580573 0.032200002292357414
v 0.1969504945841382 0.015120118859341402 0.032200002292357414
v 0.19817951380755255 0.014284393035344798 0.032200002292357414
v 0.19841938198300818 0.013202393205205007 0.032200002292357414
v 0.19744124778127586 0.012994481703935698 0.032200002292357414
v 0.1988423098595415 0.011026659535579027 0.032200002292357414
v 0.19785750756667214 0.010853011646776996 0.032200002292357414
v 0.1976587160533238 0.01192556247134103 0.032200002292357414
v 0.19902523223151108 0.009933589453448584 0.032200002292357414
v 0.19803753076858216 0.009777154433200937 0.032200002292357414
v 0.19785750756667214 0.010853011646776996 0.032200002292357414
v 0.19834115016776893 0.0076168345254459865 0.032200002292357414
v 0.19819877040026407 0.008698318894593276 0.032200002292357414
v 0.19918903533987725 0.008837492408894093 0.032200002292357414
v 0.1993337039258502 0.007738703618453696 0.032200002292357414
v 0.199459161695481 0.006637557821828348 0.032200002292357414
v 0.19846463955351717 0.006533029389739491 0.032200002292357414
v 0.19976833529415033 -0.0022161182025652606 0.032200002292357414
v 0.19876894559824437 -0.002181218727717317 0.032200002292357414
v 0.19879749479393632 -0.00109077542240689 0.032200002292357414
v 0.19976833529415033 -0.0022161182025652606 0.032200002292357414
v 0.19971999544810431 -0.003323333421247079 0.032200002292357414
v 0.19872136869168772 -0.003270997441206932 0.032200002292357414
v 0.19865476407426635 -0.0043597800418257475 0.032200002292357414
v 0.19965233797418763 -0.004429536076175358 0.032200002292357414
v 0.19956537813119007 -0.005534389758719008 0.032200002292357414
v 0.19956537813119007 -0.005534389758719008 0.032200002292357414
v 0.199459161695481 -0.006637557821828348 0.032200002292357414
v 0.19846463955351717 -0.006533029389739491 0.032200002292357414
v 0.1976587160533238 -0.01192556247134103 0.032200002292357414
v 0.19785750756667214 -0.010853011646776996 0.032200002292357414
v 0.1988423098595415 -0.011026659535579027 0.032200002292357414
v 0.1972051485268977 -0.014059441280580573 0.032200002292357414
v 0.19744124778127586 -0.012994481703935698 0.032200002292357414
v 0.19841938198300818 -0.013202393205205007 0.032200002292357414
v 0.19764330467563868 -0.016435009783306597 0.032200002292357414
v 0.19667737750573616 -0.0161761901909352 0.032200002292357414
v 0.1969504945841382 -0.015120118859341402 0.032200002292357414
v 0.19607605911780007 -0.01827323237427959 0.032200002292357414
v 0.19638587358564047 -0.017227335794450804 0.032200002292357414
v 0.19734713156586808 -0.017502972480516476 0.032200002292357414
v 0.19703237325013662 -0.018565604138044433 0.032200002292357414
v 0.1966991060223932 -0.019622580506607493 0.032200002292357414
v 0.19574805617253327 -0.01931356331053348 0.032200002292357414
v 0.1966991060223932 -0.019622580506607493 0.032200002292357414
v 0.19634745195295616 -0.020673579244271392 0.032200002292357414
v 0.1954019257849992 -0.020348010075975656 0.032200002292357414
v 0.1959775025945642 -0.021718279916450603 0.032200002292357414
v 0.19503780528430598 -0.021376259865415484 0.032200002292357414
v 0.1954019257849992 -0.020348010075975656 0.032200002292357414
v 0.1959775025945642 -0.021718279916450603 0.032200002292357414
v 0.19558938001753562 -0.02275636590325704 0.032200002292357414
v 0.1946557862231923 -0.0223979979663136 0.032200002292357414
v 0.19295125733363777 -0.026413642230532792 0.032200002292357414
v 0.1934036041568809 -0.025421040788733435 0.032200002292357414
v 0.19431714790144378 -0.025827777181953743 0.032200002292357414
v 0.19385756841184149 -0.026836261116572908 0.032200002292357414
v 0.19338044131398385 -0.027836568247214828 0.032200002292357414
v 0.19248163756035547 -0.02739819847541682 0.032200002292357414
v 0.19097074271320122 -0.030300603398429903 0.032200002292357414
v 0.19149123529163423 -0.029341973744743143 0.032200002292357414
v 0.19237418516267363 -0.02981144474482502 0.032200002292357414
v 0.1898799681252594 -0.032189881900031046 0.032200002292357414
v 0.19043360279511032 -0.031250001484295374 0.032200002292357414
v 0.19129963066827568 -0.0317500015080441 0.032200002292357414
v 0.19015807482792188 -0.033649873424455044 0.032200002292357414
v 0.1893100218091259 -0.03311995472863096 0.032200002292357414
v 0.1898799681252594 -0.032189881900031046 0.032200002292357414
v 0.19015807482792188 -0.033649873424455044 0.032200002292357414
v 0.1895626005564743 -0.03458458111045284 0.032200002292357414
v 0.1887239316933975 -0.0340399414971815 0.032200002292357414
v 0.1895626005564743 -0.03458458111045284 0.032200002292357414
v 0.1889509061914829 -0.03550875260210253 0.032200002292357414
v 0.18812186562476182 -0.0349495599180716 0.032200002292357414
v 0.1889509061914829 -0.03550875260210253 0.032200002292357414
v 0.18832317483842506 -0.036422105611793064 0.032200002292357414
v 0.18750402196748614 -0.0358485277036902 0.032200002292357414
v 0.17712403185043965 -0.04864382402676618 0.032200002292357414
v 0.1764812400718618 -0.04787777937368179 0.032200002292357414
v 0.1773107078846969 -0.04716935191083407 0.032200002292357414
v 0.17626885297681302 -0.049348772485542404 0.032200002292357414
v 0.17563953470961732 -0.048571623248190345 0.032200002292357414
v 0.1764812400718618 -0.04787777937368179 0.032200002292357414
v 0.17363138642087603 -0.05137258010730287 0.032200002292357414
v 0.17272911892196594 -0.05201615771355476 0.032200002292357414
v 0.17215554101386307 -0.051197004842615836 0.032200002292357414
v 0.17272911892196594 -0.05201615771355476 0.032200002292357414
v 0.1718157582828805 -0.05264388906661258 0.032200002292357414
v 0.17125656941354703 -0.05181485231458897 0.032200002292357414
v 0.1708915944206257 -0.053255583431604005 0.032200002292357414
v 0.17034696243674927 -0.052416914568527186 0.032200002292357414
v 0.17125656941354703 -0.05181485231458897 0.032200002292357414
v 0.16849689521020392 -0.053572958629783986 0.032200002292357414
v 0.16942696422410639 -0.05300300849895304 0.032200002292357414
v 0.16995688673462792 -0.053851057703051576 0.032200002292357414
v 0.16805701481821697 -0.054992617358102826 0.032200002292357414
v 0.16709243042181574 -0.055538355604238844 0.032200002292357414
v 0.16660761289390533 -0.05466373321772581 0.032200002292357414
v 0.16709243042181574 -0.055538355604238844 0.032200002292357414
v 0.16611846186969534 -0.056067175667198245 0.032200002292357414
v 0.1656489946843109 -0.055184225796158816 0.032200002292357414
v 0.16513541433765153 -0.05657891732968826 0.032200002292357414
v 0.16468141956511137 -0.05568791081764116 0.032200002292357414
v 0.1656489946843109 -0.055184225796158816 0.032200002292357414
v 0.16513541433765153 -0.05657891732968826 0.032200002292357414
v 0.16414357774269026 -0.05707342418911358 0.032200002292357414
v 0.16370520797089225 -0.05617463187957753 0.032200002292357414
v 0.1621347885847779 -0.058010138405968394 0.032200002292357414
v 0.16172805028420886 -0.05709659466140552 0.032200002292357414
v 0.1627206498186595 -0.056644240208767495 0.032200002292357414
v 0.1621347885847779 -0.058010138405968394 0.032200002292357414
v 0.1611184463734183 -0.058452059661089385 0.032200002292357414
v 0.1607277145433361 -0.057531557908383525 0.032200002292357414
v 0.15870500936913776 -0.05834878054241436 0.032200002292357414
v 0.1590633773060812 -0.0592823590779679 0.032200002292357414
v 0.15802529131927476 -0.05967048546969393 0.032200002292357414
v 0.15802529131927476 -0.05967048546969393 0.032200002292357414
v 0.15698059827649044 -0.06004043101338845 0.032200002292357414
v 0.1566550214787998 -0.059094912474826386 0.032200002292357414
v 0.15458025331384737 -0.059769049622324696 0.032200002292357414
v 0.15487261172617114 -0.06072535612526635 0.032200002292357414
v 0.1538099896053868 -0.06104012207039271 0.032200002292357414
v 0.15274202690817693 -0.06133629136546585 0.032200002292357414
v 0.15166905932791683 -0.06161378008714195 0.032200002292357414
v 0.15142713121583992 -0.06064348508866284 0.032200002292357414
v 0.14608417441909435 -0.06173052508780423 0.032200002292357414
v 0.14624060753199328 -0.06271821129194337 0.032200002292357414
v 0.1451445076264157 -0.06288202584440188 0.032200002292357414
v 0.1451445076264157 -0.06288202584440188 0.032200002292357414
v 0.14404572217383557 -0.06302668298628249 0.032200002292357414
v 0.14392385021980478 -0.06203413685759611 0.032200002292357414
v 0.14284004889879573 0.062157622428646905 0.032200002292357414
v 0.14175424867632455 0.06226217184157172 0.032200002292357414
v 0.14184140688358934 0.06325836482101725 0.032200002292357414
v 0.14404572217383557 0.06302668298628249 0.032200002292357414
v 0.14392385021980478 0.06203413685759611 0.032200002292357414
v 0.14284004889879573 0.062157622428646905 0.032200002292357414
v 0.14500533220476616 0.061891757090091246 0.032200002292357414
v 0.1451445076264157 0.06288202584440188 0.032200002292357414
v 0.14624060753199328 0.06271821129194337 0.032200002292357414
v 0.1473336709384032 0.06253529654936867 0.032200002292357414
v 0.1484233926698497 0.06233332739304713 0.032200002292357414
v 0.14823258150356008 0.06135170274315098 0.032200002292357414
v 0.15870500936913776 0.05834878054241436 0.032200002292357414
v 0.15768328080498326 0.058730791974133154 0.032200002292357414
v 0.15802529131927476 0.05967048546969393 0.032200002292357414
v 0.1607277145433361 0.057531557908383525 0.032200002292357414
v 0.15971993251304714 0.05794899262059342 0.032200002292357414
v 0.16009453580232422 0.058876177723226106 0.032200002292357414
v 0.1611184463734183 0.058452059661089385 0.032200002292357414
v 0.1621347885847779 0.058010138405968394 0.032200002292357414
v 0.16172805028420886 0.05709659466140552 0.032200002292357414
v 0.1621347885847779 0.058010138405968394 0.032200002292357414
v 0.16314327251939706 0.05755054747227376 0.032200002292357414
v 0.1627206498186595 0.056644240208767495 0.032200002292357414
v 0.1656489946843109 0.055184225796158816 0.032200002292357414
v 0.16468141956511137 0.05568791081764116 0.032200002292357414
v 0.16513541433765153 0.05657891732968826 0.032200002292357414
v 0.16849689521020392 0.053572958629783986 0.032200002292357414
v 0.16755701479446825 0.05412658948493746 0.032200002292357414
v 0.16805701481821697 0.054992617358102826 0.032200002292357414
v 0.17034696243674927 0.052416914568527186 0.032200002292357414
v 0.16942696422410639 0.05300300849895304 0.032200002292357414
v 0.16995688673462792 0.053851057703051576 0.032200002292357414
v 0.1708915944206257 0.053255583431604005 0.032200002292357414
v 0.1718157582828805 0.05264388906661258 0.032200002292357414
v 0.17125656941354703 0.05181485231458897 0.032200002292357414
v 0.17452227086260483 0.0507133584268216 0.032200002292357414
v 0.17540151284772595 0.05003868340698329 0.032200002292357414
v 0.17478585119738985 0.04925067372600015 0.032200002292357414
v 0.17540151284772595 0.05003868340698329 0.032200002292357414
v 0.17626885297681302 0.049348772485542404 0.032200002292357414
v 0.17563953470961732 0.048571623248190345 0.032200002292357414
v 0.1787968071984469 0.047189699507015376 0.032200002292357414
v 0.17812767874869626 0.04644655448270421 0.032200002292357414
v 0.1773107078846969 0.04716935191083407 0.032200002292357414
v 0.1787968071984469 0.047189699507015376 0.032200002292357414
v 0.17961391539155433 0.04644096213624718 0.032200002292357414
v 0.17893190852322324 0.04570960834174412 0.032200002292357414
v 0.18198508554812418 0.044110807606625474 0.032200002292357414
v 0.18126575567997347 0.043416151201560754 0.032200002292357414
v 0.18050118350010355 0.04419417781932558 0.032200002292357414
v 0.18198508554812418 0.044110807606625474 0.032200002292357414
v 0.1827479792611175 0.04330689826668402 0.032200002292357414
v 0.18201662546661443 0.042624899027747826 0.032200002292357414
v 0.18565578579571526 0.03996184729603505 0.032200002292357414
v 0.18487864037306065 0.039332525214141906 0.032200002292357414
v 0.18418479268385465 0.04017422676168894 0.032200002292357414
v 0.185557687036173 0.038478845516611876 0.032200002292357414
v 0.18634569671715615 0.039094507166947984 0.032200002292357414
v 0.18702036410759956 0.038215257552431964 0.032200002292357414
v 0.18767958960277828 0.03732436548130826 0.032200002292357414
v 0.18687058382704788 0.03673658163991347 0.032200002292357414
v 0.1862217343089245 0.03761343943913034 0.032200002292357414
v 0.18812186562476182 0.0349495599180716 0.032200002292357414
v 0.18750402196748614 0.0358485277036902 0.032200002292357414
v 0.18832317483842506 0.036422105611793064 0.032200002292357414
v 0.1895626005564743 0.03458458111045284 0.032200002292357414
v 0.1887239316933975 0.0340399414971815 0.032200002292357414
v 0.18812186562476182 0.0349495599180716 0.032200002292357414
v 0.1895626005564743 0.03458458111045284 0.032200002292357414
v 0.19015807482792188 0.033649873424455044 0.032200002292357414
v 0.1893100218091259 0.03311995472863096 0.032200002292357414
v 0.19073714590034815 0.03270491946111511 0.032200002292357414
v 0.1898799681252594 0.032189881900031046 0.032200002292357414
v 0.1893100218091259 0.03311995472863096 0.032200002292357414
v 0.19073714590034815 0.03270491946111511 0.032200002292357414
v 0.19129963066827568 0.0317500015080441 0.032200002292357414
v 0.19043360279511032 0.031250001484295374 0.032200002292357414
v 0.19295125733363777 0.026413642230532792 0.032200002292357414
v 0.19248163756035547 0.02739819847541682 0.032200002292357414
v 0.19338044131398385 0.027836568247214828 0.032200002292357414
v 0.1946557862231923 0.0223979979663136 0.032200002292357414
v 0.19558938001753562 0.02275636590325704 0.032200002292357414
v 0.1959775025945642 0.021718279916450603 0.032200002292357414
v 0.19667737750573616 0.0161761901909352 0.032200002292357414
v 0.19764330467563868 0.016435009783306597 0.032200002292357414
v 0.19792080102670967 0.015362041249372137 0.032200002292357414
v 0.19744124778127586 0.012994481703935698 0.032200002292357414
v 0.1972051485268977 0.014059441280580573 0.032200002292357414
v 0.19817951380755255 0.014284393035344798 0.032200002292357414
v 0.19785750756667214 0.010853011646776996 0.032200002292357414
v 0.1988423098595415 0.011026659535579027 0.032200002292357414
v 0.19902523223151108 0.009933589453448584 0.032200002292357414
v 0.19846463955351717 0.006533029389739491 0.032200002292357414
v 0.19834115016776893 0.0076168345254459865 0.032200002292357414
v 0.1993337039258502 0.007738703618453696 0.032200002292357414
v 0.19872136869168772 -0.003270997441206932 0.032200002292357414
v 0.19876894559824437 -0.002181218727717317 0.032200002292357414
v 0.19976833529415033 -0.0022161182025652606 0.032200002292357414
v 0.19846463955351717 -0.006533029389739491 0.032200002292357414
v 0.19856919278113944 -0.005447234412477301 0.032200002292357414
v 0.19956537813119007 -0.005534389758719008 0.032200002292357414
v 0.1993337039258502 -0.007738703618453696 0.032200002292357414
v 0.19834115016776893 -0.0076168345254459865 0.032200002292357414
v 0.19846463955351717 -0.006533029389739491 0.032200002292357414
v 0.1993337039258502 -0.007738703618453696 0.032200002292357414
v 0.19918903533987725 -0.008837492408894093 0.032200002292357414
v 0.19819877040026407 -0.008698318894593276 0.032200002292357414
v 0.1976587160533238 -0.01192556247134103 0.032200002292357414
v 0.1986403445179174 -0.012116371730281914 0.032200002292357414
v 0.19841938198300818 -0.013202393205205007 0.032200002292357414
v 0.19667737750573616 -0.0161761901909352 0.032200002292357414
v 0.19764330467563868 -0.016435009783306597 0.032200002292357414
v 0.19734713156586808 -0.017502972480516476 0.032200002292357414
v 0.1954019257849992 -0.020348010075975656 0.032200002292357414
v 0.19574805617253327 -0.01931356331053348 0.032200002292357414
v 0.1966991060223932 -0.019622580506607493 0.032200002292357414
v 0.1946557862231923 -0.0223979979663136 0.032200002292357414
v 0.19503780528430598 -0.021376259865415484 0.032200002292357414
v 0.1959775025945642 -0.021718279916450603 0.032200002292357414
v 0.19248163756035547 -0.02739819847541682 0.032200002292357414
v 0.19295125733363777 -0.026413642230532792 0.032200002292357414
v 0.19385756841184149 -0.026836261116572908 0.032200002292357414
v 0.19097074271320122 -0.030300603398429903 0.032200002292357414
v 0.1918453612850168 -0.030785413296945417 0.032200002292357414
v 0.19129963066827568 -0.0317500015080441 0.032200002292357414
v 0.1887239316933975 -0.0340399414971815 0.032200002292357414
v 0.1893100218091259 -0.03311995472863096 0.032200002292357414
v 0.19015807482792188 -0.033649873424455044 0.032200002292357414
v 0.18750402196748614 -0.0358485277036902 0.032200002292357414
v 0.18812186562476182 -0.0349495599180716 0.032200002292357414
v 0.1889509061914829 -0.03550875260210253 0.032200002292357414
v 0.1764812400718618 -0.04787777937368179 0.032200002292357414
v 0.17712403185043965 -0.04864382402676618 0.032200002292357414
v 0.17626885297681302 -0.049348772485542404 0.032200002292357414
v 0.17540151284772595 -0.05003868340698329 0.032200002292357414
v 0.17478585119738985 -0.04925067372600015 0.032200002292357414
v 0.17563953470961732 -0.048571623248190345 0.032200002292357414
v 0.17452227086260483 -0.0507133584268216 0.032200002292357414
v 0.17392044893460576 -0.04991472099875164 0.032200002292357414
v 0.17478585119738985 -0.04925067372600015 0.032200002292357414
v 0.17452227086260483 -0.0507133584268216 0.032200002292357414
v 0.17363138642087603 -0.05137258010730287 0.032200002292357414
v 0.17304358732069144 -0.05056356288748013 0.032200002292357414
v 0.17125656941354703 -0.05181485231458897 0.032200002292357414
v 0.17215554101386307 -0.051197004842615836 0.032200002292357414
v 0.17272911892196594 -0.05201615771355476 0.032200002292357414
v 0.17034696243674927 -0.052416914568527186 0.032200002292357414
v 0.1708915944206257 -0.053255583431604005 0.032200002292357414
v 0.16995688673462792 -0.053851057703051576 0.032200002292357414
v 0.16805701481821697 -0.054992617358102826 0.032200002292357414
v 0.16755701479446825 -0.05412658948493746 0.032200002292357414
v 0.16849689521020392 -0.053572958629783986 0.032200002292357414
v 0.1656489946843109 -0.055184225796158816 0.032200002292357414
v 0.16660761289390533 -0.05466373321772581 0.032200002292357414
v 0.16709243042181574 -0.055538355604238844 0.032200002292357414
v 0.16370520797089225 -0.05617463187957753 0.032200002292357414
v 0.16468141956511137 -0.05568791081764116 0.032200002292357414
v 0.16513541433765153 -0.05657891732968826 0.032200002292357414
v 0.16414357774269026 -0.05707342418911358 0.032200002292357414
v 0.16314327251939706 -0.05755054747227376 0.032200002292357414
v 0.1627206498186595 -0.056644240208767495 0.032200002292357414
v 0.1607277145433361 -0.057531557908383525 0.032200002292357414
v 0.16172805028420886 -0.05709659466140552 0.032200002292357414
v 0.1621347885847779 -0.058010138405968394 0.032200002292357414
v 0.16009453580232422 -0.058876177723226106 0.032200002292357414
v 0.15971993251304714 -0.05794899262059342 0.032200002292357414
v 0.1607277145433361 -0.057531557908383525 0.032200002292357414
v 0.1566550214787998 -0.059094912474826386 0.032200002292357414
v 0.15768328080498326 -0.058730791974133154 0.032200002292357414
v 0.15802529131927476 -0.05967048546969393 0.032200002292357414
v 0.15142713121583992 -0.06064348508866284 0.032200002292357414
v 0.15248320731580553 -0.060370368010260786 0.032200002292357414
v 0.15274202690817693 -0.06133629136546585 0.032200002292357414
v 0.15059140729919204 -0.06187250049737973 0.032200002292357414
v 0.15036646222014835 -0.06089813140202742 0.032200002292357414
v 0.15142713121583992 -0.06064348508866284 0.032200002292357414
v 0.15059140729919204 -0.06187250049737973 0.032200002292357414
v 0.1495094065153779 -0.06211237630223025 0.032200002292357414
v 0.14930149024573677 -0.06113422684170815 0.032200002292357414
v 0.14392385021980478 -0.06203413685759611 0.032200002292357414
v 0.14500533220476616 -0.061891757090091246 0.032200002292357414
v 0.1451445076264157 -0.06288202584440188 0.032200002292357414
v 0.14404572217383557 -0.06302668298628249 0.032200002292357414
v 0.14294457160883842 -0.06315214457061073 0.032200002292357414
v 0.14284004889879573 -0.062157622428646905 0.032200002292357414
v 0.14284004889879573 0.062157622428646905 0.032200002292357414
v 0.14294457160883842 0.06315214457061073 0.032200002292357414
v 0.14404572217383557 0.06302668298628249 0.032200002292357414
v 0.14823258150356008 0.06135170274315098 0.032200002292357414
v 0.14716002591062424 0.061550486627104425 0.032200002292357414
v 0.1473336709384032 0.06253529654936867 0.032200002292357414
v 0.1495094065153779 0.06211237630223025 0.032200002292357414
v 0.14930149024573677 0.06113422684170815 0.032200002292357414
v 0.14823258150356008 0.06135170274315098 0.032200002292357414
v 0.1495094065153779 0.06211237630223025 0.032200002292357414
v 0.15059140729919204 0.06187250049737973 0.032200002292357414
v 0.15036646222014835 0.06089813140202742 0.032200002292357414
v 0.1538099896053868 0.06104012207039271 0.032200002292357414
v 0.15487261172617114 0.06072535612526635 0.032200002292357414
v 0.15458025331384737 0.059769049622324696 0.032200002292357414
v 0.15487261172617114 0.06072535612526635 0.032200002292357414
v 0.1559295880947342 0.06039209271222039 0.032200002292357414
v 0.15562058234275253 0.05944103523296555 0.032200002292357414
v 0.15971993251304714 0.05794899262059342 0.032200002292357414
v 0.15870500936913776 0.05834878054241436 0.032200002292357414
v 0.1590633773060812 0.0592823590779679 0.032200002292357414
v 0.1627206498186595 0.056644240208767495 0.032200002292357414
v 0.16172805028420886 0.05709659466140552 0.032200002292357414
v 0.1621347885847779 0.058010138405968394 0.032200002292357414
v 0.16660761289390533 0.05466373321772581 0.032200002292357414
v 0.1656489946843109 0.055184225796158816 0.032200002292357414
v 0.16611846186969534 0.056067175667198245 0.032200002292357414
v 0.17125656941354703 0.05181485231458897 0.032200002292357414
v 0.17034696243674927 0.052416914568527186 0.032200002292357414
v 0.1708915944206257 0.053255583431604005 0.032200002292357414
v 0.17272911892196594 0.05201615771355476 0.032200002292357414
v 0.17215554101386307 0.051197004842615836 0.032200002292357414
v 0.17125656941354703 0.05181485231458897 0.032200002292357414
v 0.17272911892196594 0.05201615771355476 0.032200002292357414
v 0.17363138642087603 0.05137258010730287 0.032200002292357414
v 0.17304358732069144 0.05056356288748013 0.032200002292357414
v 0.17363138642087603 0.05137258010730287 0.032200002292357414
v 0.17452227086260483 0.0507133584268216 0.032200002292357414
v 0.17392044893460576 0.04991472099875164 0.032200002292357414
v 0.17563953470961732 0.048571623248190345 0.032200002292357414
v 0.17478585119738985 0.04925067372600015 0.032200002292357414
v 0.17540151284772595 0.05003868340698329 0.032200002292357414
v 0.17893190852322324 0.04570960834174412 0.032200002292357414
v 0.17812767874869626 0.04644655448270421 0.032200002292357414
v 0.1787968071984469 0.047189699507015376 0.032200002292357414
v 0.17961391539155433 0.04644096213624718 0.032200002292357414
v 0.18041782473149579 0.045678079867346205 0.032200002292357414
v 0.17972316832643107 0.044958738555103156 0.032200002292357414
v 0.18120829107763467 0.04490128158215925 0.032200002292357414
v 0.18050118350010355 0.04419417781932558 0.032200002292357414
v 0.17972316832643107 0.044958738555103156 0.032200002292357414
v 0.18201662546661443 0.042624899027747826 0.032200002292357414
v 0.18126575567997347 0.043416151201560754 0.032200002292357414
v 0.18198508554812418 0.044110807606625474 0.032200002292357414
v 0.18495084496633393 0.04081701472556934 0.032200002292357414
v 0.18418479268385465 0.04017422676168894 0.032200002292357414
v 0.18347635759161204 0.0410036907598266 0.032200002292357414
v 0.18487864037306065 0.039332525214141906 0.032200002292357414
v 0.18565578579571526 0.03996184729603505 0.032200002292357414
v 0.18634569671715615 0.039094507166947984 0.032200002292357414
v 0.18750402196748614 0.0358485277036902 0.032200002292357414
v 0.18687058382704788 0.03673658163991347 0.032200002292357414
v 0.18767958960277828 0.03732436548130826 0.032200002292357414
v 0.1893100218091259 0.03311995472863096 0.032200002292357414
v 0.1887239316933975 0.0340399414971815 0.032200002292357414
v 0.1895626005564743 0.03458458111045284 0.032200002292357414
v 0.19043360279511032 0.031250001484295374 0.032200002292357414
v 0.1898799681252594 0.032189881900031046 0.032200002292357414
v 0.19073714590034815 0.03270491946111511 0.032200002292357414
v 0.19129963066827568 0.0317500015080441 0.032200002292357414
v 0.1918453612850168 0.030785413296945417 0.032200002292357414
v 0.19097074271320122 0.030300603398429903 0.032200002292357414
v 0.19237418516267363 0.02981144474482502 0.032200002292357414
v 0.19149123529163423 0.029341973744743143 0.032200002292357414
v 0.19097074271320122 0.030300603398429903 0.032200002292357414
v 0.19295125733363777 0.026413642230532792 0.032200002292357414
v 0.19385756841184149 0.026836261116572908 0.032200002292357414
v 0.19431714790144378 0.025827777181953743 0.032200002292357414
v 0.19634745195295616 0.020673579244271392 0.032200002292357414
v 0.1954019257849992 0.020348010075975656 0.032200002292357414
v 0.19503780528430598 0.021376259865415484 0.032200002292357414
v 0.19634745195295616 0.020673579244271392 0.032200002292357414
v 0.1966991060223932 0.019622580506607493 0.032200002292357414
v 0.19574805617253327 0.01931356331053348 0.032200002292357414
v 0.1969504945841382 0.015120118859341402 0.032200002292357414
v 0.19792080102670967 0.015362041249372137 0.032200002292357414
v 0.19817951380755255 0.014284393035344798 0.032200002292357414
v 0.19841938198300818 0.013202393205205007 0.032200002292357414
v 0.1986403445179174 0.012116371730281914 0.032200002292357414
v 0.1976587160533238 0.01192556247134103 0.032200002292357414
v 0.19819877040026407 0.008698318894593276 0.032200002292357414
v 0.19803753076858216 0.009777154433200937 0.032200002292357414
v 0.19902523223151108 0.009933589453448584 0.032200002292357414
v 0.19956537813119007 0.005534389758719008 0.032200002292357414
v 0.19856919278113944 0.005447234412477301 0.032200002292357414
v 0.19846463955351717 0.006533029389739491 0.032200002292357414
v 0.19965233797418763 0.004429536076175358 0.032200002292357414
v 0.19865476407426635 0.0043597800418257475 0.032200002292357414
v 0.19856919278113944 0.005447234412477301 0.032200002292357414
v 0.19965233797418763 0.004429536076175358 0.032200002292357414
v 0.19971999544810431 0.003323333421247079 0.032200002292357414
v 0.19872136869168772 0.003270997441206932 0.032200002292357414
v 0.19872136869168772 -0.003270997441206932 0.032200002292357414
v 0.19971999544810431 -0.003323333421247079 0.032200002292357414
v 0.19965233797418763 -0.004429536076175358 0.032200002292357414
v 0.19819877040026407 -0.008698318894593276 0.032200002292357414
v 0.19834115016776893 -0.0076168345254459865 0.032200002292357414
v 0.1993337039258502 -0.007738703618453696 0.032200002292357414
v 0.1969504945841382 -0.015120118859341402 0.032200002292357414
v 0.19792080102670967 -0.015362041249372137 0.032200002292357414
v 0.19764330467563868 -0.016435009783306597 0.032200002292357414
v 0.1954019257849992 -0.020348010075975656 0.032200002292357414
v 0.19634745195295616 -0.020673579244271392 0.032200002292357414
v 0.1959775025945642 -0.021718279916450603 0.032200002292357414
v 0.19518319103339893 -0.023787520584802616 0.032200002292357414
v 0.19425600593076625 -0.023412913480828093 0.032200002292357414
v 0.1946557862231923 -0.0223979979663136 0.032200002292357414
v 0.19518319103339893 -0.023787520584802616 0.032200002292357414
v 0.19475907297126221 -0.02481142734119925 0.032200002292357414
v 0.19383857121855635 -0.02442069741846577 0.032200002292357414
v 0.19248163756035547 -0.02739819847541682 0.032200002292357414
v 0.19338044131398385 -0.027836568247214828 0.032200002292357414
v 0.19288593445455854 -0.028828397212781205 0.032200002292357414
v 0.18812186562476182 -0.0349495599180716 0.032200002292357414
v 0.1887239316933975 -0.0340399414971815 0.032200002292357414
v 0.1895626005564743 -0.03458458111045284 0.032200002292357414
v 0.18767958960277828 -0.03732436548130826 0.032200002292357414
v 0.18702036410759956 -0.038215257552431964 0.032200002292357414
v 0.1862217343089245 -0.03761343943913034 0.032200002292357414
v 0.18702036410759956 -0.038215257552431964 0.032200002292357414
v 0.18634569671715615 -0.039094507166947984 0.032200002292357414
v 0.185557687036173 -0.038478845516611876 0.032200002292357414
v 0.17563953470961732 -0.048571623248190345 0.032200002292357414
v 0.17626885297681302 -0.049348772485542404 0.032200002292357414
v 0.17540151284772595 -0.05003868340698329 0.032200002292357414
v 0.17304358732069144 -0.05056356288748013 0.032200002292357414
v 0.17392044893460576 -0.04991472099875164 0.032200002292357414
v 0.17452227086260483 -0.0507133584268216 0.032200002292357414
v 0.17125656941354703 -0.05181485231458897 0.032200002292357414
v 0.1718157582828805 -0.05264388906661258 0.032200002292357414
v 0.1708915944206257 -0.053255583431604005 0.032200002292357414
v 0.16660761289390533 -0.05466373321772581 0.032200002292357414
v 0.16755701479446825 -0.05412658948493746 0.032200002292357414
v 0.16805701481821697 -0.054992617358102826 0.032200002292357414
v 0.1627206498186595 -0.056644240208767495 0.032200002292357414
v 0.16370520797089225 -0.05617463187957753 0.032200002292357414
v 0.16414357774269026 -0.05707342418911358 0.032200002292357414
v 0.1607277145433361 -0.057531557908383525 0.032200002292357414
v 0.1611184463734183 -0.058452059661089385 0.032200002292357414
v 0.16009453580232422 -0.058876177723226106 0.032200002292357414
v 0.1566550214787998 -0.059094912474826386 0.032200002292357414
v 0.15698059827649044 -0.06004043101338845 0.032200002292357414
v 0.1559295880947342 -0.06039209271222039 0.032200002292357414
v 0.14930149024573677 -0.06113422684170815 0.032200002292357414
v 0.15036646222014835 -0.06089813140202742 0.032200002292357414
v 0.15059140729919204 -0.06187250049737973 0.032200002292357414
v 0.1495094065153779 -0.06211237630223025 0.032200002292357414
v 0.1484233926698497 -0.06233332739304713 0.032200002292357414
v 0.14823258150356008 -0.06135170274315098 0.032200002292357414
v 0.14284004889879573 -0.062157622428646905 0.032200002292357414
v 0.14392385021980478 -0.06203413685759611 0.032200002292357414
v 0.14404572217383557 -0.06302668298628249 0.032200002292357414
v 0.14184140688358934 -0.06325836482101725 0.032200002292357414
v 0.14175424867632455 -0.06226217184157172 0.032200002292357414
v 0.14284004889879573 -0.062157622428646905 0.032200002292357414
v 0.14184140688358934 -0.06325836482101725 0.032200002292357414
v 0.14073654843267389 -0.06334532084931736 0.032200002292357414
v 0.14066680050455635 -0.06234775457879098 0.032200002292357414
v 0.13852313890371445 -0.06346132198397751 0.032200002292357414
v 0.13848822679268122 -0.062461928473374104 0.032200002292357414
v 0.13957800955928687 -0.06241434775212 0.032200002292357414
v 0.13852313890371445 -0.06346132198397751 0.032200002292357414
v 0.13741524395363133 -0.06349033275806053 0.032200002292357414
v 0.13739778789811471 -0.06249048529846095 0.032200002292357414
v 0.13963034720825715 0.06341297832323405 0.032200002292357414
v 0.13957800955928687 0.06241434775212 0.032200002292357414
v 0.13848822679268122 0.062461928473374104 0.032200002292357414
v 0.13963034720825715 0.06341297832323405 0.032200002292357414
v 0.14073654843267389 0.06334532084931736 0.032200002292357414
v 0.14066680050455635 0.06234775457879098 0.032200002292357414
v 0.14392385021980478 0.06203413685759611 0.032200002292357414
v 0.14404572217383557 0.06302668298628249 0.032200002292357414
v 0.1451445076264157 0.06288202584440188 0.032200002292357414
v 0.15036646222014835 0.06089813140202742 0.032200002292357414
v 0.14930149024573677 0.06113422684170815 0.032200002292357414
v 0.1495094065153779 0.06211237630223025 0.032200002292357414
v 0.15166905932791683 0.06161378008714195 0.032200002292357414
v 0.15142713121583992 0.06064348508866284 0.032200002292357414
v 0.15036646222014835 0.06089813140202742 0.032200002292357414
v 0.15166905932791683 0.06161378008714195 0.032200002292357414
v 0.15274202690817693 0.06133629136546585 0.032200002292357414
v 0.15248320731580553 0.060370368010260786 0.032200002292357414
v 0.1538099896053868 0.06104012207039271 0.032200002292357414
v 0.15353435482666986 0.060078860275467647 0.032200002292357414
v 0.15248320731580553 0.060370368010260786 0.032200002292357414
v 0.15562058234275253 0.05944103523296555 0.032200002292357414
v 0.15458025331384737 0.059769049622324696 0.032200002292357414
v 0.15487261172617114 0.06072535612526635 0.032200002292357414
v 0.16172805028420886 0.05709659466140552 0.032200002292357414
v 0.1607277145433361 0.057531557908383525 0.032200002292357414
v 0.1611184463734183 0.058452059661089385 0.032200002292357414
v 0.16849689521020392 0.053572958629783986 0.032200002292357414
v 0.16901194040068288 0.0544301249607804 0.032200002292357414
v 0.16995688673462792 0.053851057703051576 0.032200002292357414
v 0.17304358732069144 0.05056356288748013 0.032200002292357414
v 0.17215554101386307 0.051197004842615836 0.032200002292357414
v 0.17272911892196594 0.05201615771355476 0.032200002292357414
v 0.17478585119738985 0.04925067372600015 0.032200002292357414
v 0.17392044893460576 0.04991472099875164 0.032200002292357414
v 0.17452227086260483 0.0507133584268216 0.032200002292357414
v 0.17712403185043965 0.04864382402676618 0.032200002292357414
v 0.1764812400718618 0.04787777937368179 0.032200002292357414
v 0.17563953470961732 0.048571623248190345 0.032200002292357414
v 0.17712403185043965 0.04864382402676618 0.032200002292357414
v 0.17796675955159988 0.04792405928310653 0.032200002292357414
v 0.1773107078846969 0.04716935191083407 0.032200002292357414
v 0.17972316832643107 0.044958738555103156 0.032200002292357414
v 0.17893190852322324 0.04570960834174412 0.032200002292357414
v 0.17961391539155433 0.04644096213624718 0.032200002292357414
v 0.18050118350010355 0.04419417781932558 0.032200002292357414
v 0.18120829107763467 0.04490128158215925 0.032200002292357414
v 0.18198508554812418 0.044110807606625474 0.032200002292357414
v 0.18349671281718824 0.042489793888274036 0.032200002292357414
v 0.18275356397817963 0.04182066543852339 0.032200002292357414
v 0.18201662546661443 0.042624899027747826 0.032200002292357414
v 0.18349671281718824 0.042489793888274036 0.032200002292357414
v 0.1842310725932794 0.04165975005612446 0.032200002292357414
v 0.18347635759161204 0.0410036907598266 0.032200002292357414
v 0.18418479268385465 0.04017422676168894 0.032200002292357414
v 0.18495084496633393 0.04081701472556934 0.032200002292357414
v 0.18565578579571526 0.03996184729603505 0.032200002292357414
v 0.18812186562476182 0.0349495599180716 0.032200002292357414
v 0.1889509061914829 0.03550875260210253 0.032200002292357414
v 0.1895626005564743 0.03458458111045284 0.032200002292357414
v 0.19097074271320122 0.030300603398429903 0.032200002292357414
v 0.19043360279511032 0.031250001484295374 0.032200002292357414
v 0.19129963066827568 0.0317500015080441 0.032200002292357414
v 0.19149123529163423 0.029341973744743143 0.032200002292357414
v 0.19237418516267363 0.02981144474482502 0.032200002292357414
v 0.19288593445455854 0.028828397212781205 0.032200002292357414
v 0.19574805617253327 0.01931356331053348 0.032200002292357414
v 0.1954019257849992 0.020348010075975656 0.032200002292357414
v 0.19634745195295616 0.020673579244271392 0.032200002292357414
v 0.1976587160533238 0.01192556247134103 0.032200002292357414
v 0.19744124778127586 0.012994481703935698 0.032200002292357414
v 0.19841938198300818 0.013202393205205007 0.032200002292357414
v 0.19846463955351717 0.006533029389739491 0.032200002292357414
v 0.199459161695481 0.006637557821828348 0.032200002292357414
v 0.19956537813119007 0.005534389758719008 0.032200002292357414
v 0.19872136869168772 0.003270997441206932 0.032200002292357414
v 0.19865476407426635 0.0043597800418257475 0.032200002292357414
v 0.19965233797418763 0.004429536076175358 0.032200002292357414
v 0.19976833529415033 0.0022161182025652606 0.032200002292357414
v 0.19876894559824437 0.002181218727717317 0.032200002292357414
v 0.19872136869168772 0.003270997441206932 0.032200002292357414
v 0.19976833529415033 0.0022161182025652606 0.032200002292357414
v 0.1997973422535359 0.0011082279016446518 0.032200002292357414
v 0.19879749479393632 0.00109077542240689 0.032200002292357414
v 0.19980701632626102 0.0 0.032200002292357414
v 0.19880701627876357 0.0 0.032200002292357414
v 0.19879749479393632 0.00109077542240689 0.032200002292357414
v 0.19980701632626102 0.0 0.032200002292357414
v 0.1997973422535359 -0.0011082279016446518 0.032200002292357414
v 0.19879749479393632 -0.00109077542240689 0.032200002292357414
v 0.19846463955351717 -0.006533029389739491 0.032200002292357414
v 0.199459161695481 -0.006637557821828348 0.032200002292357414
v 0.1993337039258502 -0.007738703618453696 0.032200002292357414
v 0.19574805617253327 -0.01931356331053348 0.032200002292357414
v 0.19607605911780007 -0.01827323237427959 0.032200002292357414
v 0.19703237325013662 -0.018565604138044433 0.032200002292357414
v 0.19383857121855635 -0.02442069741846577 0.032200002292357414
v 0.19425600593076625 -0.023412913480828093 0.032200002292357414
v 0.19518319103339893 -0.023787520584802616 0.032200002292357414
v 0.1898799681252594 -0.032189881900031046 0.032200002292357414
v 0.19073714590034815 -0.03270491946111511 0.032200002292357414
v 0.19015807482792188 -0.033649873424455044 0.032200002292357414
v 0.18767958960277828 -0.03732436548130826 0.032200002292357414
v 0.18687058382704788 -0.03673658163991347 0.032200002292357414
v 0.18750402196748614 -0.0358485277036902 0.032200002292357414
v 0.185557687036173 -0.038478845516611876 0.032200002292357414
v 0.1862217343089245 -0.03761343943913034 0.032200002292357414
v 0.18702036410759956 -0.038215257552431964 0.032200002292357414
v 0.17478585119738985 -0.04925067372600015 0.032200002292357414
v 0.17540151284772595 -0.05003868340698329 0.032200002292357414
v 0.17452227086260483 -0.0507133584268216 0.032200002292357414
v 0.16849689521020392 -0.053572958629783986 0.032200002292357414
v 0.16901194040068288 -0.0544301249607804 0.032200002292357414
v 0.16805701481821697 -0.054992617358102826 0.032200002292357414
v 0.1627206498186595 -0.056644240208767495 0.032200002292357414
v 0.16314327251939706 -0.05755054747227376 0.032200002292357414
v 0.1621347885847779 -0.058010138405968394 0.032200002292357414
v 0.15142713121583992 -0.06064348508866284 0.032200002292357414
v 0.15166905932791683 -0.06161378008714195 0.032200002292357414
v 0.15059140729919204 -0.06187250049737973 0.032200002292357414
v 0.14823258150356008 -0.06135170274315098 0.032200002292357414
v 0.1484233926698497 -0.06233332739304713 0.032200002292357414
v 0.1473336709384032 -0.06253529654936867 0.032200002292357414
v 0.14066680050455635 -0.06234775457879098 0.032200002292357414
v 0.14175424867632455 -0.06226217184157172 0.032200002292357414
v 0.14184140688358934 -0.06325836482101725 0.032200002292357414
v 0.13963034720825715 -0.06341297832323405 0.032200002292357414
v 0.13957800955928687 -0.06241434775212 0.032200002292357414
v 0.14066680050455635 -0.06234775457879098 0.032200002292357414
v 0.13739778789811471 -0.06249048529846095 0.032200002292357414
v 0.13848822679268122 -0.062461928473374104 0.032200002292357414
v 0.13852313890371445 -0.06346132198397751 0.032200002292357414
v 0.13852313890371445 0.06346132198397751 0.032200002292357414
v 0.13848822679268122 0.062461928473374104 0.032200002292357414
v 0.13739778789811471 0.06249048529846095 0.032200002292357414
v 0.14066680050455635 0.06234775457879098 0.032200002292357414
v 0.13957800955928687 0.06241434775212 0.032200002292357414
v 0.13963034720825715 0.06341297832323405 0.032200002292357414
v 0.14823258150356008 0.06135170274315098 0.032200002292357414
v 0.1484233926698497 0.06233332739304713 0.032200002292357414
v 0.1495094065153779 0.06211237630223025 0.032200002292357414
v 0.15248320731580553 0.060370368010260786 0.032200002292357414
v 0.15142713121583992 0.06064348508866284 0.032200002292357414
v 0.15166905932791683 0.06161378008714195 0.032200002292357414
v 0.15458025331384737 0.059769049622324696 0.032200002292357414
v 0.15353435482666986 0.060078860275467647 0.032200002292357414
v 0.1538099896053868 0.06104012207039271 0.032200002292357414
v 0.1559295880947342 0.06039209271222039 0.032200002292357414
v 0.15698059827649044 0.06004043101338845 0.032200002292357414
v 0.1566550214787998 0.059094912474826386 0.032200002292357414
v 0.1627206498186595 0.056644240208767495 0.032200002292357414
v 0.16314327251939706 0.05755054747227376 0.032200002292357414
v 0.16414357774269026 0.05707342418911358 0.032200002292357414
v 0.17392044893460576 0.04991472099875164 0.032200002292357414
v 0.17304358732069144 0.05056356288748013 0.032200002292357414
v 0.17363138642087603 0.05137258010730287 0.032200002292357414
v 0.1773107078846969 0.04716935191083407 0.032200002292357414
v 0.1764812400718618 0.04787777937368179 0.032200002292357414
v 0.17712403185043965 0.04864382402676618 0.032200002292357414
v 0.17972316832643107 0.044958738555103156 0.032200002292357414
v 0.18041782473149579 0.045678079867346205 0.032200002292357414
v 0.18120829107763467 0.04490128158215925 0.032200002292357414
v 0.18347635759161204 0.0410036907598266 0.032200002292357414
v 0.18275356397817963 0.04182066543852339 0.032200002292357414
v 0.18349671281718824 0.042489793888274036 0.032200002292357414
v 0.1862217343089245 0.03761343943913034 0.032200002292357414
v 0.18702036410759956 0.038215257552431964 0.032200002292357414
v 0.18767958960277828 0.03732436548130826 0.032200002292357414
v 0.19097074271320122 0.030300603398429903 0.032200002292357414
v 0.1918453612850168 0.030785413296945417 0.032200002292357414
v 0.19237418516267363 0.02981144474482502 0.032200002292357414
v 0.19574805617253327 0.01931356331053348 0.032200002292357414
v 0.1966991060223932 0.019622580506607493 0.032200002292357414
v 0.19703237325013662 0.018565604138044433 0.032200002292357414
v 0.19856919278113944 0.005447234412477301 0.032200002292357414
v 0.19956537813119007 0.005534389758719008 0.032200002292357414
v 0.19965233797418763 0.004429536076175358 0.032200002292357414
v 0.19879749479393632 0.00109077542240689 0.032200002292357414
v 0.19876894559824437 0.002181218727717317 0.032200002292357414
v 0.19976833529415033 0.0022161182025652606 0.032200002292357414
v 0.19879749479393632 -0.00109077542240689 0.032200002292357414
v 0.19880701627876357 0.0 0.032200002292357414
v 0.19980701632626102 0.0 0.032200002292357414
v 0.19819877040026407 -0.008698318894593276 0.032200002292357414
v 0.19918903533987725 -0.008837492408894093 0.032200002292357414
v 0.19902523223151108 -0.009933589453448584 0.032200002292357414
v 0.19383857121855635 -0.02442069741846577 0.032200002292357414
v 0.19475907297126221 -0.02481142734119925 0.032200002292357414
v 0.19431714790144378 -0.025827777181953743 0.032200002292357414
v 0.1862217343089245 -0.03761343943913034 0.032200002292357414
v 0.18687058382704788 -0.03673658163991347 0.032200002292357414
v 0.18767958960277828 -0.03732436548130826 0.032200002292357414
v 0.18565578579571526 -0.03996184729603505 0.032200002292357414
v 0.18487864037306065 -0.039332525214141906 0.032200002292357414
v 0.185557687036173 -0.038478845516611876 0.032200002292357414
v 0.18565578579571526 -0.03996184729603505 0.032200002292357414
v 0.18495084496633393 -0.04081701472556934 0.032200002292357414
v 0.18418479268385465 -0.04017422676168894 0.032200002292357414
v 0.18041782473149579 -0.045678079867346205 0.032200002292357414
v 0.17972316832643107 -0.044958738555103156 0.032200002292357414
v 0.18050118350010355 -0.04419417781932558 0.032200002292357414
v 0.18041782473149579 -0.045678079867346205 0.032200002292357414
v 0.17961391539155433 -0.04644096213624718 0.032200002292357414
v 0.17893190852322324 -0.04570960834174412 0.032200002292357414
v 0.1787968071984469 -0.047189699507015376 0.032200002292357414
v 0.17812767874869626 -0.04644655448270421 0.032200002292357414
v 0.17893190852322324 -0.04570960834174412 0.032200002292357414
v 0.1787968071984469 -0.047189699507015376 0.032200002292357414
v 0.17796675955159988 -0.04792405928310653 0.032200002292357414
v 0.1773107078846969 -0.04716935191083407 0.032200002292357414
v 0.17215554101386307 -0.051197004842615836 0.032200002292357414
v 0.17304358732069144 -0.05056356288748013 0.032200002292357414
v 0.17363138642087603 -0.05137258010730287 0.032200002292357414
v 0.15971993251304714 -0.05794899262059342 0.032200002292357414
v 0.16009453580232422 -0.058876177723226106 0.032200002292357414
v 0.1590633773060812 -0.0592823590779679 0.032200002292357414
v 0.14284004889879573 -0.062157622428646905 0.032200002292357414
v 0.14294457160883842 -0.06315214457061073 0.032200002292357414
v 0.14184140688358934 -0.06325836482101725 0.032200002292357414
v 0.13957800955928687 -0.06241434775212 0.032200002292357414
v 0.13963034720825715 -0.06341297832323405 0.032200002292357414
v 0.13852313890371445 -0.06346132198397751 0.032200002292357414
v 0.13848822679268122 0.062461928473374104 0.032200002292357414
v 0.13852313890371445 0.06346132198397751 0.032200002292357414
v 0.13963034720825715 0.06341297832323405 0.032200002292357414
v 0.15036646222014835 0.06089813140202742 0.032200002292357414
v 0.15059140729919204 0.06187250049737973 0.032200002292357414
v 0.15166905932791683 0.06161378008714195 0.032200002292357414
v 0.1566550214787998 0.059094912474826386 0.032200002292357414
v 0.15562058234275253 0.05944103523296555 0.032200002292357414
v 0.1559295880947342 0.06039209271222039 0.032200002292357414
v 0.17125656941354703 0.05181485231458897 0.032200002292357414
v 0.1718157582828805 0.05264388906661258 0.032200002292357414
v 0.17272911892196594 0.05201615771355476 0.032200002292357414
v 0.1773107078846969 0.04716935191083407 0.032200002292357414
v 0.17796675955159988 0.04792405928310653 0.032200002292357414
v 0.1787968071984469 0.047189699507015376 0.032200002292357414
v 0.18347635759161204 0.0410036907598266 0.032200002292357414
v 0.1842310725932794 0.04165975005612446 0.032200002292357414
v 0.18495084496633393 0.04081701472556934 0.032200002292357414
v 0.19503780528430598 0.021376259865415484 0.032200002292357414
v 0.1959775025945642 0.021718279916450603 0.032200002292357414
v 0.19634745195295616 0.020673579244271392 0.032200002292357414
v 0.19872136869168772 0.003270997441206932 0.032200002292357414
v 0.19971999544810431 0.003323333421247079 0.032200002292357414
v 0.19976833529415033 0.0022161182025652606 0.032200002292357414
v 0.19879749479393632 -0.00109077542240689 0.032200002292357414
v 0.1997973422535359 -0.0011082279016446518 0.032200002292357414
v 0.19976833529415033 -0.0022161182025652606 0.032200002292357414
v 0.18750402196748614 -0.0358485277036902 0.032200002292357414
v 0.18832317483842506 -0.036422105611793064 0.032200002292357414
v 0.18767958960277828 -0.03732436548130826 0.032200002292357414
v 0.18418479268385465 -0.04017422676168894 0.032200002292357414
v 0.18487864037306065 -0.039332525214141906 0.032200002292357414
v 0.18565578579571526 -0.03996184729603505 0.032200002292357414
v 0.18495084496633393 -0.04081701472556934 0.032200002292357414
v 0.1842310725932794 -0.04165975005612446 0.032200002292357414
v 0.18347635759161204 -0.0410036907598266 0.032200002292357414
v 0.18349671281718824 -0.042489793888274036 0.032200002292357414
v 0.18275356397817963 -0.04182066543852339 0.032200002292357414
v 0.18347635759161204 -0.0410036907598266 0.032200002292357414
v 0.18349671281718824 -0.042489793888274036 0.032200002292357414
v 0.1827479792611175 -0.04330689826668402 0.032200002292357414
v 0.18201662546661443 -0.042624899027747826 0.032200002292357414
v 0.18198508554812418 -0.044110807606625474 0.032200002292357414
v 0.18126575567997347 -0.043416151201560754 0.032200002292357414
v 0.18201662546661443 -0.042624899027747826 0.032200002292357414
v 0.18198508554812418 -0.044110807606625474 0.032200002292357414
v 0.18120829107763467 -0.04490128158215925 0.032200002292357414
v 0.18050118350010355 -0.04419417781932558 0.032200002292357414
v 0.17893190852322324 -0.04570960834174412 0.032200002292357414
v 0.17972316832643107 -0.044958738555103156 0.032200002292357414
v 0.18041782473149579 -0.045678079867346205 0.032200002292357414
v 0.1773107078846969 -0.04716935191083407 0.032200002292357414
v 0.17812767874869626 -0.04644655448270421 0.032200002292357414
v 0.1787968071984469 -0.047189699507015376 0.032200002292357414
v 0.1656489946843109 -0.055184225796158816 0.032200002292357414
v 0.16611846186969534 -0.056067175667198245 0.032200002292357414
v 0.16513541433765153 -0.05657891732968826 0.032200002292357414
v 0.14066680050455635 -0.06234775457879098 0.032200002292357414
v 0.14073654843267389 -0.06334532084931736 0.032200002292357414
v 0.13963034720825715 -0.06341297832323405 0.032200002292357414
v 0.1363070133101729 -0.0635000030160882 0.032200002292357414
v 0.08830199851785013 -0.0635000030160882 0.032200002292357414
v 0.10111018851829631 -0.06250000296859075 0.032200002292357414
v 0.1363070133101729 0.0635000030160882 0.032200002292357414
v 0.1363070133101729 0.06250000296859075 0.032200002292357414
v 0.10111018851829631 0.06250000296859075 0.032200002292357414
v 0.14066680050455635 0.06234775457879098 0.032200002292357414
v 0.14073654843267389 0.06334532084931736 0.032200002292357414
v 0.14184140688358934 0.06325836482101725 0.032200002292357414
v 0.1566550214787998 0.059094912474826386 0.032200002292357414
v 0.15698059827649044 0.06004043101338845 0.032200002292357414
v 0.15802529131927476 0.05967048546969393 0.032200002292357414
v 0.18201662546661443 0.042624899027747826 0.032200002292357414
v 0.1827479792611175 0.04330689826668402 0.032200002292357414
v 0.18349671281718824 0.042489793888274036 0.032200002292357414
v 0.1976587160533238 0.01192556247134103 0.032200002292357414
v 0.1986403445179174 0.012116371730281914 0.032200002292357414
v 0.1988423098595415 0.011026659535579027 0.032200002292357414
v 0.1946557862231923 -0.0223979979663136 0.032200002292357414
v 0.19558938001753562 -0.02275636590325704 0.032200002292357414
v 0.19518319103339893 -0.023787520584802616 0.032200002292357414
v 0.18347635759161204 -0.0410036907598266 0.032200002292357414
v 0.18418479268385465 -0.04017422676168894 0.032200002292357414
v 0.18495084496633393 -0.04081701472556934 0.032200002292357414
v 0.18201662546661443 -0.042624899027747826 0.032200002292357414
v 0.18275356397817963 -0.04182066543852339 0.032200002292357414
v 0.18349671281718824 -0.042489793888274036 0.032200002292357414
v 0.18050118350010355 -0.04419417781932558 0.032200002292357414
v 0.18126575567997347 -0.043416151201560754 0.032200002292357414
v 0.18198508554812418 -0.044110807606625474 0.032200002292357414
v 0.17893190852322324 -0.04570960834174412 0.032200002292357414
v 0.17961391539155433 -0.04644096213624718 0.032200002292357414
v 0.1787968071984469 -0.047189699507015376 0.032200002292357414
v 0.14823258150356008 -0.06135170274315098 0.032200002292357414
v 0.14930149024573677 -0.06113422684170815 0.032200002292357414
v 0.1495094065153779 -0.06211237630223025 0.032200002292357414
v 0.1363070133101729 -0.0635000030160882 0.032200002292357414
v 0.1363070133101729 -0.06250000296859075 0.032200002292357414
v 0.13739778789811471 -0.06249048529846095 0.032200002292357414
v 0.08830199851785013 -0.0635000030160882 0.032200002292357414
v 0.08830199851785013 -0.06271230995499315 0.032200002292357414
v 0.10111018851829631 -0.06250000296859075 0.032200002292357414
v 0.10111018851829631 0.06250000296859075 0.032200002292357414
v 0.08830199851785013 0.0635000030160882 0.032200002292357414
v 0.1363070133101729 0.0635000030160882 0.032200002292357414
v 0.1363070133101729 0.0635000030160882 0.032200002292357414
v 0.13741524395363133 0.06349033275806053 0.032200002292357414
v 0.13739778789811471 0.06249048529846095 0.032200002292357414
v 0.15248320731580553 0.060370368010260786 0.032200002292357414
v 0.15274202690817693 0.06133629136546585 0.032200002292357414
v 0.1538099896053868 0.06104012207039271 0.032200002292357414
v 0.1893100218091259 0.03311995472863096 0.032200002292357414
v 0.19015807482792188 0.033649873424455044 0.032200002292357414
v 0.19073714590034815 0.03270491946111511 0.032200002292357414
v 0.185557687036173 -0.038478845516611876 0.032200002292357414
v 0.18634569671715615 -0.039094507166947984 0.032200002292357414
v 0.18565578579571526 -0.03996184729603505 0.032200002292357414
v 0.18201662546661443 -0.042624899027747826 0.032200002292357414
v 0.1827479792611175 -0.04330689826668402 0.032200002292357414
v 0.18198508554812418 -0.044110807606625474 0.032200002292357414
v 0.1773107078846969 -0.04716935191083407 0.032200002292357414
v 0.17796675955159988 -0.04792405928310653 0.032200002292357414
v 0.17712403185043965 -0.04864382402676618 0.032200002292357414
v 0.10111018851829631 -0.06250000296859075 0.032200002292357414
v 0.1363070133101729 -0.06250000296859075 0.032200002292357414
v 0.1363070133101729 -0.0635000030160882 0.032200002292357414
v 0.13739778789811471 0.06249048529846095 0.032200002292357414
v 0.1363070133101729 0.06250000296859075 0.032200002292357414
v 0.1363070133101729 0.0635000030160882 0.032200002292357414
v 0.17563953470961732 0.048571623248190345 0.032200002292357414
v 0.17626885297681302 0.049348772485542404 0.032200002292357414
v 0.17712403185043965 0.04864382402676618 0.032200002292357414
v 0.18347635759161204 -0.0410036907598266 0.032200002292357414
v 0.1842310725932794 -0.04165975005612446 0.032200002292357414
v 0.18349671281718824 -0.042489793888274036 0.032200002292357414
v 0.13739778789811471 -0.06249048529846095 0.032200002292357414
v 0.13741524395363133 -0.06349033275806053 0.032200002292357414
v 0.1363070133101729 -0.0635000030160882 0.032200002292357414
v 0.13739778789811471 0.06249048529846095 0.032200002292357414
v 0.13741524395363133 0.06349033275806053 0.032200002292357414
v 0.13852313890371445 0.06346132198397751 0.032200002292357414
v 0.18050118350010355 -0.04419417781932558 0.032200002292357414
v 0.18120829107763467 -0.04490128158215925 0.032200002292357414
v 0.18041782473149579 -0.045678079867346205 0.032200002292357414
v 0.19879749479393632 0.00109077542240689 0.032200002292357414
v 0.1997973422535359 0.0011082279016446518 0.032200002292357414
v 0.19980701632626102 0.0 0.032200002292357414
v 0.10111018851829631 0.06250000296859075 0.032200002292357414
v 0.08830199851785013 0.06271230995499315 0.032200002292357414
v 0.08830199851785013 0.0635000030160882 0.032200002292357414
v 0.08830199851785013 0.06250000296859075 0.03240315781958491
v 0.08830199851785013 0.06271230995499315 0.032200002292357414
v 0.10111018851829631 0.06250000296859075 0.032200002292357414
v 0.06380700986660769 0.0635000030160882 0.08236352930268252
v 0.1363070133101729 0.0635000030160882 0.08236352930268252
v 0.08830199851785013 0.0635000030160882 0.033200002339854866
v 0.1363070133101729 0.0635000030160882 0.032200002292357414
v 0.08830199851785013 0.0635000030160882 0.032200002292357414
v 0.08830199851785013 0.0635000030160882 0.033200002339854866
v 0.08830199851785013 0.0635000030160882 0.033200002339854866
v 0.1363070133101729 0.0635000030160882 0.08236352930268252
v 0.1363070133101729 0.0635000030160882 0.032200002292357414
v 0.08830199851785013 0.0635000030160882 0.033200002339854866
v 0.06380700986660769 0.0635000030160882 0.033200002339854866
v 0.06380700986660769 0.0635000030160882 0.08236352930268252
v 0.08830199851785013 0.0635000030160882 0.033200002339854866
v 0.08830199851785013 0.06271230995499315 0.032200002292357414
v 0.08830199851785013 0.06250000296859075 0.03240315781958491
v 0.08830199851785013 0.0635000030160882 0.033200002339854866
v 0.08830199851785013 0.0635000030160882 0.032200002292357414
v 0.08830199851785013 0.06271230995499315 0.032200002292357414
v 0.08830199851785013 0.06250000296859075 0.03240315781958491
v 0.08830199851785013 0.06250000296859075 0.033200002339854866
v 0.08830199851785013 0.0635000030160882 0.033200002339854866
v 0.05930593009349171 0.06334027781929268 0.08235187158728506
v 0.05913107580662212 0.06332760920907181 0.037016061633656776
v 0.05880700962912043 0.06330284800794454 0.037488355509849296
v 0.05880700962912043 0.06330284800794454 0.037488355509849296
v 0.05880700962912043 0.06330284800794454 0.08234914026391314
v 0.05930593009349171 0.06334027781929268 0.08235187158728506
v 0.05972976586801736 0.06336927714928335 0.036141660499595656
v 0.05913107580662212 0.06332760920907181 0.037016061633656776
v 0.05980551812991618 0.06337379756575783 0.08235431299365102
v 0.06030493450495554 0.06340335765627318 0.08235647211240592
v 0.06018417262788177 0.0633965713095153 0.0354811608954697
v 0.05972976586801736 0.06336927714928335 0.036141660499595656
v 0.05972976586801736 0.06336927714928335 0.036141660499595656
v 0.05980551812991618 0.06337379756575783 0.08235431299365102
v 0.06030493450495554 0.06340335765627318 0.08235647211240592
v 0.06080502226674554 0.06342900386720811 0.08235834131415486
v 0.060711333297451806 0.06342449870952342 0.034712762574060634
v 0.06018417262788177 0.0633965713095153 0.0354811608954697
v 0.06130480866743725 0.06345068279279835 0.08235992822829273
v 0.06123888306616142 0.06344805065156005 0.03394376915984986
v 0.060711333297451806 0.06342449870952342 0.034712762574060634
v 0.060711333297451806 0.06342449870952342 0.034712762574060634
v 0.06080502226674554 0.06342900386720811 0.08235834131415486
v 0.06130480866743725 0.06345068279279835 0.08235992822829273
v 0.06180527026957704 0.06346844402411071 0.033200002339854866
v 0.05880729954612639 0.06339945903548254 0.03320013966896295
v 0.06123888306616142 0.06344805065156005 0.03394376915984986
v 0.06123888306616142 0.06344805065156005 0.03394376915984986
v 0.06180527026957704 0.06346844402411071 0.08236122522542465
v 0.06180527026957704 0.06346844402411071 0.033200002339854866
v 0.06180527026957704 0.06346844402411071 0.033200002339854866
v 0.06180527026957704 0.06346844402411071 0.08236122522542465
v 0.06230530844030023 0.06348224559947328 0.0823622323055506
v 0.06230530844030023 0.06348224559947328 0.0823622323055506
v 0.06280601418307662 0.06349211422176819 0.033200002339854866
v 0.06180527026957704 0.06346844402411071 0.033200002339854866
v 0.06280601418307662 0.06349211422176819 0.033200002339854866
v 0.06280601418307662 0.06349211422176819 0.08236294946867061
v 0.06330617442411811 0.06349802700281075 0.08236338434417954
v 0.06330617442411811 0.06349802700281075 0.08236338434417954
v 0.06380700986660769 0.0635000030160882 0.033200002339854866
v 0.06280601418307662 0.06349211422176819 0.033200002339854866
v 0.06330617442411811 0.06349802700281075 0.08236338434417954
v 0.06380700986660769 0.0635000030160882 0.08236352930268252
v 0.06380700986660769 0.0635000030160882 0.033200002339854866
v 0.06230530844030023 0.06348224559947328 0.0823622323055506
v 0.06280601418307662 0.06349211422176819 0.08236294946867061
v 0.06280601418307662 0.06349211422176819 0.033200002339854866
v 0.06130480866743725 0.06345068279279835 0.08235992822829273
v 0.06180527026957704 0.06346844402411071 0.08236122522542465
v 0.06123888306616142 0.06344805065156005 0.03394376915984986
v 0.06030493450495554 0.06340335765627318 0.08235647211240592
v 0.06080502226674554 0.06342900386720811 0.08235834131415486
v 0.06018417262788177 0.0633965713095153 0.0354811608954697
v 0.05930593009349171 0.06334027781929268 0.08235187158728506
v 0.05980551812991618 0.06337379756575783 0.08235431299365102
v 0.05913107580662212 0.06332760920907181 0.037016061633656776
v 0.058807085923069366 0.06333327022008288 0.035330632934218446
v 0.060711333297451806 0.06342449870952342 0.034712762574060634
v 0.06123888306616142 0.06344805065156005 0.03394376915984986
v 0.058807085923069366 0.06333327022008288 0.035330632934218446
v 0.06018417262788177 0.0633965713095153 0.0354811608954697
v 0.060711333297451806 0.06342449870952342 0.034712762574060634
v 0.058807085923069366 0.06333327022008288 0.035330632934218446
v 0.05913107580662212 0.06332760920907181 0.037016061633656776
v 0.05972976586801736 0.06336927714928335 0.036141660499595656
v 0.058807085923069366 0.06333327022008288 0.035330632934218446
v 0.05880700962912043 0.06330284800794454 0.037488355509849296
v 0.05913107580662212 0.06332760920907181 0.037016061633656776
v 0.05972976586801736 0.06336927714928335 0.036141660499595656
v 0.06018417262788177 0.0633965713095153 0.0354811608954697
v 0.058807085923069366 0.06333327022008288 0.035330632934218446
v 0.06123888306616142 0.06344805065156005 0.03394376915984986
v 0.05880729954612639 0.06339945903548254 0.03320013966896295
v 0.058807085923069366 0.06333327022008288 0.035330632934218446
v 0.05880702107321277 -0.05968216988797352 0.08503050635806807
v 0.058807040146700004 -0.055164713618718365 0.0880273021547051
v 0.05880701344381788 -0.054465880119949385 0.08727942309086244
v 0.05880701344381788 -0.054465880119949385 0.08727942309086244
v 0.058807063034884685 -0.05888537877346782 0.08436748142423232
v 0.05880702107321277 -0.05968216988797352 0.08503050635806807
v 0.05880700962912043 -0.05123441176577929 0.08920000118501469
v 0.05880701344381788 -0.054465880119949385 0.08727942309086244
v 0.058807040146700004 -0.055164713618718365 0.0880273021547051
v 0.058807040146700004 -0.055164713618718365 0.0880273021547051
v 0.05880700962912043 -0.05150330215941027 0.09020000123251214
v 0.05880700962912043 -0.05123441176577929 0.08920000118501469
v 0.05880700962912043 0.061307967236923264 0.08384875886541464
v 0.05880700962912043 0.062299681761566236 0.08185570151977294
v 0.05880736439598298 0.06020928859587164 0.0834246636914626
v 0.05880700962912043 -0.062299681761566236 0.08185570151977294
v 0.05880700962912043 -0.06330284800794454 0.08234914026391314
v 0.05880702107321277 -0.05968216988797352 0.08503050635806807
v 0.05880700962912043 0.05123441176577929 0.08920000118501469
v 0.05880700962912043 0.05150330215941027 0.09020000123251214
v 0.05880701725851532 0.05422390623150312 0.08860312310490669
v 0.05880701725851532 0.05422390623150312 0.08860312310490669
v 0.05880702107321277 0.05761844145743215 0.08522938942415513
v 0.0588070477760949 0.05358285395496102 0.08782024800668696
v 0.05880700962912043 0.061307967236923264 0.08384875886541464
v 0.05880736439598298 0.06020928859587164 0.0834246636914626
v 0.05880702107321277 0.05761844145743215 0.08522938942415513
v 0.05880805485622086 -0.0633944198201553 0.033200555470984654
v 0.05880701344381788 -0.06233842764353352 0.03515947890387227
v 0.05881162922772852 -0.0623829260892506 0.03320070042948763
v 0.05880702107321277 0.05761844145743215 0.08522938942415513
v 0.05880701725851532 0.05422390623150312 0.08860312310490669
v 0.05880703633200256 0.05843818942117277 0.08588159587603171
v 0.05880702107321277 0.05761844145743215 0.08522938942415513
v 0.05880703633200256 0.05843818942117277 0.08588159587603171
v 0.05880700962912043 0.061307967236923264 0.08384875886541464
v 0.05880700962912043 0.061307967236923264 0.08384875886541464
v 0.05880700962912043 0.06330284800794454 0.08234914026391314
v 0.05880700962912043 0.062299681761566236 0.08185570151977294
v 0.05880700962912043 -0.06330284800794454 0.037488355509849296
v 0.05880700962912043 -0.06330284800794454 0.08234914026391314
v 0.05880700962912043 -0.062299681761566236 0.08185570151977294
v 0.05880701344381788 -0.06233842764353352 0.03515947890387227
v 0.05880701344381788 -0.0633258239306667 0.035446599736601574
v 0.05880700962912043 -0.06330284800794454 0.037488355509849296
v 0.05880700962912043 -0.06330284800794454 0.037488355509849296
v 0.05880700962912043 -0.062299681761566236 0.037604944107916254
v 0.05880701344381788 -0.06233842764353352 0.03515947890387227
v 0.05880701344381788 -0.06233842764353352 0.03515947890387227
v 0.05880805485622086 -0.0633944198201553 0.033200555470984654
v 0.05880701344381788 -0.0633258239306667 0.035446599736601574
v 0.05880700962912043 0.05150330215941027 0.09020000123251214
v 0.05880700962912043 0.05123441176577929 0.08920000118501469
v 0.05880700962912043 -0.05123441176577929 0.08920000118501469
v 0.05880727665794171 0.06239494238620806 0.03320028844216338
v 0.05880700962912043 0.062299681761566236 0.037604944107916254
v 0.05880700962912043 0.06330284800794454 0.037488355509849296
v 0.05880700962912043 0.06330284800794454 0.037488355509849296
v 0.05880700962912043 0.062299681761566236 0.037604944107916254
v 0.05880700962912043 0.062299681761566236 0.08185570151977294
v 0.05880700962912043 -0.05123441176577929 0.08920000118501469
v 0.05880700962912043 -0.05150330215941027 0.09020000123251214
v 0.05880700962912043 0.05150330215941027 0.09020000123251214
v 0.058807085923069366 0.06333327022008288 0.035330632934218446
v 0.05880729954612639 0.06339945903548254 0.03320013966896295
v 0.05880727665794171 0.06239494238620806 0.03320028844216338
v 0.05880700962912043 0.062299681761566236 0.08185570151977294
v 0.05880700962912043 0.06330284800794454 0.08234914026391314
v 0.05880700962912043 0.06330284800794454 0.037488355509849296
v 0.05880701725851532 0.05422390623150312 0.08860312310490669
v 0.0588070477760949 0.05358285395496102 0.08782024800668696
v 0.05880700962912043 0.05123441176577929 0.08920000118501469
v 0.05880700962912043 0.06330284800794454 0.037488355509849296
v 0.058807085923069366 0.06333327022008288 0.035330632934218446
v 0.05880727665794171 0.06239494238620806 0.03320028844216338
v 0.058807063034884685 -0.05888537877346782 0.08436748142423232
v 0.05880700962912043 -0.062299681761566236 0.08185570151977294
v 0.05880702107321277 -0.05968216988797352 0.08503050635806807
v 0.05880700962912043 -0.062299681761566236 0.08185570151977294
v 0.05880700962912043 -0.062299681761566236 0.037604944107916254
v 0.05880700962912043 -0.06330284800794454 0.037488355509849296
v 0.05880729954612639 0.06339945903548254 0.03320013966896295
v 0.061805213049115335 0.062467936621852835 0.033200002339854866
v 0.05880727665794171 0.06239494238620806 0.03320028844216338
v 0.06180527026957704 0.06346844402411071 0.033200002339854866
v 0.06280601418307662 0.06349211422176819 0.033200002339854866
v 0.06280598366549704 0.062491984474557546 0.033200002339854866
v 0.061805213049115335 0.062467936621852835 0.033200002339854866
v 0.05880729954612639 0.06339945903548254 0.03320013966896295
v 0.06180527026957704 0.06346844402411071 0.033200002339854866
v 0.06280601418307662 0.06349211422176819 0.033200002339854866
v 0.06380700986660769 0.0635000030160882 0.033200002339854866
v 0.06380700986660769 0.06250000296859075 0.033200002339854866
v 0.08830199851785013 0.0635000030160882 0.033200002339854866
v 0.08830199851785013 0.06250000296859075 0.033200002339854866
v 0.06380700986660769 0.06250000296859075 0.033200002339854866
v 0.06280598366549704 0.062491984474557546 0.033200002339854866
v 0.061805213049115335 0.062467936621852835 0.033200002339854866
v 0.06180527026957704 0.06346844402411071 0.033200002339854866
v 0.06380700986660769 0.06250000296859075 0.033200002339854866
v 0.06380700986660769 0.0635000030160882 0.033200002339854866
v 0.08830199851785013 0.0635000030160882 0.033200002339854866
v 0.06380700986660769 0.06250000296859075 0.033200002339854866
v 0.06280598366549704 0.062491984474557546 0.033200002339854866
v 0.06280601418307662 0.06349211422176819 0.033200002339854866
v 0.06280598366549704 0.062491984474557546 0.033200002339854866
v 0.06380700986660769 0.06250000296859075 0.033200002339854866
v 0.06330615535063087 0.062497996437733724 0.08187018211128104
v 0.06380700986660769 0.06250000296859075 0.033200002339854866
v 0.06380700986660769 0.06250000296859075 0.08187032706978402
v 0.06330615535063087 0.062497996437733724 0.08187018211128104
v 0.061805213049115335 0.062467936621852835 0.033200002339854866
v 0.06280598366549704 0.062491984474557546 0.033200002339854866
v 0.06230525884923342 0.06248195944966732 0.08186900718446742
v 0.06280598366549704 0.062491984474557546 0.033200002339854866
v 0.06280598366549704 0.062491984474557546 0.08186973960637721
v 0.06230525884923342 0.06248195944966732 0.08186900718446742
v 0.05930589957591213 0.062337714295110966 0.08185847099011932
v 0.05880700962912043 0.062299681761566236 0.08185570151977294
v 0.05880700962912043 0.062299681761566236 0.037604944107916254
v 0.059211050938594564 0.062330790619245 0.03700667366324017
v 0.05980546853884937 0.062371771913916116 0.08186095817285464
v 0.05930589957591213 0.062337714295110966 0.08185847099011932
v 0.05880700962912043 0.062299681761566236 0.037604944107916254
v 0.059211050938594564 0.062330790619245 0.03700667366324017
v 0.05930589957591213 0.062337714295110966 0.08185847099011932
v 0.06030487346979639 0.06240180502691488 0.08186315543858401
v 0.05980546853884937 0.062371771913916116 0.08186095817285464
v 0.05972793099854544 0.06236675177207611 0.036241285138116634
v 0.06024521923112312 0.06239842901967445 0.03547524811442714
v 0.06080495741688895 0.06242786322517406 0.08186505515791252
v 0.06030487346979639 0.06240180502691488 0.08186315543858401
v 0.05972793099854544 0.06236675177207611 0.036241285138116634
v 0.06024521923112312 0.06239842901967445 0.03547524811442714
v 0.06030487346979639 0.06240180502691488 0.08186315543858401
v 0.061805213049115335 0.062467936621852835 0.033200002339854866
v 0.061805213049115335 0.062467936621852835 0.08186798484555168
v 0.06128097443778956 0.06244893561387026 0.0339413277534839
v 0.06130474381758065 0.06244989310292941 0.08186666496023508
v 0.06080495741688895 0.06242786322517406 0.08186505515791252
v 0.060762904192235276 0.06242582617673746 0.03470858929505382
v 0.06128097443778956 0.06244893561387026 0.0339413277534839
v 0.061805213049115335 0.062467936621852835 0.08186798484555168
v 0.06130474381758065 0.06244989310292941 0.08186666496023508
v 0.060762904192235276 0.06242582617673746 0.03470858929505382
v 0.06128097443778956 0.06244893561387026 0.0339413277534839
v 0.06130474381758065 0.06244989310292941 0.08186666496023508
v 0.06128097443778956 0.06244893561387026 0.0339413277534839
v 0.05880727665794171 0.06239494238620806 0.03320028844216338
v 0.061805213049115335 0.062467936621852835 0.033200002339854866
v 0.06024521923112312 0.06239842901967445 0.03547524811442714
v 0.060762904192235276 0.06242582617673746 0.03470858929505382
v 0.06080495741688895 0.06242786322517406 0.08186505515791252
v 0.059211050938594564 0.062330790619245 0.03700667366324017
v 0.05972793099854544 0.06236675177207611 0.036241285138116634
v 0.05980546853884937 0.062371771913916116 0.08186095817285464
v 0.06230525884923342 0.06248195944966732 0.08186900718446742
v 0.061805213049115335 0.062467936621852835 0.08186798484555168
v 0.061805213049115335 0.062467936621852835 0.033200002339854866
v 0.06330615535063087 0.062497996437733724 0.08187018211128104
v 0.06280598366549704 0.062491984474557546 0.08186973960637721
v 0.06280598366549704 0.062491984474557546 0.033200002339854866
v 0.05970632455220669 0.0623844176359523 0.03430281611293883
v 0.05880727665794171 0.06239494238620806 0.03320028844216338
v 0.06128097443778956 0.06244893561387026 0.0339413277534839
v 0.05880727665794171 0.06239494238620806 0.03320028844216338
v 0.05970632455220669 0.0623844176359523 0.03430281611293883
v 0.05972793099854544 0.06236675177207611 0.036241285138116634
v 0.059211050938594564 0.062330790619245 0.03700667366324017
v 0.05880700962912043 0.062299681761566236 0.037604944107916254
v 0.05880727665794171 0.06239494238620806 0.03320028844216338
v 0.05972793099854544 0.06236675177207611 0.036241285138116634
v 0.059211050938594564 0.062330790619245 0.03700667366324017
v 0.05880727665794171 0.06239494238620806 0.03320028844216338
v 0.06024521923112312 0.06239842901967445 0.03547524811442714
v 0.05972793099854544 0.06236675177207611 0.036241285138116634
v 0.05970632455220669 0.0623844176359523 0.03430281611293883
v 0.060762904192235276 0.06242582617673746 0.03470858929505382
v 0.06024521923112312 0.06239842901967445 0.03547524811442714
v 0.05970632455220669 0.0623844176359523 0.03430281611293883
v 0.06128097443778956 0.06244893561387026 0.0339413277534839
v 0.060762904192235276 0.06242582617673746 0.03470858929505382
v 0.05970632455220669 0.0623844176359523 0.03430281611293883
v 0.08830199851785013 0.06250000296859075 0.033200002339854866
v 0.08830199851785013 0.06250000296859075 0.03240315781958491
v 0.10111018851829631 0.06250000296859075 0.032200002292357414
v 0.06380700986660769 0.06250000296859075 0.08187032706978402
v 0.0900000042747706 0.06250000296859075 0.040000001899898045
v 0.10441402168303246 0.06250000296859075 0.040000001899898045
v 0.06380700986660769 0.06250000296859075 0.033200002339854866
v 0.08970701262267065 0.06250000296859075 0.03629299336200819
v 0.08970701262267065 0.06250000296859075 0.039707010247798095
v 0.08830199851785013 0.06250000296859075 0.033200002339854866
v 0.0900000042747706 0.06250000296859075 0.03600000170990824
v 0.08970701262267065 0.06250000296859075 0.03629299336200819
v 0.10111018851829631 0.06250000296859075 0.032200002292357414
v 0.10441402168303246 0.06250000296859075 0.03600000170990824
v 0.08830199851785013 0.06250000296859075 0.033200002339854866
v 0.10441402168303246 0.06250000296859075 0.040000001899898045
v 0.1363070133101729 0.06250000296859075 0.08187032706978402
v 0.06380700986660769 0.06250000296859075 0.08187032706978402
v 0.08970701262267065 0.06250000296859075 0.03629299336200819
v 0.06380700986660769 0.06250000296859075 0.033200002339854866
v 0.08830199851785013 0.06250000296859075 0.033200002339854866
v 0.1363070133101729 0.06250000296859075 0.032200002292357414
v 0.10470701333513241 0.06250000296859075 0.03629299336200819
v 0.10441402168303246 0.06250000296859075 0.03600000170990824
v 0.1363070133101729 0.06250000296859075 0.032200002292357414
v 0.1363070133101729 0.06250000296859075 0.08187032706978402
v 0.10470701333513241 0.06250000296859075 0.039707010247798095
v 0.06380700986660769 0.06250000296859075 0.08187032706978402
v 0.08970701262267065 0.06250000296859075 0.039707010247798095
v 0.0900000042747706 0.06250000296859075 0.040000001899898045
v 0.08830199851785013 0.06250000296859075 0.033200002339854866
v 0.10441402168303246 0.06250000296859075 0.03600000170990824
v 0.0900000042747706 0.06250000296859075 0.03600000170990824
v 0.10470701333513241 0.06250000296859075 0.039707010247798095
v 0.10470701333513241 0.06250000296859075 0.03629299336200819
v 0.1363070133101729 0.06250000296859075 0.032200002292357414
v 0.08970701262267065 0.06250000296859075 0.039707010247798095
v 0.06380700986660769 0.06250000296859075 0.08187032706978402
v 0.06380700986660769 0.06250000296859075 0.033200002339854866
v 0.10441402168303246 0.06250000296859075 0.040000001899898045
v 0.10470701333513241 0.06250000296859075 0.039707010247798095
v 0.1363070133101729 0.06250000296859075 0.08187032706978402
v 0.10111018851829631 0.06250000296859075 0.032200002292357414
v 0.1363070133101729 0.06250000296859075 0.032200002292357414
v 0.10441402168303246 0.06250000296859075 0.03600000170990824
v 0.10470693704118347 0.05824418916781763 0.036293298537803935
v 0.10470701333513241 0.06250000296859075 0.03629299336200819
v 0.10470701333513241 0.06250000296859075 0.039707010247798095
v 0.10470701333513241 0.06250000296859075 0.039707010247798095
v 0.10470664712417752 0.058154257675509004 0.03970767400515384
v 0.10470693704118347 0.05824418916781763 0.036293298537803935
v 0.08970701262267065 0.06250000296859075 0.03629299336200819
v 0.08970716521056853 0.05826836672023553 0.03629300862079798
v 0.08970705839904002 0.05829799929000238 0.03970707891235214
v 0.08970705839904002 0.05829799929000238 0.03970707891235214
v 0.08970701262267065 0.06250000296859075 0.039707010247798095
v 0.08970701262267065 0.06250000296859075 0.03629299336200819
v 0.10470664712417752 0.058154257675509004 0.03970767400515384
v 0.10470701333513241 0.06250000296859075 0.039707010247798095
v 0.10441402168303246 0.06250000296859075 0.040000001899898045
v 0.10441402168303246 0.06250000296859075 0.040000001899898045
v 0.10440624732963585 0.05836150637309693 0.040000001899898045
v 0.10470664712417752 0.058154257675509004 0.03970767400515384
v 0.10470664712417752 0.058154257675509004 0.03970767400515384
v 0.10440624732963585 0.05836150637309693 0.040000001899898045
v 0.10431194037935573 0.05731050382073558 0.03999573706815251
v 0.10283388244782363 0.05649999886890859 0.03970701406249554
v 0.10431194037935573 0.05731050382073558 0.03999573706815251
v 0.10272907745016988 0.056792990521008536 0.040000001899898045
v 0.10431194037935573 0.05731050382073558 0.03999573706815251
v 0.10283388244782363 0.05649999886890859 0.03970701406249554
v 0.1037134219793456 0.056736452890149315 0.03969053456952531
v 0.08970705839904002 0.05829799929000238 0.03970707891235214
v 0.09001163910198338 0.057753142238976575 0.04000003241747762
v 0.0900000042747706 0.06250000296859075 0.040000001899898045
v 0.0900000042747706 0.06250000296859075 0.040000001899898045
v 0.08970701262267065 0.06250000296859075 0.039707010247798095
v 0.08970705839904002 0.05829799929000238 0.03970707891235214
v 0.09079414035985332 0.05669868738542586 0.03970064733245681
v 0.09134271674088977 0.05679308207374726 0.040000001899898045
v 0.09001163910198338 0.057753142238976575 0.04000003241747762
v 0.09001163910198338 0.057753142238976575 0.04000003241747762
v 0.08970705839904002 0.05829799929000238 0.03970707891235214
v 0.08996458862367439 0.05746614347656557 0.03969525335026702
v 0.09001163910198338 0.057753142238976575 0.04000003241747762
v 0.08996458862367439 0.05746614347656557 0.03969525335026702
v 0.09079414035985332 0.05669868738542586 0.03970064733245681
v 0.09134271674088977 0.05679308207374726 0.040000001899898045
v 0.09079414035985332 0.05669868738542586 0.03970064733245681
v 0.0915326657855564 0.05650000649830348 0.03970700643310065
v 0.10283388244782363 0.05649999886890859 0.03970701406249554
v 0.10272907745016988 0.056792990521008536 0.040000001899898045
v 0.09134271674088977 0.05679308207374726 0.040000001899898045
v 0.09134271674088977 0.05679308207374726 0.040000001899898045
v 0.0915326657855564 0.05650000649830348 0.03970700643310065
v 0.10283388244782363 0.05649999886890859 0.03970701406249554
v 0.10283388244782363 0.05649999886890859 0.03970701406249554
v 0.0915326657855564 0.05650000649830348 0.03970700643310065
v 0.09156528144872665 0.05650000268360603 0.036292985732613296
v 0.09156528144872665 0.05650000268360603 0.036292985732613296
v 0.10279856597886103 0.05649999886890859 0.03629300480610053
v 0.10283388244782363 0.05649999886890859 0.03970701406249554
v 0.10283388244782363 0.05649999886890859 0.03970701406249554
v 0.10279856597886103 0.05649999886890859 0.03629300480610053
v 0.10348552432447808 0.05663694269255174 0.036288533980692865
v 0.1037134219793456 0.056736452890149315 0.03969053456952531
v 0.10348552432447808 0.05663694269255174 0.036288533980692865
v 0.10434592170421195 0.05730114636789855 0.036305208023232886
v 0.10470664712417752 0.058154257675509004 0.03970767400515384
v 0.10434592170421195 0.05730114636789855 0.036305208023232886
v 0.10470693704118347 0.05824418916781763 0.036293298537803935
v 0.10434592170421195 0.05730114636789855 0.036305208023232886
v 0.10470664712417752 0.058154257675509004 0.03970767400515384
v 0.10431194037935573 0.05731050382073558 0.03999573706815251
v 0.10434592170421195 0.05730114636789855 0.036305208023232886
v 0.10431194037935573 0.05731050382073558 0.03999573706815251
v 0.1037134219793456 0.056736452890149315 0.03969053456952531
v 0.10348552432447808 0.05663694269255174 0.036288533980692865
v 0.1037134219793456 0.056736452890149315 0.03969053456952531
v 0.10283388244782363 0.05649999886890859 0.03970701406249554
v 0.10440895576482309 0.05778259933266087 0.03599996737763122
v 0.10441402168303246 0.06250000296859075 0.03600000170990824
v 0.10470701333513241 0.06250000296859075 0.03629299336200819
v 0.10470701333513241 0.06250000296859075 0.03629299336200819
v 0.10470693704118347 0.05824418916781763 0.036293298537803935
v 0.10440895576482309 0.05778259933266087 0.03599996737763122
v 0.10348552432447808 0.05663694269255174 0.036288533980692865
v 0.10311013520752696 0.05679315455299875 0.03600000170990824
v 0.10440895576482309 0.05778259933266087 0.03599996737763122
v 0.10440895576482309 0.05778259933266087 0.03599996737763122
v 0.10470693704118347 0.05824418916781763 0.036293298537803935
v 0.10434592170421195 0.05730114636789855 0.036305208023232886
v 0.10440895576482309 0.05778259933266087 0.03599996737763122
v 0.10434592170421195 0.05730114636789855 0.036305208023232886
v 0.10348552432447808 0.05663694269255174 0.036288533980692865
v 0.10311013520752696 0.05679315455299875 0.03600000170990824
v 0.10348552432447808 0.05663694269255174 0.036288533980692865
v 0.10279856597886103 0.05649999886890859 0.03629300480610053
v 0.09088081028584492 0.05665575296566198 0.03629732685830777
v 0.0915326657855564 0.05650000649830348 0.03970700643310065
v 0.09079414035985332 0.05669868738542586 0.03970064733245681
v 0.09001507995908041 0.05738519178204674 0.036277837569052
v 0.09079414035985332 0.05669868738542586 0.03970064733245681
v 0.08996458862367439 0.05746614347656557 0.03969525335026702
v 0.08970716521056853 0.05826836672023553 0.03629300862079798
v 0.08996458862367439 0.05746614347656557 0.03969525335026702
v 0.08970705839904002 0.05829799929000238 0.03970707891235214
v 0.08996458862367439 0.05746614347656557 0.03969525335026702
v 0.08970716521056853 0.05826836672023553 0.03629300862079798
v 0.09001507995908041 0.05738519178204674 0.036277837569052
v 0.09079414035985332 0.05669868738542586 0.03970064733245681
v 0.09001507995908041 0.05738519178204674 0.036277837569052
v 0.09088081028584492 0.05665575296566198 0.03629732685830777
v 0.0915326657855564 0.05650000649830348 0.03970700643310065
v 0.09088081028584492 0.05665575296566198 0.03629732685830777
v 0.09156528144872665 0.05650000268360603 0.036292985732613296
v 0.10279856597886103 0.05649999886890859 0.03629300480610053
v 0.09156528144872665 0.05650000268360603 0.036292985732613296
v 0.09170701271766556 0.05679299433570598 0.03600000170990824
v 0.09170701271766556 0.05679299433570598 0.03600000170990824
v 0.10311013520752696 0.05679315455299875 0.03600000170990824
v 0.10279856597886103 0.05649999886890859 0.03629300480610053
v 0.09001507995908041 0.05738519178204674 0.036277837569052
v 0.0900000042747706 0.058258917714659776 0.03600000170990824
v 0.09055458498958834 0.057144499631942604 0.035999898713077176
v 0.09156528144872665 0.05650000268360603 0.036292985732613296
v 0.09055458498958834 0.057144499631942604 0.035999898713077176
v 0.09170701271766556 0.05679299433570598 0.03600000170990824
v 0.09055458498958834 0.057144499631942604 0.035999898713077176
v 0.09156528144872665 0.05650000268360603 0.036292985732613296
v 0.09088081028584492 0.05665575296566198 0.03629732685830777
v 0.09055458498958834 0.057144499631942604 0.035999898713077176
v 0.09088081028584492 0.05665575296566198 0.03629732685830777
v 0.09001507995908041 0.05738519178204674 0.036277837569052
v 0.0900000042747706 0.058258917714659776 0.03600000170990824
v 0.09001507995908041 0.05738519178204674 0.036277837569052
v 0.08970716521056853 0.05826836672023553 0.03629300862079798
v 0.0900000042747706 0.058258917714659776 0.03600000170990824
v 0.08970716521056853 0.05826836672023553 0.03629300862079798
v 0.08970701262267065 0.06250000296859075 0.03629299336200819
v 0.08970701262267065 0.06250000296859075 0.03629299336200819
v 0.0900000042747706 0.06250000296859075 0.03600000170990824
v 0.0900000042747706 0.058258917714659776 0.03600000170990824
v 0.09170701271766556 0.05679299433570598 0.03600000170990824
v 0.09055458498958834 0.057144499631942604 0.035999898713077176
v 0.09242107830333966 0.05842634097090297 0.03600005130097505
v 0.09242107830333966 0.05842634097090297 0.03600005130097505
v 0.09055458498958834 0.057144499631942604 0.035999898713077176
v 0.0900000042747706 0.058258917714659776 0.03600000170990824
v 0.10441402168303246 0.06250000296859075 0.03600000170990824
v 0.09438988943200942 0.060104994767675765 0.03600000170990824
v 0.09325645126782243 0.060806605366186026 0.03600000170990824
v 0.09999733446153233 0.0588908452349091 0.03600002459809292
v 0.10311013520752696 0.05679315455299875 0.03600000170990824
v 0.09420753163526195 0.05920909018410696 0.036000116150831644
v 0.0900000042747706 0.058258917714659776 0.03600000170990824
v 0.09192584665139945 0.05985557077511587 0.03600002841279037
v 0.09242107830333966 0.05842634097090297 0.03600005130097505
v 0.0900000042747706 0.06250000296859075 0.03600000170990824
v 0.09325645126782243 0.060806605366186026 0.03600000170990824
v 0.09192584665139945 0.05985557077511587 0.03600002841279037
v 0.10083373739432575 0.0607308035132204 0.03600000170990824
v 0.1003920640945388 0.06014645289952773 0.036000665467263986
v 0.09438988943200942 0.060104994767675765 0.03600000170990824
v 0.10130795006333401 0.060535677924118445 0.03600282458601888
v 0.10083373739432575 0.0607308035132204 0.03600000170990824
v 0.10441402168303246 0.06250000296859075 0.03600000170990824
v 0.10247149381977125 0.05989810465164784 0.036000009339303134
v 0.10130795006333401 0.060535677924118445 0.03600282458601888
v 0.10441402168303246 0.06250000296859075 0.03600000170990824
v 0.09192584665139945 0.05985557077511587 0.03600002841279037
v 0.0900000042747706 0.058258917714659776 0.03600000170990824
v 0.0900000042747706 0.06250000296859075 0.03600000170990824
v 0.09352162614614022 0.05850997058302946 0.03600010089204186
v 0.09420753163526195 0.05920909018410696 0.036000116150831644
v 0.10311013520752696 0.05679315455299875 0.03600000170990824
v 0.09352162614614022 0.05850997058302946 0.03600010089204186
v 0.10311013520752696 0.05679315455299875 0.03600000170990824
v 0.09170701271766556 0.05679299433570598 0.03600000170990824
v 0.10440895576482309 0.05778259933266087 0.03599996737763122
v 0.10215462216165425 0.05858180896534785 0.03600001696869803
v 0.10247149381977125 0.05989810465164784 0.036000009339303134
v 0.09325645126782243 0.060806605366186026 0.03600000170990824
v 0.0900000042747706 0.06250000296859075 0.03600000170990824
v 0.10441402168303246 0.06250000296859075 0.03600000170990824
v 0.09999733446153233 0.0588908452349091 0.03600002459809292
v 0.10111230949007674 0.058468722259537066 0.036007417481744845
v 0.10311013520752696 0.05679315455299875 0.03600000170990824
v 0.09420753163526195 0.05920909018410696 0.036000116150831644
v 0.09438988943200942 0.060104994767675765 0.03600000170990824
v 0.09999733446153233 0.0588908452349091 0.03600002459809292
v 0.1003920640945388 0.06014645289952773 0.036000665467263986
v 0.09999733446153233 0.0588908452349091 0.03600002459809292
v 0.09438988943200942 0.060104994767675765 0.03600000170990824
v 0.10083373739432575 0.0607308035132204 0.03600000170990824
v 0.09438988943200942 0.060104994767675765 0.03600000170990824
v 0.10441402168303246 0.06250000296859075 0.03600000170990824
v 0.10215462216165425 0.05858180896534785 0.03600001696869803
v 0.10440895576482309 0.05778259933266087 0.03599996737763122
v 0.10311013520752696 0.05679315455299875 0.03600000170990824
v 0.10311013520752696 0.05679315455299875 0.03600000170990824
v 0.10111230949007674 0.058468722259537066 0.036007417481744845
v 0.10215462216165425 0.05858180896534785 0.03600001696869803
v 0.10441402168303246 0.06250000296859075 0.03600000170990824
v 0.10440895576482309 0.05778259933266087 0.03599996737763122
v 0.10247149381977125 0.05989810465164784 0.036000009339303134
v 0.09242107830333966 0.05842634097090297 0.03600005130097505
v 0.09352162614614022 0.05850997058302946 0.03600010089204186
v 0.09170701271766556 0.05679299433570598 0.03600000170990824
v 0.10111230949007674 0.058468722259537066 0.036007417481744845
v 0.09999733446153233 0.0588908452349091 0.03600002459809292
v 0.10069495870121067 0.05860133258688064 0.03623093204924598
v 0.09999733446153233 0.0588908452349091 0.03600002459809292
v 0.1003920640945388 0.06014645289952773 0.036000665467263986
v 0.10017899035394959 0.05972503564318336 0.03621683292748256
v 0.1003920640945388 0.06014645289952773 0.036000665467263986
v 0.10083373739432575 0.0607308035132204 0.03600000170990824
v 0.10072615529693071 0.060426764497314475 0.03622551517887151
v 0.10130795006333401 0.060535677924118445 0.03600282458601888
v 0.10247149381977125 0.05989810465164784 0.036000009339303134
v 0.101909634662225 0.0602849950814011 0.03621364002571958
v 0.10247149381977125 0.05989810465164784 0.036000009339303134
v 0.10215462216165425 0.05858180896534785 0.03600001696869803
v 0.10215894039916404 0.05911215490728598 0.036225026897598316
v 0.10215462216165425 0.05858180896534785 0.03600001696869803
v 0.10111230949007674 0.058468722259537066 0.036007417481744845
v 0.10164952570211658 0.058552328983478875 0.036233815960515774
v 0.10164952570211658 0.058552328983478875 0.036233815960515774
v 0.10202058895216301 0.05888083165411122 0.03622501926820342
v 0.10215462216165425 0.05858180896534785 0.03600001696869803
v 0.10202058895216301 0.05888083165411122 0.03622501926820342
v 0.10215894039916404 0.05911215490728598 0.036225026897598316
v 0.10215462216165425 0.05858180896534785 0.03600001696869803
v 0.10215894039916404 0.05911215490728598 0.036225026897598316
v 0.10225089749581692 0.05953581139103163 0.0362499445013209
v 0.10247149381977125 0.05989810465164784 0.036000009339303134
v 0.10225089749581692 0.05953581139103163 0.0362499445013209
v 0.101909634662225 0.0602849950814011 0.03621364002571958
v 0.10247149381977125 0.05989810465164784 0.036000009339303134
v 0.10130795006333401 0.060535677924118445 0.03600282458601888
v 0.10072615529693071 0.060426764497314475 0.03622551517887151
v 0.10083373739432575 0.0607308035132204 0.03600000170990824
v 0.10017899035394959 0.05972503564318336 0.03621683292748256
v 0.1002915086698408 0.05899709218819775 0.03623865681157578
v 0.09999733446153233 0.0588908452349091 0.03600002459809292
v 0.1002915086698408 0.05899709218819775 0.03623865681157578
v 0.10069495870121067 0.05860133258688064 0.03623093204924598
v 0.09999733446153233 0.0588908452349091 0.03600002459809292
v 0.10198806484173148 0.06020684718950568 0.03999812506875421
v 0.10147242455845082 0.060503069890343084 0.039788125974307136
v 0.101909634662225 0.0602849950814011 0.03621364002571958
v 0.10224959286929011 0.05955815025928017 0.039999727241681875
v 0.10198806484173148 0.06020684718950568 0.03999812506875421
v 0.10225089749581692 0.05953581139103163 0.0362499445013209
v 0.10215509518413765 0.05910069174145831 0.03977497289751052
v 0.10224959286929011 0.05955815025928017 0.039999727241681875
v 0.10225089749581692 0.05953581139103163 0.0362499445013209
v 0.10200387294795107 0.05884567158774394 0.03977557561970712
v 0.10215509518413765 0.05910069174145831 0.03977497289751052
v 0.10202058895216301 0.05888083165411122 0.03622501926820342
v 0.10163377863105613 0.05855355731605675 0.03977707479580372
v 0.10200387294795107 0.05884567158774394 0.03977557561970712
v 0.10164952570211658 0.058552328983478875 0.036233815960515774
v 0.10110136130840439 0.058469645416319195 0.03976538656282668
v 0.10163377863105613 0.05855355731605675 0.03977707479580372
v 0.10164952570211658 0.058552328983478875 0.036233815960515774
v 0.10053312397672706 0.05870370762226078 0.039790090543492244
v 0.10110136130840439 0.058469645416319195 0.03976538656282668
v 0.10069495870121067 0.05860133258688064 0.03623093204924598
v 0.10021696948173006 0.05919822974047588 0.03977484701249478
v 0.10053312397672706 0.05870370762226078 0.039790090543492244
v 0.1002915086698408 0.05899709218819775 0.03623865681157578
v 0.10019308947571301 0.05973376748563912 0.039761884670570506
v 0.10021696948173006 0.05919822974047588 0.03977484701249478
v 0.10017899035394959 0.05972503564318336 0.03621683292748256
v 0.10040495014251413 0.060145709033525604 0.039774969082813076
v 0.10019308947571301 0.05973376748563912 0.039761884670570506
v 0.10017899035394959 0.05972503564318336 0.03621683292748256
v 0.100795849819284 0.06046065808412941 0.039757001857838585
v 0.10040495014251413 0.060145709033525604 0.039774969082813076
v 0.10072615529693071 0.060426764497314475 0.03622551517887151
v 0.10147242455845082 0.060503069890343084 0.039788125974307136
v 0.100795849819284 0.06046065808412941 0.039757001857838585
v 0.10130795006333401 0.060535677924118445 0.03600282458601888
v 0.10072615529693071 0.060426764497314475 0.03622551517887151
v 0.10130795006333401 0.060535677924118445 0.03600282458601888
v 0.100795849819284 0.06046065808412941 0.039757001857838585
v 0.1003920640945388 0.06014645289952773 0.036000665467263986
v 0.10072615529693071 0.060426764497314475 0.03622551517887151
v 0.10040495014251413 0.060145709033525604 0.039774969082813076
v 0.10017899035394959 0.05972503564318336 0.03621683292748256
v 0.1003920640945388 0.06014645289952773 0.036000665467263986
v 0.10040495014251413 0.060145709033525604 0.039774969082813076
v 0.1002915086698408 0.05899709218819775 0.03623865681157578
v 0.10017899035394959 0.05972503564318336 0.03621683292748256
v 0.10021696948173006 0.05919822974047588 0.03977484701249478
v 0.10069495870121067 0.05860133258688064 0.03623093204924598
v 0.1002915086698408 0.05899709218819775 0.03623865681157578
v 0.10053312397672706 0.05870370762226078 0.039790090543492244
v 0.10111230949007674 0.058468722259537066 0.036007417481744845
v 0.10069495870121067 0.05860133258688064 0.03623093204924598
v 0.10110136130840439 0.058469645416319195 0.03976538656282668
v 0.10164952570211658 0.058552328983478875 0.036233815960515774
v 0.10111230949007674 0.058468722259537066 0.036007417481744845
v 0.10110136130840439 0.058469645416319195 0.03976538656282668
v 0.10202058895216301 0.05888083165411122 0.03622501926820342
v 0.10164952570211658 0.058552328983478875 0.036233815960515774
v 0.10200387294795107 0.05884567158774394 0.03977557561970712
v 0.10215894039916404 0.05911215490728598 0.036225026897598316
v 0.10202058895216301 0.05888083165411122 0.03622501926820342
v 0.10215509518413765 0.05910069174145831 0.03977497289751052
v 0.10225089749581692 0.05953581139103163 0.0362499445013209
v 0.10215894039916404 0.05911215490728598 0.036225026897598316
v 0.10215509518413765 0.05910069174145831 0.03977497289751052
v 0.101909634662225 0.0602849950814011 0.03621364002571958
v 0.10225089749581692 0.05953581139103163 0.0362499445013209
v 0.10198806484173148 0.06020684718950568 0.03999812506875421
v 0.10130795006333401 0.060535677924118445 0.03600282458601888
v 0.101909634662225 0.0602849950814011 0.03621364002571958
v 0.10147242455845082 0.060503069890343084 0.039788125974307136
v 0.10091274740784414 0.06075507643307447 0.040000001899898045
v 0.10002615068604556 0.06003389643666206 0.0399999980852006
v 0.100795849819284 0.06046065808412941 0.039757001857838585
v 0.10002615068604556 0.06003389643666206 0.0399999980852006
v 0.10004234026200984 0.058967673241487925 0.040000001899898045
v 0.10019308947571301 0.05973376748563912 0.039761884670570506
v 0.10004234026200984 0.058967673241487925 0.040000001899898045
v 0.1008080492217189 0.05827369585256873 0.040000001899898045
v 0.10053312397672706 0.05870370762226078 0.039790090543492244
v 0.1008080492217189 0.05827369585256873 0.040000001899898045
v 0.10206542690595286 0.05846695605461919 0.03999997138231847
v 0.10110136130840439 0.058469645416319195 0.03976538656282668
v 0.10206542690595286 0.05846695605461919 0.03999997138231847
v 0.10224959286929011 0.05955815025928017 0.039999727241681875
v 0.10215509518413765 0.05910069174145831 0.03977497289751052
v 0.10198806484173148 0.06020684718950568 0.03999812506875421
v 0.10091274740784414 0.06075507643307447 0.040000001899898045
v 0.10147242455845082 0.060503069890343084 0.039788125974307136
v 0.10215509518413765 0.05910069174145831 0.03977497289751052
v 0.10200387294795107 0.05884567158774394 0.03977557561970712
v 0.10206542690595286 0.05846695605461919 0.03999997138231847
v 0.10200387294795107 0.05884567158774394 0.03977557561970712
v 0.10163377863105613 0.05855355731605675 0.03977707479580372
v 0.10206542690595286 0.05846695605461919 0.03999997138231847
v 0.10163377863105613 0.05855355731605675 0.03977707479580372
v 0.10110136130840439 0.058469645416319195 0.03976538656282668
v 0.10206542690595286 0.05846695605461919 0.03999997138231847
v 0.10110136130840439 0.058469645416319195 0.03976538656282668
v 0.10053312397672706 0.05870370762226078 0.039790090543492244
v 0.1008080492217189 0.05827369585256873 0.040000001899898045
v 0.10053312397672706 0.05870370762226078 0.039790090543492244
v 0.10021696948173006 0.05919822974047588 0.03977484701249478
v 0.10004234026200984 0.058967673241487925 0.040000001899898045
v 0.10021696948173006 0.05919822974047588 0.03977484701249478
v 0.10019308947571301 0.05973376748563912 0.039761884670570506
v 0.10004234026200984 0.058967673241487925 0.040000001899898045
v 0.10019308947571301 0.05973376748563912 0.039761884670570506
v 0.10040495014251413 0.060145709033525604 0.039774969082813076
v 0.10002615068604556 0.06003389643666206 0.0399999980852006
v 0.10040495014251413 0.060145709033525604 0.039774969082813076
v 0.100795849819284 0.06046065808412941 0.039757001857838585
v 0.10002615068604556 0.06003389643666206 0.0399999980852006
v 0.100795849819284 0.06046065808412941 0.039757001857838585
v 0.10147242455845082 0.060503069890343084 0.039788125974307136
v 0.10091274740784414 0.06075507643307447 0.040000001899898045
v 0.10004234026200984 0.058967673241487925 0.040000001899898045
v 0.10002615068604556 0.06003389643666206 0.0399999980852006
v 0.09439185018649708 0.05889598363236996 0.040000001899898045
v 0.10091274740784414 0.06075507643307447 0.040000001899898045
v 0.10441402168303246 0.06250000296859075 0.040000001899898045
v 0.09410746449183714 0.06001502512839267 0.0399998760148823
v 0.09179010445745205 0.05930661673903219 0.03999994849413379
v 0.09001163910198338 0.057753142238976575 0.04000003241747762
v 0.09134271674088977 0.05679308207374726 0.040000001899898045
v 0.09410746449183714 0.06001502512839267 0.0399998760148823
v 0.10002615068604556 0.06003389643666206 0.0399999980852006
v 0.10091274740784414 0.06075507643307447 0.040000001899898045
v 0.10206542690595286 0.05846695605461919 0.03999997138231847
v 0.10431194037935573 0.05731050382073558 0.03999573706815251
v 0.10440624732963585 0.05836150637309693 0.040000001899898045
v 0.0900000042747706 0.06250000296859075 0.040000001899898045
v 0.09179010445745205 0.05930661673903219 0.03999994849413379
v 0.09265298139052634 0.060654536267166256 0.0399999980852006
v 0.10002615068604556 0.06003389643666206 0.0399999980852006
v 0.09410746449183714 0.06001502512839267 0.0399998760148823
v 0.09439185018649708 0.05889598363236996 0.040000001899898045
v 0.09439185018649708 0.05889598363236996 0.040000001899898045
v 0.09370689074234216 0.05857473270158401 0.03999993705004145
v 0.10272907745016988 0.056792990521008536 0.040000001899898045
v 0.10272907745016988 0.056792990521008536 0.040000001899898045
v 0.10431194037935573 0.05731050382073558 0.03999573706815251
v 0.10206542690595286 0.05846695605461919 0.03999997138231847
v 0.0900000042747706 0.06250000296859075 0.040000001899898045
v 0.09001163910198338 0.057753142238976575 0.04000003241747762
v 0.09179010445745205 0.05930661673903219 0.03999994849413379
v 0.09308826125739243 0.058470721160999196 0.039994913093503996
v 0.09179010445745205 0.05930661673903219 0.03999994849413379
v 0.09134271674088977 0.05679308207374726 0.040000001899898045
v 0.09370689074234216 0.05857473270158401 0.03999993705004145
v 0.09308826125739243 0.058470721160999196 0.039994913093503996
v 0.09134271674088977 0.05679308207374726 0.040000001899898045
v 0.10441402168303246 0.06250000296859075 0.040000001899898045
v 0.0900000042747706 0.06250000296859075 0.040000001899898045
v 0.09370967547147833 0.060710944198312286 0.040000001899898045
v 0.1008080492217189 0.05827369585256873 0.040000001899898045
v 0.10004234026200984 0.058967673241487925 0.040000001899898045
v 0.09439185018649708 0.05889598363236996 0.040000001899898045
v 0.10206542690595286 0.05846695605461919 0.03999997138231847
v 0.1008080492217189 0.05827369585256873 0.040000001899898045
v 0.10272907745016988 0.056792990521008536 0.040000001899898045
v 0.09265298139052634 0.060654536267166256 0.0399999980852006
v 0.09370967547147833 0.060710944198312286 0.040000001899898045
v 0.0900000042747706 0.06250000296859075 0.040000001899898045
v 0.09370689074234216 0.05857473270158401 0.03999993705004145
v 0.09134271674088977 0.05679308207374726 0.040000001899898045
v 0.10272907745016988 0.056792990521008536 0.040000001899898045
v 0.09370967547147833 0.060710944198312286 0.040000001899898045
v 0.09410746449183714 0.06001502512839267 0.0399998760148823
v 0.10441402168303246 0.06250000296859075 0.040000001899898045
v 0.10224959286929011 0.05955815025928017 0.039999727241681875
v 0.10440624732963585 0.05836150637309693 0.040000001899898045
v 0.10441402168303246 0.06250000296859075 0.040000001899898045
v 0.1008080492217189 0.05827369585256873 0.040000001899898045
v 0.09439185018649708 0.05889598363236996 0.040000001899898045
v 0.10272907745016988 0.056792990521008536 0.040000001899898045
v 0.10091274740784414 0.06075507643307447 0.040000001899898045
v 0.10198806484173148 0.06020684718950568 0.03999812506875421
v 0.10441402168303246 0.06250000296859075 0.040000001899898045
v 0.10440624732963585 0.05836150637309693 0.040000001899898045
v 0.10224959286929011 0.05955815025928017 0.039999727241681875
v 0.10206542690595286 0.05846695605461919 0.03999997138231847
v 0.10198806484173148 0.06020684718950568 0.03999812506875421
v 0.10224959286929011 0.05955815025928017 0.039999727241681875
v 0.10441402168303246 0.06250000296859075 0.040000001899898045
v 0.09242107830333966 0.05842634097090297 0.03600005130097505
v 0.09192584665139945 0.05985557077511587 0.03600002841279037
v 0.09217601450996148 0.05932752509573817 0.036226678661592786
v 0.09192584665139945 0.05985557077511587 0.03600002841279037
v 0.09325645126782243 0.060806605366186026 0.03600000170990824
v 0.09270412122449832 0.060394633300719966 0.03622501926820342
v 0.09325645126782243 0.060806605366186026 0.03600000170990824
v 0.09438988943200942 0.060104994767675765 0.03600000170990824
v 0.09377222888021118 0.06037291622815526 0.03621437626232681
v 0.09420753163526195 0.05920909018410696 0.036000116150831644
v 0.09352162614614022 0.05850997058302946 0.03600010089204186
v 0.09393556659548884 0.05876089375168596 0.03622960453453449
v 0.09420753163526195 0.05920909018410696 0.036000116150831644
v 0.09417166584986701 0.05988475702528144 0.03622044544596469
v 0.09438988943200942 0.060104994767675765 0.03600000170990824
v 0.09417166584986701 0.05988475702528144 0.03622044544596469
v 0.09377222888021118 0.06037291622815526 0.03621437626232681
v 0.09438988943200942 0.060104994767675765 0.03600000170990824
v 0.09377222888021118 0.06037291622815526 0.03621437626232681
v 0.09311417831184608 0.060543051734283135 0.03621678333641575
v 0.09325645126782243 0.060806605366186026 0.03600000170990824
v 0.09311417831184608 0.060543051734283135 0.03621678333641575
v 0.09270412122449832 0.060394633300719966 0.03622501926820342
v 0.09325645126782243 0.060806605366186026 0.03600000170990824
v 0.09270412122449832 0.060394633300719966 0.03622501926820342
v 0.0923415418615736 0.06009287165918979 0.036211152842984255
v 0.09192584665139945 0.05985557077511587 0.03600002841279037
v 0.0923415418615736 0.06009287165918979 0.036211152842984255
v 0.09217601450996148 0.05932752509573817 0.036226678661592786
v 0.09192584665139945 0.05985557077511587 0.03600002841279037
v 0.09217601450996148 0.05932752509573817 0.036226678661592786
v 0.09265345441300975 0.058572142522017624 0.03619610004685913
v 0.09242107830333966 0.05842634097090297 0.03600005130097505
v 0.09265345441300975 0.058572142522017624 0.03619610004685913
v 0.09352162614614022 0.05850997058302946 0.03600010089204186
v 0.09242107830333966 0.05842634097090297 0.03600005130097505
v 0.09371233050090132 0.060410243042672326 0.03978092382552755
v 0.09311208022825034 0.060532145514282695 0.039778825741931804
v 0.09311417831184608 0.060543051734283135 0.03621678333641575
v 0.09410746449183714 0.06001502512839267 0.0399998760148823
v 0.09371233050090132 0.060410243042672326 0.03978092382552755
v 0.09377222888021118 0.06037291622815526 0.03621437626232681
v 0.09425662679140244 0.05930921073329602 0.03978093908431734
v 0.09410746449183714 0.06001502512839267 0.0399998760148823
v 0.09417166584986701 0.05988475702528144 0.03622044544596469
v 0.09370689074234216 0.05857473270158401 0.03999993705004145
v 0.09425662679140244 0.05930921073329602 0.03978093908431734
v 0.09393556659548884 0.05876089375168596 0.03622960453453449
v 0.09308826125739243 0.058470721160999196 0.039994913093503996
v 0.09370689074234216 0.05857473270158401 0.03999993705004145
v 0.09352162614614022 0.05850997058302946 0.03600010089204186
v 0.09249011669773209 0.05872231190170889 0.03976981542656243
v 0.09308826125739243 0.058470721160999196 0.039994913093503996
v 0.09265345441300975 0.058572142522017624 0.03619610004685913
v 0.09216698893580232 0.05939786048726252 0.039786977750375645
v 0.09249011669773209 0.05872231190170889 0.03976981542656243
v 0.09217601450996148 0.05932752509573817 0.036226678661592786
v 0.09234976634926893 0.06008845805424383 0.0397848796667799
v 0.09216698893580232 0.05939786048726252 0.039786977750375645
v 0.0923415418615736 0.06009287165918979 0.036211152842984255
v 0.09269812452011193 0.060393569000132305 0.03977497289751052
v 0.09234976634926893 0.06008845805424383 0.0397848796667799
v 0.0923415418615736 0.06009287165918979 0.036211152842984255
v 0.09311208022825034 0.060532145514282695 0.039778825741931804
v 0.09269812452011193 0.060393569000132305 0.03977497289751052
v 0.09311417831184608 0.060543051734283135 0.03621678333641575
v 0.09270412122449832 0.060394633300719966 0.03622501926820342
v 0.09311417831184608 0.060543051734283135 0.03621678333641575
v 0.09269812452011193 0.060393569000132305 0.03977497289751052
v 0.0923415418615736 0.06009287165918979 0.036211152842984255
v 0.09270412122449832 0.060394633300719966 0.03622501926820342
v 0.09269812452011193 0.060393569000132305 0.03977497289751052
v 0.09217601450996148 0.05932752509573817 0.036226678661592786
v 0.0923415418615736 0.06009287165918979 0.036211152842984255
v 0.09216698893580232 0.05939786048726252 0.039786977750375645
v 0.09265345441300975 0.058572142522017624 0.03619610004685913
v 0.09217601450996148 0.05932752509573817 0.036226678661592786
v 0.09249011669773209 0.05872231190170889 0.03976981542656243
v 0.09352162614614022 0.05850997058302946 0.03600010089204186
v 0.09265345441300975 0.058572142522017624 0.03619610004685913
v 0.09308826125739243 0.058470721160999196 0.039994913093503996
v 0.09393556659548884 0.05876089375168596 0.03622960453453449
v 0.09352162614614022 0.05850997058302946 0.03600010089204186
v 0.09370689074234216 0.05857473270158401 0.03999993705004145
v 0.09420753163526195 0.05920909018410696 0.036000116150831644
v 0.09393556659548884 0.05876089375168596 0.03622960453453449
v 0.09425662679140244 0.05930921073329602 0.03978093908431734
v 0.09417166584986701 0.05988475702528144 0.03622044544596469
v 0.09420753163526195 0.05920909018410696 0.036000116150831644
v 0.09425662679140244 0.05930921073329602 0.03978093908431734
v 0.09377222888021118 0.06037291622815526 0.03621437626232681
v 0.09417166584986701 0.05988475702528144 0.03622044544596469
v 0.09410746449183714 0.06001502512839267 0.0399998760148823
v 0.09311417831184608 0.060543051734283135 0.03621678333641575
v 0.09377222888021118 0.06037291622815526 0.03621437626232681
v 0.09371233050090132 0.060410243042672326 0.03978092382552755
v 0.09370967547147833 0.060710944198312286 0.040000001899898045
v 0.09265298139052634 0.060654536267166256 0.0399999980852006
v 0.09311208022825034 0.060532145514282695 0.039778825741931804
v 0.09265298139052634 0.060654536267166256 0.0399999980852006
v 0.09179010445745205 0.05930661673903219 0.03999994849413379
v 0.09234976634926893 0.06008845805424383 0.0397848796667799
v 0.09179010445745205 0.05930661673903219 0.03999994849413379
v 0.09308826125739243 0.058470721160999196 0.039994913093503996
v 0.09249011669773209 0.05872231190170889 0.03976981542656243
v 0.09439185018649708 0.05889598363236996 0.040000001899898045
v 0.09410746449183714 0.06001502512839267 0.0399998760148823
v 0.09425662679140244 0.05930921073329602 0.03978093908431734
v 0.09311208022825034 0.060532145514282695 0.039778825741931804
v 0.09371233050090132 0.060410243042672326 0.03978092382552755
v 0.09370967547147833 0.060710944198312286 0.040000001899898045
v 0.09371233050090132 0.060410243042672326 0.03978092382552755
v 0.09410746449183714 0.06001502512839267 0.0399998760148823
v 0.09370967547147833 0.060710944198312286 0.040000001899898045
v 0.09425662679140244 0.05930921073329602 0.03978093908431734
v 0.09370689074234216 0.05857473270158401 0.03999993705004145
v 0.09439185018649708 0.05889598363236996 0.040000001899898045
v 0.09249011669773209 0.05872231190170889 0.03976981542656243
v 0.09216698893580232 0.05939786048726252 0.039786977750375645
v 0.09179010445745205 0.05930661673903219 0.03999994849413379
v 0.09216698893580232 0.05939786048726252 0.039786977750375645
v 0.09234976634926893 0.06008845805424383 0.0397848796667799
v 0.09179010445745205 0.05930661673903219 0.03999994849413379
v 0.09234976634926893 0.06008845805424383 0.0397848796667799
v 0.09269812452011193 0.060393569000132305 0.03977497289751052
v 0.09265298139052634 0.060654536267166256 0.0399999980852006
v 0.09269812452011193 0.060393569000132305 0.03977497289751052
v 0.09311208022825034 0.060532145514282695 0.039778825741931804
v 0.09265298139052634 0.060654536267166256 0.0399999980852006
usemtl DefaultMaterial
f 1 2 3
f 4 5 6
f 7 8 9
f 10 11 12
f 13 14 15
f 16 17 18
f 19 20 21
f 22 23 24
f 25 26 27
f 28 29 30
f 31 32 33
f 34 35 36
f 37 38 39
f 40 41 42
f 43 44 45
f 46 47 48
f 49 50 51
f 52 53 54
f 55 56 57
f 58 59 60
f 61 62 63
f 64 65 66
f 67 68 69
f 70 71 72
f 73 74 75
f 76 77 78
f 79 80 81
f 82 83 84
f 85 86 87
f 88 89 90
f 91 92 93
f 94 95 96
f 97 98 99
f 100 101 102
f 103 104 105
f 106 107 108
f 109 110 111
f 112 113 114
f 115 116 117
f 118 119 120
f 121 122 123
f 124 125 126
f 127 128 129
f 130 131 132
f 133 134 135
f 136 137 138
f 139 140 141
f 142 143 144
f 145 146 147
f 148 149 150
f 151 152 153
f 154 155 156
f 157 158 159
f 160 161 162
f 163 164 165
f 166 167 168
f 169 170 171
f 172 173 174
f 175 176 177
f 178 179 180
f 181 182 183
f 184 185 186
f 187 188 189
f 190 191 192
f 193 194 195
f 196 197 198
f 199 200 201
f 202 203 204
f 205 206 207
f 208 209 210
f 211 212 213
f 214 215 216
f 217 218 219
f 220 221 222
f 223 224 225
f 226 227 228
f 229 230 231
f 232 233 234
f 235 236 237
f 238 239 240
f 241 242 243
f 244 245 246
f 247 248 249
f 250 251 252
f 253 254 255
f 256 257 258
f 259 260 261
f 262 263 264
f 265 266 267
f 268 269 270
f 271 272 273
f 274 275 276
f 277 278 279
f 280 281 282
f 283 284 285
f 286 287 288
f 289 290 291
f 292 293 294
f 295 296 297
f 298 299 300
f 301 302 303
f 304 305 306
f 307 308 309
f 310 311 312
f 313 314 315
f 316 317 318
f 319 320 321
f 322 323 324
f 325 326 327
f 328 329 330
f 331 332 333
f 334 335 336
f 337 338 339
f 340 341 342
f 343 344 345
f 346 347 348
f 349 350 351
f 352 353 354
f 355 356 357
f 358 359 360
f 361 362 363
f 364 365 366
f 367 368 369
f 370 371 372
f 373 374 375
f 376 377 378
f 379 380 381
f 382 383 384
f 385 386 387
f 388 389 390
f 391 392 393
f 394 395 396
f 397 398 399
f 400 401 402
f 403 404 405
f 406 407 408
f 409 410 411
f 412 413 414
f 415 416 417
f 418 419 420
f 421 422 423
f 424 425 426
f 427 428 429
f 430 431 432
f 433 434 435
f 436 437 438
f 439 440 441
f 442 443 444
f 445 446 447
f 448 449 450
f 451 452 453
f 454 455 456
f 457 458 459
f 460 461 462
f 463 464 465
f 466 467 468
f 469 470 471
f 472 473 474
f 475 476 477
f 478 479 480
f 481 482 483
f 484 485 486
f 487 488 489
f 490 491 492
f 493 494 495
f 496 497 498
f 499 500 501
f 502 503 504
f 505 506 507
f 508 509 510
f 511 512 513
f 514 515 516
f 517 518 519
f 520 521 522
f 523 524 525
f 526 527 528
f 529 530 531
f 532 533 534
f 535 536 537
f 538 539 540
f 541 542 543
f 544 545 546
f 547 548 549
f 550 551 552
f 553 554 555
f 556 557 558
f 559 560 561
f 562 563 564
f 565 566 567
f 568 569 570
f 571 572 573
f 574 575 576
f 577 578 579
f 580 581 582
f 583 584 585
f 586 587 588
f 589 590 591
f 592 593 594
f 595 596 597
f 598 599 600
f 601 602 603
f 604 605 606
f 607 608 609
f 610 611 612
f 613 614 615
f 616 617 618
f 619 620 621
f 622 623 624
f 625 626 627
f 628 629 630
f 631 632 633
f 634 635 636
f 637 638 639
f 640 641 642
f 643 644 645
f 646 647 648
f 649 650 651
f 652 653 654
f 655 656 657
f 658 659 660
f 661 662 663
f 664 665 666
f 667 668 669
f 670 671 672
f 673 674 675
f 676 677 678
f 679 680 681
f 682 683 684
f 685 686 687
f 688 689 690
f 691 692 693
f 694 695 696
f 697 698 699
f 700 701 702
f 703 704 705
f 706 707 708
f 709 710 711
f 712 713 714
f 715 716 717
f 718 719 720
f 721 722 723
f 724 725 726
f 727 728 729
f 730 731 732
f 733 734 735
f 736 737 738
f 739 740 741
f 742 743 744
f 745 746 747
f 748 749 750
f 751 752 753
f 754 755 756
f 757 758 759
f 760 761 762
f 763 764 765
f 766 767 768
f 769 770 771
f 772 773 774
f 775 776 777
f 778 779 780
f 781 782 783
f 784 785 786
f 787 788 789
f 790 791 792
f 793 794 795
f 796 797 798
f 799 800 801
f 802 803 804
f 805 806 807
f 808 809 810
f 811 812 813
f 814 815 816
f 817 818 819
f 820 821 822
f 823 824 825
f 826 827 828
f 829 830 831
f 832 833 834
f 835 836 837
f 838 839 840
f 841 842 843
f 844 845 846
f 847 848 849
f 850 851 852
f 853 854 855
f 856 857 858
f 859 860 861
f 862 863 864
f 865 866 867
f 868 869 870
f 871 872 873
f 874 875 876
f 877 878 879
f 880 881 882
f 883 884 885
f 886 887 888
f 889 890 891
f 892 893 894
f 895 896 897
f 898 899 900
f 901 902 903
f 904 905 906
f 907 908 909
f 910 911 912
f 913 914 915
f 916 917 918
f 919 920 921
f 922 923 924
f 925 926 927
f 928 929 930
f 931 932 933
f 934 935 936
f 937 938 939
f 940 941 942
f 943 944 945
f 946 947 948
f 949 950 951
f 952 953 954
f 955 956 957
f 958 959 960
f 961 962 963
f 964 965 966
f 967 968 969
f 970 971 972
f 973 974 975
f 976 977 978
f 979 980 981
f 982 983 984
f 985 986 987
f 988 989 990
f 991 992 993
f 994 995 996
f 997 998 999
f 1000 1001 1002
f 1003 1004 1005
f 1006 1007 1008
f 1009 1010 1011
f 1012 1013 1014
f 1015 1016 1017
f 1018 1019 1020
f 1021 1022 1023
f 1024 1025 1026
f 1027 1028 1029
f 1030 1031 1032
f 1033 1034 1035
f 1036 1037 1038
f 1039 1040 1041
f 1042 1043 1044
f 1045 1046 1047
f 1048 1049 1050
f 1051 1052 1053
f 1054 1055 1056
f 1057 1058 1059
f 1060 1061 1062
f 1063 1064 1065
f 1066 1067 1068
f 1069 1070 1071
f 1072 1073 1074
f 1075 1076 1077
f 1078 1079 1080
f 1081 1082 1083
f 1084 1085 1086
f 1087 1088 1089
f 1090 1091 1092
f 1093 1094 1095
f 1096 1097 1098
f 1099 1100 1101
f 1102 1103 1104
f 1105 1106 1107
f 1108 1109 1110
f 1111 1112 1113
f 1114 1115 1116
f 1117 1118 1119
f 1120 1121 1122
f 1123 1124 1125
f 1126 1127 1128
f 1129 1130 1131
f 1132 1133 1134
f 1135 1136 1137
f 1138 1139 1140
f 1141 1142 1143
f 1144 1145 1146
f 1147 1148 1149
f 1150 1151 1152
f 1153 1154 1155
f 1156 1157 1158
f 1159 1160 1161
f 1162 1163 1164
f 1165 1166 1167
f 1168 1169 1170
f 1171 1172 1173
f 1174 1175 1176
f 1177 1178 1179
f 1180 1181 1182
f 1183 1184 1185
f 1186 1187 1188
f 1189 1190 1191
f 1192 1193 1194
f 1195 1196 1197
f 1198 1199 1200
f 1201 1202 1203
f 1204 1205 1206
f 1207 1208 1209
f 1210 1211 1212
f 1213 1214 1215
f 1216 1217 1218
f 1219 1220 1221
f 1222 1223 1224
f 1225 1226 1227
f 1228 1229 1230
f 1231 1232 1233
f 1234 1235 1236
f 1237 1238 1239
f 1240 1241 1242
f 1243 1244 1245
f 1246 1247 1248
f 1249 1250 1251
f 1252 1253 1254
f 1255 1256 1257
f 1258 1259 1260
f 1261 1262 1263
f 1264 1265 1266
f 1267 1268 1269
f 1270 1271 1272
f 1273 1274 1275
f 1276 1277 1278
f 1279 1280 1281
f 1282 1283 1284
f 1285 1286 1287
f 1288 1289 1290
f 1291 1292 1293
f 1294 1295 1296
f 1297 1298 1299
f 1300 1301 1302
f 1303 1304 1305
f 1306 1307 1308
f 1309 1310 1311
f 1312 1313 1314
f 1315 1316 1317
f 1318 1319 1320
f 1321 1322 1323
f 1324 1325 1326
f 1327 1328 1329
f 1330 1331 1332
f 1333 1334 1335
f 1336 1337 1338
f 1339 1340 1341
f 1342 1343 1344
f 1345 1346 1347
f 1348 1349 1350
f 1351 1352 1353
f 1354 1355 1356
f 1357 1358 1359
f 1360 1361 1362
f 1363 1364 1365
f 1366 1367 1368
f 1369 1370 1371
f 1372 1373 1374
f 1375 1376 1377
f 1378 1379 1380
f 1381 1382 1383
f 1384 1385 1386
f 1387 1388 1389
f 1390 1391 1392
f 1393 1394 1395
f 1396 1397 1398
f 1399 1400 1401
f 1402 1403 1404
f 1405 1406 1407
f 1408 1409 1410
f 1411 1412 1413
f 1414 1415 1416
f 1417 1418 1419
f 1420 1421 1422
f 1423 1424 1425
f 1426 1427 1428
f 1429 1430 1431
f 1432 1433 1434
f 1435 1436 1437
f 1438 1439 1440
f 1441 1442 1443
f 1444 1445 1446
f 1447 1448 1449
f 1450 1451 1452
f 1453 1454 1455
f 1456 1457 1458
f 1459 1460 1461
f 1462 1463 1464
f 1465 1466 1467
f 1468 1469 1470
f 1471 1472 1473
f 1474 1475 1476
f 1477 1478 1479
f 1480 1481 1482
f 1483 1484 1485
f 1486 1487 1488
f 1489 1490 1491
f 1492 1493 1494
f 1495 1496 1497
f 1498 1499 1500
f 1501 1502 1503
f 1504 1505 1506
f 1507 1508 1509
f 1510 1511 1512
f 1513 1514 1515
f 1516 1517 1518
f 1519 1520 1521
f 1522 1523 1524
f 1525 1526 1527
f 1528 1529 1530
f 1531 1532 1533
f 1534 1535 1536
f 1537 1538 1539
f 1540 1541 1542
f 1543 1544 1545
f 1546 1547 1548
f 1549 1550 1551
f 1552 1553 1554
f 1555 1556 1557
f 1558 1559 1560
f 1561 1562 1563
f 1564 1565 1566
f 1567 1568 1569
f 1570 1571 1572
f 1573 1574 1575
f 1576 1577 1578
f 1579 1580 1581
f 1582 1583 1584
f 1585 1586 1587
f 1588 1589 1590
f 1591 1592 1593
f 1594 1595 1596
f 1597 1598 1599
f 1600 1601 1602
f 1603 1604 1605
f 1606 1607 1608
f 1609 1610 1611
f 1612 1613 1614
f 1615 1616 1617
f 1618 1619 1620
f 1621 1622 1623
f 1624 1625 1626
f 1627 1628 1629
f 1630 1631 1632
f 1633 1634 1635
f 1636 1637 1638
f 1639 1640 1641
f 1642 1643 1644
f 1645 1646 1647
f 1648 1649 1650
f 1651 1652 1653
f 1654 1655 1656
f 1657 1658 1659
f 1660 1661 1662
f 1663 1664 1665
f 1666 1667 1668
f 1669 1670 1671
f 1672 1673 1674
f 1675 1676 1677
f 1678 1679 1680
f 1681 1682 1683
f 1684 1685 1686
f 1687 1688 1689
f 1690 1691 1692
f 1693 1694 1695
f 1696 1697 1698
f 1699 1700 1701
f 1702 1703 1704
f 1705 1706 1707
f 1708 1709 1710
f 1711 1712 1713
f 1714 1715 1716
f 1717 1718 1719
f 1720 1721 1722
f 1723 1724 1725
f 1726 1727 1728
f 1729 1730 1731
f 1732 1733 1734
f 1735 1736 1737
f 1738 1739 1740
f 1741 1742 1743
f 1744 1745 1746
f 1747 1748 1749
f 1750 1751 1752
f 1753 1754 1755
f 1756 1757 1758
f 1759 1760 1761
f 1762 1763 1764
f 1765 1766 1767
f 1768 1769 1770
f 1771 1772 1773
f 1774 1775 1776
f 1777 1778 1779
f 1780 1781 1782
f 1783 1784 1785
f 1786 1787 1788
f 1789 1790 1791
f 1792 1793 1794
f 1795 1796 1797
f 1798 1799 1800
f 1801 1802 1803
f 1804 1805 1806
f 1807 1808 1809
f 1810 1811 1812
f 1813 1814 1815
f 1816 1817 1818
f 1819 1820 1821
f 1822 1823 1824
f 1825 1826 1827
f 1828 1829 1830
f 1831 1832 1833
f 1834 1835 1836
f 1837 1838 1839
f 1840 1841 1842
f 1843 1844 1845
f 1846 1847 1848
f 1849 1850 1851
f 1852 1853 1854
f 1855 1856 1857
f 1858 1859 1860
f 1861 1862 1863
f 1864 1865 1866
f 1867 1868 1869
f 1870 1871 1872
f 1873 1874 1875
f 1876 1877 1878
f 1879 1880 1881
f 1882 1883 1884
f 1885 1886 1887
f 1888 1889 1890
f 1891 1892 1893
f 1894 1895 1896
f 1897 1898 1899
f 1900 1901 1902
f 1903 1904 1905
f 1906 1907 1908
f 1909 1910 1911
f 1912 1913 1914
f 1915 1916 1917
f 1918 1919 1920
f 1921 1922 1923
f 1924 1925 1926
f 1927 1928 1929
f 1930 1931 1932
f 1933 1934 1935
f 1936 1937 1938
f 1939 1940 1941
f 1942 1943 1944
f 1945 1946 1947
f 1948 1949 1950
f 1951 1952 1953
f 1954 1955 1956
f 1957 1958 1959
f 1960 1961 1962
f 1963 1964 1965
f 1966 1967 1968
f 1969 1970 1971
f 1972 1973 1974
f 1975 1976 1977
f 1978 1979 1980
f 1981 1982 1983
f 1984 1985 1986
f 1987 1988 1989
f 1990 1991 1992
f 1993 1994 1995
f 1996 1997 1998
f 1999 2000 2001
f 2002 2003 2004
f 2005 2006 2007
f 2008 2009 2010
f 2011 2012 2013
f 2014 2015 2016
f 2017 2018 2019
f 2020 2021 2022
f 2023 2024 2025
f 2026 2027 2028
f 2029 2030 2031
f 2032 2033 2034
f 2035 2036 2037
f 2038 2039 2040
f 2041 2042 2043
f 2044 2045 2046
f 2047 2048 2049
f 2050 2051 2052
f 2053 2054 2055
f 2056 2057 2058
f 2059 2060 2061
f 2062 2063 2064
f 2065 2066 2067
f 2068 2069 2070
f 2071 2072 2073
f 2074 2075 2076
f 2077 2078 2079
f 2080 2081 2082
f 2083 2084 2085
f 2086 2087 2088
f 2089 2090 2091
f 2092 2093 2094
f 2095 2096 2097
f 2098 2099 2100
f 2101 2102 2103
f 2104 2105 2106
f 2107 2108 2109
f 2110 2111 2112
f 2113 2114 2115
f 2116 2117 2118
f 2119 2120 2121
f 2122 2123 2124
f 2125 2126 2127
f 2128 2129 2130
f 2131 2132 2133
f 2134 2135 2136
f 2137 2138 2139
f 2140 2141 2142
f 2143 2144 2145
f 2146 2147 2148
f 2149 2150 2151
f 2152 2153 2154
f 2155 2156 2157
f 2158 2159 2160
f 2161 2162 2163
f 2164 2165 2166
f 2167 2168 2169
f 2170 2171 2172
f 2173 2174 2175
f 2176 2177 2178
f 2179 2180 2181
f 2182 2183 2184
f 2185 2186 2187
f 2188 2189 2190
f 2191 2192 2193
f 2194 2195 2196
f 2197 2198 2199
f 2200 2201 2202
f 2203 2204 2205
f 2206 2207 2208
f 2209 2210 2211
f 2212 2213 2214
f 2215 2216 2217
f 2218 2219 2220
f 2221 2222 2223
f 2224 2225 2226
f 2227 2228 2229
f 2230 2231 2232
f 2233 2234 2235
f 2236 2237 2238
f 2239 2240 2241
f 2242 2243 2244
f 2245 2246 2247
f 2248 2249 2250
f 2251 2252 2253
f 2254 2255 2256
f 2257 2258 2259
f 2260 2261 2262
f 2263 2264 2265
f 2266 2267 2268
f 2269 2270 2271
f 2272 2273 2274
f 2275 2276 2277
f 2278 2279 2280
f 2281 2282 2283
f 2284 2285 2286
f 2287 2288 2289
f 2290 2291 2292
f 2293 2294 2295
f 2296 2297 2298
f 2299 2300 2301
f 2302 2303 2304
f 2305 2306 2307
f 2308 2309 2310
f 2311 2312 2313
f 2314 2315 2316
f 2317 2318 2319
f 2320 2321 2322
f 2323 2324 2325
f 2326 2327 2328
f 2329 2330 2331
f 2332 2333 2334
f 2335 2336 2337
f 2338 2339 2340
f 2341 2342 2343
f 2344 2345 2346
f 2347 2348 2349
f 2350 2351 2352
f 2353 2354 2355
f 2356 2357 2358
f 2359 2360 2361
f 2362 2363 2364
f 2365 2366 2367
f 2368 2369 2370
f 2371 2372 2373
f 2374 2375 2376
f 2377 2378 2379
f 2380 2381 2382
f 2383 2384 2385
f 2386 2387 2388
f 2389 2390 2391
f 2392 2393 2394
f 2395 2396 2397
f 2398 2399 2400
f 2401 2402 2403
f 2404 2405 2406
f 2407 2408 2409
f 2410 2411 2412
f 2413 2414 2415
f 2416 2417 2418
f 2419 2420 2421
f 2422 2423 2424
f 2425 2426 2427
f 2428 2429 2430
f 2431 2432 2433
f 2434 2435 2436
f 2437 2438 2439
f 2440 2441 2442
f 2443 2444 2445
f 2446 2447 2448
f 2449 2450 2451
f 2452 2453 2454
f 2455 2456 2457
f 2458 2459 2460
f 2461 2462 2463
f 2464 2465 2466
f 2467 2468 2469
f 2470 2471 2472
f 2473 2474 2475
f 2476 2477 2478
f 2479 2480 2481
f 2482 2483 2484
f 2485 2486 2487
f 2488 2489 2490
f 2491 2492 2493
f 2494 2495 2496
f 2497 2498 2499
f 2500 2501 2502
f 2503 2504 2505
f 2506 2507 2508
f 2509 2510 2511
f 2512 2513 2514
f 2515 2516 2517
f 2518 2519 2520
f 2521 2522 2523
f 2524 2525 2526
f 2527 2528 2529
f 2530 2531 2532
f 2533 2534 2535
f 2536 2537 2538
f 2539 2540 2541
f 2542 2543 2544
f 2545 2546 2547
f 2548 2549 2550
f 2551 2552 2553
f 2554 2555 2556
f 2557 2558 2559
f 2560 2561 2562
f 2563 2564 2565
f 2566 2567 2568
f 2569 2570 2571
f 2572 2573 2574
f 2575 2576 2577
f 2578 2579 2580
f 2581 2582 2583
f 2584 2585 2586
f 2587 2588 2589
f 2590 2591 2592
f 2593 2594 2595
f 2596 2597 2598
f 2599 2600 2601
f 2602 2603 2604
f 2605 2606 2607
f 2608 2609 2610
f 2611 2612 2613
f 2614 2615 2616
f 2617 2618 2619
f 2620 2621 2622
f 2623 2624 2625
f 2626 2627 2628
f 2629 2630 2631
f 2632 2633 2634
f 2635 2636 2637
f 2638 2639 2640
f 2641 2642 2643
f 2644 2645 2646
f 2647 2648 2649
f 2650 2651 2652
f 2653 2654 2655
f 2656 2657 2658
f 2659 2660 2661
f 2662 2663 2664
f 2665 2666 2667
f 2668 2669 2670
f 2671 2672 2673
f 2674 2675 2676
f 2677 2678 2679
f 2680 2681 2682
f 2683 2684 2685
f 2686 2687 2688
f 2689 2690 2691
f 2692 2693 2694
f 2695 2696 2697
f 2698 2699 2700
f 2701 2702 2703
f 2704 2705 2706
f 2707 2708 2709
f 2710 2711 2712
f 2713 2714 2715
f 2716 2717 2718
f 2719 2720 2721
f 2722 2723 2724
f 2725 2726 2727
f 2728 2729 2730
f 2731 2732 2733
f 2734 2735 2736
f 2737 2738 2739
f 2740 2741 2742
f 2743 2744 2745
f 2746 2747 2748
f 2749 2750 2751
f 2752 2753 2754
f 2755 2756 2757
f 2758 2759 2760
f 2761 2762 2763
f 2764 2765 2766
f 2767 2768 2769
f 2770 2771 2772
f 2773 2774 2775
f 2776 2777 2778
f 2779 2780 2781
f 2782 2783 2784
f 2785 2786 2787
f 2788 2789 2790
f 2791 2792 2793
f 2794 2795 2796
f 2797 2798 2799
f 2800 2801 2802
f 2803 2804 2805
f 2806 2807 2808
f 2809 2810 2811
f 2812 2813 2814
f 2815 2816 2817
f 2818 2819 2820
f 2821 2822 2823
f 2824 2825 2826
f 2827 2828 2829
f 2830 2831 2832
f 2833 2834 2835
f 2836 2837 2838
f 2839 2840 2841
f 2842 2843 2844
f 2845 2846 2847
f 2848 2849 2850
f 2851 2852 2853
f 2854 2855 2856
f 2857 2858 2859
f 2860 2861 2862
f 2863 2864 2865
f 2866 2867 2868
f 2869 2870 2871
f 2872 2873 2874
f 2875 2876 2877
f 2878 2879 2880
f 2881 2882 2883
f 2884 2885 2886
f 2887 2888 2889
f 2890 2891 2892
f 2893 2894 2895
f 2896 2897 2898
f 2899 2900 2901
f 2902 2903 2904
f 2905 2906 2907
f 2908 2909 2910
f 2911 2912 2913
f 2914 2915 2916
f 2917 2918 2919
f 2920 2921 2922
f 2923 2924 2925
f 2926 2927 2928
f 2929 2930 2931
f 2932 2933 2934
f 2935 2936 2937
f 2938 2939 2940
f 2941 2942 2943
f 2944 2945 2946
f 2947 2948 2949
f 2950 2951 2952
f 2953 2954 2955
f 2956 2957 2958
f 2959 2960 2961
f 2962 2963 2964
f 2965 2966 2967
f 2968 2969 2970
f 2971 2972 2973
f 2974 2975 2976
f 2977 2978 2979
f 2980 2981 2982
f 2983 2984 2985
f 2986 2987 2988
f 2989 2990 2991
f 2992 2993 2994
f 2995 2996 2997
f 2998 2999 3000
f 3001 3002 3003
f 3004 3005 3006
f 3007 3008 3009
f 3010 3011 3012
f 3013 3014 3015
f 3016 3017 3018
f 3019 3020 3021
f 3022 3023 3024
f 3025 3026 3027
f 3028 3029 3030
f 3031 3032 3033
f 3034 3035 3036
f 3037 3038 3039
f 3040 3041 3042
f 3043 3044 3045
f 3046 3047 3048
f 3049 3050 3051
f 3052 3053 3054
f 3055 3056 3057
f 3058 3059 3060
f 3061 3062 3063
f 3064 3065 3066
f 3067 3068 3069
f 3070 3071 3072
f 3073 3074 3075
f 3076 3077 3078
f 3079 3080 3081
f 3082 3083 3084
f 3085 3086 3087
f 3088 3089 3090
f 3091 3092 3093
f 3094 3095 3096
f 3097 3098 3099
f 3100 3101 3102
f 3103 3104 3105
f 3106 3107 3108
f 3109 3110 3111
f 3112 3113 3114
f 3115 3116 3117
f 3118 3119 3120
f 3121 3122 3123
f 3124 3125 3126
f 3127 3128 3129
f 3130 3131 3132
f 3133 3134 3135
f 3136 3137 3138
f 3139 3140 3141
f 3142 3143 3144
f 3145 3146 3147
f 3148 3149 3150
f 3151 3152 3153
f 3154 3155 3156
f 3157 3158 3159
f 3160 3161 3162
f 3163 3164 3165
f 3166 3167 3168
f 3169 3170 3171
f 3172 3173 3174
f 3175 3176 3177
f 3178 3179 3180
f 3181 3182 3183
f 3184 3185 3186
f 3187 3188 3189
f 3190 3191 3192
f 3193 3194 3195
f 3196 3197 3198
f 3199 3200 3201
f 3202 3203 3204
f 3205 3206 3207
f 3208 3209 3210
f 3211 3212 3213
f 3214 3215 3216
f 3217 3218 3219
f 3220 3221 3222
f 3223 3224 3225
f 3226 3227 3228
f 3229 3230 3231
f 3232 3233 3234
f 3235 3236 3237
f 3238 3239 3240
f 3241 3242 3243
f 3244 3245 3246
f 3247 3248 3249
f 3250 3251 3252
f 3253 3254 3255
f 3256 3257 3258
f 3259 3260 3261
f 3262 3263 3264
f 3265 3266 3267
f 3268 3269 3270
f 3271 3272 3273
f 3274 3275 3276
f 3277 3278 3279
f 3280 3281 3282
f 3283 3284 3285
f 3286 3287 3288
f 3289 3290 3291
f 3292 3293 3294
f 3295 3296 3297
f 3298 3299 3300
f 3301 3302 3303
f 3304 3305 3306
f 3307 3308 3309
f 3310 3311 3312
f 3313 3314 3315
f 3316 3317 3318
f 3319 3320 3321
f 3322 3323 3324
f 3325 3326 3327
f 3328 3329 3330
f 3331 3332 3333
f 3334 3335 3336
f 3337 3338 3339
f 3340 3341 3342
f 3343 3344 3345
f 3346 3347 3348
f 3349 3350 3351
f 3352 3353 3354
f 3355 3356 3357
f 3358 3359 3360
f 3361 3362 3363
f 3364 3365 3366
f 3367 3368 3369
f 3370 3371 3372
f 3373 3374 3375
f 3376 3377 3378
f 3379 3380 3381
f 3382 3383 3384
f 3385 3386 3387
f 3388 3389 3390
f 3391 3392 3393
f 3394 3395 3396
f 3397 3398 3399
f 3400 3401 3402
f 3403 3404 3405
f 3406 3407 3408
f 3409 3410 3411
f 3412 3413 3414
f 3415 3416 3417
f 3418 3419 3420
f 3421 3422 3423
f 3424 3425 3426
f 3427 3428 3429
f 3430 3431 3432
f 3433 3434 3435
f 3436 3437 3438
f 3439 3440 3441
f 3442 3443 3444
f 3445 3446 3447
f 3448 3449 3450
f 3451 3452 3453
f 3454 3455 3456
f 3457 3458 3459
f 3460 3461 3462
f 3463 3464 3465
f 3466 3467 3468
f 3469 3470 3471
f 3472 3473 3474
f 3475 3476 3477
f 3478 3479 3480
f 3481 3482 3483
f 3484 3485 3486
f 3487 3488 3489
f 3490 3491 3492
f 3493 3494 3495
f 3496 3497 3498
f 3499 3500 3501
f 3502 3503 3504
f 3505 3506 3507
f 3508 3509 3510
f 3511 3512 3513
f 3514 3515 3516
f 3517 3518 3519
f 3520 3521 3522
f 3523 3524 3525
f 3526 3527 3528
f 3529 3530 3531
f 3532 3533 3534
f 3535 3536 3537
f 3538 3539 3540
f 3541 3542 3543
f 3544 3545 3546
f 3547 3548 3549
f 3550 3551 3552
f 3553 3554 3555
f 3556 3557 3558
f 3559 3560 3561
f 3562 3563 3564
f 3565 3566 3567
f 3568 3569 3570
f 3571 3572 3573
f 3574 3575 3576
f 3577 3578 3579
f 3580 3581 3582
f 3583 3584 3585
f 3586 3587 3588
f 3589 3590 3591
f 3592 3593 3594
f 3595 3596 3597
f 3598 3599 3600
f 3601 3602 3603
f 3604 3605 3606
f 3607 3608 3609
f 3610 3611 3612
f 3613 3614 3615
f 3616 3617 3618
f 3619 3620 3621
f 3622 3623 3624
f 3625 3626 3627
f 3628 3629 3630
f 3631 3632 3633
f 3634 3635 3636
f 3637 3638 3639
f 3640 3641 3642
f 3643 3644 3645
f 3646 3647 3648
f 3649 3650 3651
f 3652 3653 3654
f 3655 3656 3657
f 3658 3659 3660
f 3661 3662 3663
f 3664 3665 3666
f 3667 3668 3669
f 3670 3671 3672
f 3673 3674 3675
f 3676 3677 3678
f 3679 3680 3681
f 3682 3683 3684
f 3685 3686 3687
f 3688 3689 3690
f 3691 3692 3693
f 3694 3695 3696
f 3697 3698 3699
f 3700 3701 3702
f 3703 3704 3705
f 3706 3707 3708
f 3709 3710 3711
f 3712 3713 3714
f 3715 3716 3717
f 3718 3719 3720
f 3721 3722 3723
f 3724 3725 3726
f 3727 3728 3729
f 3730 3731 3732
f 3733 3734 3735
f 3736 3737 3738
f 3739 3740 3741
f 3742 3743 3744
f 3745 3746 3747
f 3748 3749 3750
f 3751 3752 3753
f 3754 3755 3756
f 3757 3758 3759
f 3760 3761 3762
f 3763 3764 3765
f 3766 3767 3768
f 3769 3770 3771
f 3772 3773 3774
f 3775 3776 3777
f 3778 3779 3780
f 3781 3782 3783
f 3784 3785 3786
f 3787 3788 3789
f 3790 3791 3792
f 3793 3794 3795
f 3796 3797 3798
f 3799 3800 3801
f 3802 3803 3804
f 3805 3806 3807
f 3808 3809 3810
f 3811 3812 3813
f 3814 3815 3816
f 3817 3818 3819
f 3820 3821 3822
f 3823 3824 3825
f 3826 3827 3828
f 3829 3830 3831
f 3832 3833 3834
f 3835 3836 3837
f 3838 3839 3840
f 3841 3842 3843
f 3844 3845 3846
f 3847 3848 3849
f 3850 3851 3852
f 3853 3854 3855
f 3856 3857 3858
f 3859 3860 3861
f 3862 3863 3864
f 3865 3866 3867
f 3868 3869 3870
f 3871 3872 3873
f 3874 3875 3876
f 3877 3878 3879
f 3880 3881 3882
f 3883 3884 3885
f 3886 3887 3888
f 3889 3890 3891
f 3892 3893 3894
f 3895 3896 3897
f 3898 3899 3900
f 3901 3902 3903
f 3904 3905 3906
f 3907 3908 3909
f 3910 3911 3912
f 3913 3914 3915
f 3916 3917 3918
f 3919 3920 3921
f 3922 3923 3924
f 3925 3926 3927
f 3928 3929 3930
f 3931 3932 3933
f 3934 3935 3936
f 3937 3938 3939
f 3940 3941 3942
f 3943 3944 3945
f 3946 3947 3948
f 3949 3950 3951
f 3952 3953 3954
f 3955 3956 3957
f 3958 3959 3960
f 3961 3962 3963
f 3964 3965 3966
f 3967 3968 3969
f 3970 3971 3972
f 3973 3974 3975
f 3976 3977 3978
f 3979 3980 3981
f 3982 3983 3984
f 3985 3986 3987
f 3988 3989 3990
f 3991 3992 3993
f 3994 3995 3996
f 3997 3998 3999
f 4000 4001 4002
f 4003 4004 4005
f 4006 4007 4008
f 4009 4010 4011
f 4012 4013 4014
f 4015 4016 4017
f 4018 4019 4020
f 4021 4022 4023
f 4024 4025 4026
f 4027 4028 4029
f 4030 4031 4032
f 4033 4034 4035
f 4036 4037 4038
f 4039 4040 4041
f 4042 4043 4044
f 4045 4046 4047
f 4048 4049 4050
f 4051 4052 4053
f 4054 4055 4056
f 4057 4058 4059
f 4060 4061 4062
f 4063 4064 4065
f 4066 4067 4068
f 4069 4070 4071
f 4072 4073 4074
f 4075 4076 4077
f 4078 4079 4080
f 4081 4082 4083
f 4084 4085 4086
f 4087 4088 4089
f 4090 4091 4092
f 4093 4094 4095
f 4096 4097 4098
f 4099 4100 4101
f 4102 4103 4104
f 4105 4106 4107
f 4108 4109 4110
f 4111 4112 4113
f 4114 4115 4116
f 4117 4118 4119
f 4120 4121 4122
f 4123 4124 4125
f 4126 4127 4128
f 4129 4130 4131
f 4132 4133 4134
f 4135 4136 4137
f 4138 4139 4140
f 4141 4142 4143
f 4144 4145 4146
f 4147 4148 4149
f 4150 4151 4152
f 4153 4154 4155
f 4156 4157 4158
f 4159 4160 4161
f 4162 4163 4164
f 4165 4166 4167
f 4168 4169 4170
f 4171 4172 4173
f 4174 4175 4176
f 4177 4178 4179
f 4180 4181 4182
f 4183 4184 4185
f 4186 4187 4188
f 4189 4190 4191
f 4192 4193 4194
f 4195 4196 4197
f 4198 4199 4200
f 4201 4202 4203
f 4204 4205 4206
f 4207 4208 4209
f 4210 4211 4212
f 4213 4214 4215
f 4216 4217 4218
f 4219 4220 4221
f 4222 4223 4224
f 4225 4226 4227
f 4228 4229 4230
f 4231 4232 4233
f 4234 4235 4236
f 4237 4238 4239
f 4240 4241 4242
f 4243 4244 4245
f 4246 4247 4248
f 4249 4250 4251
f 4252 4253 4254
f 4255 4256 4257
f 4258 4259 4260
f 4261 4262 4263
f 4264 4265 4266
f 4267 4268 4269
f 4270 4271 4272
f 4273 4274 4275
f 4276 4277 4278
f 4279 4280 4281
f 4282 4283 4284
f 4285 4286 4287
f 4288 4289 4290
f 4291 4292 4293
f 4294 4295 4296
f 4297 4298 4299
f 4300 4301 4302
f 4303 4304 4305
f 4306 4307 4308
f 4309 4310 4311
f 4312 4313 4314
f 4315 4316 4317
f 4318 4319 4320
f 4321 4322 4323
f 4324 4325 4326
f 4327 4328 4329
f 4330 4331 4332
f 4333 4334 4335
f 4336 4337 4338
f 4339 4340 4341
f 4342 4343 4344
f 4345 4346 4347
f 4348 4349 4350
f 4351 4352 4353
f 4354 4355 4356
f 4357 4358 4359
f 4360 4361 4362
f 4363 4364 4365
f 4366 4367 4368
f 4369 4370 4371
f 4372 4373 4374
f 4375 4376 4377
f 4378 4379 4380
f 4381 4382 4383
f 4384 4385 4386
f 4387 4388 4389
f 4390 4391 4392
f 4393 4394 4395
f 4396 4397 4398
f 4399 4400 4401
f 4402 4403 4404
f 4405 4406 4407
f 4408 4409 4410
f 4411 4412 4413
f 4414 4415 4416
f 4417 4418 4419
f 4420 4421 4422
f 4423 4424 4425
f 4426 4427 4428
f 4429 4430 4431
f 4432 4433 4434
f 4435 4436 4437
f 4438 4439 4440
f 4441 4442 4443
f 4444 4445 4446
f 4447 4448 4449
f 4450 4451 4452
f 4453 4454 4455
f 4456 4457 4458
f 4459 4460 4461
f 4462 4463 4464
f 4465 4466 4467
f 4468 4469 4470
f 4471 4472 4473
f 4474 4475 4476
f 4477 4478 4479
f 4480 4481 4482
f 4483 4484 4485
f 4486 4487 4488
f 4489 4490 4491
f 4492 4493 4494
f 4495 4496 4497
f 4498 4499 4500
f 4501 4502 4503
f 4504 4505 4506
f 4507 4508 4509
f 4510 4511 4512
f 4513 4514 4515
f 4516 4517 4518
f 4519 4520 4521
f 4522 4523 4524
f 4525 4526 4527
f 4528 4529 4530
f 4531 4532 4533
f 4534 4535 4536
f 4537 4538 4539
f 4540 4541 4542
f 4543 4544 4545
f 4546 4547 4548
f 4549 4550 4551
f 4552 4553 4554
f 4555 4556 4557
f 4558 4559 4560
f 4561 4562 4563
f 4564 4565 4566
f 4567 4568 4569
f 4570 4571 4572
f 4573 4574 4575
f 4576 4577 4578
f 4579 4580 4581
f 4582 4583 4584
f 4585 4586 4587
f 4588 4589 4590
f 4591 4592 4593
f 4594 4595 4596
f 4597 4598 4599
f 4600 4601 4602
f 4603 4604 4605
f 4606 4607 4608
f 4609 4610 4611
f 4612 4613 4614
f 4615 4616 4617
f 4618 4619 4620
f 4621 4622 4623
f 4624 4625 4626
f 4627 4628 4629
f 4630 4631 4632
f 4633 4634 4635
f 4636 4637 4638
f 4639 4640 4641
f 4642 4643 4644
f 4645 4646 4647
f 4648 4649 4650
f 4651 4652 4653
f 4654 4655 4656
f 4657 4658 4659
f 4660 4661 4662
f 4663 4664 4665
f 4666 4667 4668
f 4669 4670 4671
f 4672 4673 4674
f 4675 4676 4677
f 4678 4679 4680
f 4681 4682 4683
f 4684 4685 4686
f 4687 4688 4689
f 4690 4691 4692
f 4693 4694 4695
f 4696 4697 4698
f 4699 4700 4701
f 4702 4703 4704
f 4705 4706 4707
f 4708 4709 4710
f 4711 4712 4713
f 4714 4715 4716
f 4717 4718 4719
f 4720 4721 4722
f 4723 4724 4725
f 4726 4727 4728
f 4729 4730 4731
f 4732 4733 4734
f 4735 4736 4737
f 4738 4739 4740
f 4741 4742 4743
f 4744 4745 4746
f 4747 4748 4749
f 4750 4751 4752
f 4753 4754 4755
f 4756 4757 4758
f 4759 4760 4761
f 4762 4763 4764
f 4765 4766 4767
f 4768 4769 4770
f 4771 4772 4773
f 4774 4775 4776
f 4777 4778 4779
f 4780 4781 4782
f 4783 4784 4785
f 4786 4787 4788
f 4789 4790 4791
f 4792 4793 4794
f 4795 4796 4797
f 4798 4799 4800
f 4801 4802 4803
f 4804 4805 4806
f 4807 4808 4809
f 4810 4811 4812
f 4813 4814 4815
f 4816 4817 4818
f 4819 4820 4821
f 4822 4823 4824
f 4825 4826 4827
f 4828 4829 4830
f 4831 4832 4833
f 4834 4835 4836
f 4837 4838 4839
f 4840 4841 4842
f 4843 4844 4845
f 4846 4847 4848
f 4849 4850 4851
f 4852 4853 4854
f 4855 4856 4857
f 4858 4859 4860
f 4861 4862 4863
f 4864 4865 4866
f 4867 4868 4869
f 4870 4871 4872
f 4873 4874 4875
f 4876 4877 4878
f 4879 4880 4881
f 4882 4883 4884
f 4885 4886 4887
f 4888 4889 4890
f 4891 4892 4893
f 4894 4895 4896
f 4897 4898 4899
f 4900 4901 4902
f 4903 4904 4905
f 4906 4907 4908
f 4909 4910 4911
f 4912 4913 4914
f 4915 4916 4917
f 4918 4919 4920
f 4921 4922 4923
f 4924 4925 4926
f 4927 4928 4929
f 4930 4931 4932
f 4933 4934 4935
f 4936 4937 4938
f 4939 4940 4941
f 4942 4943 4944
f 4945 4946 4947
f 4948 4949 4950
f 4951 4952 4953
f 4954 4955 4956
f 4957 4958 4959
f 4960 4961 4962
f 4963 4964 4965
f 4966 4967 4968
f 4969 4970 4971
f 4972 4973 4974
f 4975 4976 4977
f 4978 4979 4980
f 4981 4982 4983
f 4984 4985 4986
f 4987 4988 4989
f 4990 4991 4992
f 4993 4994 4995
f 4996 4997 4998
f 4999 5000 5001
f 5002 5003 5004
f 5005 5006 5007
f 5008 5009 5010
f 5011 5012 5013
f 5014 5015 5016
f 5017 5018 5019
f 5020 5021 5022
f 5023 5024 5025
f 5026 5027 5028
f 5029 5030 5031
f 5032 5033 5034
f 5035 5036 5037
f 5038 5039 5040
f 5041 5042 5043
f 5044 5045 5046
f 5047 5048 5049
f 5050 5051 5052
f 5053 5054 5055
f 5056 5057 5058
f 5059 5060 5061
f 5062 5063 5064
f 5065 5066 5067
f 5068 5069 5070
f 5071 5072 5073
f 5074 5075 5076
f 5077 5078 5079
f 5080 5081 5082
f 5083 5084 5085
f 5086 5087 5088
f 5089 5090 5091
f 5092 5093 5094
f 5095 5096 5097
f 5098 5099 5100
f 5101 5102 5103
f 5104 5105 5106
f 5107 5108 5109
f 5110 5111 5112
f 5113 5114 5115
f 5116 5117 5118
f 5119 5120 5121
f 5122 5123 5124
f 5125 5126 5127
f 5128 5129 5130
f 5131 5132 5133
f 5134 5135 5136
f 5137 5138 5139
f 5140 5141 5142
f 5143 5144 5145
f 5146 5147 5148
f 5149 5150 5151
f 5152 5153 5154
f 5155 5156 5157
f 5158 5159 5160
f 5161 5162 5163
f 5164 5165 5166
f 5167 5168 5169
f 5170 5171 5172
f 5173 5174 5175
f 5176 5177 5178
f 5179 5180 5181
f 5182 5183 5184
f 5185 5186 5187
f 5188 5189 5190
f 5191 5192 5193
f 5194 5195 5196
f 5197 5198 5199
f 5200 5201 5202
f 5203 5204 5205
f 5206 5207 5208
f 5209 5210 5211
f 5212 5213 5214
f 5215 5216 5217
f 5218 5219 5220
f 5221 5222 5223
f 5224 5225 5226
f 5227 5228 5229
f 5230 5231 5232
f 5233 5234 5235
f 5236 5237 5238
f 5239 5240 5241
f 5242 5243 5244
f 5245 5246 5247
f 5248 5249 5250
f 5251 5252 5253
f 5254 5255 5256
f 5257 5258 5259
f 5260 5261 5262
f 5263 5264 5265
f 5266 5267 5268
f 5269 5270 5271
f 5272 5273 5274
f 5275 5276 5277
f 5278 5279 5280
f 5281 5282 5283
f 5284 5285 5286
f 5287 5288 5289
f 5290 5291 5292
f 5293 5294 5295
f 5296 5297 5298
f 5299 5300 5301
f 5302 5303 5304
f 5305 5306 5307
f 5308 5309 5310
f 5311 5312 5313
f 5314 5315 5316
f 5317 5318 5319
f 5320 5321 5322
f 5323 5324 5325
f 5326 5327 5328
f 5329 5330 5331
f 5332 5333 5334
f 5335 5336 5337
f 5338 5339 5340
f 5341 5342 5343
f 5344 5345 5346
f 5347 5348 5349
f 5350 5351 5352
f 5353 5354 5355
f 5356 5357 5358
f 5359 5360 5361
f 5362 5363 5364
f 5365 5366 5367
f 5368 5369 5370
f 5371 5372 5373
f 5374 5375 5376
f 5377 5378 5379
f 5380 5381 5382
f 5383 5384 5385
f 5386 5387 5388
f 5389 5390 5391
f 5392 5393 5394
f 5395 5396 5397
f 5398 5399 5400
f 5401 5402 5403
f 5404 5405 5406
f 5407 5408 5409
f 5410 5411 5412
f 5413 5414 5415
f 5416 5417 5418
f 5419 5420 5421
f 5422 5423 5424
f 5425 5426 5427
f 5428 5429 5430
f 5431 5432 5433
f 5434 5435 5436
f 5437 5438 5439
f 5440 5441 5442
f 5443 5444 5445
f 5446 5447 5448
f 5449 5450 5451
f 5452 5453 5454
f 5455 5456 5457
f 5458 5459 5460
f 5461 5462 5463
f 5464 5465 5466
f 5467 5468 5469
f 5470 5471 5472
f 5473 5474 5475
f 5476 5477 5478
f 5479 5480 5481
f 5482 5483 5484
f 5485 5486 5487
f 5488 5489 5490
f 5491 5492 5493
f 5494 5495 5496
f 5497 5498 5499
f 5500 5501 5502
f 5503 5504 5505
f 5506 5507 5508
f 5509 5510 5511
f 5512 5513 5514
f 5515 5516 5517
f 5518 5519 5520
f 5521 5522 5523
f 5524 5525 5526
f 5527 5528 5529
f 5530 5531 5532
f 5533 5534 5535
f 5536 5537 5538
f 5539 5540 5541
f 5542 5543 5544
f 5545 5546 5547
f 5548 5549 5550
f 5551 5552 5553
f 5554 5555 5556
f 5557 5558 5559
f 5560 5561 5562
f 5563 5564 5565
f 5566 5567 5568
f 5569 5570 5571
f 5572 5573 5574
f 5575 5576 5577
f 5578 5579 5580
f 5581 5582 5583
f 5584 5585 5586
f 5587 5588 5589
f 5590 5591 5592
f 5593 5594 5595
f 5596 5597 5598
f 5599 5600 5601
f 5602 5603 5604
f 5605 5606 5607
f 5608 5609 5610
f 5611 5612 5613
f 5614 5615 5616
f 5617 5618 5619
f 5620 5621 5622
f 5623 5624 5625
f 5626 5627 5628
f 5629 5630 5631
f 5632 5633 5634
f 5635 5636 5637
f 5638 5639 5640
f 5641 5642 5643
f 5644 5645 5646
f 5647 5648 5649
f 5650 5651 5652
f 5653 5654 5655
f 5656 5657 5658
f 5659 5660 5661
f 5662 5663 5664
f 5665 5666 5667
f 5668 5669 5670
f 5671 5672 5673
f 5674 5675 5676
f 5677 5678 5679
f 5680 5681 5682
f 5683 5684 5685
f 5686 5687 5688
f 5689 5690 5691
f 5692 5693 5694
f 5695 5696 5697
f 5698 5699 5700
f 5701 5702 5703
f 5704 5705 5706
f 5707 5708 5709
f 5710 5711 5712
f 5713 5714 5715
f 5716 5717 5718
f 5719 5720 5721
f 5722 5723 5724
f 5725 5726 5727
f 5728 5729 5730
f 5731 5732 5733
f 5734 5735 5736
f 5737 5738 5739
f 5740 5741 5742
f 5743 5744 5745
f 5746 5747 5748
f 5749 5750 5751
f 5752 5753 5754
f 5755 5756 5757
f 5758 5759 5760
f 5761 5762 5763
f 5764 5765 5766
f 5767 5768 5769
f 5770 5771 5772
f 5773 5774 5775
f 5776 5777 5778
f 5779 5780 5781
f 5782 5783 5784
f 5785 5786 5787
f 5788 5789 5790
f 5791 5792 5793
f 5794 5795 5796
f 5797 5798 5799
f 5800 5801 5802
f 5803 5804 5805
f 5806 5807 5808
f 5809 5810 5811
f 5812 5813 5814
f 5815 5816 5817
f 5818 5819 5820
f 5821 5822 5823
f 5824 5825 5826
f 5827 5828 5829
f 5830 5831 5832
f 5833 5834 5835
f 5836 5837 5838
f 5839 5840 5841
f 5842 5843 5844
f 5845 5846 5847
f 5848 5849 5850
f 5851 5852 5853
f 5854 5855 5856
f 5857 5858 5859
f 5860 5861 5862
f 5863 5864 5865
f 5866 5867 5868
f 5869 5870 5871
f 5872 5873 5874
f 5875 5876 5877
f 5878 5879 5880
f 5881 5882 5883
f 5884 5885 5886
f 5887 5888 5889
f 5890 5891 5892
f 5893 5894 5895
f 5896 5897 5898
f 5899 5900 5901
f 5902 5903 5904
f 5905 5906 5907
f 5908 5909 5910
f 5911 5912 5913
f 5914 5915 5916
f 5917 5918 5919
f 5920 5921 5922
f 5923 5924 5925
f 5926 5927 5928
f 5929 5930 5931
f 5932 5933 5934
f 5935 5936 5937
f 5938 5939 5940
f 5941 5942 5943
f 5944 5945 5946
f 5947 5948 5949
f 5950 5951 5952
f 5953 5954 5955
f 5956 5957 5958
f 5959 5960 5961
f 5962 5963 5964
f 5965 5966 5967
f 5968 5969 5970
f 5971 5972 5973
f 5974 5975 5976
f 5977 5978 5979
f 5980 5981 5982
f 5983 5984 5985
f 5986 5987 5988
f 5989 5990 5991
f 5992 5993 5994
f 5995 5996 5997
f 5998 5999 6000
f 6001 6002 6003
f 6004 6005 6006
f 6007 6008 6009
f 6010 6011 6012
f 6013 6014 6015
f 6016 6017 6018
f 6019 6020 6021
f 6022 6023 6024
f 6025 6026 6027
f 6028 6029 6030
f 6031 6032 6033
f 6034 6035 6036
f 6037 6038 6039
f 6040 6041 6042
f 6043 6044 6045
f 6046 6047 6048
f 6049 6050 6051
f 6052 6053 6054
f 6055 6056 6057
f 6058 6059 6060
f 6061 6062 6063
f 6064 6065 6066
f 6067 6068 6069
f 6070 6071 6072
f 6073 6074 6075
f 6076 6077 6078
f 6079 6080 6081
f 6082 6083 6084
f 6085 6086 6087
f 6088 6089 6090
f 6091 6092 6093
f 6094 6095 6096
f 6097 6098 6099
f 6100 6101 6102
f 6103 6104 6105
f 6106 6107 6108
f 6109 6110 6111
f 6112 6113 6114
f 6115 6116 6117
f 6118 6119 6120
f 6121 6122 6123
f 6124 6125 6126
f 6127 6128 6129
f 6130 6131 6132
f 6133 6134 6135
f 6136 6137 6138
f 6139 6140 6141
f 6142 6143 6144
f 6145 6146 6147
f 6148 6149 6150
f 6151 6152 6153
f 6154 6155 6156
f 6157 6158 6159
f 6160 6161 6162
f 6163 6164 6165
f 6166 6167 6168
f 6169 6170 6171
f 6172 6173 6174
f 6175 6176 6177
f 6178 6179 6180
f 6181 6182 6183
f 6184 6185 6186
f 6187 6188 6189
f 6190 6191 6192
f 6193 6194 6195
f 6196 6197 6198
f 6199 6200 6201
f 6202 6203 6204
f 6205 6206 6207
f 6208 6209 6210
f 6211 6212 6213
f 6214 6215 6216
f 6217 6218 6219
f 6220 6221 6222
f 6223 6224 6225
f 6226 6227 6228
f 6229 6230 6231
f 6232 6233 6234
f 6235 6236 6237
f 6238 6239 6240
f 6241 6242 6243
f 6244 6245 6246
f 6247 6248 6249
f 6250 6251 6252
f 6253 6254 6255
f 6256 6257 6258
f 6259 6260 6261
f 6262 6263 6264
f 6265 6266 6267
f 6268 6269 6270
f 6271 6272 6273
f 6274 6275 6276
f 6277 6278 6279
f 6280 6281 6282
f 6283 6284 6285
f 6286 6287 6288
f 6289 6290 6291
f 6292 6293 6294
f 6295 6296 6297
f 6298 6299 6300
f 6301 6302 6303
f 6304 6305 6306
f 6307 6308 6309
f 6310 6311 6312
f 6313 6314 6315
f 6316 6317 6318
f 6319 6320 6321
f 6322 6323 6324
f 6325 6326 6327
f 6328 6329 6330
f 6331 6332 6333
f 6334 6335 6336
f 6337 6338 6339
f 6340 6341 6342
f 6343 6344 6345
f 6346 6347 6348
f 6349 6350 6351
f 6352 6353 6354
f 6355 6356 6357
f 6358 6359 6360
f 6361 6362 6363
f 6364 6365 6366
f 6367 6368 6369
f 6370 6371 6372
f 6373 6374 6375
f 6376 6377 6378
f 6379 6380 6381
f 6382 6383 6384
f 6385 6386 6387
f 6388 6389 6390
f 6391 6392 6393
f 6394 6395 6396
f 6397 6398 6399
f 6400 6401 6402
f 6403 6404 6405
f 6406 6407 6408
f 6409 6410 6411
f 6412 6413 6414
f 6415 6416 6417
f 6418 6419 6420
f 6421 6422 6423
f 6424 6425 6426
f 6427 6428 6429
f 6430 6431 6432
f 6433 6434 6435
f 6436 6437 6438
f 6439 6440 6441
f 6442 6443 6444
f 6445 6446 6447
f 6448 6449 6450
f 6451 6452 6453
f 6454 6455 6456
f 6457 6458 6459
f 6460 6461 6462
f 6463 6464 6465
f 6466 6467 6468
f 6469 6470 6471
f 6472 6473 6474
f 6475 6476 6477
f 6478 6479 6480
f 6481 6482 6483
f 6484 6485 6486
f 6487 6488 6489
f 6490 6491 6492
f 6493 6494 6495
f 6496 6497 6498
f 6499 6500 6501
f 6502 6503 6504
f 6505 6506 6507
f 6508 6509 6510
f 6511 6512 6513
f 6514 6515 6516
f 6517 6518 6519
f 6520 6521 6522
f 6523 6524 6525
f 6526 6527 6528
f 6529 6530 6531
f 6532 6533 6534
f 6535 6536 6537
f 6538 6539 6540
f 6541 6542 6543
f 6544 6545 6546
f 6547 6548 6549
f 6550 6551 6552
f 6553 6554 6555
f 6556 6557 6558
f 6559 6560 6561
f 6562 6563 6564
f 6565 6566 6567
f 6568 6569 6570
f 6571 6572 6573
f 6574 6575 6576
f 6577 6578 6579
f 6580 6581 6582
f 6583 6584 6585
f 6586 6587 6588
f 6589 6590 6591
f 6592 6593 6594
f 6595 6596 6597
f 6598 6599 6600
f 6601 6602 6603
f 6604 6605 6606
f 6607 6608 6609
f 6610 6611 6612
f 6613 6614 6615
f 6616 6617 6618
f 6619 6620 6621
f 6622 6623 6624
f 6625 6626 6627
f 6628 6629 6630
f 6631 6632 6633
f 6634 6635 6636
f 6637 6638 6639
f 6640 6641 6642
f 6643 6644 6645
f 6646 6647 6648
f 6649 6650 6651
f 6652 6653 6654
f 6655 6656 6657
f 6658 6659 6660
f 6661 6662 6663
f 6664 6665 6666
f 6667 6668 6669
f 6670 6671 6672
f 6673 6674 6675
f 6676 6677 6678
f 6679 6680 6681
f 6682 6683 6684
f 6685 6686 6687
f 6688 6689 6690
f 6691 6692 6693
f 6694 6695 6696
f 6697 6698 6699
f 6700 6701 6702
f 6703 6704 6705
f 6706 6707 6708
f 6709 6710 6711
f 6712 6713 6714
f 6715 6716 6717
f 6718 6719 6720
f 6721 6722 6723
f 6724 6725 6726
f 6727 6728 6729
f 6730 6731 6732
f 6733 6734 6735
f 6736 6737 6738
f 6739 6740 6741
f 6742 6743 6744
f 6745 6746 6747
f 6748 6749 6750
f 6751 6752 6753
f 6754 6755 6756
f 6757 6758 6759
f 6760 6761 6762
f 6763 6764 6765
f 6766 6767 6768
f 6769 6770 6771
f 6772 6773 6774
f 6775 6776 6777
f 6778 6779 6780
f 6781 6782 6783
f 6784 6785 6786
f 6787 6788 6789
f 6790 6791 6792
f 6793 6794 6795
f 6796 6797 6798
f 6799 6800 6801
f 6802 6803 6804
f 6805 6806 6807
f 6808 6809 6810
f 6811 6812 6813
f 6814 6815 6816
f 6817 6818 6819
f 6820 6821 6822
f 6823 6824 6825
f 6826 6827 6828
f 6829 6830 6831
f 6832 6833 6834
f 6835 6836 6837
f 6838 6839 6840
f 6841 6842 6843
f 6844 6845 6846
f 6847 6848 6849
f 6850 6851 6852
f 6853 6854 6855
f 6856 6857 6858
f 6859 6860 6861
f 6862 6863 6864
f 6865 6866 6867
f 6868 6869 6870
f 6871 6872 6873
f 6874 6875 6876
f 6877 6878 6879
f 6880 6881 6882
f 6883 6884 6885
f 6886 6887 6888
f 6889 6890 6891
f 6892 6893 6894
f 6895 6896 6897
f 6898 6899 6900
f 6901 6902 6903
f 6904 6905 6906
f 6907 6908 6909
f 6910 6911 6912
f 6913 6914 6915
f 6916 6917 6918
f 6919 6920 6921
f 6922 6923 6924
f 6925 6926 6927
f 6928 6929 6930
f 6931 6932 6933
f 6934 6935 6936
f 6937 6938 6939
f 6940 6941 6942
f 6943 6944 6945
f 6946 6947 6948
f 6949 6950 6951
f 6952 6953 6954
f 6955 6956 6957
f 6958 6959 6960
f 6961 6962 6963
f 6964 6965 6966
f 6967 6968 6969
f 6970 6971 6972
f 6973 6974 6975
f 6976 6977 6978
f 6979 6980 6981
f 6982 6983 6984
f 6985 6986 6987
f 6988 6989 6990
f 6991 6992 6993
f 6994 6995 6996
f 6997 6998 6999
f 7000 7001 7002
f 7003 7004 7005
f 7006 7007 7008
f 7009 7010 7011
f 7012 7013 7014
f 7015 7016 7017
f 7018 7019 7020
f 7021 7022 7023
f 7024 7025 7026
f 7027 7028 7029
f 7030 7031 7032
f 7033 7034 7035
f 7036 7037 7038
f 7039 7040 7041
f 7042 7043 7044
f 7045 7046 7047
f 7048 7049 7050
f 7051 7052 7053
f 7054 7055 7056
f 7057 7058 7059
f 7060 7061 7062
f 7063 7064 7065
f 7066 7067 7068
f 7069 7070 7071
f 7072 7073 7074
f 7075 7076 7077
f 7078 7079 7080
f 7081 7082 7083
f 7084 7085 7086
f 7087 7088 7089
f 7090 7091 7092
f 7093 7094 7095
f 7096 7097 7098
f 7099 7100 7101
f 7102 7103 7104
f 7105 7106 7107
f 7108 7109 7110
f 7111 7112 7113
f 7114 7115 7116
f 7117 7118 7119
f 7120 7121 7122
f 7123 7124 7125
f 7126 7127 7128
f 7129 7130 7131
f 7132 7133 7134
f 7135 7136 7137
f 7138 7139 7140
f 7141 7142 7143
f 7144 7145 7146
f 7147 7148 7149
f 7150 7151 7152
f 7153 7154 7155
f 7156 7157 7158
f 7159 7160 7161
f 7162 7163 7164
f 7165 7166 7167
f 7168 7169 7170
f 7171 7172 7173
f 7174 7175 7176
f 7177 7178 7179
f 7180 7181 7182
f 7183 7184 7185
f 7186 7187 7188
f 7189 7190 7191
f 7192 7193 7194
f 7195 7196 7197
f 7198 7199 7200
f 7201 7202 7203
f 7204 7205 7206
f 7207 7208 7209
f 7210 7211 7212
f 7213 7214 7215
f 7216 7217 7218
f 7219 7220 7221
f 7222 7223 7224
f 7225 7226 7227
f 7228 7229 7230
f 7231 7232 7233
f 7234 7235 7236
f 7237 7238 7239
f 7240 7241 7242
f 7243 7244 7245
f 7246 7247 7248
f 7249 7250 7251
f 7252 7253 7254
f 7255 7256 7257
f 7258 7259 7260
f 7261 7262 7263
f 7264 7265 7266
f 7267 7268 7269
f 7270 7271 7272
f 7273 7274 7275
f 7276 7277 7278
f 7279 7280 7281
f 7282 7283 7284
f 7285 7286 7287
f 7288 7289 7290
f 7291 7292 7293
f 7294 7295 7296
f 7297 7298 7299
f 7300 7301 7302
f 7303 7304 7305
f 7306 7307 7308
f 7309 7310 7311
f 7312 7313 7314
f 7315 7316 7317
f 7318 7319 7320
f 7321 7322 7323
f 7324 7325 7326
f 7327 7328 7329
f 7330 7331 7332
f 7333 7334 7335
f 7336 7337 7338
f 7339 7340 7341
f 7342 7343 7344
f 7345 7346 7347
f 7348 7349 7350
f 7351 7352 7353
f 7354 7355 7356
f 7357 7358 7359
f 7360 7361 7362
f 7363 7364 7365
f 7366 7367 7368
f 7369 7370 7371
f 7372 7373 7374
f 7375 7376 7377
f 7378 7379 7380
f 7381 7382 7383
f 7384 7385 7386
f 7387 7388 7389
f 7390 7391 7392
f 7393 7394 7395
f 7396 7397 7398
f 7399 7400 7401
f 7402 7403 7404
f 7405 7406 7407
f 7408 7409 7410
f 7411 7412 7413
f 7414 7415 7416
f 7417 7418 7419
f 7420 7421 7422
f 7423 7424 7425
f 7426 7427 7428
f 7429 7430 7431
f 7432 7433 7434
f 7435 7436 7437
f 7438 7439 7440
f 7441 7442 7443
f 7444 7445 7446
f 7447 7448 7449
f 7450 7451 7452
f 7453 7454 7455
f 7456 7457 7458
f 7459 7460 7461
f 7462 7463 7464
f 7465 7466 7467
f 7468 7469 7470
f 7471 7472 7473
f 7474 7475 7476
f 7477 7478 7479
f 7480 7481 7482
f 7483 7484 7485
f 7486 7487 7488
f 7489 7490 7491
f 7492 7493 7494
f 7495 7496 7497
f 7498 7499 7500
f 7501 7502 7503
f 7504 7505 7506
f 7507 7508 7509
f 7510 7511 7512
f 7513 7514 7515
f 7516 7517 7518
f 7519 7520 7521
f 7522 7523 7524
f 7525 7526 7527
f 7528 7529 7530
f 7531 7532 7533
f 7534 7535 7536
f 7537 7538 7539
f 7540 7541 7542
f 7543 7544 7545
f 7546 7547 7548
f 7549 7550 7551
f 7552 7553 7554
f 7555 7556 7557
f 7558 7559 7560
f 7561 7562 7563
f 7564 7565 7566
f 7567 7568 7569
f 7570 7571 7572
f 7573 7574 7575
f 7576 7577 7578
f 7579 7580 7581
f 7582 7583 7584
f 7585 7586 7587
f 7588 7589 7590
f 7591 7592 7593
f 7594 7595 7596
f 7597 7598 7599
f 7600 7601 7602
f 7603 7604 7605
f 7606 7607 7608
f 7609 7610 7611
f 7612 7613 7614
f 7615 7616 7617
f 7618 7619 7620
f 7621 7622 7623
f 7624 7625 7626
f 7627 7628 7629
f 7630 7631 7632
f 7633 7634 7635
f 7636 7637 7638
f 7639 7640 7641
f 7642 7643 7644
f 7645 7646 7647
f 7648 7649 7650
f 7651 7652 7653
f 7654 7655 7656
f 7657 7658 7659
f 7660 7661 7662
f 7663 7664 7665
f 7666 7667 7668
f 7669 7670 7671
f 7672 7673 7674
f 7675 7676 7677
f 7678 7679 7680
f 7681 7682 7683
f 7684 7685 7686
f 7687 7688 7689
f 7690 7691 7692
f 7693 7694 7695
f 7696 7697 7698
f 7699 7700 7701
f 7702 7703 7704
f 7705 7706 7707
f 7708 7709 7710
f 7711 7712 7713
f 7714 7715 7716
f 7717 7718 7719
f 7720 7721 7722
f 7723 7724 7725
f 7726 7727 7728
f 7729 7730 7731
f 7732 7733 7734
f 7735 7736 7737
f 7738 7739 7740
f 7741 7742 7743
f 7744 7745 7746
f 7747 7748 7749
f 7750 7751 7752
f 7753 7754 7755
f 7756 7757 7758
f 7759 7760 7761
f 7762 7763 7764
f 7765 7766 7767
f 7768 7769 7770
f 7771 7772 7773
f 7774 7775 7776
f 7777 7778 7779
f 7780 7781 7782
f 7783 7784 7785
f 7786 7787 7788
f 7789 7790 7791
f 7792 7793 7794
f 7795 7796 7797
f 7798 7799 7800
f 7801 7802 7803
f 7804 7805 7806
f 7807 7808 7809
f 7810 7811 7812
f 7813 7814 7815
f 7816 7817 7818
f 7819 7820 7821
f 7822 7823 7824
f 7825 7826 7827
f 7828 7829 7830
f 7831 7832 7833
f 7834 7835 7836
f 7837 7838 7839
f 7840 7841 7842
f 7843 7844 7845
f 7846 7847 7848
f 7849 7850 7851
f 7852 7853 7854
f 7855 7856 7857
f 7858 7859 7860
f 7861 7862 7863
f 7864 7865 7866
f 7867 7868 7869
f 7870 7871 7872
f 7873 7874 7875
f 7876 7877 7878
f 7879 7880 7881
f 7882 7883 7884
f 7885 7886 7887
f 7888 7889 7890
f 7891 7892 7893
f 7894 7895 7896
f 7897 7898 7899
f 7900 7901 7902
f 7903 7904 7905
f 7906 7907 7908
f 7909 7910 7911
f 7912 7913 7914
f 7915 7916 7917
f 7918 7919 7920
f 7921 7922 7923
f 7924 7925 7926
f 7927 7928 7929
f 7930 7931 7932
f 7933 7934 7935
f 7936 7937 7938
f 7939 7940 7941
f 7942 7943 7944
f 7945 7946 7947
f 7948 7949 7950
f 7951 7952 7953
f 7954 7955 7956
f 7957 7958 7959
f 7960 7961 7962
f 7963 7964 7965
f 7966 7967 7968
f 7969 7970 7971
f 7972 7973 7974
f 7975 7976 7977
f 7978 7979 7980
f 7981 7982 7983
f 7984 7985 7986
f 7987 7988 7989
f 7990 7991 7992
f 7993 7994 7995
f 7996 7997 7998
f 7999 8000 8001
f 8002 8003 8004
f 8005 8006 8007
f 8008 8009 8010
f 8011 8012 8013
f 8014 8015 8016
f 8017 8018 8019
f 8020 8021 8022
f 8023 8024 8025
f 8026 8027 8028
f 8029 8030 8031
f 8032 8033 8034
f 8035 8036 8037
f 8038 8039 8040
f 8041 8042 8043
f 8044 8045 8046
f 8047 8048 8049
f 8050 8051 8052
f 8053 8054 8055
f 8056 8057 8058
f 8059 8060 8061
f 8062 8063 8064
f 8065 8066 8067
f 8068 8069 8070
f 8071 8072 8073
f 8074 8075 8076
f 8077 8078 8079
f 8080 8081 8082
f 8083 8084 8085
f 8086 8087 8088
f 8089 8090 8091
f 8092 8093 8094
f 8095 8096 8097
f 8098 8099 8100
f 8101 8102 8103
f 8104 8105 8106
f 8107 8108 8109
f 8110 8111 8112
f 8113 8114 8115
f 8116 8117 8118
f 8119 8120 8121
f 8122 8123 8124
f 8125 8126 8127
f 8128 8129 8130
f 8131 8132 8133
f 8134 8135 8136
f 8137 8138 8139
f 8140 8141 8142
f 8143 8144 8145
f 8146 8147 8148
f 8149 8150 8151
f 8152 8153 8154
f 8155 8156 8157
f 8158 8159 8160
f 8161 8162 8163
f 8164 8165 8166
f 8167 8168 8169
f 8170 8171 8172
f 8173 8174 8175
f 8176 8177 8178
f 8179 8180 8181
f 8182 8183 8184
f 8185 8186 8187
f 8188 8189 8190
f 8191 8192 8193
f 8194 8195 8196
f 8197 8198 8199
f 8200 8201 8202
f 8203 8204 8205
f 8206 8207 8208
f 8209 8210 8211
f 8212 8213 8214
f 8215 8216 8217
f 8218 8219 8220
f 8221 8222 8223
f 8224 8225 8226
f 8227 8228 8229
f 8230 8231 8232
f 8233 8234 8235
f 8236 8237 8238
f 8239 8240 8241
f 8242 8243 8244
f 8245 8246 8247
f 8248 8249 8250
f 8251 8252 8253
f 8254 8255 8256
f 8257 8258 8259
f 8260 8261 8262
f 8263 8264 8265
f 8266 8267 8268
f 8269 8270 8271
f 8272 8273 8274
f 8275 8276 8277
f 8278 8279 8280
f 8281 8282 8283
f 8284 8285 8286
f 8287 8288 8289
f 8290 8291 8292
f 8293 8294 8295
f 8296 8297 8298
f 8299 8300 8301
f 8302 8303 8304
f 8305 8306 8307
f 8308 8309 8310
f 8311 8312 8313
f 8314 8315 8316
f 8317 8318 8319
f 8320 8321 8322
f 8323 8324 8325
f 8326 8327 8328
f 8329 8330 8331
f 8332 8333 8334
f 8335 8336 8337
f 8338 8339 8340
f 8341 8342 8343
f 8344 8345 8346
f 8347 8348 8349
f 8350 8351 8352
f 8353 8354 8355
f 8356 8357 8358
f 8359 8360 8361
f 8362 8363 8364
f 8365 8366 8367
f 8368 8369 8370
f 8371 8372 8373
f 8374 8375 8376
f 8377 8378 8379
f 8380 8381 8382
f 8383 8384 8385
f 8386 8387 8388
f 8389 8390 8391
f 8392 8393 8394
f 8395 8396 8397
f 8398 8399 8400
f 8401 8402 8403
f 8404 8405 8406
f 8407 8408 8409
f 8410 8411 8412
f 8413 8414 8415
f 8416 8417 8418
f 8419 8420 8421
f 8422 8423 8424
f 8425 8426 8427
f 8428 8429 8430
f 8431 8432 8433
f 8434 8435 8436
f 8437 8438 8439
f 8440 8441 8442
f 8443 8444 8445
f 8446 8447 8448
f 8449 8450 8451
f 8452 8453 8454
f 8455 8456 8457
f 8458 8459 8460
f 8461 8462 8463
f 8464 8465 8466
f 8467 8468 8469
f 8470 8471 8472
f 8473 8474 8475
f 8476 8477 8478
f 8479 8480 8481
f 8482 8483 8484
f 8485 8486 8487
f 8488 8489 8490
f 8491 8492 8493
f 8494 8495 8496
f 8497 8498 8499
f 8500 8501 8502
f 8503 8504 8505
f 8506 8507 8508
f 8509 8510 8511
f 8512 8513 8514
f 8515 8516 8517
f 8518 8519 8520
f 8521 8522 8523
f 8524 8525 8526
f 8527 8528 8529
f 8530 8531 8532
f 8533 8534 8535
f 8536 8537 8538
f 8539 8540 8541
f 8542 8543 8544
f 8545 8546 8547
f 8548 8549 8550
f 8551 8552 8553
f 8554 8555 8556
f 8557 8558 8559
f 8560 8561 8562
f 8563 8564 8565
f 8566 8567 8568
f 8569 8570 8571
f 8572 8573 8574
f 8575 8576 8577
f 8578 8579 8580
f 8581 8582 8583
f 8584 8585 8586
f 8587 8588 8589
f 8590 8591 8592
f 8593 8594 8595
f 8596 8597 8598
f 8599 8600 8601
f 8602 8603 8604
f 8605 8606 8607
f 8608 8609 8610
f 8611 8612 8613
f 8614 8615 8616
f 8617 8618 8619
f 8620 8621 8622
f 8623 8624 8625
f 8626 8627 8628
f 8629 8630 8631
f 8632 8633 8634
f 8635 8636 8637
f 8638 8639 8640
f 8641 8642 8643
f 8644 8645 8646
f 8647 8648 8649
f 8650 8651 8652
f 8653 8654 8655
f 8656 8657 8658
f 8659 8660 8661
f 8662 8663 8664
f 8665 8666 8667
f 8668 8669 8670
f 8671 8672 8673
f 8674 8675 8676
f 8677 8678 8679
f 8680 8681 8682
f 8683 8684 8685
f 8686 8687 8688
f 8689 8690 8691
f 8692 8693 8694
f 8695 8696 8697
f 8698 8699 8700
f 8701 8702 8703
f 8704 8705 8706
f 8707 8708 8709
f 8710 8711 8712
f 8713 8714 8715
f 8716 8717 8718
f 8719 8720 8721
f 8722 8723 8724
f 8725 8726 8727
f 8728 8729 8730
f 8731 8732 8733
f 8734 8735 8736
f 8737 8738 8739
f 8740 8741 8742
f 8743 8744 8745
f 8746 8747 8748
f 8749 8750 8751
f 8752 8753 8754
f 8755 8756 8757
f 8758 8759 8760
f 8761 8762 8763
f 8764 8765 8766
f 8767 8768 8769
f 8770 8771 8772
f 8773 8774 8775
f 8776 8777 8778
f 8779 8780 8781
f 8782 8783 8784
f 8785 8786 8787
f 8788 8789 8790
f 8791 8792 8793
f 8794 8795 8796
f 8797 8798 8799
f 8800 8801 8802
f 8803 8804 8805
f 8806 8807 8808
f 8809 8810 8811
f 8812 8813 8814
f 8815 8816 8817
f 8818 8819 8820
f 8821 8822 8823
f 8824 8825 8826
f 8827 8828 8829
f 8830 8831 8832
f 8833 8834 8835
f 8836 8837 8838
f 8839 8840 8841
f 8842 8843 8844
f 8845 8846 8847
f 8848 8849 8850
f 8851 8852 8853
f 8854 8855 8856
f 8857 8858 8859
f 8860 8861 8862
f 8863 8864 8865
f 8866 8867 8868
f 8869 8870 8871
f 8872 8873 8874
f 8875 8876 8877
f 8878 8879 8880
f 8881 8882 8883
f 8884 8885 8886
f 8887 8888 8889
f 8890 8891 8892
f 8893 8894 8895
f 8896 8897 8898
f 8899 8900 8901
f 8902 8903 8904
f 8905 8906 8907
f 8908 8909 8910
f 8911 8912 8913
f 8914 8915 8916
f 8917 8918 8919
f 8920 8921 8922
f 8923 8924 8925
f 8926 8927 8928
f 8929 8930 8931
f 8932 8933 8934
f 8935 8936 8937
f 8938 8939 8940
f 8941 8942 8943
f 8944 8945 8946
f 8947 8948 8949
f 8950 8951 8952
f 8953 8954 8955
f 8956 8957 8958
f 8959 8960 8961
f 8962 8963 8964
f 8965 8966 8967
f 8968 8969 8970
f 8971 8972 8973
f 8974 8975 8976
f 8977 8978 8979
f 8980 8981 8982
f 8983 8984 8985
f 8986 8987 8988
f 8989 8990 8991
f 8992 8993 8994
f 8995 8996 8997
f 8998 8999 9000
f 9001 9002 9003
f 9004 9005 9006
f 9007 9008 9009
f 9010 9011 9012
f 9013 9014 9015
f 9016 9017 9018
f 9019 9020 9021
f 9022 9023 9024
f 9025 9026 9027
f 9028 9029 9030
f 9031 9032 9033
f 9034 9035 9036
f 9037 9038 9039
f 9040 9041 9042
f 9043 9044 9045
f 9046 9047 9048
f 9049 9050 9051
f 9052 9053 9054
f 9055 9056 9057
f 9058 9059 9060
f 9061 9062 9063
f 9064 9065 9066
f 9067 9068 9069
f 9070 9071 9072
f 9073 9074 9075
f 9076 9077 9078
f 9079 9080 9081
f 9082 9083 9084
f 9085 9086 9087
f 9088 9089 9090
f 9091 9092 9093
f 9094 9095 9096
f 9097 9098 9099
f 9100 9101 9102
f 9103 9104 9105
f 9106 9107 9108
f 9109 9110 9111
f 9112 9113 9114
f 9115 9116 9117
f 9118 9119 9120
f 9121 9122 9123
f 9124 9125 9126
f 9127 9128 9129
f 9130 9131 9132
f 9133 9134 9135
f 9136 9137 9138
f 9139 9140 9141
f 9142 9143 9144
f 9145 9146 9147
f 9148 9149 9150
f 9151 9152 9153
f 9154 9155 9156
f 9157 9158 9159
f 9160 9161 9162
f 9163 9164 9165
f 9166 9167 9168
f 9169 9170 9171
f 9172 9173 9174
f 9175 9176 9177
f 9178 9179 9180
f 9181 9182 9183
f 9184 9185 9186
f 9187 9188 9189
f 9190 9191 9192
f 9193 9194 9195
f 9196 9197 9198
f 9199 9200 9201
f 9202 9203 9204
f 9205 9206 9207
f 9208 9209 9210
f 9211 9212 9213
f 9214 9215 9216
f 9217 9218 9219
f 9220 9221 9222
f 9223 9224 9225
f 9226 9227 9228
f 9229 9230 9231
f 9232 9233 9234
f 9235 9236 9237
f 9238 9239 9240
f 9241 9242 9243
f 9244 9245 9246
f 9247 9248 9249
f 9250 9251 9252
f 9253 9254 9255
f 9256 9257 9258
f 9259 9260 9261
f 9262 9263 9264
f 9265 9266 9267
f 9268 9269 9270
f 9271 9272 9273
f 9274 9275 9276
f 9277 9278 9279
f 9280 9281 9282
f 9283 9284 9285
f 9286 9287 9288
f 9289 9290 9291
f 9292 9293 9294
f 9295 9296 9297
f 9298 9299 9300
f 9301 9302 9303
f 9304 9305 9306
f 9307 9308 9309
f 9310 9311 9312
f 9313 9314 9315
f 9316 9317 9318
f 9319 9320 9321
f 9322 9323 9324
f 9325 9326 9327
f 9328 9329 9330
f 9331 9332 9333
f 9334 9335 9336
f 9337 9338 9339
f 9340 9341 9342
f 9343 9344 9345
f 9346 9347 9348
f 9349 9350 9351
f 9352 9353 9354
f 9355 9356 9357
f 9358 9359 9360
f 9361 9362 9363
f 9364 9365 9366
f 9367 9368 9369
f 9370 9371 9372
f 9373 9374 9375
f 9376 9377 9378
f 9379 9380 9381
f 9382 9383 9384
f 9385 9386 9387
f 9388 9389 9390
f 9391 9392 9393
f 9394 9395 9396
f 9397 9398 9399
f 9400 9401 9402
f 9403 9404 9405
f 9406 9407 9408
f 9409 9410 9411
f 9412 9413 9414
f 9415 9416 9417
f 9418 9419 9420
f 9421 9422 9423
f 9424 9425 9426
f 9427 9428 9429
f 9430 9431 9432
f 9433 9434 9435
f 9436 9437 9438
f 9439 9440 9441
f 9442 9443 9444
f 9445 9446 9447
f 9448 9449 9450
f 9451 9452 9453
f 9454 9455 9456
f 9457 9458 9459
f 9460 9461 9462
f 9463 9464 9465
f 9466 9467 9468
f 9469 9470 9471
f 9472 9473 9474
f 9475 9476 9477
f 9478 9479 9480
f 9481 9482 9483
f 9484 9485 9486
f 9487 9488 9489
f 9490 9491 9492
f 9493 9494 9495
f 9496 9497 9498
f 9499 9500 9501
f 9502 9503 9504
f 9505 9506 9507
f 9508 9509 9510
f 9511 9512 9513
f 9514 9515 9516
f 9517 9518 9519
f 9520 9521 9522
f 9523 9524 9525
f 9526 9527 9528
f 9529 9530 9531
f 9532 9533 9534
f 9535 9536 9537
f 9538 9539 9540
f 9541 9542 9543
f 9544 9545 9546
f 9547 9548 9549
f 9550 9551 9552
f 9553 9554 9555
f 9556 9557 9558
f 9559 9560 9561
f 9562 9563 9564
f 9565 9566 9567
f 9568 9569 9570
f 9571 9572 9573
f 9574 9575 9576
f 9577 9578 9579
f 9580 9581 9582
f 9583 9584 9585
f 9586 9587 9588
f 9589 9590 9591
f 9592 9593 9594
f 9595 9596 9597
f 9598 9599 9600
f 9601 9602 9603
f 9604 9605 9606
f 9607 9608 9609
f 9610 9611 9612
f 9613 9614 9615
f 9616 9617 9618
f 9619 9620 9621
f 9622 9623 9624
f 9625 9626 9627
f 9628 9629 9630
f 9631 9632 9633
f 9634 9635 9636
f 9637 9638 9639
f 9640 9641 9642
f 9643 9644 9645
f 9646 9647 9648
f 9649 9650 9651
f 9652 9653 9654
f 9655 9656 9657
f 9658 9659 9660
f 9661 9662 9663
f 9664 9665 9666
f 9667 9668 9669
f 9670 9671 9672
f 9673 9674 9675
f 9676 9677 9678
f 9679 9680 9681
f 9682 9683 9684
f 9685 9686 9687
f 9688 9689 9690
f 9691 9692 9693
f 9694 9695 9696
f 9697 9698 9699
f 9700 9701 9702
f 9703 9704 9705
f 9706 9707 9708
f 9709 9710 9711
f 9712 9713 9714
f 9715 9716 9717
f 9718 9719 9720
f 9721 9722 9723
f 9724 9725 9726
f 9727 9728 9729
f 9730 9731 9732
f 9733 9734 9735
f 9736 9737 9738
f 9739 9740 9741
f 9742 9743 9744
f 9745 9746 9747
f 9748 9749 9750
f 9751 9752 9753
f 9754 9755 9756
f 9757 9758 9759
f 9760 9761 9762
f 9763 9764 9765
f 9766 9767 9768
f 9769 9770 9771
f 9772 9773 9774
f 9775 9776 9777
f 9778 9779 9780
f 9781 9782 9783
f 9784 9785 9786
f 9787 9788 9789
f 9790 9791 9792
f 9793 9794 9795
f 9796 9797 9798
f 9799 9800 9801
f 9802 9803 9804
f 9805 9806 9807
f 9808 9809 9810
f 9811 9812 9813
f 9814 9815 9816
f 9817 9818 9819
f 9820 9821 9822
f 9823 9824 9825
f 9826 9827 9828
f 9829 9830 9831
f 9832 9833 9834
f 9835 9836 9837
f 9838 9839 9840
f 9841 9842 9843
f 9844 9845 9846
f 9847 9848 9849
f 9850 9851 9852
f 9853 9854 9855
f 9856 9857 9858
f 9859 9860 9861
f 9862 9863 9864
f 9865 9866 9867
f 9868 9869 9870
f 9871 9872 9873
f 9874 9875 9876
f 9877 9878 9879
f 9880 9881 9882
f 9883 9884 9885
f 9886 9887 9888
f 9889 9890 9891
f 9892 9893 9894
f 9895 9896 9897
f 9898 9899 9900
f 9901 9902 9903
f 9904 9905 9906
f 9907 9908 9909
f 9910 9911 9912
f 9913 9914 9915
f 9916 9917 9918
f 9919 9920 9921
f 9922 9923 9924
f 9925 9926 9927
f 9928 9929 9930
f 9931 9932 9933
f 9934 9935 9936
f 9937 9938 9939
f 9940 9941 9942
f 9943 9944 9945
f 9946 9947 9948
f 9949 9950 9951
f 9952 9953 9954
f 9955 9956 9957
f 9958 9959 9960
f 9961 9962 9963
f 9964 9965 9966
f 9967 9968 9969
f 9970 9971 9972
f 9973 9974 9975
f 9976 9977 9978
f 9979 9980 9981
f 9982 9983 9984
f 9985 9986 9987
f 9988 9989 9990
f 9991 9992 9993
f 9994 9995 9996
f 9997 9998 9999
f 10000 10001 10002
f 10003 10004 10005
f 10006 10007 10008
f 10009 10010 10011
f 10012 10013 10014
f 10015 10016 10017
f 10018 10019 10020
f 10021 10022 10023
f 10024 10025 10026
f 10027 10028 10029
f 10030 10031 10032
f 10033 10034 10035
f 10036 10037 10038
f 10039 10040 10041
f 10042 10043 10044
f 10045 10046 10047
f 10048 10049 10050
f 10051 10052 10053
f 10054 10055 10056
f 10057 10058 10059
f 10060 10061 10062
f 10063 10064 10065
f 10066 10067 10068
f 10069 10070 10071
f 10072 10073 10074
f 10075 10076 10077
f 10078 10079 10080
f 10081 10082 10083
f 10084 10085 10086
f 10087 10088 10089
f 10090 10091 10092
f 10093 10094 10095
f 10096 10097 10098
f 10099 10100 10101
f 10102 10103 10104
f 10105 10106 10107
f 10108 10109 10110
f 10111 10112 10113
f 10114 10115 10116
f 10117 10118 10119
f 10120 10121 10122
f 10123 10124 10125
f 10126 10127 10128
f 10129 10130 10131
f 10132 10133 10134
f 10135 10136 10137
f 10138 10139 10140
f 10141 10142 10143
f 10144 10145 10146
f 10147 10148 10149
f 10150 10151 10152
f 10153 10154 10155
f 10156 10157 10158
f 10159 10160 10161
f 10162 10163 10164
f 10165 10166 10167
f 10168 10169 10170
f 10171 10172 10173
f 10174 10175 10176
f 10177 10178 10179
f 10180 10181 10182
f 10183 10184 10185
f 10186 10187 10188
f 10189 10190 10191
f 10192 10193 10194
f 10195 10196 10197
f 10198 10199 10200
f 10201 10202 10203
f 10204 10205 10206
f 10207 10208 10209
f 10210 10211 10212
f 10213 10214 10215
f 10216 10217 10218
f 10219 10220 10221
f 10222 10223 10224
f 10225 10226 10227
f 10228 10229 10230
f 10231 10232 10233
f 10234 10235 10236
f 10237 10238 10239
f 10240 10241 10242
f 10243 10244 10245
f 10246 10247 10248
f 10249 10250 10251
f 10252 10253 10254
f 10255 10256 10257
f 10258 10259 10260
f 10261 10262 10263
f 10264 10265 10266
f 10267 10268 10269
f 10270 10271 10272
f 10273 10274 10275
f 10276 10277 10278
f 10279 10280 10281
f 10282 10283 10284
f 10285 10286 10287
f 10288 10289 10290
f 10291 10292 10293
f 10294 10295 10296
f 10297 10298 10299
f 10300 10301 10302
f 10303 10304 10305
f 10306 10307 10308
f 10309 10310 10311
f 10312 10313 10314
f 10315 10316 10317
f 10318 10319 10320
f 10321 10322 10323
f 10324 10325 10326
f 10327 10328 10329
f 10330 10331 10332
f 10333 10334 10335
f 10336 10337 10338
f 10339 10340 10341
f 10342 10343 10344
f 10345 10346 10347
f 10348 10349 10350
f 10351 10352 10353
f 10354 10355 10356
f 10357 10358 10359
f 10360 10361 10362
f 10363 10364 10365
f 10366 10367 10368
f 10369 10370 10371
f 10372 10373 10374
f 10375 10376 10377
f 10378 10379 10380
f 10381 10382 10383
f 10384 10385 10386
f 10387 10388 10389
f 10390 10391 10392
f 10393 10394 10395
f 10396 10397 10398
f 10399 10400 10401
f 10402 10403 10404
f 10405 10406 10407
f 10408 10409 10410
f 10411 10412 10413
f 10414 10415 10416
f 10417 10418 10419
f 10420 10421 10422
f 10423 10424 10425
f 10426 10427 10428
f 10429 10430 10431
f 10432 10433 10434
f 10435 10436 10437
f 10438 10439 10440
f 10441 10442 10443
f 10444 10445 10446
f 10447 10448 10449
f 10450 10451 10452
f 10453 10454 10455
f 10456 10457 10458
f 10459 10460 10461
f 10462 10463 10464
f 10465 10466 10467
f 10468 10469 10470
f 10471 10472 10473
f 10474 10475 10476
f 10477 10478 10479
f 10480 10481 10482
f 10483 10484 10485
f 10486 10487 10488
f 10489 10490 10491
f 10492 10493 10494
f 10495 10496 10497
f 10498 10499 10500
f 10501 10502 10503
f 10504 10505 10506
f 10507 10508 10509
f 10510 10511 10512
f 10513 10514 10515
f 10516 10517 10518
f 10519 10520 10521
f 10522 10523 10524
f 10525 10526 10527
f 10528 10529 10530
f 10531 10532 10533
f 10534 10535 10536
f 10537 10538 10539
f 10540 10541 10542
f 10543 10544 10545
f 10546 10547 10548
f 10549 10550 10551
f 10552 10553 10554
f 10555 10556 10557
f 10558 10559 10560
f 10561 10562 10563
f 10564 10565 10566
f 10567 10568 10569
f 10570 10571 10572
f 10573 10574 10575
f 10576 10577 10578
f 10579 10580 10581
f 10582 10583 10584
f 10585 10586 10587
f 10588 10589 10590
f 10591 10592 10593
f 10594 10595 10596
f 10597 10598 10599
f 10600 10601 10602
f 10603 10604 10605
f 10606 10607 10608
f 10609 10610 10611
f 10612 10613 10614
f 10615 10616 10617
f 10618 10619 10620
f 10621 10622 10623
f 10624 10625 10626
f 10627 10628 10629
f 10630 10631 10632
f 10633 10634 10635
f 10636 10637 10638
f 10639 10640 10641
f 10642 10643 10644
f 10645 10646 10647
f 10648 10649 10650
f 10651 10652 10653
f 10654 10655 10656
f 10657 10658 10659
f 10660 10661 10662
f 10663 10664 10665
f 10666 10667 10668
f 10669 10670 10671
f 10672 10673 10674
f 10675 10676 10677
f 10678 10679 10680
f 10681 10682 10683
f 10684 10685 10686
f 10687 10688 10689
f 10690 10691 10692
f 10693 10694 10695
f 10696 10697 10698
f 10699 10700 10701
f 10702 10703 10704
f 10705 10706 10707
f 10708 10709 10710
f 10711 10712 10713
f 10714 10715 10716
f 10717 10718 10719
f 10720 10721 10722
f 10723 10724 10725
f 10726 10727 10728
f 10729 10730 10731
f 10732 10733 10734
f 10735 10736 10737
f 10738 10739 10740
f 10741 10742 10743
f 10744 10745 10746
f 10747 10748 10749
f 10750 10751 10752
f 10753 10754 10755
f 10756 10757 10758
f 10759 10760 10761
f 10762 10763 10764
f 10765 10766 10767
f 10768 10769 10770
f 10771 10772 10773
f 10774 10775 10776
f 10777 10778 10779
f 10780 10781 10782
f 10783 10784 10785
f 10786 10787 10788
f 10789 10790 10791
f 10792 10793 10794
f 10795 10796 10797
f 10798 10799 10800
f 10801 10802 10803
f 10804 10805 10806
f 10807 10808 10809
f 10810 10811 10812
f 10813 10814 10815
f 10816 10817 10818
f 10819 10820 10821
f 10822 10823 10824
f 10825 10826 10827
f 10828 10829 10830
f 10831 10832 10833
f 10834 10835 10836
f 10837 10838 10839
f 10840 10841 10842
f 10843 10844 10845
f 10846 10847 10848
f 10849 10850 10851
f 10852 10853 10854
f 10855 10856 10857
f 10858 10859 10860
f 10861 10862 10863
f 10864 10865 10866
f 10867 10868 10869
f 10870 10871 10872
f 10873 10874 10875
f 10876 10877 10878
f 10879 10880 10881
f 10882 10883 10884
f 10885 10886 10887
f 10888 10889 10890
f 10891 10892 10893
f 10894 10895 10896
f 10897 10898 10899
f 10900 10901 10902
f 10903 10904 10905
f 10906 10907 10908
f 10909 10910 10911
f 10912 10913 10914
f 10915 10916 10917
f 10918 10919 10920
f 10921 10922 10923
f 10924 10925 10926
f 10927 10928 10929
f 10930 10931 10932
f 10933 10934 10935
f 10936 10937 10938
f 10939 10940 10941
f 10942 10943 10944
f 10945 10946 10947
f 10948 10949 10950
f 10951 10952 10953
f 10954 10955 10956
f 10957 10958 10959
f 10960 10961 10962
f 10963 10964 10965
f 10966 10967 10968
f 10969 10970 10971
f 10972 10973 10974
f 10975 10976 10977
f 10978 10979 10980
f 10981 10982 10983
f 10984 10985 10986
f 10987 10988 10989
f 10990 10991 10992
f 10993 10994 10995
f 10996 10997 10998
f 10999 11000 11001
f 11002 11003 11004
f 11005 11006 11007
f 11008 11009 11010
f 11011 11012 11013
f 11014 11015 11016
f 11017 11018 11019
f 11020 11021 11022
f 11023 11024 11025
f 11026 11027 11028
f 11029 11030 11031
f 11032 11033 11034
f 11035 11036 11037
f 11038 11039 11040
f 11041 11042 11043
f 11044 11045 11046
f 11047 11048 11049
f 11050 11051 11052
f 11053 11054 11055
f 11056 11057 11058
f 11059 11060 11061
f 11062 11063 11064
f 11065 11066 11067
f 11068 11069 11070
f 11071 11072 11073
f 11074 11075 11076
f 11077 11078 11079
f 11080 11081 11082
f 11083 11084 11085
f 11086 11087 11088
f 11089 11090 11091
f 11092 11093 11094
f 11095 11096 11097
f 11098 11099 11100
f 11101 11102 11103
f 11104 11105 11106
f 11107 11108 11109
f 11110 11111 11112
f 11113 11114 11115
f 11116 11117 11118
f 11119 11120 11121
f 11122 11123 11124
f 11125 11126 11127
f 11128 11129 11130
f 11131 11132 11133
f 11134 11135 11136
f 11137 11138 11139
f 11140 11141 11142
f 11143 11144 11145
f 11146 11147 11148
f 11149 11150 11151
f 11152 11153 11154
f 11155 11156 11157
f 11158 11159 11160
f 11161 11162 11163
f 11164 11165 11166
f 11167 11168 11169
f 11170 11171 11172
f 11173 11174 11175
f 11176 11177 11178
f 11179 11180 11181
f 11182 11183 11184
f 11185 11186 11187
f 11188 11189 11190
f 11191 11192 11193
f 11194 11195 11196
f 11197 11198 11199
f 11200 11201 11202
f 11203 11204 11205
f 11206 11207 11208
f 11209 11210 11211
f 11212 11213 11214
f 11215 11216 11217
f 11218 11219 11220
f 11221 11222 11223
f 11224 11225 11226
f 11227 11228 11229
f 11230 11231 11232
f 11233 11234 11235
f 11236 11237 11238
f 11239 11240 11241
f 11242 11243 11244
f 11245 11246 11247
f 11248 11249 11250
f 11251 11252 11253
f 11254 11255 11256
f 11257 11258 11259
f 11260 11261 11262
f 11263 11264 11265
f 11266 11267 11268
f 11269 11270 11271
f 11272 11273 11274
f 11275 11276 11277
f 11278 11279 11280
f 11281 11282 11283
f 11284 11285 11286
f 11287 11288 11289
f 11290 11291 11292
f 11293 11294 11295
f 11296 11297 11298
f 11299 11300 11301
f 11302 11303 11304
f 11305 11306 11307
f 11308 11309 11310
f 11311 11312 11313
f 11314 11315 11316
f 11317 11318 11319
f 11320 11321 11322
f 11323 11324 11325
f 11326 11327 11328
f 11329 11330 11331
f 11332 11333 11334
f 11335 11336 11337
f 11338 11339 11340
f 11341 11342 11343
f 11344 11345 11346
f 11347 11348 11349
f 11350 11351 11352
f 11353 11354 11355
f 11356 11357 11358
f 11359 11360 11361
f 11362 11363 11364
f 11365 11366 11367
f 11368 11369 11370
f 11371 11372 11373
f 11374 11375 11376
f 11377 11378 11379
f 11380 11381 11382
f 11383 11384 11385
f 11386 11387 11388
f 11389 11390 11391
f 11392 11393 11394
f 11395 11396 11397
f 11398 11399 11400
f 11401 11402 11403
f 11404 11405 11406
f 11407 11408 11409
f 11410 11411 11412
f 11413 11414 11415
f 11416 11417 11418
f 11419 11420 11421
f 11422 11423 11424
f 11425 11426 11427
f 11428 11429 11430
f 11431 11432 11433
f 11434 11435 11436
f 11437 11438 11439
f 11440 11441 11442
f 11443 11444 11445
f 11446 11447 11448
f 11449 11450 11451
f 11452 11453 11454
f 11455 11456 11457
f 11458 11459 11460
f 11461 11462 11463
f 11464 11465 11466
f 11467 11468 11469
f 11470 11471 11472
f 11473 11474 11475
f 11476 11477 11478
f 11479 11480 11481
f 11482 11483 11484
f 11485 11486 11487
f 11488 11489 11490
f 11491 11492 11493
f 11494 11495 11496
f 11497 11498 11499
f 11500 11501 11502
f 11503 11504 11505
f 11506 11507 11508
f 11509 11510 11511
f 11512 11513 11514
f 11515 11516 11517
f 11518 11519 11520
f 11521 11522 11523
f 11524 11525 11526
f 11527 11528 11529
f 11530 11531 11532
f 11533 11534 11535
f 11536 11537 11538
f 11539 11540 11541
f 11542 11543 11544
f 11545 11546 11547
f 11548 11549 11550
f 11551 11552 11553
f 11554 11555 11556
f 11557 11558 11559
f 11560 11561 11562
f 11563 11564 11565
f 11566 11567 11568
f 11569 11570 11571
f 11572 11573 11574
f 11575 11576 11577
f 11578 11579 11580
f 11581 11582 11583
f 11584 11585 11586
f 11587 11588 11589
f 11590 11591 11592
f 11593 11594 11595
f 11596 11597 11598
f 11599 11600 11601
f 11602 11603 11604
f 11605 11606 11607
f 11608 11609 11610
f 11611 11612 11613
f 11614 11615 11616
f 11617 11618 11619
f 11620 11621 11622
f 11623 11624 11625
f 11626 11627 11628
f 11629 11630 11631
f 11632 11633 11634
f 11635 11636 11637
f 11638 11639 11640
f 11641 11642 11643
f 11644 11645 11646
f 11647 11648 11649
f 11650 11651 11652
f 11653 11654 11655
f 11656 11657 11658
f 11659 11660 11661
f 11662 11663 11664
f 11665 11666 11667
f 11668 11669 11670
f 11671 11672 11673
f 11674 11675 11676
f 11677 11678 11679
f 11680 11681 11682
f 11683 11684 11685
f 11686 11687 11688
f 11689 11690 11691
f 11692 11693 11694
f 11695 11696 11697
f 11698 11699 11700
f 11701 11702 11703
f 11704 11705 11706
f 11707 11708 11709
f 11710 11711 11712
f 11713 11714 11715
f 11716 11717 11718
f 11719 11720 11721
f 11722 11723 11724
f 11725 11726 11727
f 11728 11729 11730
f 11731 11732 11733
f 11734 11735 11736
f 11737 11738 11739
f 11740 11741 11742
f 11743 11744 11745
f 11746 11747 11748
f 11749 11750 11751
f 11752 11753 11754
f 11755 11756 11757
f 11758 11759 11760
f 11761 11762 11763
f 11764 11765 11766
f 11767 11768 11769
f 11770 11771 11772
f 11773 11774 11775
f 11776 11777 11778
f 11779 11780 11781
f 11782 11783 11784
f 11785 11786 11787
f 11788 11789 11790
f 11791 11792 11793
f 11794 11795 11796
f 11797 11798 11799
f 11800 11801 11802
f 11803 11804 11805
f 11806 11807 11808
f 11809 11810 11811
f 11812 11813 11814
f 11815 11816 11817
f 11818 11819 11820
f 11821 11822 11823
f 11824 11825 11826
f 11827 11828 11829
f 11830 11831 11832
f 11833 11834 11835
f 11836 11837 11838
f 11839 11840 11841
f 11842 11843 11844
f 11845 11846 11847
f 11848 11849 11850
f 11851 11852 11853
f 11854 11855 11856
f 11857 11858 11859
f 11860 11861 11862
f 11863 11864 11865
f 11866 11867 11868
f 11869 11870 11871
f 11872 11873 11874
f 11875 11876 11877
f 11878 11879 11880
f 11881 11882 11883
f 11884 11885 11886
f 11887 11888 11889
f 11890 11891 11892
f 11893 11894 11895
f 11896 11897 11898
f 11899 11900 11901
f 11902 11903 11904
f 11905 11906 11907
f 11908 11909 11910
f 11911 11912 11913
f 11914 11915 11916
f 11917 11918 11919
f 11920 11921 11922
f 11923 11924 11925
f 11926 11927 11928
f 11929 11930 11931
f 11932 11933 11934
f 11935 11936 11937
f 11938 11939 11940
f 11941 11942 11943
f 11944 11945 11946
f 11947 11948 11949
f 11950 11951 11952
f 11953 11954 11955
f 11956 11957 11958
f 11959 11960 11961
f 11962 11963 11964
f 11965 11966 11967
f 11968 11969 11970
f 11971 11972 11973
f 11974 11975 11976
f 11977 11978 11979
f 11980 11981 11982
f 11983 11984 11985
f 11986 11987 11988
f 11989 11990 11991
f 11992 11993 11994
f 11995 11996 11997
f 11998 11999 12000
f 12001 12002 12003
f 12004 12005 12006
f 12007 12008 12009
f 12010 12011 12012
f 12013 12014 12015
f 12016 12017 12018
f 12019 12020 12021
f 12022 12023 12024
f 12025 12026 12027
f 12028 12029 12030
f 12031 12032 12033
f 12034 12035 12036
f 12037 12038 12039
f 12040 12041 12042
f 12043 12044 12045
f 12046 12047 12048
f 12049 12050 12051
f 12052 12053 12054
f 12055 12056 12057
f 12058 12059 12060
f 12061 12062 12063
f 12064 12065 12066
f 12067 12068 12069
f 12070 12071 12072
f 12073 12074 12075
f 12076 12077 12078
f 12079 12080 12081
f 12082 12083 12084
f 12085 12086 12087
f 12088 12089 12090
f 12091 12092 12093
f 12094 12095 12096
f 12097 12098 12099
f 12100 12101 12102
f 12103 12104 12105
f 12106 12107 12108
f 12109 12110 12111
f 12112 12113 12114
f 12115 12116 12117
f 12118 12119 12120
f 12121 12122 12123
f 12124 12125 12126
f 12127 12128 12129
f 12130 12131 12132
f 12133 12134 12135
f 12136 12137 12138
f 12139 12140 12141
f 12142 12143 12144
f 12145 12146 12147
f 12148 12149 12150
f 12151 12152 12153
f 12154 12155 12156
f 12157 12158 12159
f 12160 12161 12162
f 12163 12164 12165
f 12166 12167 12168
f 12169 12170 12171
f 12172 12173 12174
f 12175 12176 12177
f 12178 12179 12180
f 12181 12182 12183
f 12184 12185 12186
f 12187 12188 12189
f 12190 12191 12192
f 12193 12194 12195
f 12196 12197 12198
f 12199 12200 12201
f 12202 12203 12204
f 12205 12206 12207
f 12208 12209 12210
f 12211 12212 12213
f 12214 12215 12216
f 12217 12218 12219
f 12220 12221 12222
f 12223 12224 12225
f 12226 12227 12228
f 12229 12230 12231
f 12232 12233 12234
f 12235 12236 12237
f 12238 12239 12240
f 12241 12242 12243
f 12244 12245 12246
f 12247 12248 12249
f 12250 12251 12252
f 12253 12254 12255
f 12256 12257 12258
f 12259 12260 12261
f 12262 12263 12264
f 12265 12266 12267
f 12268 12269 12270
f 12271 12272 12273
f 12274 12275 12276
f 12277 12278 12279
f 12280 12281 12282
f 12283 12284 12285
f 12286 12287 12288
f 12289 12290 12291
f 12292 12293 12294
f 12295 12296 12297
f 12298 12299 12300
f 12301 12302 12303
f 12304 12305 12306
f 12307 12308 12309
f 12310 12311 12312
f 12313 12314 12315
f 12316 12317 12318
f 12319 12320 12321
f 12322 12323 12324
f 12325 12326 12327
f 12328 12329 12330
f 12331 12332 12333
f 12334 12335 12336
f 12337 12338 12339
f 12340 12341 12342
f 12343 12344 12345
f 12346 12347 12348
f 12349 12350 12351
f 12352 12353 12354
f 12355 12356 12357
f 12358 12359 12360
f 12361 12362 12363
f 12364 12365 12366
f 12367 12368 12369
f 12370 12371 12372
f 12373 12374 12375
f 12376 12377 12378
f 12379 12380 12381
f 12382 12383 12384
f 12385 12386 12387
f 12388 12389 12390
f 12391 12392 12393
f 12394 12395 12396
f 12397 12398 12399
f 12400 12401 12402
f 12403 12404 12405
f 12406 12407 12408
f 12409 12410 12411
f 12412 12413 12414
f 12415 12416 12417
f 12418 12419 12420
f 12421 12422 12423
f 12424 12425 12426
f 12427 12428 12429
f 12430 12431 12432
f 12433 12434 12435
f 12436 12437 12438
f 12439 12440 12441
f 12442 12443 12444
f 12445 12446 12447
f 12448 12449 12450
f 12451 12452 12453
f 12454 12455 12456
f 12457 12458 12459
f 12460 12461 12462
f 12463 12464 12465
f 12466 12467 12468
f 12469 12470 12471
f 12472 12473 12474
f 12475 12476 12477
f 12478 12479 12480
f 12481 12482 12483
f 12484 12485 12486
f 12487 12488 12489
f 12490 12491 12492
f 12493 12494 12495
f 12496 12497 12498
f 12499 12500 12501
f 12502 12503 12504
f 12505 12506 12507
f 12508 12509 12510
f 12511 12512 12513
f 12514 12515 12516
f 12517 12518 12519
f 12520 12521 12522
f 12523 12524 12525
f 12526 12527 12528
f 12529 12530 12531
f 12532 12533 12534
f 12535 12536 12537
f 12538 12539 12540
f 12541 12542 12543
f 12544 12545 12546
f 12547 12548 12549
f 12550 12551 12552
f 12553 12554 12555
f 12556 12557 12558
f 12559 12560 12561
f 12562 12563 12564
f 12565 12566 12567
f 12568 12569 12570
f 12571 12572 12573
f 12574 12575 12576
f 12577 12578 12579
f 12580 12581 12582
f 12583 12584 12585
f 12586 12587 12588
f 12589 12590 12591
f 12592 12593 12594
f 12595 12596 12597
f 12598 12599 12600
f 12601 12602 12603
f 12604 12605 12606
f 12607 12608 12609
f 12610 12611 12612
f 12613 12614 12615
f 12616 12617 12618
f 12619 12620 12621
f 12622 12623 12624
f 12625 12626 12627
f 12628 12629 12630
f 12631 12632 12633
f 12634 12635 12636
f 12637 12638 12639
f 12640 12641 12642
f 12643 12644 12645
f 12646 12647 12648
f 12649 12650 12651
f 12652 12653 12654
f 12655 12656 12657
f 12658 12659 12660
f 12661 12662 12663
f 12664 12665 12666
f 12667 12668 12669
f 12670 12671 12672
f 12673 12674 12675
f 12676 12677 12678
f 12679 12680 12681
f 12682 12683 12684
f 12685 12686 12687
f 12688 12689 12690
f 12691 12692 12693
f 12694 12695 12696
f 12697 12698 12699
f 12700 12701 12702
f 12703 12704 12705
f 12706 12707 12708
f 12709 12710 12711
f 12712 12713 12714
f 12715 12716 12717
f 12718 12719 12720
f 12721 12722 12723
f 12724 12725 12726
f 12727 12728 12729
f 12730 12731 12732
f 12733 12734 12735
f 12736 12737 12738
f 12739 12740 12741
f 12742 12743 12744
f 12745 12746 12747
f 12748 12749 12750
f 12751 12752 12753
f 12754 12755 12756
f 12757 12758 12759
f 12760 12761 12762
f 12763 12764 12765
f 12766 12767 12768
f 12769 12770 12771
f 12772 12773 12774
f 12775 12776 12777
f 12778 12779 12780
f 12781 12782 12783
f 12784 12785 12786
f 12787 12788 12789
f 12790 12791 12792
f 12793 12794 12795
f 12796 12797 12798
f 12799 12800 12801
f 12802 12803 12804
f 12805 12806 12807
f 12808 12809 12810
f 12811 12812 12813
f 12814 12815 12816
f 12817 12818 12819
f 12820 12821 12822
f 12823 12824 12825
f 12826 12827 12828
f 12829 12830 12831
f 12832 12833 12834
f 12835 12836 12837
f 12838 12839 12840
f 12841 12842 12843
f 12844 12845 12846
f 12847 12848 12849
f 12850 12851 12852
f 12853 12854 12855
f 12856 12857 12858
f 12859 12860 12861
f 12862 12863 12864
f 12865 12866 12867
f 12868 12869 12870
f 12871 12872 12873
f 12874 12875 12876
f 12877 12878 12879
f 12880 12881 12882
f 12883 12884 12885
f 12886 12887 12888
f 12889 12890 12891
f 12892 12893 12894
f 12895 12896 12897
f 12898 12899 12900
f 12901 12902 12903
f 12904 12905 12906
f 12907 12908 12909
f 12910 12911 12912
f 12913 12914 12915
f 12916 12917 12918
f 12919 12920 12921
f 12922 12923 12924
f 12925 12926 12927
f 12928 12929 12930
f 12931 12932 12933
f 12934 12935 12936
f 12937 12938 12939
f 12940 12941 12942
f 12943 12944 12945
f 12946 12947 12948
f 12949 12950 12951
f 12952 12953 12954
f 12955 12956 12957
f 12958 12959 12960
f 12961 12962 12963
f 12964 12965 12966
f 12967 12968 12969
f 12970 12971 12972
f 12973 12974 12975
f 12976 12977 12978
f 12979 12980 12981
f 12982 12983 12984
f 12985 12986 12987
f 12988 12989 12990
f 12991 12992 12993
f 12994 12995 12996
f 12997 12998 12999
f 13000 13001 13002
f 13003 13004 13005
f 13006 13007 13008
f 13009 13010 13011
f 13012 13013 13014
f 13015 13016 13017
f 13018 13019 13020
f 13021 13022 13023
f 13024 13025 13026
f 13027 13028 13029
f 13030 13031 13032
f 13033 13034 13035
f 13036 13037 13038
f 13039 13040 13041
f 13042 13043 13044
f 13045 13046 13047
f 13048 13049 13050
f 13051 13052 13053
f 13054 13055 13056
f 13057 13058 13059
f 13060 13061 13062
f 13063 13064 13065
f 13066 13067 13068
f 13069 13070 13071
f 13072 13073 13074
f 13075 13076 13077
f 13078 13079 13080
f 13081 13082 13083
f 13084 13085 13086
f 13087 13088 13089
f 13090 13091 13092
f 13093 13094 13095
f 13096 13097 13098
f 13099 13100 13101
f 13102 13103 13104
f 13105 13106 13107
f 13108 13109 13110
f 13111 13112 13113
f 13114 13115 13116
f 13117 13118 13119
f 13120 13121 13122
f 13123 13124 13125
f 13126 13127 13128
f 13129 13130 13131
f 13132 13133 13134
f 13135 13136 13137
f 13138 13139 13140
f 13141 13142 13143
f 13144 13145 13146
f 13147 13148 13149
f 13150 13151 13152
f 13153 13154 13155
f 13156 13157 13158
f 13159 13160 13161
f 13162 13163 13164
f 13165 13166 13167
f 13168 13169 13170
f 13171 13172 13173
f 13174 13175 13176
f 13177 13178 13179
f 13180 13181 13182
f 13183 13184 13185
f 13186 13187 13188
f 13189 13190 13191
f 13192 13193 13194
f 13195 13196 13197
f 13198 13199 13200
f 13201 13202 13203
f 13204 13205 13206
f 13207 13208 13209
f 13210 13211 13212
f 13213 13214 13215
f 13216 13217 13218
f 13219 13220 13221
f 13222 13223 13224
f 13225 13226 13227
f 13228 13229 13230
f 13231 13232 13233
f 13234 13235 13236
f 13237 13238 13239
f 13240 13241 13242
f 13243 13244 13245
f 13246 13247 13248
f 13249 13250 13251
f 13252 13253 13254
f 13255 13256 13257
f 13258 13259 13260
f 13261 13262 13263
f 13264 13265 13266
f 13267 13268 13269
f 13270 13271 13272
f 13273 13274 13275
f 13276 13277 13278
f 13279 13280 13281
f 13282 13283 13284
f 13285 13286 13287
f 13288 13289 13290
f 13291 13292 13293
f 13294 13295 13296
f 13297 13298 13299
f 13300 13301 13302
f 13303 13304 13305
f 13306 13307 13308
f 13309 13310 13311
f 13312 13313 13314
f 13315 13316 13317
f 13318 13319 13320
f 13321 13322 13323
f 13324 13325 13326
f 13327 13328 13329
f 13330 13331 13332
f 13333 13334 13335
f 13336 13337 13338
f 13339 13340 13341
f 13342 13343 13344
f 13345 13346 13347
f 13348 13349 13350
f 13351 13352 13353
f 13354 13355 13356
f 13357 13358 13359
f 13360 13361 13362
f 13363 13364 13365
f 13366 13367 13368
f 13369 13370 13371
f 13372 13373 13374
f 13375 13376 13377
f 13378 13379 13380
f 13381 13382 13383
f 13384 13385 13386
f 13387 13388 13389
f 13390 13391 13392
f 13393 13394 13395
f 13396 13397 13398
f 13399 13400 13401
f 13402 13403 13404
f 13405 13406 13407
f 13408 13409 13410
f 13411 13412 13413
f 13414 13415 13416
f 13417 13418 13419
f 13420 13421 13422
f 13423 13424 13425
f 13426 13427 13428
f 13429 13430 13431
f 13432 13433 13434
f 13435 13436 13437
f 13438 13439 13440
f 13441 13442 13443
f 13444 13445 13446
f 13447 13448 13449
f 13450 13451 13452
f 13453 13454 13455
f 13456 13457 13458
f 13459 13460 13461
f 13462 13463 13464
f 13465 13466 13467
f 13468 13469 13470
f 13471 13472 13473
f 13474 13475 13476
f 13477 13478 13479
f 13480 13481 13482
f 13483 13484 13485
f 13486 13487 13488
f 13489 13490 13491
f 13492 13493 13494
f 13495 13496 13497
f 13498 13499 13500
f 13501 13502 13503
f 13504 13505 13506
f 13507 13508 13509
f 13510 13511 13512
f 13513 13514 13515
f 13516 13517 13518
f 13519 13520 13521
f 13522 13523 13524
f 13525 13526 13527
f 13528 13529 13530
f 13531 13532 13533
f 13534 13535 13536
f 13537 13538 13539
f 13540 13541 13542
f 13543 13544 13545
f 13546 13547 13548
f 13549 13550 13551
f 13552 13553 13554
f 13555 13556 13557
f 13558 13559 13560
f 13561 13562 13563
f 13564 13565 13566
f 13567 13568 13569
f 13570 13571 13572
f 13573 13574 13575
f 13576 13577 13578
f 13579 13580 13581
f 13582 13583 13584
f 13585 13586 13587
f 13588 13589 13590
f 13591 13592 13593
f 13594 13595 13596
f 13597 13598 13599
f 13600 13601 13602
f 13603 13604 13605
f 13606 13607 13608
f 13609 13610 13611
f 13612 13613 13614
f 13615 13616 13617
f 13618 13619 13620
f 13621 13622 13623
f 13624 13625 13626
f 13627 13628 13629
f 13630 13631 13632
f 13633 13634 13635
f 13636 13637 13638
f 13639 13640 13641
f 13642 13643 13644
f 13645 13646 13647
f 13648 13649 13650
f 13651 13652 13653
f 13654 13655 13656
f 13657 13658 13659
f 13660 13661 13662
f 13663 13664 13665
f 13666 13667 13668
f 13669 13670 13671
f 13672 13673 13674
f 13675 13676 13677
f 13678 13679 13680
f 13681 13682 13683
f 13684 13685 13686
f 13687 13688 13689
f 13690 13691 13692
f 13693 13694 13695
f 13696 13697 13698
f 13699 13700 13701
f 13702 13703 13704
f 13705 13706 13707
f 13708 13709 13710
f 13711 13712 13713
f 13714 13715 13716
f 13717 13718 13719
f 13720 13721 13722
f 13723 13724 13725
f 13726 13727 13728
f 13729 13730 13731
f 13732 13733 13734
f 13735 13736 13737
f 13738 13739 13740
f 13741 13742 13743
f 13744 13745 13746
f 13747 13748 13749
f 13750 13751 13752
f 13753 13754 13755
f 13756 13757 13758
f 13759 13760 13761
f 13762 13763 13764
f 13765 13766 13767
f 13768 13769 13770
f 13771 13772 13773
f 13774 13775 13776
f 13777 13778 13779
f 13780 13781 13782
f 13783 13784 13785
f 13786 13787 13788
f 13789 13790 13791
f 13792 13793 13794
f 13795 13796 13797
f 13798 13799 13800
f 13801 13802 13803
f 13804 13805 13806
f 13807 13808 13809
f 13810 13811 13812
f 13813 13814 13815
f 13816 13817 13818
f 13819 13820 13821
f 13822 13823 13824
f 13825 13826 13827
f 13828 13829 13830
f 13831 13832 13833
f 13834 13835 13836
f 13837 13838 13839
f 13840 13841 13842
f 13843 13844 13845
f 13846 13847 13848
f 13849 13850 13851
f 13852 13853 13854
f 13855 13856 13857
f 13858 13859 13860
f 13861 13862 13863
f 13864 13865 13866
f 13867 13868 13869
f 13870 13871 13872
f 13873 13874 13875
f 13876 13877 13878
f 13879 13880 13881
f 13882 13883 13884
f 13885 13886 13887
f 13888 13889 13890
f 13891 13892 13893
f 13894 13895 13896
f 13897 13898 13899
f 13900 13901 13902
f 13903 13904 13905
f 13906 13907 13908
f 13909 13910 13911
f 13912 13913 13914
f 13915 13916 13917
f 13918 13919 13920
f 13921 13922 13923
f 13924 13925 13926
f 13927 13928 13929
f 13930 13931 13932
f 13933 13934 13935
f 13936 13937 13938
f 13939 13940 13941
f 13942 13943 13944
f 13945 13946 13947
f 13948 13949 13950
f 13951 13952 13953
f 13954 13955 13956
f 13957 13958 13959
f 13960 13961 13962
f 13963 13964 13965
f 13966 13967 13968
f 13969 13970 13971
f 13972 13973 13974
f 13975 13976 13977
f 13978 13979 13980
f 13981 13982 13983
f 13984 13985 13986
